"draw","lambda_at_index_7","lambda_at_index_13","lambda_at_index_19","lambda_at_index_25"
1,0.429473494304309,0.409354500062356,0.409789428506008,0.409849678557792
2,0.375472432185421,0.364065587611006,0.373602664617458,0.371303954608371
3,0.428725994424439,0.39241180499476,0.3990774523328,0.397312164686702
4,0.430028307972877,0.394987082677773,0.411016700197461,0.406809540696502
5,0.372313825476685,0.356543948571971,0.364540562479468,0.362499989398752
6,0.400913072197982,0.392136419854368,0.395178046729757,0.394687452668336
7,0.21317075099564,0.184299965497385,0.193808429554785,0.192599926397014
8,0.288490055820747,0.265173882110977,0.264772002100969,0.262044271365354
9,0.207303376750896,0.200927839955769,0.201876166325271,0.201382739370847
10,0.377152688459842,0.35546708470493,0.370698032068575,0.366414824104496
11,0.393908025491591,0.371008064679401,0.38138127945555,0.377354936870531
12,0.363490193594093,0.357342323278183,0.360044081102406,0.359323284814915
13,0.38802036701878,0.360123336168742,0.364824225771739,0.362345345508769
14,0.363163244636371,0.334032899779908,0.34736453775493,0.344203427872467
15,0.378544787618594,0.378414599520327,0.395623715562766,0.39148695029181
16,0.373674799798896,0.370705711241581,0.373126878630033,0.371875542211379
17,0.392174387374341,0.385654935586425,0.392054837936822,0.386423413272082
18,0.374760604013435,0.373891243651668,0.374576764634591,0.374352254224553
19,0.251565341670261,0.241525175544617,0.245915637798058,0.244815716702934
20,0.323115600752278,0.291609633290155,0.305632207486655,0.302419964627496
21,0.376786154477272,0.376004530873237,0.383116492533725,0.378699428547486
22,0.362757107578167,0.362308973225658,0.364252217019645,0.362452382262864
23,0.34900218128222,0.315050517883717,0.330484796348071,0.327027880273971
24,0.347488374839012,0.322197290248628,0.330092873592322,0.327694228680901
25,0.382894615568796,0.38132580140322,0.382185938691531,0.381986647795692
26,0.377656004589973,0.377577714467459,0.377594190022681,0.377572995085167
27,0.3754610323923,0.374429625308715,0.37549763221375,0.375256616121763
28,0.378675819007584,0.367536774946817,0.367846590839346,0.367811886633807
29,0.377758392047727,0.371183380911671,0.378311950722236,0.372111073120917
30,0.227923510527167,0.20901208200898,0.223206549350921,0.222768325925233
31,0.376653409186599,0.365807091313571,0.369816690450314,0.369633404114471
32,0.361559274199495,0.336202770318798,0.345482248609253,0.342833254690669
33,0.266219871347329,0.236554402244221,0.247910764158762,0.25050362407769
34,0.299573185770676,0.274318801813588,0.285702278430934,0.282244480702845
35,0.399577342156069,0.39921612764674,0.399405501059666,0.399339072933488
36,0.416955163888789,0.391408151624537,0.402475758986427,0.399499722593556
37,0.376827825522514,0.376394455989479,0.376593008456768,0.376543214678847
38,0.244176493608293,0.217222173356266,0.228954863950781,0.227777897866928
39,0.286723884437199,0.260523990867415,0.271202225211739,0.267483406628284
40,0.33954228954758,0.308618569500038,0.322685960259439,0.319058658341358
41,0.374878085548816,0.372581016681992,0.373742155852511,0.373467520170201
42,0.370098933500059,0.329833375799345,0.338327642774444,0.335855749419678
43,0.366970137967277,0.352261544804118,0.358751610178434,0.357031388491892
44,0.381646116970074,0.380672951789114,0.381108680310654,0.381080601420781
45,0.383948012060965,0.354916653165737,0.366315136215021,0.363256659423982
46,0.383657014589405,0.382532153425051,0.382723480205505,0.382716793346158
47,0.376103380196264,0.375539831919406,0.376766103788337,0.376540362126613
48,0.291269784140671,0.267299802455978,0.269578497488281,0.269577964600529
49,0.379463374055899,0.377079698189513,0.382007196000129,0.380706434933513
50,0.187310371019248,0.161174411300357,0.166971040597848,0.165324176283414
51,0.283848875264542,0.263088421698229,0.273149937151814,0.269655300274743
52,0.371332330996339,0.369795760382857,0.385511314657592,0.383224541739609
53,0.153644944211454,0.137998538341315,0.138009496826335,0.137989646995376
54,0.238694025876013,0.212698562469301,0.225314754990737,0.223562204837125
55,0.256342024887309,0.239214220338194,0.248275585922949,0.247706081157904
56,0.458081624145969,0.42597805342114,0.442642259843484,0.438202527057901
57,0.362195495569483,0.357490018076823,0.358994515851634,0.358677987895426
58,0.386028346445631,0.382746997127207,0.383946524531456,0.383772820003148
59,0.34808137519859,0.345576444764679,0.347170588907731,0.345701230196765
60,0.391442322492045,0.361436884509864,0.36230936098883,0.362110287747591
61,0.365984069740255,0.333125396517832,0.349167964226892,0.347488265756663
62,0.268231212419049,0.237808776316055,0.246983095835659,0.24784899746397
63,0.27290529661184,0.243455763089986,0.254650845672385,0.251759597034602
64,0.37941713757652,0.373373037254136,0.377100204318756,0.376036032337237
65,0.433833511854748,0.40842131684974,0.422523254569002,0.418364989845216
66,0.360861742530744,0.353789181923358,0.357200196495943,0.356304617556194
67,0.412329745479348,0.408781018277942,0.408898473798437,0.407453847206015
68,0.356296295250443,0.328352478195642,0.340680970348483,0.341345467289409
69,0.340324669313058,0.328306051433957,0.332330109315832,0.331426295619833
70,0.366527373643324,0.35452809158949,0.360356730669044,0.357655284584817
71,0.381953412673478,0.380830633627761,0.381528201667751,0.37650637053683
72,0.34643048840942,0.34175874240657,0.344351175587428,0.343391417274475
73,0.297684024376041,0.279692911406797,0.280954638202283,0.281041360105473
74,0.28264295862517,0.256801339066461,0.26903522748505,0.266776581321002
75,0.37552230363133,0.3712310452087,0.372865930938892,0.371606621497377
76,0.453759721274325,0.441733215551303,0.445370679399498,0.439496428067655
77,0.397050529920032,0.383422723163869,0.396188876662336,0.394653438961642
78,0.401712308507289,0.369156135643355,0.383785215218756,0.380005175241175
79,0.366694550634593,0.35523637473831,0.361443086472449,0.359888190403607
80,0.417029701895787,0.396383190471491,0.405670868481604,0.403096801992137
81,0.299445050686633,0.299231846123684,0.299526714027404,0.299509322971882
82,0.345109340931667,0.317345738768445,0.318224305098945,0.317080395252048
83,0.462110298785584,0.429510245591559,0.443987395938506,0.443967732383457
84,0.362237070847788,0.351825922758399,0.356994879248473,0.355768335062264
85,0.265636124228833,0.241334200887582,0.253622530189705,0.250800656805721
86,0.377987508875855,0.367219143066248,0.371877217946257,0.370904787837744
87,0.377846164025938,0.355024314298668,0.371701732569086,0.367763849922183
88,0.376214720789627,0.327700154249112,0.342807887753001,0.339113504673934
89,0.372095393380787,0.352548293005328,0.363063645993539,0.359056775686215
90,0.381795624250321,0.375707879387514,0.382540679803952,0.37933681324602
91,0.363926914267079,0.361108558314734,0.361383321660211,0.361081093066427
92,0.259409917246666,0.230024489239616,0.236533663571596,0.234361303372998
93,0.362543751945448,0.352550327948226,0.356850882316987,0.356814745366629
94,0.375988117619355,0.357822027098925,0.368165908945168,0.366202140549498
95,0.32239280280737,0.3019520142265,0.305138745210514,0.305063429597947
96,0.181625874229026,0.156592760053857,0.16464377365149,0.163488527585172
97,0.212392935692437,0.1884554611391,0.199684991809201,0.198262435724846
98,0.398768735096584,0.357716700150449,0.358476169246979,0.357574715048255
99,0.116320930968908,0.0885098575842298,0.0895397082915846,0.0893596412773305
100,0.377492522762413,0.376376404546417,0.376840683803843,0.37672170707693
101,0.30338585939317,0.281429902666617,0.29948689356415,0.29748021138003
102,0.381407377654536,0.375077406226201,0.378099946232077,0.377432534374895
103,0.373123347485364,0.367561634376752,0.372595225411849,0.372104104594605
104,0.358297024693154,0.349575938772366,0.353979579381,0.352793360272024
105,0.308100142272263,0.276040839127886,0.288320691003715,0.284799765426041
106,0.495690283978575,0.456115317713293,0.474267566967996,0.471032459349256
107,0.235853048183287,0.212157341791924,0.223674324672023,0.221536139406482
108,0.293623420429185,0.269044585694321,0.278727674459566,0.277040578985216
109,0.365758648462528,0.362593853733987,0.362745731658138,0.362668355104248
110,0.272248505515632,0.242700993820366,0.244504736828109,0.2446477128902
111,0.269650035894659,0.240879484870777,0.254901117310917,0.252913124454724
112,0.358829286929446,0.353149033523862,0.356105452575696,0.353720696013373
113,0.348754277236679,0.330067769933683,0.337370070655474,0.336868569216304
114,0.266669444061767,0.236525243426367,0.239599943974018,0.23939655424095
115,0.382853852381617,0.350900345921411,0.363103327413348,0.362448474890839
116,0.366104666326288,0.351852701945589,0.353188359237977,0.353160321838946
117,0.37592287877559,0.373725078648351,0.391346406572847,0.387744289539073
118,0.373393734593713,0.3389409507332,0.354612037343359,0.3508778600343
119,0.251868975699788,0.220732214123486,0.231616805714968,0.229593371866665
120,0.395673703807795,0.386815909086134,0.389702362928835,0.385240955682324
121,0.382299110919797,0.380218037659446,0.382984153984513,0.380495226464718
122,0.379730576083663,0.37928515934462,0.379340101478405,0.371414842402629
123,0.28690376286635,0.255078389971462,0.268189011933004,0.271196009549579
124,0.336383294201224,0.310185228247179,0.32238936676973,0.319856429739555
125,0.371713953711876,0.370232601716324,0.370955910523452,0.370740955281504
126,0.379493933847507,0.375920683162807,0.394772562094529,0.390888243714151
127,0.376272997613227,0.373027256858207,0.391124815391721,0.386815054749184
128,0.337703723051937,0.309877456911242,0.325732143707637,0.322162343131597
129,0.257611151969805,0.257179007187043,0.263037469757257,0.259516516319818
130,0.355131262885715,0.337997827162925,0.343950726490331,0.339651431361745
131,0.356331922688362,0.337140649081562,0.346673564491749,0.344131024632244
132,0.259553863311884,0.22828897483501,0.22924824012465,0.228993682862201
133,0.381175843665484,0.37678756165948,0.377583349272108,0.379404214059726
134,0.175040953754026,0.155057749511591,0.162616471742159,0.160569836620882
135,0.381444318547495,0.380423419017186,0.382857261121143,0.382059674842973
136,0.377768345720681,0.376401714223546,0.377719749581007,0.377073932281696
137,0.379711238391979,0.378710250134572,0.381434430712208,0.380771215928807
138,0.367977027012241,0.360282819462355,0.362106010077054,0.362044815633499
139,0.329304539206903,0.309045023595809,0.315917849964438,0.314647809320416
140,0.26182721790774,0.261334761671758,0.262227775723218,0.261736632775358
141,0.366420052661336,0.356823645291989,0.361134904170033,0.360039442269407
142,0.346832035529957,0.324490290600242,0.332320204226176,0.330288471822021
143,0.388553965385332,0.383102336191441,0.38721870237458,0.386787953594621
144,0.35554833285977,0.344158820868068,0.347554096005307,0.346897203319557
145,0.265627003852242,0.239176014630436,0.247223489061401,0.24409759014674
146,0.382542611196866,0.381119817087391,0.381608230834895,0.381377179409704
147,0.395838179848493,0.375149392890206,0.389159883035694,0.38849704360424
148,0.252597337745866,0.222316597254277,0.232771542466289,0.230592643844188
149,0.275109487090343,0.253414695785412,0.260830255148982,0.257950363684394
150,0.249533614371128,0.218508546771437,0.229985647731019,0.228533091698674
151,0.385015063497817,0.374185896574207,0.37899362164297,0.377142916449403
152,0.277952138509509,0.250571678246943,0.259007838346106,0.258306866510238
153,0.331117800589574,0.3114796359658,0.311647197670607,0.311391154338482
154,0.377295349500615,0.376375432200702,0.376900196697118,0.376771635029726
155,0.382952301142919,0.361970218136165,0.374260056290908,0.369960938449076
156,0.352604446500252,0.343250363114086,0.348835895746174,0.347627518624032
157,0.379295873733521,0.378152663475922,0.3784637534151,0.378393646274658
158,0.383333087116944,0.380398319800173,0.38263217495643,0.382045396008007
159,0.313820747771241,0.287370327614359,0.30321269348216,0.300303191806437
160,0.410751018994961,0.400023669958835,0.404288778392871,0.403321506477862
161,0.401007692722573,0.382535783949223,0.390850424032991,0.388474433536692
162,0.195355078250838,0.169077330064951,0.179263107707097,0.178678214949145
163,0.379358758992483,0.364095369723216,0.371011567326747,0.368501357912616
164,0.401806302446728,0.397857209143539,0.402158846064961,0.400303892432647
165,0.297581186183152,0.285902678411955,0.291449140906401,0.289214138871034
166,0.354605044734644,0.341750827864402,0.351789769520743,0.34894372537506
167,0.401294984559112,0.373217712477258,0.37516804538299,0.375784495663242
168,0.380153595546797,0.373297675757564,0.375992596762785,0.376276298516761
169,0.378367597462309,0.37079124257933,0.38799077204832,0.384621937520915
170,0.36184120353751,0.345271170595952,0.358057863330111,0.35685984004309
171,0.283978072665827,0.254110270627925,0.254641330432794,0.254619294810177
172,0.253327406412782,0.241877973800013,0.242113417376318,0.241062014740443
173,0.385834516983493,0.354748609536975,0.367192014280796,0.364945665137796
174,0.319496112021425,0.289227492939727,0.302107572312087,0.297157987676415
175,0.372800019509405,0.361096355865648,0.367802981552755,0.366671903293559
176,0.378016414894333,0.370773942461716,0.387197175260707,0.383132528657115
177,0.374123798771907,0.37176347839252,0.372809460375505,0.372560668291028
178,0.322841005229971,0.306409189236706,0.306481017308006,0.307371134568113
179,0.384933139721993,0.381600009221215,0.385060756823349,0.382032239069334
180,0.375374839329786,0.374370830463587,0.374422739965651,0.375996306942422
181,0.393854209886965,0.389469164891113,0.391349385911561,0.390887656085735
182,0.373802695258973,0.364125385533589,0.375152989542124,0.370900501934115
183,0.2301805385119,0.227597589395896,0.229918165026598,0.229255995887741
184,0.33353876320375,0.298513615752467,0.313476911124127,0.310382351515205
185,0.268515389340118,0.239354281319896,0.250125676886097,0.24759973355781
186,0.130710675197985,0.128919326427215,0.128989571340658,0.128877105775541
187,0.226450083557014,0.200895041991355,0.202693819845681,0.202663233178243
188,0.406117578237873,0.387173786070275,0.394524157271894,0.389025463869272
189,0.265757505233818,0.242308034132877,0.255938274347988,0.254465419088213
190,0.372235878431295,0.371330784935533,0.371805206481669,0.371642142934556
191,0.375841390376962,0.374985803724567,0.375217292116271,0.375214671693316
192,0.296611714797924,0.277448223025887,0.290024108754177,0.2874236675603
193,0.356153812514224,0.351746800357292,0.353746162151118,0.353193288505177
194,0.377909908250179,0.377482977876304,0.377670431807866,0.37752294368275
195,0.397399343406445,0.37934360228944,0.388047010231704,0.385600745386054
196,0.371116925166273,0.357847458584633,0.36534047167275,0.363078743829101
197,0.390464922727409,0.373243639238561,0.381091696702734,0.378575406864858
198,0.235804663675237,0.205122090165125,0.210437898864329,0.210241167237917
199,0.378176109551247,0.375840370709353,0.376865303555535,0.374515287676723
200,0.208274719208044,0.189851914060824,0.19619251155581,0.194954721986544
201,0.378174226506765,0.376568689948256,0.377192732644172,0.377026160074268
202,0.379507736587177,0.37700658592726,0.3781298160392,0.377606870124222
203,0.44255349788716,0.40576466821703,0.422156126988151,0.417858061247676
204,0.376643452625281,0.334254196248964,0.349321043260319,0.345515878423764
205,0.345619322557177,0.317293521312216,0.329664739162959,0.325406129395722
206,0.381995081219719,0.381669331394399,0.381682415718319,0.376555976696078
207,0.370520546236796,0.343775872373463,0.352209992443503,0.351623268918211
208,0.260764756276204,0.235891053551801,0.246722642411806,0.245297956676284
209,0.115126249967018,0.103732214576308,0.107987253438614,0.106975723541013
210,0.378381070876806,0.367645955948791,0.386103317427683,0.382088542867616
211,0.372581445043934,0.362162096073085,0.362525029744131,0.362422993703036
212,0.377772721130215,0.376798913131745,0.377630812687116,0.377575398894121
213,0.376020312061082,0.375018964848928,0.375239023344342,0.37520907607728
214,0.156132256280172,0.144355191566204,0.146348273735639,0.146181992576102
215,0.304238130284023,0.271954085074032,0.28372360959471,0.280696167004195
216,0.139621178181001,0.10848948110521,0.109969660669003,0.109868557724086
217,0.329058766886214,0.294354967835826,0.305450478627363,0.305100147217994
218,0.357951193975055,0.337377952106605,0.346127752662422,0.344182700778872
219,0.393926147473139,0.385915013119235,0.389761264344077,0.388955075649534
220,0.34174901081152,0.326433852320649,0.33145889268553,0.328859830767066
221,0.230857499786911,0.19994168949666,0.210171424948867,0.208883588249666
222,0.188932841237455,0.167657649491174,0.17346164780916,0.173348094864225
223,0.381032139688868,0.351542710833485,0.365582424397644,0.362024534605712
224,0.323223254317117,0.291193436963215,0.294385788969836,0.291350150128283
225,0.232505175398142,0.201692498904781,0.211083754768721,0.209065733502718
226,0.224611629503444,0.215846604551632,0.219272822297274,0.218889151588347
227,0.363375681728531,0.354728210602686,0.356948197312128,0.356412611565447
228,0.364712386271892,0.363107926844831,0.370312084067189,0.366152096478683
229,0.150475211366284,0.140399858473165,0.142295045333913,0.142123216587484
230,0.382931005304063,0.35862988524433,0.368373083751421,0.36705988012419
231,0.374907098131564,0.373751291205594,0.37424772949243,0.374173394256707
232,0.339442984593102,0.319774754978898,0.324675348380431,0.32293113432717
233,0.393027351823793,0.386623004722993,0.389777045193409,0.384419243721895
234,0.305910258426511,0.273880712853662,0.287229085143112,0.284435957595122
235,0.377705425363083,0.375806882699024,0.37667299665087,0.376385513789757
236,0.185336115226579,0.155173195656915,0.161934330667669,0.16310982703393
237,0.371702701658872,0.364421912250609,0.369440076068368,0.36825410868777
238,0.39565680436118,0.387337203258907,0.391003387883733,0.389470562714182
239,0.466442911834285,0.434844833110888,0.447451022312271,0.445569550952183
240,0.353307025946414,0.339657898647925,0.340930373969749,0.340454282371743
241,0.376640646960798,0.376138683406382,0.376261296493579,0.372809755846379
242,0.406477695767642,0.372355950348985,0.381702552458433,0.381480588895874
243,0.387133142534354,0.351715248795281,0.367874650709225,0.364016125705467
244,0.324559518367763,0.292091733114931,0.299743973090695,0.298581055898034
245,0.32145913120995,0.300421277787532,0.308613736778368,0.306543843089935
246,0.437265673416636,0.400618507498455,0.417369683705362,0.41699108885174
247,0.18064665502488,0.153695294941078,0.161705501927497,0.161133860659132
248,0.323311208732952,0.289971398480005,0.304413108568558,0.30136360991343
249,0.409006857039937,0.375934094765957,0.382773066873929,0.380508389173198
250,0.24460713248901,0.227674599721213,0.233750577179039,0.231663624967531
251,0.368428106825901,0.35120411816404,0.35912926205955,0.357261819398143
252,0.391337375117046,0.388387684103828,0.389781127641783,0.389439040334451
253,0.378891487076227,0.378862475118107,0.380857720562504,0.379022038498232
254,0.333985799436242,0.306709361657946,0.317182289100207,0.316392967176447
255,0.287288529628669,0.255977078173978,0.261358009194122,0.261321893813659
256,0.233888330730268,0.20791154590898,0.214638432151635,0.214629949182028
257,0.208426452428626,0.179811276043142,0.181443529226783,0.179896818086292
258,0.373835674717991,0.373501265504543,0.374473661942198,0.374870641954882
259,0.364858145423538,0.361092747751226,0.361575151593279,0.361481578898735
260,0.38226315895629,0.380771491935872,0.38144546963981,0.381288415561598
261,0.371842215672307,0.342174957883706,0.354858035617863,0.351170831922452
262,0.378646896733477,0.377336961737201,0.380016397840138,0.379034447565357
263,0.380382434746124,0.334128671295793,0.345698949065413,0.342548894227939
264,0.20478771629889,0.176076659265654,0.185261160093609,0.184442290373256
265,0.15222079850728,0.12322732685809,0.119874527146439,0.119852551907159
266,0.32835549040597,0.319337862312886,0.323300649216711,0.320068034946882
267,0.363353944540246,0.337292144753501,0.349294815756424,0.346114275054007
268,0.417508846606642,0.381957744930965,0.398427297266944,0.394261742964093
269,0.391274756034112,0.386904168942945,0.390170936588149,0.39065409856257
270,0.365946134393076,0.33420208395009,0.350244178219958,0.346740004389768
271,0.3348643372464,0.323026409544064,0.326869683654503,0.325364393380155
272,0.345540036313278,0.339805697359256,0.346986091614986,0.342086860606448
273,0.330429358702701,0.314152987063118,0.319569057484393,0.318288170053122
274,0.382137990970294,0.363600695929901,0.371877936912244,0.36967721808844
275,0.301014520962009,0.299358324569324,0.299735341895245,0.300262088889794
276,0.198059565752026,0.176020826857337,0.184586809332235,0.182326230153596
277,0.254342947518518,0.247804875172024,0.252837082399796,0.251850219129794
278,0.22226701578584,0.218924822298158,0.219099619511215,0.217192001916521
279,0.379030586132608,0.37825998537704,0.378754427134255,0.378745872245306
280,0.352066119471209,0.340758553743945,0.351586404301258,0.351370249405706
281,0.416955606436823,0.390623097010172,0.402179439933412,0.39922181560916
282,0.358747776300036,0.335687340102447,0.345823023244266,0.343076956644331
283,0.274894536378823,0.25376548392977,0.263817631807389,0.260261836180175
284,0.429421500045827,0.405414968444463,0.416451655787638,0.413683271279419
285,0.374542368788936,0.36349995959503,0.368036685518449,0.368028345389809
286,0.377636828341729,0.367564654860043,0.367610554177115,0.362981984163092
287,0.410269972241946,0.397953931446747,0.40385120298196,0.401974086535951
288,0.46086798910539,0.44205969849786,0.449166556120849,0.443632262363164
289,0.376347934746577,0.375543646222073,0.375885536240232,0.375809997944241
290,0.404149905877385,0.394173129858651,0.398629580110014,0.397491960611006
291,0.366464272086894,0.340751236474077,0.35008632860306,0.34904860668516
292,0.397491789752432,0.392965037729277,0.404136763469811,0.402103320095262
293,0.353615091083745,0.334396451042944,0.343013732735433,0.34043691992092
294,0.264547914031458,0.241295022528772,0.251725454180246,0.249131344763436
295,0.229412028304756,0.20708387983524,0.219374697168434,0.217779529194114
296,0.255917088899479,0.229205289754817,0.240316081561681,0.237935744131473
297,0.377085087417547,0.365488736824102,0.370765896015237,0.369473505670395
298,0.386590114397666,0.382212585551234,0.387638226681865,0.380835115093235
299,0.145528144488022,0.127810107015364,0.134771186118689,0.133587676071066
300,0.162246301010937,0.13711154634011,0.140868239241992,0.140293767626165
301,0.308124966593614,0.287656892397722,0.296568695950639,0.293145504874209
302,0.201457646461178,0.178711484930838,0.181774866769193,0.18184627166645
303,0.286744151083487,0.254674058626213,0.267476082944981,0.264855766457332
304,0.485510389032625,0.445179498118988,0.46336947821931,0.458770141100257
305,0.361070941522985,0.339260245216095,0.343500327672295,0.343245505047143
306,0.353633766248125,0.344529311037907,0.345951393682937,0.34524034616318
307,0.352846591860016,0.322998318058816,0.335908348232574,0.33421584921756
308,0.341983942121565,0.308968549136574,0.324010724719523,0.320599404108909
309,0.168955675179059,0.141857379145176,0.142069184852797,0.140781217577165
310,0.364342339252518,0.331934063297962,0.347256057739162,0.343110664803181
311,0.378833511047185,0.350887772909652,0.362903492340367,0.358060275936013
312,0.372085009998773,0.367669774776383,0.376133822344853,0.372626355994587
313,0.368384971177242,0.363666902623793,0.36573470458312,0.363164116272414
314,0.379011887454122,0.368124729231252,0.377801908704643,0.374201827249059
315,0.356894165046187,0.336330026394144,0.345055958934744,0.343037840609775
316,0.316338774072715,0.297107914961532,0.309980012181054,0.307492169907668
317,0.435336409669157,0.414185328241045,0.414210328401531,0.414203869064517
318,0.403564799642632,0.392581674767437,0.397346716942103,0.394834914049579
319,0.35958721162323,0.328450087783015,0.345115418761835,0.341537492158382
320,0.135573747201701,0.103969063918672,0.104554972791482,0.104312647445354
321,0.378008715393507,0.359199769856048,0.367520260285239,0.365274687151196
322,0.198097886699937,0.185158500756304,0.185904595844831,0.185875672571634
323,0.368982125559763,0.368818845786283,0.390381584971597,0.386085027729856
324,0.24849368598298,0.219552149360152,0.231175718373278,0.229056962997915
325,0.371264936901197,0.349870426381426,0.364821175318634,0.360521533295957
326,0.361670059752068,0.359531096916751,0.362234443300076,0.357528951845762
327,0.328444903130425,0.323989487723126,0.324964000327603,0.3244381860678
328,0.380198933730287,0.362157228963709,0.374784284806228,0.371578937595651
329,0.37751774596984,0.37418288925282,0.39617165897743,0.392026583003175
330,0.373987834724705,0.370121222191863,0.372096755031438,0.371684919849987
331,0.368250620142784,0.361197099180984,0.362848755889638,0.362523341229928
332,0.373098342763791,0.37168337618118,0.371686971133891,0.37166196086573
333,0.383283689309766,0.379336828546853,0.379793048434845,0.374858267718219
334,0.404685940143428,0.372509877260566,0.390087804718716,0.386049191811193
335,0.367386017087713,0.359326068314563,0.362653689312402,0.361803879930217
336,0.203226357544167,0.178176053711953,0.188277383614777,0.18701726944605
337,0.180982784244404,0.151617590159,0.158498072828899,0.158813629353507
338,0.188800242572473,0.188468746786353,0.189148320366545,0.188879633723689
339,0.379738801713204,0.37724419483166,0.377845510005617,0.377193866009852
340,0.378252222925555,0.360542386418978,0.375798002368918,0.371514561262626
341,0.381435661488595,0.350232794690735,0.361960667286753,0.357918763118087
342,0.207953130132866,0.182171593611229,0.191921996119954,0.191173994525889
343,0.235819228945886,0.20757664034318,0.218627456395935,0.216528110215722
344,0.376234843934619,0.370304385033606,0.373088050003492,0.371905349633684
345,0.38381877955116,0.382232993453154,0.382307023668115,0.38219946058703
346,0.381707221716419,0.365071369342989,0.372328152851026,0.369097398664044
347,0.2443418533949,0.218636441519744,0.231368227334337,0.229677924010134
348,0.178687267654088,0.15371353086956,0.161618310348233,0.160376644710793
349,0.377659924858503,0.377561778230308,0.377603972632101,0.377600537121638
350,0.376922578513212,0.372408119534848,0.377339713478838,0.372488252050366
351,0.151721742152069,0.146946013313338,0.149655606780531,0.148924309175953
352,0.387057885157339,0.385131465050195,0.386946121275164,0.3874085765778
353,0.368217728956606,0.338586215814297,0.350051179949688,0.34895476532566
354,0.402681829772996,0.397177548300619,0.418223285531902,0.414109488513514
355,0.375684557638464,0.374420018706993,0.375203199302334,0.374797194088888
356,0.183771043899376,0.153495271192839,0.158405903418718,0.158278988234445
357,0.37481713633477,0.374207465864231,0.374580237223768,0.374219258537532
358,0.379833775552237,0.379059319394709,0.379334689369171,0.379316049722352
359,0.421339614029709,0.39199512117369,0.403858029886529,0.400940558875301
360,0.386051798011497,0.385669434343228,0.386537099348898,0.386311460919694
361,0.320229522384346,0.304508741240675,0.311722024636876,0.30978863751556
362,0.207696209373463,0.198289450424881,0.199844388480997,0.199214796975116
363,0.3216562259509,0.303754332424738,0.314662763009719,0.310601935019055
364,0.379142988744457,0.358297546350259,0.365004970765321,0.36349585505052
365,0.30782223487721,0.283580733598215,0.294511629069095,0.291684447337558
366,0.406893689008258,0.400485905524177,0.41154113848033,0.406839541878353
367,0.279856955080139,0.273237694257189,0.27535229735826,0.26902830331966
368,0.365766967363891,0.363991252910192,0.364517541641225,0.364465536003999
369,0.265783118185889,0.24625537809231,0.249504050510534,0.248153500871479
370,0.248126271864161,0.230655304100501,0.231086378991579,0.230768485955198
371,0.381249375808525,0.380775484889955,0.381285999547472,0.381086549484824
372,0.391011602433231,0.375660393548138,0.38367229360668,0.380979371435272
373,0.374515312010259,0.365488895973015,0.369909709949318,0.370044003419087
374,0.390826653346217,0.386072432075241,0.387985056169194,0.387529077940498
375,0.342041733730646,0.331074090767672,0.336181265497835,0.334904351251773
376,0.376399469002706,0.370795667317448,0.372932064583136,0.370830088733883
377,0.272172897813175,0.241017344139249,0.253185164570347,0.253640443121046
378,0.378805506676148,0.378207594149328,0.378925525512628,0.375195392361036
379,0.342394531793494,0.330351220374804,0.33572255538985,0.33432988577822
380,0.420381488257233,0.401953644004042,0.409471672048869,0.406504514638782
381,0.346572704874212,0.338059050158178,0.341915608317242,0.334262625343644
382,0.415184713833455,0.397848689843952,0.403953981246704,0.402575169459715
383,0.377201534404683,0.369794337953963,0.371526271078463,0.371162252244227
384,0.383659834538888,0.376882049793546,0.379103867433291,0.378538740787343
385,0.323164895878027,0.312017076611832,0.313181127300286,0.312706357623568
386,0.381058546099058,0.373215326845643,0.378646525031817,0.377665985355845
387,0.386364398214338,0.369192647900159,0.376822371120541,0.374825971253415
388,0.291184216163184,0.266769188543995,0.279110721197102,0.27631949559604
389,0.32301863168154,0.285370419106383,0.290483426179493,0.28970434966059
390,0.16991359222109,0.142584020180506,0.149260038837542,0.148626408660855
391,0.255270783870485,0.226575304100386,0.238467441989498,0.235944125576965
392,0.35183706314181,0.351449069833567,0.353350856093961,0.353149373372235
393,0.17243354764146,0.148678989122931,0.152553915480572,0.152373541564807
394,0.443531237805403,0.40765393654532,0.423741958920336,0.419562241929156
395,0.391255445749652,0.373993560037938,0.381402815880554,0.379189681826647
396,0.365209894083728,0.35806528827946,0.361136355221767,0.360362980027384
397,0.384077435135694,0.381408020121197,0.385927003994015,0.385270240529171
398,0.370438675022095,0.367707200851787,0.369548255670295,0.36912809170492
399,0.377092705976378,0.377004525112868,0.377311864270199,0.377179207113352
400,0.290597066704794,0.265453769034988,0.277256887139359,0.274459727914946
401,0.45722791167289,0.431937059757122,0.449420749960849,0.445781851195719
402,0.429176774204133,0.391746336063277,0.4090320098678,0.404889866213526
403,0.377891753374287,0.377777766171368,0.377855555364728,0.377839099309897
404,0.419762916375374,0.396696588078354,0.412787675844366,0.408186937840923
405,0.306230807726405,0.283372399940282,0.287342406491889,0.286332910762245
406,0.356524988170701,0.337833102027858,0.346386802139197,0.341007579017102
407,0.378011126896698,0.377819328587108,0.394993760109467,0.39106018938795
408,0.392770847142252,0.382298900130408,0.3900470695122,0.389243253657617
409,0.418865795495254,0.390858770313813,0.403248143820818,0.399740079242924
410,0.372258315363941,0.369570868339827,0.390359239439138,0.385849326244616
411,0.413848658009537,0.381468892853414,0.396127496462933,0.391459561465899
412,0.37727527702147,0.359941021856099,0.374554848854494,0.370255017457484
413,0.397940789064472,0.361837394322222,0.362178823103333,0.362183445528952
414,0.379624612559683,0.377399343163258,0.381277443841699,0.378211366753207
415,0.41681582760922,0.412055667631894,0.41325372400199,0.411982551232095
416,0.495120977803023,0.470932971158336,0.490804348036062,0.486387854106882
417,0.367495605527822,0.343495148618092,0.355781212172387,0.351466647413372
418,0.276490432103843,0.250038303963803,0.261531067069244,0.258824121625818
419,0.241762927023649,0.211621102873193,0.219110569696976,0.216804799870275
420,0.443824225479593,0.420745971264113,0.431033967476794,0.424479744558728
421,0.378471662785789,0.362553190442186,0.377202727064352,0.373138680464588
422,0.216613575846838,0.191163917953651,0.200632338698338,0.198304667401111
423,0.30345879266736,0.296264424599188,0.298921501150139,0.292980626818165
424,0.370282990300399,0.361669595944525,0.379780533021723,0.377168780329833
425,0.342884418960097,0.332985943844916,0.337259928054364,0.332829624672985
426,0.177835579899148,0.155189795719952,0.162811862213687,0.162750904977336
427,0.302184566350332,0.290294225466644,0.296664857487869,0.295374584424262
428,0.414310083195833,0.391034259377782,0.401616756755137,0.398878577984774
429,0.436617183164275,0.410832961639726,0.426596025133938,0.422754265306371
430,0.364542865405202,0.330575903836677,0.345586193623245,0.342119715741281
431,0.377504822793295,0.37407929598283,0.390079001014852,0.388031134452043
432,0.381487719492883,0.346036215514811,0.362298762329405,0.358476543403515
433,0.443684506136373,0.40509073702882,0.422439390959616,0.418136399255653
434,0.368602639809049,0.362548147600582,0.377537912627622,0.373162029238598
435,0.254416254174729,0.225816797422609,0.237412170071122,0.235176778268884
436,0.360477350963838,0.351409737382556,0.358080734833188,0.356485582998625
437,0.230596750668038,0.208142351357151,0.218110053117689,0.215840698543792
438,0.378399579664311,0.376452765124652,0.377227779238203,0.377210749506969
439,0.386936915884929,0.386253970934891,0.386603596219895,0.38651222242601
440,0.22421333868824,0.208404784032019,0.213769807622014,0.211842898325004
441,0.396773020651667,0.366382613266119,0.38199023212565,0.378033773313118
442,0.38003229858031,0.37394766756697,0.377973026107794,0.373498349486774
443,0.372240376023214,0.36811539232957,0.369898828606716,0.369551614640228
444,0.220561942253667,0.193870376862318,0.205028280355527,0.203590505417896
445,0.43462162489962,0.406022316875496,0.421773424145565,0.417300432541392
446,0.330944852145988,0.310764439463906,0.321569541233483,0.317761033848881
447,0.376343811953211,0.341435267212174,0.358574881198164,0.356002430797069
448,0.135341978826097,0.107213251747736,0.110725973725864,0.110976181410082
449,0.356426274553629,0.321331320878064,0.328021461449927,0.324410580586307
450,0.388053750255289,0.36052644166732,0.372971628509323,0.369592619939921
451,0.313893904462191,0.291614677143291,0.294214290732308,0.294152776570661
452,0.402417944635393,0.395040219243068,0.397522169281236,0.391110860333577
453,0.382714757982571,0.37546003991813,0.389790168418523,0.385799099071409
454,0.362455990095572,0.339345140389594,0.354784149889278,0.3505005986027
455,0.382831736966234,0.381138879070115,0.381653322623005,0.381255464881884
456,0.378392024762708,0.376009844212371,0.376982479426967,0.376796127053086
457,0.391802530581966,0.382480356060557,0.391236206569066,0.384874266646166
458,0.372836175572658,0.352643321406267,0.361579287087525,0.35906690648884
459,0.377277052605433,0.376367085924666,0.376516634903745,0.372955736896728
460,0.213637503076688,0.185492189068356,0.195869472993304,0.195706136186518
461,0.363981060142444,0.356611127533162,0.357389642113199,0.354007656694699
462,0.379851545777621,0.378197917914577,0.378370781911252,0.378310142602933
463,0.391229164994538,0.365124024562093,0.37759200975771,0.375073678548283
464,0.344165809489783,0.331262284248934,0.336418743780332,0.336295817672944
465,0.417858256670324,0.390119296582181,0.407304355803168,0.403396469828539
466,0.382630553481795,0.360986790926558,0.372630505724687,0.370749506256794
467,0.23180266532758,0.201684742713472,0.211298630843538,0.2095670413193
468,0.117696374770696,0.106683270332158,0.112697376498815,0.112321684814062
469,0.403005273195021,0.38046338440765,0.390196412325931,0.387475602875413
470,0.421445822651224,0.419969142783517,0.421184253419412,0.416497576851511
471,0.398692891136245,0.366348475704748,0.38376031632527,0.379550399074556
472,0.389353509545869,0.379143575613502,0.386916724142461,0.387592496599703
473,0.28239810308424,0.258593902222445,0.263870388757622,0.264392142756706
474,0.244252288362177,0.215244472516274,0.226166851822752,0.223928111667649
475,0.372245981398693,0.371404106264986,0.37243905619217,0.371399435748692
476,0.427220609828017,0.409512697522238,0.418430733172117,0.415458165375285
477,0.375914634734279,0.358532003763195,0.366047508125835,0.36486131012151
478,0.29687191127297,0.266399877548763,0.281267700653639,0.278769946540288
479,0.373683703061545,0.370436728698996,0.371875223471676,0.371541661580865
480,0.354058874555978,0.345999328474726,0.34921542721314,0.348935479987833
481,0.234959162527495,0.231286244889174,0.237910927312276,0.236079937394849
482,0.37707118468743,0.376975376561532,0.383404305315413,0.378743616992977
483,0.378348451631541,0.377498216407029,0.395528752442718,0.391560505851149
484,0.415122459388909,0.409260016904429,0.413491575560902,0.411397622587186
485,0.332236197703869,0.307353365483215,0.317125071102991,0.316345283956834
486,0.376358551611504,0.356574001094923,0.367254639879457,0.367018411193999
487,0.370119499034038,0.34401440045414,0.358224911073182,0.354398020932908
488,0.356840140194961,0.32879908002271,0.343542532120391,0.344696861183381
489,0.300169397187418,0.274704411402224,0.285652330347351,0.283104454721227
490,0.331635754571015,0.30819386232986,0.321708916064779,0.318185218946981
491,0.37111280043434,0.337401346327916,0.352817343370709,0.349084715155964
492,0.374593101911166,0.360642849761035,0.369687322174851,0.367732359639721
493,0.258634575400778,0.232257894107608,0.243143667308413,0.242388666917761
494,0.15616582882023,0.13373045154345,0.140567375067707,0.142424868321813
495,0.394969348249265,0.361912443007292,0.37903537614382,0.375024822672859
496,0.378010699186817,0.370764209848452,0.388811613790864,0.384684722559595
497,0.320428039021355,0.309242457567394,0.313904337383523,0.313135858969967
498,0.162009823227886,0.131231335791052,0.128156830150245,0.128100696299054
499,0.370235458067485,0.366188888322204,0.367180996874092,0.366219657906706
500,0.333163256362493,0.328930640070949,0.329131663987367,0.329102705332932
501,0.225315252315687,0.1992557231451,0.209461858402923,0.207434895339881
502,0.354071402488035,0.321389408893807,0.326603603795134,0.325021316448004
503,0.223279382448331,0.198096312906026,0.208587366887208,0.206924697236173
504,0.377465288190105,0.377116534206703,0.37736439065082,0.377311507478331
505,0.232158823849369,0.215947622297063,0.225086442017293,0.222417479229467
506,0.380514603615728,0.379949558355681,0.380886899842197,0.38054789827458
507,0.391756909848169,0.38638198404955,0.388716953540278,0.388184001732288
508,0.386093898349091,0.38052894065854,0.383536800130772,0.383595478806005
509,0.370855972150844,0.368536293203943,0.374152441539024,0.372704078342922
510,0.349322024620775,0.336943898952383,0.342605427993481,0.340997518585378
511,0.235481704672664,0.235068842501921,0.235703957163946,0.235482675063167
512,0.381205882901947,0.378050071911466,0.37975914543172,0.379348410833225
513,0.378464325224494,0.375429906299566,0.377037961475467,0.371733202048299
514,0.372798911743551,0.370231776733504,0.371311985792745,0.371058341757612
515,0.271954533800225,0.262437319018585,0.262904405267464,0.262094205629069
516,0.398409845849359,0.38396569292582,0.396532382276496,0.391551158853489
517,0.406953221276589,0.395963536425137,0.400923551128181,0.399328892432269
518,0.328484255348808,0.307247582535028,0.310709013404242,0.309950941747
519,0.370384431904001,0.369217646374283,0.370037326350819,0.369681186248886
520,0.362252348976838,0.329070046254901,0.33425930373269,0.33237634744296
521,0.382221957283396,0.346575779748807,0.362787349202692,0.358923931859142
522,0.188005650527401,0.174205890477843,0.17463300130018,0.174576693801248
523,0.210958860664276,0.189103125227855,0.193818595044758,0.191917896848434
524,0.378973330055245,0.359557481569727,0.36801017130692,0.366294437408774
525,0.372320887974941,0.341776191358769,0.352451533048151,0.349018106997051
526,0.30397740336647,0.274684020777437,0.275010087184493,0.27474461527112
527,0.166322331066037,0.140323103084983,0.14788382763268,0.14646433986566
528,0.157868162368855,0.128968361234337,0.133327126316491,0.135926876409556
529,0.372028148987518,0.369978966235549,0.37082909672348,0.370843992543758
530,0.372376025967659,0.371357421734324,0.371668229508286,0.3717465147103
531,0.368003133598898,0.366378984190146,0.367799836929173,0.36927636161208
532,0.391278067718661,0.387522560833116,0.405121562202264,0.400793611020008
533,0.364357580287904,0.362547483438728,0.362933448148634,0.36105408988214
534,0.369357297869409,0.364535225333532,0.365683981955174,0.357846337646419
535,0.378787680058659,0.376525359282091,0.377503900308709,0.377245397232614
536,0.364839168729406,0.358883295311034,0.359124964428862,0.359052787156659
537,0.346594635828128,0.333617999285352,0.339548073985278,0.337927832656345
538,0.386640203622949,0.36894240990641,0.376127931367072,0.374460790172433
539,0.308059242417443,0.275512923072336,0.286625052908276,0.284347420988015
540,0.330242989582101,0.310293896939057,0.323709402716478,0.319998963081078
541,0.378424761375731,0.37783016305369,0.378203321254131,0.378078307170671
542,0.374239253605027,0.37219254329466,0.384984125149342,0.380182689962951
543,0.409573543887264,0.390433263089838,0.397573825065025,0.392254219213362
544,0.378813002218533,0.378568268227185,0.37873800867643,0.378728245964934
545,0.205276171255374,0.182522300133615,0.191916934444589,0.189942841984234
546,0.360398795353204,0.359659242615182,0.360582963230479,0.360368604813201
547,0.377806290985935,0.377765260426856,0.400648369509541,0.396509766927299
548,0.378468167904215,0.377813483316185,0.378278980934993,0.378123051109879
549,0.377547323985361,0.375106029601819,0.392146040793053,0.387761812389004
550,0.424979444863033,0.398951694535854,0.400730646895154,0.398453112847932
551,0.382942328645185,0.381417445889055,0.381663255873684,0.381630600032481
552,0.305293332545758,0.27848643598738,0.290721054219336,0.287722198923506
553,0.408497132194609,0.3773931655974,0.389233230082822,0.386611145961418
554,0.370340227531425,0.33672266105292,0.348315454199654,0.34663333003265
555,0.442586454678202,0.414066834828523,0.42610018665229,0.422792793681907
556,0.128177707682812,0.113589237497167,0.113636928400009,0.113570948512951
557,0.341970483205618,0.324502488040199,0.331562681686753,0.329717217927565
558,0.402424860378428,0.394205924344666,0.394944466641609,0.392434374261142
559,0.386955729766639,0.382265002917218,0.38438028678507,0.383898641935826
560,0.312185681374975,0.300046446833211,0.305350200384529,0.304026166514231
561,0.383646180883037,0.380749928082512,0.382923703262195,0.378646380926661
562,0.362299451716699,0.353435223148755,0.356348130367112,0.35457595878563
563,0.311869349378114,0.295840474038793,0.302440202877157,0.300429472855262
564,0.3772081085846,0.360274938225775,0.371767817047821,0.368481232399933
565,0.383990838136346,0.352310457976303,0.367565561057127,0.363983789644971
566,0.378429532836247,0.378291160557003,0.378365691146574,0.37836307765512
567,0.313864336326403,0.288832760319468,0.289192415241687,0.289187915094035
568,0.299327867096122,0.266163605443901,0.277020990535751,0.276983395205437
569,0.378517975769584,0.375255197635157,0.376559068118831,0.376616692105179
570,0.367626343642168,0.332992724348228,0.344054815109221,0.344055080037097
571,0.276945222463455,0.260401722750791,0.261518920711323,0.260662562746824
572,0.381270888811165,0.346355704851888,0.361920103099689,0.358132513637899
573,0.380927902307181,0.361212493391188,0.37783255825317,0.374428733384139
574,0.348426681242315,0.324037173494639,0.327120545631224,0.327081993104234
575,0.399651523469754,0.37247867697463,0.384514748409045,0.380125886127307
576,0.370014691643535,0.36264709809321,0.378685386032553,0.374831880021652
577,0.412486867506306,0.39007392294828,0.401835630203643,0.398462376331052
578,0.379652911536103,0.372798071552948,0.376385021616771,0.375327003519762
579,0.378449514843334,0.377911568999087,0.377944451443409,0.377930941867906
580,0.308105949747471,0.275220967738129,0.28924694663733,0.286423479401262
581,0.377527985471951,0.377285558099289,0.383556915438735,0.378789034484707
582,0.380039568953516,0.37834495287346,0.396947868547723,0.394763829964509
583,0.413153011551568,0.389152588085809,0.406433106736907,0.402184861572552
584,0.377098449175978,0.370667641288057,0.370935702778292,0.370839495643881
585,0.326605857277884,0.302518959198835,0.31434289783345,0.314223586554536
586,0.378926965440178,0.370151381346271,0.382342300409174,0.378122423564902
587,0.40581221890841,0.38084825204634,0.395442828120585,0.390676479829
588,0.267767402845494,0.242442459484167,0.253569484092513,0.251349719920237
589,0.361999111979876,0.35668369363966,0.35895301398379,0.35859871238039
590,0.439573278370462,0.40191726987864,0.419233498008521,0.414909075192908
591,0.398209961105725,0.394440721154184,0.397309538498309,0.397201772781649
592,0.403955026275903,0.394228402058906,0.398248672589312,0.397421740003255
593,0.361960776437989,0.327170382970955,0.338992548327474,0.33551348720861
594,0.374122374860263,0.373356520931431,0.373899440858357,0.370883406902306
595,0.352853196692273,0.322855287021895,0.327770525690697,0.327815472167749
596,0.395637413201884,0.370726063868801,0.387670006427501,0.387588246829814
597,0.369934125944287,0.343194993478373,0.359863846787296,0.356476295616772
598,0.385438575780082,0.381522756190554,0.382476309587482,0.382406435670829
599,0.392950549483328,0.387651427575031,0.390246096902318,0.38771488521423
600,0.276573171948411,0.244889188049967,0.257507992445971,0.255205924649961
601,0.37828580389909,0.377190094295428,0.377707962337376,0.377560657678763
602,0.376920968374599,0.375853167175627,0.376158695795784,0.376234927369498
603,0.238362454592334,0.217718360787612,0.225890286977999,0.2236663323146
604,0.211917965584585,0.196432030897897,0.196760326663504,0.1954818830839
605,0.4041318369721,0.396873572369876,0.415240076299215,0.411282085767282
606,0.366892266442803,0.366069401101034,0.368571736350705,0.367943139848507
607,0.377708018411787,0.377395026282298,0.377444289127896,0.377234400617824
608,0.279410898062547,0.257797197573156,0.267474223215881,0.264813845958379
609,0.375787994298166,0.373792114849445,0.374811308663805,0.374657465863412
610,0.313429149186632,0.30752925879712,0.30772627698107,0.30776110925198
611,0.168226270741781,0.168178874742398,0.168203809903992,0.168193631742157
612,0.374245053763728,0.37405678938818,0.385182687154403,0.38181055976204
613,0.364611329565028,0.359471381108533,0.37066504431992,0.365759050966861
614,0.288994189705853,0.278593872641649,0.280581419023294,0.280598081862778
615,0.377833867407433,0.377381132256654,0.377537671986741,0.377484578180467
616,0.375394264192275,0.366263691312173,0.371826636250723,0.368689156332097
617,0.339198944490477,0.320843402945315,0.328503204721243,0.32831896949816
618,0.37775230271252,0.377597565035667,0.37779935132961,0.377774523095911
619,0.377241141483183,0.374857700957095,0.375248295925729,0.375098808935919
620,0.378288577495755,0.37567310973695,0.377097779374238,0.3732431308334
621,0.382441364145742,0.378601688104227,0.379511093688177,0.379498655739069
622,0.211686324282239,0.18364137093808,0.193118702891862,0.191913715176593
623,0.395169221721343,0.382665252540798,0.387567916194087,0.383207162893629
624,0.370346040290537,0.342943311077563,0.35528391320928,0.353731855783758
625,0.337246052299474,0.332165273267773,0.343243834184977,0.340540081520131
626,0.377825005878806,0.377619857928589,0.378543918061296,0.373156375529263
627,0.372589675043932,0.368222762902568,0.370129950293509,0.369704960861692
628,0.267343073129282,0.239010310798734,0.251740362586129,0.249147560862042
629,0.282909940119744,0.277208500630738,0.277491095555309,0.276797412338551
630,0.289049636162641,0.269369682540343,0.278293515336756,0.275916896004937
631,0.416664351468919,0.410039901419843,0.410307341576874,0.409959699279322
632,0.350246139064496,0.34538980380486,0.348828179101512,0.344081264745308
633,0.395616958376697,0.39508404430831,0.412565067293819,0.408105430248859
634,0.17510128515928,0.169775869088543,0.169819944409734,0.169817778006891
635,0.566471023440572,0.52618201967378,0.544127957801344,0.53879345915988
636,0.419901328667206,0.400366480095912,0.407464275560609,0.405310131095586
637,0.361145799264177,0.339904774108783,0.349403160575369,0.346987910078016
638,0.226753513339451,0.203647651083273,0.212297932722825,0.210373197792817
639,0.375435492807126,0.371285539330324,0.378441276116971,0.376696789395825
640,0.212987494274178,0.189500913048268,0.199623933007038,0.197601596924839
641,0.143664915438059,0.115100841280699,0.11901275183434,0.119202901226593
642,0.228742136338514,0.205495546647692,0.219829576761898,0.218479965077059
643,0.381646762492887,0.36922110296172,0.372787853198742,0.369369835075022
644,0.361024662058205,0.352531828858987,0.356387296989935,0.355785227560368
645,0.381170588016712,0.379632524628705,0.396941801245024,0.39286321993148
646,0.331658559194389,0.314342960185509,0.315109645369247,0.314978746551918
647,0.392822075557432,0.371072746477032,0.389679369070049,0.385491750642326
648,0.363426425846818,0.353906397255854,0.356927933602651,0.356373969347986
649,0.369331284839247,0.34222460755167,0.356502093001123,0.35320973309219
650,0.139224131326526,0.123168142635262,0.128248342675629,0.127793536240655
651,0.404076813324907,0.382669780695582,0.391707767979805,0.387326156160856
652,0.37478018156839,0.371766161073193,0.372259824781037,0.372158250679679
653,0.39818073434905,0.377035559741415,0.386608686093562,0.383987941360975
654,0.376898263762779,0.373621239217497,0.375231436482796,0.374861848005113
655,0.424094778612515,0.39296817044421,0.406144186505418,0.402774125719132
656,0.152342682898594,0.121319201127199,0.12573698723819,0.125706480387638
657,0.375429432449042,0.37308457284363,0.374040927108991,0.374216272149848
658,0.195583973207807,0.191937070713973,0.193723628775199,0.193639593283978
659,0.378212799980598,0.358702097615052,0.375324063615275,0.371366712420295
660,0.154037076001105,0.143986094324833,0.148253880885514,0.147088491800274
661,0.363704623663478,0.338783618034753,0.350315184056289,0.347150355822355
662,0.379934837223426,0.378940270971703,0.379656836952392,0.379571969503665
663,0.247141933582822,0.22127666189769,0.230863156669404,0.228446329438406
664,0.378546559743883,0.362140847405562,0.368390711603767,0.36347792654585
665,0.310888917883999,0.292833186551887,0.29328295036353,0.293173198463651
666,0.222115611786697,0.193236173021241,0.203327076374557,0.201871697987602
667,0.302679942125308,0.291329055296726,0.303517029487504,0.299830021668445
668,0.291359968175797,0.263843996838484,0.273156195128996,0.27322193894812
669,0.346131381511695,0.327640201215888,0.344585107961578,0.340806677240155
670,0.380625479484692,0.379702730745475,0.380106135217261,0.380011932524479
671,0.276736425545616,0.252632644003859,0.254206353762604,0.253956471998662
672,0.372230799322485,0.324090080346045,0.339582775967809,0.336103468060639
673,0.359183217257831,0.339827866704025,0.355266462222773,0.353268817385992
674,0.378934180348254,0.378629407727367,0.378956325000626,0.37885336380138
675,0.422420839027976,0.403069593308731,0.417931857477528,0.415355659447842
676,0.270824992284007,0.246956874182136,0.256434768947159,0.255582632532339
677,0.383027898935567,0.381201111292603,0.381793581526234,0.376561994936979
678,0.36922136591287,0.341042476188487,0.356262574133093,0.352123992462924
679,0.335494847908455,0.333686408299526,0.334154885390625,0.333774725251353
680,0.376215510031957,0.374173071910808,0.375371452379483,0.375232155525394
681,0.354237651810118,0.323697738676816,0.337624631625096,0.334132646528123
682,0.424728398930582,0.405763516488188,0.414276415217397,0.411974868928235
683,0.387646487813945,0.375335286471911,0.380442229158691,0.377854167237611
684,0.388061285256133,0.386447903500074,0.386720310693076,0.382472378264095
685,0.345164419026217,0.327772306097317,0.335637428996498,0.335961318756505
686,0.402530515494251,0.375481686967409,0.388122191200097,0.384655138221446
687,0.277541421113706,0.25659483650724,0.266020684978541,0.263355575998375
688,0.381363308718617,0.380424467022633,0.381197393468364,0.380408052451985
689,0.267799479440773,0.246860705045364,0.253333094959851,0.251625841560955
690,0.369438485061476,0.36524665201953,0.367215433313782,0.366506900089924
691,0.346388213920017,0.341206005484566,0.341913877394049,0.341621429491736
692,0.399566188167781,0.36984575879606,0.374973528687348,0.375025119669822
693,0.258313511100459,0.233215664822538,0.245781383948936,0.24281244263571
694,0.442955731653924,0.408804700256475,0.424694110515655,0.423124535811077
695,0.371706381012043,0.370610445899813,0.371213775054159,0.371201529995094
696,0.374876949181093,0.359173416081595,0.366166097704921,0.36429973101317
697,0.367770628204925,0.364886525306605,0.379013266647129,0.378481719393471
698,0.362935737231475,0.331055728183874,0.345575999644326,0.342019855375303
699,0.359280486877851,0.354100291570633,0.35697683541055,0.35656809584025
700,0.402967748037056,0.381504493974216,0.391136142280522,0.388413551014879
701,0.377092973301845,0.351770237231032,0.362839658368616,0.3594662096373
702,0.358492473751329,0.351699822670777,0.358586637784484,0.353827718322309
703,0.383372532341127,0.371647966524835,0.377776188162388,0.376230487195459
704,0.379840210894375,0.358386883706202,0.367464936518682,0.365752739590758
705,0.168794163902399,0.168618958005369,0.168705263573557,0.168697189284059
706,0.377849888913828,0.366204542677348,0.370057448945912,0.369400407460844
707,0.387264460146604,0.366635988562964,0.375738784951859,0.373167874076646
708,0.37164351990417,0.368495476698009,0.369267694250639,0.369073107641134
709,0.426424313197194,0.392384576819839,0.407773771697008,0.40420379130511
710,0.37747195125634,0.377223644579371,0.378368353607506,0.378059377151234
711,0.374027456293288,0.373105435934961,0.381620053552434,0.376555004014397
712,0.390284587058761,0.38718622663668,0.389835217808014,0.388695163979674
713,0.337594363043469,0.303677660609517,0.307463030713756,0.307559664552313
714,0.325786299199546,0.30942957417441,0.325444883395657,0.322446595036741
715,0.380488268888444,0.377357805832475,0.378760993209027,0.378421296616919
716,0.450148708459968,0.420004629417697,0.433620514808563,0.430542944794509
717,0.412269291282947,0.379832077481831,0.396547624926542,0.391958126399686
718,0.14476510433479,0.14072050612368,0.141507765724377,0.14121369761247
719,0.374511075087031,0.372007723510072,0.37354330932745,0.37342208436749
720,0.38194233166296,0.379201064248896,0.380269269364734,0.380342879559986
721,0.37425133069084,0.369806429338751,0.37146953727511,0.371391844764459
722,0.411389264816486,0.389162377132203,0.407471010459281,0.405635057755885
723,0.401913815966197,0.379453120412376,0.399074882458037,0.396303192051741
724,0.431956414586376,0.428173647040626,0.429813682817888,0.429106756720872
725,0.381677312801927,0.37497252741989,0.377464235597253,0.37687312152302
726,0.360258028183432,0.344605939730654,0.352182517757368,0.347812514162725
727,0.385603768216468,0.382211770976955,0.383786702470926,0.383499074350597
728,0.381686675840647,0.379176390637903,0.379688185318759,0.379725380469281
729,0.377990582443546,0.374710089777098,0.375083931500544,0.375002069533605
730,0.377890788748321,0.377308961575489,0.377446804016225,0.377386900849638
731,0.276310105505346,0.261318184527596,0.266730027200279,0.26537868416373
732,0.414154154028292,0.380244999960453,0.395697051050014,0.391672632433396
733,0.18167820157222,0.152654487786052,0.159640040452038,0.159124979569457
734,0.347354725975694,0.346235500996976,0.358420901146038,0.356828531690964
735,0.139711945364962,0.116172104332793,0.121527283809946,0.120226936311049
736,0.383901379340876,0.381372897264796,0.382818409670231,0.38248190189028
737,0.342234668324778,0.308410405139364,0.32309159199932,0.31968955246604
738,0.347760267574209,0.334968325969841,0.338201029267114,0.331026623976589
739,0.363228863889064,0.35884155976906,0.360449053004257,0.358539043911743
740,0.379065630413915,0.345319731540918,0.357143847164531,0.357785783069332
741,0.193594742778351,0.165944919218159,0.172862974445554,0.171188732384252
742,0.225024096689833,0.215194173124199,0.21962836717904,0.218953451581333
743,0.344177967416005,0.319087550314693,0.330072048631441,0.328616035798684
744,0.412988451613036,0.380009193718985,0.391546892379963,0.387163207975822
745,0.325826274231197,0.292549375223099,0.307302489542693,0.30418399371984
746,0.397922415445122,0.392916487492286,0.401166781862945,0.396673819124281
747,0.378318182622315,0.37429558666672,0.375884732064739,0.375541104723044
748,0.25770302308813,0.232683395531755,0.243811554799781,0.241180576401326
749,0.40513300642823,0.368412298502102,0.379503184146908,0.379463560519722
750,0.404779228103072,0.390654135282594,0.395650254274297,0.394165586411283
751,0.273559681456388,0.263272678501864,0.264149568702956,0.264150536651598
752,0.215734295002477,0.188669050296216,0.198397924395656,0.196805353258421
753,0.645150486019895,0.603096568366643,0.623269039797716,0.617802942544253
754,0.334180066351517,0.301048375014818,0.315656195910912,0.312370949430967
755,0.496458808047419,0.458110556085243,0.473969673749701,0.469264913808551
756,0.330307039185893,0.302882859502786,0.303148841123726,0.303139108248689
757,0.382296680560534,0.38139176015113,0.395725768857939,0.392568054030682
758,0.398698285494344,0.379967509264313,0.396119098240682,0.391563512571787
759,0.37795530216621,0.376153430911822,0.380818546997257,0.379624797620578
760,0.377797794260798,0.377689599968354,0.385262316720504,0.383010961019023
761,0.388020886846384,0.360127926035558,0.375057025872158,0.371425129268914
762,0.374619723237844,0.370514274816037,0.375301323003981,0.373780983601566
763,0.378040247844155,0.37042136103038,0.38558887205678,0.383799611678546
764,0.421461615641569,0.390534657617451,0.401269827360151,0.397999403155474
765,0.372918407886306,0.326260930480422,0.339912225993862,0.336650495661232
766,0.372105224744505,0.365068799132713,0.368240157426205,0.367969034836959
767,0.373253221175584,0.372683009369695,0.373490300181633,0.372998923363502
768,0.378639453484339,0.377896043708447,0.378140157337667,0.378059183323558
769,0.482214458134649,0.443646908818509,0.455082946019898,0.454311665561219
770,0.377770163367777,0.366093895906463,0.373292617668939,0.369706796442232
771,0.288224919007603,0.260884241642105,0.273105851297779,0.269657042748642
772,0.366366075957779,0.352151820946251,0.358813609232548,0.357299889818166
773,0.379693740192257,0.361794611382297,0.36850873735205,0.367502793074883
774,0.389667480999603,0.381903408409169,0.38478992733795,0.384378798792007
775,0.35680756827604,0.331442605245832,0.344175678166218,0.340779816181289
776,0.399314046766784,0.386813458990513,0.387764308925589,0.386826571177087
777,0.415134469307876,0.380363198988837,0.395840363554027,0.391963707752525
778,0.374352079976414,0.368613211134299,0.371600373617357,0.370255221263534
779,0.375595201298281,0.360760847416617,0.363944062750738,0.36299514889109
780,0.370546397398378,0.363391514788241,0.366735098086544,0.365897829746166
781,0.306152809694038,0.282400528736474,0.293479484189225,0.290692962679657
782,0.390388978875457,0.38920373878828,0.389895827544954,0.388039379387216
783,0.378243342151595,0.34888098861824,0.366802939378087,0.367378288045926
784,0.43679147208838,0.401310047674104,0.416765022088342,0.413570990630842
785,0.259230519975888,0.234583787389077,0.245066580139187,0.242586907780008
786,0.405931103320131,0.389578390375051,0.396914382918357,0.394972546666288
787,0.383819867802449,0.38329858174361,0.383879745435154,0.3835627869514
788,0.42759398760146,0.396822187630929,0.406543073880233,0.402842498389564
789,0.353580468506475,0.319390498801407,0.335013000195436,0.331388362557814
790,0.439375462288083,0.423188648198133,0.429406367047889,0.426783982809039
791,0.259948444832398,0.23123769750563,0.23789823269957,0.237841380810548
792,0.508245459965858,0.470063447733846,0.487882576810495,0.483395994602583
793,0.402231978891742,0.392756302776093,0.396906216049879,0.395709210634676
794,0.33655458443073,0.313523962926484,0.322965204059189,0.321105896057578
795,0.474645254449316,0.452728305353963,0.45890841377336,0.4537658388769
796,0.381211770277005,0.378592237022102,0.380339558257723,0.379886527106407
797,0.318592401704795,0.285322736535006,0.295440452570055,0.291561598699141
798,0.314584259769028,0.28298854115894,0.297954513744899,0.297770382235373
799,0.304938654978265,0.279174907086106,0.289945796333434,0.287084970023954
800,0.267520563177411,0.237735501920173,0.249963643085935,0.247598296621431
801,0.250143093438631,0.222984898055193,0.234295546473664,0.231980571031553
802,0.151528376260109,0.119229668736126,0.122004046317843,0.123150351514328
803,0.313477019162856,0.296820068848115,0.30422384906956,0.303339891878888
804,0.300309126123608,0.280834873426238,0.288876250533229,0.287206209448309
805,0.366335858852536,0.358443771921505,0.360933691994711,0.360606146916858
806,0.376172557899933,0.369726029562943,0.372404240649108,0.374414599081068
807,0.330477134129423,0.311234498449152,0.320058568318235,0.317668737400544
808,0.179433217159354,0.151062762906109,0.154048547353875,0.153975805488196
809,0.301746904486148,0.27049568232462,0.284133544203613,0.281197176724744
810,0.323743011806476,0.29688241239568,0.309721894685276,0.309479773604363
811,0.162000122269138,0.132181475502359,0.13672986567148,0.135976191698378
812,0.562384141554765,0.535023197506727,0.545568578865858,0.541685032462183
813,0.199183482574668,0.170201899768246,0.178111810238411,0.176797395526308
814,0.327533330232463,0.314012282922029,0.318071797712161,0.315058540663817
815,0.30201375976035,0.272488833891551,0.286231207452563,0.286487217380262
816,0.355447133431784,0.349020733120351,0.354413633353276,0.353402384013748
817,0.243713638598984,0.213563728575607,0.224893184486515,0.227895475983407
818,0.383815293420165,0.361949162459579,0.371866975149441,0.369179809812359
819,0.387464298098433,0.38400561513529,0.402479522925126,0.398987067694576
820,0.273761728805729,0.271705870013377,0.272870750506693,0.272929202581641
821,0.353168841758162,0.346811493520746,0.347365814889914,0.346996511151828
822,0.437800128354116,0.400676851032693,0.417330939570624,0.412806217787646
823,0.376401313268907,0.368249949328315,0.369060286750701,0.369025770666289
824,0.390312478635996,0.382374526749794,0.385367485460218,0.38458110766676
825,0.373203436442795,0.37296427942,0.373094812439226,0.372939713667944
826,0.373335168478151,0.340149315496301,0.354566756989911,0.350795735240941
827,0.11974391198284,0.0892545500144981,0.0899359436049744,0.0904117151583599
828,0.39885154282876,0.392677437368144,0.395585942919691,0.39491850454612
829,0.380094097548869,0.372614970850156,0.379122071014822,0.376810107999591
830,0.346422038582121,0.315139026774958,0.328140978735338,0.325340033251891
831,0.383021876557621,0.380334397530264,0.381232788379856,0.381197538580705
832,0.384116709325053,0.370634518918179,0.385486692117353,0.381853031564991
833,0.352362181879758,0.323824799749023,0.335971322505676,0.33285352742829
834,0.378081161429661,0.332585126995056,0.347555889148322,0.345891125355015
835,0.378137566319134,0.375876534799756,0.377080936002746,0.377039346963534
836,0.370766035608749,0.367308393595716,0.369062506006834,0.368857853418329
837,0.366312880105188,0.363129000913373,0.36581359168527,0.365254656789707
838,0.377939380603519,0.377864676748844,0.40073888579828,0.396584934701504
839,0.328610427901612,0.304721534617972,0.312806446262149,0.310344920700113
840,0.371510680966404,0.336032672927732,0.351742355070313,0.34798977679391
841,0.372613132339371,0.359932452276429,0.368187732164184,0.363153966132995
842,0.355935252547059,0.350391045626629,0.354935891130275,0.353184663947935
843,0.38966503423848,0.371532141611902,0.379981484261197,0.378247417231992
844,0.387309817809676,0.382043281089523,0.399018342947598,0.394844105470255
845,0.352633928122595,0.343640419161678,0.347631200213248,0.346653547287747
846,0.347584311761458,0.317304053213277,0.331154003550883,0.327719160968385
847,0.361473901658148,0.351668357033159,0.356224203267955,0.355207769096077
848,0.402641775022288,0.39847417155959,0.399901699938344,0.399801301073505
849,0.37798299887629,0.377945352516669,0.378031294002636,0.378011234855067
850,0.376958130162011,0.356860312366518,0.36338709241693,0.360314527546038
851,0.40195143203528,0.397462474941086,0.399579534548726,0.399242486285737
852,0.402723634230732,0.380812209363047,0.390821743239218,0.388078786567703
853,0.373456789138222,0.361219469989043,0.361504894741683,0.357286663929657
854,0.377744956766556,0.373574426862153,0.37632944396964,0.373571446014324
855,0.377352969960474,0.376287351796646,0.376866619976971,0.376851645361312
856,0.320697648872515,0.301542226250118,0.310059319190786,0.307574079064483
857,0.363715544831119,0.360967426400376,0.362558763991211,0.361801546220939
858,0.301408893800943,0.270855273860744,0.277499448280266,0.275749747172045
859,0.253993637792564,0.232101520298077,0.233525221367887,0.233512848461692
860,0.515524664415437,0.498226495744265,0.504987130345237,0.503585708091904
861,0.416327176337267,0.379160677004762,0.395340215485776,0.395139995639346
862,0.207365653315493,0.204108799182927,0.212029435618108,0.211450873779773
863,0.235861744487544,0.206532318758863,0.217578710086887,0.220560249286624
864,0.396400976280663,0.394940933113796,0.41760004630405,0.41460168385443
865,0.404067981630009,0.387252951489998,0.394626870403825,0.391809627182606
866,0.320986218123481,0.301595142363102,0.308123238413102,0.305734999982079
867,0.397648044400663,0.389286469834984,0.393510742828145,0.392089537708328
868,0.235258484285994,0.209095675512778,0.22068132015137,0.21893765632086
869,0.363016420439217,0.349093709403076,0.35452352863508,0.353558278680043
870,0.406620927824537,0.379699060085706,0.392834690153596,0.388613656954789
871,0.611748335533703,0.572646223896184,0.59139436336045,0.586402711973897
872,0.358341377284745,0.35007254517543,0.366698637458854,0.362931967095951
873,0.217870331371937,0.206967113060503,0.21301511354436,0.210813059917029
874,0.234913386938827,0.2094197846127,0.217893932516602,0.215519348782714
875,0.366869064763658,0.362957403570115,0.36658810553956,0.364852505656149
876,0.384153755257467,0.359612072383716,0.372694408741839,0.368731549920338
877,0.257068766568611,0.249750956128256,0.251038842201503,0.250590184892125
878,0.124448578230104,0.0922344578255866,0.0922892891938053,0.0925701826687919
879,0.392678882026247,0.378364518607381,0.383816489708917,0.382215515307797
880,0.165695165420442,0.15642807962048,0.160736857058531,0.159373767263646
881,0.238374743373098,0.214216382392904,0.224596577239793,0.222275333703382
882,0.392401725493693,0.387334557960946,0.390327955153951,0.387572151098147
883,0.378186520430687,0.375740634732509,0.392881926809373,0.390623046818836
884,0.336595193636359,0.30849332440222,0.32126642900123,0.318083655457423
885,0.39955633387104,0.365756607188226,0.382792675855161,0.378718392689259
886,0.377579816385673,0.377470973106862,0.377755649174438,0.377669626967863
887,0.336985942567954,0.302905811043251,0.317444510109338,0.31419115822083
888,0.36213294162246,0.352050134068578,0.354311898209024,0.353996450327604
889,0.228244820852129,0.208207259847052,0.21803319099747,0.217050260835804
890,0.243915347903371,0.216509778276614,0.22854242133708,0.227033232042261
891,0.391096367285343,0.382534048995716,0.393911257508457,0.389602844782002
892,0.218617060405093,0.206500045204364,0.20668958310862,0.206429546232796
893,0.352376418976431,0.328546296446112,0.336582889349067,0.339132728341063
894,0.366901353997178,0.362059594844878,0.364139121994407,0.363708661202295
895,0.377380159807269,0.37312486410621,0.375974253876967,0.375292021383655
896,0.409632433231962,0.395589721143411,0.403520673786366,0.401546191616395
897,0.375359724867994,0.374527154006128,0.381206230130707,0.37698926706711
898,0.338536070914067,0.317097598954143,0.326952218811676,0.324170480753432
899,0.186383446818605,0.184291277580673,0.185340886471983,0.185444193510548
900,0.358420027065518,0.348427989204086,0.352817103121963,0.351691411994684
901,0.364668934201461,0.332373359416857,0.347131983588215,0.343161682670262
902,0.435343797609696,0.422780828391768,0.423790717149774,0.42352188196313
903,0.399275790952841,0.388227551584277,0.398747852142725,0.394160768382586
904,0.320398019392638,0.282706383271918,0.296709202155913,0.294524895528933
905,0.388720374172872,0.374513171571976,0.380369480989702,0.378904229350175
906,0.380194859177893,0.379257072040631,0.379938083481987,0.379753907233691
907,0.196931367392867,0.174402685803983,0.184284089570211,0.182841516468626
908,0.38486895815419,0.367387198991171,0.382973919600601,0.378711920123808
909,0.366106946744397,0.360690631917634,0.365175433098651,0.361643838381542
910,0.385840589275062,0.374717987329603,0.385628430727953,0.382310045916759
911,0.244855537605096,0.217915471825392,0.228940618334315,0.226428796715472
912,0.378253022036537,0.374526373862747,0.376756336059009,0.375681034740604
913,0.378308684279246,0.346283416147027,0.359499055434778,0.356417500980335
914,0.377250606706504,0.373009190659068,0.377101360142479,0.376136207114683
915,0.370948122709173,0.368613695861527,0.37083865768868,0.364912406847334
916,0.185098512688982,0.158741483549245,0.167922409796986,0.167575748883109
917,0.37607235648047,0.375866540008542,0.383432610797253,0.378465494085106
918,0.3709526314762,0.357214557465366,0.372310784743236,0.367826982819312
919,0.380696675634964,0.366159414452119,0.382213037566808,0.378845314894438
920,0.380163971519518,0.378660106622468,0.379499183853666,0.379747858067274
921,0.453571137435323,0.415904682600098,0.433053417268691,0.428513197865917
922,0.381886905857854,0.362411062005829,0.379648029569526,0.37600961979851
923,0.191397053158012,0.164740610916978,0.171019654012288,0.169168061368887
924,0.326352904103968,0.292741120889855,0.305324728395438,0.30381528035036
925,0.413327806000623,0.380455084184902,0.396186975836884,0.391742030592467
926,0.356140991353504,0.341233746423546,0.34786528976849,0.346094670287604
927,0.13601985984405,0.127443882038333,0.129994438235803,0.129403433223883
928,0.365536525226787,0.364636836870592,0.365123307170919,0.364933064860663
929,0.28376943179908,0.277828391745018,0.278313284127633,0.277249062625676
930,0.42101800229732,0.388338485304611,0.393959801269812,0.392103953061529
931,0.450364687668112,0.436132277241491,0.454043909866522,0.449577815241553
932,0.634922216339774,0.600190171702373,0.612809997753296,0.609693754106119
933,0.367494327898423,0.360067990903688,0.374847338447688,0.37056696598098
934,0.389017817038437,0.3810739998875,0.398569885057844,0.394720284598017
935,0.377770859289237,0.33646571893196,0.351138956381802,0.346743300864311
936,0.413229710565213,0.381515693668998,0.396870271095778,0.392389911866684
937,0.347550481020751,0.319211011002499,0.330889078733048,0.327751827517048
938,0.376551654667731,0.370541700540569,0.374182434455883,0.373305303210986
939,0.272914541556874,0.243625960109871,0.25552784740744,0.253145105162737
940,0.355553522457955,0.339157918816187,0.348531110207294,0.34605492459077
941,0.382688799464933,0.347145134773447,0.363428759116555,0.36606571373626
942,0.378027551676243,0.377956009312231,0.37841042445131,0.378279979305633
943,0.398140181100907,0.361863488568013,0.378087633583134,0.374050641394794
944,0.314889574924105,0.308228584409181,0.31019540273271,0.310146090411039
945,0.388171363957347,0.383408231883248,0.385697908851038,0.385129708902543
946,0.134695711765569,0.1056787837016,0.108239110479365,0.108091313442424
947,0.397484723940876,0.389534279974458,0.392986245743395,0.391982410855432
948,0.371483088012454,0.369077943437478,0.370172863256703,0.369848062641184
949,0.253585253587934,0.250079417942037,0.256402859110204,0.256155771469284
950,0.38697375065897,0.37162210547978,0.386300203227008,0.381831382565318
951,0.420017643827803,0.387548914947265,0.401820451502959,0.397774738075819
952,0.367514667946277,0.36630773543346,0.366574355664083,0.364804909906092
953,0.385999926680283,0.378682998209934,0.383937368912511,0.382642284660196
954,0.168342971327483,0.138541023052527,0.144617154179955,0.144470903404503
955,0.392372395691998,0.387186825735274,0.387729649016432,0.387704369935854
956,0.233365473200113,0.206520832829746,0.212323417387596,0.212308224641297
957,0.391405456493768,0.373946331117861,0.378396774758321,0.378644689954002
958,0.446767549013775,0.434806425602585,0.440074163985672,0.435464525872453
959,0.200015580249524,0.169215550565618,0.177250634415843,0.176665090163457
960,0.331938327263186,0.302278892035599,0.314093753862295,0.311430347194747
961,0.375882206227254,0.370192227123349,0.371738898153932,0.371363763418748
962,0.424262377860648,0.386374479484546,0.402824672951745,0.398871329327307
963,0.377486601270645,0.374789348601133,0.379689677174772,0.377054112755221
964,0.379250373496279,0.375931806673087,0.377552862196,0.377414826352967
965,0.376048458678092,0.345980473560386,0.347095572708929,0.347088987218113
966,0.379386154931309,0.379028800142095,0.379256842670347,0.378995639419894
967,0.381953976140882,0.364788811574773,0.373356797187371,0.370823800861085
968,0.337378362435462,0.32557576984498,0.328340150430885,0.327511907018643
969,0.375094919718768,0.372158068126105,0.37337842980563,0.373149147206306
970,0.368284039996068,0.363169754282784,0.376505975258622,0.373302604990061
971,0.279069025579239,0.258568312623349,0.276259149132995,0.274131900088827
972,0.377577088615008,0.377511534444591,0.378258441990452,0.377926007503354
973,0.382920038225611,0.360957836302041,0.371229307362183,0.368537026772489
974,0.333501896558214,0.313737611860544,0.322516760708462,0.320364671628227
975,0.290910728895248,0.258840268299701,0.258855929343693,0.258834437406748
976,0.386773275482378,0.384757557754642,0.385245228550574,0.384254092844683
977,0.406042053270913,0.377713632157988,0.392140134002502,0.389630628922415
978,0.350349479725681,0.333559055253699,0.34077265775794,0.340443939314924
979,0.312907411690512,0.296145933105637,0.296605787764539,0.291985780830161
980,0.333252920900404,0.321566140263652,0.325626649255184,0.324718520708263
981,0.369301875785963,0.352120475134545,0.35918515736362,0.358722621431465
982,0.425740916306207,0.410797797665507,0.429548827120633,0.424863614474837
983,0.393956968899751,0.384622237260798,0.387295823152984,0.387099224613981
984,0.377728814627385,0.37758036613598,0.377658904894275,0.377643129504946
985,0.190550962790868,0.162367777457239,0.169508065721358,0.170255718644776
986,0.438623257941524,0.404528023697401,0.418194548671478,0.417076630564889
987,0.211195913968079,0.182549832489744,0.191885895229167,0.190699398239075
988,0.377537576017109,0.376995339799735,0.377063953685314,0.375208046148436
989,0.371413568800176,0.362177703488214,0.364009537041346,0.363725662453838
990,0.437000712021622,0.400909179756246,0.41751574016061,0.413271338621118
991,0.345628154679225,0.329326017258209,0.329640827455722,0.327714603448301
992,0.235376425817211,0.21679586350352,0.219777331776557,0.218867228536067
993,0.377536944349311,0.369011407127435,0.386616486429407,0.383062797834995
994,0.327540473959918,0.317267165950016,0.317479864491215,0.317381213634332
995,0.273975416883803,0.243113382267833,0.255838411805787,0.253538408048574
996,0.352052107041646,0.336043366912964,0.339304478379681,0.334215225274417
997,0.370009625283522,0.367974840862012,0.368120795087023,0.368157989793213
998,0.395557180766287,0.392660906285357,0.396393796941682,0.396105857738285
999,0.407733053280594,0.39719826884224,0.401764379678447,0.400754636208282
1000,0.383187990332299,0.382751690311074,0.383062780606378,0.383057068669688
1001,0.260834791852289,0.239256024399442,0.248988838515501,0.246505277854707
1002,0.273652231498303,0.269732979683169,0.288138618741443,0.28553721362611
1003,0.373427625399106,0.371943814341166,0.373648623880541,0.372959225680093
1004,0.361585219940421,0.356127385458319,0.373663762562675,0.370031356797421
1005,0.355946599874099,0.342464372079489,0.343825431003823,0.343479325890857
1006,0.370135440033279,0.353426506165024,0.354658507722388,0.354262749464647
1007,0.394347592954994,0.376498920921668,0.387789927212276,0.384752149424756
1008,0.380295895610812,0.376061484337257,0.377257888704312,0.375400268999613
1009,0.38892878169771,0.38142191739427,0.391607045303693,0.387001930123578
1010,0.383786025019647,0.366192258079884,0.380547232043497,0.377151591927072
1011,0.44340996692675,0.409045637369715,0.427414547863094,0.426943361790603
1012,0.342509180112643,0.330267733372667,0.337052096216831,0.335397547184183
1013,0.424002907373349,0.408329419893767,0.414156557157383,0.412845090258419
1014,0.389898430386212,0.388475047094049,0.388835068293348,0.388821406389476
1015,0.376046089449403,0.374448529023206,0.374968301067327,0.374781418814238
1016,0.414473337799145,0.394809473793152,0.41188095850657,0.407440314233094
1017,0.343630714750313,0.31636389931903,0.328682817663832,0.325468886567342
1018,0.266579757140228,0.236604436895927,0.239782196279748,0.239667828924797
1019,0.365668741065909,0.34502284697343,0.353640520376093,0.350913727454595
1020,0.271215953090253,0.244412035019813,0.254931003730248,0.255000861776615
1021,0.379011287864405,0.376532895408376,0.377119108545147,0.376812483549657
1022,0.373235861468695,0.336020647908868,0.352026300106317,0.34824004178634
1023,0.148122361596488,0.135530305170435,0.140372742580835,0.140181544452234
1024,0.374453654267058,0.373588798093716,0.374767133702493,0.374486014911703
1025,0.284087444045504,0.257469987408836,0.270476164895554,0.273012718654389
1026,0.373456500795717,0.370940979328496,0.389071515030411,0.385276024998159
1027,0.154805411175953,0.138362035037484,0.140628322700652,0.140598490128699
1028,0.419092950212641,0.400761246636561,0.417859863472484,0.413371035227977
1029,0.344898635173459,0.335990814433707,0.351131288145983,0.349749624719787
1030,0.377414578284649,0.374318542439595,0.376194707710151,0.375368071496307
1031,0.397353706335928,0.365490719866403,0.376279482416841,0.374255645032208
1032,0.377421170834453,0.35437077887619,0.370134804590686,0.366214405252018
1033,0.400534540797432,0.395905594557454,0.414898813691265,0.410574186359631
1034,0.379359286948859,0.373239382657021,0.37566875712632,0.375027898888681
1035,0.378168618643163,0.36790928266343,0.372579792213108,0.371699472308147
1036,0.378448859653142,0.360449587285318,0.374503068562943,0.371710003771214
1037,0.383766136075275,0.364295962058972,0.377290929857648,0.376230178082494
1038,0.145924297504745,0.114946885122448,0.117378745265761,0.117533231413303
1039,0.292111652009272,0.280812554024797,0.287222610547035,0.285318694893187
1040,0.125328847338399,0.103505237246801,0.107314793723836,0.106405368832693
1041,0.404952918055978,0.385737022054777,0.394271356207364,0.391972319700136
1042,0.320362169800216,0.295066795455133,0.305509587751446,0.30290033038691
1043,0.388218025029582,0.364648879580487,0.383127815873718,0.380529097264439
1044,0.376308143958146,0.375714770855348,0.377277770672944,0.376939765580489
1045,0.426050642239,0.399399905742302,0.413807998506749,0.415873457684149
1046,0.440178237520674,0.404022304258963,0.421144176808288,0.417080862230189
1047,0.298290530382905,0.269047711534185,0.281253244121591,0.28228764860896
1048,0.37837574624423,0.361276781725025,0.372791257238697,0.368206748465372
1049,0.378939175457325,0.370324118774548,0.374412063271776,0.373323741803987
1050,0.397598776289137,0.393965410467098,0.395695800152434,0.395257144814729
1051,0.404607274873523,0.390621915879421,0.395761665375772,0.394603424885423
1052,0.382006809726702,0.377489628188352,0.377586179029634,0.377552562860716
1053,0.293379909413213,0.280648795665603,0.282285151054415,0.28310912678059
1054,0.328417961075129,0.29610639004318,0.310527468521566,0.307223204866955
1055,0.389251138725177,0.372649008179893,0.377988235586335,0.376660161047084
1056,0.370972371600277,0.367428918566552,0.369185550204103,0.368813427913792
1057,0.279856383673676,0.257037962067309,0.271596501039568,0.268953604320506
1058,0.35557222124868,0.349688345751047,0.352998027134392,0.352202174132437
1059,0.2790516230596,0.277864348439463,0.278982156803393,0.278780933709133
1060,0.356430881882751,0.322110696124506,0.322660039596625,0.322829448977016
1061,0.451525578388581,0.416815357657323,0.426564782370178,0.422741623956422
1062,0.377237984859091,0.376079745354707,0.376146597269492,0.375900349325034
1063,0.334868963253402,0.304068626481194,0.318162625415708,0.31476341785147
1064,0.41617839137932,0.382637333745136,0.398081453403153,0.394019247816675
1065,0.266575052834461,0.266516110094789,0.2703630942182,0.269031489781669
1066,0.42467707101422,0.39869471703961,0.411598718681553,0.408009763343016
1067,0.376300828973701,0.371346957717412,0.375071836739227,0.371967594207996
1068,0.304788593571102,0.29042916102609,0.297792414761192,0.295707377754288
1069,0.428948046008114,0.407210656269491,0.422547608058555,0.418757453902444
1070,0.377471064760009,0.372735950893577,0.375217118942674,0.370129913125761
1071,0.33712664642216,0.306646690581672,0.307208192307384,0.3071255035109
1072,0.265216522271544,0.236824375078143,0.249358216985762,0.247074957546227
1073,0.2713013639344,0.253197758504807,0.257654752393681,0.256250121853921
1074,0.397872052753236,0.387832639157604,0.393825378689835,0.396427316494889
1075,0.376553588349231,0.375594211919991,0.376882752038317,0.376693067085531
1076,0.360267934040472,0.347091843750824,0.35222426938894,0.350912180884219
1077,0.215189684012612,0.189556928008699,0.198724562513474,0.198947645318409
1078,0.378765214737502,0.378234806440533,0.378477920233066,0.378307848946151
1079,0.231612679045301,0.21246496786244,0.226336443032526,0.22443398687342
1080,0.424052764369492,0.390195532120702,0.393728235255,0.393486373162993
1081,0.402691350789599,0.382216215454515,0.396413679833091,0.392847960743555
1082,0.357316866324151,0.330764026396951,0.340797481773682,0.337816634791685
1083,0.313083279958072,0.300518307655122,0.306105158187404,0.306388361556815
1084,0.475309825794387,0.437653379370933,0.453230785242218,0.448928021261473
1085,0.3760436643536,0.37560894564415,0.376449556600115,0.376100388689498
1086,0.377826688426071,0.377816929079274,0.37782129976107,0.377820076551268
1087,0.397730629592535,0.389091262702222,0.389916426101108,0.389660727987951
1088,0.331977260798292,0.306896205411101,0.314231112970705,0.311437521838457
1089,0.388321848064462,0.384329684089002,0.385823867370738,0.385587290806918
1090,0.333092857364344,0.307201723128356,0.319108641264705,0.31598395119459
1091,0.24479304990723,0.222427758284089,0.234102121360165,0.23160833418298
1092,0.424984240368957,0.407294815195689,0.414842865815651,0.414460402249653
1093,0.211037425020647,0.192799035103859,0.193458291789233,0.193440361666345
1094,0.26723980268355,0.244867730727617,0.254972976323948,0.252365113587754
1095,0.2798829280221,0.248417735417879,0.250691598384319,0.250658769173348
1096,0.23103387452129,0.219295775908445,0.221320706923584,0.22121550567297
1097,0.39183330557567,0.367719518527875,0.379181196082537,0.375996038245022
1098,0.379690565065658,0.3756071381563,0.3801677483035,0.378512515748068
1099,0.37890781692467,0.377881339138738,0.378706860847027,0.377487564981863
1100,0.190802554333148,0.190017554497191,0.190134879054706,0.190141843965863
1101,0.300170927874985,0.298572036183582,0.299517499443755,0.299366236273835
1102,0.114368772574456,0.083522228904408,0.0836050496404748,0.0835202207147791
1103,0.36585693813804,0.353889334057877,0.362666602838685,0.362111296401392
1104,0.418298152263448,0.39420360808124,0.405863572106792,0.40237399853494
1105,0.222335349591078,0.197478684363902,0.207225657487781,0.204438059164511
1106,0.381291107755019,0.368630002006916,0.376967771419617,0.374815905506075
1107,0.224412802237002,0.199053809813829,0.208675114092541,0.206569860791893
1108,0.377843794226286,0.372647859220009,0.375007650030351,0.374438070990131
1109,0.368190676261621,0.365734231541179,0.384085947978106,0.380351387028434
1110,0.377327888836555,0.376085249708215,0.37623537275909,0.373669174509391
1111,0.216074878491364,0.187156184605511,0.196791580451963,0.195411868982389
1112,0.370827701551324,0.347370003554915,0.358095822576659,0.355251467706918
1113,0.368902566347893,0.352152972979463,0.358935577172487,0.357105060825537
1114,0.378745828511421,0.377650994810718,0.378157162127282,0.378085040721625
1115,0.334046148118008,0.315507302330219,0.327718626169753,0.322209968235866
1116,0.369772172426492,0.353385626416393,0.354587367113907,0.354554244578855
1117,0.379647849224262,0.378359306843207,0.378435722133851,0.37832048690693
1118,0.387644936100041,0.355685275806151,0.373461066141129,0.37445267075672
1119,0.334758316072819,0.334518976898777,0.333926259598219,0.328390112653696
1120,0.344014755055093,0.324966068539543,0.334811486657842,0.332386941070366
1121,0.377092384895091,0.375163215285708,0.376515001876245,0.375981535700918
1122,0.327052451352133,0.326572897264636,0.332261876236955,0.328180615430271
1123,0.378816028688024,0.374659182085013,0.374906389864774,0.374789834530404
1124,0.324013568059483,0.308523131444988,0.308562739063351,0.308406887376001
1125,0.345879006135707,0.31167401707046,0.32493214056149,0.321256291458315
1126,0.373531693381439,0.371278669133196,0.37423047300729,0.373952405085295
1127,0.294821386353692,0.269959146432875,0.276208326103152,0.272134848930793
1128,0.29108566165756,0.260586125435828,0.270965924630044,0.271279086387366
1129,0.306620284322379,0.290780617690618,0.295397457223609,0.294114364641599
1130,0.376334257254375,0.36516264734079,0.369441106641005,0.368120010465325
1131,0.432316257795774,0.402263009073271,0.4152113744547,0.41176197741563
1132,0.379136064998199,0.378392777508847,0.379124277086633,0.378832520694557
1133,0.392240768635653,0.388499339224494,0.389510742173927,0.389180990319751
1134,0.153618329649036,0.121281666874514,0.12420305878572,0.124632496615159
1135,0.420193261706775,0.399830889466225,0.407702514420649,0.4060452376752
1136,0.159382472087321,0.139009723231409,0.139339797692041,0.139298545623093
1137,0.196615004275475,0.183017403535447,0.187601601114321,0.185229622821234
1138,0.233685957021409,0.210358123247936,0.219518965657722,0.217226634426286
1139,0.34695259420671,0.313823190447352,0.325216067635158,0.323437544081695
1140,0.373433856026445,0.36685557399153,0.369662544074905,0.3691388050868
1141,0.380262185929555,0.379877030616628,0.380463477515038,0.380210437832491
1142,0.377211243731633,0.354275267528672,0.363507913984398,0.358976500082608
1143,0.422791264590784,0.38559150032082,0.402703036601044,0.398455309640972
1144,0.395098061552801,0.389692600245021,0.39100557465098,0.389255954154992
1145,0.472216846680277,0.451239419446815,0.460514340594246,0.455987518876211
1146,0.377849322857752,0.377718351976425,0.377724530950579,0.375879445574875
1147,0.386479507993998,0.378311232755479,0.378534106489173,0.377715097626853
1148,0.383150854454673,0.380887815435377,0.383827740484847,0.383565807799113
1149,0.295754110183385,0.270765492046687,0.279779117477646,0.279706891138843
1150,0.377389742233657,0.36854261542201,0.372043274740911,0.371192678539046
1151,0.367595721990094,0.366499432940085,0.36671197820146,0.366572816063992
1152,0.384942658140758,0.382959181178388,0.385284519640175,0.384700215108028
1153,0.2554461931263,0.225711945498447,0.238339969540311,0.236820018356195
1154,0.386026071761867,0.349660405157256,0.366029480147774,0.363040103412772
1155,0.288336664446576,0.257603181532612,0.270779064921547,0.268196868158842
1156,0.266294717476547,0.244951594805202,0.256529757033017,0.256157892948354
1157,0.422221039864682,0.402581823823868,0.411178246803574,0.40933663364594
1158,0.392304681084511,0.363900333452995,0.376366024680835,0.373343367297306
1159,0.37313443831257,0.371409104967471,0.371652659293981,0.37164852063227
1160,0.375114909797924,0.343037770504723,0.355160699727588,0.355307095167807
1161,0.381092910278849,0.372038322381479,0.380544372441319,0.378609986089329
1162,0.392043944611113,0.362636581627477,0.378562939976324,0.374153946558485
1163,0.376875018523294,0.375927526961859,0.377017162648091,0.376476585632564
1164,0.377422923034402,0.376755427808476,0.383087529877752,0.378289492536286
1165,0.388372017418383,0.385979221572453,0.386953852542418,0.386740507508246
1166,0.365364000712763,0.333239747821146,0.349847111724183,0.34623374880975
1167,0.384780321388217,0.374545148137611,0.378078733579881,0.377139546807016
1168,0.236938513564082,0.207934067324819,0.219155702647125,0.21770842475701
1169,0.505974243368548,0.470695025746755,0.471549090783967,0.471362939278737
1170,0.268164864408716,0.241631627234658,0.250383105920564,0.246122650863713
1171,0.425211536483673,0.404543818010294,0.414306633148516,0.411481800069714
1172,0.320328032979479,0.309237483841077,0.315048143877699,0.315458747019839
1173,0.367930564235379,0.362317479500655,0.371220151795619,0.370204056947226
1174,0.378098707681513,0.374758288668814,0.376938911761577,0.376363188636717
1175,0.645639659534377,0.610582290274182,0.624403839432415,0.620792448101482
1176,0.420442976176386,0.390079005457492,0.404192355422961,0.400051313056601
1177,0.214670192448553,0.193881068757659,0.206607555420336,0.205321335347784
1178,0.21644371123721,0.214397830281968,0.214497146645166,0.21440848203086
1179,0.566870507315094,0.54946906269451,0.56731533432313,0.562055556172127
1180,0.4205096263617,0.383588153420166,0.383454738810525,0.38349005111505
1181,0.50117414571483,0.463487037597796,0.480327148978869,0.475454465854771
1182,0.379472419180439,0.378963361314451,0.37978939670101,0.381050717714151
1183,0.378428448768066,0.369323394182193,0.373698271882065,0.372866562825016
1184,0.377253684515836,0.354657207191501,0.371252005188055,0.367646529118478
1185,0.249738595063695,0.219470719939449,0.228830694323795,0.226111333959319
1186,0.377973596360088,0.377612658676116,0.377741192076163,0.369494052598199
1187,0.292951887833101,0.273643412864637,0.278905545553852,0.277047788023869
1188,0.438243336930664,0.411411270854709,0.430386498498919,0.425864677756257
1189,0.33314391819135,0.333009319503238,0.333301325377097,0.32757167854364
1190,0.203108538706208,0.178141356226271,0.188426887035145,0.187127964382151
1191,0.214053577784503,0.189247153366173,0.198840286346354,0.196838364220133
1192,0.365676983426595,0.336115821029842,0.352198059563961,0.348450528185887
1193,0.363538877300976,0.360216496633572,0.362339142040071,0.36137686670914
1194,0.436557643770363,0.400055297436126,0.416643973678997,0.412317546871545
1195,0.324999930191229,0.292169874279975,0.306768098049628,0.303608037856688
1196,0.379173028415433,0.364304079732575,0.376470988447615,0.372919271163248
1197,0.149674637440248,0.117384779251014,0.118429783896108,0.118361259548461
1198,0.358907630104156,0.353722091310464,0.354492286051592,0.354454114646129
1199,0.36192244561852,0.358794786071088,0.359277814320964,0.35688509461392
1200,0.368496918500208,0.355547405890336,0.361408895339802,0.360812644246776
1201,0.435370563673019,0.415868943985206,0.425073552968291,0.423932474980491
1202,0.380253502241386,0.377980223700839,0.380470684010794,0.380033070848432
1203,0.397076649119715,0.380957021552216,0.399097742804444,0.395611040904243
1204,0.378192794971246,0.363167565228025,0.380167344022425,0.377297381378795
1205,0.204062172694577,0.197280669361207,0.198881760022361,0.198801101994246
1206,0.377838536043445,0.37775206938044,0.400448249474578,0.396976724552037
1207,0.211564865686611,0.184852504667669,0.194739802791837,0.193324839515062
1208,0.36080474897393,0.359822767725384,0.360510963134098,0.359412180497337
1209,0.234514181205755,0.214567494219518,0.224084467912733,0.221564263760945
1210,0.353649758702849,0.326708714296197,0.329873167888434,0.329995319579634
1211,0.158024163704777,0.157440861457003,0.158739581674998,0.157691915031843
1212,0.376842448324531,0.367670160694768,0.371950193788882,0.365316785789414
1213,0.344070974630016,0.310632844644999,0.324693188137569,0.321189645413529
1214,0.281777315056069,0.27657085454211,0.276634902043742,0.276600915528494
1215,0.349112021659098,0.326980753668717,0.340410220427681,0.336355908128117
1216,0.158443538602097,0.135466918614999,0.13498581379114,0.134965786152391
1217,0.363567021493526,0.32899434174313,0.34360406435939,0.343634332761987
1218,0.373134849548986,0.370699990859965,0.390440128759837,0.386480909528454
1219,0.311444402608672,0.305528582565215,0.306182901611784,0.303872919826935
1220,0.39678830830205,0.392078812146962,0.395888642842879,0.390238591689572
1221,0.291386035289613,0.264248676270942,0.277063792804365,0.274494139701454
1222,0.382345794232151,0.369242971853127,0.372860566537418,0.372265286826074
1223,0.314704444365096,0.283771253835254,0.295870568195501,0.295590664219458
1224,0.37802565512486,0.377799608282483,0.377920344082647,0.377892315490449
1225,0.387958024062983,0.3734007926004,0.384356151093303,0.381734430455484
1226,0.37846951174049,0.377104123977353,0.398774673736553,0.394450823058573
1227,0.232402833745935,0.214070470115103,0.214693759698612,0.214613793118336
1228,0.391607259122308,0.382576922941374,0.386700870684176,0.385640590974488
1229,0.258277250428044,0.236644373647811,0.241195581486998,0.241449438412954
1230,0.256981996339408,0.238435196222818,0.24604853786364,0.245904708872716
1231,0.386317727595981,0.38341336010909,0.385018186959871,0.384882387857001
1232,0.228936203896404,0.199062847818339,0.207791984704207,0.20777636730502
1233,0.375477530276681,0.373309438767763,0.374339209480939,0.374056116888194
1234,0.149894859807775,0.13874934018773,0.14561389778393,0.145559864831818
1235,0.383331150382847,0.381071730045591,0.381459734189153,0.38145879782625
1236,0.374619110021276,0.364994001027574,0.365400630935214,0.365494365320423
1237,0.344116645482476,0.341632253575287,0.343277055786973,0.341456220116967
1238,0.306299391639944,0.274077963956291,0.286098325688597,0.285847783112994
1239,0.381878848857085,0.378378149552379,0.380027331262127,0.38025636399041
1240,0.376761090015814,0.375957312328337,0.376175373454643,0.376002595903196
1241,0.321912219487626,0.284253645328549,0.293830044005994,0.293380340128626
1242,0.374765250913839,0.374331699109016,0.374412989208225,0.374346050268491
1243,0.387678488537585,0.38235967538767,0.399576994593005,0.394847809859878
1244,0.392154791918214,0.389542943539495,0.390359827430042,0.38949078277821
1245,0.227195533700549,0.196594526634727,0.206438162802746,0.205560489866132
1246,0.301199478103649,0.282047697672718,0.290687292160207,0.288001824116045
1247,0.521633145213575,0.499262234542735,0.507753522105635,0.505161905958191
1248,0.381827781123178,0.37292948012212,0.37687602099469,0.375653774432948
1249,0.378127523840672,0.363352288799478,0.380673185475911,0.376666165011509
1250,0.377354715023044,0.362818797780603,0.37978524605446,0.375714051275324
1251,0.215041555947202,0.191475250699294,0.190575176457389,0.190264370812406
1252,0.216432614316685,0.186137921756511,0.183787064905823,0.183724671709531
1253,0.364252464104958,0.363353070129564,0.363609615760684,0.363609558114496
1254,0.415783394706683,0.384333913734212,0.398197395248201,0.39364645027893
1255,0.346057935705468,0.342787625939982,0.344305587909671,0.343961131625332
1256,0.375327565144361,0.371021717809161,0.377086333337029,0.37401386120951
1257,0.288243732637478,0.262753591893007,0.275446105231188,0.272586466306885
1258,0.37772222705879,0.375612878109579,0.376713101294482,0.378155657931262
1259,0.357229247136854,0.3241981419015,0.336135063527565,0.332789714846067
1260,0.377846209354118,0.377834731623445,0.377837896234762,0.379643221842255
1261,0.360680961613843,0.347793174129555,0.353265076379732,0.352079592297961
1262,0.383518316574725,0.383221318907709,0.383536836533328,0.3835164941191
1263,0.353761735028534,0.338564663190457,0.33989240899347,0.339678118616163
1264,0.267185296132476,0.239212343326012,0.251244109695331,0.248410396560319
1265,0.120668547153504,0.0965961684735701,0.10021460127421,0.099274737126845
1266,0.308359578151265,0.27892894424961,0.291176094336324,0.288262278198656
1267,0.423875701877369,0.402117289224673,0.412780914143586,0.409391088827622
1268,0.403495676012867,0.383043665718358,0.392006276362678,0.386889119824609
1269,0.387631041948363,0.375818854347762,0.390535825559082,0.385834287910239
1270,0.403585836354132,0.388057274771273,0.393673299281772,0.391210997464831
1271,0.369750310143951,0.361235525171203,0.376760278617656,0.371435326617355
1272,0.480524583281807,0.440330336145366,0.443193032397851,0.44227954297201
1273,0.182668120120307,0.156348170774609,0.16159752798047,0.159987939998583
1274,0.372932201525305,0.367256893831141,0.372912652070654,0.371004490906446
1275,0.163890453003662,0.143820731831934,0.152157109951016,0.150893945300911
1276,0.438211293653468,0.410631386829084,0.423233470115482,0.41972554913716
1277,0.382420551289701,0.380774777126303,0.381531058724287,0.381364586746867
1278,0.383832523858963,0.379344084462587,0.381059558477577,0.380288032547813
1279,0.374133439768423,0.372075941614226,0.37291593378512,0.371667031410759
1280,0.358913482347026,0.357558977549464,0.359312226186523,0.358038027401679
1281,0.390883818508604,0.38801794117141,0.388557632526788,0.388637209028473
1282,0.352777796289034,0.338596803675783,0.344781758510677,0.343063362802715
1283,0.376704571429292,0.374872326511263,0.387334097239496,0.38273030519409
1284,0.374645332121105,0.364928816189358,0.370308638025839,0.367894944505616
1285,0.379983863749953,0.376246712534442,0.37925565723844,0.375915009943055
1286,0.369654040922128,0.368192937008799,0.368814999039723,0.368604562207922
1287,0.277125386465113,0.247484985174188,0.255692113790782,0.251945420391571
1288,0.376419403900405,0.374552387382515,0.376342572629678,0.375771735637693
1289,0.409845693083476,0.395091640698671,0.401336497830619,0.399651162308572
1290,0.380333053566659,0.376155303900867,0.378905317018659,0.378314373091732
1291,0.435454224898099,0.399584971176671,0.416458524089968,0.411966075287556
1292,0.399040110857453,0.376235856363266,0.38620415418576,0.383802042011584
1293,0.409969196862649,0.383617256931551,0.39394913676855,0.390598343542779
1294,0.383241908708997,0.378814891343941,0.382116338740506,0.381368875890205
1295,0.351407142247204,0.344525614613308,0.345075932671501,0.344769650030626
1296,0.380086405440123,0.379114777990196,0.379545455367376,0.379397832598596
1297,0.402006723516292,0.395858208670453,0.398309167456009,0.39783249463943
1298,0.398368323214013,0.371724932194387,0.384591672846332,0.381181960237042
1299,0.368668568827041,0.350695473660241,0.360744579700051,0.358112741662136
1300,0.252900809391576,0.241795599544637,0.242389022762186,0.242202379104416
1301,0.398912037232063,0.388749833031307,0.39490158892551,0.389516694774579
1302,0.360776785184275,0.348614600074348,0.355817525857602,0.354404142365028
1303,0.394697011516914,0.383539482941374,0.389226703128199,0.384288316794922
1304,0.350472017972512,0.318249024202206,0.332327238196,0.328910042412938
1305,0.290867006072455,0.27223817803348,0.276861244869159,0.27606493073127
1306,0.373321940528263,0.371187158272396,0.374004587841664,0.373660322376755
1307,0.436311237779022,0.40562043232953,0.408784990373377,0.40871033778621
1308,0.384080824174458,0.383994506763269,0.384103803501626,0.384053513992533
1309,0.410484609722715,0.37346261508356,0.389973655656413,0.385961657765859
1310,0.377484328363755,0.375783546716429,0.37660895918247,0.376388685186938
1311,0.371944957781144,0.368349922410134,0.369898369638188,0.369831039348552
1312,0.257633339057543,0.232496918762687,0.244089349116496,0.24150966659343
1313,0.151272857748363,0.129355324962222,0.128784597353939,0.128915825908701
1314,0.352922071153624,0.323336709676965,0.324492572238174,0.324106719072605
1315,0.419940789320628,0.391559004444503,0.392095936191775,0.392419457112307
1316,0.333822833121639,0.310265504141033,0.321098878903073,0.318650515258483
1317,0.377254911617188,0.377050879963077,0.377146415135143,0.377116644956941
1318,0.220215459842062,0.206656536022047,0.206801410918779,0.205912888038516
1319,0.372571184090924,0.369646759743471,0.388556560725788,0.384132360141773
1320,0.378759875385828,0.364281599187446,0.381345200234919,0.377183588111733
1321,0.376712836898628,0.373237427204253,0.376786885750107,0.376394995812464
1322,0.377756865630493,0.376697112651162,0.396748998468266,0.392638018155024
1323,0.154147884185321,0.125971932837186,0.131522697829389,0.131524587177533
1324,0.146066529484423,0.113219695969389,0.115047322749469,0.115528642332272
1325,0.287072484356794,0.269193365259251,0.276992086746876,0.27526417099599
1326,0.410701093637616,0.406312587413977,0.41499595086167,0.412285702564865
1327,0.392812228422303,0.382886786871445,0.386425468554536,0.378564925161485
1328,0.381217266947841,0.365536849857158,0.370273128851649,0.368026244235212
1329,0.40429031140626,0.369271732575255,0.385655757128746,0.381836263067784
1330,0.335387537857473,0.319662912990341,0.323111735541756,0.322428877279695
1331,0.402097529666724,0.393120520891697,0.39337238658608,0.391934171785009
1332,0.29851480998,0.271729925709051,0.283385121725748,0.280491609308895
1333,0.376762731710248,0.352432719962435,0.361212719270529,0.358288431534452
1334,0.343676753205539,0.337227182646348,0.340456220008062,0.339598973569114
1335,0.304773780889768,0.28318941564394,0.29228455184592,0.289981442412261
1336,0.405888322384095,0.369879023728274,0.38653881585664,0.382347188339506
1337,0.379876887351418,0.333778413873709,0.347660700866642,0.345020816614376
1338,0.387435013694007,0.361206338773887,0.37639038855301,0.371658501465773
1339,0.63071045952403,0.589198635213397,0.607115968698819,0.602534506790863
1340,0.372474518328553,0.366383065114507,0.369134812599599,0.368448324932462
1341,0.325754357781579,0.300881313870746,0.313140002625691,0.310218570025028
1342,0.411077928067096,0.410977780356158,0.428731358423233,0.42665090306821
1343,0.351227915487981,0.31797437040956,0.317096295023869,0.317030695318473
1344,0.372278021357508,0.352154285421542,0.36317928032249,0.358395452595967
1345,0.38695875879851,0.384273997003606,0.385369757936779,0.384957702503591
1346,0.378161190205217,0.375760047768066,0.382887781959353,0.38014138311825
1347,0.375977147093145,0.369100006000088,0.383412194094684,0.379020606310347
1348,0.320158090001868,0.2996819351461,0.317092204553935,0.313835855322665
1349,0.435530481852757,0.41199045339897,0.42184658044474,0.419134367015601
1350,0.378395542519287,0.377791177652726,0.378200953158183,0.378135374024412
1351,0.386408091090802,0.373358615502297,0.378926225846507,0.377572021140472
1352,0.377244816864925,0.37496942953399,0.378283819076538,0.377897600066148
1353,0.381975151630999,0.356304189715351,0.368224507866391,0.364962771523858
1354,0.300852815523373,0.299488076264707,0.307521922207827,0.305474187249311
1355,0.358020432820153,0.340546773502084,0.348392611754342,0.343316755554936
1356,0.378478294494964,0.378297379897654,0.378503733653344,0.378471111246943
1357,0.271275641599006,0.270079727006012,0.276047444424688,0.2771619572945
1358,0.404909619878962,0.370123853814459,0.385948424721762,0.382033898686043
1359,0.318995678317575,0.281465356142009,0.292757257028618,0.291741218583922
1360,0.39500278250828,0.364123109176108,0.373709294514481,0.371097709128533
1361,0.376942260001668,0.357698136081949,0.376996446706827,0.373148039044516
1362,0.350048810582865,0.344682719010072,0.348019646453415,0.345944836879844
1363,0.377739688045668,0.37751288535249,0.377616576224389,0.377579540975775
1364,0.35147673815173,0.341610802612581,0.346179797065638,0.343784967662405
1365,0.372965282432263,0.368231308997984,0.384325205642687,0.380536752196446
1366,0.376255924208058,0.373958914961377,0.375505708291384,0.367236450757411
1367,0.416715773650936,0.409655634631314,0.413010905792487,0.410994075448719
1368,0.2954428494814,0.288564556132382,0.289545414494287,0.284651144667011
1369,0.3796295522046,0.377862502206568,0.384301889768125,0.380586261135664
1370,0.451664524576158,0.429770935347366,0.43056674310642,0.430493429047404
1371,0.450262137876348,0.438995186441324,0.442230264034824,0.43985663160424
1372,0.383428867548265,0.372123005047161,0.374504527236905,0.372161674419641
1373,0.339590949359236,0.322962617199624,0.326836892422549,0.32450224500622
1374,0.369134718046532,0.356479192804822,0.360652105183003,0.359171612919888
1375,0.380266127663789,0.379822486170445,0.38101273724871,0.374273345107395
1376,0.183292355709497,0.157983423495008,0.161574293646617,0.16010261751122
1377,0.405783734436541,0.390937404918466,0.398015149163298,0.396107676832227
1378,0.29890138262988,0.280261506919296,0.289358361186429,0.287451466004104
1379,0.357853236948776,0.341760433947906,0.358325391192871,0.358811758223016
1380,0.369169848507861,0.35687779177523,0.36443450929085,0.361996838490179
1381,0.377641868111411,0.376498049253191,0.376967077307668,0.376508902287219
1382,0.417755142528093,0.388151917430439,0.403533379042262,0.399601417797436
1383,0.383110939218425,0.378090623972,0.380181381422619,0.380166451557648
1384,0.362243421585997,0.352599772702597,0.362381718982544,0.361597409417376
1385,0.22615088011369,0.200569375468898,0.210580588574952,0.208483890552109
1386,0.345721345879024,0.345224644258773,0.345533842973089,0.345265907915943
1387,0.317701081963824,0.30743848648502,0.312917753312722,0.309516117209359
1388,0.377860652675754,0.376247986019496,0.385715086689206,0.383879429439332
1389,0.316106501516508,0.300589360530377,0.30097701752435,0.300678489904392
1390,0.379603987608735,0.37914656949056,0.379265575898151,0.379216399893954
1391,0.134339953967047,0.134082019226704,0.134383440503031,0.134050064889806
1392,0.338943217772924,0.321917822343779,0.330441227152468,0.328174483488155
1393,0.376640359578408,0.375757693799683,0.375989004581006,0.375980549046429
1394,0.364148167301524,0.357908472474265,0.360435139459543,0.359859361083631
1395,0.38639690347875,0.3858016753652,0.38608052968748,0.38506190038523
1396,0.401542398464152,0.39482246067965,0.396841525072935,0.39655126732431
1397,0.633394577361097,0.599376603379158,0.615832788205588,0.610435012500918
1398,0.376766115587002,0.362113884656308,0.368783233986337,0.366729983224605
1399,0.380699235120153,0.339579922667005,0.346779948531546,0.346658100828598
1400,0.374390168302198,0.352981544645748,0.372699486294327,0.368699832663787
1401,0.39984328208553,0.393888946368946,0.396682087693844,0.396071009522206
1402,0.393723192688168,0.359379400288658,0.375780720143355,0.371731965980364
1403,0.375932573311333,0.328551213400124,0.343608716259681,0.340151974004402
1404,0.377443839848804,0.373376840910099,0.375630538074308,0.374952770890905
1405,0.386397523305716,0.354515583677577,0.372100494139253,0.369680635282427
1406,0.30150561995372,0.273403163175944,0.286064712000904,0.284311099947059
1407,0.363927540317486,0.354751450280591,0.35893638724053,0.35881875216098
1408,0.377720344420299,0.377102630149332,0.37736766748727,0.377198211038973
1409,0.427471564767648,0.404140041132932,0.414547940300513,0.411687609314712
1410,0.284067639917902,0.266947028387033,0.274179208414861,0.274287433556456
1411,0.376465264777788,0.374856175290201,0.374873424703082,0.374650082454137
1412,0.40273806450298,0.391943047712155,0.396538623923557,0.395450391612948
1413,0.378254998334729,0.377154836121155,0.379589878867711,0.376350538591345
1414,0.322773040478661,0.302286173121664,0.318036258218598,0.316388434534555
1415,0.349590386240836,0.32718312955056,0.335176110926547,0.334358120866465
1416,0.36906469433819,0.359756025094055,0.365736478066776,0.363830761453239
1417,0.377113845705854,0.376818126474835,0.37717950309982,0.377078897024056
1418,0.222351949548014,0.195060546972213,0.204968210760537,0.203053879917013
1419,0.377053985838841,0.364468351488638,0.370374111533944,0.36884838560547
1420,0.385519399891238,0.382060440535709,0.38965484620401,0.384668728403497
1421,0.356296136711006,0.320047487385757,0.332766040022332,0.329175292727392
1422,0.369007118901862,0.341884968976712,0.354836192104625,0.350662389234998
1423,0.381568892359463,0.362082396748379,0.369684318842937,0.365105080535884
1424,0.375517299644402,0.360177285845578,0.375136415912521,0.370997341720038
1425,0.383291443828603,0.380795375140555,0.385591155298139,0.384067593814389
1426,0.331632987553021,0.309941949783057,0.314541757659418,0.31436892324841
1427,0.445336407726359,0.424490050753689,0.43378254324332,0.431276196836611
1428,0.167469707770104,0.137787536873219,0.143036187554709,0.144699332565603
1429,0.253544229574409,0.230411217293221,0.243666103976065,0.240864046556782
1430,0.54268077146928,0.505846572535035,0.524611891805188,0.521472916497386
1431,0.357861475665044,0.35231988369599,0.354115998276022,0.352710967809677
1432,0.282778016272857,0.256446034352356,0.267044861457437,0.264028630213589
1433,0.14454742832129,0.115479310190994,0.119832395492397,0.120078304618722
1434,0.272327646570191,0.265104920710059,0.265727165748035,0.265682842580529
1435,0.408187253520924,0.390231089327669,0.399735999099659,0.397013570542242
1436,0.356172712073179,0.338173898517801,0.357076122209202,0.353119676267362
1437,0.381612967343192,0.381354887300356,0.382309001350493,0.381938125491821
1438,0.389199305573361,0.3728713692437,0.378208170658029,0.376827454558112
1439,0.36811223011353,0.352090536027963,0.359120162769468,0.35436353083966
1440,0.307098535036875,0.290626522905111,0.2954783058938,0.291153353671856
1441,0.360665687684309,0.335870806154791,0.343034583284121,0.340950737733312
1442,0.385523477591665,0.382059522339314,0.389145761124954,0.384347047089151
1443,0.300454676483316,0.288537571194102,0.290072195296695,0.286123440454859
1444,0.255438572850706,0.22595191459602,0.237380628116964,0.235109860150942
1445,0.374307802581806,0.360110343923678,0.360582020152212,0.360211661656147
1446,0.293357364064276,0.269317615411282,0.281121941117317,0.278503957228302
1447,0.374819561383255,0.373109388314457,0.37377456989789,0.373689531313035
1448,0.389227004993311,0.353377850002133,0.369694790299926,0.365887861595102
1449,0.21448772518207,0.189363127042153,0.19977457075089,0.198503622278932
1450,0.372271084711555,0.340187304213823,0.352127444017397,0.348044262551644
1451,0.414126969128731,0.413085507013725,0.414243698943082,0.414193634246251
1452,0.38024312620247,0.37965751196301,0.379918677576074,0.379871764931285
1453,0.377460900795766,0.37723356100318,0.377817786522408,0.377665782244682
1454,0.328254536329258,0.326965580967206,0.327351092496814,0.3274028340935
1455,0.34308859179428,0.318668731890383,0.320836563245865,0.320413439585814
1456,0.382580658810782,0.381044673039667,0.38307561659746,0.382472780107861
1457,0.377150541370345,0.365413896604472,0.370610534534702,0.369705461860652
1458,0.229953448636953,0.207660271601333,0.217580409170935,0.215365227097783
1459,0.384848792502064,0.383596813403984,0.383812180171483,0.385292496351801
1460,0.371065952504991,0.35913883896309,0.364139645165136,0.362529835393076
1461,0.379000187312007,0.345507327854171,0.347988094011849,0.348548487808604
1462,0.200682918401723,0.200590285002523,0.200606665980078,0.200592670031449
1463,0.363257391828111,0.352003541724179,0.356647988851254,0.355445208189241
1464,0.355267464674345,0.339373413861617,0.3574722946795,0.357414112844812
1465,0.389097278591215,0.3876830303122,0.388702268338542,0.384755217551978
1466,0.228072165137664,0.199576409037204,0.20958319753198,0.20754836084186
1467,0.27366028837471,0.243250159541526,0.254360219186379,0.251985777483796
1468,0.300326760270146,0.272814083469373,0.275214275303972,0.273050197769813
1469,0.369071740854863,0.367319116855399,0.368333253009746,0.367532090048132
1470,0.417285029234673,0.384606694532852,0.399418107922349,0.395526878992415
1471,0.390698314215505,0.377956333287587,0.378554775535384,0.378480781400399
1472,0.301319856279579,0.269420086624239,0.276485433487576,0.273881061055796
1473,0.453785881730829,0.428415576553694,0.441039290741417,0.43832585754412
1474,0.389305825071478,0.385651535728581,0.387389304128238,0.387184299927302
1475,0.358784901821522,0.351834554216977,0.352385649469941,0.350557493171041
1476,0.385813790826585,0.362537829885197,0.371227367281764,0.368214373485137
1477,0.192649097009544,0.179444660938159,0.184380738410521,0.182951097660029
1478,0.403539148506905,0.380565813268329,0.398002260412239,0.393639861070526
1479,0.442484132092365,0.432007090123799,0.438622538354894,0.433935312502619
1480,0.365384689360266,0.360673483167188,0.362094904566869,0.362023137380007
1481,0.3485937154287,0.341719414472754,0.346516922598812,0.345598957311051
1482,0.365969431834832,0.351676592986941,0.358865111952585,0.356885220863893
1483,0.156162901494008,0.131394009113716,0.134509296807573,0.133424553884207
1484,0.378491888213897,0.354333022479783,0.365541502783019,0.362470568967006
1485,0.409102303350973,0.374670061224491,0.391620762354893,0.388696057044549
1486,0.272122665661643,0.247848604379393,0.258791804057988,0.255692489339939
1487,0.204763241043308,0.187127887160803,0.198867789199699,0.199116318698992
1488,0.241448122677974,0.223266433077993,0.23625665094349,0.233987816860691
1489,0.36842537532122,0.360607436590041,0.364199337899424,0.363590995091253
1490,0.181058502206289,0.151302316513193,0.158151672621787,0.158081332283308
1491,0.309505063669495,0.298079261212629,0.301913882144862,0.300783323034558
1492,0.133295627305042,0.105233356798864,0.103957092391697,0.102677288456131
1493,0.246834074554471,0.225092268513851,0.226301540437119,0.225924729538704
1494,0.414141453688473,0.377851715836726,0.393764550324452,0.389457733700594
1495,0.322367619510076,0.306403161462341,0.317128684926837,0.313224355479588
1496,0.371609980440932,0.339969340274479,0.354318431106049,0.350667178219993
1497,0.203811207238282,0.186056016270289,0.199500201460956,0.19899588056889
1498,0.375929277640327,0.348375851980023,0.360826594428913,0.356982400796913
1499,0.122019118853661,0.0892058038666668,0.0878845214000855,0.0873102369170792
1500,0.244598582601834,0.228840735920369,0.229439198193699,0.229082285653203
1501,0.305534544648573,0.286866680643003,0.295332208973651,0.293068180044605
1502,0.34458395270111,0.324579517636092,0.333262513394821,0.331240691511323
1503,0.328877192033647,0.318152907295635,0.322612223615626,0.317678766513916
1504,0.126914713230276,0.124073877713177,0.124372263590964,0.124355965326843
1505,0.425337235185199,0.390649462616145,0.403642942853196,0.40240592229168
1506,0.379166985741222,0.376978326631181,0.379424760043839,0.377003897922778
1507,0.651758102992895,0.610237690518547,0.630389227111439,0.624938751754939
1508,0.447211045025739,0.411746080508411,0.429572171050705,0.425166592421763
1509,0.37739340168838,0.373383752474279,0.376414056006745,0.370900212223568
1510,0.349630885048889,0.318721947406168,0.331503642813825,0.328211684096713
1511,0.37690651448302,0.37477878829633,0.393699141466156,0.389378946895021
1512,0.28363088720855,0.25174045318078,0.264750959592991,0.262317354443901
1513,0.302713862882513,0.273667079498889,0.286560002056862,0.283052126250456
1514,0.19662010279072,0.166050747066222,0.174115273880305,0.173719586872785
1515,0.262274553377318,0.240409248296901,0.249115972051505,0.249212481530077
1516,0.291299886085415,0.266931089579652,0.280479989583235,0.277826112365908
1517,0.304569872834914,0.280535921475719,0.293252426676182,0.290333300445829
1518,0.304550304503396,0.294683122672173,0.2991088484878,0.294715511421776
1519,0.378645583429099,0.373143804097484,0.39392518353901,0.389722195172395
1520,0.214541955925363,0.197591271636497,0.204030836533864,0.202180860272289
1521,0.38176968609529,0.377203845225857,0.377306867557657,0.377100472301409
1522,0.377815472125885,0.355320775080519,0.371893470596241,0.367923371328485
1523,0.283092809769316,0.269799869588394,0.276501285263366,0.274619546763113
1524,0.369884277630859,0.341944500665666,0.343372895565925,0.342875495711804
1525,0.319326198221109,0.294836064048877,0.311443588463527,0.311393746456321
1526,0.632040709935237,0.593088816485336,0.612914331148453,0.608763634832912
1527,0.168924216584438,0.138826901403591,0.144656284855693,0.144800225620945
1528,0.378498561011018,0.378041076318967,0.378131537436339,0.378087863609616
1529,0.295849209584912,0.277340961260795,0.285559978117826,0.2832226401952
1530,0.298646795040012,0.287621056112286,0.291475559485737,0.29039317180293
1531,0.381718057160951,0.379200057163539,0.380950006104933,0.380764303910442
1532,0.171126597702412,0.148795782708086,0.156553110702057,0.154488084200682
1533,0.435446742845581,0.420112106806955,0.426845639797352,0.424715702233731
1534,0.360506115727332,0.357147294928157,0.358840166165305,0.358736810109244
1535,0.371084402066127,0.366573095859639,0.367485111175099,0.36738496442004
1536,0.402519543244879,0.393368390402254,0.397465455154036,0.396387986833975
1537,0.291953989012163,0.270750037963249,0.280725238764793,0.280739935890479
1538,0.377594428709653,0.371703100373381,0.37420951225145,0.372744889413117
1539,0.28344178874298,0.259101249891929,0.274821581176665,0.271964513019
1540,0.374884801561005,0.371859590692152,0.37350313720844,0.372980302567041
1541,0.376198849611158,0.375102807811917,0.375470077501552,0.375225091768642
1542,0.379947439000404,0.375708116667709,0.380342920841483,0.375365580543268
1543,0.283114865133167,0.25477096871191,0.263839894022687,0.263597610070307
1544,0.375426694244898,0.370714393995669,0.372711638170598,0.372138163540073
1545,0.399238199655264,0.369249998872226,0.383166459226334,0.379073232877476
1546,0.242029261418281,0.224276158646293,0.236812331350735,0.234985994345308
1547,0.320363605406672,0.287614330397727,0.290575230156409,0.288792938024089
1548,0.405819308601564,0.384926546235597,0.399589248254904,0.396019043910848
1549,0.374190954230081,0.373154464260005,0.373797935740177,0.373645243685539
1550,0.376100559151841,0.354465934699599,0.365226936912168,0.364264179461023
1551,0.378198619172823,0.374336996476416,0.377645761490374,0.37662292227442
1552,0.362857322723608,0.357398701626794,0.35927308227007,0.358787614893636
1553,0.339403910307943,0.329061321172582,0.329748421932002,0.328201219085401
1554,0.103629986829884,0.0933054612452934,0.0939609811946129,0.0938487218316787
1555,0.275123142086424,0.252085394649465,0.259789892826445,0.256799156265696
1556,0.384695076025248,0.381262244290977,0.387053674461338,0.383240699695854
1557,0.369180341984337,0.35685794914836,0.361594897417847,0.361598846002307
1558,0.392416494620062,0.357628311285386,0.372489663946724,0.368785077423159
1559,0.371029226655536,0.368406954371622,0.370873077953485,0.370466635386412
1560,0.366625294638052,0.363050804083265,0.364217736297603,0.362701525930108
1561,0.319098345207833,0.299473381232964,0.307166246906829,0.306477001787063
1562,0.37786867503988,0.377320518377017,0.377488647385253,0.377040143566841
1563,0.449382176108635,0.419376260669161,0.432477152947209,0.428710173161992
1564,0.290053120899104,0.260259156883277,0.272708804651014,0.269903834509465
1565,0.178272976892095,0.177102192837142,0.178237560723328,0.178048128960034
1566,0.37153637807376,0.367369529756779,0.368302509248803,0.368234564303907
1567,0.331049671585387,0.325298696839243,0.340775467610762,0.337324479233823
1568,0.362154162825137,0.327182639291276,0.34291253893925,0.339316463351296
1569,0.35020735704667,0.339623014754304,0.346780874420801,0.346204034727608
1570,0.264967556427176,0.238469511175533,0.250305988396806,0.247829505089968
1571,0.183217269832545,0.153482505193893,0.159998358731659,0.158733230180769
1572,0.416656151950455,0.39006791223194,0.401977511372044,0.398757371914461
1573,0.378279495689665,0.377039963090268,0.377561675532418,0.377442783409267
1574,0.213406555200377,0.185601719283689,0.196058662703753,0.195277659350856
1575,0.384910021827714,0.383486071221026,0.384354738348093,0.384045907246069
1576,0.334929234076001,0.312310581205416,0.322347229816028,0.319631635181202
1577,0.36862179387255,0.360050207489242,0.361080607040974,0.357543330998418
1578,0.39191985044823,0.376138698407348,0.382711881011002,0.381290672203612
1579,0.383453190068887,0.381708923827559,0.382468972338675,0.382175469334901
1580,0.37860736221621,0.378082919976883,0.378743348151091,0.378697341187098
1581,0.304774649327856,0.275549531146208,0.288990408677091,0.28622826052784
1582,0.324959828745866,0.291530877931274,0.305910992136233,0.308721217907026
1583,0.355177228329657,0.347421143119244,0.362100994103408,0.358484066037465
1584,0.377101896640527,0.376870734313353,0.37694031161339,0.376926945175013
1585,0.376765766422684,0.376531927093742,0.399365563333104,0.395558060012883
1586,0.383536926189981,0.367687906821629,0.370504040552957,0.370314237686734
1587,0.371984406488599,0.365270307013736,0.373524817747215,0.369365324208466
1588,0.378735324904783,0.373442741877522,0.375510884993114,0.374991249611702
1589,0.378484445021644,0.377495165583841,0.388745337345456,0.385295568978741
1590,0.348300421618227,0.337222664385533,0.342141024507264,0.342138630711216
1591,0.389027734503835,0.376397042313661,0.380790986006954,0.380542006244944
1592,0.302494256753634,0.29915882023424,0.311478481438757,0.308709092947692
1593,0.172282094771122,0.169940338058035,0.170578327754445,0.170340055321249
1594,0.4066455049034,0.393202583694893,0.39801967577517,0.396970969944279
1595,0.304245216238794,0.260575449692509,0.273981693279281,0.271930279124748
1596,0.430865225137693,0.40814383610659,0.418491014676449,0.415927581872173
1597,0.38416923556961,0.381785026007948,0.383697808116153,0.38329913968799
1598,0.302225107714363,0.294185494429258,0.299137440939236,0.297434881711981
1599,0.39669378170746,0.394781431825937,0.395485333451614,0.395203404949543
1600,0.338571431063816,0.332893488876698,0.3399831725317,0.335846841356449
1601,0.366420068553292,0.366362930972891,0.380807465897329,0.376260365029174
1602,0.40164154724033,0.370271243032414,0.384393949232305,0.380757379986511
1603,0.253037694307204,0.237205706655155,0.244421442536619,0.242023178317044
1604,0.378379408309805,0.376321079564444,0.376847506446777,0.376453811730958
1605,0.429527495115285,0.393705816716263,0.410006276997395,0.406141536138316
1606,0.422539201283257,0.413105679876623,0.41905953992675,0.418393741331253
1607,0.37927912435621,0.367618390106757,0.372042479933102,0.370654938268728
1608,0.317656260576155,0.299121011154116,0.300049364913111,0.300062689420122
1609,0.31152246901498,0.290117867697845,0.291011674854377,0.289844391064843
1610,0.286104790656944,0.256405794295457,0.269186392671754,0.26644632386335
1611,0.318007175365753,0.29747698376487,0.311212150979772,0.309005192625889
1612,0.357367355622957,0.331139540155913,0.342915578277198,0.33983921678304
1613,0.134811413582366,0.103853788346805,0.105744990332124,0.106243174819751
1614,0.396264931482662,0.393091345408632,0.394156991003601,0.393972857456816
1615,0.266096440737583,0.235830777056188,0.248124160568563,0.246005905079425
1616,0.292900711868557,0.270647033385566,0.28100514963999,0.27821649658937
1617,0.272855354251974,0.243597545893398,0.251852570861373,0.249541432623291
1618,0.378372319465129,0.368099123152069,0.370592838732972,0.370797621837066
1619,0.368398085106547,0.359610084440646,0.36408173798965,0.363690357017479
1620,0.371187526676592,0.366537517862739,0.368720993315321,0.368204788670567
1621,0.272301280168604,0.266348848014081,0.269510239616413,0.268644589273022
1622,0.377627761202758,0.354727315645361,0.371033257878985,0.367065313868647
1623,0.436202314927237,0.399396524577334,0.416235362713197,0.411940336236052
1624,0.3788247397896,0.377688641578444,0.381090546368799,0.38015311507374
1625,0.377788348027701,0.377537570129961,0.377664441728504,0.37943172792422
1626,0.383123576165181,0.373905292405737,0.387834211726192,0.383547878039178
1627,0.12742890672011,0.0950994420826728,0.0952101974205811,0.0954405123253837
1628,0.377508644772231,0.370148332640145,0.372693108565541,0.372140948551815
1629,0.183321872843643,0.153141812998817,0.160126609573491,0.159871392039995
1630,0.278895884935774,0.261321596559248,0.262980208623706,0.262974056683678
1631,0.424170905154523,0.387597967549408,0.404558842464687,0.400495029416184
1632,0.32713884794977,0.310750443020537,0.318187679453631,0.316173480271909
1633,0.237157823845016,0.206160838484951,0.216769791143416,0.215340695392993
1634,0.382092730148437,0.358412161464538,0.364768345370692,0.360325055530995
1635,0.169417788757388,0.149539311335908,0.151630739637387,0.1497433098013
1636,0.35385551907411,0.34895948859374,0.349504423055316,0.34932830642204
1637,0.35610482004748,0.333331972478779,0.346563728907755,0.343227200147921
1638,0.144505751074853,0.11669312014988,0.121007460817986,0.121180943386649
1639,0.377210081067302,0.375736667219544,0.376055815101903,0.375408506053653
1640,0.39016469826741,0.379948709349456,0.384268969252034,0.383168822912654
1641,0.289377196754676,0.257707864743134,0.263561842521097,0.261442684253102
1642,0.378536738958481,0.374747890995739,0.381102426129014,0.376469939047239
1643,0.377564434919062,0.375923953582568,0.379543310053804,0.378327300554657
1644,0.308558980433178,0.276897290924467,0.290587773912313,0.287607314276555
1645,0.297759958875639,0.267978011143361,0.280697180345034,0.281003030976624
1646,0.365729385821609,0.358839622362575,0.365799508902681,0.361511683430608
1647,0.32347688176626,0.303970041321563,0.313296426134745,0.310179479741704
1648,0.586170231528641,0.552600195532483,0.564081305681291,0.560401316779797
1649,0.37227454227238,0.334172816841357,0.348971374877021,0.345480181295195
1650,0.38031768805138,0.377690106065358,0.377871174810381,0.375826525374307
1651,0.387901643553154,0.354047250493141,0.359448347381019,0.357961481664681
1652,0.302956840273517,0.2742986172807,0.286440376624952,0.283596310765485
1653,0.389908949572046,0.385221030779347,0.38626595698011,0.386401042983873
1654,0.364584819052829,0.351978720508653,0.358186673134013,0.356502337739506
1655,0.381198226295012,0.378591148330742,0.380664692012572,0.380058924266445
1656,0.369522955479368,0.366582224338778,0.367120128755339,0.367216997516715
1657,0.420125568362002,0.382670909262869,0.399784508648111,0.395566619967976
1658,0.360294701596241,0.341833049206924,0.349834325369018,0.347644526321151
1659,0.37188317687429,0.339720384273399,0.352752086505261,0.352806387626078
1660,0.355971512626633,0.348745242953171,0.35258978299625,0.351863411790792
1661,0.242623923681395,0.238096294831583,0.240033488337964,0.239814777211978
1662,0.34323876338738,0.323716664064999,0.326651685474022,0.325267323655669
1663,0.341484933809084,0.32851587209761,0.330144592523099,0.329656339305724
1664,0.20186305889261,0.180204709793454,0.18098420052728,0.180047396827903
1665,0.443094854163983,0.406522548619358,0.414565571839028,0.413530635344738
1666,0.395630176291419,0.389784218887173,0.390941011905541,0.390111607143137
1667,0.284021653050566,0.258548592179378,0.268034733763598,0.265393391049285
1668,0.443209068427321,0.40444648402895,0.407766680985657,0.407304996064832
1669,0.226880347680229,0.206553031100214,0.210766303385912,0.210615053377478
1670,0.326864495180159,0.295169227953072,0.310090005876863,0.310074185824314
1671,0.285129937112008,0.261735117838008,0.271553211149294,0.267830682457564
1672,0.335968638370476,0.302786641459401,0.3174422597897,0.314237754559089
1673,0.437042257105166,0.406471034137064,0.419665556551166,0.416155424136229
1674,0.401630050944097,0.396243527233463,0.396416434853285,0.396307241424845
1675,0.401673356119563,0.393407510912343,0.396618842524935,0.395849486127784
1676,0.29886832009326,0.271119801749041,0.282734278448985,0.281751296062146
1677,0.409972463359218,0.381680939645242,0.393970827036052,0.38903971174673
1678,0.397233791362353,0.386519513898477,0.390670326701556,0.389901288825404
1679,0.3837432727517,0.380025746289393,0.380994509604784,0.375271071430078
1680,0.381502723304855,0.380350968717959,0.38812792829956,0.382863146877012
1681,0.37337127241665,0.372100825561111,0.387548551161229,0.383461391697939
1682,0.268860350631078,0.251742577428187,0.257309946393322,0.255910858719303
1683,0.389732042648624,0.360759443991836,0.373757320200634,0.370250026561147
1684,0.370618085638501,0.341626349216161,0.352961330644346,0.351660683032495
1685,0.340723129833423,0.316945769892124,0.329312718888937,0.326466443277116
1686,0.251152076148235,0.22410097555232,0.235275573823413,0.232931060522544
1687,0.328500068262186,0.300955773133571,0.30100749151847,0.30062830850344
1688,0.420051718715165,0.394095967134803,0.404592106391197,0.400294782390245
1689,0.382079511971849,0.377644486536232,0.379716118419085,0.379162785556531
1690,0.222947791380206,0.196247773055431,0.206995805032708,0.204851086631661
1691,0.385411192857997,0.349647360275484,0.366085281423121,0.362215585775054
1692,0.431588834917754,0.415439286281734,0.423511698728083,0.42063537878138
1693,0.385015591224569,0.376413692082113,0.379194867389023,0.378472550301203
1694,0.365956114252865,0.360292836853242,0.362426023287184,0.361942106351458
1695,0.263696073170984,0.24345607724954,0.2525793460427,0.249406797858387
1696,0.372755638898174,0.356420868070051,0.366097936324243,0.363708758785303
1697,0.532310136474568,0.497085200860413,0.514575760027145,0.510541046246006
1698,0.286052656940706,0.269491740935178,0.274243939090443,0.273098635616656
1699,0.384575012436311,0.382929263962625,0.383272664174169,0.381815819749644
1700,0.146056407208852,0.12226391839645,0.128207060052461,0.126834648237372
1701,0.327602864699909,0.299092200526451,0.312021601724439,0.308856340219598
1702,0.265261755366561,0.236721752362193,0.241426045451588,0.239342007355954
1703,0.394606514647666,0.386927451160081,0.390305184239685,0.389372594548755
1704,0.323382000466139,0.294838604908532,0.30720593756095,0.303679929514358
1705,0.189455621241148,0.164209253610847,0.170651666564418,0.170366013846047
1706,0.378928538195407,0.375813626159905,0.377711086931634,0.376366580251132
1707,0.408649409621376,0.387936434447626,0.394589891626163,0.389735584436693
1708,0.417080843156207,0.39909771887387,0.406483816402938,0.404680457117708
1709,0.369149657731619,0.357269184686621,0.36022500703548,0.358348949349357
1710,0.24638494465523,0.217465360705958,0.220778120003876,0.219010922043307
1711,0.270400142478374,0.241110329428887,0.252793603858811,0.2523829470429
1712,0.356317582083232,0.342199503024945,0.352347984443468,0.349675869252819
1713,0.317277554329451,0.301717888318798,0.302910804465586,0.302639482354223
1714,0.331313662163459,0.300632162789342,0.316892055863965,0.319768526459779
1715,0.365061289610424,0.360585892213575,0.360978877639012,0.361028367322965
1716,0.381069816410494,0.364227994450366,0.372405483469098,0.370227189097537
1717,0.438404701376316,0.417184735779128,0.431429089558098,0.427479690412474
1718,0.326190078543243,0.324550656258904,0.325282271163461,0.324068330574655
1719,0.377987823693285,0.376327130643971,0.37713424024314,0.377100734566545
1720,0.365626694465767,0.332295885797934,0.347430640179002,0.343341104490789
1721,0.263045982742212,0.250510186414062,0.256212145646171,0.254631218347651
1722,0.28215794322126,0.275026011747004,0.278326608484963,0.278272318577658
1723,0.386210348068538,0.376762510484909,0.388034596569081,0.383420501744947
1724,0.442326858412489,0.404543573888882,0.422066229962775,0.418264524742773
1725,0.35785380187084,0.342220577504184,0.350371975590218,0.347026450401364
1726,0.368180420488593,0.36472906293178,0.366605989685732,0.366486846975938
1727,0.403690872830252,0.389767300768028,0.396246657735822,0.394157650213106
1728,0.316040555399598,0.28517372243973,0.297305222448785,0.299149554176014
1729,0.202225803160466,0.175643377712505,0.184609220245195,0.183031193280228
1730,0.379963686124075,0.36225241850604,0.36933082735754,0.369039244802246
1731,0.364092676686902,0.352573595985275,0.358920790619287,0.357258521760958
1732,0.275795227041177,0.244152021953869,0.256836597390774,0.254589020541413
1733,0.380842383967601,0.371677791634554,0.377084161658862,0.375345524030353
1734,0.358816081565524,0.347417697185341,0.350725109560104,0.350262599362216
1735,0.400682113945368,0.372957081964838,0.389582888046425,0.385597356043638
1736,0.295889944208735,0.266521662395994,0.279671882990572,0.277370995879524
1737,0.414176263662389,0.388603285986362,0.403732661123869,0.401271655928451
1738,0.211575563063968,0.180977618620821,0.189689367542097,0.188404709206273
1739,0.379326156146022,0.364153979777751,0.37198732741433,0.369873795431178
1740,0.378941514390944,0.377085029135553,0.378158987857124,0.37782250601898
1741,0.344953646061337,0.32923067536802,0.336234614004818,0.334356625212659
1742,0.380390883901344,0.377749974903589,0.378830872163575,0.378402514133231
1743,0.374992294687385,0.346482693466348,0.353571475082254,0.352931203190407
1744,0.291851475611915,0.266388150910797,0.276632879080669,0.274083264367503
1745,0.386382163205849,0.343836157427222,0.35986241644132,0.358114588734082
1746,0.452242742385341,0.414182319974079,0.431417570835713,0.42844694746525
1747,0.243136123179949,0.22485496198017,0.230595099659542,0.229074626880425
1748,0.122608847226654,0.121606747073924,0.121929144263256,0.121909848058475
1749,0.37552303836765,0.374718067255125,0.37508948106986,0.375009165366426
1750,0.119965481040321,0.0940822798783835,0.0959422379538551,0.0956217276144399
1751,0.382037273658345,0.366723403880112,0.377399979321157,0.375193503629844
1752,0.423825906169756,0.395443036857267,0.401814231948986,0.398032158042918
1753,0.196809111130672,0.169671698974285,0.178386897734914,0.1772465561057
1754,0.334720806644322,0.319821069238224,0.320517822935515,0.320326290600508
1755,0.384398847749451,0.383014471903862,0.383424689022671,0.381202204817772
1756,0.370333446072806,0.366893436593675,0.368558494842706,0.368089684942789
1757,0.378232629814347,0.377331852395661,0.377633987479783,0.368723834555839
1758,0.378753446305764,0.354994831811464,0.365337639211031,0.362491455060323
1759,0.425347766522637,0.401785540987827,0.412285158807447,0.409437712928966
1760,0.33827693458502,0.320742188265339,0.328490800471936,0.32646622247674
1761,0.21142776335222,0.211318123107695,0.211810732016877,0.211443622652801
1762,0.377759843794527,0.377732042972522,0.377734714845886,0.377732914068138
1763,0.262036481694629,0.234519429653251,0.239365731108348,0.237593584654815
1764,0.36674372169796,0.366066332154344,0.366888561029111,0.365622766076736
1765,0.347172046395666,0.339937035524098,0.357166935300221,0.353791055309385
1766,0.237448447436909,0.226186162957606,0.231391922128435,0.231318782060267
1767,0.300985790390174,0.276941284494006,0.283043646060778,0.281194733490923
1768,0.566942294011728,0.526374916719841,0.543320606182826,0.538036522435904
1769,0.348927267175649,0.336422179640772,0.342198346396029,0.340666845761146
1770,0.33936650881612,0.324508628361628,0.33154409773357,0.329328943351092
1771,0.381185223129856,0.374356437200766,0.377541234856231,0.376612233448951
1772,0.289973845688247,0.26794487863212,0.277007671165877,0.274563215634291
1773,0.400868905071364,0.362903887115633,0.378590158988728,0.37554184816344
1774,0.564106294776319,0.53334156272053,0.547639361882535,0.542209659049479
1775,0.129410522687157,0.105984271332922,0.111859947749946,0.112434965266066
1776,0.361659925730138,0.330913874771787,0.343802111564434,0.340471851780031
1777,0.384110835891337,0.378045390107138,0.397238687356183,0.393319181089182
1778,0.515205003802071,0.483957597915447,0.493804275647997,0.490972009675583
1779,0.376883321052811,0.375774551370175,0.375951584857901,0.371388992993502
1780,0.37166998038556,0.36596815474079,0.36852638400474,0.36790566999289
1781,0.290760510207793,0.259192870729285,0.271995067638975,0.269414918263033
1782,0.359861240548821,0.353840051590865,0.356580708412922,0.35589870904857
1783,0.110729106712232,0.101024623835182,0.10777069455754,0.106784271431111
1784,0.396030358588184,0.36181542416287,0.377241028025681,0.373061384969338
1785,0.372907967498168,0.362184530417948,0.37478651510385,0.370066286821929
1786,0.363924188460548,0.328915777421081,0.344752575514577,0.341134444466613
1787,0.378075062489939,0.369358353766357,0.388167633526672,0.385875357506639
1788,0.160933323442152,0.130997343665477,0.132129213031894,0.130624927233231
1789,0.378327885414579,0.36426285991982,0.38107536231115,0.376945497447042
1790,0.215814932076156,0.19036571432287,0.199803431191305,0.197909782002514
1791,0.382310631842958,0.381695573053412,0.402561029101906,0.398560568266955
1792,0.20831584455822,0.179108881300859,0.188221318629242,0.186888023039126
1793,0.394758242523041,0.365812797535312,0.38332232777985,0.379458759986452
1794,0.286099376134767,0.262634144261385,0.266643405988156,0.263291168599649
1795,0.389544656123981,0.368105060319573,0.3751100833007,0.37599446144505
1796,0.138133545925638,0.135866277273898,0.13671635957878,0.1365464703653
1797,0.376552063001483,0.375308599183084,0.376581187719686,0.376095061910351
1798,0.391297954740055,0.390152979833847,0.3904625555896,0.389507509678431
1799,0.187991032822698,0.164150435874214,0.173051754440788,0.172595539740937
1800,0.399020873608649,0.388549511947299,0.395981632702831,0.395543466915667
1801,0.369267759598071,0.366229297054313,0.38059404880878,0.3789030380837
1802,0.362247562633352,0.34750962910555,0.351918462141804,0.350821584275717
1803,0.336777872567348,0.323105616461833,0.328692768309145,0.325972250666551
1804,0.412072141175313,0.380621247303928,0.390376557747339,0.388028528660468
1805,0.438156477203329,0.402281631373017,0.413257646343583,0.413224204789973
1806,0.121611328682236,0.105681054725327,0.106384460735614,0.106237271342845
1807,0.377860122349835,0.37577232351802,0.376463740032395,0.370991653359273
1808,0.36345250969015,0.36154949210999,0.361559799857263,0.361293804982979
1809,0.182233709087588,0.158868517094617,0.169961546011641,0.169820257646803
1810,0.393505175883709,0.360642531352977,0.375164476992525,0.371464218732078
1811,0.377820809249782,0.372537962336228,0.376316448506413,0.375506068360376
1812,0.377714908754296,0.375852318336455,0.376807007174704,0.372867325452476
1813,0.377843677433084,0.377704124717382,0.377739858396068,0.375851223059736
1814,0.415778575477655,0.400765002971576,0.419522296161993,0.415184435104562
1815,0.118847501091006,0.10250531880113,0.106191198013065,0.105168735287195
1816,0.378924771709953,0.378191486854774,0.378548954597348,0.378429515374181
1817,0.375050920713015,0.363095155100306,0.363700575470862,0.363693660071879
1818,0.37753906475306,0.3752347332379,0.37607728877006,0.375915361799365
1819,0.376470572066024,0.372702994434577,0.379803507182773,0.374616835621465
1820,0.379649790502061,0.378617582136526,0.38398199291567,0.37898907151741
1821,0.412384098010489,0.383680915392146,0.38397508907875,0.383927064081418
1822,0.158756155260918,0.131902777690798,0.138299660647038,0.138674029959397
1823,0.375232694180941,0.37338585511272,0.374236865879863,0.374201038652241
1824,0.204248500224127,0.204047811649162,0.204154749126494,0.204131588027047
1825,0.369642730271825,0.36571169710165,0.365977166035831,0.365955867084255
1826,0.246256021232965,0.230004088537916,0.234634677707523,0.233325412145543
1827,0.194043039521129,0.164722399785963,0.172612216793943,0.17371143192111
1828,0.336909454676512,0.307883507245351,0.322347821651366,0.319641007589844
1829,0.42505909747275,0.416050685772193,0.41629695091702,0.412673265723664
1830,0.381513771024745,0.374632957907003,0.37756416921942,0.376791855564824
1831,0.316316857910425,0.284335957741,0.298595860718046,0.296332494831488
1832,0.371526723237077,0.358118873377958,0.363713646185403,0.363420506547082
1833,0.234175366215951,0.206650915279569,0.217412981913335,0.215436063889184
1834,0.343859514408473,0.343261403840627,0.346847251373006,0.345891603591303
1835,0.422847624839209,0.407574899046377,0.41461477037099,0.412829804146389
1836,0.38077361656833,0.37784101510756,0.378063785903704,0.372788346001188
1837,0.414378462653745,0.399527955818423,0.405748715157136,0.40397222646842
1838,0.40015676254546,0.382045110630117,0.382543341287778,0.382391405960595
1839,0.381352080827476,0.349117277623529,0.364301349058872,0.359661891600106
1840,0.384171360965791,0.374246804732453,0.377923022098801,0.376859392491728
1841,0.388663159949376,0.364692577081193,0.370180762026403,0.368844779201773
1842,0.269885737294168,0.239310157447759,0.251493063604391,0.249191211780329
1843,0.374617729622095,0.369050001095028,0.370597280429931,0.370093569295217
1844,0.361239867578969,0.360827644804635,0.367632917985032,0.365949681924087
1845,0.350690583925374,0.318665627013786,0.332651699105779,0.328909821182544
1846,0.446675150077225,0.410621133037556,0.428496319644218,0.423942613975485
1847,0.322034352152991,0.290805266722648,0.304410321878612,0.301307187289803
1848,0.347908511285549,0.314285205043201,0.313346912240537,0.313285739860175
1849,0.376899078340871,0.375447562314051,0.376000377013325,0.376058026710994
1850,0.371599838997783,0.363476089651534,0.36676267808478,0.36595116919008
1851,0.382647407753902,0.37420237508816,0.37923874632991,0.378046301573383
1852,0.280407511030071,0.252786596345112,0.264997435076352,0.26217807294264
1853,0.35726941481775,0.321009561214386,0.319709951560328,0.319729921045859
1854,0.372082674943368,0.3591842526521,0.364885465550242,0.363046822535299
1855,0.393524010099263,0.388251862548205,0.390212166237881,0.389731985450406
1856,0.154952711983411,0.127364446303789,0.133153165976545,0.133398997685726
1857,0.378923188359287,0.378717619260817,0.378748585352165,0.378648156503451
1858,0.382249345715681,0.371086098805448,0.374302490835906,0.374103603937035
1859,0.3825072287136,0.338276138759748,0.354234572965313,0.350789816708409
1860,0.367470595673982,0.355517387050977,0.360926378775639,0.359396193588509
1861,0.381824819085461,0.380785465513072,0.381253380565464,0.375788361931364
1862,0.358464358043996,0.350948274495951,0.354306899632122,0.353441107079184
1863,0.337842608752277,0.326408838651939,0.33176443705678,0.330413234990529
1864,0.391390924107909,0.348441948044821,0.358184724090961,0.3543102514712
1865,0.367712765714655,0.335610090980085,0.347241492589413,0.3441183374611
1866,0.585234636597655,0.552103108409217,0.571363012032744,0.566150396065123
1867,0.211963192140759,0.190104002541108,0.198254713542946,0.198405926037221
1868,0.380305812511082,0.366482940257249,0.377991950437767,0.37440085512257
1869,0.377460390010235,0.367185242241305,0.372810165731881,0.371297508994993
1870,0.374680607109522,0.373143056132167,0.374909012118456,0.373702805553239
1871,0.263847727012348,0.241156328234254,0.244154236570378,0.242375878687752
1872,0.331653094952174,0.299821511865947,0.302134293714884,0.30023672649347
1873,0.283678518113032,0.25418197360789,0.253079480230236,0.253082837552975
1874,0.389693413943122,0.383637797728452,0.386674183488477,0.386292987431539
1875,0.348046265436599,0.337829957546688,0.342050201588697,0.340911089293886
1876,0.371882959493338,0.369266881733933,0.370346396390039,0.370044872338136
1877,0.390266880598878,0.373371875151051,0.375932506907462,0.375211626591085
1878,0.184188160592692,0.153918210592698,0.159116834631403,0.15804976788295
1879,0.270201027471561,0.239804646821187,0.248713497361848,0.246575368097621
1880,0.381992123499094,0.381826567009697,0.382722522709336,0.382380788542618
1881,0.376480223080286,0.373426522378837,0.374202976168717,0.373958248694232
1882,0.36461527383538,0.346586087634864,0.35454069354351,0.352301765319324
1883,0.336249877899497,0.318209840340978,0.324660257022628,0.324773809741149
1884,0.293848079629145,0.266552937437088,0.278432448830937,0.274462792981044
1885,0.183705994668655,0.164200459644782,0.168372489270742,0.167634364737831
1886,0.359343665716144,0.349814438074053,0.355632941062907,0.353277319925727
1887,0.112055984097515,0.0789399299536553,0.078589834109257,0.0784636108544614
1888,0.419999005750968,0.378579532879162,0.395691509969406,0.391515923534428
1889,0.429057877972465,0.393852801965529,0.411145685366961,0.406942951880529
1890,0.405411065998457,0.400303810158006,0.402614125884487,0.40219165872677
1891,0.390261795903987,0.372531407853379,0.380519355499252,0.378583485786575
1892,0.126549224206094,0.098997820188394,0.10128174757233,0.102502791805021
1893,0.282397444345638,0.258955313460186,0.269522365325759,0.266424598793591
1894,0.368449000858191,0.340964693450165,0.354488047491371,0.351105793252482
1895,0.369987048257809,0.361647170489203,0.378244660819391,0.374115983499662
1896,0.324030002900215,0.290861830028957,0.304868959719017,0.301818364819663
1897,0.204483562477361,0.178308155345463,0.187611382404475,0.186855027716681
1898,0.201224144708618,0.185358163407151,0.188222460069175,0.18800286289918
1899,0.181353415478929,0.151112527585633,0.157163486742328,0.159532938906366
1900,0.394907738174966,0.359575697546894,0.375389942528264,0.371474863643778
1901,0.411649430875065,0.399362169468845,0.403951656203672,0.401508991600177
1902,0.35108361369291,0.33832880687819,0.343996158886868,0.341989404942869
1903,0.374432523119319,0.372895496844006,0.373622179425239,0.37358676730745
1904,0.361779745992854,0.359069261388256,0.367000426492908,0.363905408244151
1905,0.269181758389111,0.241076832016056,0.252310667906411,0.250117810920618
1906,0.406830649620967,0.374988709458901,0.387200701230852,0.384489045946081
1907,0.340029164543856,0.335378886923016,0.336645298782028,0.335913773793223
1908,0.255439945879067,0.227509025098685,0.239321570543379,0.237301946252667
1909,0.324631909857037,0.303187424321468,0.314933875231203,0.311561816159037
1910,0.338302026312517,0.3307228811416,0.331711451751687,0.329930694844824
1911,0.369264539166284,0.364540747709812,0.364014844055218,0.358724646705501
1912,0.343900908746312,0.339421122910984,0.339527905904663,0.339492473999999
1913,0.377852197537071,0.376578648826428,0.377100201762221,0.376979050381716
1914,0.377412292591887,0.377324050910606,0.380243934781078,0.379514555120673
1915,0.389665440888943,0.3781136046845,0.37923993616483,0.378893362568534
1916,0.428272380063255,0.406050845966112,0.418426031624307,0.41534443396602
1917,0.443261539619061,0.409338216306063,0.424796942023058,0.420676851416383
1918,0.241008191584259,0.210492713774296,0.219064262098961,0.216825923650015
1919,0.269722667462648,0.239772799423074,0.252786428082371,0.250553028776737
1920,0.377775397649446,0.342816474742597,0.359247769433337,0.355709932591681
1921,0.309632021744071,0.2978250903828,0.29826002252598,0.297826428118492
1922,0.12887251078643,0.0949796140832482,0.0940147551040937,0.0943510228686623
1923,0.375735538954979,0.353431309427208,0.363426766014613,0.360723317104038
1924,0.357761535893626,0.347580317967316,0.350475100556757,0.349556733536548
1925,0.39730975072547,0.38146271880517,0.388637789174044,0.383971186970207
1926,0.479805218398692,0.460419682179345,0.479863987094227,0.475529233861073
1927,0.14904188375093,0.122400317922011,0.128167306342406,0.127565517434472
1928,0.171966037056759,0.144060510158005,0.150676176357376,0.152459255661889
1929,0.128591808855515,0.0951622300968429,0.0946626126660981,0.0950263036653162
1930,0.345929452790019,0.31193002619181,0.326688609491922,0.325859515189438
1931,0.292360126729854,0.273470221767373,0.283030731164875,0.277722315025786
1932,0.366933653260823,0.362271882971692,0.364364575157665,0.363870050174109
1933,0.397449546738366,0.360182556995098,0.37612044347227,0.372097234602528
1934,0.349599979674509,0.329048095414393,0.345843561506662,0.344774304458247
1935,0.371558739034845,0.369273061690116,0.370173078148241,0.369517834631841
1936,0.387367193982473,0.385712826546128,0.386407676636155,0.386243552173221
1937,0.376649209171027,0.350054272022131,0.363152335284346,0.358735221015636
1938,0.234645903170951,0.2090026345696,0.221943701365145,0.221796381950449
1939,0.381314872951449,0.349540628985073,0.364633259678631,0.360980822444503
1940,0.36760555808531,0.366334183787198,0.380789965681176,0.380059280920244
1941,0.380361171703203,0.373154657751076,0.390165195222821,0.385806163546392
1942,0.272661527289564,0.245415522101913,0.258073859234828,0.255436041432903
1943,0.378576069555633,0.377932990730062,0.378156751726314,0.373284524822374
1944,0.436035668931548,0.399624527341805,0.409355342782376,0.406993700196565
1945,0.39987433297211,0.388544133797923,0.395183649146874,0.393823252091821
1946,0.369120111099579,0.36392974496963,0.36709749756161,0.364555463224963
1947,0.379924081473182,0.374820507502247,0.377274146819601,0.376652037545406
1948,0.357015892842269,0.337478928070344,0.350075380888291,0.34540902779651
1949,0.393874224628331,0.389341707134664,0.391432878082049,0.390647027309501
1950,0.401222025815313,0.366837350820603,0.381443400875886,0.37718304314948
1951,0.322047874980114,0.304900068955107,0.31204767191478,0.309894951239204
1952,0.383048537198897,0.374350579152877,0.375849063583312,0.375443543681515
1953,0.363909378853612,0.350843920726813,0.352565130066369,0.352320694033591
1954,0.52850865308146,0.500256274540223,0.513052831986166,0.509059803819574
1955,0.34300784697876,0.341794028928625,0.342130926103827,0.342137558066218
1956,0.271587487240338,0.241878278310709,0.250841770905929,0.24838817064247
1957,0.289288380187284,0.261409184805739,0.273754566077427,0.270860073302109
1958,0.389912191697061,0.387047468768726,0.394889444819245,0.389777308790018
1959,0.377950941185024,0.374003138114997,0.375270736863191,0.374746820833825
1960,0.39239555182497,0.391125678748016,0.39263428228398,0.385511748820115
1961,0.169368076169649,0.145064020400572,0.152723701691962,0.155363880064117
1962,0.179973027016874,0.179427207103623,0.179741470114292,0.17967008428551
1963,0.384133302244919,0.37834076119418,0.383141314679072,0.382139576567712
1964,0.200502746136458,0.17542226476243,0.18484945170207,0.184444772389368
1965,0.336322741236013,0.3078620042123,0.320186789269166,0.317173444347893
1966,0.124327122105718,0.105780780303953,0.105850011167652,0.105844016173281
1967,0.381965469252482,0.3802995035504,0.388609167267702,0.383693061148273
1968,0.385626004779449,0.384471870268736,0.385135981308444,0.379762929285791
1969,0.331180856499527,0.31819646336332,0.319644756726341,0.317148229222611
1970,0.208105445190006,0.181206549986976,0.189843556784037,0.189713703585058
1971,0.394717573505749,0.389673812329323,0.393161734102283,0.390695108469062
1972,0.377387410723411,0.374045968777132,0.396633552746691,0.392908679696098
1973,0.366246377684521,0.355084280027112,0.358910946986768,0.355781148368215
1974,0.176727484162629,0.150435598627304,0.157909843273238,0.157077993556642
1975,0.392297007026525,0.383297335907901,0.387300171449552,0.381258605846718
1976,0.403535188366917,0.366212905110555,0.376951108368842,0.375534884826235
1977,0.195372688863977,0.180099221466212,0.180810938647002,0.18076402325194
1978,0.371624985342558,0.370485930706806,0.37173147468586,0.371449483206882
1979,0.161316576940418,0.131467566684856,0.136417926314567,0.136430135406408
1980,0.428544286714847,0.400031813214076,0.418009861225573,0.413502372892224
1981,0.280905361801842,0.255149567294454,0.266113843131552,0.26294684151876
1982,0.328667598946112,0.29603062069486,0.310889868155758,0.310142219724195
1983,0.369254543916664,0.336165475865475,0.352999998005578,0.35052171862594
1984,0.358555090086321,0.357899464276565,0.358277226239017,0.357862504001069
1985,0.355394378492643,0.34035642707365,0.346450882028489,0.344815353288545
1986,0.432526540164442,0.396221660969267,0.411728688634645,0.407598709797761
1987,0.379432226372093,0.376309217011344,0.377493487095876,0.377517063434564
1988,0.33535189739807,0.331451549294808,0.332414208049795,0.332731063006534
1989,0.330462738060194,0.300825056358604,0.313951667572485,0.313481135288782
1990,0.371568375476325,0.356672993758096,0.363283756385047,0.361528639044836
1991,0.374042423894279,0.373297370091965,0.374331370853422,0.374157118028067
1992,0.383845502187216,0.381167013877169,0.38278444435629,0.383003691784844
1993,0.337379611307886,0.307453082892019,0.320148881396628,0.317152129785182
1994,0.351547089600917,0.321636198108648,0.338110187377499,0.338101720558392
1995,0.372567628106286,0.37219727557283,0.372327092379116,0.372226413803319
1996,0.266037506789861,0.237696410703555,0.249710444204055,0.247254983065183
1997,0.41083710245828,0.406003237414421,0.406285482757253,0.406281947575867
1998,0.37662915165665,0.375298208029825,0.375301655856318,0.375296316064199
1999,0.19123063592301,0.164259851936083,0.169795956612843,0.168443350001692
2000,0.381154346895328,0.379237918309956,0.380677941166239,0.380546544277916
2001,0.214649171516047,0.19543867088336,0.202554257991777,0.202471317552659
2002,0.396241590239942,0.391403513524957,0.393377286371409,0.393054909135315
2003,0.368260945258293,0.35875987110387,0.362226516296301,0.361318488518667
2004,0.385383349424773,0.380656570972753,0.382713009996206,0.382039545654538
2005,0.157882149674269,0.128942380043479,0.12997832755593,0.129442660280184
2006,0.378784759907022,0.37791867771234,0.378272551602694,0.378186287419908
2007,0.384570613959913,0.383478847545183,0.38419759255859,0.382342090091223
2008,0.37597329748183,0.331371086735172,0.347099686727418,0.343466227642523
2009,0.32520176216219,0.303691327169825,0.312800622610379,0.309918999996703
2010,0.386676958649057,0.384128636187995,0.386832705478551,0.386280807054712
2011,0.201995632147404,0.174036989228844,0.183801801237327,0.183161179516137
2012,0.378271839270271,0.370984645878617,0.387913535694136,0.38372040704537
2013,0.439165104292306,0.405985926967138,0.416826044914357,0.41292350922561
2014,0.382199194009207,0.35435227489217,0.36619658362686,0.362984519038383
2015,0.410258284661557,0.381847092294868,0.394542673657501,0.391042974005797
2016,0.378813061220775,0.353066581119426,0.364125151001492,0.361146654283947
2017,0.153734723027207,0.125938372962672,0.128618347456192,0.127443796802155
2018,0.332501618796503,0.328049654351474,0.329678203868355,0.329317623227562
2019,0.321909695053812,0.303004637998481,0.311507492625931,0.309749895888189
2020,0.341429124925408,0.341410038192324,0.34145018937091,0.34141691401158
2021,0.212262321153343,0.202445895345736,0.203548612401171,0.201430062924033
2022,0.221378353363519,0.190601117474635,0.187103166883265,0.187098343276654
2023,0.186610270478533,0.171841003928397,0.172026489201083,0.171800170022637
2024,0.384925531149888,0.36870843785655,0.378673986825262,0.37423166246171
2025,0.356400663765219,0.354221159303655,0.355458356945096,0.35197732696127
2026,0.269865675816601,0.244244095115262,0.254511951389977,0.25172294226313
2027,0.191419929145015,0.171360588976102,0.179045834381285,0.177528213253204
2028,0.378429298481716,0.37361464378864,0.375723043133024,0.375231867591212
2029,0.404178083050202,0.393576153931625,0.398055845955056,0.397339955099571
2030,0.377576731497155,0.376825431361816,0.377404475660973,0.37369493627474
2031,0.378756405721294,0.377863517159646,0.378083069954786,0.377831955579009
2032,0.376047127291244,0.373909787292855,0.375818222851364,0.375282752984051
2033,0.342456894263872,0.313115476576044,0.326671487894579,0.323322682414534
2034,0.376224034973828,0.375953472706468,0.376749541783912,0.376673465078296
2035,0.250392799038202,0.219371909073765,0.229458884739757,0.22723629816577
2036,0.358281583989967,0.357603408723567,0.357774124447383,0.357681822296561
2037,0.38784485241268,0.380485138118734,0.384177928900714,0.383163204710495
2038,0.39212378191593,0.384236638116899,0.386708242747206,0.386153424370599
2039,0.289891941406384,0.260471639823753,0.273643916921183,0.271919360487335
2040,0.389249051514845,0.386765121373068,0.387119541042294,0.387099209602356
2041,0.178361942977543,0.154580847863938,0.156308594670613,0.155058684336129
2042,0.239958856981427,0.218423199868125,0.228058542907081,0.225541005633041
2043,0.377275162231288,0.376347010088088,0.376720587919467,0.376714886947013
2044,0.374939159193074,0.369035991814601,0.371726077799375,0.37199429878645
2045,0.406971312831467,0.386052307083979,0.398142967961569,0.394711002834412
2046,0.416501029704546,0.39342483981264,0.401758346425082,0.39743824625059
2047,0.342823432496511,0.327886476329746,0.334137465494093,0.329319267076734
2048,0.150705746206713,0.124053261970552,0.130203351720933,0.130336964293764
2049,0.361040627736269,0.330884784993855,0.342919625623946,0.339699887528709
2050,0.400917460518563,0.379978276962677,0.389717250289032,0.386503589848905
2051,0.384412173991157,0.382110562850215,0.383358311895739,0.383300027672967
2052,0.378123088538154,0.377821272735126,0.380398937039299,0.375547167948216
2053,0.404845474178723,0.400086751227353,0.417275079683944,0.412679914862013
2054,0.267760483745452,0.236309977473346,0.234870971474123,0.233441552240522
2055,0.37570387861517,0.342106769718264,0.355658096830465,0.352088227215693
2056,0.417822635225538,0.400234176987293,0.408070170675007,0.405985577855282
2057,0.354812465828037,0.346478256664897,0.350202478379966,0.349229147628663
2058,0.238435178479574,0.211508741655334,0.224234982732383,0.227029274575222
2059,0.421901087517277,0.395543385639794,0.408248150781889,0.404730581833954
2060,0.207687373109007,0.178619692946599,0.187512068439678,0.187033317564103
2061,0.37142016511815,0.354405357690231,0.361162114775094,0.358978350813103
2062,0.377332232646092,0.377045603178941,0.3771709362519,0.377125081472556
2063,0.389817543914261,0.38408901599804,0.384640142665908,0.381133848658268
2064,0.222922534851236,0.193202035524545,0.198104724389258,0.196194657044965
2065,0.333743368183629,0.319863435627318,0.339961527971493,0.336396820189887
2066,0.329871691495442,0.297345370446162,0.311777027837275,0.308839940887005
2067,0.433688143433779,0.395663591510413,0.395272257489745,0.395284951108255
2068,0.371599126081589,0.371239100766175,0.376409278082734,0.374834596708359
2069,0.368425475855884,0.342949641387841,0.343506080444821,0.343193734505275
2070,0.393332301319552,0.385271895732307,0.389850025104748,0.385357560686492
2071,0.365654515982217,0.354748283348378,0.357688551690859,0.356883701964794
2072,0.369424799054805,0.365334829530357,0.367078186836659,0.366348358783859
2073,0.37589979044274,0.37479393879425,0.374970536138837,0.370247372808705
2074,0.378249121956662,0.37561105813193,0.381832666027935,0.380081201191282
2075,0.381345580481743,0.377796459775103,0.379131914380908,0.378785000563036
2076,0.380928966797782,0.37650895621126,0.396985564527168,0.396292961690363
2077,0.376655308229786,0.339899075168517,0.353927251872752,0.350220488023971
2078,0.376499855181544,0.375033785158905,0.377718780001216,0.376720716035873
2079,0.353775857389161,0.353606683729786,0.353641909352238,0.348912820284409
2080,0.322482243717465,0.288954389587282,0.297797882246667,0.295409929659375
2081,0.343259720479326,0.316134358333294,0.328916251972216,0.325717163158717
2082,0.414720509766116,0.38063393699669,0.396902367712115,0.393454342482641
2083,0.340905851220812,0.328097871002686,0.334138169514088,0.331729181283578
2084,0.436813156610987,0.414832033280811,0.424426921029784,0.422093346655895
2085,0.379372859009881,0.376307557500249,0.37774689421111,0.377382506070968
2086,0.395822564327166,0.389591836361344,0.389989328798439,0.389568725527171
2087,0.321680540625602,0.305052276999679,0.322797114564419,0.322981695587814
2088,0.369196730631076,0.333676428544914,0.348432458089842,0.344820903353776
2089,0.205073443760317,0.181561480196337,0.189784422955879,0.186481742123065
2090,0.19565930949412,0.168993317916429,0.177183932360745,0.176205975397657
2091,0.316341072117453,0.284553233894828,0.297182850339434,0.294072980400892
2092,0.389739975088742,0.37870254364264,0.383352173414977,0.382168917181801
2093,0.36980275362533,0.339084414049835,0.352772898238339,0.349142444883676
2094,0.20444958573905,0.167898808752389,0.17547163590349,0.17447036893695
2095,0.32822971106494,0.313569696232206,0.319884862249042,0.318296856562305
2096,0.280838826081415,0.252997637411908,0.264704629107792,0.261638131899032
2097,0.378889097133587,0.373512865565601,0.377418150986725,0.376257663394476
2098,0.382113600389318,0.379054215846956,0.380125501139466,0.380259956339048
2099,0.374353102901874,0.371090024348434,0.372919452402557,0.372463756493918
2100,0.200981110949445,0.176154559228778,0.181694960443026,0.181654651627056
2101,0.381506388438173,0.378366823665637,0.379839393356831,0.379480347640187
2102,0.314965452087689,0.287359052371535,0.298727225285044,0.297699403117329
2103,0.217392339975298,0.189491972051681,0.199457772129362,0.197930944593819
2104,0.348507433363858,0.340580616365797,0.344402754690686,0.340287820338871
2105,0.362113953586554,0.360047950969851,0.361106331169186,0.360975578356139
2106,0.267779282904401,0.243210087017581,0.253341342966619,0.249562515180657
2107,0.157802992737139,0.157619438433899,0.157934730183872,0.157863892625328
2108,0.375738819925798,0.373356584374927,0.375745995935436,0.375066519444979
2109,0.37139822825138,0.364358193067306,0.368366472000624,0.367209302654982
2110,0.383819936097926,0.383368323217387,0.384586131376632,0.384099209168679
2111,0.274139160812866,0.241922249655755,0.253262161820735,0.250508637721852
2112,0.14573008092218,0.118753238534175,0.118698823656938,0.118623769473918
2113,0.293646758463384,0.283563930565643,0.287006708190114,0.286133716689061
2114,0.382224456147189,0.380679649528163,0.382016033810471,0.381671993802832
2115,0.374971054001206,0.371334501200501,0.372932206983648,0.372720253498949
2116,0.374422921967768,0.373576555412526,0.373858405138306,0.373689638077884
2117,0.316041111990352,0.290971719471987,0.30224238483521,0.299378891823
2118,0.377808139456492,0.355540987892076,0.365797477091509,0.362992370468878
2119,0.375919661818384,0.372353279838589,0.383106471844868,0.3806692563027
2120,0.329331098562871,0.313460430441431,0.319388285142777,0.317799538930147
2121,0.221288060678619,0.204354487575867,0.210479764885636,0.209257717769063
2122,0.238100609939421,0.214886247723099,0.224876082617533,0.222529241584044
2123,0.379960936674671,0.374189205839412,0.376619786100984,0.375929596106504
2124,0.253971903267138,0.224131879575703,0.234890949173019,0.232657700712932
2125,0.374129412993154,0.371445065483577,0.377351102984542,0.375413102075786
2126,0.425151466369704,0.404029679138394,0.40429001924094,0.404224825222917
2127,0.319112170750528,0.285990764407915,0.291902214707329,0.29146394641703
2128,0.358558705991911,0.357558106938083,0.35886443099213,0.355072444031261
2129,0.388903004408539,0.385840562198521,0.388950915168486,0.387849042442904
2130,0.365132897417303,0.332286466062894,0.345848990487834,0.34165330168959
2131,0.200244755120188,0.170254331663445,0.177580495010653,0.176564585251458
2132,0.377837050225463,0.374441562101255,0.378593794863888,0.377343179406867
2133,0.378203717688122,0.378142129945453,0.397545827617142,0.393504409782504
2134,0.306786378703983,0.273897532251228,0.285575134474515,0.284963715743006
2135,0.416309112326733,0.379106517328904,0.394768423536858,0.390494707370037
2136,0.377956468216917,0.377908952835608,0.3779242349935,0.377739760652637
2137,0.37519732255012,0.374770269950807,0.37555986359635,0.375367106073227
2138,0.417322675740655,0.381183655120525,0.397942971019783,0.393556373931811
2139,0.104278649942551,0.0796523002277147,0.0818300311618272,0.0812114993998479
2140,0.378471520830591,0.370486262679713,0.374140845876888,0.373199267781216
2141,0.354869206434468,0.337701732706368,0.34535602533397,0.343333661744164
2142,0.404514584437448,0.388083989057945,0.394081992574444,0.392948964944333
2143,0.314787028355482,0.287607125708727,0.300148213859976,0.296627154974176
2144,0.170942738340982,0.143459560781972,0.15066539492186,0.150815982095145
2145,0.386233439904192,0.382279092638262,0.385503486734988,0.383670813505604
2146,0.275351935606774,0.257065616757438,0.265951959875661,0.263766436807528
2147,0.334695056446714,0.316790546636044,0.316881384309536,0.316656372485564
2148,0.316820993164551,0.300128177435771,0.30728899994545,0.305169860275965
2149,0.424834224728208,0.414291925119875,0.416636508309821,0.416264792052894
2150,0.376747293767177,0.365201408709995,0.370220402041853,0.370235162777154
2151,0.330132297074886,0.320374217877589,0.320993917428147,0.320814314652742
2152,0.205554657432429,0.175286746359968,0.181373229276777,0.181310919267282
2153,0.380900529103549,0.379953234111076,0.380611478514506,0.38048909701607
2154,0.147009563006169,0.118465555020577,0.122156927970305,0.121344231174044
2155,0.377927905153642,0.377910233685832,0.400802397691095,0.396667559940576
2156,0.355458085309339,0.34291458110474,0.348476611406667,0.346994862270828
2157,0.378328037445535,0.362594169854241,0.369243036492791,0.363096546450701
2158,0.309201905952076,0.29220616378488,0.299601839684515,0.297726582235838
2159,0.380517833637021,0.377424728320174,0.396216702297792,0.392021753178546
2160,0.373055096753881,0.371692490094193,0.381077027597778,0.378582481419148
2161,0.330131399308165,0.300080701881309,0.315366424854069,0.312620922698884
2162,0.215410308642281,0.187796462982443,0.197945233725508,0.196369639258209
2163,0.38244776184242,0.378920211342605,0.38058447200161,0.380480287030247
2164,0.377507258324361,0.377057084487021,0.377239449285931,0.377232323027946
2165,0.376826922763216,0.368161909100604,0.371873641904649,0.370946809693659
2166,0.377704897656403,0.353479682285,0.369612937196489,0.367098973739644
2167,0.244712964470899,0.215834066919505,0.227099873168675,0.225305815771957
2168,0.397470326436824,0.382262954905234,0.391699674459282,0.387555392560321
2169,0.342282922888055,0.320773700986357,0.330186885105581,0.327662632719482
2170,0.446622521827807,0.414756415740969,0.42296098745228,0.422890426029377
2171,0.38171586616983,0.379204891083915,0.399867093165847,0.395840915838279
2172,0.361050728456458,0.358528637075944,0.369236272134504,0.365385245243404
2173,0.199260002988772,0.170927554443588,0.179145738790973,0.178113270260154
2174,0.38855351261376,0.382092896753891,0.38518507431008,0.385167517304264
2175,0.388236934618174,0.375906511124194,0.37969343148554,0.378644120243747
2176,0.235333167850033,0.210971273300279,0.211301862096447,0.2113048735134
2177,0.171503594189941,0.148805450474963,0.156478539961972,0.15509578623026
2178,0.233310990459136,0.207800946845096,0.215355258689384,0.213095705209107
2179,0.410994774160537,0.400458282958325,0.403282663203545,0.402994899117832
2180,0.429170393139176,0.409809399842064,0.418034618718563,0.412320756819353
2181,0.435485918163007,0.397244546556225,0.414453121979015,0.417026311625259
2182,0.374806519798166,0.365663419931948,0.369365984120708,0.367644066040758
2183,0.414254810819185,0.408233785303433,0.418001097095,0.413228867491918
2184,0.397944556714255,0.382190576324151,0.38887599914627,0.387042871738828
2185,0.265539849500595,0.234585187668839,0.246738848365721,0.24483456113369
2186,0.32366396023127,0.302324254525045,0.319884264266073,0.316678418154325
2187,0.289286743670301,0.263295641708304,0.275032853914816,0.272055850739896
2188,0.428383472569493,0.407577328034689,0.414120862771373,0.413816365683245
2189,0.377794848612437,0.377048398321205,0.377437649072574,0.377135520133409
2190,0.407965430810774,0.396007108744393,0.401181440073506,0.401805271043024
2191,0.25317675572978,0.22322930664122,0.233740443463462,0.231389163780498
2192,0.176882145530263,0.15142286728209,0.152545688977432,0.152345522106888
2193,0.388607517300946,0.355628517829307,0.37184495511469,0.368684396187422
2194,0.373571570385919,0.340188419412258,0.355796175883641,0.351836102490835
2195,0.408692147442053,0.373508108047299,0.386700526063685,0.38391408719882
2196,0.351658170722325,0.332791225460592,0.341413269010553,0.339090351962873
2197,0.382857074093665,0.375542590350426,0.377668298722758,0.378214414551883
2198,0.317378022394278,0.304927297987285,0.312395693344736,0.310696366953725
2199,0.377823704447003,0.377816221957135,0.377918625927952,0.377798666510453
2200,0.356881268843165,0.337905159919551,0.347540563439442,0.345205131226067
2201,0.289429993895268,0.255085265321229,0.265328954504031,0.265995378056889
2202,0.397866692216201,0.386028976664852,0.390495792293434,0.389782249201935
2203,0.23253538191154,0.2184171140887,0.225503963831311,0.223601046084617
2204,0.381573875749919,0.376792466478942,0.376920014126917,0.376938166244387
2205,0.20765991841589,0.19580418137717,0.197841900607804,0.197389581845698
2206,0.218817682676812,0.189876172355172,0.196573828912508,0.195372487824517
2207,0.400004266296889,0.391464757458795,0.395308545890636,0.394724165531442
2208,0.376212665163575,0.372411681972423,0.373055982994817,0.372296041971079
2209,0.396254078687947,0.394848613659012,0.396467867861029,0.395878352999583
2210,0.377729157064518,0.376961507630196,0.377064330323345,0.37705739056857
2211,0.373698734762224,0.36769005957494,0.368054906933292,0.366294817388982
2212,0.411061647254857,0.391407526524877,0.397930175658812,0.397589309324737
2213,0.172709789365692,0.170378689601326,0.181830474772445,0.179477793588625
2214,0.366111221118296,0.362184593241384,0.36368832430934,0.363302627892252
2215,0.297428842054622,0.289468348573039,0.289848729321457,0.289756751569342
2216,0.378868306177527,0.378325727381981,0.378411471908509,0.378404336910919
2217,0.271673065141657,0.246534614729262,0.257593024287888,0.254797040618772
2218,0.387126254970935,0.3623465077233,0.377972513814905,0.373168538405572
2219,0.374100052368023,0.34891551954169,0.361414078565728,0.358191016720503
2220,0.345733199910548,0.333564617208389,0.340676219332239,0.339071898537664
2221,0.338446265964429,0.307022303002429,0.309866890146668,0.309464952250921
2222,0.378732907552778,0.377008019025507,0.378153157658827,0.37391618148713
2223,0.37789833476051,0.377716927987868,0.377762163097746,0.377762320906457
2224,0.37435128687389,0.345830877254742,0.362757215927288,0.361113971318569
2225,0.387327884717819,0.381385773679918,0.383202477049296,0.382926362306294
2226,0.207516113550452,0.199755029474825,0.202064890235575,0.202802133720689
2227,0.465026059611143,0.435226640773004,0.44956499227781,0.44671990014234
2228,0.368095370339975,0.348563301248849,0.357830864737651,0.355236042693464
2229,0.372139279298038,0.371743747713694,0.372699078896568,0.372427673664934
2230,0.391893912622822,0.383240777598419,0.384452148297592,0.384300473993807
2231,0.245785104708385,0.221326389022354,0.221420038165641,0.221427001089167
2232,0.43252008528474,0.396018620038212,0.397625080751347,0.397185846031175
2233,0.2122091664495,0.188350056874885,0.198053031699658,0.195579183640968
2234,0.378675089540213,0.37480529758692,0.378366481602618,0.377430575223843
2235,0.348455331307459,0.343158034028746,0.344771865319481,0.344740942817111
2236,0.392278643355372,0.360248527699183,0.366725884426914,0.366535245887926
2237,0.398875708215682,0.39200423161827,0.395383782543416,0.395369461501026
2238,0.377039505806977,0.369890770632364,0.387396809228647,0.383355322723603
2239,0.375280800012386,0.373625887273902,0.37416308372469,0.374121847337128
2240,0.203295374973106,0.178332428432002,0.189547085261567,0.188886047319347
2241,0.376375264875133,0.365371858519517,0.370297141033384,0.369046355036787
2242,0.348110861077491,0.318577364200563,0.331840644127087,0.327886604384183
2243,0.206884108550554,0.176982259051012,0.177476215953858,0.177449924417768
2244,0.377752182702577,0.363242338772132,0.380266880607063,0.376183502752087
2245,0.386769603179255,0.382838138671123,0.383082442570653,0.381861867324251
2246,0.20166782648345,0.201449605712301,0.201484822468623,0.200942974385747
2247,0.323118957878281,0.306177628810943,0.322415974962201,0.31939960597432
2248,0.377365310993332,0.371997035107633,0.372564127527932,0.372424506390975
2249,0.374622107214599,0.366651826122742,0.370309363244573,0.368767034845715
2250,0.324311590340819,0.296996432269647,0.31321793823216,0.309959455620929
2251,0.376532482601946,0.367628760322942,0.371331546895023,0.370869053608148
2252,0.372468782822816,0.369506177287346,0.384076034612244,0.379367503876105
2253,0.378853217504639,0.370706037504098,0.375845423629102,0.37645313783597
2254,0.345243452508294,0.316223924745684,0.328937919053958,0.325700315214964
2255,0.330639882954423,0.310779539733889,0.32052825580821,0.316951574711826
2256,0.332514357373439,0.30555284227501,0.318208476133083,0.314848912783578
2257,0.33047680547847,0.317784089520311,0.320838315758883,0.320756044415033
2258,0.320655483758631,0.290891985190174,0.294288086055199,0.287470858985933
2259,0.397461810299989,0.383175115303166,0.392909827643531,0.389338584387935
2260,0.242724844133022,0.21812903708299,0.228533029995144,0.225919162546461
2261,0.386444499134321,0.381977553938935,0.386332998782457,0.383418282061426
2262,0.378192020787408,0.37368116848663,0.375727641733677,0.370510632775205
2263,0.422455195299615,0.419610160983487,0.432452609825573,0.431167994455462
2264,0.198318639428735,0.183298042766129,0.186211544820379,0.185352803164056
2265,0.205450716208716,0.199451952042869,0.203564969553029,0.202131923002994
2266,0.24970829356629,0.222355673185402,0.224504178443013,0.224294391574025
2267,0.378692075567319,0.378451108530476,0.378565510658106,0.378518705496931
2268,0.387801956071862,0.38242836464512,0.384802410780352,0.384447506511799
2269,0.380487248337526,0.380453797477534,0.381641668491156,0.376204582280113
2270,0.279264685258027,0.250625543968805,0.258047414692687,0.257754408758581
2271,0.380111135165343,0.375607564967863,0.377311050237353,0.376975433271068
2272,0.421979745250996,0.399476874698014,0.411225930120863,0.410856238713698
2273,0.289792579566533,0.263684144213839,0.273157201636454,0.269357645765285
2274,0.355174432519344,0.348083022279085,0.351466506991126,0.351355923377633
2275,0.214360994408574,0.185445196477784,0.194793810691431,0.193283952621939
2276,0.421965606759788,0.393481832132293,0.404850889411295,0.400384128477836
2277,0.378473037736453,0.375675999139073,0.390122239172299,0.385548125821881
2278,0.348125360914444,0.335015545275889,0.340409805487962,0.335951520905712
2279,0.375729700130449,0.375533399239782,0.376400945552724,0.376159051695259
2280,0.407590266641883,0.396368166325706,0.398923777234051,0.398651917359093
2281,0.384519239673286,0.35355784646927,0.361239997893502,0.359274283497231
2282,0.380282716560453,0.362877461909799,0.37318256441729,0.368336508476543
2283,0.280170831431315,0.251151612091878,0.263711456640326,0.261322913436205
2284,0.389366243440265,0.384867412862175,0.387259433479553,0.384485783271153
2285,0.421103247928275,0.399102356849212,0.403553486457749,0.403496835144965
2286,0.130690496805628,0.0978165839553106,0.0987397704360169,0.0991259650590712
2287,0.374970764614403,0.372617450587199,0.37368464649563,0.373431129035755
2288,0.368158591342277,0.355895187213975,0.357376298550625,0.356785628857681
2289,0.388866285730798,0.380711496304864,0.382167540501223,0.374578754012822
2290,0.352012428224378,0.347798656661479,0.349139039844943,0.349201172330181
2291,0.383228996319409,0.370527929482116,0.384094618544842,0.382860033327331
2292,0.379235923401992,0.376473172692079,0.378333807307121,0.372999257752912
2293,0.291554857301666,0.266410388206734,0.279510296838665,0.279393990627387
2294,0.383396531260334,0.351651092090007,0.36617065966134,0.3622159128646
2295,0.384307239340834,0.377356100426117,0.380573406062108,0.379721112568561
2296,0.378285234679934,0.358808976348127,0.374602365199335,0.371261325241517
2297,0.133232458383241,0.101247946071164,0.102539452050732,0.103006561171272
2298,0.385974262244948,0.377889196848366,0.382475276710792,0.381196778190921
2299,0.382482778264255,0.367008641022903,0.374294955697308,0.372366502838611
2300,0.395287900551602,0.378659145007032,0.393884876569101,0.389891872946555
2301,0.330504331247945,0.315495759563632,0.317769010378522,0.31753565141272
2302,0.284387854410695,0.26017352025558,0.266724300597809,0.262685393721014
2303,0.387235562147633,0.362847468244082,0.37401495434188,0.37087414327615
2304,0.356097680051626,0.334502117074793,0.351015430964641,0.351043086665877
2305,0.235996948365274,0.221917026605143,0.228612843823252,0.227518843377837
2306,0.191809671859836,0.164502235516787,0.172184949481651,0.171500840106486
2307,0.369753884006161,0.36229987264735,0.366381743884774,0.366144587308576
2308,0.358002647323646,0.339044674145999,0.350162989483368,0.346044041843455
2309,0.380156688781187,0.376695702668888,0.378824180329915,0.378597560077406
2310,0.37864132146242,0.374327024788222,0.376693881341022,0.376224351597402
2311,0.425856308550165,0.392651749563126,0.408196008910079,0.403899618570084
2312,0.292643227861285,0.264643247902057,0.274942286539988,0.272671834123119
2313,0.140446070423334,0.109738100797181,0.113108240126516,0.113764958273828
2314,0.379730157808249,0.370499600466089,0.377620004886344,0.373178684922844
2315,0.378186066423005,0.375419931617312,0.377393154547446,0.376725004941575
2316,0.385854521835127,0.35108101106228,0.366051459308137,0.362194652515143
2317,0.378065445409637,0.360774122371656,0.370481341780601,0.36554965450198
2318,0.294710601253506,0.270089007375949,0.281499638834654,0.27883546845142
2319,0.45520310756945,0.435728373562474,0.447881750011206,0.445192706608228
2320,0.373648718185354,0.369599330619454,0.385627086437814,0.381128740869156
2321,0.388160462515995,0.382149461390805,0.390891941397966,0.38860889999945
2322,0.382962529987627,0.379471036254625,0.398270492251857,0.395232312903684
2323,0.275996005369351,0.24490075631216,0.257586444235411,0.255177809886402
2324,0.319891036070931,0.301099252046081,0.311472763824167,0.309166809347218
2325,0.132555449053157,0.102276233239479,0.104146839592089,0.104305485688591
2326,0.383616835922589,0.362627021087459,0.373249571959514,0.370650911217221
2327,0.378000197831427,0.367113867627077,0.371528506894232,0.370437517360114
2328,0.346938933963629,0.341348783729844,0.341727127132152,0.342261447065961
2329,0.365999626192542,0.36299406728498,0.364844867103561,0.364459912485374
2330,0.398568966885866,0.390530435032346,0.39443298193825,0.394339641126864
2331,0.422196454050696,0.393333343510527,0.409395149313785,0.409155432789338
2332,0.37734176529104,0.373872491315726,0.375106736748586,0.371592800495357
2333,0.244326813060688,0.227429031732574,0.236434565887727,0.234356880501008
2334,0.390947345738102,0.385703073681379,0.388044711631993,0.387404948144529
2335,0.359752549963782,0.359631074701073,0.360838354154834,0.360141869589428
2336,0.319244018801884,0.299771360610628,0.309542305307437,0.306929670762264
2337,0.385975358626153,0.383945396969598,0.385398917266288,0.382548645718172
2338,0.323164409724619,0.289306696774855,0.303928680751036,0.304199521087223
2339,0.23190203497591,0.203762803142053,0.20111317310361,0.201105580337176
2340,0.352030302562017,0.349817895580617,0.35011610360832,0.349211678507988
2341,0.387237785107345,0.348462613298723,0.358874966816773,0.355778857644405
2342,0.379350596406318,0.377675004942545,0.384392767828701,0.380187231185833
2343,0.252594756074149,0.239635080335955,0.245923165237988,0.245698269694075
2344,0.365623296220177,0.357227331506826,0.35762403481606,0.357565361998685
2345,0.368692249694979,0.349277849517984,0.362407566280775,0.35932528579151
2346,0.378019417942187,0.377493325398615,0.378288412922778,0.378106373521832
2347,0.377647084577747,0.37685195152945,0.3770162783747,0.377016620116529
2348,0.378643169385008,0.376465435807692,0.377450310801505,0.377215907638599
2349,0.440971948803554,0.404788239203428,0.421417256805165,0.416913932756615
2350,0.393449809433275,0.388909305357913,0.391418608567579,0.390087665008488
2351,0.177216991379599,0.155939274983573,0.161323338504087,0.159817737892162
2352,0.391865853631365,0.377845742965324,0.383631944980009,0.381932268559927
2353,0.377895981234861,0.377537623963718,0.377855123450965,0.377810210683913
2354,0.37767594871104,0.374502031902454,0.381700768535792,0.378495212426452
2355,0.413174250927428,0.391711484082473,0.400572280611851,0.398867734748238
2356,0.344417552249874,0.3251364939038,0.325824830297098,0.324129664005982
2357,0.357685867437838,0.347901523851637,0.366416469202416,0.362641711144119
2358,0.41932651345736,0.387045347450452,0.399235740325828,0.395808271433388
2359,0.379017495585127,0.378070086156696,0.37878778987349,0.378707570701743
2360,0.375817709912468,0.372241883879058,0.374595832109638,0.374390578352171
2361,0.396404085532695,0.386722628571392,0.391020254356535,0.390276746869458
2362,0.254220730756373,0.225429596108361,0.237521356335635,0.235319662471702
2363,0.0993294834799422,0.0643089220072534,0.0584159486240832,0.0572902942089938
2364,0.404177909363345,0.3652440815982,0.380640520877655,0.376123770475243
2365,0.191398013525176,0.162895489599908,0.170648411950778,0.170002770157905
2366,0.395630887686243,0.379877955688761,0.387548457376653,0.385074807997383
2367,0.396492822106977,0.385795771448662,0.386057205500686,0.38526641798605
2368,0.381794781462636,0.380922840929255,0.381045714612658,0.381048226130348
2369,0.404250672199875,0.376286445553839,0.39024857526042,0.385847399772584
2370,0.33199205290291,0.303555117340606,0.316806738132479,0.313384451308848
2371,0.209670506391543,0.184551976101545,0.193591533016533,0.191797665457254
2372,0.346315192542288,0.31365309944256,0.323960893455137,0.320402803207866
2373,0.268417527121299,0.244295140341284,0.254937804426429,0.251728903662
2374,0.311714532292682,0.287300095651236,0.298714900455599,0.295547729765347
2375,0.414464545830457,0.397352681259075,0.4049130336031,0.402916457391182
2376,0.356671189597329,0.326007918701727,0.33783387096175,0.334793498538654
2377,0.380870543199763,0.378356769319766,0.394694007477999,0.390381594194016
2378,0.424211518503439,0.421795959639739,0.422513854608365,0.422413411036543
2379,0.378540967240801,0.378424996707795,0.378485143797465,0.373269962028301
2380,0.38009718112821,0.378931238053035,0.379770019413464,0.379810246216613
2381,0.35168904103487,0.345605274139867,0.347832238527025,0.347100970423418
2382,0.413602877310818,0.37485443246366,0.389585644348626,0.389132701064208
2383,0.235678213100368,0.235047910170431,0.235129318632437,0.235121222222071
2384,0.387257236743522,0.38637938927738,0.38858420380493,0.387600726200065
2385,0.305953992083629,0.274631772788385,0.287450240155904,0.284498137388786
2386,0.303190026823654,0.29765509393242,0.306354278633546,0.305382579127041
2387,0.385433584601106,0.379975333762602,0.380980580459066,0.380936882554818
2388,0.331896979725474,0.313748522042221,0.327975902199208,0.325385174297796
2389,0.608130291991628,0.568030628785116,0.583392181760318,0.581494344345985
2390,0.377964034155329,0.37700028362016,0.37715587938278,0.376699036366781
2391,0.38038697140004,0.376662204436159,0.379464040443002,0.373224517992374
2392,0.343081326296188,0.323711377908657,0.331935791011277,0.331958372304456
2393,0.307888029399415,0.276442466103816,0.289847912541145,0.291933260681209
2394,0.369998211468425,0.368376982067844,0.369101817852727,0.368810881056996
2395,0.379332561673456,0.378213464303011,0.37832838612256,0.378395884410472
2396,0.292384375805058,0.269935470449505,0.278431112792856,0.276475272665342
2397,0.35688140012863,0.345204138795765,0.34827479331375,0.347720406841526
2398,0.379555599838487,0.378349368584374,0.398086737968036,0.39401707627163
2399,0.380441265570796,0.365222630610239,0.36835603155994,0.364351679229351
2400,0.384172155968246,0.381372142179428,0.383363979973832,0.382869172260004
2401,0.290200590204133,0.261686410585246,0.27417388721584,0.271332282092504
2402,0.148141874498268,0.127594704067658,0.13201412930892,0.1309590056163
2403,0.43418310142077,0.401746441863917,0.414369211494244,0.410967254310858
2404,0.399772943388613,0.391094103109094,0.394563962006266,0.394138153383276
2405,0.379994958856663,0.379309580056128,0.385171464830214,0.383970374617717
2406,0.391123445690238,0.391096479562019,0.391106966012528,0.391106838084163
2407,0.153023165117209,0.142356494480516,0.143124204778848,0.142762943168464
2408,0.375562586415033,0.375035733106705,0.375345099945172,0.375269122355413
2409,0.387079471153972,0.384285538607431,0.384322814892516,0.381598289872287
2410,0.36890048482397,0.357223707697301,0.362329947429694,0.361180371225758
2411,0.387835631832169,0.366561378996718,0.379210129699637,0.376656546522587
2412,0.461241139189315,0.423438877505146,0.43118522900024,0.428261376458164
2413,0.37232101946121,0.336216130801095,0.337300920776526,0.335998680529066
2414,0.375428392395268,0.353352077024433,0.363271876995566,0.360598892015555
2415,0.241278874288676,0.211012623352346,0.222213871500393,0.220806055252806
2416,0.442877039936322,0.424608661255678,0.43237724306725,0.43029053926127
2417,0.381953409708144,0.379462546650388,0.379677146459738,0.374529652701742
2418,0.360407861885075,0.328661541420912,0.342582727468744,0.339023150979154
2419,0.30984483733329,0.2883849792123,0.298208611859597,0.295543402286061
2420,0.4127827463877,0.391461454057241,0.393336709621003,0.393233350895908
2421,0.382020050202873,0.380299443460095,0.38147223640028,0.381604669753129
2422,0.380019890372726,0.374987437968755,0.375776559974717,0.375786105963293
2423,0.257229692809537,0.231252240037819,0.242419178714947,0.23988578875093
2424,0.38126878222004,0.352136040298582,0.358082645483396,0.357290545730067
2425,0.370327626987702,0.369967600434102,0.371118031018228,0.370817106096906
2426,0.370732322864841,0.346014514952193,0.357804839875323,0.354640000875255
2427,0.408151412186409,0.372754130762662,0.389421939234868,0.385246049867667
2428,0.323355109058514,0.30777676510529,0.314481028380562,0.313166979812632
2429,0.105063935158806,0.104276903762432,0.104600235076837,0.104589344482648
2430,0.411640857987679,0.380257004923926,0.396809499090622,0.39248972363591
2431,0.248540731375318,0.221212252507724,0.232477400007489,0.230208378021192
2432,0.284331452438846,0.276889733247252,0.277095343929368,0.272270859067459
2433,0.424221597183336,0.391577934861453,0.406403171677076,0.402500890171363
2434,0.242280584395027,0.215734532801902,0.226665704261273,0.224454293319244
2435,0.366470982621622,0.358577009272782,0.376463315989047,0.372640124603205
2436,0.252365300749221,0.222054401730304,0.232218612511311,0.230319755088956
2437,0.377029778548378,0.37583741176715,0.376373421365395,0.376191021254219
2438,0.353971737341942,0.339089806516902,0.349194009948861,0.346575595262214
2439,0.166098604097866,0.140538321918219,0.14751381301008,0.146974065295834
2440,0.215753686154004,0.190461527019658,0.200588955411445,0.198906573876726
2441,0.426681948494523,0.391632454491739,0.408056247393101,0.403712925016908
2442,0.396140894248934,0.387125084753318,0.391397114694585,0.38692361389044
2443,0.377791313416689,0.377657975288085,0.397328788876714,0.393361330099243
2444,0.470616111037573,0.448296861005957,0.449674735331033,0.444929866882798
2445,0.373606476860271,0.371165875971033,0.371351554949162,0.371377065517485
2446,0.38161657185476,0.380444885662245,0.380464925000868,0.38045883178527
2447,0.193060441514009,0.167504717452089,0.167772859447282,0.167691476472982
2448,0.375515020111168,0.372981648303917,0.374022482478906,0.373793276352899
2449,0.465878306777018,0.429012317315182,0.430503001537535,0.430352965049878
2450,0.380227766420248,0.374983063995893,0.381913840262224,0.376421056810513
2451,0.413569438181653,0.398788539441783,0.408752380019692,0.4040604639425
2452,0.384074366860818,0.382331990370968,0.395801156461267,0.390811777234926
2453,0.339167361847934,0.316976079391837,0.32704988182689,0.324354872036765
2454,0.378775763802933,0.374107299472726,0.379558177483422,0.37535593565175
2455,0.286019401604383,0.269905651679501,0.277441515286785,0.275988306510087
2456,0.376329753299787,0.374018256992717,0.375202710659159,0.374957943325595
2457,0.311217381240425,0.29275958268338,0.301324481702365,0.301332944881153
2458,0.384720424251105,0.357459048683918,0.370089807551424,0.36702616479728
2459,0.357820230703961,0.351119720255871,0.353835106326275,0.353175222241303
2460,0.399911944174836,0.397678212557536,0.398292917164995,0.397819783112012
2461,0.200998997171797,0.175684945127691,0.176014549380495,0.175132028102624
2462,0.365980900406669,0.355987935101584,0.361152651653138,0.359121074798463
2463,0.324116466511365,0.303154890464032,0.313089847413415,0.310622397835888
2464,0.415839896721314,0.403062154465416,0.414687772772207,0.409918826795862
2465,0.378935300644159,0.378580524356527,0.378834069214921,0.378754341347853
2466,0.419536318516119,0.394658312123528,0.405090199745551,0.402081159633965
2467,0.32609576404354,0.305241782610054,0.315764202275002,0.313229013091244
2468,0.114507030785125,0.0807826224987,0.0776306184418564,0.0776265318936805
2469,0.29130327063763,0.262454910798473,0.277080530156399,0.274509643990088
2470,0.325502146234883,0.2993377775176,0.305804959055209,0.303750396994258
2471,0.380440706753428,0.379108427786354,0.379592815794323,0.37955122915887
2472,0.372573858175262,0.369549796701149,0.370916978276417,0.370584178943876
2473,0.158544625516731,0.133289097721013,0.138661351833175,0.138666192484771
2474,0.386735574515062,0.383364599833384,0.400911046876616,0.39613951768303
2475,0.230471257459767,0.21243854232857,0.217723231188606,0.216976665980512
2476,0.363917137819451,0.356851435825564,0.359929761132564,0.358861482132142
2477,0.321947032902948,0.289707478578935,0.30428783700629,0.301215383862329
2478,0.373619318729087,0.370227659541269,0.375294354405174,0.374027723261453
2479,0.370334032887752,0.359443548532142,0.364145675564177,0.362324400003241
2480,0.360485096396932,0.347808803618373,0.355485679461729,0.354857062085051
2481,0.430503849259841,0.39212611928676,0.408997604423065,0.404479950097252
2482,0.377562088090321,0.377344839169192,0.37747675246639,0.377444793025917
2483,0.412846502772797,0.405998924726244,0.410623436744659,0.405646590188774
2484,0.240479873634951,0.222036769468049,0.227986600225357,0.226485056645339
2485,0.384219675568145,0.377822053244535,0.378237888242175,0.374548509463761
2486,0.327273639707341,0.306606210895854,0.325325401414984,0.322070576146311
2487,0.417887476975939,0.383752587685327,0.399463256778976,0.395416727426814
2488,0.349790937680786,0.327226385900028,0.335681514479735,0.333179894990933
2489,0.384589366697297,0.382634678556202,0.384969060558259,0.379551928154855
2490,0.273025828803473,0.248021646100254,0.259374632382214,0.256681737979111
2491,0.364090712296409,0.344818376079276,0.354774833585002,0.35133970279022
2492,0.377437953442667,0.377260258228684,0.377342507291535,0.377312033476576
2493,0.277345202293954,0.250823146935841,0.264079949702203,0.261509179217588
2494,0.275276224299384,0.247174254079694,0.254731302810637,0.254682405089258
2495,0.346871855180343,0.313419697378843,0.327553607787257,0.323899663529631
2496,0.372172106821141,0.371332590699456,0.371631723368803,0.371513652697394
2497,0.383936400221736,0.378321646299701,0.379691037948349,0.377324035449356
2498,0.229537097538373,0.205058092622453,0.215872429117095,0.213390991629076
2499,0.347857301701293,0.330560821538907,0.350011026207669,0.347708750593816
2500,0.223094180100516,0.196463476403541,0.20906677809872,0.209919955111004
2501,0.375837720129947,0.363776336626255,0.369628504274573,0.367830666980216
2502,0.303764100852301,0.273039530170064,0.286492345623211,0.283634883761735
2503,0.379915102766678,0.379323534997755,0.379597983815547,0.379463269251945
2504,0.377140295027332,0.352249032171394,0.358962443122301,0.354268892451035
2505,0.4053577016674,0.373186444210568,0.379419166533834,0.376321177401503
2506,0.402152337931115,0.391576723409731,0.396008103816795,0.394453983442847
2507,0.375802776016962,0.363387747695329,0.367084814999395,0.365911349402326
2508,0.412503309173524,0.385701335054637,0.399147224267643,0.394211515521365
2509,0.372419109325453,0.3626755569446,0.37298303475876,0.372472562703927
2510,0.382240494263033,0.363988261309914,0.373221076211587,0.370082166929836
2511,0.36484567238261,0.36453928465854,0.364791136090726,0.362157422115219
2512,0.203275810627083,0.188744961759586,0.2027352249647,0.202355899484037
2513,0.4519077212279,0.438334320682108,0.439816970917726,0.439871443975637
2514,0.38263334106755,0.377111161896606,0.3794320143241,0.379425003836821
2515,0.163206046179819,0.157875125882465,0.162507808189908,0.160643367856985
2516,0.386382209188571,0.381160015871019,0.382674162296758,0.382126344696695
2517,0.261865013396905,0.233886974613737,0.241875286081478,0.23966058189029
2518,0.391330522869605,0.385611164035478,0.386210385729371,0.385789750993317
2519,0.343306905746382,0.328295174741445,0.335026446211955,0.333231526846719
2520,0.434131028564888,0.405310663762699,0.417094591951096,0.414927555788895
2521,0.415682778467534,0.393619557962375,0.395618766908744,0.395569551854147
2522,0.378365608611728,0.356660922497523,0.375223949644558,0.37128294828339
2523,0.377634885711179,0.329684140651182,0.342057275571135,0.338316357468899
2524,0.370271020134465,0.353307960522232,0.360558697812616,0.356509203204584
2525,0.377751938863434,0.377644301775586,0.377698544561774,0.377683085417891
2526,0.372590573128579,0.371449449498617,0.371846995194374,0.371890731348916
2527,0.33403041608861,0.331286977028518,0.334182765396561,0.331095994194999
2528,0.290264488733395,0.260864980111625,0.272863409124873,0.270145947714422
2529,0.441936685744191,0.407438288490387,0.412321825865648,0.412037891517816
2530,0.09765883523471,0.0783968891347492,0.0798711528146112,0.0791378049592709
2531,0.399755820186931,0.383494450551322,0.402478381762631,0.398307539099362
2532,0.395294113294027,0.383505795680706,0.390680454620388,0.388207120541993
2533,0.438312259791904,0.401696413325404,0.418500543090308,0.414740205274923
2534,0.35114637632423,0.325686475462698,0.340365147125416,0.336513967410728
2535,0.642886037086411,0.600942403902788,0.620441087354263,0.614948756982982
2536,0.348879132427857,0.318780641835985,0.330295600373385,0.325903396220317
2537,0.380727491874966,0.366920582127217,0.372842298078694,0.369879079933857
2538,0.292895720084899,0.263845820414995,0.277340512784239,0.274360069678925
2539,0.377756780925898,0.368999118617785,0.369382927254331,0.369347204159565
2540,0.311121873328869,0.290416352476386,0.304556504135183,0.303221015162339
2541,0.334638338841335,0.320961567891118,0.327195542930376,0.324730728409001
2542,0.313451151052526,0.287440489441987,0.298910613333454,0.296063386117049
2543,0.408004401573071,0.396763203670573,0.401631057773252,0.400286298099145
2544,0.369231747141492,0.365764228107483,0.366910099195193,0.366515466268442
2545,0.248337926591241,0.219981927078348,0.2294671546686,0.228877805475546
2546,0.211328649904324,0.186064964490646,0.196092569050788,0.194388029879625
2547,0.353599435224584,0.347553672651478,0.348469936266793,0.34751169377948
2548,0.359893339431919,0.349992003177348,0.354264816318002,0.353666806366433
2549,0.261028638479063,0.237107897681296,0.247064751261912,0.244419107501221
2550,0.376881861074124,0.373768930428649,0.37431094186625,0.371827095286972
2551,0.461745570640422,0.442428293182301,0.443790668362468,0.443109010812518
2552,0.404626443258222,0.402452013323727,0.404183290009056,0.403153561458433
2553,0.29253774127457,0.291867276726506,0.291972138212312,0.291913060099516
2554,0.377195698982416,0.374314299448964,0.375889041310488,0.375501880216332
2555,0.336835809107347,0.32756789644489,0.331691050705881,0.326904198345403
2556,0.369604745080864,0.34752746536876,0.364034302261101,0.360403343745911
2557,0.440295942018334,0.434487118663519,0.435340995735192,0.435323804040876
2558,0.421854915674614,0.386773945224784,0.402456874305297,0.39853386370198
2559,0.351993269552816,0.34125179260473,0.344046388053112,0.343968070322664
2560,0.38795402565419,0.369584441453509,0.383498160340961,0.383996274843454
2561,0.321215658696273,0.305380591161909,0.309923672931668,0.309306809220248
2562,0.137051820033318,0.136969937611666,0.137228934129886,0.137007832096672
2563,0.420487408424245,0.39352640255492,0.408136337716706,0.40387561175673
2564,0.369018669058401,0.367579177865486,0.368268782473428,0.367061108710741
2565,0.387986361691186,0.372519974198731,0.38142435280352,0.377771303068601
2566,0.18551212661369,0.176232368805791,0.181602204281824,0.180003015575782
2567,0.346723696378736,0.330695665522792,0.338211321988048,0.336024854366526
2568,0.349493161657863,0.339153817918253,0.344789316417396,0.343467189168597
2569,0.332922792844485,0.30911879487859,0.320468842412968,0.318031577212939
2570,0.156215407108655,0.133522764522411,0.140058885686857,0.138986913062944
2571,0.38538219236808,0.352057135897436,0.368302938026613,0.364433545173262
2572,0.423660471143032,0.414164151040412,0.420583942922441,0.418554939676306
2573,0.375808627285389,0.374269450535912,0.375208657304259,0.375157829783374
2574,0.274306488148726,0.250009133658616,0.261280617337703,0.258813840025852
2575,0.354015274140734,0.330693238509449,0.34118989153325,0.338589394179175
2576,0.341943710778377,0.336984605677307,0.338304376041147,0.338088311998264
2577,0.367999072476391,0.332417968340904,0.347419933569773,0.344382157835855
2578,0.387829947827831,0.373426623684063,0.388378265655678,0.385775121492719
2579,0.374096736260494,0.345904878801108,0.356825626749125,0.352725529311362
2580,0.167686491374401,0.144159810758787,0.151252104847014,0.149788162112204
2581,0.375241467604353,0.372717706184017,0.374501941671571,0.374387512203388
2582,0.320094846873163,0.288003214852052,0.301448639936332,0.298087536115404
2583,0.18127089875486,0.150806188299806,0.149490606138708,0.149165475940861
2584,0.133007727389168,0.099346703224871,0.099046376790308,0.0990681853455364
2585,0.371670935744823,0.361798002742905,0.362762487798679,0.362490323919136
2586,0.329664408455704,0.307662779544479,0.307919343150655,0.307905431558993
2587,0.32402406542126,0.293759681394406,0.30494469447514,0.301850320585609
2588,0.250767300588872,0.249287365751696,0.251081196196467,0.250292845124363
2589,0.383410874482153,0.378836727253723,0.380114803103526,0.379694241886093
2590,0.34646010840685,0.334487893120824,0.340492347022364,0.341487693184934
2591,0.381942912860542,0.381318694041905,0.381556688996214,0.381262387948796
2592,0.317423575537738,0.298894463893449,0.316623058707841,0.313185350632476
2593,0.360954847036169,0.352996414055087,0.354927078914794,0.354793323965898
2594,0.349529037997949,0.339899322973163,0.345534263386035,0.34381506422744
2595,0.321005284674162,0.286618508842835,0.300548025534085,0.297243747413662
2596,0.39074125106616,0.387985709803055,0.388846748992958,0.388540138288969
2597,0.414773219569259,0.377428294594493,0.389966049266679,0.386627800477223
2598,0.36809848650613,0.342475298811623,0.354618456233731,0.35140575541689
2599,0.394435049381376,0.389774577502365,0.392216080999262,0.391532424154933
2600,0.338100148246702,0.329510554515061,0.332977807699131,0.33281031205032
2601,0.315863322689038,0.284337410655246,0.298175059711689,0.295084384099061
2602,0.413066905775556,0.407037100965761,0.426937948722841,0.422982623801931
2603,0.378464481831833,0.377017098222187,0.397793643266786,0.393916676806353
2604,0.336977977735378,0.321318039613151,0.32764765337003,0.326716485868408
2605,0.383950696615702,0.358623951755861,0.371549969684963,0.367103228184086
2606,0.382150265736082,0.366870829998227,0.384209161114789,0.381305409527285
2607,0.375723251698888,0.374379468759694,0.375146668637635,0.375004743729538
2608,0.197468418269215,0.17797239511067,0.185488181030657,0.182440498191643
2609,0.396935362633855,0.389839157081805,0.403541883601401,0.402572181939728
2610,0.376496150429751,0.373444870506967,0.374715936277126,0.374401648868952
2611,0.421673903732484,0.387384609156743,0.402668772766275,0.398453536576897
2612,0.224080181493237,0.194272666359007,0.204205814585464,0.202855340237717
2613,0.269601034654181,0.26882845686797,0.269839653348736,0.269155081334383
2614,0.449263294748886,0.425323779887135,0.432896909683473,0.430914214083163
2615,0.338684916054885,0.308004280647527,0.321468466745371,0.317608029341571
2616,0.387186763047617,0.384709568173479,0.384798718195548,0.384563920927671
2617,0.406256466153414,0.387268220588177,0.394100851758453,0.392529150757332
2618,0.359645750135238,0.336476233354935,0.340578815308039,0.338584277970169
2619,0.378780637193717,0.375880699042534,0.376239395559129,0.376260840267703
2620,0.355291841088873,0.34994313300427,0.35767387380875,0.353419248365167
2621,0.419743615876476,0.390635180649028,0.39371951224065,0.393563014152019
2622,0.386193578644037,0.378294688388917,0.381980483414347,0.381004904432063
2623,0.376514595842214,0.376483230353948,0.376544304664261,0.376516197790548
2624,0.323696303981153,0.292584244978677,0.306706026715918,0.303390551513495
2625,0.376580018914846,0.376468584270945,0.377138776934102,0.376623926268112
2626,0.446318943850659,0.432375138077056,0.432570220321157,0.432494445207249
2627,0.382138057544694,0.380074955282531,0.382625785833964,0.382579046423263
2628,0.378103986735975,0.376749095195574,0.37762879253624,0.377635145383823
2629,0.265024924419696,0.234355020484247,0.246523809822755,0.244342354177563
2630,0.37914218079359,0.372263663651016,0.375053243759833,0.37432524595453
2631,0.385788212803272,0.384445212818932,0.385015618338466,0.385028753377832
2632,0.406637434960052,0.391404528368909,0.394006264028925,0.394015855496376
2633,0.381102081148685,0.380005883661068,0.380142901196161,0.380131792108629
2634,0.34548859221573,0.327080921811519,0.335821085084157,0.333867965629614
2635,0.394343916396981,0.376916355188854,0.385705811253723,0.380960629051625
2636,0.373315008016697,0.372448819719885,0.376119329412468,0.374220993544678
2637,0.359873213780654,0.339651150352521,0.34826043328574,0.34669401685894
2638,0.266183542643045,0.23616088638152,0.248508238871162,0.246393447127714
2639,0.235772172641542,0.212936928643691,0.218328410458849,0.216472577946543
2640,0.328133954994098,0.313443973188512,0.319951680607708,0.317581074778557
2641,0.408195554310202,0.404551769234042,0.406558779037489,0.406071675551249
2642,0.430394234583579,0.422304028817141,0.423874872377536,0.42350309264048
2643,0.403542795985122,0.362354014475487,0.377967282232054,0.373445485888341
2644,0.393119665678411,0.358518287042973,0.374999410547886,0.37099021971674
2645,0.317520009204733,0.315380631468467,0.318197874867077,0.315212986823876
2646,0.158437295912277,0.128456006475009,0.133123201302715,0.133239190697794
2647,0.336081241991517,0.315465814264722,0.324583383729232,0.322430718463873
2648,0.377290373254278,0.376200221622942,0.376271178750658,0.3762690452301
2649,0.384691588017965,0.382479408147333,0.392995555724336,0.390046724202738
2650,0.330700498047468,0.307956698687425,0.318000201497338,0.315070279759912
2651,0.467046219801106,0.447561822654114,0.452841823344202,0.449627620733758
2652,0.313394132414494,0.281100270548116,0.286155145714638,0.284641840377087
2653,0.380254190030641,0.378171113623196,0.378443511680148,0.377527753165807
2654,0.38510830704372,0.380180847616182,0.382671300885549,0.38183666998732
2655,0.387520671453371,0.381676316002809,0.384892208794283,0.384092657636114
2656,0.321284282107717,0.303510543616265,0.31166217840636,0.310367005020638
2657,0.376119240843008,0.372666782419776,0.37287309411615,0.372736485095384
2658,0.394522349791225,0.383148473511746,0.389474866046358,0.387626084887293
2659,0.389666142677719,0.386767489642132,0.388142579904133,0.387716108260891
2660,0.335376033408165,0.314456121158337,0.325365134012768,0.321111208348443
2661,0.346085624587603,0.314443373503226,0.329058636373411,0.325577868570762
2662,0.438469347542548,0.418528319315352,0.432140164032462,0.430929068529995
2663,0.439981891202827,0.402577906413269,0.408465008477151,0.405652087445797
2664,0.330948862987082,0.301806532553449,0.315046231635493,0.311240377491798
2665,0.353989540778051,0.351021751944291,0.351999013527873,0.350218137716721
2666,0.393616047804647,0.382142339122689,0.388482913077382,0.384453551678731
2667,0.37938015151675,0.378988170447064,0.37959011120781,0.377389698486088
2668,0.253806220025108,0.226710331792385,0.237564966434981,0.235075326461194
2669,0.284060498995274,0.252963440467282,0.266069680243803,0.263563305912744
2670,0.437680525153462,0.406647970181963,0.418095663324762,0.415236986019278
2671,0.37654310978124,0.369294416146652,0.384223949422071,0.379407772882889
2672,0.412690447172139,0.378986411588175,0.393599685682761,0.390355598844732
2673,0.357058091179363,0.344265042694461,0.35072593522648,0.34901346452326
2674,0.383869317978711,0.383379220547664,0.384143722825769,0.383572239452668
2675,0.379466103053335,0.369693113212391,0.372956309654535,0.372343918584472
2676,0.368614119857613,0.361509710165243,0.361648826169541,0.361619472148633
2677,0.414283677358477,0.406802352611222,0.409726871132833,0.409169840251983
2678,0.374215304777244,0.365516124402201,0.369288195436882,0.368400462533242
2679,0.39858905229267,0.369625107326196,0.382752902095781,0.379270907236723
2680,0.395718243186154,0.379466668507043,0.38228479927585,0.381650303366798
2681,0.377802679191422,0.374742492833471,0.379800980488793,0.378045581924323
2682,0.303417786810555,0.270698081501826,0.284545122823702,0.281799419623141
2683,0.376221544864719,0.375599157234868,0.375880100658309,0.375817300806077
2684,0.412409061485693,0.396482231996482,0.400600634432166,0.399720246309908
2685,0.37959952007051,0.378824295113216,0.394664086576332,0.390376628882965
2686,0.365890094900023,0.362535329010504,0.362883347187524,0.362255708502412
2687,0.382869887783083,0.380088768957429,0.396885742591007,0.392430706119058
2688,0.389436281233609,0.377659892546006,0.383767491842355,0.382742268083014
2689,0.391906931324242,0.377365333393746,0.383739244121676,0.381928418705939
2690,0.217922325533424,0.188042486189002,0.197479162311748,0.196323035473381
2691,0.404343529180728,0.391891478555114,0.396561158479308,0.395531140286261
2692,0.335052709446459,0.311767064447355,0.322146096087091,0.319360773734074
2693,0.300916594482193,0.287269128193839,0.295883517336043,0.291893111054699
2694,0.378572238825248,0.374075739101351,0.374338629819882,0.374315222861943
2695,0.375272818270499,0.371020126989183,0.375285831948778,0.374033179027216
2696,0.388884409365519,0.363863764494143,0.375748666637124,0.375838565910864
2697,0.387064156955519,0.369069704824197,0.374622867465853,0.370880622719707
2698,0.39090597135684,0.386268312344874,0.388475004737785,0.387900355375001
2699,0.380483670343216,0.361564915213043,0.377887919286453,0.380286034843694
2700,0.366120829128053,0.358000260505068,0.361694179559106,0.360746534818487
2701,0.376613214079824,0.368698054496542,0.374030994187868,0.369156337623356
2702,0.378903556966995,0.378576500998231,0.378824583499338,0.378761816476186
2703,0.3746552136628,0.342217044448055,0.357652861339251,0.353745097850018
2704,0.444594645969256,0.40717472760276,0.419700613197026,0.417764413328805
2705,0.425420461320276,0.393316802067173,0.395077934768874,0.394772674496778
2706,0.3566255636177,0.332634289359206,0.349748271306066,0.34631686441917
2707,0.328079928659799,0.294711083480142,0.309312144820669,0.306132023693927
2708,0.19381225583854,0.163780549170101,0.163902265478445,0.163883472087954
2709,0.427322054998126,0.397588699110711,0.412497590881458,0.408622498898558
2710,0.366066413167323,0.360207872377349,0.363001957922146,0.36240309809498
2711,0.160464891650526,0.159180162065716,0.159802050172679,0.15966297995136
2712,0.342640642621013,0.335052896720747,0.336611967138452,0.336368944718499
2713,0.37927444565763,0.36343643488553,0.378738877600289,0.375204634201524
2714,0.358363224155254,0.345093510275155,0.348910967192587,0.347400992148111
2715,0.276396016007115,0.241722797130225,0.248597918236081,0.247621850754564
2716,0.299403171377265,0.285210675848813,0.290812902109277,0.286233009648069
2717,0.317386854556446,0.301121350395035,0.308531788253359,0.306458247620225
2718,0.2512252578976,0.221201936299966,0.232649345135601,0.230682274539971
2719,0.443012501868062,0.408461217418258,0.424802061388514,0.421146664285394
2720,0.381797316157688,0.378123884608053,0.379709061541644,0.379475683938167
2721,0.369846199988642,0.362368333471857,0.364956694172185,0.363913846628703
2722,0.433227167744389,0.400945027737511,0.415771669764161,0.411654288196039
2723,0.377491257483669,0.376958516632913,0.383472588680217,0.378724987376066
2724,0.383903426655883,0.351313031451392,0.366090138125704,0.362627129013161
2725,0.321687806138349,0.289282376888807,0.303505616117257,0.300391841295124
2726,0.3724631149924,0.368636661143117,0.370648385521516,0.3696234390009
2727,0.344438511600126,0.319487275282216,0.325620999591841,0.324843442834112
2728,0.366667290113528,0.333930409136724,0.349373126289481,0.345753136339795
2729,0.131800524500684,0.0995070352176078,0.0999061188111552,0.100384371625272
2730,0.381837725675025,0.37953391071379,0.382216022217128,0.381979768332739
2731,0.366990504834654,0.359908869428339,0.375025631570817,0.374794771091789
2732,0.331484169769146,0.296349671053263,0.309687435174576,0.30731337047087
2733,0.306620449947964,0.286271072110372,0.295378042663374,0.292819147377179
2734,0.375419256182235,0.35849312582181,0.369359559104403,0.366798308896266
2735,0.401540316406666,0.395052538819059,0.397233132860281,0.396969141924404
2736,0.351855376711061,0.344863225665466,0.350817251017573,0.349365113808505
2737,0.270634141964079,0.249338304146791,0.250424040547199,0.250228713222032
2738,0.383214918181712,0.382876415679556,0.383955350726879,0.37504101991032
2739,0.635823228794259,0.594774948715158,0.601237712470792,0.600100870253503
2740,0.373984340507272,0.370917080149518,0.372373471376866,0.372106112388053
2741,0.550643634440188,0.518417417461551,0.534332986040645,0.528896093433061
2742,0.402360200499225,0.384974319737637,0.39134688558875,0.38948235014824
2743,0.39429124042962,0.38808486843305,0.403295963146283,0.40130833477022
2744,0.387281225542472,0.353153025957145,0.368991137018308,0.365000763481048
2745,0.315893216103523,0.283977117229348,0.298101203734976,0.294802328837754
2746,0.341300733995064,0.310678355474189,0.321968657789881,0.321810513719449
2747,0.337861165337811,0.304650541474646,0.319779627916293,0.316763033821117
2748,0.301719836839199,0.276202309258001,0.284373684340342,0.284320281029812
2749,0.4209928233852,0.404532148143428,0.411648105494861,0.411647571409425
2750,0.36430582041081,0.35369920266481,0.359505520908024,0.359138288718934
2751,0.390768064146384,0.384043380241583,0.386517333793415,0.382583819450141
2752,0.314085804226203,0.29003674197489,0.301197999130279,0.297371347064909
2753,0.379080817591379,0.378694711237119,0.379182839165162,0.378935841947938
2754,0.366751791662093,0.337054923815541,0.350759877152983,0.347200371861555
2755,0.373990990958164,0.357998657435212,0.374653282474924,0.371929582508716
2756,0.362132916817455,0.360665901832296,0.360660227779689,0.36050722146288
2757,0.382041821291936,0.371941262980633,0.377075768524268,0.378083494524048
2758,0.413219506265605,0.380099320518496,0.393773668867192,0.390329351993174
2759,0.451351353382055,0.433663596245218,0.441350296343101,0.440062019425311
2760,0.382977407665695,0.377640284369547,0.379843214409311,0.377239868474787
2761,0.26019932470835,0.230330005566865,0.237499014564694,0.237461343192576
2762,0.376907545348262,0.364384530560705,0.369898825796762,0.367709530558291
2763,0.154749905668915,0.124218874840093,0.121652196156463,0.12163011921571
2764,0.383213767426715,0.36990434032414,0.381737868841494,0.381334966557632
2765,0.366388038682342,0.362169620320651,0.363980318000267,0.36393180358778
2766,0.370982002255312,0.364815263929823,0.366774902892982,0.366484622130012
2767,0.314023913951053,0.28903571864251,0.29982648575994,0.297041267199914
2768,0.348070940032759,0.335146584658511,0.339473611899304,0.33765825792367
2769,0.276628663239835,0.244955643302235,0.253545651373426,0.252011043175777
2770,0.428286004780176,0.396863646448104,0.403857565751021,0.402409536246436
2771,0.391806186775372,0.386191384627871,0.387619013700439,0.383358281697226
2772,0.197621604471539,0.178052827272225,0.182858532965003,0.181050400551937
2773,0.301809335577751,0.274857313009946,0.284968130104471,0.282526385403611
2774,0.265477994390027,0.246089226491052,0.251016490938877,0.24974055913787
2775,0.408662397197625,0.399663417054039,0.405954193148387,0.404375695453545
2776,0.251095117737018,0.22004014387836,0.231359044249264,0.229569693524196
2777,0.365405853606627,0.344651239609451,0.352394411895536,0.350932161470507
2778,0.392504359863185,0.385636125036784,0.387601314087649,0.387571612115909
2779,0.370510914405559,0.364131559292732,0.366085047324287,0.365788796524934
2780,0.370485475735153,0.369202798400647,0.369833212780925,0.369336036811
2781,0.409988073588647,0.373316546426646,0.390060774427795,0.385958072668083
2782,0.297418074575496,0.27217421747489,0.286647477873384,0.284148252722203
2783,0.152229837108122,0.120100517631067,0.123072927190505,0.123711976692981
2784,0.378545740560877,0.37694373852667,0.398386069912711,0.394344288089034
2785,0.377819996332547,0.377370999975041,0.378336435834017,0.378139570082963
2786,0.165021385883535,0.134240923711811,0.139046795285348,0.138653470145952
2787,0.649638379163665,0.6078749250276,0.628025752611017,0.622685953826075
2788,0.257923477493965,0.23307512935647,0.24403123287223,0.242188207861095
2789,0.377709496220282,0.37584034025471,0.376240946090221,0.37624428251442
2790,0.416701331964688,0.395820131817004,0.407854095377568,0.403444914869058
2791,0.299138499766175,0.289033527166038,0.290367572390154,0.287224741652705
2792,0.38247716245059,0.380434927627181,0.380989489120884,0.380864322627871
2793,0.378037430281514,0.376640570856743,0.377415451913393,0.368714031320982
2794,0.380150714081637,0.37286552834002,0.373929763726355,0.373905790729978
2795,0.332544018859259,0.311129845612006,0.315820769075125,0.315536377763859
2796,0.380025479427815,0.37618842747165,0.39047216285185,0.387519215644582
2797,0.377802267634623,0.37776335702887,0.377786615377907,0.36869754380535
2798,0.385438358081752,0.382575586825021,0.383881101178502,0.38362076046204
2799,0.35329724212292,0.314112773611932,0.320056429959976,0.317192331730281
2800,0.376337056139876,0.375137188128424,0.376399221625175,0.376088134301067
2801,0.396612745780599,0.388873289206412,0.38947462610999,0.390483923050126
2802,0.401125873673984,0.381548006486862,0.38936735856261,0.387376841711685
2803,0.142125348552507,0.133496989676032,0.13626044649803,0.135647972631727
2804,0.381911784559179,0.35211642939588,0.364266216607361,0.360135881050668
2805,0.313303029991693,0.300855448389338,0.306531316155426,0.306318093109917
2806,0.36291826810436,0.331047998797923,0.343644804224097,0.340655314909481
2807,0.361260857633876,0.346201157437522,0.351061293438431,0.349732413932089
2808,0.378847298654388,0.378800827381668,0.378979798387154,0.378937982981549
2809,0.430532523259938,0.392930646826934,0.410022352906417,0.406196384522977
2810,0.298205401994507,0.289648213575712,0.294899203986669,0.293228846299797
2811,0.305531453573738,0.272630225654409,0.286562596663189,0.285838164392498
2812,0.376075919904237,0.374251488035441,0.3747545443299,0.374731328009677
2813,0.416540266646914,0.403499325474207,0.404247710291327,0.404096515307262
2814,0.386425648271557,0.352960352167454,0.369023844727183,0.367671895340794
2815,0.300197649835427,0.267671245667696,0.279896225128332,0.27715409371821
2816,0.360867120446019,0.352738593258803,0.356047526032089,0.355055382152577
2817,0.376706141012413,0.365358267945033,0.3690531266623,0.365323695729779
2818,0.124534256599353,0.0992877042098027,0.104254456374987,0.103966168102804
2819,0.448313553826475,0.421377908629988,0.427948089163158,0.427525587175574
2820,0.356599008953586,0.349083184877726,0.35146278228593,0.351225845148117
2821,0.398023780551041,0.392153915644643,0.392806345210237,0.392603546685123
2822,0.37784004469704,0.37071282634176,0.387561427970245,0.383331323450358
2823,0.344511483597906,0.34033089070015,0.342248913650782,0.338865525828047
2824,0.385134400269118,0.383922778110336,0.384432321747981,0.384380725377151
2825,0.394319532851861,0.366953981867114,0.385897000206087,0.384436960524617
2826,0.338115266555243,0.328328505201163,0.333961338434277,0.334287557319351
2827,0.229395152243478,0.205441339191005,0.21517175805423,0.213315777867908
2828,0.16544367593823,0.136480541091579,0.142746255486277,0.141772302128994
2829,0.401332009665726,0.39140986534916,0.393198074054528,0.39159139126393
2830,0.384136277015433,0.3671467290579,0.371140607280101,0.370081148687161
2831,0.2531588562862,0.223526074389881,0.224326396115842,0.22417672186101
2832,0.377818469379371,0.353322297880839,0.365355208612669,0.362151954930722
2833,0.25313606001624,0.22702957848307,0.237606261195781,0.23558737179776
2834,0.353198932675789,0.34251970942781,0.343821543356746,0.34377525182902
2835,0.390078208763556,0.38755652626814,0.387925748688477,0.387875204808894
2836,0.291084902049904,0.261055621521555,0.270529680515205,0.267983724502625
2837,0.365434614244307,0.359099572287084,0.363068735182603,0.357900000955819
2838,0.375914712248719,0.374940321219806,0.375494877480514,0.375360404832747
2839,0.408652358298275,0.369806127489976,0.385716397712408,0.381498136613528
2840,0.168077799180486,0.164283809106676,0.16607315278601,0.16585586036195
2841,0.608237895201661,0.56909941941558,0.58803917680481,0.582721189053644
2842,0.380163680173897,0.379277599129389,0.380063543299312,0.379755978312496
2843,0.399098184238123,0.390198501763218,0.406676001937763,0.402080251174068
2844,0.405419246869517,0.392865344232372,0.408655644084751,0.406200031839546
2845,0.278646214755485,0.267376658978046,0.27090459126455,0.270557805593106
2846,0.33382218654265,0.312222289911127,0.32182987178585,0.319248776733769
2847,0.238243848313518,0.218197070462925,0.218523447635122,0.218464991029247
2848,0.327264328712039,0.312159885897206,0.318560593617574,0.316854763063522
2849,0.340059240892955,0.325657392131087,0.332819371909355,0.330568724795067
2850,0.390102981474577,0.387571316992373,0.394804834322819,0.39025092398887
2851,0.412415145518972,0.396391705454291,0.404443009148983,0.401979586747435
2852,0.380854869084808,0.362294314060072,0.370978298241955,0.367206071732461
2853,0.382879419133547,0.381592389915513,0.3819820906312,0.381844480735673
2854,0.376231397094029,0.374807649423732,0.376090276399449,0.371959792907937
2855,0.307839114259506,0.301238181817261,0.305304140343639,0.303552117601289
2856,0.38832503642511,0.382155776193922,0.384533359987827,0.383462160974698
2857,0.321144549143269,0.291939637291894,0.297877044233419,0.296196629703769
2858,0.378233356937995,0.375679157284647,0.377009030393235,0.376645978275143
2859,0.380941738751157,0.376757608150636,0.380244081338499,0.379349988305996
2860,0.362758242509235,0.352149444155628,0.364775173725868,0.361668642661237
2861,0.371235041084237,0.349227407422364,0.360984603591478,0.357004107247933
2862,0.397565492856857,0.389646822232216,0.397332429445812,0.395411266996521
2863,0.229104615590262,0.213794562122637,0.214822216496774,0.213728798170145
2864,0.183543392978255,0.155318685114662,0.163292418313811,0.162633262372214
2865,0.197672985200242,0.17321744423671,0.18216636754329,0.180474714774356
2866,0.644393701628854,0.60251337706196,0.622272495765114,0.616728765286346
2867,0.178672360023376,0.151386665166208,0.159021875244192,0.158449591583593
2868,0.194957607991912,0.172365229501567,0.180518696531548,0.178833840077751
2869,0.130054013362031,0.0991703341981162,0.100415468024397,0.099500743149309
2870,0.378193593982412,0.375223051677047,0.379118656727048,0.375927842806812
2871,0.22113961128788,0.19919239842659,0.209245303640479,0.20714745284816
2872,0.393238020855724,0.377191877521272,0.384469461636981,0.382478518133985
2873,0.118993629911901,0.0942941494890739,0.0964466201194712,0.0964525488767486
2874,0.196779709745954,0.166291048647078,0.172985612201538,0.172884638827133
2875,0.371446725182358,0.367701744656382,0.370454161764812,0.369417797072
2876,0.343752233006525,0.33040730466743,0.336472586212595,0.335051430925021
2877,0.330138784351288,0.312607882973898,0.321473116517639,0.319276727072282
2878,0.349274528741488,0.334855224785848,0.34165767510748,0.339923212140847
2879,0.34954526900629,0.341237788311036,0.355420382504883,0.351180213671683
2880,0.181450648676389,0.152517321130293,0.154744236518913,0.153518541894376
2881,0.389988889277475,0.384765608338361,0.385323635424191,0.385188338647901
2882,0.375138586253209,0.37453337558578,0.378014509130774,0.375152177098278
2883,0.224280181586787,0.223420288871232,0.223558239674617,0.223574774380181
2884,0.390457827291716,0.377522604003054,0.378760941566525,0.378749300797229
2885,0.202856052976633,0.177450306388672,0.187584475659463,0.186757262492661
2886,0.3905809978125,0.373595180204771,0.384711566505425,0.381809056569916
2887,0.366340666227909,0.365624691008931,0.365845957182339,0.36534151327243
2888,0.266104763437601,0.244306624240038,0.253630616474402,0.252049282960301
2889,0.347593950231225,0.328626364131732,0.337100701074441,0.334866257336378
2890,0.252868270755822,0.22545198985419,0.224849826425296,0.224887201877926
2891,0.373946514091259,0.369039853403153,0.371835297745701,0.371151756513209
2892,0.383676993381843,0.379829155678197,0.38466262821388,0.382977466524875
2893,0.259826476367333,0.252389495658549,0.258385966236362,0.258168916730814
2894,0.145991275247955,0.142948604619334,0.143550157877612,0.143587351873734
2895,0.338486396827881,0.321378690215717,0.328799921492658,0.326923504618527
2896,0.371370107224125,0.348901785228894,0.358953333166864,0.356225737023224
2897,0.352997304463179,0.348157734490353,0.352443524150279,0.351668255628964
2898,0.16756774662276,0.143477484559043,0.150174286149743,0.148932239156268
2899,0.268776626315171,0.243480966121017,0.256255331664579,0.253625576194324
2900,0.385300482047658,0.382928382958413,0.384011318755139,0.383757526714098
2901,0.36589002329096,0.350621545271599,0.35420133163973,0.352778173238629
2902,0.39830798986626,0.380537456601969,0.389091491703922,0.386904136342692
2903,0.229920024596037,0.202158838084684,0.212679556044736,0.210894595489567
2904,0.41109467561533,0.396567982795373,0.403177700129895,0.401276740474267
2905,0.335427020565696,0.320752459814145,0.32491308942068,0.324127565294732
2906,0.427756342975124,0.41488607280165,0.418929819720662,0.418484396171862
2907,0.364928852147173,0.356605332462337,0.361025385131191,0.360338033074231
2908,0.100045046168122,0.0874167253777114,0.0903354640524054,0.090080148855094
2909,0.441881202382497,0.425564579990964,0.442288734044473,0.43738123485439
2910,0.298585862467279,0.278389106291214,0.288833703944022,0.286292066208888
2911,0.279311221408943,0.252958175799206,0.264297749010009,0.261341309077453
2912,0.294727078425178,0.279859237900873,0.280155755350645,0.280138356291183
2913,0.299525510933608,0.269808333879336,0.283674554208663,0.283044370496518
2914,0.20857130774512,0.179798303680175,0.187261519381263,0.18512685483749
2915,0.404950846013885,0.383309498003354,0.392818522337905,0.391408305629907
2916,0.338924957172809,0.31280370778423,0.325949874104194,0.323595165351552
2917,0.378169021797343,0.343850467759178,0.357534794126937,0.355221940924652
2918,0.349449236239779,0.341461121721728,0.342744617829897,0.342588145178354
2919,0.243677176583386,0.220425359021628,0.235576087584879,0.23426370340575
2920,0.151203421362207,0.12524177835845,0.130073932289547,0.12880014767466
2921,0.496059879719257,0.458463589986952,0.469228451835802,0.469215698042655
2922,0.27375364876081,0.247246781126249,0.26048457468582,0.257996509676457
2923,0.255739015933474,0.226223423467119,0.238197506734534,0.235891057936174
2924,0.461504975107488,0.428754838463944,0.437756519946649,0.43624765858182
2925,0.26050741009847,0.23580489075386,0.246805792035287,0.24393628336188
2926,0.41337503469849,0.382698810062198,0.393718032387713,0.392774766578841
2927,0.410386151985924,0.383730147057039,0.395511317511542,0.39216806138169
2928,0.342213495633097,0.311530110719786,0.324060968223296,0.320549723382346
2929,0.390052484213525,0.383870197332897,0.386477452854247,0.385708359912506
2930,0.360963591498886,0.333977488178038,0.346610910335695,0.343130149682263
2931,0.369977370261697,0.363349011016222,0.366827293238856,0.366085257920756
2932,0.32877202897142,0.305129758583714,0.321841794792112,0.318459449755415
2933,0.275776125143029,0.248794821879563,0.253909050824143,0.2531443148702
2934,0.38860335634041,0.383963023681864,0.386468020060938,0.385935104353248
2935,0.377486619337765,0.372933409781836,0.376464165040967,0.375325164277134
2936,0.405701667821716,0.376006169362156,0.389180941764576,0.385917583974585
2937,0.274988043608151,0.246129361115449,0.258333178828137,0.255731890874662
2938,0.261509626052843,0.246095484296563,0.246711827510064,0.246215954970507
2939,0.382732220696343,0.372333264637966,0.376958601671918,0.37576652685971
2940,0.376904119521785,0.369762314354901,0.383866927994382,0.380286933463326
2941,0.365912585320234,0.355316285094871,0.359470898368134,0.358347345609194
2942,0.364001537515617,0.359840441796809,0.364387517078926,0.362292381498173
2943,0.147790996356024,0.11908256992491,0.123221108743366,0.123474829961103
2944,0.398117002685576,0.369312005459773,0.380370571210314,0.377449291282843
2945,0.334916810789767,0.321051817579782,0.336445961303479,0.33238456700742
2946,0.262004568915752,0.23177673438014,0.243863204568276,0.241740339058602
2947,0.378048061828757,0.377437376471244,0.377731114485942,0.373188658581577
2948,0.27964635157433,0.248888828114628,0.262327982660963,0.25995628235716
2949,0.395449625233548,0.381215465734191,0.38620836408901,0.385358045809634
2950,0.379224306747566,0.377284874334511,0.378131598342376,0.378016496899713
2951,0.403786505404557,0.373994822795591,0.392309241790357,0.389545559295412
2952,0.383612557682564,0.355955001713915,0.369426805780077,0.366054158627667
2953,0.368341069906534,0.353363609735626,0.353900537393612,0.354152718899797
2954,0.280806203727547,0.280627027735435,0.282554721065424,0.280090802579936
2955,0.384337446275684,0.375394036441894,0.378119635585816,0.377844030828879
2956,0.399674737654065,0.387847196535385,0.392761835091294,0.391102094404117
2957,0.371644906535529,0.364764155804293,0.36550691393917,0.365113081514024
2958,0.383075521902448,0.349648525035298,0.364926850971924,0.360709765115791
2959,0.326472604098902,0.31027494142,0.320040796242926,0.316136317013267
2960,0.347486032440327,0.320369506877503,0.32373729584581,0.322959281576268
2961,0.378480727631535,0.377492171986914,0.378605767125728,0.373190348576853
2962,0.40540441766515,0.394330744553552,0.409108449314285,0.405849781511703
2963,0.377931775007723,0.376360711104154,0.377219731598651,0.376804758603623
2964,0.193479618756663,0.19074336028568,0.193404327951764,0.193032106945943
2965,0.37977903145126,0.361527022808148,0.380145813011678,0.376166576519393
2966,0.381102383893023,0.38046987147751,0.38154920913951,0.376091834716624
2967,0.37638580434107,0.375874897853214,0.376180448681286,0.367251948879938
2968,0.390210839572475,0.38786997669909,0.388157285898321,0.388004616688091
2969,0.39304590564704,0.388570347691333,0.391657358619874,0.39031571429073
2970,0.409113087166996,0.397797591174575,0.398748079120908,0.397908951115124
2971,0.409720892435041,0.37530503703306,0.391014674033759,0.387009801944822
2972,0.379698532896648,0.379002908096564,0.379340590811095,0.379101771493423
2973,0.340714784318232,0.332165949693305,0.335305435608706,0.335017757808755
2974,0.403588998781156,0.401999361951006,0.405483250412954,0.404082760569182
2975,0.363220571736589,0.337599219457919,0.348994354176906,0.344857843128777
2976,0.388220235172744,0.375286171034477,0.392804316622601,0.388323108457913
2977,0.277666656296155,0.246527189602266,0.251630291148217,0.249827240156838
2978,0.36229241672848,0.357006847893524,0.359342101504512,0.358774693780459
2979,0.385331792132254,0.350513336388928,0.366689147856588,0.362982336359261
2980,0.436108858065322,0.407580485763033,0.412982214981333,0.411698934156485
2981,0.353680362376636,0.324487619579601,0.337093225848246,0.334251233554794
2982,0.350404511951324,0.32305467997178,0.334094889059502,0.335002310363391
2983,0.230976446360483,0.218517608332381,0.221043139898466,0.220976603195023
2984,0.347502256098723,0.337394484683659,0.34492097629274,0.342569088103417
2985,0.382560998806818,0.347752390741268,0.363612823404184,0.359672824519002
2986,0.386407067577515,0.376131401204412,0.379567961696739,0.379850202774223
2987,0.376244037153993,0.373338302314972,0.374592984915264,0.37432888331486
2988,0.153789648051166,0.1246761561934,0.129340177758479,0.129364241015591
2989,0.391831218760079,0.388625498063342,0.390344324591113,0.385025846111793
2990,0.386232164840408,0.383773097807117,0.384960465369517,0.384758931475068
2991,0.378268215505914,0.375474568323456,0.378370395706347,0.377978274811517
2992,0.394511817914594,0.385582720804988,0.390658515554015,0.389615258608591
2993,0.39102373295616,0.388509617406576,0.396167521123414,0.394893823154105
2994,0.421830430219649,0.394712578183317,0.408045445489602,0.404546644221252
2995,0.370545155712922,0.370043339982755,0.370058603546378,0.36990151238764
2996,0.291715931503138,0.264135535978318,0.27720047329483,0.273849933853118
2997,0.381481578180187,0.367384390101,0.373596857780982,0.371965664519844
2998,0.355288699052173,0.341279434478519,0.349285500147084,0.346907790597428
2999,0.34468088847115,0.331760720697112,0.339442956202377,0.333639656706868
3000,0.359632173627912,0.330447358013931,0.342526965587352,0.339193382611951
3001,0.384362360608506,0.379626031300627,0.382889593293092,0.381482975823384
3002,0.511089413549711,0.477850742119456,0.479239735633009,0.477382090219131
3003,0.385341329240727,0.382849452042307,0.3839611128817,0.383734392414705
3004,0.36027087196902,0.344120958253193,0.349098717988579,0.34837114745388
3005,0.249452881593441,0.219583299454713,0.231115263380382,0.229204147871204
3006,0.234013904169126,0.215759010342361,0.218504296841,0.218463445048643
3007,0.371213793282304,0.348839578189579,0.352049509151182,0.350273102435822
3008,0.382366717237554,0.379593115189194,0.379879524165586,0.379196490800624
3009,0.454476409483058,0.419492588497354,0.435872218002847,0.43173827711196
3010,0.367250545359274,0.339509261359588,0.348641278585242,0.346123428301499
3011,0.441886271815723,0.416379759230415,0.421492781651361,0.420359633650717
3012,0.378737723310885,0.371039922074409,0.388044718544206,0.38391165020896
3013,0.339910376461146,0.308027218463184,0.320194378202205,0.320374585768345
3014,0.376404934618562,0.375392578400755,0.376076100027768,0.376004422873779
3015,0.427441111285115,0.42663081064552,0.427930285067543,0.427736301224487
3016,0.351193224242647,0.320340133064472,0.334449987704959,0.330771467402953
3017,0.291739529754844,0.262186505912996,0.27551165135079,0.272303160890724
3018,0.397539662461333,0.36951905694456,0.381413522099268,0.376452570145526
3019,0.370822473023043,0.354356639903992,0.359243140526458,0.357359056946691
3020,0.380226216763665,0.379156817003312,0.394312261884055,0.388946361852365
3021,0.466864054961757,0.443049902492736,0.454827467220229,0.452889107853335
3022,0.382490154186429,0.381416393186267,0.381671213465834,0.381652814406473
3023,0.377358886631243,0.372124253723857,0.373508386055504,0.364620802982884
3024,0.111445773418996,0.0986691032849845,0.102649538657633,0.102620558119016
3025,0.373904837121504,0.3250153943513,0.338330692547548,0.334662175444598
3026,0.322827254999453,0.291089612601298,0.305880910210344,0.302814467465911
3027,0.253253476549855,0.229001077751643,0.234538135945129,0.233273037962733
3028,0.255013383873246,0.223623977516238,0.229770590324575,0.229705304702986
3029,0.268557611595948,0.261162903366801,0.265280256387166,0.263043876998333
3030,0.375747252034354,0.349593932139289,0.363837585172796,0.359893042641669
3031,0.341641348176698,0.335066409672982,0.338435955518717,0.336476930454528
3032,0.369941882274744,0.369543507790609,0.372231089506148,0.368558323516708
3033,0.440490152388714,0.405167902045006,0.421959318326753,0.421118410805472
3034,0.138708743087667,0.107565404189077,0.109600701305901,0.110329681621696
3035,0.345374316416758,0.331260989344487,0.337288277512747,0.335792125596634
3036,0.379577777411105,0.378103632723383,0.378622118035784,0.378556586903765
3037,0.246044364613114,0.228599874641001,0.240312833999683,0.237099425454113
3038,0.217449544532779,0.191966296768637,0.192105088284855,0.192089120764282
3039,0.364229932708576,0.332574156496469,0.337559249460029,0.336920311312188
3040,0.377364641635129,0.374116318462208,0.377708976650306,0.376599797863927
3041,0.287279321517207,0.265091421588209,0.274868729092462,0.271487970105724
3042,0.416651597619697,0.383828521492133,0.398389178913242,0.394546016670855
3043,0.167082465451198,0.138149897958569,0.144069504184708,0.143662459476583
3044,0.15921095805621,0.129536907754624,0.130391058237868,0.129065908122226
3045,0.378243726398189,0.377476515072934,0.377972209754573,0.377859584899882
3046,0.330146335573496,0.316475745019383,0.320849837658008,0.320337059963467
3047,0.403051430618789,0.368627267906924,0.384461413805,0.380487068989949
3048,0.364617803977093,0.351599845013786,0.357325908366216,0.355900951560344
3049,0.456666662545104,0.445850934680973,0.451410660391592,0.451475539119061
3050,0.355535393970661,0.326344383542632,0.339947689637041,0.338024668623134
3051,0.137753988440324,0.130110110006511,0.132677509333605,0.131884816643788
3052,0.380133913802947,0.372348231614188,0.378244357570762,0.375697761335753
3053,0.308097840680542,0.279713160165319,0.289761567597664,0.287851325769143
3054,0.210394576312946,0.18546088377218,0.194853346384179,0.192763286354961
3055,0.390759894166809,0.384736994182857,0.387873997828958,0.385431492201866
3056,0.272580715927595,0.262198928994485,0.273385572893301,0.271544030275965
3057,0.354009713725812,0.326879500751245,0.339936527961399,0.335689834195806
3058,0.253552602070489,0.243306151250301,0.24520292057502,0.244359188838624
3059,0.159757476701322,0.150239449908342,0.152508869676482,0.151865923526294
3060,0.38922703656725,0.364726893553607,0.380275289535995,0.376344045489914
3061,0.375970975709906,0.355632218379486,0.355686158622915,0.354997675286466
3062,0.290931048523994,0.280820654278226,0.283840450419602,0.284147917785221
3063,0.202790403594401,0.181676638802287,0.190996546408084,0.189062054383287
3064,0.376651630538862,0.376066648382264,0.376311083378815,0.376214037229237
3065,0.299956141641239,0.282694030718354,0.288414999709085,0.28469521460389
3066,0.368408136882724,0.343564759930651,0.354388421196148,0.351618301937578
3067,0.290160295826769,0.285596068782233,0.291345744482592,0.289563470451382
3068,0.285191183729131,0.265267243460209,0.27445092820931,0.27204066486688
3069,0.243699898118088,0.219386626837579,0.228219636698787,0.225490430299511
3070,0.379443483959697,0.378927527438193,0.379365410950052,0.379267759572158
3071,0.302602744364215,0.270094493366524,0.283435840733532,0.280513536823006
3072,0.376878915591914,0.368801837621178,0.37286905353638,0.371899209976915
3073,0.172678878317514,0.141446153183421,0.146881240669303,0.14691847386111
3074,0.328698375583746,0.3266068877351,0.326991215988075,0.326627673230878
3075,0.366622208771553,0.331332576719855,0.346750420189931,0.34484407727868
3076,0.38095941038886,0.380550715032767,0.380770538055746,0.380705613502988
3077,0.37791126075757,0.375926545359389,0.376042239344773,0.376038802120786
3078,0.379003444463281,0.361560520587167,0.376257648854871,0.372146414898162
3079,0.231839294895943,0.204272526924797,0.214884280286004,0.212995640372022
3080,0.421462150567159,0.380765911376904,0.397156741077217,0.393789590463542
3081,0.379827811771193,0.37914141404226,0.379744229497179,0.379556167524614
3082,0.378227632261611,0.363976803793366,0.381559790749942,0.377536839951016
3083,0.152324122623735,0.120328627000533,0.123342198608679,0.123624454492128
3084,0.381926224988719,0.357327898055677,0.36968282660597,0.365640492623505
3085,0.385138765428388,0.364922428594774,0.367250566574176,0.367182395012663
3086,0.378993683644849,0.377729884648043,0.377851383971144,0.377778506546888
3087,0.457870321093291,0.426142444773412,0.441286880926995,0.440566272100107
3088,0.266274563755821,0.236612290554206,0.249075334377595,0.246759957873333
3089,0.377655072021043,0.350125941445352,0.352062164942584,0.351333089063062
3090,0.387978160817831,0.353314347368958,0.369736829901391,0.368610539286353
3091,0.36209653026201,0.361247120810398,0.362075534614748,0.361955500869521
3092,0.291870400614436,0.263577124446166,0.274956955680053,0.272060905674707
3093,0.174340839156636,0.16986520449023,0.170023966291617,0.169908160584096
3094,0.377633148473994,0.368306392491099,0.376964333637422,0.374789960174613
3095,0.449734328844133,0.414112890234816,0.432185092030224,0.427867349613884
3096,0.309687445153796,0.272858301777414,0.286110250096636,0.283259291351868
3097,0.39680611616777,0.38561249598728,0.390713019539359,0.391423379938478
3098,0.354323927040069,0.321254701699994,0.336274647614566,0.332552480709559
3099,0.413273145108846,0.378073448742455,0.389870945902613,0.38657395567145
3100,0.239860740788636,0.220042310161074,0.220771376544286,0.220361820159287
3101,0.198979522564751,0.179941366173631,0.186670048741517,0.185996494863987
3102,0.380919917233138,0.380272240184903,0.381167304000281,0.380785527949797
3103,0.376599163445152,0.358288969144238,0.375293649905742,0.371619573512369
3104,0.31979242895699,0.309247445396408,0.313130619575269,0.311966869249225
3105,0.37928276684292,0.37837846055292,0.378691925074653,0.378600588965756
3106,0.416485514257889,0.385184902675779,0.401689022680083,0.397585822778006
3107,0.363305325621931,0.338124744340861,0.350253527828789,0.346956774483273
3108,0.368946676369875,0.366693514807663,0.3673300577425,0.367153953136904
3109,0.258975092568026,0.235494109523335,0.245972379822026,0.243403321941756
3110,0.170967868261492,0.139900233519518,0.14520552957284,0.145927247174252
3111,0.229137253298204,0.199223080679944,0.204723527110752,0.204718921850841
3112,0.328466356906766,0.300937625056178,0.313848187222546,0.311292135537618
3113,0.278292001027735,0.247772078679586,0.259639491006613,0.257930807019628
3114,0.336806055345698,0.305225391945039,0.310488450717593,0.309866541849528
3115,0.382358260976412,0.3823206435683,0.382340643700747,0.38267186131733
3116,0.378026407081592,0.378003910892148,0.40078048931629,0.396617722389975
3117,0.393317205047487,0.358553516709319,0.37435240949065,0.370371664453856
3118,0.251918816027637,0.221683315029734,0.23340362890894,0.234183450837509
3119,0.364278836126337,0.3500693995627,0.358939281688817,0.35876942960247
3120,0.0989015580794025,0.0646726528235638,0.0602857455173587,0.0599846639285551
3121,0.347637563528916,0.326494773022136,0.336539079104129,0.33384586937002
3122,0.384345337488062,0.360191517806988,0.363380318187334,0.36244202905011
3123,0.381486769491174,0.380948067296961,0.381018641447842,0.380870401259269
3124,0.372940755813704,0.354244356122771,0.370880120456349,0.370420828318975
3125,0.398924143422984,0.39688907215693,0.399106757591861,0.398692252213092
3126,0.257113214044983,0.226138196815408,0.23620370841013,0.236183741897854
3127,0.340098603039836,0.31313040206387,0.328754835260413,0.328332248847184
3128,0.395079558505981,0.383297094304676,0.386444243987217,0.385584931009258
3129,0.359885073134301,0.358926583710082,0.367853562145588,0.366859229684978
3130,0.41650701154563,0.38802745478408,0.40750394867686,0.403370070383509
3131,0.367958148654915,0.350644783776105,0.366372923412985,0.362346928579947
3132,0.380031156536842,0.378235656884999,0.380206900070899,0.379561774652354
3133,0.389456004931375,0.386754528816066,0.387369874359803,0.387236482862433
3134,0.236015013854064,0.216394325997576,0.221730590984677,0.221346953105818
3135,0.361966227063205,0.361339358748781,0.381674361564477,0.377903907477547
3136,0.379221697037934,0.377381470238777,0.382047161354263,0.377602227381156
3137,0.357680576353426,0.335074797328036,0.342599636374885,0.340661695617106
3138,0.322481747160341,0.305067245573977,0.313713416848617,0.311382087573698
3139,0.377684952439934,0.376592066607552,0.377198274502191,0.37717963745453
3140,0.364437001803495,0.35680637953386,0.359133238446831,0.359083397436286
3141,0.299763259015287,0.267435690612591,0.281178508162611,0.278998185169356
3142,0.279191863671344,0.251017918036868,0.263571103176692,0.260915964404163
3143,0.100840393276176,0.0649216463552403,0.0585162511017704,0.0571984196212344
3144,0.32942863221908,0.321377128423652,0.328406868609301,0.322101890130889
3145,0.382111649084197,0.373207959329703,0.37721614987931,0.375599263880407
3146,0.377311819059841,0.37600069450936,0.377003303966658,0.376803358401082
3147,0.365486279664961,0.359543904511405,0.364921356595596,0.363093305211474
3148,0.369477405651845,0.36665221233889,0.368233498565932,0.368151166985065
3149,0.365371504472363,0.355975680100983,0.356317595516844,0.351480474870318
3150,0.251046696192614,0.226372354868357,0.237544783262464,0.235155475467866
3151,0.375674879467656,0.373646449677457,0.375576233836189,0.374983734629463
3152,0.295646374097544,0.271432485771032,0.285122480269285,0.282886743096319
3153,0.263336312609144,0.240946971651744,0.240479737004615,0.241076632501335
3154,0.373020700598778,0.354068738464081,0.366274623156105,0.362780456182882
3155,0.387048389767445,0.385883436783633,0.386269063056254,0.386106999163992
3156,0.316351362283349,0.283249484482659,0.297377691689992,0.294406435332811
3157,0.387895422787352,0.368107627899373,0.370441793651314,0.369984996235984
3158,0.17218135350772,0.142582183121822,0.148356160390809,0.147705359097585
3159,0.266404288609088,0.242572504256255,0.252791838435942,0.252060873868471
3160,0.377495123158944,0.373710207496685,0.379719036036231,0.37500558341698
3161,0.251078946332968,0.246402008068922,0.248502209139452,0.247630617082467
3162,0.370548727425442,0.370319017447434,0.370592129257895,0.37047960808226
3163,0.408009273570464,0.399241402639064,0.402863871520537,0.40273436504801
3164,0.595077550218828,0.555930215865797,0.575355452307441,0.570215452427275
3165,0.259290521976797,0.230012288489276,0.238182578606124,0.236250084633283
3166,0.21042426521631,0.1807272889895,0.180690641637062,0.180671301287099
3167,0.375704648357703,0.340353488738723,0.355389183060273,0.352180494092303
3168,0.373858270209767,0.366626304616443,0.370351516324854,0.369748282520748
3169,0.308670817516894,0.276563188751429,0.290309257500352,0.28726198917894
3170,0.333178883088935,0.317397288976255,0.317972070096224,0.317804897223158
3171,0.39414578623767,0.368168199109792,0.37981931577488,0.376640130101495
3172,0.36257865907683,0.328550302630563,0.343715345438773,0.340072239987168
3173,0.389505009316023,0.38248635061527,0.385754269213266,0.385751781239744
3174,0.338153225987001,0.31525448607865,0.320980557437244,0.318946180259315
3175,0.370362365719574,0.366315921653981,0.367294056638098,0.364986083235501
3176,0.378650165474469,0.37468735808814,0.376666305013474,0.376339959148143
3177,0.290035058230888,0.26251824614246,0.275079623298657,0.272283363503423
3178,0.378403828369702,0.378121644240373,0.378474127582409,0.378365060844574
3179,0.197945137810835,0.175813404503213,0.18275810371824,0.180893692421807
3180,0.374961167297963,0.367750618687721,0.37349000423318,0.37093751879883
3181,0.373986010463777,0.37321019107911,0.373302450690157,0.373142222650759
3182,0.441520275924941,0.414587898736829,0.416299824995354,0.415830809896074
3183,0.379612087809007,0.378121499857462,0.378953031768429,0.378408772573489
3184,0.377864157984518,0.377809078135239,0.394498946017688,0.390261967510956
3185,0.380225315357518,0.37367652105858,0.377162551397725,0.376504827473983
3186,0.323538786538407,0.314242932088612,0.322999930754972,0.322211688255414
3187,0.392339091217237,0.359567437763929,0.374314188209098,0.370347813790991
3188,0.341033428424729,0.324128964275713,0.331186345364211,0.329247945446193
3189,0.376390894803058,0.363349496061232,0.367692006416882,0.365205696932722
3190,0.227910858520551,0.226036295087855,0.227498309400331,0.227535313963818
3191,0.346509633512295,0.335255677421218,0.33928653699051,0.338973054019905
3192,0.378723373096258,0.374864149848025,0.377745107977174,0.377040404568506
3193,0.224861649386821,0.207202952655829,0.21494332229073,0.213147350434798
3194,0.379279019699371,0.369559206019989,0.373903947915934,0.372793488068758
3195,0.209402950599281,0.202092170078528,0.205651411843017,0.205147919284876
3196,0.403150382008139,0.391016824899793,0.409214962897809,0.405249562133735
3197,0.328400042798678,0.300695184875788,0.312125610348568,0.308628799742196
3198,0.337106645105679,0.310000890761412,0.322463768414688,0.318087118778938
3199,0.394999518090075,0.365234892800436,0.381684161111075,0.37878000207477
3200,0.116126782421963,0.0865816761023581,0.0902338106950159,0.0896365601078536
3201,0.371147992558943,0.335114496645442,0.350828366271178,0.347169640404244
3202,0.341597315009408,0.309270901843784,0.323503156461526,0.320474432683782
3203,0.144122576403381,0.113844347203472,0.117488859743516,0.117853577632762
3204,0.278597254016911,0.246754493807346,0.259559538048549,0.257880987735973
3205,0.413821531151931,0.407762786557012,0.410711627283179,0.410223275282975
3206,0.286862206742594,0.255364014296869,0.267190017433209,0.264443555248051
3207,0.291022310663294,0.261311142140153,0.260688103195074,0.260756340707129
3208,0.370895432814127,0.338387564895628,0.353202196117789,0.349533739972674
3209,0.375986620412917,0.374809814451648,0.375226657318931,0.37507318133934
3210,0.378642287689889,0.377108317322252,0.37791637267162,0.37775096971129
3211,0.33911026047778,0.306155460952909,0.310397839517111,0.310429156406774
3212,0.295377616011874,0.263208837697471,0.275893306382475,0.273080445854467
3213,0.424088233690697,0.386812666982487,0.404000623675584,0.4000752671855
3214,0.39645038828069,0.362353416655876,0.378689540876291,0.38127214862902
3215,0.126467429766242,0.0933954934142883,0.0879216574796343,0.0879082047281113
3216,0.372275873683009,0.340151219068321,0.354779422625178,0.351060763189115
3217,0.375923223854472,0.36648488491916,0.370470584928672,0.369285603608482
3218,0.381828619123815,0.361790547894722,0.372199829030308,0.368598210469729
3219,0.21894477673437,0.218552483789121,0.219994391939639,0.216496634306355
3220,0.381206723835554,0.368309607625556,0.371740023877957,0.366932469218851
3221,0.382051602879171,0.364825072038993,0.38095323319654,0.376913005892084
3222,0.411458191169142,0.378132022691663,0.394978356768188,0.390944910410567
3223,0.277214531199766,0.261031878491749,0.269235105032983,0.268009720659678
3224,0.417089504212714,0.392080805092504,0.402231240031786,0.402715521788397
3225,0.409029004545203,0.392644333184547,0.39654000583547,0.394858340405295
3226,0.348150242654834,0.321365587710205,0.334189672150218,0.329571749322995
3227,0.389312823430723,0.358921059796179,0.370771060775736,0.369074195234266
3228,0.373653663820851,0.365774954846388,0.369691202510093,0.368528128744574
3229,0.381366132366225,0.377609465007639,0.38316168529081,0.381530743741826
3230,0.444494404024183,0.422464811789087,0.434458725705567,0.431404292311754
3231,0.40360705619388,0.388436575901158,0.393217156959783,0.392452864865178
3232,0.325755874957932,0.307442463549541,0.319290302401866,0.316399741816127
3233,0.391650840502644,0.387694990339514,0.389055935158913,0.38858253226272
3234,0.415721665091989,0.395984084392928,0.399701732140088,0.399635172654236
3235,0.368266455514882,0.357526785073973,0.366305667664009,0.364392465328317
3236,0.31693227270634,0.312298529583456,0.313313749749648,0.313040471109154
3237,0.440292621268585,0.412180888541607,0.414841560387004,0.414526642899281
3238,0.491352149723214,0.469203453029141,0.478881465361428,0.476701286604198
3239,0.481414308540363,0.454959481206775,0.462348651564699,0.459128894086575
3240,0.247312708695666,0.216477471651736,0.227066549411611,0.225071616591153
3241,0.376411039863389,0.366091863063858,0.368151368451054,0.367860700092771
3242,0.377699261188761,0.377053101012099,0.378275348508415,0.377901129978049
3243,0.35863221459898,0.353609592180813,0.353720481601975,0.353624589735931
3244,0.334743176779792,0.306360134936366,0.318078485514749,0.315127871414117
3245,0.378391668668697,0.365532255708732,0.371517545031785,0.37125657858143
3246,0.379682646977295,0.368496130899919,0.38459799048652,0.382447794465015
3247,0.244468463560986,0.216158750985454,0.227953454631788,0.22589341545696
3248,0.372299229521884,0.364134411913968,0.368807590735577,0.36762463107425
3249,0.377819177004638,0.354913375017306,0.371205627198284,0.367279323272306
3250,0.283418981242058,0.253608006650502,0.266151312676861,0.266173372253698
3251,0.283695584080897,0.252496044075358,0.265782995859045,0.265326318265392
3252,0.378852973090946,0.378736523412458,0.40156451173506,0.398085264925984
3253,0.229927684196705,0.21479413043029,0.222672735764387,0.220486533519009
3254,0.416250915398023,0.389509385748597,0.399425468233631,0.400363948839414
3255,0.340186125341576,0.332329190205568,0.33564796027629,0.334874480937536
3256,0.377881880383613,0.375533251392353,0.380894797412593,0.379611997857651
3257,0.376490040588218,0.376195798487785,0.376320739650521,0.376280522434001
3258,0.376879550689073,0.376414575696995,0.382725667577844,0.380137244685203
3259,0.356640814368422,0.339205493034965,0.346551381626537,0.344894617529078
3260,0.323516202745337,0.303506158794264,0.313222914149974,0.314324973824688
3261,0.364374245797972,0.347688780349537,0.354609757592058,0.353849983473035
3262,0.381020787371229,0.380798517819812,0.381400430212488,0.37961225872646
3263,0.377006283380366,0.364724719904686,0.37209591969394,0.367323206534022
3264,0.374968447964903,0.354820869838193,0.355392694378482,0.355331806602492
3265,0.384399236842541,0.382356306320048,0.383253547840099,0.383072806189498
3266,0.381301280447522,0.374584419433373,0.37968680495322,0.377688655682048
3267,0.371489949499784,0.367614004425959,0.367798394731766,0.367748235111253
3268,0.378940225722733,0.378271149423171,0.399658364493875,0.395595333354314
3269,0.179935855430063,0.150328284185396,0.150202106861043,0.150062869891106
3270,0.270199999660786,0.247382173875179,0.257864513899618,0.255376371630226
3271,0.326797587281712,0.297195025116153,0.312063866557062,0.308737402611394
3272,0.136788869925708,0.108094099243883,0.111022940126615,0.111302730814895
3273,0.186351023384935,0.162066895541608,0.161478963266676,0.161400469794466
3274,0.348255096930611,0.318109255944087,0.333914165020221,0.331162851051415
3275,0.312450273763168,0.287367620086233,0.291935693739933,0.291606158365181
3276,0.317538441643974,0.28934418779113,0.301747007253683,0.298719457570657
3277,0.40984984644909,0.409298006407008,0.409684828569041,0.406037071332703
3278,0.380034772578161,0.379166694139265,0.385372083588697,0.380534531288925
3279,0.360678734748361,0.332704545819569,0.347843070021508,0.343782646657972
3280,0.273300524953993,0.247549260723444,0.258408687267178,0.255504923252111
3281,0.440647186045766,0.401948497990992,0.415056913245016,0.414063602709008
3282,0.144844490927827,0.14417864909878,0.14446086149116,0.144041027241335
3283,0.377410220869984,0.376498005844173,0.378376512086112,0.377843754809047
3284,0.374309718251587,0.370792874992788,0.372130473030919,0.371415002240791
3285,0.30587846439129,0.280002868323324,0.28065033324978,0.279864894615255
3286,0.251261024031792,0.232535663734958,0.23886527710866,0.238781266138173
3287,0.381754759068191,0.364258581531794,0.372900177488342,0.370887253927852
3288,0.376051717098163,0.374408286893023,0.374854417251583,0.374818592048704
3289,0.382089537550754,0.374882182120381,0.376296769058279,0.375768753872279
3290,0.439290813641085,0.421812372158908,0.430675885104463,0.428276726883406
3291,0.381711684664156,0.379333922447039,0.398229502115017,0.394301063772536
3292,0.3764305014703,0.371221126188707,0.371924778841588,0.371866764554256
3293,0.376136841038367,0.357108243701161,0.375257139411302,0.371655528347399
3294,0.309499337058459,0.277279315858956,0.288166772814408,0.285100921359923
3295,0.442541257456324,0.411211060801232,0.418929959371569,0.416681919260142
3296,0.222404296171065,0.19451173304496,0.194531085738072,0.194557538543049
3297,0.418958109166785,0.38675661639354,0.400093834202629,0.397682587574187
3298,0.278722534976608,0.247667205207458,0.260651722642465,0.258357685038062
3299,0.367413786196497,0.3612655557867,0.363953067569725,0.363286151675415
3300,0.416764065276832,0.401243238051369,0.408177950993331,0.405969938438954
3301,0.380326965242211,0.369764407565774,0.37519460957885,0.373818751459151
3302,0.352573253200142,0.346832714764064,0.34960760691055,0.348272713496703
3303,0.414451336696004,0.400794577840096,0.40734363885284,0.40568685058266
3304,0.190356231899237,0.165381475036555,0.175481836628766,0.174806302001152
3305,0.378900142930634,0.365252852035756,0.371478099170611,0.3698536165446
3306,0.123958714060398,0.11563778338069,0.115984447428839,0.115916743569086
3307,0.401285866185762,0.378433272007785,0.39112471704483,0.390719006357468
3308,0.262729111666114,0.23970291265134,0.247876368788816,0.244370847390687
3309,0.569156252350066,0.529781046678891,0.542467043358134,0.539552683259894
3310,0.356002516516676,0.343906863007691,0.356269537359163,0.352839829736783
3311,0.403460265593655,0.400471356629229,0.404230129927281,0.403312577321847
3312,0.501771852749028,0.470064168440832,0.47926453394827,0.474710826471538
3313,0.402425174175362,0.390077203215158,0.39637685876251,0.393349426261106
3314,0.227770729229244,0.197541776250478,0.207682091898594,0.206355967060537
3315,0.388383164189899,0.387933863281872,0.403010415306051,0.399083076413771
3316,0.389322745087038,0.367457919658725,0.378286644524778,0.376778812651033
3317,0.377975284035069,0.372789194913961,0.376523768666464,0.375670361237436
3318,0.343098754843999,0.336633090252017,0.339706323243772,0.339130433466041
3319,0.371814023031465,0.351876232118543,0.360006261677973,0.358149568908758
3320,0.379714714157306,0.364676140604505,0.373801883802697,0.371903943435123
3321,0.398186109461617,0.389545024589472,0.392071081196084,0.390932492676073
3322,0.371958357020947,0.358135889295502,0.363124203764525,0.361792123311423
3323,0.378567905641809,0.372638833147406,0.374856580507197,0.374464999670762
3324,0.331095424400274,0.308063151750237,0.312395342176183,0.312138958820906
3325,0.205669224233984,0.176562186178128,0.182511344823416,0.181241640659028
3326,0.417769605853197,0.401120539455566,0.404099116492326,0.403371931307059
3327,0.422755013240661,0.398797553648531,0.416606722052572,0.412442206169603
3328,0.358238614329566,0.348148075928584,0.35086378677482,0.345690693595248
3329,0.288091824410213,0.261793987745123,0.271765888316987,0.270879334377073
3330,0.365610726413215,0.344392991019078,0.344524675012487,0.344487752171926
3331,0.417812110675501,0.385389052190621,0.400189678790197,0.396446755863054
3332,0.382554087214386,0.348412922673897,0.351317457607547,0.350406114541109
3333,0.37954121828548,0.374461812871317,0.389502463041381,0.385384740281281
3334,0.254682498218028,0.224489799342984,0.236498683493954,0.235099509161011
3335,0.367092086268022,0.35526120288878,0.360942354596111,0.359679949742436
3336,0.236309439755088,0.216166226763071,0.216302840620759,0.216245469941246
3337,0.286777024860966,0.276718920290339,0.280041883148152,0.278473238607194
3338,0.318941287856719,0.295431336058463,0.308677942650812,0.304997029525589
3339,0.397607425301092,0.375964487292618,0.381276999667571,0.379171378623165
3340,0.313745872540751,0.28157866556136,0.296304302620225,0.293583697236138
3341,0.43841727223508,0.401811881691539,0.416983815981147,0.413268228820868
3342,0.20762234813884,0.196479890012271,0.199126381610937,0.198930950748988
3343,0.377475198645565,0.34840725378766,0.349582327733969,0.34955227667751
3344,0.376099567644845,0.354962541838631,0.366725442332012,0.364278569000261
3345,0.347041313482163,0.330840016628173,0.341534340939855,0.341297256232859
3346,0.418883354018231,0.388583638275075,0.40234931715122,0.398792477671402
3347,0.362913364030675,0.332738988944399,0.346655490157315,0.343131753978705
3348,0.380655424424502,0.379462680378322,0.379822756099237,0.379746965381626
3349,0.352947538418654,0.32349097977914,0.335807153613431,0.336112632534725
3350,0.395815669576301,0.390710807215325,0.392826737582186,0.392507930358051
3351,0.343219273740401,0.333227935438542,0.338332880545758,0.336489225067916
3352,0.253654155110842,0.230780275788817,0.245284120830376,0.243263285108094
3353,0.391948919397868,0.383084307979257,0.385180138502239,0.384921717198114
3354,0.376243210744039,0.374790834538265,0.380382717972726,0.37577446197189
3355,0.422097776995519,0.399537005521564,0.41066766510016,0.407457621365101
3356,0.367729891457083,0.341329475142092,0.358644791027136,0.355632153913362
3357,0.294514275236929,0.2642191297619,0.277187552973618,0.274207994740721
3358,0.380149596085822,0.37614151781802,0.37708445522824,0.376954687017854
3359,0.379598999084929,0.378939021279998,0.379077821335826,0.378920959253574
3360,0.375710283688942,0.372518048765915,0.374268810379147,0.376325342251718
3361,0.414254694299439,0.396141833291708,0.406348619514576,0.405376313667348
3362,0.379649059915528,0.379591206744566,0.379581728137686,0.377460000567694
3363,0.440725741592776,0.427953881422266,0.443517045477261,0.438547942625941
3364,0.383735075237953,0.367795560369033,0.375827294516997,0.373767262240966
3365,0.384242584285105,0.381861998728752,0.382247548337034,0.382101100510139
3366,0.392415402072859,0.381863052329511,0.386429621651732,0.38528636605777
3367,0.377355367421636,0.376564971718243,0.377055400530155,0.376980360533648
3368,0.366139011352777,0.359942861729199,0.360802024394053,0.360347294399897
3369,0.331608601001036,0.324018033425281,0.325636881470163,0.32555762005522
3370,0.378727355179559,0.348365120381296,0.364094222017635,0.363083830500005
3371,0.377321772731304,0.375602529455325,0.395390438598417,0.391253727113723
3372,0.344413076585934,0.326822485982932,0.333202510285189,0.332986232009468
3373,0.259401557915217,0.230393095079504,0.242729100857142,0.240632247875194
3374,0.402342783165699,0.388017964113128,0.397168635466318,0.394505384628791
3375,0.274931248749168,0.248246006909446,0.260387486391184,0.25749726628709
3376,0.120392760826149,0.0864830487185163,0.0844726773002323,0.084629711122768
3377,0.397252085071626,0.392619714036566,0.397842343207744,0.393276993464537
3378,0.288629085386977,0.256346602045084,0.269362841085226,0.266944293512737
3379,0.296090186203148,0.290099312691077,0.293170586507347,0.293369049292929
3380,0.19756598416218,0.186552258314362,0.188892530395177,0.188840013815916
3381,0.414355736884054,0.382725739527223,0.395452228152612,0.39538307433661
3382,0.402391285447734,0.396673672087253,0.400021503011828,0.399474097880693
3383,0.138980724204902,0.110429764521676,0.11464312323662,0.116867875483796
3384,0.35181175742369,0.340647414497781,0.345616793908512,0.3443268762141
3385,0.410815819697962,0.383176173229093,0.395241119578612,0.391944931860703
3386,0.401585694123169,0.366327057160924,0.380741868180862,0.376815966660536
3387,0.165708608289398,0.13453582903564,0.139126540713056,0.139311876480251
3388,0.346749214456518,0.343163422913121,0.343733030432952,0.344073096434801
3389,0.369053776591784,0.367394205864196,0.368017336244936,0.367024166484894
3390,0.281349795168704,0.251553702353026,0.258241647225555,0.256424432474946
3391,0.395715078951075,0.369360686874866,0.376231007120802,0.373790735914334
3392,0.377762812269292,0.373988836948222,0.376045857313813,0.375984357195676
3393,0.37503130560211,0.373672243429032,0.379680592495468,0.374939364441972
3394,0.379348982028072,0.376786726281518,0.380707823954977,0.379465233020135
3395,0.377580276358668,0.372914422781208,0.375007618284105,0.374494666967659
3396,0.403041061048006,0.387558568171584,0.394565926976831,0.392548688595608
3397,0.386311590542461,0.384599077365381,0.386597976917915,0.38590357620677
3398,0.353041282193974,0.328555100184362,0.335683100274028,0.334406794240587
3399,0.384775615970737,0.380104618536106,0.381755807419316,0.381725780261397
3400,0.376583009425318,0.37572942120708,0.377002973109465,0.372946889407139
3401,0.341950424820973,0.313689254998965,0.32394903524922,0.320911398213327
3402,0.378994907685955,0.372642046832512,0.377168889869155,0.37641550633193
3403,0.342586044751809,0.337460855359686,0.342419976301204,0.336078996274511
3404,0.198817945433708,0.17205150302973,0.182057911208559,0.181291155887115
3405,0.374696986766355,0.374373147714404,0.393507062384507,0.389759252285974
3406,0.366144542833902,0.364732001209474,0.365226532667349,0.365120837975827
3407,0.326580765144872,0.295622884520175,0.309752083060734,0.306528600765108
3408,0.263944216010925,0.263796795592217,0.264322953384512,0.264165104234411
3409,0.399003850467472,0.367561289136001,0.382537879038326,0.378664999806516
3410,0.245171743157918,0.238407945008561,0.242400111590597,0.2388776009277
3411,0.326384829491527,0.308506043503734,0.316094552488556,0.313847291329438
3412,0.371092802162699,0.368894382857334,0.379632169884061,0.377660948517768
3413,0.370828274744932,0.35037349093563,0.359494518315581,0.357000907168208
3414,0.318883818917018,0.295488621501237,0.310675385334213,0.309004670489538
3415,0.199200547887584,0.197545372756476,0.205262245133604,0.204193685661931
3416,0.220822912386691,0.196474401240342,0.206265535962868,0.204109429273049
3417,0.40252458322554,0.385965139845342,0.392411204614544,0.391307364983448
3418,0.380878037358756,0.380253162148163,0.38033560092633,0.380247463914529
3419,0.377606436312881,0.366759688708485,0.370660346381926,0.369707388435697
3420,0.389285383019968,0.384161122668424,0.386494043361142,0.385914444346863
3421,0.438135274284526,0.424305557516468,0.443805676153989,0.440909525485335
3422,0.375463107893448,0.351039067861265,0.362879599452282,0.358443214652823
3423,0.388551661155783,0.356338253678997,0.373651579138636,0.370180638033791
3424,0.387431957217881,0.34087812504,0.356332831671548,0.353191250350832
3425,0.376797745778474,0.373647643944752,0.375132833489894,0.374751970351114
3426,0.300427826307659,0.282405510873964,0.290362706403613,0.287984590180959
3427,0.379820790059527,0.378921832271667,0.378287771028413,0.373246548379553
3428,0.416208558544605,0.38127550503084,0.396941198527232,0.392619729577125
3429,0.285718544026109,0.274542964678323,0.279720125324262,0.280423556464433
3430,0.403623513620193,0.374124647693474,0.39096970221204,0.386855216006653
3431,0.269177660136337,0.241842372803261,0.243225732501797,0.240276678823492
3432,0.38364729009925,0.382525049227987,0.399382809318499,0.395153649414823
3433,0.335420260715307,0.312367346886969,0.322502439873838,0.31915208388642
3434,0.231536561367767,0.202079757935606,0.212902650137738,0.211527213923057
3435,0.27623823294674,0.252610086622794,0.263159751185965,0.260652325502742
3436,0.236813469146821,0.208816785182511,0.218673368508484,0.216403239580376
3437,0.319972810668459,0.292715944347952,0.30516449314299,0.302784812652289
3438,0.39418994654901,0.391747819543185,0.393928434773676,0.393168116877842
3439,0.397640744608439,0.361586173828236,0.377914144501709,0.37396617539203
3440,0.371164649162765,0.358280076267169,0.372452405940791,0.368008798118922
3441,0.361311852570187,0.334586116118293,0.347369253667077,0.343260873900521
3442,0.293626167869302,0.289510932207168,0.289770088160985,0.289643003779225
3443,0.363452982250332,0.354931712983743,0.359438830757591,0.358052951806204
3444,0.409303074400094,0.394777288996999,0.410797529269216,0.406805256086422
3445,0.370374792618526,0.34141458204867,0.353780232729015,0.35001196461998
3446,0.43978018261564,0.439237116978002,0.439611367945654,0.439547780861621
3447,0.14263176919303,0.14216066180833,0.14226090987067,0.14226367742043
3448,0.398325680646288,0.370397658338663,0.383492928607151,0.379309877978964
3449,0.301382470644333,0.280108318739212,0.292572652697253,0.288643901752739
3450,0.419965727148981,0.384895185306214,0.396027706228715,0.392667882745439
3451,0.391672131197791,0.37604037333184,0.383476224912996,0.381257030059812
3452,0.377926381083414,0.374774633211927,0.386355839959567,0.380096333771543
3453,0.463290919089816,0.450564487728812,0.463790408240543,0.459793745737641
3454,0.289389290851851,0.257193679282403,0.270465111874537,0.267956463116262
3455,0.123596386392937,0.0948752976958435,0.0966906808326362,0.0963121933727884
3456,0.367136232700805,0.336519456401633,0.35066368892868,0.347054824873263
3457,0.356761897587015,0.349871129832113,0.353859106510644,0.353990505616633
3458,0.370397268813547,0.354458347086072,0.362415120339318,0.359816125188152
3459,0.39319325950044,0.375302215864101,0.393816531245377,0.391354743390196
3460,0.228968564088401,0.200092563513374,0.210947206619407,0.213135758045361
3461,0.41249589068387,0.397042536837463,0.399628721517196,0.396852492816625
3462,0.387552439114407,0.383978250206759,0.38562567050122,0.385103200755548
3463,0.378944208083798,0.378369083655516,0.379357736678873,0.378617793991402
3464,0.212315937962368,0.187253624035403,0.197012689600004,0.196889296918623
3465,0.374642840072943,0.340830926378438,0.357156427348719,0.35344705800328
3466,0.423823698107951,0.401705726113803,0.413320224237043,0.410263940757119
3467,0.34132259337788,0.325492791671654,0.332746482053869,0.330852796701834
3468,0.369007369791498,0.36498746181407,0.366864429308172,0.366415472748565
3469,0.392990571040355,0.388337867912699,0.394236955082717,0.392506115772181
3470,0.282738632879104,0.259569261051182,0.270186702501007,0.267528040087063
3471,0.123025155722413,0.0919331208358152,0.0921375844349265,0.0925836960588755
3472,0.388375690906601,0.381987247412447,0.385075220428133,0.384527877879
3473,0.379301381977261,0.37280768373405,0.386028221395196,0.381312549367023
3474,0.466120033445974,0.431873142905863,0.445011601868125,0.442816612493714
3475,0.148976005216043,0.133672714570744,0.135062253976467,0.134949746029323
3476,0.280288576666271,0.249894282099089,0.262435445683231,0.260580224584029
3477,0.38900213331253,0.361671689736901,0.373978143315361,0.37067565796498
3478,0.425728571423761,0.409419364195222,0.412406962216936,0.411898184714972
3479,0.326496804900879,0.303528233777227,0.313838994618777,0.310983898390424
3480,0.352344089515327,0.335062260190519,0.341710901790532,0.340052670607472
3481,0.371210165480414,0.351942823973419,0.36657637689573,0.363632437319474
3482,0.411591199637257,0.377440774457122,0.392991280049518,0.389007474628772
3483,0.378412176903373,0.3782774398028,0.384494571042073,0.379809343219156
3484,0.378256155358134,0.378082231219504,0.378147422741259,0.378151899569317
3485,0.39189140738863,0.385361366466289,0.385670716946103,0.385646102709254
3486,0.290971410146418,0.264068828841587,0.275474824212182,0.272350282630247
3487,0.435024778156985,0.407322637558641,0.420620521635813,0.417019828091166
3488,0.442218639093439,0.428390504963203,0.436355164997164,0.434660039865999
3489,0.27436883439076,0.273104280991217,0.274592660934001,0.274263681652186
3490,0.254876297978596,0.226764935778178,0.238667561109417,0.236661692026324
3491,0.401343747685943,0.386183170085217,0.392959255519949,0.392358649985243
3492,0.380784910964876,0.378556613734464,0.399840792628398,0.395813933044419
3493,0.408299269500856,0.380221170102457,0.394057170038067,0.389336998763104
3494,0.320284622528299,0.298352155316513,0.31457480311598,0.311181489905043
3495,0.336793772860125,0.319793785609198,0.320082758142785,0.319957243099036
3496,0.373978069856826,0.373551511871935,0.373564359596745,0.373475780158742
3497,0.406383284552709,0.39528133814548,0.401214928752295,0.39957086405141
3498,0.376595556375602,0.360815014707838,0.374886808692336,0.370793255556826
3499,0.346828959941381,0.346413086947779,0.346659087303972,0.346583486790113
3500,0.403638337170409,0.391123929481946,0.393819793413334,0.392991909779127
3501,0.650628244558213,0.608194202130442,0.628365533830006,0.622936837040075
3502,0.392892761704545,0.386597755474142,0.389518472439737,0.38874688892732
3503,0.376827313477701,0.336391992095963,0.350715172425596,0.346921626692355
3504,0.385255631706506,0.380930073254898,0.382766531862459,0.382316336372356
3505,0.202178211232632,0.172838561274003,0.181515238360737,0.180470286017143
3506,0.37532443302712,0.360083973784704,0.366781456259309,0.365000472261172
3507,0.373557691137889,0.33310514646015,0.340496520248538,0.340168715952407
3508,0.372720777363167,0.371019449540438,0.374038721822357,0.373726325914525
3509,0.207923361038587,0.187391721791668,0.194127615007324,0.191436066626753
3510,0.373790361974304,0.368931893575777,0.37705008219653,0.375985618125561
3511,0.3780472217734,0.376714700686247,0.377363054704737,0.377172298891655
3512,0.396287055883044,0.389819929458687,0.390546607094535,0.390531723839473
3513,0.293796265176035,0.276145678647475,0.284114277260643,0.281902731472143
3514,0.384956888410495,0.346487415910479,0.362255628134239,0.35781282393176
3515,0.137240614218934,0.135550274495705,0.136065149441409,0.136242445920501
3516,0.394199798380823,0.387443876389088,0.390511580864816,0.389741903052738
3517,0.379692539033435,0.343939994226224,0.360166225147469,0.356365904775175
3518,0.252385018833706,0.246585082483787,0.249154060238892,0.248571407932674
3519,0.344284282837688,0.326853966334658,0.344753832719047,0.341340313813381
3520,0.331103603465748,0.330835056883621,0.330903092883681,0.330688570807237
3521,0.320892936643767,0.287894223197727,0.302358629088293,0.29933492983356
3522,0.358832788245875,0.340706602685119,0.344604960013241,0.343358146160973
3523,0.386398197961952,0.353302597767961,0.368049600385944,0.364213001490488
3524,0.387408323268721,0.386306546355598,0.38660570551628,0.386384829183803
3525,0.365276975765697,0.364756468811567,0.36678469980282,0.365671578779164
3526,0.397113468504064,0.381029655555208,0.392921254718838,0.38783303994551
3527,0.361137384588249,0.355647050832651,0.35768953670523,0.357407337007644
3528,0.390688050767995,0.387723140294015,0.389050915992638,0.388568001147122
3529,0.314705731713844,0.290481520511251,0.299163961478813,0.29895093973902
3530,0.125570035148829,0.106694792971015,0.109555739189414,0.108406227125638
3531,0.380497248460328,0.376836018022237,0.393831986078085,0.389529028627774
3532,0.402192554796295,0.393759973068538,0.396328254827597,0.389702553065957
3533,0.175261577522064,0.145008856467045,0.149140456112759,0.147777238505539
3534,0.383313981888909,0.373572746040392,0.377403265594196,0.376546425447332
3535,0.219258639248847,0.196067509888576,0.207741060682621,0.206315513910372
3536,0.366111795415313,0.339929952631007,0.348587895630598,0.34338610123208
3537,0.234271046870675,0.213004727592826,0.222481413690484,0.220151430038302
3538,0.332959739810612,0.316989475614258,0.325004469013602,0.323815962158624
3539,0.354721372803681,0.345690323325757,0.349734774218207,0.348709170690855
3540,0.341092796260055,0.308934891166517,0.324241194383093,0.321048062227113
3541,0.157133030793934,0.126881603583082,0.130972344619077,0.130386896894322
3542,0.427739785221363,0.403772218778323,0.422017012605873,0.417331203494749
3543,0.377959962597273,0.377800186601159,0.378434270792179,0.37828058952495
3544,0.37984529913941,0.35939347055217,0.367360142784037,0.363727989338513
3545,0.379497297780243,0.370897043084672,0.379490776999573,0.376632592736185
3546,0.269329895285898,0.237760086270639,0.249697481722714,0.247455781113629
3547,0.364890769313984,0.330767472984672,0.345340544214419,0.342007909573878
3548,0.355129570070413,0.347014603553788,0.351324603122535,0.349971569511013
3549,0.37964098253374,0.372474279542086,0.390417830992211,0.386335847124911
3550,0.381231406128456,0.378138277592237,0.379112358756678,0.378121257215426
3551,0.113342749050074,0.0842011858378401,0.0822621741372711,0.082238207488474
3552,0.288229254614611,0.258741631615895,0.269360678321372,0.266505028947014
3553,0.358075146693383,0.332940496401522,0.343781450244852,0.341079275840167
3554,0.390497810896324,0.363578399764741,0.370311069714558,0.370262321219923
3555,0.436136123030927,0.41588243877715,0.416605305134015,0.415692265347029
3556,0.376423004741576,0.375018435421819,0.37572580041801,0.375087002004033
3557,0.379267349415544,0.371127042512486,0.38863154566458,0.385486934333949
3558,0.360733305915325,0.349217948152879,0.354288336904068,0.353026360785262
3559,0.366324959528106,0.360667896815551,0.37105573266265,0.368639811181971
3560,0.399266817747781,0.371450114132307,0.383371171520632,0.380354268084515
3561,0.367606102440065,0.363154328441747,0.373142526136756,0.371296530137439
3562,0.360474893300235,0.325475301014176,0.340987988344355,0.337363340913567
3563,0.385667530351179,0.371801351238595,0.385975994752242,0.382075352468588
3564,0.235937962462735,0.209403439002581,0.216911662345182,0.21470893274905
3565,0.30637797327496,0.274716102989875,0.288236345818209,0.285581275668874
3566,0.179170158544644,0.156439879517831,0.165386259463924,0.164294804401371
3567,0.363593192719208,0.346338722124315,0.354979112071674,0.352331000022519
3568,0.392073783896103,0.382433453631874,0.388777430957583,0.388366003333782
3569,0.38806893998065,0.370630977023682,0.378003363667847,0.375874391978322
3570,0.194202378692357,0.170373589951921,0.179165585409066,0.177575468097386
3571,0.258044002180002,0.242011685118271,0.249089963447719,0.247348831307403
3572,0.411264240895446,0.403403435617031,0.405577253076432,0.405220154494241
3573,0.394929338005526,0.360625346420846,0.376107403023209,0.371653541584439
3574,0.201410002480758,0.173420971276997,0.180797176725235,0.179289899623935
3575,0.36223202823413,0.351543161527129,0.362801768538458,0.361993649879077
3576,0.361849146737082,0.346184577620545,0.348355126606407,0.347267374102984
3577,0.380735145443267,0.346018286905245,0.360170836210303,0.356326862212808
3578,0.326334918783542,0.306045963356568,0.318396688619782,0.315270850267045
3579,0.390846269611982,0.35570590304662,0.371870558404769,0.367911097960654
3580,0.379484518483613,0.372236130282329,0.375470765602686,0.374522873541191
3581,0.423512001646846,0.422326580190772,0.42296689776824,0.417697870090343
3582,0.380465008032987,0.379326245539381,0.386418477138518,0.384409046545206
3583,0.339507211150444,0.306063883580021,0.321057242809942,0.317719032460404
3584,0.309722553513224,0.282626459857329,0.293612347577913,0.290659129903826
3585,0.378287994636636,0.376964576711018,0.377310704314026,0.377166062945404
3586,0.372825671397005,0.323497637223256,0.337750036426857,0.33423094038994
3587,0.377814974922468,0.377766014124557,0.395187570915037,0.390818484418046
3588,0.303339788170218,0.27474287964552,0.28920177461505,0.28631790724357
3589,0.330154442634456,0.292204990871348,0.302244755044023,0.300265508923415
3590,0.457171073702375,0.434507132569458,0.435529565349506,0.435435394643632
3591,0.372519432400541,0.371890679440797,0.372075071271913,0.371833352980936
3592,0.377428204179066,0.37736721056147,0.378096042546864,0.372630947167702
3593,0.385759698056579,0.383628644630872,0.385094003895322,0.384489866879114
3594,0.378650842838948,0.378391776450967,0.378488098208007,0.378470677187553
3595,0.37997357743936,0.376658562944772,0.378189092358461,0.377590476224519
3596,0.406712910206456,0.394540629573513,0.399945135816845,0.398527626632102
3597,0.378579803778393,0.376439530479555,0.378570037686421,0.37775292946564
3598,0.220763600544086,0.194128176225433,0.201823001667245,0.199799558663681
3599,0.26660527183688,0.243636953644404,0.249745836101076,0.249458773836773
3600,0.381077835603451,0.379133910320845,0.379289468711862,0.379070153227627
3601,0.37948067682863,0.370065710521947,0.374955435389017,0.375325666986453
3602,0.432037899863371,0.400829390533508,0.401527037258013,0.401485529494847
3603,0.27308092355763,0.247245948749272,0.25918713578721,0.25664573394938
3604,0.418389172020103,0.408702765886189,0.409495111734563,0.409589829447428
3605,0.377080782225921,0.375290809908204,0.376419216026417,0.375773024520006
3606,0.467055890848665,0.433067574464742,0.448105896699417,0.443858212393537
3607,0.345577035121006,0.340036356424159,0.347542448791923,0.3431789634595
3608,0.358507314239006,0.335312197750761,0.351581460554992,0.348493323209331
3609,0.365521866584754,0.331888268422593,0.341975058004422,0.341827447320674
3610,0.391550251940742,0.389593547264878,0.412120560608976,0.409867474259446
3611,0.370831497337595,0.368490534767463,0.369691727985882,0.369944206229367
3612,0.359773691375996,0.355210378824871,0.355599355401984,0.355731002291815
3613,0.137778042014506,0.109488417088668,0.111841466558649,0.111179367050629
3614,0.377653344861701,0.376450910792756,0.378382067662874,0.377887522025646
3615,0.365622001497503,0.351260112506619,0.365938717219363,0.362658870727369
3616,0.373904703797628,0.332626095684217,0.34111286615933,0.339562504970758
3617,0.416324878161714,0.40390165098988,0.411425581828843,0.406712183321803
3618,0.319007196072471,0.29016925972056,0.302473098705685,0.299266486755101
3619,0.375586411221409,0.368046694322834,0.370020775982792,0.368703056860156
3620,0.356837921198381,0.356156003064928,0.358282092278697,0.357962329257399
3621,0.295615006657771,0.277933201296296,0.286510301699361,0.286310227347442
3622,0.293011823182642,0.292080869262057,0.292212136010422,0.291996046464451
3623,0.152863621673675,0.134577609857756,0.143141083976725,0.142021998150713
3624,0.378505818392423,0.368472325053352,0.372388850544557,0.371531571240394
3625,0.355164553130543,0.326652693383925,0.330750034914252,0.328575735107786
3626,0.421466434497932,0.414365674360892,0.416243262670487,0.41217601869939
3627,0.40766943428735,0.386945407061016,0.396934125075812,0.394292272552244
3628,0.351456026517678,0.33659421929717,0.343972266999018,0.342964513648033
3629,0.395431747989642,0.393227068974441,0.394888686266756,0.39444724185825
3630,0.380167335736717,0.348523883296392,0.364300931933256,0.360791656846807
3631,0.408230733743982,0.379542056449511,0.38919250638151,0.384968161028743
3632,0.30867195735153,0.27635182455321,0.289661717514362,0.286793719881
3633,0.418923831913035,0.389252682217122,0.405961870078929,0.401626158142439
3634,0.370391651278962,0.360444634118982,0.364936157562686,0.36376050507318
3635,0.417920398975656,0.390164393487991,0.402534713852838,0.400062510321087
3636,0.26230817710566,0.248129932981682,0.250932677064801,0.248233987271331
3637,0.370483068510454,0.3610281435872,0.365570581537441,0.364418978453331
3638,0.159903715655785,0.133879785645823,0.140737696958445,0.142023302052298
3639,0.40584889163972,0.371209330969516,0.38856343977809,0.384402783726713
3640,0.323690025513,0.29128701649441,0.301400779882855,0.301542692189008
3641,0.376166494368673,0.371014851637575,0.376077716671842,0.37186803713691
3642,0.37946406017684,0.375312627868762,0.383474878625052,0.38225398294724
3643,0.300786721528354,0.279001820131192,0.289062613163088,0.286221636146001
3644,0.205130796263308,0.178287299418885,0.188406534751633,0.187581869030423
3645,0.377990086924443,0.377782409927786,0.378955994450421,0.37851217792324
3646,0.34329284471266,0.325039486974596,0.326025259670574,0.324291038108368
3647,0.28594526701001,0.263720567574455,0.274363726623945,0.269487176762749
3648,0.382239760601604,0.380978698578097,0.381295534876511,0.381168267225277
3649,0.373615409848862,0.351141984970832,0.363602340940864,0.35887279819105
3650,0.29768914723473,0.275983123233688,0.285758683840409,0.283184986650702
3651,0.382016464871233,0.354286941963697,0.367579307390529,0.36418860812001
3652,0.367137318459622,0.359310399277273,0.361263298032916,0.361119687449744
3653,0.434764926851021,0.414155902297428,0.414491395139207,0.413749954581663
3654,0.183614170479932,0.154656715534081,0.161987182160466,0.161808166462977
3655,0.425406501920796,0.391426713527881,0.403494694652983,0.400050119691532
3656,0.385486279255816,0.379542384082152,0.391792654077427,0.389871703651342
3657,0.322262572697184,0.318683707474697,0.321758277900068,0.320535579257846
3658,0.379784435347831,0.363373713275991,0.381610820010624,0.377630917223321
3659,0.392310991958969,0.379437788229847,0.383323325239055,0.382100751273435
3660,0.338007778695521,0.31708635296159,0.325445536173452,0.320373179560726
3661,0.397008832120045,0.376443170816386,0.38581839296468,0.383304783821193
3662,0.378087335487215,0.37803080358747,0.378120954486839,0.37464886153162
3663,0.379467447821703,0.366909668594337,0.372628113992811,0.370076154554706
3664,0.353251294379076,0.330099332090356,0.340479797409952,0.337679028965745
3665,0.377755268150813,0.377623393788127,0.37763272276265,0.368561109596863
3666,0.342096519901605,0.323084809252154,0.331436093367563,0.328358637945655
3667,0.40579032554607,0.371265740280925,0.387085963241529,0.383097610105748
3668,0.371363422154795,0.363315562917139,0.367349733852621,0.363856586707689
3669,0.396482499139428,0.360869296775299,0.377120242156618,0.3731495582779
3670,0.345785607641352,0.316013616651578,0.316165783726772,0.316054679468901
3671,0.366586562222178,0.357231316703508,0.361549245725373,0.357369300041021
3672,0.38762050381424,0.385920057052466,0.386424497734063,0.38639195992523
3673,0.267454637935232,0.236874605325489,0.234631100244592,0.234575751855734
3674,0.187498529679462,0.164007149678673,0.170878018661171,0.169480849647928
3675,0.237967807639254,0.217748605855172,0.22762597777711,0.224959003742295
3676,0.186883147534554,0.155893151190279,0.160885542372198,0.15955226561094
3677,0.423390782535882,0.410063073420569,0.414765764702942,0.410123620952157
3678,0.201664799516699,0.173513243905757,0.181372220612445,0.180376863427207
3679,0.329652849915242,0.324846804293963,0.335333824149108,0.329886218139357
3680,0.361485727117129,0.329206864304113,0.341948676806957,0.338493500041313
3681,0.127432468544537,0.108231181934278,0.113013781374422,0.112071121377821
3682,0.297608035872152,0.265895317200116,0.276847564966746,0.273444214437728
3683,0.354024679626102,0.335478041492571,0.351783356326379,0.347796334644968
3684,0.366607074355281,0.346378859897221,0.35251937045478,0.34654496017364
3685,0.378000101064434,0.376459221403501,0.377170998410671,0.376886439711452
3686,0.11883534206773,0.103130468422748,0.103474698356302,0.103401376537462
3687,0.330187306081884,0.315240761728684,0.321993684624298,0.319948495073148
3688,0.393749706732758,0.373544281975446,0.383105689754983,0.382922875680126
3689,0.369644640286597,0.36415921376152,0.366119814801911,0.365686034338452
3690,0.362688132719524,0.357325404905954,0.359969219288782,0.359797121251196
3691,0.351090042904964,0.311444615287674,0.32580834516436,0.323244847823587
3692,0.334795197373356,0.318434943090789,0.32580180363864,0.323870830379664
3693,0.301038738697574,0.284987930383307,0.285308842463203,0.284999291164948
3694,0.258998417976494,0.227604068328856,0.239460419104149,0.237553939110062
3695,0.223196662145315,0.222756780532871,0.223015348641074,0.222842407688177
3696,0.381807776401217,0.371614241183836,0.374922061162656,0.375257174002417
3697,0.379287936441914,0.377775409722266,0.377962821235587,0.377947116329801
3698,0.377641054816555,0.377643762218023,0.377680927391625,0.379497377901338
3699,0.374802442180445,0.352327982844585,0.361805376939985,0.359525951639388
3700,0.348792312300996,0.314980988722147,0.320424640239117,0.319478541495739
3701,0.36513602423844,0.322818826331226,0.335741145119233,0.331667029953079
3702,0.452298625062616,0.43782182158126,0.444786931028576,0.44296591357509
3703,0.382281024738766,0.378247432899143,0.380538060661973,0.379940371295263
3704,0.330419541456445,0.306338870828828,0.313357224130577,0.311029525266098
3705,0.149058563980619,0.127905368262893,0.134649369395268,0.133528183278759
3706,0.320523275074466,0.303113328360371,0.303245530835161,0.303241399040093
3707,0.350205735492073,0.345150485143413,0.349584739254076,0.348669931285831
3708,0.340789595257168,0.326136048312296,0.32752587894347,0.326716319955652
3709,0.366753524180332,0.357818106235266,0.361461095976378,0.36051418801562
3710,0.307469506290026,0.279873616944087,0.293818563390349,0.29092749860504
3711,0.384616689627467,0.382555316315811,0.383654686766064,0.383539798188501
3712,0.249385694914551,0.227870368701,0.237942529672795,0.237755949354502
3713,0.432128569289026,0.395236573600134,0.412497850974091,0.408091557767948
3714,0.397794771244294,0.39493814577158,0.396067739823802,0.395502699788331
3715,0.269620979961996,0.240358321753948,0.25300260372567,0.250606218203578
3716,0.225785662561986,0.191711219119149,0.199002385854915,0.197498609744092
3717,0.340209701595897,0.31783158246816,0.318704428653049,0.318784762888165
3718,0.285194675281581,0.26400712771597,0.273204268526758,0.270421342965175
3719,0.380291821727748,0.378805577996991,0.379269403580888,0.379088419993433
3720,0.378901283418738,0.378088819142849,0.378171184735257,0.378170697285113
3721,0.513432962572576,0.476963857389499,0.491068945822938,0.486766088401395
3722,0.365222197013208,0.353182768430735,0.360780383393474,0.358594685431298
3723,0.378842286896173,0.373845429251823,0.383295518215495,0.380305403349497
3724,0.382213054899459,0.377622765036989,0.379566797102897,0.378693560203062
3725,0.382496781099491,0.370557795835628,0.371422694188519,0.371973984634132
3726,0.315823741719676,0.293999261203312,0.302751537608209,0.300629857646086
3727,0.391400445404104,0.376145825644284,0.38262126218837,0.38085789886534
3728,0.38467319205318,0.38035270038638,0.400013534113127,0.395778872111672
3729,0.291998420834508,0.274172861776714,0.275132341160838,0.275059034909944
3730,0.407566184629613,0.397432499081737,0.400247679050898,0.39933712754203
3731,0.402161245137943,0.383217523155185,0.390710053085682,0.385540691151795
3732,0.315555116518299,0.287007670518104,0.300197150440848,0.298918715207022
3733,0.344909011106776,0.33013584716258,0.331095823551007,0.3287387568204
3734,0.336028180142117,0.322566944695601,0.343506974810037,0.340017525378801
3735,0.377712674823967,0.362586787220096,0.3800541242326,0.376189067586512
3736,0.360725765058445,0.352494275467293,0.357546272953552,0.356548496454341
3737,0.372528185331639,0.322933005302556,0.338288883521962,0.334752310739762
3738,0.320090988020223,0.297232894413459,0.300499488019567,0.297789641449953
3739,0.28949309606903,0.287718995960996,0.288745088273887,0.28847837236277
3740,0.428147791398256,0.398540560122474,0.412193973129948,0.408673737109742
3741,0.155613472230608,0.127001719737354,0.131121587807264,0.130049980332064
3742,0.370128855723478,0.359175629974949,0.365300530077446,0.362911621972879
3743,0.385186747127567,0.379753450772525,0.381767563166299,0.376454066062392
3744,0.42661414202117,0.403984871623716,0.414355091768272,0.412081140861562
3745,0.427685457394527,0.412501639932521,0.423247827515846,0.419569996533256
3746,0.142825227583702,0.116010797228495,0.121304235360075,0.120939408990301
3747,0.278970830271699,0.274863071351751,0.279228453889866,0.275003342052382
3748,0.371026288002222,0.368998818876376,0.370816077038745,0.367100844344728
3749,0.366822000291461,0.355202090244462,0.364496800154978,0.36373327733896
3750,0.378047032127534,0.377298884960892,0.378979148394528,0.379627079796924
3751,0.356344943447008,0.342364710277859,0.351350047621689,0.348986847812493
3752,0.384666596128212,0.350034050095326,0.351089455308897,0.351162300101863
3753,0.378072216453742,0.377981630995993,0.378012839119146,0.377983854217345
3754,0.32138875832134,0.29492926571769,0.306738425173118,0.302628586141411
3755,0.210212622030008,0.200860709024487,0.204947961223689,0.2053919900557
3756,0.378264522055895,0.364122314764158,0.376027058140005,0.371233577750312
3757,0.212634573773016,0.185028287301153,0.190734801110957,0.190371015341956
3758,0.395302143402654,0.374724043145278,0.380104795331057,0.378221023871351
3759,0.392408143211989,0.360615058827062,0.374811696285421,0.37106702999674
3760,0.376649789729116,0.33338952246078,0.350042782402575,0.346352987060089
3761,0.366944990179038,0.33721181690824,0.351150267171335,0.347792621626749
3762,0.315814932968384,0.287622000658397,0.287039682145755,0.286612144264425
3763,0.377649670827242,0.376764305736287,0.377216206817356,0.376660843191118
3764,0.376259823397573,0.375727356991792,0.375749270250093,0.37563742348377
3765,0.377450375133741,0.368161334820845,0.372303588113681,0.371250789373248
3766,0.516308051831035,0.496861763759028,0.513205734442046,0.510569366897658
3767,0.397720397518022,0.38240265989554,0.389722142565504,0.386651132998126
3768,0.304020852500348,0.303343290988814,0.303614375056723,0.303606512626139
3769,0.3642522987827,0.359574220771561,0.361678913194834,0.361158923218005
3770,0.37549992524012,0.375342449557448,0.375356625237549,0.370402903342897
3771,0.388144765798888,0.385798675957657,0.387408499271591,0.386996574848561
3772,0.359112485407294,0.338461942024144,0.348293655032379,0.34597757009269
3773,0.270483027172528,0.253104760048422,0.259652801061938,0.257549317892845
3774,0.394766031627247,0.361521691197088,0.378260359957111,0.374235619659516
3775,0.378982524536803,0.376040052502011,0.377295953358032,0.377000496373473
3776,0.163184315258791,0.131342618596454,0.135631669059077,0.135881098576935
3777,0.377074347496744,0.37618265549916,0.376398757502508,0.376213632020623
3778,0.481669260001561,0.444823362418496,0.455717104412854,0.452391485956721
3779,0.329444803169237,0.308753989836215,0.31836166581385,0.315827418840286
3780,0.380167618763767,0.377974428058653,0.378329571125654,0.378107495134442
3781,0.380730588278706,0.366732493634682,0.374808860586995,0.369786102605194
3782,0.375803804669318,0.36616985547279,0.369744474889853,0.369486227935261
3783,0.367716916969182,0.350154689227707,0.358061773372399,0.355930711743888
3784,0.329808405660209,0.320823244225162,0.32291544544318,0.318233190823602
3785,0.415945594017393,0.400167003621771,0.407370560270989,0.404416898033456
3786,0.371774762934335,0.350110238170573,0.354342038379433,0.352622305287044
3787,0.0962005050661446,0.0638083539945389,0.0618501402377564,0.0617707456599765
3788,0.368086487109554,0.359799094902427,0.367037461205172,0.364752174515768
3789,0.203720013405756,0.179482096490619,0.185669808183611,0.184514367473367
3790,0.255429582314913,0.230979635197142,0.232319625999257,0.230869475629621
3791,0.373445983048597,0.358431806809685,0.365303946068417,0.363516827179766
3792,0.444684848151552,0.412012177766962,0.430737303220392,0.427714514671603
3793,0.355753386461752,0.336203886032402,0.345784923543196,0.343728481293239
3794,0.378446715806552,0.367739090350142,0.38239496464217,0.377908826307659
3795,0.378008685221959,0.330534983560202,0.344725011654077,0.341537555111444
3796,0.336616808095728,0.31310661736773,0.321833093550924,0.319072906285412
3797,0.363919481816142,0.353928809140858,0.358104120300399,0.356702224343295
3798,0.245137853247705,0.215177777260442,0.226383110621332,0.224513472317549
3799,0.311418190616737,0.284275185035511,0.295344097019479,0.292961223027265
3800,0.322895468336684,0.294679356528157,0.300929683989943,0.299284557147587
3801,0.315946059635552,0.284643697276771,0.299196768872528,0.296647923054881
3802,0.391345282517557,0.381999746578411,0.39518842179317,0.391208649658611
3803,0.380347199720241,0.376988100653983,0.378498117565781,0.378135207286189
3804,0.321927571183011,0.298485699542619,0.309578269248773,0.306787313986023
3805,0.162239908617522,0.131910690440626,0.13642356860006,0.136598491264946
3806,0.379729080705606,0.378915478717055,0.379105776564004,0.379027205678872
3807,0.199210443772289,0.199107814659925,0.199122418018546,0.199121749922782
3808,0.197749094293883,0.197011026743443,0.197877699950542,0.19800520746077
3809,0.381358548077905,0.37744768898931,0.390791266942141,0.386135038727009
3810,0.170709912328915,0.13996571150843,0.135377543129818,0.131558122819164
3811,0.38756005278656,0.352710287405686,0.369569369910213,0.365758963973941
3812,0.367062354853359,0.362665339486219,0.364007684728161,0.36389827995416
3813,0.482144723373521,0.454525300207268,0.46401739950391,0.461448796633486
3814,0.447787754260907,0.414868496882298,0.428439918412098,0.427009890853084
3815,0.346702254294316,0.327785919064298,0.33598520617183,0.33417248818759
3816,0.376269613078442,0.341937002052462,0.357292009299689,0.353742507972397
3817,0.381268288496414,0.377875821421625,0.377929053860678,0.37219041532526
3818,0.323349387693091,0.292754640088988,0.308833206221574,0.305774917270243
3819,0.310607241215462,0.287933117535227,0.298440092415693,0.295804506852128
3820,0.391334092695435,0.362474493006637,0.377883933900922,0.373623888533109
3821,0.423132503244549,0.405921598461027,0.413959705511309,0.414590096172155
3822,0.372700956236443,0.372348924310054,0.372561608347,0.372519371585946
3823,0.425351725502892,0.406349049902123,0.413266875375398,0.41178538675806
3824,0.490641586114741,0.453043785082819,0.469638465017024,0.465061096259147
3825,0.348787948465627,0.325137942298396,0.334971853700876,0.33694623709554
3826,0.27824275406564,0.249598452585949,0.262984761795296,0.26179942472905
3827,0.389566703262492,0.376524695490795,0.38314131203093,0.378610124867027
3828,0.379084063671448,0.359947899488419,0.374625646874603,0.370065808557115
3829,0.388635377579935,0.383885758513051,0.38462298951277,0.383684602758293
3830,0.37898288540964,0.373962997318099,0.380728171158512,0.3783478168831
3831,0.192702825022081,0.167553425264874,0.17716936396266,0.175106836342757
3832,0.355999793429976,0.351998890807547,0.35427322585076,0.353917809593939
3833,0.410181391539907,0.387942442877842,0.399682715142224,0.396538856555419
3834,0.3971327134503,0.382850605387243,0.391231426142673,0.388931900262566
3835,0.367764275266645,0.362315016885377,0.363098057065494,0.358120302716314
3836,0.378528393268173,0.34445383218229,0.359327150437726,0.354979449302934
3837,0.200919130607617,0.179609215337156,0.189656358984132,0.187901963190291
3838,0.320258678471128,0.287510374553174,0.30116127228682,0.297925951585392
3839,0.388766249871654,0.374802365578925,0.375962775589218,0.375343024162586
3840,0.350117218178305,0.333150804237684,0.343860751026917,0.339478081439057
3841,0.184812059960908,0.158627181386763,0.166310092788889,0.165184446273908
3842,0.247795728460173,0.22580357301667,0.226071010568452,0.226114316778887
3843,0.412966203009366,0.410331389424959,0.411096856071636,0.408384899652744
3844,0.391077510998331,0.377209906052834,0.386280967210288,0.386407323059385
3845,0.391428790896725,0.373222157030643,0.379976458589379,0.377668806503898
3846,0.352495694492229,0.347557221588963,0.348165993133288,0.347622120909506
3847,0.34414536566261,0.33652079941798,0.355164429654326,0.351358784976816
3848,0.377891101262695,0.376826623926531,0.377163535595355,0.377102377014581
3849,0.410025882773224,0.399158235892474,0.405587203921154,0.400835560328756
3850,0.33571662887661,0.307109004763238,0.320042870383158,0.316731075193608
3851,0.3859794042841,0.379621435117604,0.383012164843331,0.381821610617017
3852,0.402261593965712,0.39507012311427,0.398090984896712,0.397694200335286
3853,0.27960657878856,0.248101175349646,0.260259293465838,0.257636817401347
3854,0.379069254766183,0.37793142398234,0.378057700054624,0.378026687560952
3855,0.380701179369688,0.379879551713064,0.380060600343352,0.379829772065603
3856,0.314009252600999,0.291900508130633,0.302108433249638,0.299970625292451
3857,0.28392939422833,0.256783292889343,0.264687144680741,0.264692465426076
3858,0.376851266117489,0.329465483021199,0.343093054814575,0.33907064449186
3859,0.266569198795715,0.23858094329439,0.250753846206095,0.252152875096525
3860,0.384906414177104,0.350891473285453,0.366856188685542,0.362981878914903
3861,0.38820225123768,0.382709717056861,0.385173999218853,0.384571574589452
3862,0.451853093317877,0.444353740438356,0.446783420466266,0.446327656687901
3863,0.407625273069135,0.389050621660426,0.398819104285612,0.394614545504031
3864,0.209273877764575,0.188639126808185,0.191779106199938,0.190956638028475
3865,0.172702339665344,0.145055242217557,0.145097960888107,0.145054897746721
3866,0.310973541596733,0.297600312611692,0.302352215926056,0.302347015652601
3867,0.367017582384433,0.350305863380863,0.365519662083615,0.361681219833529
3868,0.184949542306014,0.179214460391674,0.180990291658215,0.180720167205412
3869,0.383088069320727,0.351348022511517,0.365922587055653,0.36463651098453
3870,0.30223487629295,0.275804262066345,0.283015256569543,0.280986022159905
3871,0.368449092882452,0.341858819806026,0.346862719034472,0.347696240160116
3872,0.382147391936665,0.368169336023288,0.379378850087195,0.378429086203659
3873,0.6482244712235,0.608570775694297,0.624093401004545,0.619491188889935
3874,0.393452282241774,0.374989143752185,0.379050140989467,0.37705020416982
3875,0.387099633703699,0.376832666696351,0.382276692390155,0.380182519339213
3876,0.380483138604026,0.379178727270029,0.392505503829979,0.387726141769058
3877,0.274879114373475,0.244846658981542,0.257611580686562,0.255318087109338
3878,0.360938837945535,0.357264929486483,0.362781732682473,0.357286229126116
3879,0.402455327592777,0.383864615356414,0.392893252222279,0.39046441807557
3880,0.408166426374775,0.384434619679507,0.385595799392953,0.385317085746511
3881,0.233773469698844,0.203097528514496,0.21349319224794,0.21239614060697
3882,0.37559401640477,0.375596044398019,0.376773959811213,0.372881419205735
3883,0.379906629118259,0.378704786368685,0.379080679025523,0.378845764885531
3884,0.307343807716914,0.283465669784641,0.295659050325176,0.292860425720334
3885,0.371687786049323,0.368626865595317,0.36982662454665,0.365941960517289
3886,0.299603941125614,0.282300868842247,0.285873855765528,0.285060881537992
3887,0.226094313810918,0.198964462997736,0.210428259463769,0.212381634722914
3888,0.230878065234394,0.20259715855352,0.213168532687271,0.211412549956353
3889,0.371391952362235,0.368698023563473,0.368986986938553,0.368941208673711
3890,0.378721039435908,0.377794937572461,0.379113296455256,0.378365986726887
3891,0.290788702973623,0.27239792048518,0.282191823426677,0.27809168971471
3892,0.341661038197947,0.310121108456739,0.32579160784284,0.322526891490606
3893,0.388967119896539,0.379476745326198,0.382828039316524,0.38287317410344
3894,0.359086936196451,0.356948323916932,0.357462852456187,0.357498663097217
3895,0.370105683285945,0.368061990267753,0.370686108099478,0.369564891625621
3896,0.398705748107611,0.391992684906931,0.397657277188067,0.392264791322456
3897,0.378500745791545,0.377840635153898,0.378205622864065,0.378091467950573
3898,0.371611513254266,0.366875025898407,0.36899985145601,0.368617746702194
3899,0.339369392320764,0.310271795578246,0.321179562542326,0.321245370499397
3900,0.378619634107788,0.365605716411187,0.370480362575303,0.368597047189179
3901,0.377722702651452,0.377655035867752,0.377967841021256,0.368992625558408
3902,0.369171835494279,0.365429575676962,0.367143217382123,0.366700587583202
3903,0.403122272156434,0.368733842167393,0.383469980195888,0.379628444514343
3904,0.383731646224093,0.377680035295379,0.380995701250993,0.3801676443647
3905,0.322900413065821,0.316435632991032,0.31901550802732,0.318359430054121
3906,0.343218800006896,0.321571074046645,0.322477882030867,0.321619785388976
3907,0.347804374906336,0.315973236958362,0.316330782247039,0.316483967142417
3908,0.349712849352494,0.330273054979965,0.336258111328808,0.333494201053724
3909,0.462135765858516,0.460498772070925,0.461259864269742,0.461195090278012
3910,0.259050121543488,0.231240421369046,0.24346513466887,0.241344960629819
3911,0.158609089521819,0.129647381766649,0.134639751253817,0.134543197080113
3912,0.379984676782576,0.378629659876681,0.380194403937313,0.379787888374533
3913,0.376325416069962,0.37632080427599,0.376350785148043,0.376322257290066
3914,0.383004763937018,0.341507884712578,0.345563141775259,0.341854392102862
3915,0.359967486677303,0.352047947339558,0.355417887018417,0.354627062128009
3916,0.37980856503828,0.378445986606521,0.379462826915186,0.378762209860026
3917,0.377567745951131,0.376544624859002,0.37692524608508,0.376841244552091
3918,0.356922320112756,0.350489203331584,0.351398093855505,0.342795422371767
3919,0.363630265395532,0.339691156488539,0.346881656813925,0.342340863121061
3920,0.33721996653796,0.311691603262776,0.324246167534765,0.321138957493558
3921,0.377502748929265,0.377283625632707,0.378416451058661,0.373208667752113
3922,0.317953459448628,0.289067304565853,0.29552629508869,0.293727194666979
3923,0.243578818458146,0.219220620520979,0.229995168010945,0.227498028426567
3924,0.413010107909795,0.400725797267872,0.40713148923676,0.407057385744436
3925,0.106826858632554,0.0889655905997024,0.0891542777160662,0.0891443456029162
3926,0.37438612409632,0.372313029477596,0.372585302890099,0.372420427338552
3927,0.343020856777497,0.342070385701613,0.342353684863916,0.341993372923024
3928,0.319376561320433,0.316971104310405,0.318162919082822,0.317350953849916
3929,0.380289775404682,0.375998614007464,0.378229887152966,0.377200662854101
3930,0.217297834337907,0.193738264978325,0.201232062994873,0.200729558353087
3931,0.357662282020834,0.337349885196512,0.345964684852585,0.343429684551839
3932,0.27801406992697,0.254375193517797,0.258361755600298,0.254151396214794
3933,0.264325349419137,0.260731112876495,0.276710510907378,0.275381331384823
3934,0.227153497777016,0.203822852732844,0.213866719656621,0.211760944484762
3935,0.367862024318772,0.367224717547236,0.385722202882176,0.381154541802439
3936,0.296815433677831,0.280646946533185,0.288548418597162,0.286769121465283
3937,0.169013527028818,0.138841083187813,0.144132103313998,0.143556627631113
3938,0.390859816116051,0.370217771867951,0.385621763435156,0.38125343160439
3939,0.37944763995388,0.378450641042443,0.378952972768129,0.378767566305489
3940,0.324182406759933,0.303904488022407,0.316327433217041,0.312770414383325
3941,0.417434629741767,0.396032890565432,0.402686320259478,0.400870851710619
3942,0.383178718784051,0.382161577888248,0.382457191687647,0.382405146380366
3943,0.361768440163859,0.359810165791153,0.360789623937511,0.358190293771988
3944,0.391454889465344,0.372252604921876,0.378405168901313,0.376049116264456
3945,0.493454557976557,0.467428560373748,0.468032193629821,0.469908647599859
3946,0.432288483589659,0.398198041423022,0.414707437777138,0.410294118592002
3947,0.386843784099596,0.385675282447015,0.386545693499122,0.38146049268694
3948,0.196932008545733,0.172042094145153,0.181019805610319,0.179530295374147
3949,0.279302318655548,0.260790289034463,0.273351819743109,0.270484905139855
3950,0.35718998982425,0.337857766139834,0.343051555157049,0.341952245787621
3951,0.373577281380235,0.367088275744406,0.376907323980351,0.376545492467259
3952,0.32169007989634,0.28890470125317,0.303472539814176,0.303469655247039
3953,0.32300590341811,0.29137843504005,0.305835124298133,0.304933375301487
3954,0.231449700413257,0.200915214741776,0.211196735164088,0.209774005346774
3955,0.308275140731489,0.287540399352471,0.301021793833785,0.298055144448872
3956,0.312411547185159,0.294514397268068,0.301788069485756,0.299813309729246
3957,0.295045693736228,0.275398332024757,0.284383836682836,0.282047394349348
3958,0.415638018988428,0.37907920824922,0.390874903605558,0.390874775215858
3959,0.252768698129663,0.22293510520852,0.234953598383683,0.235734688830026
3960,0.293157022664915,0.268480095610787,0.283887874697627,0.286726954258331
3961,0.27957243930638,0.267407295263867,0.272937448191318,0.272935923289806
3962,0.317769943493382,0.29513653834523,0.301634196154294,0.299907120487577
3963,0.398577848977768,0.378869065943485,0.386455655010751,0.385900850450485
3964,0.391092295645502,0.386376664627868,0.388192934571472,0.387747530543676
3965,0.395311440585333,0.373659315461905,0.382911693235998,0.380320568830962
3966,0.349454338549628,0.315707502133979,0.33111197657331,0.327597284095781
3967,0.397235680064726,0.39015180571251,0.391704826485148,0.391381078008882
3968,0.322708498647437,0.305981496853419,0.314131817141033,0.310305446870579
3969,0.408878725515154,0.377770692977602,0.391328655733432,0.388519846198768
3970,0.26708526122037,0.255745387906842,0.259343600186268,0.259297092709989
3971,0.374879204904197,0.371217269796231,0.377026554306495,0.375468729127898
3972,0.306408801406609,0.291074713917525,0.291144512828677,0.291133915431932
3973,0.382419528844825,0.36191745050725,0.37826789021931,0.373977913163322
3974,0.240495310886624,0.21165276825978,0.222082338034548,0.220380867567268
3975,0.376873874924651,0.376773606379162,0.376964110640052,0.376910567828385
3976,0.255759409812868,0.236554902300156,0.241990337861481,0.240097648310032
3977,0.377009339650879,0.342649191585987,0.358482949526751,0.354729828151098
3978,0.407411781178452,0.397532899042571,0.401154115968389,0.400031138032166
3979,0.334416662281217,0.305679680966545,0.318192900813917,0.314772387902209
3980,0.324852601063271,0.299592915422026,0.313063094455651,0.309029514466355
3981,0.44055066274575,0.406949430204441,0.420097076119846,0.419380881431322
3982,0.376961445924559,0.376457667020894,0.376593794512203,0.376481800888521
3983,0.36483934503145,0.330732814886604,0.3462429890752,0.342515263342678
3984,0.245223512951385,0.242929333814771,0.243110001123358,0.243002471963543
3985,0.372303911869111,0.363957529529539,0.378188856803295,0.376559061812204
3986,0.396066808907494,0.390687366292511,0.393346611391449,0.392847888036359
3987,0.298379698744727,0.271654968558123,0.285370474896101,0.282542569880106
3988,0.365680483723545,0.339950753594494,0.359100040173267,0.355365193270637
3989,0.381286143830457,0.346913063975526,0.363287833398996,0.359818270562701
3990,0.178021524227614,0.146760314746934,0.152681224569134,0.155971215407971
3991,0.394540282885763,0.37984686592281,0.391216100290438,0.389101282690648
3992,0.352773192902911,0.344477062776353,0.3503340549416,0.348276247147736
3993,0.383504510064785,0.381038863666157,0.398685872695306,0.394407961129478
3994,0.375671418056774,0.373152603611033,0.379112935236648,0.377736887637842
3995,0.310626273965183,0.279957488299019,0.293050810297704,0.290323197822565
3996,0.11504954149687,0.0889758846569041,0.0918754644189769,0.0914358724792088
3997,0.374932534345547,0.365688968942132,0.366391979707961,0.366381921142678
3998,0.28726726373619,0.282391137514067,0.297428635329539,0.294034908863567
3999,0.37764771167072,0.376044295279755,0.376895941250251,0.376367698887863
4000,0.122039099288249,0.0888841224498647,0.0876149696091515,0.0877955299004099
4001,0.195956993904052,0.170056608642186,0.180267605483859,0.17977334394035
4002,0.312357470294671,0.285088892530238,0.296877553713,0.29212065880253
4003,0.27885836039172,0.256184121040486,0.266169941999498,0.263632558820446
4004,0.37087262290993,0.367465902314359,0.38947538023965,0.385404182447943
4005,0.381823014414848,0.377732411183656,0.379515699836884,0.379234995626811
4006,0.3513856963106,0.346190120703891,0.349341382862711,0.349181779784112
4007,0.27643441457626,0.24293170411281,0.253149314706347,0.250555859457201
4008,0.376054823609159,0.361524231035869,0.366945488071655,0.366233092369503
4009,0.245529435908806,0.222479808775449,0.231787588863434,0.231410541483414
4010,0.346224038777823,0.343571367205977,0.345863277488192,0.345277790548331
4011,0.367969864479726,0.35394467954451,0.360776935479339,0.359299120420742
4012,0.372018433929613,0.362637770749453,0.365485119318439,0.365188017923065
4013,0.2802672640467,0.261990995871032,0.26944671047025,0.26801302554581
4014,0.343433921266424,0.34246965207831,0.347149599560412,0.343003449064157
4015,0.378434256701393,0.378221851902115,0.378281735329198,0.377973024710742
4016,0.160609036118256,0.133413418993586,0.139314023294643,0.139093123742558
4017,0.378244266275037,0.37777944096076,0.377967977193458,0.376935585165516
4018,0.368810283816417,0.357425491446835,0.362420031727716,0.361179073681554
4019,0.379407725336374,0.37279129976867,0.374056437054969,0.371244337606029
4020,0.371477908861891,0.369290238897792,0.370239785746601,0.36961840866319
4021,0.332701402082535,0.303198473039369,0.318393186315155,0.315175014137804
4022,0.379686989417803,0.371407972698575,0.372753161796957,0.372543173391097
4023,0.244443243867498,0.219034343496141,0.229227752194354,0.227568051924694
4024,0.368743499525786,0.358011668182307,0.371225231153874,0.366886792489036
4025,0.375669260660158,0.375069594847705,0.375861577093595,0.375646764910557
4026,0.4088242715161,0.392266633786214,0.39974783972645,0.397765590358603
4027,0.208054336783031,0.178779215739195,0.188271622575646,0.187282938479462
4028,0.180338876550512,0.180257823521625,0.180272911988089,0.180253568732298
4029,0.378160949169047,0.377672635352948,0.378066972867803,0.378017677722277
4030,0.330470166895906,0.289913646032512,0.303960487901122,0.30121254712424
4031,0.476654156587947,0.456814763552477,0.457719257837387,0.457883418610569
4032,0.417685413349745,0.409130242460974,0.429445887409667,0.425291883360027
4033,0.330911106994885,0.31310746027644,0.320560117148032,0.319750281520365
4034,0.238553388349631,0.209085851631438,0.218876942742987,0.217022970137606
4035,0.439388280552698,0.41126571063073,0.427520233965691,0.422884900503884
4036,0.310451321886811,0.284784849533537,0.295324825435301,0.291211189425653
4037,0.472269419929596,0.435422867681579,0.452373299041059,0.447963674405547
4038,0.163668774598604,0.147810483583343,0.148079799394297,0.148107966438166
4039,0.38332684449853,0.379875251161038,0.38181165106821,0.381620381923585
4040,0.377880482262365,0.377802573276564,0.397326246759884,0.393160012572127
4041,0.306627402667232,0.275692057902755,0.288015924601674,0.284897490260711
4042,0.375201061837722,0.356450523659396,0.364351221884139,0.362217324987562
4043,0.228989513730034,0.199851498176673,0.210974600918388,0.214026834031134
4044,0.289519140991209,0.261925926709749,0.273121188599016,0.272743402227749
4045,0.380557332749092,0.373860160177155,0.377968100064609,0.374300020853212
4046,0.377861873849311,0.348062060027092,0.361499471173794,0.358329333766753
4047,0.262403359839229,0.235570867803462,0.247158737758453,0.244809018496255
4048,0.312260451387251,0.280778398995491,0.29432979613075,0.291650774385249
4049,0.391262129210112,0.390857819154949,0.391837805914312,0.390656778842527
4050,0.367548333769757,0.358516215696862,0.37279009378237,0.367008331264197
4051,0.359598305772122,0.35316447302046,0.355192189472311,0.354745338765143
4052,0.3780003441047,0.376776413354267,0.380854621665694,0.380306725565096
4053,0.372777296454212,0.367352109037488,0.368202649909829,0.367759391948677
4054,0.395279594004657,0.388122926722708,0.390908757714015,0.390276507872524
4055,0.323532048349688,0.295398040160552,0.30884346562509,0.308165367497025
4056,0.453760196529733,0.428531065409099,0.446866472321638,0.442218504818388
4057,0.329200766716945,0.322551903110858,0.325471206232673,0.324987316261119
4058,0.328262424851491,0.29477559993874,0.308661821512346,0.305395167656502
4059,0.228242105842937,0.201594119574877,0.212006311793289,0.210019932547644
4060,0.387360033840511,0.378005821576257,0.383368606475238,0.381793458081836
4061,0.301775269777616,0.270111610130978,0.284144362713796,0.284538798616026
4062,0.408179597889524,0.397484336083203,0.399170210760091,0.398820839910369
4063,0.404362743620275,0.394954874072816,0.398502671769005,0.397683064688722
4064,0.377975807922992,0.36203433144214,0.379044093517325,0.376736592591731
4065,0.345416876432933,0.317031581670925,0.332364912145399,0.32865850437286
4066,0.316686705367135,0.303793052830741,0.309335228439465,0.308185875240968
4067,0.387095408531401,0.38392173897638,0.385345582695025,0.38523120865027
4068,0.377218925302898,0.352191576968247,0.364549372738256,0.361537587672566
4069,0.394177724933904,0.378689697081717,0.392350282881749,0.390617740423271
4070,0.177800707807623,0.156302417520901,0.1562953795964,0.156245051116051
4071,0.32037831113269,0.314337814956746,0.318405258862925,0.317678423974457
4072,0.372829002071969,0.345376771784571,0.356464444842432,0.354689365933179
4073,0.369099781993572,0.364649253396334,0.366651637773638,0.366163183681346
4074,0.350976955277341,0.339111802399477,0.344372348153342,0.34324018146555
4075,0.340452257310185,0.331123086991942,0.335246187965396,0.334844414753056
4076,0.298143143142274,0.269568189854552,0.282238673653102,0.279295893434137
4077,0.370246912507101,0.361502912355661,0.364180752205375,0.364086822819153
4078,0.282516664986795,0.256755434685419,0.255921133502392,0.255919474611694
4079,0.376121903235069,0.363005165247621,0.369143538231244,0.367443085011584
4080,0.381247722190978,0.378813994244947,0.379890162480058,0.379692797464734
4081,0.207447669361105,0.18222868029004,0.19175987390823,0.19038789451751
4082,0.332934240934044,0.316616301191588,0.325102292262817,0.322800196905188
4083,0.42390655604434,0.40352080986706,0.412605358965615,0.410062018310904
4084,0.343122776072839,0.311731949286539,0.323912041775661,0.323498673281404
4085,0.431540340088434,0.408590953417999,0.424204998253616,0.418519821234019
4086,0.416069771991155,0.381041727594287,0.381155477157372,0.381295162353792
4087,0.327413262324126,0.305074029714372,0.315156881417271,0.312385138687399
4088,0.380247449015058,0.375100970333167,0.392215975564329,0.390415563277162
4089,0.333901682229101,0.310815018234548,0.321153606973508,0.316689622363073
4090,0.377942432556204,0.370835819598233,0.388266383354646,0.38417584758452
4091,0.406026335371942,0.395159808391192,0.397891679799622,0.397820722036241
4092,0.378574811583163,0.377968415243297,0.378189581566385,0.377587122875837
4093,0.378692074154198,0.378077765759341,0.397666377027241,0.393876709356062
4094,0.195637923979931,0.167809556508823,0.175908096841456,0.174767710060149
4095,0.320482594698921,0.287887850988499,0.30183454715228,0.303052014984615
4096,0.389976860384554,0.38553007249883,0.386903425198413,0.38688473841337
4097,0.379038718723169,0.374692278489872,0.374818431437598,0.366055925828045
4098,0.364126933672464,0.355487045676651,0.357261645402313,0.356968737322475
4099,0.380159292906896,0.361109714797575,0.378993828796777,0.374916245111824
4100,0.406276294816707,0.38505208563139,0.394181365133661,0.391624657757953
4101,0.424990084017428,0.388776100992054,0.404269855550104,0.400188285289096
4102,0.364066233979036,0.328904241332896,0.344664231422264,0.341016584019431
4103,0.373719382310448,0.354322607177146,0.369715723025001,0.365579454822343
4104,0.381110964229917,0.345494487790962,0.361779929422342,0.360757618019973
4105,0.480959250196942,0.44438776959748,0.458119406609346,0.454478351098235
4106,0.391914702010843,0.385522481511377,0.390025208191585,0.38971048224297
4107,0.391841305826623,0.362099659325712,0.376471081510421,0.37254346539107
4108,0.418856504199626,0.394127593636894,0.408793932873756,0.405866726244778
4109,0.279872740585242,0.259286791451404,0.268331800544859,0.265496436327043
4110,0.377423307502065,0.377201688807814,0.377794605065393,0.377639575520056
4111,0.379439307947637,0.378252714629265,0.378392363475631,0.378213911322653
4112,0.373836537783789,0.372788645315086,0.373658290247474,0.373461753463885
4113,0.355049290740228,0.347088225349378,0.350717633847463,0.349798690449815
4114,0.380682873996557,0.378263337032869,0.379003600041654,0.378810574437192
4115,0.393258237753732,0.390214819323038,0.392611891729592,0.392330999676287
4116,0.389587113816521,0.375885872697888,0.381883981831699,0.380652172146667
4117,0.399496486925471,0.38895861973401,0.393726173500148,0.392461211670488
4118,0.3759131703113,0.374254073865966,0.374616741755459,0.374605416377762
4119,0.365341047539859,0.34965037373631,0.358443792336848,0.354818542506543
4120,0.287987383055282,0.262594805820058,0.274059901916752,0.270283561582039
4121,0.300332106671807,0.278639634653124,0.28766928579917,0.28526237449184
4122,0.240376050020605,0.214796728029603,0.224947085192581,0.224722612921467
4123,0.407357909704718,0.407243508204227,0.416471037076229,0.413337576259771
4124,0.201025454651381,0.177693802974705,0.189439158140545,0.188968038611441
4125,0.3775852994554,0.374782780259266,0.376887501053607,0.371784686913069
4126,0.365882981973416,0.33613693982325,0.350620829940858,0.346891585889965
4127,0.345512094837842,0.335157115459434,0.339921928980247,0.339695291787239
4128,0.393951023222871,0.362234671332066,0.376650425360011,0.372909199151347
4129,0.159949520426085,0.152568496680257,0.159127500663638,0.15838946545599
4130,0.359975737091195,0.343730187867442,0.356355576164568,0.352940599463378
4131,0.387895249470281,0.369213283584395,0.38632248762486,0.384325916974673
4132,0.265532717635474,0.25230254948497,0.252917270914715,0.252843736202795
4133,0.317075948441446,0.284422096073205,0.298523510377231,0.295278461129103
4134,0.359414720109532,0.355426431222326,0.357979584958756,0.357536214390198
4135,0.398529533347513,0.38462712800087,0.390870015066113,0.387621315589817
4136,0.378083772068166,0.375752504099916,0.375989133159414,0.375899351079609
4137,0.313492185786914,0.279867370060659,0.279861118254448,0.279623955110154
4138,0.377731536526062,0.377601760493533,0.377667235308837,0.377537816897242
4139,0.403507413258805,0.374995478675917,0.38071507739721,0.378597195490213
4140,0.377470810215375,0.377318272910233,0.396966134144496,0.392810466696155
4141,0.375168260578978,0.355106904772241,0.363496404218751,0.359480409818879
4142,0.434774456277903,0.414381136388721,0.414872312387886,0.414741776231584
4143,0.376946587871022,0.376190021473323,0.377451143509103,0.377059586160526
4144,0.3837895330848,0.377508361321447,0.388008929512952,0.387314146746855
4145,0.154534709190328,0.129321670730038,0.136468393208096,0.1369616058778
4146,0.39128148965819,0.38658937759595,0.388945407980221,0.388382249452566
4147,0.378154364713544,0.371401829447729,0.377116354204618,0.374570637895977
4148,0.346870091942813,0.336867681559695,0.339152783346697,0.33693487414955
4149,0.457545264362703,0.426623140405965,0.436416987809616,0.436231715764612
4150,0.316362236573605,0.285248146413166,0.299332025829256,0.296033265632053
4151,0.409854051105863,0.388694715783679,0.397037652963549,0.394878208429773
4152,0.378313789383049,0.373670477616277,0.376352301153451,0.372339123021162
4153,0.382425060757955,0.375154965085288,0.378351485900049,0.377352475746011
4154,0.313270921054457,0.290652109754766,0.301495173547536,0.298290848627261
4155,0.273042722256708,0.241776138004039,0.254351450173115,0.252102310900688
4156,0.382878265759791,0.380915424341259,0.381144802378071,0.381089579121325
4157,0.430801365014066,0.404951682717656,0.410439507101498,0.41034175628515
4158,0.361824677976218,0.359253899891013,0.359424827109937,0.360841508432044
4159,0.28163459833453,0.255564359325843,0.26820780365285,0.265689104281757
4160,0.32565595113182,0.295010078503754,0.310147554662199,0.307408940840779
4161,0.37999105365517,0.372894995430567,0.390541151768833,0.386616976540664
4162,0.394062747874668,0.379190511585676,0.385924519482656,0.384984163716465
4163,0.428068322175123,0.419819121723361,0.4289050932255,0.421262659956747
4164,0.393104952585175,0.391600471136708,0.393217245483356,0.385280339107553
4165,0.367926569006503,0.349183598953494,0.362154496099897,0.358728358512115
4166,0.193651577518209,0.168557601101906,0.176292767242756,0.174454273454481
4167,0.412322392829797,0.381269101929215,0.395571585557427,0.395101406197291
4168,0.369416441825267,0.367576252915889,0.368190509992223,0.36710165089445
4169,0.37422804371808,0.373371964127482,0.373440160501207,0.371609223718105
4170,0.382965543548876,0.381225420917386,0.393283971592095,0.389418195321867
4171,0.312619654016362,0.279763292280988,0.29393766736233,0.291023157837656
4172,0.294387015832062,0.262952801549072,0.275918061560153,0.273175443115482
4173,0.376239034736144,0.373449850734754,0.38120957775892,0.378379753542787
4174,0.380068011942499,0.37797371055114,0.378803217169648,0.378788300772938
4175,0.233889229478938,0.213332159278397,0.218707774240995,0.217520914393322
4176,0.145050163126846,0.132660860434558,0.138444090613743,0.137293293768338
4177,0.283071997989036,0.26045391662128,0.270713134792913,0.268050126937394
4178,0.303617863540085,0.274852487004037,0.286402829648037,0.283590655789311
4179,0.360776810867015,0.346785937556727,0.353329012219615,0.352957585132602
4180,0.237612724206266,0.220846122440954,0.228382311804678,0.228089358037807
4181,0.303983315069624,0.284857834760278,0.291988881244218,0.290342049505258
4182,0.388456188492895,0.37636463147504,0.388316170929109,0.383515926041676
4183,0.317523551595112,0.303143634358068,0.310128918877312,0.310011455841735
4184,0.382996542717369,0.379670748561164,0.381157115981018,0.380586573703525
4185,0.378147280340847,0.351749217980079,0.365331393100233,0.360784459128628
4186,0.389739204709112,0.372611146349622,0.38030960925006,0.375310330693597
4187,0.345712711873086,0.329099444489418,0.340524488006137,0.336342566260362
4188,0.375191547996974,0.369630604532565,0.373482625467453,0.372823521237315
4189,0.284225058961144,0.254939153644558,0.267492570652662,0.264850496703863
4190,0.34641334722119,0.332789901794934,0.336904158620498,0.336155421536543
4191,0.38712467276544,0.386765728910881,0.387578844771075,0.38747539404636
4192,0.362342166317405,0.352132520582476,0.356513664175189,0.353361636653788
4193,0.42942073819687,0.399527319258668,0.41753840824728,0.416932159928508
4194,0.304099088591308,0.271187761038113,0.284456902734369,0.281796489321688
4195,0.222048854338551,0.197254441870357,0.208346312623423,0.20872396692953
4196,0.362976063109426,0.348514502963244,0.35760443863365,0.354538036698191
4197,0.332852883047982,0.30457534520936,0.313002559629268,0.312166810105161
4198,0.375180814585977,0.349212570635876,0.364697098796474,0.360477222057938
4199,0.378069866302293,0.378028295513786,0.37810787150576,0.376160235762295
4200,0.377708513854202,0.37753433615786,0.396302188233026,0.391997365706525
4201,0.382069168012108,0.381834241414162,0.382378211816947,0.373420382753675
4202,0.382835909180131,0.349579604414224,0.364810521450049,0.361863779541467
4203,0.383262085417744,0.376013676972609,0.376161268113064,0.375959241039143
4204,0.359052104774836,0.347021307088869,0.352266308101375,0.35088719618847
4205,0.332305890277036,0.304684364438968,0.317359045010473,0.313084795407823
4206,0.391647581582907,0.353582574530043,0.36722606333093,0.36410316228357
4207,0.306920138079241,0.277126509709132,0.276621199488606,0.27501762146262
4208,0.279146359516606,0.252835986449771,0.264261836273376,0.260887610752495
4209,0.380017559588877,0.379138438492502,0.379572223978089,0.379511102126011
4210,0.395584559429996,0.391399833025921,0.407937225559746,0.403091356966668
4211,0.372642085823503,0.337803675747621,0.353736799875156,0.350735397314896
4212,0.373017864520434,0.359580963079694,0.368088533542668,0.364277290356001
4213,0.389855795733206,0.37293412446567,0.380900722158025,0.376058205744724
4214,0.385224873623969,0.37712122719596,0.392479333860904,0.388129930064566
4215,0.366938940898929,0.365471028460511,0.367291229525657,0.367081151817722
4216,0.266243687999978,0.237652101845717,0.250786265570119,0.248446980120632
4217,0.369732153288065,0.369278521136295,0.369293569688922,0.369148919699304
4218,0.325010536861193,0.295536222276595,0.30828978262281,0.305070298038538
4219,0.378046735327604,0.377811660181214,0.379021292458823,0.374527550997975
4220,0.28950710050163,0.253709256760176,0.256255761449352,0.255986274896184
4221,0.156034365463168,0.13917947167992,0.139185011215385,0.139140442333273
4222,0.181303183225438,0.167457142506553,0.167667253447048,0.167266323167141
4223,0.436005638113212,0.400612158636106,0.418782713972254,0.414259497282117
4224,0.380239883935954,0.379977924950467,0.380257890236669,0.380022945431277
4225,0.304001753569184,0.283320457408734,0.289919670940343,0.288163013103037
4226,0.368148123933186,0.357817716164367,0.361292615077395,0.35962675428965
4227,0.439611137530404,0.411331784223938,0.424173695022465,0.420636927384913
4228,0.383897027779094,0.372905130648265,0.378432926152746,0.378031090313243
4229,0.368574424687762,0.363891031313624,0.366214054408506,0.365610980642127
4230,0.387355061633895,0.372104199969886,0.377840901523911,0.372396057104149
4231,0.395787857044675,0.365579042873482,0.368448015971856,0.367458424885513
4232,0.385868484499629,0.376217574900201,0.377317221083979,0.372461299574483
4233,0.368950074467082,0.365095786693728,0.367586512477217,0.367515885892241
4234,0.364197879096351,0.329077153633211,0.343556352409392,0.343544523348923
4235,0.338112627381747,0.312100883186971,0.318524010199275,0.317145408095515
4236,0.378224843731328,0.377052060588288,0.37910380943277,0.378478350990878
4237,0.337016665780484,0.308366265391113,0.323265178888522,0.320765194869518
4238,0.243087178489029,0.217555500914811,0.223399731667809,0.223450072566569
4239,0.459161254172779,0.426218849375059,0.440721565302811,0.436149990924059
4240,0.312550412257976,0.283180684099893,0.297704571176391,0.29497138226073
4241,0.364438035540173,0.346136329131339,0.352514457142914,0.351103743579803
4242,0.379105561493851,0.376178327324211,0.377503162258122,0.377057501449411
4243,0.481502948638066,0.473697547822844,0.475119971472898,0.473937781020958
4244,0.385871410682547,0.380688856421525,0.381851906657028,0.38131999433708
4245,0.355925887473838,0.355304001723648,0.36895835513608,0.365110765097194
4246,0.254015650715668,0.228214955390895,0.242217114290221,0.239883453536856
4247,0.383436757441493,0.381634413639381,0.382181025417205,0.382023246995523
4248,0.434460131006494,0.417522937642609,0.4377842403257,0.435019038433165
4249,0.365514385265291,0.332960845181409,0.348091294412162,0.348000169180096
4250,0.268682996147862,0.240242647850608,0.253227897799098,0.251250611378276
4251,0.376410465422877,0.328118586691536,0.343726023704757,0.340131553169409
4252,0.324441719550196,0.31824153871531,0.318766411131965,0.318607201442501
4253,0.234847534823029,0.211168108729568,0.220431661292237,0.217446416134593
4254,0.432562941015682,0.423762483524371,0.43114593097971,0.426983870695139
4255,0.191605644834861,0.180764454104934,0.182458580203246,0.182298999346518
4256,0.448409925840395,0.41101163898296,0.419152019803115,0.414605765048632
4257,0.360795527394368,0.325516435588691,0.340604468745982,0.337884859701647
4258,0.403086428245637,0.400937263899732,0.402251128949016,0.401092302414304
4259,0.366300555673236,0.357557136664808,0.365852321589208,0.361957981676178
4260,0.367319408873212,0.358617413558267,0.361977917260979,0.361101612671756
4261,0.383634279036695,0.382513528920512,0.388172128434952,0.383687099278977
4262,0.378056657163173,0.376304795710733,0.37813039646225,0.377858695697912
4263,0.394433421946334,0.377984392997442,0.38508076658447,0.381489436484758
4264,0.382739181048643,0.380321853720812,0.402405769381896,0.39818251306638
4265,0.341803335807096,0.330328898603211,0.332850947192426,0.331838150613862
4266,0.359821883555028,0.353033643172218,0.356043109164441,0.355280463907021
4267,0.163998793723379,0.161680080697319,0.161928798828223,0.161852138305895
4268,0.378929439131007,0.378757907099706,0.378785113411878,0.376906415602801
4269,0.138505196016028,0.106423535573873,0.108032926775938,0.108058407501317
4270,0.375451548422261,0.373354048542843,0.374021144019961,0.373797351458962
4271,0.395998861594696,0.386148724423773,0.389927139095152,0.384681221901918
4272,0.381914403531509,0.379436265355695,0.38009750929519,0.379838657004438
4273,0.276036233916145,0.254672393826239,0.264340988972413,0.264558649284457
4274,0.379394047861077,0.374964676631307,0.382843929331819,0.38102325599028
4275,0.376581540977813,0.375103464927855,0.37592107152652,0.375700754921026
4276,0.37798794414449,0.345816823061375,0.350705431722753,0.348790224249314
4277,0.414717213121036,0.395775830954152,0.406625321702281,0.403729111654774
4278,0.249022293734564,0.225118470770316,0.235186065769575,0.232293523711556
4279,0.367242345743778,0.365571037595651,0.365633176475474,0.365624726822876
4280,0.378051735248198,0.377875809180907,0.377889486623665,0.377886108942586
4281,0.382210597663701,0.379868818464773,0.380540397371379,0.371612900684168
4282,0.398721237683901,0.390721656103006,0.39099542047972,0.390933021138372
4283,0.428382307369665,0.401166227086088,0.413383661449456,0.410079136902222
4284,0.245988541599296,0.220563128971362,0.231279201757651,0.228304619502418
4285,0.345926495856842,0.344274287908369,0.344988115124968,0.344260908531903
4286,0.272541660894923,0.262446384051437,0.267440007722544,0.265970385274689
4287,0.377247435294943,0.37403966526234,0.375896211304422,0.375289088109696
4288,0.383505302621079,0.337606608083316,0.34902265384329,0.344945148337097
4289,0.37526972943729,0.373668284305203,0.374735936465694,0.374511144315396
4290,0.376620636748683,0.37444514105564,0.375755115474553,0.375479896632887
4291,0.386358046283465,0.384674300614541,0.387561372371347,0.386393597476937
4292,0.35676840829718,0.334794855498308,0.343775035841341,0.341217175803237
4293,0.574682959138714,0.538520141288134,0.555134578684878,0.550129391659485
4294,0.107278181216781,0.0869065706199861,0.0869729931266338,0.0869407407830258
4295,0.3832414482361,0.381222542177721,0.382022776411768,0.381731210749469
4296,0.347288499535306,0.337312253221088,0.339086936454083,0.3390987149293
4297,0.350807000115221,0.326734392696467,0.338424918183043,0.335148326400247
4298,0.382796731085172,0.381251934392106,0.382051603276697,0.38156866086213
4299,0.376657605836398,0.375682322019948,0.375694108194979,0.375688254510564
4300,0.422053647009484,0.414319155149009,0.414405574218126,0.414384738671771
4301,0.179473944078357,0.151110740538199,0.151085691304819,0.145751564741962
4302,0.166475387376604,0.139761278479435,0.142328533876538,0.140576308428524
4303,0.351303916026084,0.335681936874322,0.34327018012434,0.342684583880648
4304,0.364082887351041,0.360054048556152,0.367719007110695,0.362550443696992
4305,0.378107164743516,0.372893689391599,0.377384522132587,0.376205553966276
4306,0.348034673078642,0.330908991624012,0.339272610270135,0.337028621517256
4307,0.373735826095501,0.365995496122176,0.374453235146813,0.372258519346609
4308,0.344950339707962,0.319739235600731,0.320393266913656,0.320265266805457
4309,0.364549496546468,0.358231740975764,0.361264890284689,0.360045670799947
4310,0.385254826422016,0.373207160607399,0.378635343452155,0.376968927495718
4311,0.369152785894566,0.337591236654466,0.350628048193037,0.347580083339998
4312,0.429555446103714,0.384053674956067,0.383173917279449,0.382782807775164
4313,0.470311871660609,0.439719634640044,0.454914445129326,0.451326057698947
4314,0.375700938807377,0.375368288595522,0.375572265710191,0.375211122045233
4315,0.344534952782105,0.317945005398984,0.326976259111563,0.325418632699525
4316,0.395441802912535,0.37256905279309,0.38338256248169,0.379856147777288
4317,0.376843882384758,0.374745508882636,0.375395758798989,0.375091629613521
4318,0.251015109317155,0.226724072431273,0.241571804348919,0.242332029654475
4319,0.390910692217322,0.385302065175327,0.385770606447959,0.385725097114457
4320,0.419156040289924,0.383845959984393,0.400608719861779,0.396385461893199
4321,0.415900546403375,0.384345498504373,0.399282824013682,0.395556699346214
4322,0.382058719588539,0.379250934611654,0.380431841555437,0.380395618223834
4323,0.370687843071911,0.367737600848406,0.369091497240648,0.368764901203627
4324,0.319500822632136,0.297166909189986,0.306575186395363,0.303681438914442
4325,0.142133193184434,0.112378186030115,0.114084522085027,0.113812810157219
4326,0.372219705023844,0.342967445580259,0.348942690184337,0.348648002918185
4327,0.395438279745815,0.392114686610393,0.398018916351883,0.393197280615542
4328,0.379599776572554,0.378433180470014,0.378862644426608,0.379225189760956
4329,0.368137882316728,0.359580799877369,0.363405219869748,0.362441159184752
4330,0.377649376127662,0.372030878362146,0.383865019535389,0.381007667811783
4331,0.463234781199882,0.426570984887181,0.440409288577894,0.437704752769391
4332,0.346171863505778,0.327126785348201,0.331010497247381,0.329916936838952
4333,0.362330221965211,0.333656751526796,0.344582874473536,0.340857204731017
4334,0.388185229859828,0.359656986730066,0.370596350560486,0.366294492841317
4335,0.111273905244284,0.110607292328659,0.111035186675901,0.11092008509742
4336,0.423523532103286,0.395975957205052,0.405565828128777,0.40421064083599
4337,0.410616582132284,0.388462819853195,0.39879003107308,0.396525479065457
4338,0.378195733203663,0.377943027917504,0.380860221129647,0.379493773942241
4339,0.340406198325536,0.321327028364912,0.32942389595334,0.327465580913354
4340,0.351677972398942,0.317636512189242,0.333253035459515,0.329910637889813
4341,0.138300887532774,0.105004422215879,0.105601560052266,0.105917035664789
4342,0.270539151798796,0.247507229411935,0.257005777729857,0.255024876613599
4343,0.377395030930733,0.375925655194967,0.377727065508421,0.376592566461305
4344,0.375486669181724,0.362749606548421,0.368435950327332,0.366875905053946
4345,0.138539667021921,0.115178730017024,0.120174372923969,0.118999476494692
4346,0.140000355496096,0.110674734570661,0.113780772058847,0.113960680269456
4347,0.413314013378356,0.381596731989872,0.398324644593088,0.394406464058543
4348,0.152151680884385,0.141494716821785,0.144967353082807,0.142517009217478
4349,0.37425156076563,0.363381383755952,0.370260006106206,0.367962329720063
4350,0.376832356806549,0.372126387429291,0.386286187711192,0.381956924118024
4351,0.254656846018633,0.253592419668802,0.257661533134511,0.258021763094485
4352,0.387473055459459,0.352404621076987,0.355715007002068,0.355280719989653
4353,0.357800426183663,0.323549301722653,0.338999898503327,0.335400482898665
4354,0.347594868860683,0.32829182304775,0.337005005395778,0.334728166228192
4355,0.306114097105701,0.28877230164138,0.292069115696913,0.291588767879501
4356,0.36859826957311,0.363841009571695,0.366059161126608,0.36550968545208
4357,0.361167207466323,0.329419396695827,0.344078089267733,0.340297030591935
4358,0.417621466726719,0.416598348637996,0.420392900475216,0.418238327757049
4359,0.40662291023389,0.384724100972683,0.39920188502958,0.397438697280137
4360,0.409359405681338,0.395789458728457,0.410637018324461,0.406475285391329
4361,0.295312318903142,0.278553322343485,0.286680623837456,0.284095749747022
4362,0.36977630833319,0.360286100448888,0.364221915569357,0.35901720130221
4363,0.383583064442625,0.348352043441406,0.35703272319167,0.355113967080178
4364,0.372574896832198,0.370871138671977,0.371852213308413,0.37097377222363
4365,0.321231874830288,0.319782964592406,0.322564441933549,0.32214185982488
4366,0.378033049165093,0.375493012570686,0.376552515871661,0.376390048555548
4367,0.199765231871873,0.184731869492029,0.191425166644689,0.189801061973542
4368,0.334395571107675,0.316477699115967,0.326771449354598,0.324090886810979
4369,0.3828889232562,0.380573198001172,0.381469197930889,0.381181768382244
4370,0.368917914975478,0.339172642537773,0.347699067258047,0.346387280418669
4371,0.312995113772595,0.293307558630859,0.292751769214327,0.287603449634322
4372,0.309427491142843,0.29258122759592,0.295814545054732,0.29497603018984
4373,0.416591109828237,0.401462499307019,0.402987376932403,0.400979950832791
4374,0.225906416052362,0.217076361895854,0.217990894399593,0.217699305536455
4375,0.364403135999677,0.358132268049056,0.361199896230039,0.360394256726004
4376,0.271656577978989,0.246547036139715,0.259149417024088,0.256105075420768
4377,0.377669375402932,0.358886365620936,0.374832691668981,0.370642520913676
4378,0.376062280539447,0.373602398216693,0.374479357226533,0.37441002496913
4379,0.397885058656535,0.376970747349403,0.383322039826752,0.378718766870309
4380,0.328083313095742,0.307430157857955,0.312147542619195,0.312161560776627
4381,0.37770787983346,0.376574458523921,0.37789436967205,0.377656896241675
4382,0.39053743700895,0.382655977021741,0.386081642167313,0.384666563033168
4383,0.483918219065166,0.443990325197994,0.458850374085928,0.459944529388494
4384,0.391726779122081,0.376997086385956,0.381040826731163,0.380982601385756
4385,0.382493385999533,0.366757882873127,0.379521885615611,0.375512472228388
4386,0.375194168706251,0.371143731670329,0.374124954398996,0.373661503499321
4387,0.35919490717246,0.337421047882943,0.348022648154509,0.343112618982157
4388,0.399818626183126,0.384683883477975,0.391337468497932,0.389566551832119
4389,0.37699199084905,0.376396342219609,0.376501553117809,0.376363145421046
4390,0.377876510138131,0.376886475209031,0.388223456029386,0.386294930026296
4391,0.205060591100033,0.182143293630804,0.19452860924243,0.193645915921246
4392,0.371176597907881,0.367092284131983,0.375415170642135,0.371399630871084
4393,0.3753662187998,0.366866053887722,0.381125486229229,0.376703132237576
4394,0.236979768585491,0.235366296021218,0.236968607323886,0.236824064809679
4395,0.378881500692456,0.376127009989955,0.377706571171725,0.377366211701213
4396,0.184865193726675,0.178476603307809,0.178693192276047,0.178392191081783
4397,0.651054289401517,0.611526944572343,0.629885758360286,0.625270239651806
4398,0.378779470746542,0.37786466917905,0.381390336738382,0.37640041500798
4399,0.377958799938875,0.377640343868636,0.377843778481429,0.375927769054685
4400,0.334114019084949,0.333427163121664,0.333582079894257,0.33358385558779
4401,0.108587778385245,0.0768349521118428,0.0765624594762258,0.0765053484032968
4402,0.390165406319308,0.375468539382661,0.393888558630258,0.391969943886459
4403,0.378095988842783,0.369130052279941,0.373162150405005,0.372017095845972
4404,0.147311735594938,0.146792680723887,0.147808560760007,0.145750122881405
4405,0.391133181259283,0.386116879740581,0.388633082925386,0.388089041310486
4406,0.41052668583192,0.401007096473326,0.404280809736046,0.399979685219585
4407,0.361312840688093,0.359217662712904,0.359750720847196,0.359939631763504
4408,0.460013785915843,0.426347243534622,0.438681394017623,0.43562768730327
4409,0.383534758148801,0.371815035694324,0.389948128841391,0.385751879467446
4410,0.23582863213086,0.208725075403674,0.216109813311363,0.214098461262811
4411,0.388550027300961,0.35752539870346,0.372192318274676,0.367579225164377
4412,0.449609503010131,0.412436250281588,0.429612582269148,0.425210988096243
4413,0.247823243951533,0.21730500087273,0.218321768602606,0.218212946244747
4414,0.337856695527823,0.321758285619173,0.328730772768664,0.326696098611454
4415,0.360469389510796,0.328402494182687,0.343112220819956,0.339527088618756
4416,0.441988855410909,0.430262435815896,0.437278009390256,0.43269773233326
4417,0.298802925581139,0.270679783419787,0.279026608639875,0.27801300062927
4418,0.125082754712584,0.10782822227029,0.111224163343114,0.110151958376546
4419,0.352719051791878,0.34230603493414,0.347594868003873,0.346052504114913
4420,0.386847819991304,0.366265385331038,0.375492854602882,0.372571890161044
4421,0.24967185547688,0.219464790223249,0.231146495018924,0.229421570582581
4422,0.405538507051706,0.385066633807936,0.394323524826389,0.391891202333387
4423,0.188551973646357,0.158143775739291,0.16530863770759,0.164986830710178
4424,0.396199107076679,0.395898266684602,0.396161881928635,0.39616376972024
4425,0.311102768551386,0.294592494566665,0.304622715958597,0.30108588417302
4426,0.474834011030273,0.437606410603166,0.451160123685535,0.446973873770345
4427,0.367704176411778,0.364746707795211,0.367395988660367,0.366650281494813
4428,0.389822289036552,0.379064977738814,0.384428856111004,0.383101781536635
4429,0.322565311274881,0.318796468312918,0.322993510080606,0.320917336707295
4430,0.371179667820364,0.367714438861916,0.371537723135202,0.369847533809729
4431,0.447107038181546,0.411342068002094,0.427225611603438,0.422288791730018
4432,0.612709994263891,0.570947450684523,0.59063707727904,0.586812118682004
4433,0.377942648769537,0.375939158091561,0.397466812032385,0.393377516388286
4434,0.36976030287325,0.365958011309666,0.366644786053253,0.366465450110676
4435,0.24649887763481,0.23994862222533,0.243610246771566,0.242770564274896
4436,0.409129524413949,0.392234145895017,0.399725199428123,0.397728790525731
4437,0.378204905753314,0.332083757629366,0.348106338691849,0.345118236903299
4438,0.357371499773752,0.34121313115591,0.347889611586438,0.346030925793255
4439,0.374882090581394,0.373023515062164,0.373900164718561,0.37368511078787
4440,0.402348030238511,0.392439444666896,0.396901563855177,0.395812280991678
4441,0.385044483847447,0.384884500808298,0.384910036107442,0.384854975272918
4442,0.301729516956064,0.268519945861707,0.281644506965624,0.27957243381197
4443,0.367650780536017,0.364524549275033,0.365338602150071,0.365286062279187
4444,0.138534951202654,0.10718650066524,0.108490839805466,0.108947678066979
4445,0.382264893977215,0.380680969284497,0.381230364099642,0.381103254879472
4446,0.39011688322777,0.388235391981915,0.388834202181317,0.388655047241322
4447,0.405299498142444,0.379178797226062,0.391405238963718,0.38516740041714
4448,0.388742037855167,0.381145483028414,0.383667064872647,0.38248122882747
4449,0.416270123717074,0.378909574791179,0.394607238878243,0.392684410524385
4450,0.251225904026683,0.241142813937657,0.243809762875556,0.242781141307493
4451,0.444576124287056,0.408124111278099,0.424782132771899,0.420229075883586
4452,0.378171440132343,0.377955644441825,0.381940658116134,0.380688557896282
4453,0.213129649185678,0.187104479888786,0.19217948135682,0.191947454153886
4454,0.235203120532616,0.210475481839877,0.218467631989519,0.218545953151269
4455,0.378514679952979,0.359045175513579,0.375267923949378,0.371210444630455
4456,0.349113319607719,0.33569120753617,0.343013023888546,0.338761992918666
4457,0.251828792427439,0.230604976625668,0.238915116460773,0.236571060094516
4458,0.324011336110864,0.300301391944686,0.301750783284517,0.30073603503587
4459,0.321765067833587,0.292053033533683,0.307230877651803,0.30409885530517
4460,0.379125998309321,0.359219479018695,0.367127843514244,0.363784862319583
4461,0.379711663489089,0.378988241949042,0.395924143773211,0.391680059513639
4462,0.358083200408403,0.347054285567902,0.352243607113627,0.35063300602825
4463,0.378437028965187,0.364017569097008,0.372711705191997,0.371037797997723
4464,0.14306543201251,0.111784822409057,0.113620269606642,0.11345541515834
4465,0.376197436699749,0.375633025529039,0.37608667429805,0.375982588027759
4466,0.329760579801239,0.329601780552779,0.32965012477531,0.329648078959046
4467,0.402977580976597,0.395246277427733,0.395447634338714,0.395314013797234
4468,0.409609192417373,0.386146686628566,0.392543945746533,0.391059013161926
4469,0.385362031351623,0.383135585535098,0.384538571963593,0.384456390167876
4470,0.379024474363277,0.378759842579612,0.37889442613247,0.374421568427076
4471,0.37776247239813,0.377226676937935,0.377466219599747,0.377392410657232
4472,0.360892183421369,0.347245430961499,0.355233441768714,0.354874047164609
4473,0.354531003290801,0.343660468380577,0.359942911401419,0.359621840203632
4474,0.37868121696995,0.343082037457945,0.358009903811839,0.357850287664308
4475,0.388298303890386,0.366893759729315,0.379390447975222,0.375437718690422
4476,0.387461545207754,0.360258238949081,0.372667437547441,0.369412303803911
4477,0.269658943293442,0.265198671282102,0.266121894793122,0.266195554728448
4478,0.373051943309037,0.368406675681953,0.369308672916151,0.365618924681159
4479,0.355522519692887,0.331170714694705,0.337821082756934,0.33589882107451
4480,0.390724794610791,0.367173809013285,0.374271733204735,0.372250472176495
4481,0.44693959762566,0.409836544543446,0.425596986046348,0.421569793467637
4482,0.378596725011594,0.370042393751799,0.373866399505316,0.369220756725144
4483,0.486738881659367,0.459194598797757,0.461622108699062,0.458724357425691
4484,0.36567368556118,0.356062021799535,0.364276537367334,0.362242190361142
4485,0.336076437959398,0.323370720585368,0.331247209229892,0.328544595493296
4486,0.380080470416962,0.379066739091954,0.37910335635664,0.378976562338614
4487,0.171908828935328,0.144662750489006,0.151365955962093,0.151071225378034
4488,0.378866204216356,0.377607390910522,0.378169494961158,0.378066905365344
4489,0.38368737749563,0.381166634854031,0.385717229414507,0.384519540338339
4490,0.22469553326495,0.195721236694757,0.204523299981119,0.202440951486149
4491,0.402445248450064,0.370092750788676,0.385314045549988,0.381261833435765
4492,0.378636260740512,0.375767376946875,0.378920136923605,0.377061911837369
4493,0.366562115796361,0.36351150627911,0.36512698298593,0.364890283418026
4494,0.164860379396955,0.148740312091308,0.149240101384253,0.149197601198846
4495,0.377495144696763,0.372134926316544,0.375029173809758,0.374305877581752
4496,0.428517719646355,0.398127334244875,0.414575888938481,0.410136547339769
4497,0.418824920550745,0.407729397167743,0.408341464348351,0.401787907896342
4498,0.34083180107558,0.317362091786576,0.333781442038542,0.330576763693091
4499,0.385031385462931,0.377336942920837,0.381469504549804,0.380214606360959
4500,0.32477292811712,0.291490387137361,0.306184859373696,0.303084874481978
4501,0.189887892135986,0.185891930723861,0.187646442031537,0.187356312517294
4502,0.479267411385071,0.438367764741456,0.456102827709651,0.451873502534662
4503,0.270799117906631,0.243539474691708,0.256441783256144,0.259309304148603
4504,0.392879287382747,0.389645879466749,0.390550071215885,0.39027105185971
4505,0.343803460492412,0.297509081818323,0.31131303166429,0.308099433854242
4506,0.375802973067538,0.37292712098026,0.378619283238588,0.378390156845335
4507,0.379475328470771,0.378712794371784,0.378778041073831,0.369686508059406
4508,0.337864675394353,0.336094588572785,0.340410338464958,0.338811107041455
4509,0.322579085112224,0.288709609686709,0.302543025137521,0.299464897061029
4510,0.316804805048969,0.299157728436975,0.311687880133157,0.308650128321739
4511,0.358990329648005,0.3580020538134,0.360063862894726,0.353735827627077
4512,0.319562404268415,0.306791749484787,0.308064394090686,0.307715592832145
4513,0.377822756121953,0.370371532315823,0.38791831600292,0.383817614782867
4514,0.39149069615888,0.388409226755418,0.38953117938766,0.389551514627431
4515,0.3323374043188,0.304735012668582,0.315938875326535,0.313014601778921
4516,0.366381282060799,0.341732726576252,0.34857688063676,0.346867548409562
4517,0.373372247750845,0.338397412684194,0.346961532149517,0.342663261909265
4518,0.380886533917765,0.364779841628076,0.372087033681327,0.369689069302636
4519,0.336105407841507,0.321310606528305,0.32996471072674,0.325799529229309
4520,0.377886770970379,0.376857007278397,0.37740517411267,0.375577530981821
4521,0.352922084668314,0.342708386314085,0.34711248160077,0.345861807737336
4522,0.393877171315697,0.367637072291161,0.383684791956027,0.380336005566729
4523,0.119126682777499,0.0868784068447194,0.0852250684909206,0.0854909834743156
4524,0.383487021994399,0.346560685761775,0.360379786593396,0.355882473446206
4525,0.337378477751449,0.305951699594205,0.320103388040393,0.316494886045113
4526,0.379246702631554,0.378429741428177,0.379187902863752,0.379064282569483
4527,0.377887759252107,0.371796931577673,0.374635370539619,0.373952783922257
4528,0.381663569232758,0.348072798119737,0.364307301730749,0.36078583105544
4529,0.35700736938255,0.327229384428223,0.340570761423057,0.337430141420135
4530,0.34880036262505,0.325846857100475,0.333070384467563,0.330993137282085
4531,0.406349315930709,0.379117930879973,0.388701325128935,0.385096219297159
4532,0.382574572588922,0.381443508559308,0.393209190941835,0.390739862101855
4533,0.50568879296609,0.480036065303821,0.490234784142851,0.487487199080964
4534,0.347828596855189,0.336169038563619,0.341434389147475,0.339253379606979
4535,0.297646215918492,0.268317388484315,0.279991256317546,0.27999521114007
4536,0.341133833499923,0.317277222896083,0.32865165217646,0.328583410033233
4537,0.243170488534829,0.21970817123915,0.219791398156729,0.219791963025579
4538,0.361665395897666,0.327014419638641,0.335251287810737,0.335082911803511
4539,0.416295778567019,0.410338393384847,0.414971762595388,0.40987960205807
4540,0.318971424257799,0.293252963564334,0.308709289704831,0.305537776714423
4541,0.39250514403784,0.384717038742464,0.385435602373491,0.385333251728676
4542,0.38065117070956,0.377990599835189,0.379354050144171,0.378983467510702
4543,0.301226180704527,0.279677206974282,0.288953555788662,0.286721437411308
4544,0.408447080157441,0.385465070784814,0.39612089344091,0.393168828859608
4545,0.221703383499542,0.193358551391515,0.203498883910067,0.202083263315256
4546,0.110035456723285,0.0790993545338381,0.0785379283113063,0.0786622596331077
4547,0.361819212964284,0.323158136690556,0.337253726803609,0.33354067440591
4548,0.134177268751499,0.106281873669964,0.109617731642168,0.109496477579903
4549,0.374718646830691,0.365810649222157,0.371171535103753,0.369899745436268
4550,0.370918085339854,0.338891002133544,0.356228365064995,0.352478247327061
4551,0.374888178243269,0.372778653952589,0.373977614086875,0.373559859856151
4552,0.382720241964254,0.378953847471196,0.380444622078444,0.380068817669723
4553,0.341571949947502,0.336119287972553,0.343665680270731,0.340374294662842
4554,0.381950329453351,0.351771604622797,0.368576457558784,0.364612721717182
4555,0.136997020581787,0.105378476597663,0.107910225263722,0.11051512495323
4556,0.378321744643352,0.346889972336338,0.362173613516147,0.358316030389228
4557,0.404981115627831,0.382332073605418,0.39825453226074,0.397107669576905
4558,0.377362525446791,0.331816484585969,0.346496707987827,0.342801295263854
4559,0.369641181466557,0.362900133886567,0.384500085768362,0.383235914429832
4560,0.35458320290516,0.350141042023635,0.355063408892319,0.351977383642705
4561,0.376084490078938,0.375829311257204,0.378706725089785,0.378226229381527
4562,0.264220299072139,0.233771339434239,0.245252774435105,0.242819994556265
4563,0.37841880327916,0.377970427129051,0.380150591238549,0.380912675583753
4564,0.390024887053678,0.380943545630165,0.392571707972551,0.389741821194432
4565,0.452710714564548,0.423723431680458,0.437863747885783,0.435211076739285
4566,0.368348228653554,0.363853771477859,0.367080087680252,0.36622632042713
4567,0.377487515073668,0.329353516856706,0.344175293906885,0.340525452363182
4568,0.377292872074746,0.371507096533817,0.374984170254106,0.375351644146171
4569,0.373475779565845,0.357384585566155,0.363885085948846,0.362220335479883
4570,0.387879087801241,0.380274329907133,0.383361333079951,0.382578340288438
4571,0.348050882919514,0.338292370551042,0.348910863277523,0.347831851861585
4572,0.374570793574318,0.358952827361244,0.365407914878553,0.363530821270273
4573,0.411150214217463,0.378691585149225,0.389368643950946,0.389321149963309
4574,0.341095279753588,0.314211954550389,0.326875121888062,0.329181420393396
4575,0.11566536874285,0.0862661757957359,0.0866887691639057,0.0866928792046509
4576,0.395402948938465,0.390628987809064,0.392929965804993,0.392338455363364
4577,0.216094426822777,0.188252998143409,0.198197144931092,0.19715174351468
4578,0.38166636227438,0.347141003814242,0.362864958300492,0.35903740252286
4579,0.410635631272114,0.374655090649458,0.390973458857781,0.3867491042431
4580,0.175616271137676,0.156635686866497,0.15708077598339,0.157071827355146
4581,0.441880999069367,0.426256105513856,0.440142458881799,0.435345748435164
4582,0.159476234387908,0.129341597723945,0.133719148548569,0.133896956410379
4583,0.401679382838961,0.376126427958614,0.386823046355792,0.386850935621445
4584,0.307094959770142,0.280730035541868,0.292699621718797,0.289637317290566
4585,0.380554289810665,0.369248842375555,0.373446449355821,0.365325084895632
4586,0.333230178691173,0.303187434198281,0.316887773534721,0.313490401107337
4587,0.217882260777082,0.195014743817338,0.20065425178421,0.199275379114417
4588,0.375682354982207,0.368788749181468,0.37165557910143,0.371105288657465
4589,0.380168055948631,0.379331677461885,0.38290288588513,0.380752556349918
4590,0.378899485613464,0.377720084956871,0.399023608064671,0.394683689554959
4591,0.377950878841897,0.370792805410108,0.388326857544717,0.38424415983419
4592,0.255333334365978,0.226240905632704,0.226886785964052,0.225818286183496
4593,0.382851784481234,0.37706546958386,0.38395438697657,0.382048536254867
4594,0.245103551480788,0.22079142128112,0.231325145958875,0.22890552475819
4595,0.268779697335113,0.253013540875721,0.261614531675607,0.261430462425696
4596,0.331877657045044,0.308992282220514,0.319462566847978,0.316438166538541
4597,0.184515688931216,0.156096890372501,0.16291862763069,0.161792122084769
4598,0.390366597066937,0.384082038597552,0.387076863451991,0.387104411074632
4599,0.374888621946418,0.342799328355452,0.356904457240525,0.353359978025643
4600,0.215993807544064,0.193300421763602,0.202668107005896,0.200460178834444
4601,0.386927032904619,0.376077229083308,0.380799575080729,0.37981726570838
4602,0.38723363418894,0.386052947229698,0.387199072045627,0.386973235266227
4603,0.316545322131532,0.287480511682439,0.300544080672363,0.29739733113827
4604,0.270136546938602,0.264675690430179,0.264794173342385,0.264476273622466
4605,0.371456362281742,0.365144970250631,0.367942625242749,0.367076834797047
4606,0.37130348535758,0.353837372537929,0.363381493539907,0.359616019037038
4607,0.17982387075503,0.150627456044678,0.157496678165381,0.157039634688638
4608,0.370389527309628,0.367761455123591,0.369715026552365,0.369376704611245
4609,0.36846590569864,0.367932503311152,0.385495486501911,0.381408187424376
4610,0.40938945603054,0.393146405657707,0.40004115827567,0.398565766521259
4611,0.179143053624915,0.153634772531856,0.153692943558833,0.153611819342018
4612,0.365045585112137,0.355043803848551,0.355960098952579,0.355747594516248
4613,0.216501860221225,0.195552398722126,0.203370196088186,0.201371243261721
4614,0.368167519365469,0.358300988026343,0.360242232746611,0.360244097327269
4615,0.194180684721813,0.190390704233473,0.190654147706968,0.190542772732452
4616,0.388325577943717,0.371555346964739,0.372429359724529,0.371868955503102
4617,0.19692127941548,0.177505633350741,0.185526823965064,0.183599679489305
4618,0.368063683683419,0.363922021994159,0.365481212146631,0.364957490702592
4619,0.361737131726675,0.327005517448678,0.342766413107867,0.339180243269198
4620,0.322101724961639,0.288864475832852,0.287003550120475,0.286999938564521
4621,0.276444119107057,0.254423411654124,0.259283147836514,0.258454513055632
4622,0.311456176205794,0.287540802016152,0.301684690085796,0.29752220203857
4623,0.365992390369,0.360634092710845,0.362455444552797,0.362363976890175
4624,0.260188367532011,0.23435790415257,0.248508630357863,0.248190608966334
4625,0.377340185089103,0.377294129881867,0.377327056195648,0.377236006352176
4626,0.150521903384266,0.126638421789471,0.127932080623436,0.12771802996903
4627,0.394929449273104,0.391736091057922,0.393691740987831,0.393922484734739
4628,0.320191801837366,0.29138059297404,0.292806909180054,0.2923951876846
4629,0.354977234939214,0.338366120787565,0.34271145370622,0.341450190495641
4630,0.398609855899589,0.379461324985712,0.395207612340789,0.391080046858592
4631,0.404520707866137,0.371551727362258,0.387855438279699,0.387897302702338
4632,0.372556367030015,0.369519691836714,0.369456861512568,0.367670833429179
4633,0.406842882069182,0.375439944535075,0.393644926389976,0.39086624280646
4634,0.317565358854835,0.293126787858329,0.305475973146318,0.302382759453775
4635,0.383736159007991,0.382136412514174,0.383053261112111,0.382743735826005
4636,0.374253264125661,0.358249488199874,0.371739010372288,0.368703700358736
4637,0.15556504621425,0.15015671310502,0.150179976562975,0.149957568679584
4638,0.374421676009645,0.374162163625713,0.39548116433518,0.392519748751114
4639,0.235157505281829,0.204508293471292,0.204981372710871,0.204980701517054
4640,0.149994196755428,0.123194306117575,0.128967193316464,0.128407492948516
4641,0.357526174644757,0.322698409773901,0.33740042565275,0.333758120636441
4642,0.138233783193172,0.107619986876878,0.10859606077377,0.107222513044246
4643,0.379704955823249,0.372405891470679,0.375624224665196,0.374873729118716
4644,0.33950216629446,0.32123481300519,0.330715084838909,0.328271798035115
4645,0.380556738574263,0.375149922425996,0.377376951153077,0.376525166991931
4646,0.386296578913831,0.366113590509695,0.374562988129645,0.373904569419589
4647,0.334506501620805,0.301028981022198,0.315794977406162,0.31242685335148
4648,0.385984524465707,0.381065830758046,0.383286639556663,0.382731589034353
4649,0.375891961899435,0.361577199186977,0.36806372553816,0.365813865016538
4650,0.26754439863486,0.246069091612628,0.257628696253712,0.254916942963569
4651,0.48440709159721,0.443586735598467,0.461299028159963,0.456640620577998
4652,0.379693635532404,0.362027742599031,0.377344639396781,0.372988627832632
4653,0.354488052679777,0.328377031929907,0.340298840214348,0.336943097036134
4654,0.326632751676586,0.316169931615076,0.319007601482453,0.318771292789041
4655,0.394958759253924,0.386533931709696,0.39017701749397,0.389217556867034
4656,0.290388439056147,0.288151080864713,0.289525276613708,0.288669677280498
4657,0.391120143626423,0.386410908659401,0.388634499428376,0.388150989709688
4658,0.367741110571904,0.354116703661203,0.359485195825293,0.357683242773276
4659,0.30378013427701,0.286254946913418,0.286280905054702,0.286271592527782
4660,0.420836975278754,0.386138586125771,0.402129249118837,0.398542563362327
4661,0.296955141631959,0.264391794564956,0.272477212299908,0.272366571857959
4662,0.379670203865588,0.356469319569652,0.367344508495504,0.3670357796013
4663,0.377025468738816,0.362402036543683,0.377998400687001,0.373865754614987
4664,0.38153978209791,0.381275278203655,0.381359959369993,0.383151127831484
4665,0.374389555268357,0.349746471780807,0.35926796193649,0.356186483704479
4666,0.38161311980202,0.381075759017986,0.383964533168863,0.383142307379756
4667,0.339364501881726,0.309093427393826,0.321012573392582,0.31809208771734
4668,0.406863751943109,0.401227835934986,0.401326630083257,0.401141559822141
4669,0.399987148595045,0.36139406279258,0.376240993483321,0.37179733908356
4670,0.376315345966477,0.37611532460013,0.376203244422034,0.376157277613668
4671,0.361226474736336,0.342205297083403,0.356295165438088,0.352253023709247
4672,0.444675320336462,0.422956108650269,0.432928944788842,0.428697902562759
4673,0.350992005016869,0.320800754297639,0.332328565429091,0.329374221423988
4674,0.650730747208169,0.612751435708225,0.631265311485205,0.626251696154745
4675,0.379208040831736,0.355640618328624,0.371998160165168,0.368259812144569
4676,0.399304842333756,0.377735137916746,0.394074000770845,0.390028511019527
4677,0.390358358007294,0.387810991143217,0.38892958470917,0.386086249359056
4678,0.360966551928246,0.351569835561139,0.355755732645558,0.35468522496681
4679,0.217976129715996,0.206096188866287,0.210191122299078,0.206553364370532
4680,0.377986695838194,0.377869520923261,0.378114632449471,0.378084317304541
4681,0.378694029735909,0.361603916608452,0.368326462290459,0.367678383933462
4682,0.410503032995516,0.388416618764295,0.399311022893295,0.395376063234539
4683,0.279707722830899,0.26072849746807,0.271175843437923,0.268765083026448
4684,0.242937973669965,0.218300025382835,0.228548107591816,0.226328027679227
4685,0.319578363060275,0.30109773994155,0.305352296891661,0.302224820435521
4686,0.273932966021299,0.245786156882174,0.256564731380797,0.256348493172759
4687,0.382385969300661,0.361547147106632,0.372725126778914,0.367821581348569
4688,0.319785884587893,0.284878354008693,0.298563466480121,0.295216696484078
4689,0.461096003860045,0.422688822455486,0.440299771116042,0.438435964399689
4690,0.348996312897456,0.321840421670622,0.322041772155922,0.321439331379737
4691,0.313702344181812,0.288158641034155,0.303767334023291,0.303610483614758
4692,0.380164019192726,0.379294664877113,0.379644321592915,0.379543043934363
4693,0.37241060266838,0.323274411134842,0.326960263816427,0.326261833498991
4694,0.262450163236876,0.236561066617812,0.245502392509851,0.242065202897579
4695,0.388278591904618,0.383928468450236,0.386072073719114,0.386077238999678
4696,0.377814966961475,0.377699204698528,0.400456202672968,0.39625810035609
4697,0.377966319245855,0.346516393616579,0.361808061415172,0.358033333754654
4698,0.422626486959202,0.396934488702888,0.409671318002086,0.40586978574142
4699,0.377971627711666,0.372362335809195,0.392148570869469,0.38874668049727
4700,0.366864409293609,0.335309023462108,0.351328615146962,0.347659009221213
4701,0.376129949882984,0.371343809504913,0.375354171305423,0.374020319804676
4702,0.388644770520726,0.368923995736124,0.377999821456718,0.374251900913211
4703,0.432434700015616,0.430317011608781,0.431223458903237,0.42691635873733
4704,0.377737576134802,0.368533829701264,0.37127330494338,0.371418696641966
4705,0.213745836228909,0.185634105217799,0.193286094547486,0.192022147422433
4706,0.289513153829032,0.26244798908176,0.269272936459042,0.265876794695873
4707,0.386815833065731,0.378554936957371,0.381126495556978,0.381390713575882
4708,0.336536187278211,0.307019575205151,0.3194875978882,0.319019170059837
4709,0.373346858799725,0.368162413778251,0.37063525168306,0.370170010477965
4710,0.152092557861492,0.14993254071701,0.151621506082692,0.150682940246684
4711,0.295533426714815,0.264595214978492,0.27794780330369,0.275207287826664
4712,0.442010996806911,0.414225033447245,0.427095962729546,0.42364343375528
4713,0.36236119941211,0.348070725561408,0.355560705292596,0.352810210467927
4714,0.370019790311262,0.353626815641325,0.363459473450805,0.361425598766588
4715,0.412196426116995,0.398297097434838,0.404129125201748,0.402230320021887
4716,0.363377286727017,0.348441469009674,0.36519295894061,0.365012039864673
4717,0.647542332206027,0.606591070651941,0.626533293618079,0.621063916353563
4718,0.344863030217354,0.317720276668103,0.334196120366179,0.333342525534367
4719,0.336600372691696,0.305332022340325,0.320142980582532,0.321065330946566
4720,0.392708613434652,0.373736011871832,0.382735052219212,0.382117521055479
4721,0.378173021255029,0.37802211858463,0.378060793577903,0.378053783085437
4722,0.330126654241928,0.30092937209064,0.315361651120135,0.311884488859066
4723,0.366336305487009,0.35524374981294,0.36053561663908,0.359734358370451
4724,0.404377909367804,0.371386413095916,0.385065654391139,0.382873540839008
4725,0.378544805811599,0.370555840457107,0.374038027174759,0.37300693512654
4726,0.37734832181697,0.374071806258031,0.374477442666044,0.370497983381988
4727,0.403723030876341,0.386583578113034,0.392342692699373,0.390832411501347
4728,0.37698015252066,0.376367699851322,0.376863834445495,0.37672464899772
4729,0.330711266138341,0.320784805792946,0.325326397937347,0.32515459379349
4730,0.382751658332996,0.3789512516991,0.380520569061173,0.379539498603522
4731,0.371081018182021,0.33328280604293,0.345524645567483,0.345023679626957
4732,0.223581547535736,0.1945236128712,0.205039730200106,0.203719422392575
4733,0.333571836481382,0.301026683715073,0.314952448476214,0.312774821906439
4734,0.36555624503655,0.35152761332935,0.368577640250053,0.364613490690487
4735,0.30008472306151,0.27440208618415,0.284938361486936,0.282248167834959
4736,0.420747242247555,0.400758427023938,0.411090881629354,0.408592542867331
4737,0.378135629083428,0.377248646625271,0.394322206281008,0.390722850818207
4738,0.416986260629151,0.39016527962894,0.390816789263673,0.390691459175502
4739,0.31172600532966,0.305544107231269,0.307420437356319,0.306897454602614
4740,0.435224186679367,0.41400182829391,0.423878304087656,0.421070918256963
4741,0.332440531238785,0.299498428653949,0.313622692526834,0.31040052975229
4742,0.379020043249239,0.376057268141071,0.378126995964648,0.377886032471168
4743,0.377907832999558,0.376510549217285,0.376969709015832,0.376977228767167
4744,0.363259338108357,0.349302287284621,0.355380388122354,0.355238902885925
4745,0.290917484083734,0.258020021466583,0.271390099357664,0.273922446759762
4746,0.365467946405031,0.339023631707588,0.349446642518583,0.349032986310507
4747,0.1908466124703,0.177525961076782,0.181464777098059,0.181656553451422
4748,0.409467917558774,0.370426962934735,0.386214821213939,0.381709873262864
4749,0.38503816701918,0.38349852550126,0.384918062489682,0.38487887176838
4750,0.27779760435857,0.262734516506196,0.263454834310426,0.263416315299187
4751,0.37483207008233,0.365168640433192,0.365304330155021,0.36486823741005
4752,0.377403885590994,0.376348320585709,0.377335558920271,0.376492436963906
4753,0.364638003601215,0.340834859033583,0.341636919851711,0.34127751211094
4754,0.373918142433872,0.373493482995247,0.374478149190993,0.374437419165169
4755,0.380528781941021,0.374657843561604,0.377908607494046,0.37664430051516
4756,0.325264865501362,0.293163909370809,0.30721966559242,0.303967555640801
4757,0.383524509903709,0.381778846554061,0.385119453681063,0.382624001586525
4758,0.382439611546213,0.380934271872694,0.381325215109563,0.381232530715284
4759,0.305670049264808,0.290434078796574,0.296397615985523,0.294793575661948
4760,0.354151700421755,0.327928136890261,0.339158502568952,0.337004076788189
4761,0.231459555864568,0.204639080868012,0.214942162507658,0.213162380008611
4762,0.379897344108729,0.363135889261419,0.369377226242922,0.368124652333701
4763,0.383590272151599,0.368107686896472,0.377707608820622,0.372956958233145
4764,0.430316053922612,0.408930913607897,0.41850445821444,0.416326853439854
4765,0.352223624702894,0.351933666135748,0.352275044446825,0.35212835520955
4766,0.243410824747226,0.225369082036359,0.23351075221543,0.231819807572374
4767,0.373344465819907,0.367327913835333,0.369684225286162,0.369048420396899
4768,0.48909538139035,0.455044750348111,0.470262660383188,0.465671550822168
4769,0.42292375321279,0.406030679456718,0.413790429807632,0.411747515787612
4770,0.166761031388546,0.148005002374689,0.148842731723779,0.148535154661355
4771,0.437306872087673,0.411877273404045,0.422275164956875,0.419784503973191
4772,0.377594821033931,0.366282390181155,0.375521268872504,0.373432907212094
4773,0.1761555057299,0.147672691113651,0.154384719914297,0.153942619288023
4774,0.385828878619326,0.375616360146359,0.381418914348532,0.379977980817042
4775,0.389055605512521,0.381709015587602,0.384730187339696,0.384013194613661
4776,0.377766586036666,0.377753505639334,0.377066650403417,0.371171532334554
4777,0.115419238987925,0.0994387360199094,0.0999333378032371,0.0999775410132152
4778,0.374153422583671,0.372166538410041,0.372936928899327,0.37192664510005
4779,0.384525508074763,0.3536668985556,0.360401088094863,0.360178093752176
4780,0.312909633880657,0.283231520690202,0.289913854197127,0.287884359754087
4781,0.433808974564332,0.402167262470496,0.402498983165854,0.402209809415728
4782,0.389393650692275,0.377595022726977,0.386635698411898,0.383196356230605
4783,0.37151387277252,0.361236568057146,0.365831733746964,0.364639540757762
4784,0.377665243426556,0.37739574740562,0.377483394544551,0.377478534933829
4785,0.331461092100544,0.298317885268248,0.312416858822769,0.308963615767267
4786,0.316919262833841,0.307450527551714,0.3081507188722,0.30806373501742
4787,0.174631415369573,0.156093216869919,0.156886099333959,0.156486590491766
4788,0.389968814483103,0.368823105272763,0.382233268677306,0.37847734667557
4789,0.424590012044529,0.388783298497413,0.401264325807835,0.397597071129339
4790,0.419702719939966,0.383501240205674,0.400039715812027,0.395874315990829
4791,0.379744567798244,0.379323718882942,0.378628448036032,0.372745404388398
4792,0.339678613982123,0.322218227000586,0.32518208558377,0.323243671096327
4793,0.382952101039099,0.381783885977676,0.382190214314813,0.382036171721439
4794,0.395111384730878,0.389439323880947,0.392590127561175,0.391852110824417
4795,0.380731972506253,0.379673278174124,0.379783413611513,0.379793089233138
4796,0.362786253655467,0.346620222252231,0.364510037237318,0.361604330027051
4797,0.253005706276199,0.235530366830591,0.243571554413024,0.241030255359863
4798,0.367882592782174,0.362648409826304,0.374904006320187,0.370474072826016
4799,0.342792585834665,0.315285798746056,0.319459223651174,0.319729481822707
4800,0.400165681806437,0.367638270060921,0.377415358965526,0.373733037577229
4801,0.36534689478778,0.362205069867277,0.362927449842897,0.362724302656337
4802,0.236870348806475,0.209296714078228,0.211947196307336,0.211871958374968
4803,0.374770425613246,0.328418348511184,0.342632528416706,0.339965478755206
4804,0.406100686074379,0.373015769341112,0.387760687645927,0.383313665651701
4805,0.365490952187131,0.36263147451177,0.363009142321188,0.362927465290208
4806,0.410848184094793,0.397465290405209,0.411201274167627,0.407577359959936
4807,0.239506714374455,0.215134864555201,0.22660308368231,0.224607108261706
4808,0.35583560194358,0.334178782587232,0.34349501903878,0.340809645498843
4809,0.367858677094447,0.33566641779012,0.347251620010044,0.344831166688885
4810,0.378704454555084,0.378543309747621,0.379099691762253,0.378966909983937
4811,0.396049937488384,0.387445125420768,0.391491664394725,0.390887103310309
4812,0.356873560622981,0.316857096144358,0.323943356699047,0.321410122213445
4813,0.129938504117378,0.100456761674121,0.102560938380084,0.102532752952772
4814,0.39365554827047,0.39184674121341,0.393844542237525,0.393349005036819
4815,0.12033611749959,0.0914041906238973,0.093104483180978,0.0934831216288777
4816,0.360803624787126,0.346430947116321,0.354754969848039,0.353063122199025
4817,0.144860117013669,0.126855550537648,0.13377102007991,0.132470206518825
4818,0.327300169389744,0.32436080523983,0.325826480801609,0.324537293283557
4819,0.426988243719058,0.39196954798638,0.41023877366821,0.407616694195803
4820,0.402292377688221,0.3668255842352,0.382095753669251,0.378117431349142
4821,0.378329507039137,0.358596097479529,0.375029499882632,0.371103267075803
4822,0.219020726640858,0.194760481826643,0.208085634058446,0.206974031357023
4823,0.222451611662977,0.194649208041181,0.203664586540187,0.201664038650658
4824,0.37842545088465,0.378231000547129,0.383316740042041,0.382011252067956
4825,0.331852879605168,0.299743206278909,0.314509629550161,0.311080986426229
4826,0.37552432688232,0.37338885645454,0.386508926398703,0.382641700588407
4827,0.425237268643788,0.406673452452562,0.414757742531354,0.412661703201273
4828,0.273366012586842,0.246858629997421,0.255687916968874,0.25284004218271
4829,0.350282376135853,0.338611856900212,0.34355637324918,0.341640327680325
4830,0.179157670374998,0.167734190998808,0.16989972410887,0.169854694218901
4831,0.37488960874325,0.37145525750329,0.37346906169494,0.37344985099323
4832,0.417866109395489,0.4117259769916,0.415824484294006,0.415460132690713
4833,0.440524205086371,0.406332665424145,0.421265867492444,0.417057693322475
4834,0.39537268858545,0.370542575449823,0.389225463898668,0.385099789847898
4835,0.390440683072332,0.369532725323739,0.385037486500507,0.380557200705509
4836,0.328586876111853,0.297227881218928,0.309906090536861,0.306780547381309
4837,0.16634972790311,0.134730558528661,0.139356493088159,0.139556821997258
4838,0.374938459287381,0.37246500727807,0.374136248425617,0.372855779381013
4839,0.397671867848273,0.363305753944064,0.375286997523684,0.371411200510095
4840,0.383695628341178,0.377563246182501,0.381901640161356,0.381300605334453
4841,0.365934968652354,0.338987095564716,0.349838720377271,0.348931810054625
4842,0.410256155056492,0.389930667620683,0.399952779227369,0.39700447511007
4843,0.386925660542884,0.373322458928494,0.393254072286978,0.392069280300779
4844,0.337328177536065,0.305416446849535,0.314893904255645,0.312005498635825
4845,0.370607545024405,0.36735232639777,0.368822317694864,0.368469327234043
4846,0.258452508167911,0.237652058816595,0.2522750181591,0.25040730589824
4847,0.32019289684831,0.294165824662777,0.306005262413514,0.303105899311577
4848,0.382326985386135,0.367229645708728,0.374801738126185,0.37288502862277
4849,0.378821961909775,0.367766088091832,0.371491746669232,0.371333948184537
4850,0.360877763745184,0.353638873581851,0.35459849781951,0.354370373677713
4851,0.279249728861824,0.255754890277734,0.265459742025897,0.262921777874841
4852,0.372310679265367,0.369915074638582,0.388319641787178,0.383843814082077
4853,0.357584280617185,0.34917622998771,0.349642866742344,0.34936386369713
4854,0.371355334102952,0.34490330903447,0.358212745184266,0.354530013268369
4855,0.64162095770155,0.599812444068719,0.618687097612967,0.61358002141412
4856,0.418473662636773,0.396062931364152,0.412376235824636,0.407872841012893
4857,0.286235604174541,0.254904075590425,0.268043206716123,0.26537951578483
4858,0.385514222137757,0.385219920964125,0.385377115148552,0.384916287449096
4859,0.353760705965684,0.323061366657342,0.337521826457581,0.333902140654585
4860,0.388721253358743,0.375958103172745,0.38711427068981,0.383920015877101
4861,0.393837784975354,0.389903268782989,0.391662650249513,0.391341575221647
4862,0.385728809158471,0.37993096559266,0.380509763451121,0.380335482038172
4863,0.376202004955849,0.37539309317236,0.377251365967812,0.377001620587896
4864,0.317760336093206,0.294819233435773,0.295680441640593,0.294780055541818
4865,0.434371447402304,0.400455475640012,0.416963987047374,0.412900674837202
4866,0.240212958948797,0.218334656229574,0.227679781758458,0.22536277261299
4867,0.344557752844945,0.332609137489496,0.335638557951935,0.331128167474014
4868,0.375598406920637,0.342098128287085,0.356341483795379,0.352769881566937
4869,0.488688944489442,0.462955784601205,0.472409758824548,0.472235739463188
4870,0.357498884550962,0.349136115273591,0.353196257535255,0.352231657933543
4871,0.37780594767754,0.37776643609893,0.377772848968569,0.377726236913611
4872,0.353758450391307,0.344900330626924,0.348828448615901,0.347812753802223
4873,0.373033889073857,0.363128181466188,0.382152877752896,0.378739475081829
4874,0.240019553205953,0.211558903438434,0.222132417974807,0.223372392024625
4875,0.15183141811734,0.148054742029108,0.148792356043453,0.148327048624694
4876,0.390835040474814,0.3784630943843,0.382421108140943,0.381865058882111
4877,0.44531188615933,0.406875705438879,0.413025310888838,0.41302008305549
4878,0.371511217133698,0.369165943431734,0.370561228014803,0.37050331933549
4879,0.296767975291995,0.284148836580098,0.284895419147088,0.284888013581947
4880,0.265354987139092,0.253052021295684,0.261167728191259,0.259944723479316
4881,0.375222433200651,0.374325820527477,0.379834542993801,0.378288356169605
4882,0.299532906306054,0.270242035329481,0.283320327753601,0.280125008414045
4883,0.134953512080137,0.103709404944831,0.105075572814027,0.104724391055024
4884,0.37432193095514,0.370073179455121,0.371345021284167,0.370732265030992
4885,0.147175986242194,0.119166991313969,0.124631316036765,0.123286376456215
4886,0.148236410835137,0.119258730197875,0.123467751469099,0.123587181178547
4887,0.29752679519592,0.281408626534087,0.283582823181581,0.283282023753252
4888,0.223434247729461,0.201847864804166,0.211794603107616,0.209582714547056
4889,0.31103208236342,0.287565071479641,0.294806751724939,0.292555816401322
4890,0.178522073851226,0.157242037782623,0.164212256574351,0.162478000731268
4891,0.37738943011628,0.366768244044304,0.370057276735233,0.369800307074799
4892,0.392118875465972,0.382822596000245,0.387116073304179,0.386530216079242
4893,0.378904797277736,0.377126075303287,0.377184876702546,0.376939803100357
4894,0.100216449357211,0.0663334048077275,0.0606304056693516,0.0606273726112225
4895,0.374645203544775,0.3713673447954,0.38621965712923,0.382262675231748
4896,0.428258459132874,0.398411501227931,0.409971516070688,0.406848670297962
4897,0.407200354347122,0.38783727704986,0.388452987071547,0.388145587107354
4898,0.394750457477854,0.380299564207221,0.397105693788394,0.392536084868328
4899,0.388026942765089,0.375429485498347,0.381068335594248,0.375198634847182
4900,0.269910890844886,0.249458548009147,0.258372241754652,0.25517337687583
4901,0.309237071401631,0.288395538253587,0.297985653965007,0.295263620207225
4902,0.297626222269704,0.2716675875844,0.283120422118335,0.280372013998743
4903,0.380036555054983,0.343297167232192,0.358633784007783,0.354597569559326
4904,0.228576284524878,0.198968348713938,0.208492193584773,0.207525760475029
4905,0.324844830328597,0.2942308220143,0.308310029887225,0.305049777468408
4906,0.413709550500929,0.396859855465979,0.404283830114067,0.402300041117453
4907,0.37803223849834,0.370468322308433,0.374002452383271,0.373652566036136
4908,0.36514651054344,0.334999767189564,0.3503295071483,0.347409541877733
4909,0.351279945826964,0.322023266244902,0.332505377811445,0.330948407247801
4910,0.377450979992087,0.377226269787881,0.377283191334875,0.379076547521599
4911,0.397837250167986,0.380497729788764,0.400503800681379,0.396951093531618
4912,0.378032358733226,0.37785599040501,0.377877200070234,0.376213097959895
4913,0.251402633839097,0.229758821228724,0.239360890361173,0.23566484488717
4914,0.362775749233779,0.358367322547786,0.359189676519254,0.359154735132614
4915,0.36089144048455,0.345412289642828,0.351645391521654,0.350039547642272
4916,0.3081880693785,0.286141096118821,0.296049252085254,0.293566433759922
4917,0.356905635470107,0.337747150329156,0.354488603736955,0.3510304330712
4918,0.353744324888704,0.334420023792693,0.342580520299488,0.340379754137399
4919,0.346042184832643,0.33379897064899,0.337520610103818,0.336788987412986
4920,0.381803089623987,0.371520535436989,0.374480570938617,0.373521795362542
4921,0.345165873373335,0.33453076516059,0.339005114703514,0.337823227250144
4922,0.366921835757715,0.335706677412565,0.339180819220994,0.338140197483965
4923,0.378165653965227,0.377222429760546,0.377542635461893,0.377563691023559
4924,0.398911715071357,0.386696034092604,0.393279097402985,0.391548609892952
4925,0.385974019134757,0.38334736018293,0.383794188154952,0.383597382820579
4926,0.182911583370614,0.158630654939493,0.166885291308426,0.16547842063489
4927,0.36002753457158,0.34160003682267,0.349440379756791,0.347229127854571
4928,0.244784378729658,0.222213089895858,0.232186999723732,0.229776001155453
4929,0.411526139043467,0.382644839236462,0.395581973757154,0.392059571108911
4930,0.374662911436464,0.330922876076168,0.345047815277788,0.342272284797101
4931,0.411156059677147,0.395663648534955,0.396386430869254,0.396278191653942
4932,0.377450930055503,0.375753173642876,0.377924363840028,0.377405169512319
4933,0.378308975605228,0.3722453550823,0.375058808378823,0.374649110687041
4934,0.373716217258044,0.369508198268653,0.370181623995712,0.369185215978946
4935,0.380823003993079,0.37817851243919,0.395778114474008,0.392287057713504
4936,0.381811972335075,0.372875354413277,0.386638831222207,0.383102985173651
4937,0.376633975838589,0.373078498925924,0.37606672651534,0.375395660066679
4938,0.376758279947258,0.371823481972546,0.376065294748935,0.375054224324424
4939,0.309529012925603,0.291637944904075,0.29606117352033,0.294729081370294
4940,0.381167983709142,0.364685263978535,0.380241863674983,0.375815181861722
4941,0.339241227668848,0.314943734768651,0.326540411228677,0.322428653373095
4942,0.48098199882959,0.442908707876015,0.448971772653521,0.448874312426319
4943,0.393727789415372,0.374400009375745,0.383104665111533,0.381008425884626
4944,0.345091777819911,0.33546150462273,0.351309198159728,0.348697382369548
4945,0.347604772909148,0.333675908731254,0.334797550229866,0.334508055663207
4946,0.381728831723065,0.380657339656148,0.381151875936962,0.381033545059668
4947,0.254749522058201,0.226633824356559,0.239069268921615,0.236803377636721
4948,0.176253139843783,0.146404564446081,0.152498563402099,0.152505345553517
4949,0.378082721902975,0.333988057937591,0.347388449678028,0.343784321767815
4950,0.203353208174017,0.177203681170965,0.186551451075717,0.186250327932125
4951,0.373035585410007,0.327342768996154,0.334638046236561,0.334408418345789
4952,0.403061970688761,0.390416855778442,0.395591670678172,0.39417649498721
4953,0.444390938050074,0.408250024641874,0.424576247748745,0.420351665977168
4954,0.361969036910675,0.342544080135144,0.354251443585117,0.351260518700239
4955,0.378601562846273,0.378139679312558,0.379017283835116,0.378872240359522
4956,0.376945806395526,0.376582038121746,0.396196988848278,0.39225745216591
4957,0.354090866967928,0.346051779395473,0.348153145460495,0.348658303340504
4958,0.376234628126923,0.375893608675374,0.376001734289875,0.375856981365758
4959,0.371075641182381,0.357001186754422,0.376274446839041,0.372617255434142
4960,0.245344589872712,0.217194251308825,0.228525512468716,0.226338740359347
4961,0.379845854555352,0.376929250590538,0.380275206588687,0.379322630282458
4962,0.334112516248881,0.321303235579119,0.322725425814761,0.321392902162531
4963,0.417137786821904,0.390805575980407,0.408207227444769,0.403877463738416
4964,0.384108170082305,0.378225322841748,0.381275696402958,0.380928329269376
4965,0.378859565280913,0.372986728014642,0.375563633633016,0.375183507451365
4966,0.377376791755492,0.376881508415384,0.377820307453735,0.377286190263615
4967,0.405382688445037,0.374514281336249,0.388524799665845,0.384912453334365
4968,0.19550656993192,0.165792413201931,0.173774177669312,0.173145891099819
4969,0.371558195379674,0.35777087767484,0.363865742854077,0.362238128875439
4970,0.377834080419845,0.376350521042621,0.394157170931372,0.389547898867282
4971,0.345702761501031,0.311726849945068,0.326528527249131,0.323016697494514
4972,0.154151957551423,0.124612483478704,0.129629277181802,0.13021712943033
4973,0.366053466582928,0.365325063051279,0.365668476042446,0.365697227768075
4974,0.392821698036934,0.37842429403118,0.385407757254446,0.383041819121646
4975,0.377608696875367,0.375246402148773,0.39312996306519,0.389190976375572
4976,0.278553208676979,0.250876449567792,0.253873022419899,0.253228072142249
4977,0.387518414816013,0.366020565948317,0.37387688592737,0.371707816859442
4978,0.384389655871146,0.377187525631018,0.38030683882513,0.379932940566183
4979,0.376470671946109,0.37582434825898,0.376557874066243,0.376399865465014
4980,0.114718762458441,0.11468622283961,0.114722079230401,0.11444483993375
4981,0.433654494998028,0.424518309102826,0.42621972732992,0.426484738217809
4982,0.356935784678501,0.338494970324901,0.344471744431699,0.342603710548179
4983,0.286671706137469,0.257097972129067,0.270052001366091,0.267045575396434
4984,0.378661786415392,0.377292963665419,0.377439841874299,0.377366491792069
4985,0.330863190991412,0.327769993939261,0.333651672489513,0.330461311102324
4986,0.300143079793796,0.273163499051949,0.285857767266105,0.284005936632523
4987,0.255096377866176,0.228497390838239,0.239666306644755,0.239681349337607
4988,0.403159746806035,0.381905797794985,0.391946175840265,0.389461664452914
4989,0.384292467167039,0.36798645672675,0.378930328902135,0.378577952767945
4990,0.33770149959205,0.316598777657806,0.327991709437949,0.32395228959523
4991,0.380675635104945,0.350847235132426,0.366482539926287,0.362652430251948
4992,0.376774027157433,0.37271052154235,0.374694593298198,0.374117625819472
4993,0.382521240831965,0.377607229782017,0.380602256167316,0.372809229134709
4994,0.309625914960329,0.291037181602852,0.291281995337939,0.287526479590171
4995,0.378883326343316,0.359746596194204,0.373916957697822,0.373610391221706
4996,0.301509541250036,0.278839884530943,0.279345035808504,0.279019399033939
4997,0.42856180719741,0.419265628033642,0.439260579356315,0.434837536098513
4998,0.422437055936746,0.385789098286613,0.402759688664487,0.398610412861976
4999,0.414359938847224,0.398081974674301,0.406072455027439,0.404046147427804
5000,0.383312338485727,0.3695787219807,0.371906870652064,0.367516913093615
5001,0.380856858506172,0.368224203479529,0.376052263071572,0.375906411375277
5002,0.221749975285665,0.201483066666433,0.2026285740344,0.202552263268397
5003,0.389644550840423,0.386243027123237,0.397940131274793,0.395101697984974
5004,0.388102379647676,0.354261105566278,0.364720455394885,0.359920627964634
5005,0.48101494375145,0.441883231409127,0.460124837008868,0.455339463228109
5006,0.362139829059993,0.356487196272549,0.357314235140849,0.357009400139282
5007,0.240755465962811,0.223148923183224,0.223915802024565,0.22340278292176
5008,0.377780058755377,0.377665466466963,0.383740793097091,0.37894262805064
5009,0.275513330840106,0.273778911701219,0.283090706541197,0.280883539977351
5010,0.369835336487859,0.352124528761502,0.352124619126704,0.352124580969838
5011,0.383828034075054,0.37174426848287,0.37666116846034,0.375582087705409
5012,0.258783556338031,0.232037510035241,0.238503147201419,0.236118565415671
5013,0.309692465855125,0.280616039854006,0.293392534678264,0.290314443035953
5014,0.300162073500298,0.272294540858988,0.285373097618745,0.282716476540262
5015,0.365726541566972,0.362382713734753,0.363963033396239,0.364150292875779
5016,0.315672722306219,0.290074933793986,0.302118640177,0.299134597990998
5017,0.237384624959313,0.212821387019419,0.226314845256441,0.224944915736892
5018,0.379661709438546,0.377669968838757,0.378855376624334,0.378209289604596
5019,0.374216825806559,0.352273622102988,0.361076503852542,0.355038821917775
5020,0.385872963010305,0.384408325655586,0.384588692895574,0.381066128126639
5021,0.38071450620061,0.379629770186442,0.379903368414415,0.3799453313179
5022,0.380157965320514,0.379404437030546,0.379610392131439,0.379358276889239
5023,0.244276257160596,0.221113239271189,0.236061450873934,0.234457287125519
5024,0.368164140795725,0.354341578378895,0.35519914956085,0.354960046264541
5025,0.378261387786094,0.372129258378923,0.373051014845246,0.368733668427986
5026,0.347729904108248,0.317042095404203,0.330850200094862,0.327383435256343
5027,0.37930096378226,0.376006918722342,0.386900304868641,0.382515762152702
5028,0.399344308266636,0.363445128653784,0.376344090590536,0.372567723096925
5029,0.293544884106678,0.280257441584191,0.280897856634392,0.279456664698186
5030,0.148716531354927,0.131813602580193,0.132389273309753,0.132626241781297
5031,0.391199804240082,0.380843509506919,0.382169175696849,0.382055597437768
5032,0.372868329490086,0.352719923117386,0.361731699928969,0.359414454518124
5033,0.401514890855849,0.379417687342177,0.390369276314802,0.387294113173235
5034,0.276235170419668,0.258051832899818,0.266988352482159,0.264475419736266
5035,0.40009816908164,0.391406763992414,0.393594684588897,0.39180519871994
5036,0.240707708412538,0.211157050302617,0.219387860415082,0.217133109293913
5037,0.346381283695445,0.346371726375491,0.346372152779813,0.346371269629757
5038,0.411678126222439,0.379845557523558,0.392291236775115,0.389487549584515
5039,0.352415251048023,0.344593125994713,0.346049868265706,0.345967185676087
5040,0.369723163037238,0.365110397051212,0.367461095912741,0.366376525224519
5041,0.377134726833082,0.37643963809447,0.377103556603653,0.376951539723955
5042,0.305962543333896,0.273665796668229,0.271796726609094,0.271723884854317
5043,0.388229873785793,0.353639630318404,0.369253967671043,0.36539314174065
5044,0.323456427441502,0.304670618612985,0.313978572356732,0.31361919264301
5045,0.405281756200166,0.369554512257638,0.368375654169028,0.36802710246707
5046,0.357262527591787,0.347618401949563,0.348980833198687,0.347568296494611
5047,0.47274117555256,0.432743904147472,0.442213389654367,0.439608579623048
5048,0.305151446409033,0.285067338257652,0.302626170599747,0.299798543799217
5049,0.636318997249892,0.595881350616995,0.614619666095976,0.609203775755868
5050,0.28579584407096,0.284748107711448,0.285344350536271,0.285143558991413
5051,0.376746874239613,0.376479685386578,0.376872001097709,0.377091992677157
5052,0.198114996580949,0.166693424004169,0.167158387571832,0.164328079844066
5053,0.240291666425976,0.212922494424823,0.223734863397509,0.22165589794051
5054,0.382571841880694,0.376908462831943,0.38687059547402,0.383835837880072
5055,0.278678903756686,0.248392118374056,0.260989257858106,0.258546133217529
5056,0.373036452161248,0.368728442929043,0.371230824099495,0.37076749167274
5057,0.399115852739457,0.3915104097498,0.39165766803551,0.391496917940455
5058,0.376143728388784,0.371939031669407,0.37427927979093,0.373244385740215
5059,0.386672310711296,0.364112901044299,0.380254576981378,0.376004736124184
5060,0.37241557718495,0.352158691481118,0.368326464476447,0.364376943876173
5061,0.373453021445741,0.349668929338534,0.364596999711931,0.36097415884062
5062,0.259700922923466,0.24728924923318,0.24751500165329,0.246863904807519
5063,0.17873497063517,0.166594840200688,0.173338751202424,0.170724655513647
5064,0.410007627131405,0.402784187918429,0.406387525409633,0.405797636167939
5065,0.377233488666232,0.356704504293246,0.3619576820619,0.36109754627577
5066,0.196739043889063,0.172679176856445,0.178709447986619,0.176822842358358
5067,0.387897757146399,0.375192457075472,0.38680132744039,0.383305857439199
5068,0.38554981577653,0.382224445937908,0.382659286392652,0.378021731917246
5069,0.423285724029592,0.421813829330546,0.42248291764206,0.42248774559892
5070,0.37409786465558,0.364798990519029,0.368811589630903,0.367808244332104
5071,0.377609684155954,0.37678597472704,0.377051065824766,0.376969848971932
5072,0.228131801340177,0.20301792834801,0.213814371335203,0.212274972778134
5073,0.377252786562918,0.357060630660896,0.373482245524616,0.369534529391105
5074,0.375879803415664,0.370325361931279,0.37620035670416,0.37496859551898
5075,0.442883620904104,0.423840464657694,0.43179181090958,0.429838117245035
5076,0.390845175770148,0.377230266387128,0.384207524656719,0.376987614273758
5077,0.378122844624278,0.366637892967186,0.368326946181028,0.367704612092123
5078,0.264951798619759,0.233297574782272,0.244267007201321,0.242233378985961
5079,0.393436753524926,0.387281727265732,0.390551734010029,0.386623001669264
5080,0.376810098867753,0.370867545594328,0.378570674267574,0.377916379002768
5081,0.38049316296766,0.380061356231336,0.380116972683567,0.381915768415314
5082,0.426782220966683,0.396774671005618,0.409568799356733,0.406151984514381
5083,0.374083619323762,0.370216163899341,0.370542201098936,0.370110498976612
5084,0.397382743161044,0.391466074327661,0.393833046635978,0.393273464939579
5085,0.374466350826556,0.371123700260726,0.372946831387466,0.372351250900726
5086,0.363608321115355,0.359488511610323,0.359581536694566,0.358411738015652
5087,0.271088113730483,0.242651501770662,0.256597604067114,0.254924706269545
5088,0.31836509554856,0.289198184053386,0.303159265382986,0.299687930416137
5089,0.442259884188847,0.416938645437841,0.429181011174404,0.431026705026292
5090,0.37740167548952,0.358992910357938,0.360091232868155,0.357307359485116
5091,0.338742017686433,0.329539728524499,0.33274474588115,0.331814999286755
5092,0.377720085446938,0.373534767322707,0.375627388919164,0.375206010582582
5093,0.388067202658357,0.382457849256615,0.386443761923264,0.381300608547158
5094,0.171976117626152,0.145689366196446,0.152319971096175,0.151912700754985
5095,0.335686606299944,0.320083412105099,0.327389705818637,0.326624206337602
5096,0.358761311792918,0.323553514445825,0.337993318929846,0.334367143619684
5097,0.29648585237422,0.283967896331506,0.288931612225439,0.287693665659514
5098,0.311608009081776,0.286528052802441,0.298023336915284,0.295071341825934
5099,0.338736843543262,0.309999597137294,0.32604045084996,0.322822968127316
5100,0.225278250332282,0.212844532504426,0.216945652056276,0.216005234437356
5101,0.361728483595338,0.352219592193207,0.35655700960794,0.356150384512772
5102,0.32459739837134,0.297125903233299,0.311071338473122,0.307694185272956
5103,0.377818097610442,0.373923644534642,0.376228255922942,0.375880377299717
5104,0.377739291182145,0.377050528689089,0.377623458368672,0.37755856095187
5105,0.375418621047812,0.374195577709239,0.374297554843372,0.374290180797316
5106,0.277940110038846,0.254870192840648,0.263925617713867,0.260054596490263
5107,0.310678832321721,0.27968344316639,0.279734227236702,0.279274062671402
5108,0.379454923217926,0.374884573540543,0.377138470940204,0.371909517936088
5109,0.292894435583371,0.263362079661754,0.267096030939774,0.26706293657102
5110,0.39832121766107,0.39066190294398,0.407000191410201,0.40192273812583
5111,0.361558256870569,0.327261688430842,0.337236095724463,0.333489852497973
5112,0.279816687017391,0.250228360037733,0.264310378742794,0.26202782052768
5113,0.222255385288387,0.217004207591182,0.21745603996193,0.216591072238888
5114,0.319211479292349,0.314776780989556,0.321698705850377,0.319929997284104
5115,0.347140239859667,0.327289195191158,0.335487165248932,0.331701051791399
5116,0.377774827790417,0.376717139778388,0.39471545147467,0.389696402934934
5117,0.424242776170065,0.387052941301343,0.40396912347173,0.399754490310677
5118,0.159162106875696,0.148155918903308,0.149777973935013,0.149665952351576
5119,0.386014832005878,0.383852696178911,0.38424432426361,0.383993604739216
5120,0.328234490202169,0.30239652119373,0.314547494170131,0.311452263457564
5121,0.380572808164191,0.378586563594834,0.379489763801591,0.379182170991249
5122,0.353042361151644,0.32011438404356,0.330575994673172,0.327633309655335
5123,0.251844890938596,0.22238041432315,0.2337741171158,0.232497029774496
5124,0.319977382558558,0.292725604895478,0.303396095603634,0.300008331979078
5125,0.373295158304648,0.338938393404473,0.354422583381013,0.350791022922781
5126,0.390637214570455,0.377710224720232,0.379692861919544,0.377336793204804
5127,0.3749347052797,0.374104904589099,0.374528629864904,0.374258129597224
5128,0.347864170688168,0.336809839279737,0.34179509622934,0.340541206387697
5129,0.422477760977212,0.385631003433635,0.402771120223724,0.398555530381791
5130,0.382200496044055,0.373946319959274,0.377332974987867,0.376527962953057
5131,0.31156641508051,0.291591208716567,0.300098445252923,0.297746718438318
5132,0.395704480894296,0.359510182628995,0.364625850697156,0.362617311885137
5133,0.322768508859437,0.292306286939972,0.304131373063267,0.301651192578465
5134,0.341173742363968,0.321053308059591,0.330334509755155,0.329281644977295
5135,0.392520509178079,0.384692730351013,0.388887098519019,0.388449863061718
5136,0.416612715574751,0.393860021812595,0.405797210871742,0.402163157535749
5137,0.363541196825952,0.347012606619408,0.360407186053538,0.357630553761352
5138,0.384308302528746,0.368881393692061,0.376032496856931,0.374006076191965
5139,0.398170646493192,0.375673295758844,0.387238840356678,0.384047280326366
5140,0.377746035748721,0.353115966585575,0.363475822678912,0.358708387864971
5141,0.382776737186833,0.378730775463549,0.380160205372,0.37979137862887
5142,0.491048036966028,0.470751933394853,0.47378425745006,0.472826022211127
5143,0.348377233675111,0.340899929195879,0.343870180038746,0.3437511371718
5144,0.242160269410177,0.240558928502534,0.24189415544351,0.238104055351539
5145,0.379802308192027,0.354406869449541,0.371918892217459,0.369072668574326
5146,0.134292062112048,0.113264595046318,0.11380937634623,0.113745887220667
5147,0.36476356447956,0.357363813602209,0.360237550784909,0.359540329793242
5148,0.37387393769623,0.367293807486356,0.370227893866271,0.36955530329592
5149,0.377349481455924,0.375415433507791,0.376298348930976,0.376121750745812
5150,0.389627691136876,0.385513624277933,0.38733173200769,0.387112562063273
5151,0.374661796024701,0.373607369572698,0.374078441269272,0.373969912183624
5152,0.287422062569298,0.261065889373845,0.27120720295561,0.268463105464616
5153,0.407856906209225,0.392372496272578,0.406442346592161,0.403218048262182
5154,0.375078618575917,0.37333906030534,0.374296453906987,0.374076493324257
5155,0.425981007859569,0.401511992349105,0.412991617012853,0.40865794708686
5156,0.230433333889714,0.203016079927493,0.21421753676306,0.213271175219253
5157,0.412742450614304,0.3895075705906,0.394465668525216,0.39455888080753
5158,0.428479296126119,0.415941618337691,0.419345999552869,0.418677577531551
5159,0.386557663904079,0.385276426972389,0.385256629073389,0.384678608327415
5160,0.349599596904096,0.34888289727933,0.349087375315857,0.349038573028197
5161,0.377379691785341,0.373432758370595,0.375458061402246,0.374927220249239
5162,0.300153389880162,0.273714201242245,0.285734709529786,0.284226738570451
5163,0.376901421886008,0.370552964881913,0.37352344059311,0.373005444157101
5164,0.382332679535315,0.360851453915783,0.365654739379579,0.364513670910893
5165,0.348060074374922,0.319502101508496,0.331883709073281,0.328633446123129
5166,0.507118753138764,0.484831501407894,0.494105538702687,0.4890775160588
5167,0.270956203736132,0.239269645939583,0.251670201179439,0.249500807164981
5168,0.378504487431,0.375768456059498,0.377093416828484,0.376729692027073
5169,0.378464131742841,0.378344039758215,0.37839917871588,0.37831458308318
5170,0.335300158934155,0.321668721172358,0.327712159437142,0.326133402502348
5171,0.390782575936367,0.362538732337118,0.374191997944947,0.370742233743921
5172,0.368342703066246,0.358520405187014,0.362821153453573,0.361504955925097
5173,0.458611772225597,0.439423703697573,0.442474015204098,0.441553643612539
5174,0.378260006226522,0.37592470441921,0.379170249322674,0.373385131042665
5175,0.170757194727872,0.15157949722621,0.156829279712103,0.155563693005692
5176,0.381834188637539,0.34433441316154,0.360881932500253,0.357644647885792
5177,0.377446058332241,0.367434741352563,0.386401098748322,0.382038464894609
5178,0.276651130796552,0.247253347935992,0.260010885688073,0.259952262162914
5179,0.336214482343119,0.319894315157492,0.327178797780948,0.325190664183207
5180,0.431699523894497,0.397682028970611,0.411826755048792,0.408088984569558
5181,0.399888362691327,0.39097948683449,0.394679959194953,0.393879639761517
5182,0.123528126378859,0.0913850716829422,0.0907661194858268,0.0907622837902811
5183,0.364921746328254,0.351419685869932,0.357119739419178,0.356310543193369
5184,0.330943030791136,0.301957754552703,0.314573205863018,0.311435057083281
5185,0.266529668095715,0.242582171648736,0.253154018822191,0.250581244972849
5186,0.398466477279316,0.368920713183231,0.383992909253946,0.379012067860208
5187,0.258524451241934,0.234900932933509,0.245464011064867,0.242919833974865
5188,0.250656717026492,0.226427632591463,0.237521506863433,0.235220993017324
5189,0.178780917546548,0.163149208612235,0.166290189528067,0.164933121760901
5190,0.363705518847589,0.33825386975608,0.341650365953263,0.337309737367695
5191,0.379683686377193,0.375580595748762,0.37733266064298,0.376947373072318
5192,0.463009118250725,0.443900694583947,0.453198359987134,0.450910639029433
5193,0.386588627987113,0.353817775009354,0.368974674512613,0.365196550074076
5194,0.375961254075444,0.374335244686209,0.37506203992264,0.37489133801509
5195,0.378374250031326,0.377697194139318,0.39743443502767,0.393188777945414
5196,0.114609415910028,0.110916594410151,0.114391146974088,0.114357551476975
5197,0.26749534556267,0.239075891788224,0.242160483486527,0.241569646661425
5198,0.37805314652655,0.377910495603828,0.377973010160995,0.377959303801206
5199,0.370522486808104,0.370201972675846,0.370873400519128,0.370664680530035
5200,0.401089356584194,0.373650473400579,0.388060656212172,0.385186522957356
5201,0.248197035462009,0.223316521715836,0.233741939258311,0.231205387351125
5202,0.482598408961706,0.443222534020772,0.461491440444234,0.456919095197905
5203,0.378342582612078,0.377879063397448,0.378086965743985,0.372946672567742
5204,0.378790296409661,0.369673068321141,0.373647168062133,0.373670644890199
5205,0.42687745582171,0.402714215528821,0.417169964578146,0.413544341784635
5206,0.375010229966409,0.371534934350285,0.373294605988525,0.372321248138293
5207,0.376756476787085,0.369093921292687,0.372704841465526,0.371907387025916
5208,0.192152964013942,0.163622088492724,0.167201029715954,0.165740389332533
5209,0.182856138018475,0.162440042422707,0.16861563553899,0.167623621367858
5210,0.136182845431335,0.102724006239112,0.103011151066679,0.103459918495675
5211,0.436833079000796,0.408694217207966,0.421615740920445,0.418268627244866
5212,0.375414977473575,0.374565464100725,0.375022783485866,0.374939015737819
5213,0.388066365724638,0.384873940188282,0.385108755920037,0.384781774040936
5214,0.222844831511466,0.19329549400366,0.203009295336216,0.201284830839806
5215,0.433195723787845,0.423999575365393,0.424869510989511,0.424073996142909
5216,0.380082360121119,0.377768060147211,0.377973359307518,0.377690792584889
5217,0.377160308815651,0.375396153678313,0.381102302863991,0.380296594973723
5218,0.428202999135592,0.393223822942715,0.401124551262788,0.400459362944041
5219,0.379440475768087,0.377937876754168,0.378417798257452,0.378410253591554
5220,0.376690183191889,0.37115116392271,0.373251786317702,0.369446631654476
5221,0.400814785449062,0.366840451011287,0.382471144411029,0.378213399343652
5222,0.266871304259536,0.242825534980424,0.244533528544687,0.244046904796361
5223,0.369437923356517,0.360693427729279,0.363026566727448,0.361916224974744
5224,0.370486680587441,0.366510849313013,0.368219262725607,0.368223599429905
5225,0.437030287518707,0.412133333260611,0.424147501865807,0.420497135229147
5226,0.368491483071763,0.364032263685255,0.366605838612579,0.364059676396955
5227,0.378860701308261,0.376921443402613,0.378084730909642,0.377886782403774
5228,0.377810236696467,0.36452806043246,0.380280826201632,0.376182884418864
5229,0.11088207177616,0.104177599962869,0.104255879033662,0.104249687730425
5230,0.377306307036795,0.376930919094194,0.377021558114171,0.377057839237134
5231,0.379379381503115,0.377167554873158,0.378463117144751,0.378155529325696
5232,0.375233454000746,0.351555627381329,0.360474188574787,0.358941209093474
5233,0.412078595782994,0.39339988521743,0.401750676721633,0.399796509251618
5234,0.348673427299865,0.323666425281946,0.332004858156378,0.329159166802643
5235,0.331353107950578,0.31378011887776,0.321191997879758,0.319200180621058
5236,0.311066719721884,0.292847893495391,0.300959962812637,0.298765940782971
5237,0.376794809278657,0.37516008899236,0.378490987984263,0.373268174086645
5238,0.377040794551481,0.343269028131196,0.359370606590267,0.355783789974725
5239,0.22898911170563,0.199263790108722,0.199760612103929,0.199725214854061
5240,0.256503224764223,0.22797289099517,0.236501494147598,0.236510472979651
5241,0.377032659906216,0.36887431054726,0.371438246654145,0.370855646230596
5242,0.392461209150239,0.358832932348881,0.37522607393227,0.371361521070935
5243,0.375635817968226,0.347054478588744,0.360510667779674,0.355943945023945
5244,0.422358768705239,0.38752326135817,0.402342787560554,0.400296841247988
5245,0.441437036366815,0.420802089460885,0.430636412307113,0.426294720348235
5246,0.411777623717353,0.39981806907656,0.403709109214778,0.402646155995902
5247,0.370331701193039,0.366759427565272,0.368534759136095,0.368253614453404
5248,0.4311384555696,0.406617482264151,0.42624035569733,0.421997344540835
5249,0.341249075522103,0.326001357408149,0.326415590326313,0.326432556890098
5250,0.354275427707198,0.320998595676407,0.336296478972994,0.335228293558183
5251,0.258362442452991,0.235818127927956,0.245909334885776,0.243511005552818
5252,0.373671178179206,0.373382922747394,0.3735949656171,0.373185644423207
5253,0.219107811182772,0.188842821428495,0.198375652733801,0.197183952813646
5254,0.485415575158436,0.459020033046559,0.470133700252886,0.469218782757321
5255,0.185484898504499,0.160543053991452,0.168971604017058,0.167576028942083
5256,0.427568944395686,0.424208874250177,0.425956086742674,0.426417347868391
5257,0.369869054042136,0.367292818841734,0.367652324694807,0.362754989757479
5258,0.265643535561238,0.237842876107861,0.25056418387676,0.24815651161694
5259,0.379720948231507,0.379707335829328,0.380672026117498,0.380124102545637
5260,0.375265529448639,0.368688700512989,0.371481368132763,0.370725923572942
5261,0.35898929461575,0.349146042071658,0.356780090653442,0.354718246937723
5262,0.230246097271858,0.200671064468431,0.211023668375105,0.209462961776468
5263,0.35966675468806,0.353270849603721,0.354042636276787,0.353894274195439
5264,0.347853766834808,0.317212232425814,0.331964628116586,0.332849959435998
5265,0.378309413851721,0.357917765034396,0.363743166905874,0.361380171818959
5266,0.355808280926449,0.325202158375518,0.340428888210185,0.336527797245399
5267,0.374720874699961,0.371622693616186,0.373017651382615,0.372679953517243
5268,0.15484446031499,0.146418030008537,0.14727750297682,0.147111421141879
5269,0.432394777324125,0.394989527912594,0.393938095788519,0.393945376371762
5270,0.37763045839605,0.373768464699056,0.376711649331801,0.37608861260952
5271,0.393060005692035,0.361722274080974,0.37563100828146,0.371422172129696
5272,0.266491767632568,0.252302312577529,0.252765447867595,0.252508741865702
5273,0.251669014136583,0.22233258992558,0.234518121434734,0.232709602810588
5274,0.390675175167956,0.36676602171847,0.378563217557732,0.378410759489121
5275,0.36344806942432,0.358865005329555,0.361521778664814,0.361060209044428
5276,0.38663872872258,0.376301003319421,0.38018194262437,0.379045741305337
5277,0.348642656230283,0.333352964715269,0.340222907508266,0.338497052936322
5278,0.376594881139045,0.37482231293235,0.376228669774667,0.376081738534105
5279,0.400481079939872,0.393050607414831,0.395462000985422,0.395012849963575
5280,0.369988229351277,0.366316790634692,0.367662219185786,0.367268928231936
5281,0.386272859647563,0.36033665165851,0.37696537320809,0.373729034417541
5282,0.369585748720062,0.334285817508135,0.350073426631559,0.346446612261381
5283,0.378509717561624,0.378009154073548,0.39451254115876,0.390429663164101
5284,0.268982906510859,0.239459381993307,0.250623284872466,0.247652171880279
5285,0.375347429248691,0.353424208794429,0.372588065104108,0.368571215117495
5286,0.41294984336946,0.402555408550164,0.407198674257179,0.406005498865004
5287,0.378841673586444,0.358761748203163,0.35911126828671,0.356780189800275
5288,0.234849737868754,0.207003079504955,0.217652922313067,0.215674276859447
5289,0.33670089078275,0.323396826671066,0.333317400344292,0.330718377019179
5290,0.194100685498776,0.167700001446242,0.17745836750916,0.176593662101711
5291,0.388090889843206,0.381671689752422,0.384422140872347,0.383803661009117
5292,0.378295686081165,0.373611552534028,0.377633831085286,0.373300371726592
5293,0.266339092352845,0.241694098460492,0.252492507510411,0.249745395294356
5294,0.15084949608475,0.121227842469201,0.125048206610754,0.125502398321424
5295,0.147185554331404,0.116331974656123,0.118492486166544,0.118442834785575
5296,0.388630370513954,0.381673029324652,0.382230427941213,0.382177223745916
5297,0.313057213303219,0.28379903351082,0.296956862597977,0.2938387686439
5298,0.126333861280353,0.104429837096063,0.109627526973281,0.108847666145735
5299,0.377281610436956,0.372616506751929,0.374829048047543,0.3718409281956
5300,0.378074048211362,0.376244108560091,0.377107554585277,0.376938286045246
5301,0.301392360055836,0.291852838171399,0.294404566865107,0.290797081093209
5302,0.341284586774571,0.318919856770073,0.324315904697386,0.324218835525199
5303,0.443164723975632,0.433738188857755,0.441093235849168,0.438996396073104
5304,0.27879671205473,0.247833875019304,0.260722713953958,0.258245935392579
5305,0.402143851955153,0.379078207398425,0.389466579449483,0.386470283441275
5306,0.302157012259126,0.273641587636668,0.287208187533074,0.285744150829952
5307,0.280802372056347,0.249820003467148,0.262885298503954,0.260470460324002
5308,0.245912894832918,0.219885114781782,0.23222544607635,0.229968126885622
5309,0.179522819218458,0.153191051675283,0.16087745981694,0.160207618550925
5310,0.17987798139221,0.154391759122783,0.161774835790066,0.160272500190112
5311,0.384869818404782,0.353022010921117,0.368774532939995,0.365528316491824
5312,0.383216631491649,0.380752386603769,0.382825313755284,0.381588310925685
5313,0.377520738233057,0.376297315920378,0.376838675219925,0.376087271662796
5314,0.388416812554917,0.363570066712594,0.383425118397734,0.380390905205578
5315,0.255706733148392,0.234591938006504,0.244347644736226,0.241826284007528
5316,0.280471205212482,0.250125017443623,0.262867938784662,0.26030245471289
5317,0.300093166932412,0.277888471578898,0.287865381706906,0.28515176198906
5318,0.378575114905435,0.362786672923664,0.379906754695821,0.375832192883631
5319,0.388955852599546,0.388368802549778,0.388971608292172,0.389344654391442
5320,0.169779319624214,0.150273775373577,0.154342831983049,0.154311402504148
5321,0.293735777596143,0.267845841560567,0.279235705005152,0.276494843928414
5322,0.346347182574572,0.34140978589192,0.349700798321189,0.343553401960218
5323,0.219038571604462,0.189066324388566,0.186385772376999,0.18601445598084
5324,0.385695880875415,0.349431390865792,0.365802488879061,0.36477058479114
5325,0.379359670068947,0.378668457374611,0.398279086343229,0.394120279244797
5326,0.371788230399326,0.365564025333743,0.371346280719487,0.370755358482111
5327,0.377329035992901,0.377024226827831,0.37714628926293,0.376434344432169
5328,0.377356792926729,0.376940936287144,0.383122628804341,0.378375675394402
5329,0.363004971943402,0.341422389629542,0.342214588398835,0.341870351612963
5330,0.334896960936417,0.311330524523139,0.324955301144923,0.320635295173825
5331,0.374683081350387,0.372481690272819,0.373100319734065,0.373015945348799
5332,0.337521988551128,0.329852823216114,0.331830785545244,0.331719572612626
5333,0.290490777555887,0.276084289022905,0.279627548417726,0.279442461585886
5334,0.175392322161952,0.144517274185342,0.150024913114879,0.149537108775954
5335,0.352461007518602,0.333178579733678,0.341734962568583,0.337732439178076
5336,0.402735838991587,0.369427842968481,0.38420443662009,0.37864267389903
5337,0.358957784443271,0.352573812896367,0.355785705420151,0.355611089310588
5338,0.372838559989814,0.356020667381184,0.363991617223512,0.361769690986603
5339,0.430902893383962,0.400013814925784,0.416429667003237,0.412184502728838
5340,0.380852381642311,0.369552770046829,0.373867992300161,0.372648524070813
5341,0.376601235679853,0.376154114527016,0.376563483714892,0.376507196046888
5342,0.372325100574253,0.343454641679769,0.356442243011076,0.354610837777119
5343,0.377209299962845,0.375033377836636,0.375783939783916,0.375606395539112
5344,0.309220710107026,0.278014391668947,0.29179733600631,0.28875387738737
5345,0.355456493484816,0.328137569176168,0.341757973159382,0.337453005490044
5346,0.326655121065863,0.325186376334193,0.325397596177692,0.325025230888076
5347,0.352601620819192,0.343354504122481,0.348578188623965,0.347688200445381
5348,0.337738979401782,0.305334909455264,0.319682037177469,0.315943535629722
5349,0.453031607983808,0.429226772089124,0.439508840313306,0.43661149648888
5350,0.475347096960692,0.434469850427278,0.452159600051595,0.448219122259106
5351,0.378809487406396,0.378321223285117,0.379311599123474,0.378083009706454
5352,0.389451527530763,0.378535247335353,0.385396488482871,0.384403294425067
5353,0.39880061717962,0.377787490234982,0.387158896766559,0.384641326429241
5354,0.376101631341724,0.375588965103297,0.375826744073364,0.371703009673746
5355,0.225831357379865,0.197495088041753,0.206893328510306,0.204917713446637
5356,0.377925413957449,0.377910222946747,0.385808482897242,0.381218884157417
5357,0.295289889479475,0.271505721674837,0.282847029275146,0.279779763630918
5358,0.39650614856871,0.390569614003315,0.392672145609189,0.388044669093127
5359,0.281744958489976,0.268945858330438,0.275324320711741,0.273594274202519
5360,0.50313616847809,0.472348954721649,0.487590117938793,0.483958116668743
5361,0.164707194860752,0.145744154864872,0.153678850105391,0.152188115178103
5362,0.392354850675306,0.388314660417581,0.389977184042372,0.390168361281586
5363,0.385894137094092,0.351366476054425,0.367622892587602,0.363584826649274
5364,0.423393956536568,0.40469547526885,0.41601208223619,0.413045666156499
5365,0.389733635696127,0.388628834559637,0.389720516027131,0.389026850644997
5366,0.330458175388716,0.29695132564009,0.311770040787077,0.308708902769449
5367,0.392047595094824,0.370799086812061,0.373557960501237,0.373225691902927
5368,0.136352297581278,0.119832335944818,0.125509064879829,0.124351680834933
5369,0.323429713682062,0.290129677063157,0.296037217600914,0.293599597977339
5370,0.452635473827045,0.439134477982521,0.44509190456296,0.443504731430933
5371,0.389314466420218,0.353281005734657,0.369632667235624,0.365953382243757
5372,0.371401808596547,0.364544358742128,0.382274468686966,0.378668304759966
5373,0.38957746367537,0.379996820133623,0.384295127357157,0.38319730474394
5374,0.166001014286595,0.135843019883802,0.13663944964337,0.136719916097181
5375,0.215538966275109,0.213598248999659,0.213923834651849,0.213864445776352
5376,0.369054223633542,0.366544557970168,0.367349633456825,0.365770722931114
5377,0.372747410044093,0.369409535696784,0.369440027132782,0.369236179211274
5378,0.311618865986255,0.278998111010411,0.293075471720609,0.290136628446078
5379,0.381583807242438,0.37749326817059,0.384452117423937,0.381826550796099
5380,0.225442358421367,0.202456933306841,0.212466089965586,0.210389415321539
5381,0.175418724020246,0.163402699734948,0.165123854514407,0.165055837012966
5382,0.377201947854651,0.376423256483089,0.377363389101955,0.376449984930014
5383,0.391798460835007,0.388149669285619,0.390977017299366,0.392322563291613
5384,0.336269225248923,0.319669616864094,0.320898707531323,0.320570688584225
5385,0.341189029519725,0.313997737168707,0.32568627012001,0.321994021739207
5386,0.521299990749466,0.497538879169275,0.510235412533633,0.506189890600808
5387,0.37913380886784,0.37890546824246,0.379054415743303,0.3790132989754
5388,0.377687940427644,0.377431019685321,0.377543311337586,0.377518301718276
5389,0.370334913977477,0.350946467434577,0.356715993535765,0.350345375391871
5390,0.361109327692089,0.352677283806409,0.353554647853934,0.352979014728772
5391,0.362507974222132,0.327063831361736,0.342007610733646,0.339185651829506
5392,0.31443259085956,0.291339684868297,0.304960101732431,0.306471404361429
5393,0.352725724469162,0.339371143021068,0.345497395166047,0.343883777392134
5394,0.380120865628288,0.375603433936412,0.381243510637233,0.37955775253814
5395,0.486524511364434,0.449780214902954,0.467043484334053,0.462176586786485
5396,0.301608648068542,0.279076397596931,0.290216735266644,0.287379574849132
5397,0.367130374097985,0.357628059543815,0.373198134734636,0.369216306470438
5398,0.41044310371445,0.394174730366857,0.401995521369949,0.399806224365647
5399,0.305288794818458,0.28545397731593,0.293213462310247,0.291144583611186
5400,0.376672892308755,0.372147442744253,0.374343043012974,0.374177339925546
5401,0.365621815618528,0.320180131676479,0.325401243808981,0.322418439333658
5402,0.337237476314429,0.326088777279633,0.329639704683996,0.328837048932573
5403,0.231794402042185,0.209159280660532,0.219084107891326,0.216815426623953
5404,0.291435789862449,0.26916529758299,0.281547085901875,0.277973535549431
5405,0.535232168518135,0.496382676219218,0.51506931357041,0.511399537391319
5406,0.352470727163983,0.347124446357483,0.348860752891081,0.349076965680324
5407,0.176305890076373,0.154267930160928,0.162534622651397,0.161441277226938
5408,0.346918311146319,0.33653528455354,0.338521540959004,0.338611788728283
5409,0.378105375420902,0.36328539001348,0.380513033884065,0.376498086290618
5410,0.379486757388078,0.378396941178129,0.378570289053598,0.378523059840341
5411,0.449796938600267,0.413330008015416,0.431075327687289,0.427014489685129
5412,0.270480240256184,0.243206918483882,0.246853986112812,0.246832627853475
5413,0.39643717287687,0.394040088161725,0.396507939610147,0.3961858422772
5414,0.317092354493844,0.307091789033873,0.309837083419091,0.309901258751509
5415,0.380041741070794,0.379958265558643,0.379986378321413,0.37997406036778
5416,0.275144811523638,0.274823971272887,0.275043823418447,0.27489342736724
5417,0.239644632524931,0.210829586775751,0.222570186919784,0.221401397915423
5418,0.38635162168998,0.385326974421291,0.391961215415388,0.387618647409775
5419,0.406148185355704,0.37843744371013,0.390583404961866,0.390539196869647
5420,0.269917803774232,0.255686478772781,0.255798937105022,0.255644364031005
5421,0.378137980295304,0.376627147250922,0.377974630962109,0.377551740265142
5422,0.380134695816432,0.378728354681406,0.380389692974615,0.377365748023633
5423,0.15445616206494,0.132827008051711,0.13863976606251,0.137130109365494
5424,0.34625084749597,0.320008775946913,0.333190620713735,0.329020554936231
5425,0.381129890542421,0.375126762050566,0.382436097067461,0.378031963914995
5426,0.381170867340743,0.373394059056182,0.381983682007589,0.377337322375424
5427,0.403176022181143,0.367552823046465,0.384253649744215,0.380172170025191
5428,0.225979591117576,0.21486579443161,0.219124335497453,0.218010932346912
5429,0.32643150766134,0.298158300878961,0.310879569179817,0.307951330563511
5430,0.373489731949676,0.371356971316124,0.37770661287769,0.373036580961324
5431,0.393363454682448,0.359865649268205,0.375423975441732,0.371195922038271
5432,0.375698248456873,0.370844920931834,0.372495123386219,0.372182694797267
5433,0.54677540665445,0.515812731314897,0.529363376895204,0.52567539200137
5434,0.387654823394926,0.37179044812847,0.377733623511404,0.376533263106579
5435,0.373801664025133,0.372042100445848,0.392771924844522,0.38846862566313
5436,0.383199792650385,0.381478908651789,0.38298753404613,0.382386311530861
5437,0.185667166162144,0.17017690259906,0.177026952743582,0.175194501997361
5438,0.38247907268977,0.35157333718709,0.365806701010565,0.362160360682776
5439,0.296189849327768,0.27053834120364,0.269872705510493,0.269665784362334
5440,0.187719000751359,0.156859544475457,0.163834824816573,0.1633988811243
5441,0.384274185758333,0.380509701961046,0.382912123138887,0.379291906243513
5442,0.380200102450834,0.378603985412525,0.378930980870873,0.378582577188041
5443,0.348423497920891,0.344985362085513,0.345766375843223,0.345752766680287
5444,0.394691826302342,0.392388199000757,0.392923497180907,0.389042622405556
5445,0.186168154345813,0.18571498950028,0.185764205026671,0.185765800771074
5446,0.364043403819966,0.355152103723751,0.359430593617271,0.358453215510926
5447,0.377631650814215,0.37643066557858,0.378596166250034,0.378015559290864
5448,0.383022381930121,0.380208068900333,0.382183802788316,0.381801439800301
5449,0.206214495184929,0.20500210247219,0.207638494741848,0.207097409901556
5450,0.394436807299002,0.371058059376099,0.372240792636548,0.372271803557406
5451,0.317164843261093,0.291611334897451,0.303139449201237,0.300243864299054
5452,0.373215644842789,0.370900481772456,0.371964684337456,0.371715420239196
5453,0.361451779869531,0.341222394452098,0.350675486423514,0.345964256995921
5454,0.397665018457935,0.364414783430059,0.380599669747567,0.37655240525992
5455,0.378190877842573,0.365323756652621,0.382878181321674,0.380556963154314
5456,0.330151813193542,0.291815692189261,0.306293948737513,0.303558195100305
5457,0.345608768477671,0.335118870526976,0.33950036801103,0.338323939163964
5458,0.438178964390232,0.408425637361046,0.42217841433678,0.418484794788399
5459,0.372849041224416,0.354719309798452,0.363595818217837,0.360872707672976
5460,0.306323832916635,0.300158442405477,0.302672281880891,0.302454906020003
5461,0.409656192526259,0.376762632454368,0.39105586724679,0.385851979207632
5462,0.421064045914228,0.399443876802826,0.40920610652435,0.40666742660696
5463,0.417629941695969,0.391304210008823,0.401608395653669,0.399004143574788
5464,0.375739043728924,0.349846754353282,0.363344739117571,0.358553875470315
5465,0.29877544116465,0.268511777846813,0.281680188963397,0.278766144443633
5466,0.380349702276839,0.369718033410456,0.385245900486144,0.381873094964572
5467,0.39231685320745,0.376268939252556,0.382951117252701,0.381170459453085
5468,0.374180102088617,0.370861967822544,0.372108306047257,0.371749739542231
5469,0.373286072014094,0.33799339807754,0.353693153076823,0.350198763042413
5470,0.497613224208918,0.458301361146889,0.476493643168039,0.471747815306561
5471,0.390957365657252,0.387780002820825,0.390654221976793,0.390705660615627
5472,0.254740139984749,0.224075250858348,0.235987824347115,0.234002945223747
5473,0.411782386904503,0.390907428926178,0.400148395025044,0.395877955945557
5474,0.378760144432015,0.372461576417311,0.375289055787619,0.374587510536669
5475,0.287153468041415,0.260608111332892,0.272591695742583,0.268688843266311
5476,0.435959128115172,0.408681013309394,0.420823017286519,0.41748690970742
5477,0.377347733903842,0.346309697100846,0.360211470829244,0.355793331653989
5478,0.364091210386648,0.319267079617778,0.334531542026831,0.330964941873524
5479,0.376320285740187,0.36361723508363,0.367767408374285,0.367022261133811
5480,0.382985304306794,0.354753342757351,0.366955950774633,0.367278106731187
5481,0.181597879946789,0.156336448482208,0.164478995523105,0.163400983571038
5482,0.404218005510872,0.373594182184132,0.387319224540338,0.384348107775265
5483,0.355311215267296,0.352167632403145,0.353910603768217,0.353031428941073
5484,0.180564097111804,0.154023685282841,0.161463272661453,0.160636481375342
5485,0.376839748427107,0.371339977220617,0.385239069003724,0.38180534213333
5486,0.36218155714007,0.34937414344002,0.356017072411969,0.354515643910806
5487,0.367177853214982,0.365876681562414,0.367773077789515,0.366385704139003
5488,0.307156276579607,0.30700971452078,0.307045492858238,0.307041070471279
5489,0.360913059014652,0.349046499760231,0.353597906350049,0.3522798562431
5490,0.289546387475595,0.266246297010712,0.279940906926812,0.278690813997642
5491,0.382024174952796,0.3361141891266,0.35187948519578,0.348330848506614
5492,0.396193710267287,0.364095737228497,0.380635329289307,0.379504767081513
5493,0.223998603334054,0.199810284529186,0.209604315345044,0.207557800507954
5494,0.377871772678285,0.37439531826716,0.37613580217968,0.367639777533277
5495,0.385019828431182,0.378909722753715,0.385178602637552,0.380701104907128
5496,0.147470950057441,0.13857995780481,0.1485975633686,0.146563512199356
5497,0.413381361696427,0.397427611605176,0.405099289450286,0.399711996583109
5498,0.289532268096535,0.268395196937429,0.278059341448613,0.27529817696372
5499,0.192539272376146,0.162377658424563,0.169501332935306,0.169033275029731
5500,0.379863899050306,0.377821932965389,0.378325592251706,0.378159157081398
5501,0.37981127765463,0.373351408127865,0.374179833045884,0.373600701154027
5502,0.356824255124169,0.345252153158268,0.356965453680449,0.351436770588429
5503,0.214898509265601,0.185953307177735,0.195230678488592,0.193988822404787
5504,0.366342719440632,0.360756585536192,0.363727301589033,0.362768326969816
5505,0.377716641613231,0.377514516307239,0.377585127455364,0.377570920553499
5506,0.239745811735815,0.22585768630867,0.226816960732053,0.227196175191924
5507,0.343250627455585,0.314428817100346,0.327675496759032,0.325122364937654
5508,0.384802702857175,0.384506163066812,0.384648691229205,0.384607340349941
5509,0.375673125575755,0.354454319554454,0.364564029607477,0.365611920112791
5510,0.114247255737634,0.0819502177300138,0.0790010557955489,0.0789565098738396
5511,0.391143804545964,0.383945288985848,0.395133974276702,0.392545535078518
5512,0.38018482009876,0.372459528507389,0.390728731740729,0.386247608838797
5513,0.343810098575869,0.309923684545099,0.325094087772993,0.321847148165737
5514,0.462020214475264,0.42557367280312,0.441763760263094,0.436980303138622
5515,0.183799000998341,0.155333223924624,0.162649683044203,0.162125111169816
5516,0.381650684031453,0.372346954885364,0.378649940513537,0.373597716980609
5517,0.281571572061442,0.254003767466734,0.265750328701966,0.262941405079882
5518,0.35042983595999,0.346471911978297,0.351993402811781,0.349789255139274
5519,0.355469026793752,0.343198296090363,0.349256055701963,0.34787485985497
5520,0.377173269595931,0.377114283363723,0.377138796870472,0.377119257526163
5521,0.383393482005919,0.36969192353816,0.376118357917575,0.371002806394631
5522,0.400673672073366,0.387933101966178,0.393573112350352,0.392110379940401
5523,0.283124838335677,0.257868217716514,0.272975603843041,0.27057905826416
5524,0.378637020884944,0.334302433107643,0.349766561030895,0.346472219434497
5525,0.387538631462933,0.384139049114005,0.390665227609364,0.387904037098784
5526,0.267949224854232,0.238251014082576,0.251501060325849,0.249303210882257
5527,0.38128715161099,0.379535228689856,0.379639490394596,0.381494038994814
5528,0.186694260980589,0.162026476916771,0.170305870436568,0.169600928923814
5529,0.146605945820994,0.114452641651774,0.116661001748472,0.117608932773322
5530,0.375670253771995,0.354824384267549,0.364876754902913,0.361873087215255
5531,0.40362043770731,0.37223090648832,0.38729865790869,0.383132265135146
5532,0.171951438242476,0.14836750461562,0.150308338246623,0.150210214706087
5533,0.173527858293864,0.145218684578861,0.151823426959109,0.15101858556594
5534,0.377846737323433,0.377843002224961,0.377843354533032,0.372633351570068
5535,0.258117892878113,0.257765183101233,0.258020801325248,0.257995301778543
5536,0.246332530216559,0.244941865472657,0.246005216859921,0.245701185473582
5537,0.263787623043694,0.23706896365643,0.241552594366387,0.240064447666264
5538,0.377984413864829,0.377864016978568,0.377974235429596,0.377907105717571
5539,0.370570353558568,0.367349822689107,0.367387647839618,0.366664162519956
5540,0.391365557123057,0.38722251046436,0.388645463106517,0.387727314297145
5541,0.158438350856055,0.153004049719194,0.155092529635613,0.15511676053001
5542,0.355930508676345,0.329278160033934,0.3414904292347,0.337168022314042
5543,0.378228839292216,0.376832670540556,0.37812037875482,0.375896980323874
5544,0.4480627864,0.4175468887265,0.430045571157943,0.425930780812898
5545,0.373536447326531,0.369858962988188,0.384306248629306,0.382926804646451
5546,0.383888270161606,0.381580154586255,0.381928846822445,0.381933709701921
5547,0.38346423575978,0.381924646688373,0.385781067463127,0.385001395511574
5548,0.408252374814059,0.37294937168906,0.386719161070987,0.382354260412873
5549,0.333150937450383,0.300073179564567,0.314361949434998,0.310991305678224
5550,0.389696486148022,0.368563995490922,0.369179707245993,0.371015267844341
5551,0.280661104668786,0.249332933727256,0.261014273578643,0.258316920543539
5552,0.252387199572209,0.229119381781518,0.239886288178145,0.237187999435905
5553,0.378215508761537,0.364207308770967,0.364606003625527,0.359581657460025
5554,0.319704517689914,0.28770333794479,0.301716671970416,0.298520354062443
5555,0.263251266833939,0.235556293955075,0.246304123476496,0.24427050268578
5556,0.383160339610465,0.355497752584599,0.37135471962619,0.367378597830147
5557,0.391044808016928,0.386185726314074,0.386626817388431,0.386545249930743
5558,0.377219709302626,0.377197845577572,0.377235238057932,0.377229645595387
5559,0.371082754275949,0.360839120718992,0.365835704730954,0.36446574109174
5560,0.375446933835185,0.367330884653428,0.36912578003273,0.369203769518738
5561,0.291415156487998,0.267374567579736,0.271044313526093,0.270991311911766
5562,0.429229434935983,0.396029844726772,0.411160054103578,0.407097697773395
5563,0.166848124628891,0.145508346706681,0.154983057367521,0.15569317843657
5564,0.427376267865421,0.416090416959344,0.421423226951555,0.420060194820079
5565,0.347900809585607,0.333131851957638,0.339228866153963,0.336748874302716
5566,0.341132849430991,0.316038720248427,0.3201130837538,0.319759675322183
5567,0.381573684686737,0.379897232261272,0.399921740800392,0.3956324391738
5568,0.413023921210285,0.374908167791657,0.391233307289661,0.387377036262507
5569,0.337514602946069,0.328159828598914,0.335908986470237,0.332163955477462
5570,0.36470572815784,0.357560416952208,0.362028283508959,0.361150905940471
5571,0.412066569377578,0.396934722154678,0.403658970333236,0.401941996740203
5572,0.38850003493506,0.384961218036308,0.386714288950487,0.386391213495411
5573,0.487508802056858,0.447344179789355,0.461910068736943,0.45747651260655
5574,0.179397621189901,0.155922111768107,0.163474604444295,0.162072060071669
5575,0.129329913124131,0.101261860618642,0.104299404710643,0.106330670602751
5576,0.377935644140816,0.377774586629689,0.377797709582965,0.379418368123957
5577,0.37997813970016,0.376683358246808,0.377400371752345,0.377091157659362
5578,0.377269536271851,0.376092231866495,0.376822884487907,0.376805912064059
5579,0.372345143562466,0.367117685214112,0.36972416084261,0.369023207946596
5580,0.338576718184831,0.308208835137253,0.321887839685558,0.318536263402556
5581,0.360170348374609,0.343402916442104,0.35101027038245,0.348953686932361
5582,0.402307333973494,0.39312911108789,0.395574015806135,0.395483010802739
5583,0.224818244548325,0.200631867001483,0.210306497733402,0.208106517512861
5584,0.377926931439051,0.3767677800996,0.377479614951536,0.377377408094272
5585,0.43281259085521,0.40773048386614,0.418583627335347,0.415700182809416
5586,0.381151878662144,0.377545282928252,0.395084253279424,0.391454449581379
5587,0.280670009240819,0.260991941639045,0.270037375791101,0.268231338285408
5588,0.342763470296699,0.328181961686862,0.336117268162971,0.335233078188749
5589,0.31373460052625,0.288000062632842,0.297818624219667,0.296913921276274
5590,0.312847704066049,0.28205002800851,0.296261993977468,0.293276036684541
5591,0.283867805352032,0.257477717508354,0.269640245602424,0.266753020146914
5592,0.3752164282975,0.373620389928292,0.37435583853517,0.374312560303053
5593,0.343912849523934,0.313048470033756,0.326072295294346,0.322769293686378
5594,0.280245371803119,0.248861782944332,0.26149039474957,0.25895446547185
5595,0.382296166676807,0.374974860584097,0.388778555214469,0.385808739061016
5596,0.267970543350474,0.240811857543846,0.253886942907874,0.251135976654899
5597,0.358928433658909,0.330633833977271,0.342210099332228,0.33909271391138
5598,0.221554132579994,0.196413909316008,0.206197132309445,0.204251191219522
5599,0.307376955904887,0.298808111289298,0.307379597967257,0.306345513109521
5600,0.286362297986902,0.260502717055039,0.262633222835846,0.262592130511202
5601,0.37792959520351,0.376947098960644,0.377271376185446,0.377188955655322
5602,0.298266619529351,0.265891304932606,0.279557207150177,0.276924086742364
5603,0.256329500438495,0.242241522691903,0.243169158450835,0.243122289472992
5604,0.377373923666703,0.37142046519848,0.371561050968485,0.369852308678796
5605,0.382232610292579,0.379816736397758,0.380477783508098,0.377330244691919
5606,0.380334993317389,0.369315343584793,0.374233680472003,0.368559876451248
5607,0.391289824711375,0.37525338549835,0.38487374139086,0.382602630381366
5608,0.440427354130076,0.40834139197682,0.409000618870954,0.408938847361995
5609,0.158902465143544,0.130536813139544,0.135745583410165,0.135936361487742
5610,0.368298271422216,0.346713277051791,0.35326129049704,0.35162797396286
5611,0.355407981392207,0.352853194892829,0.353855421830342,0.353791127415613
5612,0.392426193218637,0.387801637737751,0.39105812591074,0.388973389398655
5613,0.25040060820063,0.221424790507027,0.219978378254047,0.219928114632476
5614,0.378592430135702,0.376620235847771,0.377033296918576,0.377071452972561
5615,0.383287978746685,0.382373289421386,0.398925437833668,0.394186276755384
5616,0.252421197717696,0.221546265455808,0.231220419480701,0.229608556722177
5617,0.192856477819006,0.175303028086914,0.184986264422508,0.183311984040721
5618,0.423288619266909,0.408652032299838,0.418632358772771,0.413102625795785
5619,0.414540782057491,0.379351348982845,0.395971579686974,0.392277590428138
5620,0.414560778119229,0.398258850090102,0.40033146008108,0.400011141730458
5621,0.391583152236803,0.387748004603805,0.389694071969918,0.389670625368946
5622,0.377510155716449,0.364983797368913,0.383864810574503,0.379828392186713
5623,0.376424431754947,0.370419757440829,0.374128549840559,0.372427313928274
5624,0.285844290771985,0.28484786875395,0.285167059395468,0.284961485434201
5625,0.376829269434098,0.374259395608618,0.375728856582097,0.37663761061338
5626,0.377609430583179,0.375022938776199,0.37698689072896,0.37666313633684
5627,0.33867820833471,0.32506000842009,0.331609026098761,0.329989266191191
5628,0.260091431314503,0.2299368574102,0.242173037185038,0.240181290476762
5629,0.403972046535666,0.388072431564834,0.394645721923196,0.392931708161545
5630,0.391652875915845,0.380751762596755,0.384767801541871,0.383757563150936
5631,0.36277832149207,0.344234222123125,0.353480190930614,0.350469390513333
5632,0.215403572399096,0.192171483358249,0.201811576284483,0.199780223923062
5633,0.430167587457033,0.426449451031525,0.426699294859647,0.426604306583843
5634,0.371899383696688,0.367619574540894,0.369846357984981,0.36921801436024
5635,0.384661981470564,0.378724879729742,0.382924370423196,0.382649051593598
5636,0.377799933921006,0.377693779661913,0.377715626371954,0.377696691587316
5637,0.376715775416769,0.334496176940015,0.350470509271667,0.346874939441419
5638,0.360734835484876,0.359365409331771,0.359677941345421,0.359397552375821
5639,0.427429048140752,0.392222355321335,0.405317745548506,0.402026622458553
5640,0.361063066160396,0.342953520002205,0.35190450102563,0.349301232232646
5641,0.401545230586901,0.393486403910812,0.396782986477485,0.396493829108951
5642,0.397779171006161,0.362698333161472,0.378676668456122,0.374358659605725
5643,0.209108457080992,0.18201683946139,0.191561088912436,0.190227079975993
5644,0.389827496111841,0.3844524002045,0.387036888850675,0.387051393108183
5645,0.337053843826082,0.334788396728491,0.335870016507517,0.335845490689946
5646,0.387443754670741,0.380081106154455,0.384113551415083,0.382338674669901
5647,0.402251439726401,0.391204424817236,0.398139009355974,0.39645833879185
5648,0.273131819878101,0.246990148410614,0.258377639272893,0.255619609931822
5649,0.382547118884695,0.381558768683163,0.38159809777381,0.381259900966951
5650,0.105950542852295,0.0715519480712028,0.0674165273594496,0.0674182230293373
5651,0.389069956382639,0.38440793922897,0.386287279668606,0.385869774807543
5652,0.352890653240745,0.341344989628824,0.344329183040105,0.344369657647936
5653,0.469884924692239,0.43967650573174,0.442236425935384,0.436890342103562
5654,0.485481238317651,0.445601503778536,0.4628127720121,0.457944514805114
5655,0.400904180209713,0.389473439189799,0.394528631658077,0.393247290355441
5656,0.362982419258835,0.362699149834423,0.364397285280959,0.363495771486389
5657,0.379419652038318,0.373177247235283,0.385074203667875,0.380627184480366
5658,0.378325898355268,0.357686247445745,0.365564455093663,0.363405636005627
5659,0.340246328040021,0.314403432962065,0.32618394776823,0.323140717733854
5660,0.234892202771167,0.207424946808269,0.218328795734522,0.215997611936704
5661,0.262021013040529,0.232335957917689,0.243521090325094,0.240747113859434
5662,0.402844665020215,0.388807312532538,0.395858728746114,0.394219282841154
5663,0.339752542845861,0.314961557673976,0.3300939675768,0.325464795301582
5664,0.376929381587974,0.376780461715269,0.399546462377928,0.395485348543396
5665,0.370452090000885,0.323557475252697,0.329819542838339,0.327181141467418
5666,0.36587704976517,0.335133598122961,0.351193725529832,0.347766124080278
5667,0.434448746028903,0.401259210096949,0.416077222870522,0.412270480231379
5668,0.405809903723287,0.395197997473794,0.400083506712412,0.399529539013079
5669,0.218570710178543,0.203833296762304,0.209669362001758,0.208107500283471
5670,0.207266732194974,0.184026020655188,0.193632646501269,0.191803320545271
5671,0.360850959121699,0.357282495150397,0.357816607826696,0.357693740403836
5672,0.216422072311483,0.216151564330975,0.216171489916988,0.216148373735997
5673,0.387895096749395,0.384132961336604,0.386003909957415,0.385609214162472
5674,0.229328939903019,0.20512374333231,0.215697307697531,0.213696412120748
5675,0.376859863713518,0.358576198672211,0.366923518091494,0.36447853377982
5676,0.374687770709896,0.372162636381632,0.37533141325609,0.370455010258247
5677,0.139826553989654,0.129704962651623,0.130872813834501,0.130699502706596
5678,0.403498023104002,0.395793267667396,0.399099354783684,0.39841187670996
5679,0.393160032515455,0.383813449716137,0.388311114677533,0.387184863941102
5680,0.376835231838797,0.371274866134979,0.387068709809328,0.3854575915413
5681,0.383990422689783,0.381837457667141,0.384346119918276,0.383506151324796
5682,0.385596667266921,0.37903274076055,0.383415467827142,0.382789742617821
5683,0.386955735819342,0.382285086360746,0.383715447540399,0.383617089288446
5684,0.392864776813102,0.389790830281172,0.390920638477366,0.390605935418313
5685,0.41153233255803,0.401233018281469,0.406652993631188,0.405441812030173
5686,0.392504842860607,0.368339939826214,0.383238143028149,0.381540715303708
5687,0.428233901601275,0.390631815113189,0.407418632929212,0.40320373568016
5688,0.299957083105381,0.268647553011254,0.278135585864756,0.275945832998238
5689,0.448156243320237,0.42007992633883,0.43632951948986,0.431502550963549
5690,0.37330217446828,0.36523463390134,0.373629640125774,0.368279484712648
5691,0.327199316708493,0.300404766452823,0.312630625700179,0.309479270005548
5692,0.429974371772016,0.401965182820593,0.414424299869173,0.41150989830924
5693,0.359595649438078,0.344902573064478,0.350623649117512,0.349247102169317
5694,0.349807639904432,0.322020469864277,0.335853279859675,0.33200859015958
5695,0.380783080969177,0.380303761533961,0.381061539457814,0.380770545933635
5696,0.352219064036525,0.341268550091236,0.344203190255593,0.342943475856621
5697,0.381687008830319,0.375542260802217,0.378111681224729,0.377909954016134
5698,0.349678963185616,0.317864702220211,0.332282125079934,0.3287955507067
5699,0.24447918301897,0.223396993810314,0.232198510779711,0.229577374628643
5700,0.52920872421638,0.494144356923937,0.5101356451237,0.505439375886416
5701,0.267320407702516,0.242225985452638,0.250310398345197,0.24796340708973
5702,0.330600721085722,0.298079960739124,0.312500145622392,0.309241582641375
5703,0.372353189393426,0.368221848811254,0.376504311123125,0.37422749563478
5704,0.370086419934363,0.368085802741236,0.368385200049912,0.366913143369505
5705,0.381263811569087,0.380932645411288,0.381762701313651,0.381519462168405
5706,0.379843483062525,0.367803943195715,0.368923440206259,0.367769430827524
5707,0.351606944285788,0.318356709437668,0.333375157049666,0.330275209426673
5708,0.331833321248184,0.305876802136199,0.314157032727208,0.312117998001297
5709,0.333921133130502,0.310611883631623,0.320646050300095,0.317388484365048
5710,0.35459220312349,0.332032983546873,0.343459825591813,0.340718712684348
5711,0.110045078393,0.0760146259920019,0.073204381622244,0.073285005688494
5712,0.188870284126031,0.165920612349284,0.163838000415585,0.161692194004244
5713,0.377052279143771,0.357845546432427,0.363522943520543,0.362072557227985
5714,0.378309973001881,0.363680069636836,0.3777157077405,0.376041999180945
5715,0.335333297803292,0.322456433353306,0.331512083188744,0.330754306133305
5716,0.378267469433952,0.373484669645081,0.37502933486402,0.374916645323274
5717,0.375836121638021,0.369469514871701,0.389267468382028,0.386718446045808
5718,0.437816126811511,0.413276670101464,0.415875606429288,0.41586386642646
5719,0.342882198381073,0.308278556174951,0.322696010081404,0.319528793849526
5720,0.372232049379908,0.368173384642811,0.370067477701386,0.36968711694023
5721,0.354973332930526,0.343992657902181,0.348863313452904,0.347726688216443
5722,0.382214288797144,0.381735684616812,0.382359662881121,0.382223899195422
5723,0.378401362407448,0.377457021056494,0.378266201588013,0.375447083516557
5724,0.378089078570093,0.373365240358492,0.375176242257804,0.37353709913703
5725,0.410026584143691,0.381332840600048,0.393748181633286,0.390374954242105
5726,0.409801768622854,0.390805152347535,0.403454111286959,0.402601865764092
5727,0.401737155514246,0.382660518614727,0.392826833059559,0.391240841095897
5728,0.136130623848122,0.115494261567048,0.115704196894195,0.114963618986327
5729,0.264109733093273,0.237998743895068,0.248899467628503,0.246572981408841
5730,0.370772453162699,0.369490885481776,0.370515395994271,0.370261814053312
5731,0.284937351715483,0.279143182752395,0.278940503789192,0.27693800416916
5732,0.312484816080032,0.300194278531531,0.306531866090536,0.307303600169214
5733,0.397908622448273,0.390333609421175,0.395611237137239,0.391398048800277
5734,0.417621479551105,0.402222554378651,0.405692898623664,0.400344430459171
5735,0.238241331366842,0.215329479469775,0.225840782421951,0.223392027681353
5736,0.386543337047143,0.366110137621545,0.368482749625662,0.368376676615725
5737,0.191915044701883,0.163390019253005,0.171532723222684,0.170733511624278
5738,0.295410941521556,0.269980830428013,0.281720676719537,0.278542531867339
5739,0.373366957682325,0.369751208321869,0.373351410002175,0.372257281530615
5740,0.414354691992605,0.380714566981841,0.395173837207645,0.391561317396778
5741,0.43587496487891,0.399187443759001,0.412503816953691,0.407812354122919
5742,0.439119820724168,0.420884987135696,0.430740288830285,0.430363224262012
5743,0.372622913896193,0.368270292879487,0.369975963504569,0.369867543096867
5744,0.147694283430942,0.130756986258119,0.131908786190138,0.130278342930595
5745,0.36807417557584,0.344318179451352,0.353336147378217,0.348433691277191
5746,0.364033653186065,0.359887519471752,0.360688598436109,0.360583749841907
5747,0.399687986197922,0.39005839988084,0.391157799865908,0.390750831207247
5748,0.311340768662407,0.276504882635999,0.282644941944534,0.282559615015912
5749,0.190824310948952,0.165197901410872,0.173841501153185,0.172599931453841
5750,0.205838245521325,0.177795739255378,0.185784043760011,0.187573891838571
5751,0.371940270671732,0.370706010318025,0.372019756824125,0.367947129102156
5752,0.295065845612595,0.274008448512654,0.288928154704106,0.287160023808741
5753,0.391601039478526,0.35991988474749,0.372932576034912,0.369144578834169
5754,0.383728133026165,0.371906389736611,0.379305081152642,0.377339768352642
5755,0.194673010543527,0.168434163392212,0.172679526218658,0.172657179357568
5756,0.380084548139272,0.368245677553001,0.373554950553553,0.37194282245878
5757,0.381254826788688,0.379696116463336,0.380781613225011,0.380469956964129
5758,0.6059157477077,0.56653705024858,0.584202995063297,0.578952671908135
5759,0.39359314057084,0.383805754520202,0.388532602310394,0.386783128231883
5760,0.375568472901671,0.3559170123397,0.364896668388592,0.359251151833024
5761,0.368202151012702,0.341844018312909,0.357154167518147,0.355999800586918
5762,0.441007744048251,0.410115674980247,0.424220394269565,0.420548344899785
5763,0.381220196380298,0.349603305600054,0.356337114256533,0.355514783964468
5764,0.236396274453786,0.205800446831595,0.214978838713423,0.213026663724135
5765,0.381854324408561,0.380729093001457,0.381022645245115,0.379747794920207
5766,0.310078293163722,0.291029935077543,0.2973330386115,0.29581802378002
5767,0.388660249441469,0.362860432086393,0.379967107782452,0.37584303975399
5768,0.256413549863483,0.231920835403111,0.241866139075544,0.238289776807019
5769,0.315216082083568,0.282534505718463,0.280593652000023,0.280571715666954
5770,0.412311871343407,0.39001725072056,0.399522710361946,0.397346735938651
5771,0.376698428993943,0.37216466588214,0.393242247739089,0.389236007489426
5772,0.38257503524228,0.378875975095982,0.380245708281362,0.379450576995928
5773,0.37930507791341,0.371067308525616,0.389887237368088,0.385795430379097
5774,0.379105788259542,0.376148180146202,0.376757570217474,0.376625055001079
5775,0.36535200240518,0.363678763327669,0.365027816887467,0.364468129563078
5776,0.386438790675645,0.383309085700477,0.38524187265187,0.384438422455918
5777,0.389383202093478,0.385356451358201,0.387035538745151,0.386648999203247
5778,0.405160719070977,0.39326934960077,0.399769483668653,0.39792125019638
5779,0.289765892127988,0.26741186316633,0.277423789352018,0.274844358311852
5780,0.391357161781945,0.385256136041836,0.389445635569688,0.386104857416052
5781,0.377608551972736,0.375251964961197,0.37631325626078,0.376055160190446
5782,0.4211106199498,0.389031457570124,0.396788349580208,0.394578861442713
5783,0.309395167111549,0.285953005715984,0.300165397690994,0.297718010208013
5784,0.34752526293088,0.332408341842632,0.340126808723681,0.337844167803171
5785,0.378765854390699,0.355726279639489,0.372506720705933,0.36862410390807
5786,0.312554273709633,0.299618855446336,0.310145901709393,0.307860332442894
5787,0.368913157305999,0.333819782519463,0.33831590750503,0.338339511117359
5788,0.378040840250143,0.374874251241996,0.37545679163847,0.375392188012491
5789,0.381014697553292,0.370824965234634,0.375456136232587,0.374138140484995
5790,0.37519394603337,0.372829416129415,0.373813792827013,0.373867100683257
5791,0.374142294950694,0.372728660809951,0.373370389148248,0.373126174838562
5792,0.124752288934071,0.092575988719059,0.0935092816508146,0.0940568181956137
5793,0.377687377071621,0.366468386509429,0.380676356150331,0.380282843328882
5794,0.369357190460611,0.355875839205744,0.360636004180423,0.358736315327746
5795,0.437125267290974,0.401994770179322,0.419873374372324,0.422204304662653
5796,0.195919410560307,0.173413634855613,0.182320000400016,0.180428835541653
5797,0.367064338559632,0.348135758683588,0.35621077341784,0.354659408243503
5798,0.3784589495123,0.376261836778651,0.380635907814316,0.379383003236119
5799,0.343195085409121,0.325315253725535,0.330921849812611,0.330280057885869
5800,0.211378818734027,0.191425400521938,0.200622972961486,0.198099845384791
5801,0.322689363752448,0.320790815186632,0.329798331736583,0.32484898769771
5802,0.397522648464765,0.384664232585484,0.389784782152179,0.388394467747711
5803,0.138643076236884,0.109806268617811,0.112792242568484,0.113626231156048
5804,0.286582256916051,0.255599117569374,0.268365931024214,0.265726723235673
5805,0.245548276693888,0.216728026992991,0.228272627548533,0.226744277976193
5806,0.309476114518799,0.280781893615977,0.296046825312045,0.295989880916367
5807,0.229826884912955,0.198915357715824,0.198912452534429,0.198909402639759
5808,0.25773116191207,0.229741945275947,0.238165490810552,0.238073175833401
5809,0.376380712515145,0.373585084850988,0.374565540058928,0.374360347339316
5810,0.345455178511951,0.331465251363067,0.337846116278744,0.336025781247037
5811,0.327341109607828,0.30344968226132,0.309385251059876,0.307698489833538
5812,0.37593818922224,0.361446288557694,0.367655689174885,0.363042367392844
5813,0.39085689555807,0.387183545577236,0.389287149720232,0.389029233367494
5814,0.159773301979742,0.133311032502856,0.133460305382416,0.133413680753418
5815,0.373503669083333,0.373308672438584,0.374984420968884,0.370715575945214
5816,0.370552631011299,0.358119869210489,0.363819740715233,0.36052797492209
5817,0.377390646096627,0.377142611101118,0.377205426351549,0.37718462830983
5818,0.375343807035579,0.374826998800337,0.394475254346677,0.390374471038157
5819,0.246365247150277,0.222716352773958,0.238122489329409,0.236400118599759
5820,0.384066014461953,0.369034236394563,0.373195914354576,0.373004927882399
5821,0.377532612118438,0.377363239819373,0.377820934659905,0.377663565364103
5822,0.332278707858821,0.329371887290602,0.332524222578291,0.331796449436415
5823,0.215646984879954,0.188683569176777,0.198793180854506,0.197722498923656
5824,0.23717517990281,0.21082196761542,0.221462009233848,0.220537626638252
5825,0.359024303260484,0.324648466132362,0.339667876006293,0.342318060422546
5826,0.337089204690836,0.304147216237558,0.318331978590177,0.314838723825673
5827,0.222880937300627,0.198477243594153,0.209729613139818,0.208477891565659
5828,0.37554959789098,0.373154315203998,0.374226256909501,0.373953501514187
5829,0.18904309667777,0.186838662661217,0.187669378020155,0.187571612825743
5830,0.293272427238443,0.262699060010749,0.274569161839333,0.271736820299898
5831,0.306635376317202,0.284662272624428,0.294549783857132,0.291965327967028
5832,0.396736694140769,0.37867823142432,0.384097165752816,0.382680185783229
5833,0.356654913351284,0.348726503825592,0.357733608663798,0.353395759033745
5834,0.300970907732353,0.270172799152696,0.282633640837776,0.279596311783642
5835,0.384775079958915,0.379282848328379,0.381846121294655,0.381788173345051
5836,0.41030452262066,0.384160698689,0.392868742897833,0.390511632355389
5837,0.37832766222826,0.340338114104178,0.356390862372968,0.354805228779199
5838,0.372006537430202,0.366823644767376,0.369493907796749,0.3688775063951
5839,0.379221096631384,0.378530078867926,0.378870614579291,0.378768876715797
5840,0.129228897455063,0.122438368424883,0.123167304036018,0.122980197978251
5841,0.331254634686306,0.311457650948693,0.317894188693713,0.315949512683173
5842,0.38065183099432,0.375034002878247,0.383247322408927,0.38123682666726
5843,0.388972724786016,0.380152541341785,0.383046235950446,0.382253417532514
5844,0.30396903913993,0.274898798077727,0.288283777611783,0.28529493888009
5845,0.34981418891337,0.322895684333474,0.337934270282754,0.334161802368693
5846,0.378652950080476,0.331538042499789,0.346677239148552,0.343761298064492
5847,0.300737661496321,0.278060977384932,0.290696928017978,0.286548737343772
5848,0.340012099349008,0.307249721359097,0.322935419368468,0.322950127064349
5849,0.3671237729205,0.355366533972272,0.360641314910359,0.359098384040986
5850,0.39921251044535,0.389950025956421,0.393938524741642,0.393108052448306
5851,0.30335126378458,0.272908845495442,0.285219612541218,0.28223933290524
5852,0.387386035805569,0.362011090277941,0.378520088342157,0.375624217284989
5853,0.342316861494183,0.333974378169401,0.334982875339797,0.334513878088173
5854,0.38390121140635,0.383009706051265,0.385795324157655,0.384299527344868
5855,0.150312861540012,0.118202830394735,0.120949082447578,0.12145066797667
5856,0.291011503307308,0.261886518130542,0.273298886871609,0.270427201627771
5857,0.296050291441815,0.266049986830163,0.279469300782133,0.276859720100666
5858,0.327852044585703,0.3121914565019,0.319164420781137,0.317295386110767
5859,0.410753801879859,0.379045388148973,0.394837003369825,0.392182454338471
5860,0.316668811301453,0.283332783557731,0.29735468099304,0.298623885972232
5861,0.33833366982277,0.306484951693622,0.321049447902394,0.317669112014898
5862,0.195944579628073,0.168946839143238,0.170563644743473,0.169657536205744
5863,0.382798591772481,0.382823142437794,0.384800642942037,0.379683532160376
5864,0.247496853590061,0.221672042485576,0.221599101808636,0.221166508766966
5865,0.409613107774671,0.399859462948895,0.409652189024539,0.407900729391044
5866,0.407827445823746,0.387512156082498,0.39611329544027,0.390767470874762
5867,0.201242358795642,0.176688301278397,0.185448282931475,0.183988864970198
5868,0.374888553607593,0.373896570187934,0.374648820240331,0.369323718272271
5869,0.290779733061873,0.259323582580321,0.271948462604166,0.269359365621707
5870,0.385812443099071,0.381315277164427,0.383338814050015,0.38289057253878
5871,0.311704595104361,0.297460878769794,0.302899373183023,0.302643662705943
5872,0.426476339235305,0.395548332989351,0.412181115348973,0.407740683533446
5873,0.537360442203076,0.512617277768435,0.524981665973953,0.522031111513783
5874,0.388378750244598,0.383821259191876,0.384113014659604,0.38391752259697
5875,0.379172170665234,0.377979759266404,0.379615023165483,0.378989799923613
5876,0.336482093581086,0.321465973267275,0.326916551070604,0.32549477220869
5877,0.381971550287098,0.381795989923247,0.382384351514567,0.382268323177237
5878,0.193273499051979,0.175183471594112,0.178248902195886,0.177734453832995
5879,0.142075117707351,0.113842303915258,0.114724473120938,0.114646894339459
5880,0.392597694209913,0.391775976150594,0.398919813695265,0.393545031757699
5881,0.330143671999809,0.297635509300104,0.312107660503917,0.308891251464659
5882,0.385320829518792,0.382570567537009,0.383927669483522,0.383371241962523
5883,0.376965967451482,0.351578782340877,0.363359929671215,0.358942635876868
5884,0.419487265362662,0.39772530543591,0.402724261475641,0.402653442834145
5885,0.38401728876143,0.378386604272477,0.390603964289521,0.387321589684018
5886,0.376717821430563,0.375222794366189,0.375871949522386,0.37570078513677
5887,0.297083950064914,0.264720557146943,0.27831030858907,0.275697611378642
5888,0.327169662766024,0.29938449062288,0.314138873516909,0.310796259590344
5889,0.355115639987593,0.347880859818238,0.35107543224965,0.350148116482337
5890,0.168125084456665,0.140178711362321,0.14560548216624,0.14414642502855
5891,0.376267065213662,0.371543671132867,0.373612043169686,0.373172143959865
5892,0.327464656981217,0.313916992403707,0.318078456059326,0.316321049338248
5893,0.338988930512233,0.318655559461069,0.330422349293969,0.32596636623615
5894,0.389992951708252,0.360643604337572,0.37235493366629,0.369879771925356
5895,0.334821248021157,0.324440474743067,0.324777684573495,0.323799795446073
5896,0.445441686169708,0.406737533480983,0.424288594114558,0.420901292659558
5897,0.405064689595289,0.392018991304629,0.397141686431521,0.395766245905879
5898,0.378354251045988,0.358021359569176,0.373641862820688,0.375446092981347
5899,0.453396742146984,0.427718920479105,0.443191191013982,0.439077694924358
5900,0.389792496954402,0.384931538162554,0.386348034739732,0.386571230033509
5901,0.226994253909797,0.199087288076385,0.208731246045593,0.206846695238135
5902,0.367444900602786,0.34527201471307,0.361073376086914,0.357137196441061
5903,0.38288352868017,0.378909779082025,0.38324186301381,0.382203411993125
5904,0.247508062212928,0.222367192938538,0.224780039254912,0.224055327739851
5905,0.372065446736043,0.370048643343146,0.370972085938117,0.370745229917055
5906,0.261547743561728,0.232091829422571,0.244214169707798,0.241970121699798
5907,0.350685331141808,0.348172229057441,0.349615048564403,0.345952466365971
5908,0.38649323808151,0.385989812646913,0.387063323456142,0.387028369598936
5909,0.319966852650081,0.281922192909803,0.295236920492215,0.291762682947429
5910,0.397844980260245,0.375021274128584,0.385098171552921,0.38257187453855
5911,0.31449000897042,0.292913111688891,0.302738636556703,0.300185222325564
5912,0.47349431472939,0.432912596283334,0.448506463210055,0.443988523639789
5913,0.260138848295099,0.252485576899779,0.254871249769793,0.253764186098377
5914,0.440366022482024,0.425810930219382,0.427975571125061,0.427203709008447
5915,0.373133295424409,0.369679865241476,0.371276653873206,0.37069680535675
5916,0.271725518026485,0.240046387068238,0.252541207646794,0.25037137218981
5917,0.377794841829801,0.377782545915448,0.397351017410244,0.393186094362701
5918,0.334997066442569,0.323183670197728,0.330787893587444,0.330125229996698
5919,0.255989757336203,0.246716746836893,0.249351742773376,0.248368528904985
5920,0.378429914062513,0.371970017402394,0.376179435725301,0.371139109573224
5921,0.395431817384038,0.389180161293737,0.39184743105057,0.391266986052285
5922,0.378478881322001,0.370841112252806,0.386942484508166,0.382695467760814
5923,0.229172963738855,0.20285820283721,0.205248046941303,0.205050023976654
5924,0.421692760171861,0.403308252547818,0.422750262264499,0.418952678952509
5925,0.286423201691826,0.273722660903145,0.278391401392788,0.275387039238842
5926,0.436167771405711,0.402920706622479,0.419145535028625,0.416173541368111
5927,0.394893590002114,0.368334511700885,0.380165431836663,0.3764662624919
5928,0.375046425259419,0.370165979074842,0.372452188531217,0.372353835451722
5929,0.432663009298834,0.401316165631779,0.418697266302443,0.414464913302871
5930,0.39592966305074,0.367755529569452,0.381659856362114,0.377243542032007
5931,0.292680669649488,0.263874036793952,0.277321941940442,0.274605921406904
5932,0.449937845609992,0.415694817727107,0.430872758420236,0.426524543345337
5933,0.386541118796982,0.38179084375604,0.383425306295449,0.383223814404092
5934,0.364006923192258,0.358623742882949,0.362046785889472,0.361476247990942
5935,0.375346139523939,0.374394088065374,0.374756528330856,0.374681929160769
5936,0.379026644725499,0.378551662538749,0.398053426849191,0.394174252065189
5937,0.249656881593917,0.229426404148689,0.236797142790273,0.2344594736409
5938,0.258929255568738,0.230231763069946,0.241539031649982,0.238996103305858
5939,0.31516555753107,0.299935022333582,0.30811383219609,0.305446478683218
5940,0.369540974036454,0.349601433994146,0.358107494588603,0.355817897466806
5941,0.384482420405241,0.364392400818692,0.376036302064287,0.371982722583807
5942,0.246026932825058,0.222229521968164,0.224909987813561,0.224522180850217
5943,0.306391747085544,0.277909511864393,0.290632631877951,0.287328260365519
5944,0.379799786923768,0.377441430286386,0.379678769464948,0.378954059758428
5945,0.211992177157755,0.200867199728851,0.205811752147113,0.20557841590883
5946,0.379062907129955,0.375303048972044,0.377254266800668,0.376823093918913
5947,0.356169885476084,0.330318534407199,0.339775114042669,0.337446531721379
5948,0.289103506268221,0.264514152867058,0.279121300686501,0.27731407302133
5949,0.35335920621076,0.322924134607893,0.336551107125669,0.333336833848673
5950,0.387262428345711,0.367803454901245,0.382598339605358,0.378057273654879
5951,0.37339476740779,0.371853699424229,0.37242872746478,0.368598656972067
5952,0.381096997487493,0.380363479484868,0.380746587034289,0.380559134677149
5953,0.420195229433163,0.38554098918846,0.39974676407578,0.396306221237888
5954,0.377069675811269,0.375829371201643,0.381310140810077,0.374579881311489
5955,0.406118207257836,0.395088628877962,0.400106569004896,0.399038401910476
5956,0.133263636434633,0.100625359420579,0.101534556225018,0.102039674053945
5957,0.375083381351381,0.373902012517546,0.38115668288586,0.379330472709571
5958,0.250499269609371,0.229011490190788,0.230919067129908,0.231559314125862
5959,0.377556744545914,0.377031250610063,0.377170586443521,0.376811120058261
5960,0.300949164972812,0.292008246528411,0.295375143292929,0.294537962643752
5961,0.376587507094484,0.328317725334946,0.343561551632718,0.33987605457576
5962,0.371179259802612,0.364930090303109,0.366177075386601,0.366080239316326
5963,0.308625821368474,0.286670353233426,0.296851971832353,0.294207429756545
5964,0.366936937948377,0.362846641254422,0.366699347507974,0.365871273308928
5965,0.235105648700554,0.204209826327289,0.214955750444306,0.213541333630018
5966,0.423254409826568,0.389973277830879,0.406238529937976,0.402374540028158
5967,0.360192615093603,0.35826810703716,0.358597957854272,0.357709442410419
5968,0.376578848592729,0.375900498147811,0.37718209725094,0.376833741464477
5969,0.343451666575262,0.315387151604561,0.329364838180995,0.326258359072185
5970,0.361311663211844,0.350683187043321,0.363225537577275,0.359469107967255
5971,0.411954132039474,0.403439983489958,0.404106343615061,0.403875613449697
5972,0.378125556452005,0.375462238412504,0.376547224964423,0.376272092605136
5973,0.369517458622743,0.359386251341955,0.361290615920997,0.361077791737422
5974,0.301132921053568,0.288756357335986,0.298579258622499,0.295628816301241
5975,0.345157923653243,0.314582925079661,0.32848446008067,0.324158790792731
5976,0.377961606529286,0.375888572482026,0.376835601714957,0.376625087463267
5977,0.188570436393896,0.162027669047156,0.170157608032766,0.16949147947793
5978,0.370601281110962,0.366363600028365,0.368877383093369,0.365188566870311
5979,0.249466204433567,0.239456097065604,0.241363299882874,0.240765930565323
5980,0.329480742225849,0.328791528195536,0.329190778085404,0.328986238812133
5981,0.381307628039123,0.379534607338723,0.380359914652217,0.379954961183873
5982,0.378339822848875,0.37690624042222,0.377749944854128,0.377600035717551
5983,0.446259311244742,0.429137057019619,0.435118103380153,0.433215357964637
5984,0.35406379903523,0.322611694166339,0.337750080300481,0.334073047505091
5985,0.214698402980725,0.206307566291284,0.212861661859417,0.21135042394677
5986,0.448862641515201,0.447897820007858,0.447900010943653,0.447822172316584
5987,0.364966183055684,0.358129887961964,0.361093648475278,0.35206308144399
5988,0.374696021708898,0.374329075168073,0.374439478508308,0.374421581282784
5989,0.388508647322566,0.380855529660211,0.381577601158209,0.381145848795208
5990,0.378171609770745,0.377732115145354,0.37785823122944,0.377813224807383
5991,0.220584079616678,0.194391814497268,0.196250346350501,0.194421163867402
5992,0.131643544595155,0.104113940057653,0.107490360345105,0.107059058756839
5993,0.350727619286043,0.316406206309157,0.319406016550531,0.319423666031677
5994,0.428101514556749,0.395299219256972,0.401239581288054,0.401129587079961
5995,0.325448672762224,0.324207834112405,0.326835565673696,0.326293076406247
5996,0.261122902391096,0.237661795374708,0.250155604248967,0.247184390336371
5997,0.589367607457067,0.54840584158342,0.56807332225578,0.566606413099972
5998,0.391838410612016,0.376395453001738,0.39545509095355,0.391345231418491
5999,0.37035238249548,0.351123917581163,0.358290263762654,0.358712700724939
6000,0.307976586846275,0.280859040242856,0.29446373739867,0.291925981532117
6001,0.384859481513757,0.380887887523057,0.385565124658327,0.38438102130141
6002,0.2299183728501,0.203085406946337,0.213660512279785,0.212027298315856
6003,0.399204733966299,0.366181675063225,0.381248614001463,0.377364360900267
6004,0.11559209085669,0.107453687322435,0.107518360361905,0.107451306745451
6005,0.383506516823166,0.378610402222351,0.380841437827163,0.380234299871532
6006,0.376341053888642,0.364230553533247,0.372704210747391,0.370429851162407
6007,0.378319005166234,0.363411635594691,0.370377070413266,0.367261507942542
6008,0.289563681367503,0.267753469244292,0.282185346284355,0.282334012945714
6009,0.351723936622831,0.340202289133137,0.34873102341946,0.346438704498784
6010,0.375368535860634,0.374831376406796,0.376362601521079,0.375634824659938
6011,0.433473302530594,0.410943618578633,0.420154291325922,0.418969295369177
6012,0.134972802703981,0.108149289742542,0.112702701766049,0.112598754187562
6013,0.385670376347827,0.350970876527768,0.365098469136329,0.361300327758373
6014,0.185064699665795,0.181892395283289,0.183287524468802,0.182298544706934
6015,0.119288134543581,0.0857449027692629,0.0871455070021446,0.0869686021933945
6016,0.37714501266843,0.341810449280031,0.357564216349866,0.355099054307556
6017,0.24609318642345,0.215566993015669,0.22064918451414,0.218554105506827
6018,0.299972598732966,0.281142253438637,0.287262880345834,0.285613482132948
6019,0.371231660442953,0.36747664080362,0.370839929033554,0.369620707769166
6020,0.377461166719194,0.37620606187319,0.377558729608571,0.377168601589736
6021,0.393316633067694,0.387169847862808,0.389270543084786,0.388700077688717
6022,0.400968589127029,0.391731846056794,0.406031110774504,0.402511186514902
6023,0.381254687568961,0.368440848174533,0.372467333641806,0.371299853184583
6024,0.413522858918504,0.374690263698655,0.392746016498782,0.388746608940103
6025,0.27792509209256,0.252074328221962,0.262588699634715,0.259946276787189
6026,0.372410021759263,0.370412877028636,0.371294443568873,0.371077998157265
6027,0.403337771842174,0.376454731315862,0.390857649845335,0.386203183846663
6028,0.314428632718397,0.282812847782102,0.29669247478739,0.293526636315187
6029,0.285356081600057,0.261610578579301,0.272435862358697,0.269791309454714
6030,0.219029619637897,0.203802792645091,0.20512706109216,0.205184803222603
6031,0.110710342878791,0.086835877759078,0.0904056825222269,0.0915553609258218
6032,0.186848131150703,0.159792262790134,0.167921250235421,0.167026147101306
6033,0.33660432849591,0.30336605800834,0.318098023220203,0.314775571312394
6034,0.16240919872124,0.130638081830356,0.133405615299763,0.133393969840154
6035,0.353563682935355,0.34737214027701,0.350348766763402,0.349334653265577
6036,0.434976242468872,0.397831725354284,0.415148621040927,0.410844304179784
6037,0.196045747408705,0.168671661932782,0.177330132768485,0.176798485136917
6038,0.325253191350523,0.292676208326569,0.306672848045211,0.303510331234008
6039,0.353787351810315,0.321984406196311,0.337676415937886,0.335163147186221
6040,0.339197943988803,0.306320197151253,0.317958435606671,0.314341156764025
6041,0.205983452058612,0.189353175622728,0.190092980174225,0.187135742360467
6042,0.353087405045875,0.338177154291341,0.344721117021406,0.343019065328564
6043,0.191544349551467,0.163639148621398,0.1644280812122,0.163736978347222
6044,0.392334765834786,0.384002413041335,0.397345118081207,0.396741619045542
6045,0.331092780531814,0.299200430849389,0.298111835272059,0.297691538417671
6046,0.106620091536531,0.0740428587898302,0.0717548513560555,0.0721157154881202
6047,0.386764329485493,0.379341705935616,0.396715619209453,0.392075008281112
6048,0.258156472281073,0.23174633860719,0.243900610926965,0.241729407087837
6049,0.269131330421944,0.238414206104407,0.25074446506302,0.24841679018924
6050,0.317616026182269,0.286321219942542,0.294791969566795,0.294718971123119
6051,0.328822662595568,0.309517834739794,0.318468944972376,0.316153426488574
6052,0.425491624544867,0.384110832306368,0.399246322104367,0.400843850448981
6053,0.407596065689623,0.379199566420681,0.391697058142532,0.387292155944403
6054,0.378648434091217,0.377451287521565,0.377509834015386,0.377268274500986
6055,0.377497104445088,0.37577708382275,0.376817513523254,0.375563700757827
6056,0.358676218081459,0.328657618905849,0.342250299450493,0.338984405865379
6057,0.287107376804309,0.255731314790314,0.268753697025176,0.266149362438989
6058,0.367669599049925,0.365466230169898,0.368248047213355,0.36754070365767
6059,0.348947834964209,0.320314878248456,0.333503554157699,0.330171978080074
6060,0.40382982373997,0.397754468184561,0.416258911064935,0.412615365334411
6061,0.237349645016339,0.215834745868616,0.220310092048763,0.218320280977184
6062,0.307750394491586,0.291030634397582,0.296480177713794,0.29461036413938
6063,0.312544559749718,0.290140027744683,0.300225521511227,0.297550017185562
6064,0.342775212772297,0.31649599982543,0.328627638136439,0.325463905790692
6065,0.25225892427858,0.22907173933674,0.240531305076523,0.23879181535828
6066,0.377857272138747,0.377285403465818,0.377463726358402,0.377461748209494
6067,0.385567015034673,0.374512229326734,0.374393592589442,0.369444443017495
6068,0.366748589420499,0.356616011950604,0.36494935698429,0.364872118027549
6069,0.361287794318315,0.353222682641311,0.356957414627301,0.355731298772236
6070,0.3938978413955,0.38898624239871,0.391253337796375,0.390580395926968
6071,0.377364020593274,0.376995466212367,0.381471333416536,0.380277516998457
6072,0.369313159333249,0.365200971301128,0.366879943283326,0.366449054693466
6073,0.234176266013024,0.211401864400815,0.218379976895715,0.218088928709257
6074,0.328911197959308,0.296723777547209,0.308928850169697,0.305651363488254
6075,0.207380818466612,0.187867184903001,0.192219643992031,0.192083060378132
6076,0.354971903129462,0.344780586910028,0.34956329656172,0.348121757168978
6077,0.422998146341077,0.40206795589284,0.408693626734297,0.406422281525032
6078,0.437450229634013,0.407372609795038,0.413854236160005,0.413625843241293
6079,0.272382235131834,0.261936460494564,0.264092994528893,0.261236693052191
6080,0.369593184290078,0.358264146282944,0.363460820710128,0.360210664360768
6081,0.271763701416665,0.24302299645121,0.241051100408565,0.240815122785123
6082,0.381857016336506,0.380035241740821,0.380639375313993,0.380209311220693
6083,0.378295194694855,0.377026450876094,0.377594647104525,0.37744676340149
6084,0.403875243305546,0.396084920908364,0.406782741578535,0.403640356091334
6085,0.362203351641871,0.36049240872316,0.361756806555786,0.353277637346628
6086,0.379583958540128,0.379299809033297,0.379595328330402,0.379416430237298
6087,0.450693170320505,0.415877961647751,0.431900223798587,0.428001551136906
6088,0.426931464525939,0.397933339504858,0.416447846035337,0.412624039329122
6089,0.379214852101414,0.333383957137558,0.345235492951168,0.342050969376874
6090,0.132917140086384,0.105850847814305,0.110149520468216,0.109843905346353
6091,0.378578019085536,0.344141689705512,0.36046673643949,0.35816024918761
6092,0.395743846303318,0.387753345352893,0.391376920608322,0.39048523845304
6093,0.376712726750127,0.37629133357939,0.393314004777377,0.389152495519987
6094,0.268261432674072,0.24076572530874,0.252616362553145,0.25001027994203
6095,0.624536691262606,0.582337458109765,0.600383512257966,0.59533607882929
6096,0.382399390816307,0.380148526699756,0.380472707762214,0.380430079497184
6097,0.205283188663343,0.189229914262431,0.192327404837795,0.192120087126828
6098,0.339700318085308,0.326533898432921,0.326916008402527,0.32689745473703
6099,0.264304595592512,0.232966491540692,0.24488437383255,0.242685619788193
6100,0.243187943789309,0.222686973762171,0.231457563292656,0.229011199554584
6101,0.349189355121501,0.335660880945274,0.338691959040193,0.338077042992236
6102,0.36801004250574,0.355034674062827,0.367477571310016,0.362726609282704
6103,0.388362280542623,0.379093980757676,0.385012927247042,0.38329574473054
6104,0.375709336606375,0.375253933849788,0.390709636427619,0.386223413075138
6105,0.378156631319583,0.36127699624724,0.375155343453474,0.37156165404655
6106,0.379139562795236,0.365207236413132,0.372203102142402,0.371167872408224
6107,0.387861812908622,0.380307653767029,0.383983357017214,0.380429979989947
6108,0.325801786967622,0.298952459801671,0.306110120867031,0.306960069719204
6109,0.215304643139874,0.190768256253286,0.198478769294491,0.197241426445986
6110,0.330306237290601,0.294257555128712,0.304619594063585,0.304461635637058
6111,0.382719012685088,0.376913204695038,0.382176433436482,0.38083036249653
6112,0.483735490154143,0.454984602411898,0.470832124153975,0.469973045484859
6113,0.383372310479484,0.362722429514669,0.375081501208366,0.373621121834792
6114,0.375117531098874,0.372985297181622,0.376371421578473,0.375489854550816
6115,0.372462996309875,0.336666153481187,0.347677424947068,0.345741512047544
6116,0.419683623137617,0.40122222517415,0.41084580289175,0.406260501311073
6117,0.367686566006833,0.366883431131959,0.368670373027143,0.367762334725648
6118,0.377869935146359,0.3777068794338,0.377780313011462,0.377763809847113
6119,0.371519448337542,0.356361775684416,0.364786286586294,0.35989729345766
6120,0.377450103628063,0.344717370409129,0.35978077058197,0.355863998729555
6121,0.480534048577579,0.443269973991318,0.462118807966031,0.457821680731524
6122,0.394080376726161,0.358543203484253,0.374970549134307,0.371954586538915
6123,0.146294269199371,0.126428424520468,0.127302606832173,0.127289189569302
6124,0.376044770529522,0.370276297190213,0.372816453326839,0.372380581389469
6125,0.377740716896963,0.377473002495571,0.377607970755951,0.377556792001503
6126,0.375848654803059,0.375170143677776,0.377867941933457,0.375070232734489
6127,0.27925250576664,0.279100938507689,0.279130641282598,0.279109316987743
6128,0.244795449952975,0.215950425612567,0.222669768937264,0.22251315685278
6129,0.396556846845262,0.380823804543528,0.388754274017013,0.381401300756788
6130,0.405244977760877,0.36949365193619,0.374959428998639,0.374883419712635
6131,0.399479577957205,0.380571404586523,0.389998238029709,0.386577871429218
6132,0.256071645611143,0.226197846559351,0.23783295955078,0.235622825015272
6133,0.374145103179465,0.371882029096429,0.372948454053861,0.372714281408299
6134,0.374073979087302,0.373201774697282,0.37390443619152,0.373130733545102
6135,0.384227575645331,0.381741263494996,0.383186585774484,0.382950039864567
6136,0.26336311759913,0.257448676017895,0.26053398220322,0.259833514337026
6137,0.387354221629065,0.374633305373876,0.376898858184612,0.37632108916865
6138,0.377720493786233,0.375729824527852,0.376889022457936,0.376886895053913
6139,0.218956164925192,0.191656364763787,0.201957730587746,0.201918979310588
6140,0.335427459630265,0.301675519206873,0.315898315532083,0.31695658978383
6141,0.373169185288982,0.367069152382361,0.369894456638036,0.361683519633522
6142,0.427211792852667,0.390413158491413,0.407986445930481,0.403733562296885
6143,0.38810321660472,0.355323080646561,0.369100828692842,0.365694045668873
6144,0.205836094050762,0.177445156713553,0.186502855360625,0.185070648073921
6145,0.262388182486345,0.24098949457408,0.250875372504752,0.248490471609878
6146,0.36967538066949,0.365868913471621,0.367811405302874,0.367416449135281
6147,0.423087245032135,0.402634419692515,0.402872302779713,0.402898084240344
6148,0.297709769095122,0.271699391049401,0.282469185431297,0.280058038082213
6149,0.363567412043595,0.35670809083285,0.359041054331537,0.359027167498996
6150,0.395312222312153,0.386552321435596,0.391713882969051,0.391318728611717
6151,0.391864474452052,0.39033476362618,0.39073291742686,0.390609191415925
6152,0.352700809377142,0.33724488512401,0.344075984052588,0.342267167710154
6153,0.378879368603802,0.347062438902822,0.361205979519246,0.35686909659797
6154,0.343148475956462,0.325856599425846,0.335906422439986,0.335401218540721
6155,0.248463550442451,0.218321831377963,0.229719561586333,0.227842009328197
6156,0.383056308912956,0.37739109588829,0.382458764626449,0.380921997463717
6157,0.318558902172791,0.29742141474026,0.306726515086974,0.304170539618828
6158,0.353242459287157,0.332516591824611,0.3413030417474,0.338993219363549
6159,0.416113917801937,0.396912058845721,0.403098972761186,0.401240076624668
6160,0.395427071814575,0.374708890091811,0.385532459445641,0.382610082368383
6161,0.37850962281041,0.345025086831248,0.360193556946208,0.35645889666597
6162,0.407807299584841,0.37770334631702,0.391287492604855,0.387630031773895
6163,0.411455647322919,0.394057119294887,0.404666543574323,0.400733549271566
6164,0.324506086248978,0.297301136876887,0.310003316841697,0.309128360767855
6165,0.335288652589839,0.309916493353326,0.320418978651455,0.31742043724078
6166,0.336832858110967,0.319939375771542,0.327786585129416,0.325651583784837
6167,0.363597704034323,0.329676283077392,0.345593312056406,0.34184333972046
6168,0.349762435397475,0.346141113965366,0.352223861623043,0.351954753908929
6169,0.250986377299038,0.223152221634814,0.233004405416047,0.233606420603061
6170,0.380006332552766,0.372891870665693,0.376346663337619,0.375823142172112
6171,0.205526391111073,0.17789236689818,0.187047784589469,0.185584501351946
6172,0.405606507274702,0.380702392918136,0.391918643013824,0.385860364784431
6173,0.381685208747908,0.379356153779657,0.380064738228896,0.379226071744343
6174,0.107474951354152,0.0748137769806867,0.0721729205815623,0.0721058032815797
6175,0.430864812026852,0.393484977016295,0.410265949840054,0.405826796473834
6176,0.349869125756401,0.349264570125062,0.350716881301761,0.351628402451508
6177,0.377548799083442,0.376175287565448,0.377321404748056,0.377076134129756
6178,0.293086914315831,0.276012231214521,0.276037717469348,0.27603676292894
6179,0.185338974476495,0.180232588145566,0.180200592914283,0.180202194350933
6180,0.352140027883942,0.329269489954052,0.339800103036537,0.336514138396494
6181,0.34618807889622,0.320973776782199,0.333013866711215,0.333018137643538
6182,0.336016511768531,0.30342207626756,0.312771732313915,0.31440627137086
6183,0.150859080061665,0.14637559771191,0.146496516069393,0.146367392302966
6184,0.377121248474695,0.376305530944185,0.376628320536542,0.37653118914434
6185,0.25485868055418,0.233196088394657,0.241396406795582,0.238352476299836
6186,0.372222334082776,0.370185955664266,0.370667463574926,0.370498257522516
6187,0.344620752087858,0.322280162869486,0.322725160330607,0.322703871908883
6188,0.388921615687628,0.38116990189603,0.384830592322048,0.38383866203228
6189,0.271087969131122,0.243650774556899,0.257894950001359,0.257896828535029
6190,0.404190531331348,0.396322506969649,0.398463464921472,0.397933873217146
6191,0.413674197346776,0.395504658991888,0.39674801448373,0.396291511232419
6192,0.380313673125087,0.377928633388544,0.379613144941768,0.379489460924007
6193,0.316158633571738,0.303481838363091,0.307284661765027,0.306528950955234
6194,0.37092278855986,0.365608161487414,0.36771555010036,0.367517725948444
6195,0.377430529505369,0.374997104026719,0.376431817308702,0.371305089353793
6196,0.351341849288076,0.330358253874888,0.343159716332018,0.3397749488356
6197,0.390784719067424,0.383253851067691,0.385439158202572,0.385205124048013
6198,0.369077284677628,0.365872852463442,0.36687775070662,0.361520849438554
6199,0.255465146789526,0.232220790080773,0.246265453488554,0.242834146362627
6200,0.300466407618031,0.269469604402541,0.282552382521323,0.280948988324526
6201,0.373007948940675,0.372139745839112,0.372269693451155,0.372218467750969
6202,0.30829493842625,0.276147951777436,0.28834897672291,0.285523951914824
6203,0.396481231622679,0.381081705530038,0.395658346782809,0.390867070717859
6204,0.239955363662352,0.218043904054299,0.228562874926804,0.226341016167323
6205,0.410777672075442,0.382588108523203,0.394470605370944,0.391768797999481
6206,0.384388725891473,0.375879306192333,0.388443730904035,0.385291764007601
6207,0.362775007016263,0.351161842975839,0.362309013092797,0.357124894671582
6208,0.396849535364935,0.374997402925975,0.390858708972743,0.386271105529988
6209,0.188666481117103,0.160613762419227,0.16890156014061,0.168241643337523
6210,0.368463243583043,0.34365865917212,0.355522935619993,0.352941271254413
6211,0.388545524636193,0.37967967054017,0.383358258538305,0.380871005196764
6212,0.445216001712489,0.425745265231426,0.441334803992042,0.43635578772652
6213,0.408240204008232,0.400226343330822,0.407334855479185,0.402310469616235
6214,0.248412460976132,0.218920938584048,0.230455959705102,0.228525794743284
6215,0.350443530031309,0.348899866453185,0.349030403066612,0.34889461275928
6216,0.38327520454922,0.364548133709946,0.375014947918411,0.374653323629449
6217,0.377482304124379,0.360469652489698,0.368692970599307,0.365584972598195
6218,0.321231027039805,0.306175928132071,0.313273649435161,0.311310800194473
6219,0.290693424595255,0.266763212407248,0.267459485111804,0.267194352479261
6220,0.380996019715897,0.366092224598278,0.380374812838132,0.376255734020705
6221,0.164572478904514,0.134589257830478,0.134656143376027,0.13464332752632
6222,0.378146431435123,0.364272157236081,0.365879002055953,0.365307092816175
6223,0.376040043065736,0.367522106845797,0.388815332989715,0.384991140487306
6224,0.270723438415684,0.268239232311026,0.269557484512515,0.269130010883319
6225,0.303365898209942,0.281319059046969,0.290158535651375,0.291000454643108
6226,0.361199802423826,0.335603779113993,0.349821080643332,0.34739474969127
6227,0.359260244607158,0.348508453156869,0.353331422773259,0.352259581299731
6228,0.385621029126723,0.377780972613998,0.380767925632055,0.379134225282313
6229,0.370491559608688,0.36514698614506,0.366064923396191,0.365074042719664
6230,0.124293001372077,0.112370402215673,0.113171578679893,0.112923303640793
6231,0.361914732975779,0.329396563239519,0.345917871120481,0.345940074022067
6232,0.0981897175223813,0.062006711895554,0.0582434974609295,0.0582420805521927
6233,0.296453928783085,0.266077925678917,0.279261853569853,0.276406390712162
6234,0.363222086769005,0.355789029322149,0.359095782504583,0.358033554575697
6235,0.389140081349475,0.3835617528609,0.40072355821225,0.396071046786776
6236,0.302907927791828,0.276285894444336,0.276873970667313,0.276395414477979
6237,0.370012898315904,0.367497683496201,0.367662302924307,0.366454118982334
6238,0.189064476734286,0.186349948578518,0.187624321748506,0.187602950854391
6239,0.344582888830617,0.319735163135629,0.332744341288165,0.329291295424853
6240,0.217078500987997,0.191418875087246,0.202200565258088,0.200564220283104
6241,0.377974056824246,0.377883497198462,0.377952771553513,0.377913854916846
6242,0.381244470724368,0.379065317498207,0.381397336133896,0.378951341553501
6243,0.410520579641778,0.395254481199933,0.398388650859153,0.399568044236632
6244,0.259931969811087,0.239032096616578,0.248849105422531,0.246388071960677
6245,0.411497733281649,0.390950529266303,0.397652780540923,0.396025664447057
6246,0.373017106467671,0.364568666628807,0.367446941173552,0.36707419242552
6247,0.377078463956443,0.370780848377675,0.384785968406549,0.38092646213476
6248,0.365847631798797,0.331155503181082,0.331254176232629,0.331104460848265
6249,0.373854015693303,0.373242953911205,0.390151343247299,0.386859814892681
6250,0.475131836786392,0.438102322097951,0.456883942948779,0.452516031619282
6251,0.335741289310263,0.324613330839986,0.3299857305095,0.328502256527881
6252,0.211125279472673,0.186770037218289,0.19873290147903,0.197878264621619
6253,0.375537571175696,0.3742291390058,0.375354136099702,0.37544383380381
6254,0.319061986951904,0.290655765459459,0.303611176695035,0.300524241266739
6255,0.36617689293131,0.34298055009804,0.352763117820073,0.348967570128757
6256,0.402259788439552,0.398233137062772,0.418129864645761,0.413540316454419
6257,0.33012645480854,0.297502181934365,0.31193264708977,0.308725131575196
6258,0.474651725576907,0.436718009972911,0.451469597833048,0.447929047157077
6259,0.268867042089624,0.244761938737579,0.255816616927404,0.253107396178911
6260,0.374153436394437,0.345620338663664,0.362390645527243,0.361791403073198
6261,0.366284220425554,0.361451924857314,0.363460628365205,0.363219502342696
6262,0.171131331899203,0.157263683053605,0.157347482881522,0.157331656594823
6263,0.341317592383158,0.312985894318076,0.325873086678957,0.322571500905117
6264,0.222650700121669,0.21559419230881,0.217077749813283,0.216623505497775
6265,0.37939531545935,0.353205063370466,0.371874881621556,0.368056455422688
6266,0.375719322590796,0.352742032360552,0.362917068925993,0.359013475562025
6267,0.368191606302511,0.353575341993993,0.360067475506847,0.358224096980147
6268,0.388944112776618,0.372763777493684,0.380312419516288,0.378158956331333
6269,0.380591659490149,0.356158915702259,0.367312602424021,0.362921968143864
6270,0.376772584990442,0.363316578592133,0.372711245030356,0.368764065849709
6271,0.379926239704451,0.379584296057353,0.37971555311853,0.379620968999499
6272,0.376584581018764,0.372442788426104,0.373529168092782,0.373518952343293
6273,0.368548126492451,0.347474579330617,0.356679411234012,0.353881291469836
6274,0.387717382152599,0.377252555138589,0.379168887209055,0.378659243850272
6275,0.317940627007498,0.287057715876826,0.30117844351643,0.302036098393738
6276,0.363407467422434,0.360721383129971,0.369986061448562,0.369798431289741
6277,0.218163708325497,0.187474623885675,0.19669404833213,0.195579947751112
6278,0.390019187416071,0.378740883372764,0.395042148996685,0.391884651236727
6279,0.385452596913053,0.374708196331169,0.375255994021745,0.370571176052563
6280,0.34950109131724,0.321968786090323,0.331656208888866,0.329355388197503
6281,0.337290976700122,0.30385556107269,0.318756481431498,0.315480880462892
6282,0.123006814326352,0.0925666045931329,0.0932261934768094,0.093747461066372
6283,0.40072326748922,0.395561614666157,0.397683989923351,0.397074836765261
6284,0.394778613275552,0.387815192325051,0.389418406358017,0.388455760519691
6285,0.380256289970159,0.372374028267662,0.375675942394365,0.375534429049211
6286,0.388333481486463,0.383094456220055,0.383549570367815,0.383220215618363
6287,0.371146699338527,0.356563873897597,0.359329514968487,0.350845101298194
6288,0.318943939620135,0.295541111343612,0.306023128031578,0.303464500099699
6289,0.366750595619877,0.36258582864527,0.364398997593015,0.364283582563605
6290,0.379481808573965,0.368625877912029,0.373719680025515,0.371843986811125
6291,0.445463193635773,0.41140389364429,0.425712183591189,0.421657792745565
6292,0.381277980408875,0.374736404891312,0.375779984141492,0.37565174262054
6293,0.19571203859549,0.182594179066252,0.191493950513955,0.190299168417731
6294,0.380912102006144,0.37266942568857,0.376243639215197,0.375301413797028
6295,0.413717054475721,0.378655063146096,0.393365105062953,0.389783621958663
6296,0.359015468021945,0.33157261371264,0.344462979970256,0.340903109414345
6297,0.3790217253876,0.349621102869164,0.363524899383256,0.360218533987811
6298,0.346754923628782,0.314128725159576,0.328810833917995,0.325366313054942
6299,0.17641470120982,0.153987017830787,0.159338029549589,0.157784667055067
6300,0.281042657976926,0.258279381072177,0.264415056348317,0.262399188257078
6301,0.372327857814587,0.370765618473287,0.370990371420663,0.369510800182607
6302,0.389574978089664,0.387629388457541,0.389908557561338,0.388919977074616
6303,0.3829251756137,0.381256271878933,0.382910333203476,0.384730033213985
6304,0.378605141189262,0.377463136566634,0.378968977173718,0.3787014463872
6305,0.351597799801654,0.319482695848983,0.334134454884985,0.330856587257873
6306,0.373894631867773,0.360439458837554,0.37657827646296,0.372372120228854
6307,0.367793447123194,0.363563293948689,0.364707073928927,0.364572358752316
6308,0.286100135561162,0.26641367099077,0.27887367072293,0.275810104748315
6309,0.379958886060593,0.376480417865463,0.385881404284545,0.383452724702116
6310,0.638526316797782,0.598336600562137,0.616552055145529,0.611558860351841
6311,0.295275603854802,0.275046027714866,0.276202069560777,0.275873933269176
6312,0.378879656009184,0.37731124167848,0.378088915879555,0.377837569220714
6313,0.341218349594133,0.329945417499161,0.335331949594587,0.333977360066463
6314,0.410217350784397,0.375070665967695,0.390446071162088,0.386500598449277
6315,0.406001185962797,0.388522993078596,0.396828666717886,0.394506091791405
6316,0.36706684257382,0.354837593678452,0.36952044472495,0.365513048454929
6317,0.144290358886066,0.116674855280653,0.12146004138138,0.1237450567472
6318,0.251857883205283,0.22250789435164,0.234472671057327,0.235038809086879
6319,0.357367160336381,0.334259730464655,0.344664733809609,0.341853286820028
6320,0.399634840834867,0.395367481572699,0.400302509800297,0.399138553487567
6321,0.185764925511535,0.167539908742519,0.174118462714887,0.172348364352702
6322,0.386980081381057,0.38321508092519,0.384973863082514,0.38453868799814
6323,0.250128678529312,0.219281038392312,0.230834469933682,0.228874402347105
6324,0.381051445932127,0.377440041246062,0.37772520279247,0.37757864518615
6325,0.380488951705656,0.379769471605682,0.38063468859027,0.38042923156745
6326,0.364059979257008,0.336608863776431,0.346426430182294,0.343427492591058
6327,0.352186854271903,0.331840086012525,0.343628361863643,0.341032520248365
6328,0.237606726539461,0.209448820381214,0.216185035459008,0.216110428154043
6329,0.342002280365867,0.334916091643215,0.336407389548972,0.330970098819492
6330,0.204986067297945,0.200066877276861,0.203810555669458,0.203434862923279
6331,0.418171445995657,0.397064481631302,0.405194641178345,0.404783011577176
6332,0.380781224334265,0.380258453538027,0.380660395152262,0.380584760908081
6333,0.343881740250665,0.330236792113436,0.336421306175074,0.334755944806968
6334,0.238491930723563,0.20795918621063,0.217403511216562,0.215448720641991
6335,0.390120181475117,0.365090928351753,0.380332455028078,0.378039885895014
6336,0.269180319674432,0.249823010072935,0.258394226126897,0.257934759900593
6337,0.378585044735847,0.347180662101018,0.361393926510823,0.357645719008348
6338,0.384792279349723,0.382434881855397,0.396715574284189,0.392199642066931
6339,0.434481300968075,0.397358613219216,0.411944635479307,0.407762143097186
6340,0.38276691129142,0.380706361033443,0.381444076615229,0.37764981647361
6341,0.431549234305157,0.429160635065871,0.429401586451301,0.429336136987605
6342,0.37929508507153,0.379125684490569,0.379168868260346,0.379153123347609
6343,0.378329596701678,0.37621636176227,0.377884449463747,0.376916427269449
6344,0.377560508832336,0.3759885263057,0.375375612507761,0.369579193847876
6345,0.242083340001481,0.218180780651745,0.228427057485623,0.228377683855131
6346,0.396241459904425,0.390754001799935,0.408846193194248,0.404770920003799
6347,0.437832145914429,0.399923997242791,0.417249756093588,0.412932516241957
6348,0.371764787912857,0.370389393454354,0.370635417989383,0.370652803273126
6349,0.317504788327602,0.293952934211144,0.307615621819135,0.304743288379413
6350,0.209049131520332,0.17901525160883,0.182220935349465,0.181154338432697
6351,0.135248045564443,0.125987859851777,0.127121079824216,0.127139108230246
6352,0.327517011141015,0.309399625008212,0.311449054754778,0.311545646406933
6353,0.361027121373296,0.355283588416957,0.35587623663707,0.355700485744216
6354,0.377236683839086,0.376084613957162,0.376669705283251,0.376496864743297
6355,0.374079344603142,0.356504533912224,0.364650755298969,0.362214690392778
6356,0.377045136512766,0.369233664306692,0.373605484203695,0.372340588250533
6357,0.383362431568204,0.353357988701598,0.365071214829135,0.361754290661989
6358,0.372153936554054,0.367675346739658,0.379319532599312,0.375430829054967
6359,0.385048618314375,0.374504115179639,0.379363198843728,0.378108744961949
6360,0.373699663782707,0.368532912925505,0.378340683386179,0.374675114617971
6361,0.375817245212978,0.372016187560018,0.373594732201518,0.373247189467639
6362,0.148480792724861,0.128864088418768,0.134916955158912,0.133532255352799
6363,0.379397094059398,0.375923374138932,0.377887146323869,0.377103383865024
6364,0.293762269238729,0.260585100426943,0.271152293280735,0.268336918216468
6365,0.412168915666816,0.404182967219879,0.410451078874448,0.405393148278991
6366,0.22601587116971,0.199628492614154,0.209761321526957,0.2081383338683
6367,0.385834425015845,0.372607776165126,0.386888468159807,0.383281081449437
6368,0.317863720025101,0.285132177258287,0.285311222147932,0.285179401609243
6369,0.362975362558482,0.34229788418603,0.351392887189388,0.348833466706246
6370,0.242641485932176,0.230361522214294,0.2319240478594,0.231826653494709
6371,0.353658022731043,0.323015557625621,0.336963011439311,0.338232466735988
6372,0.357639760709519,0.355076095449262,0.356572908204479,0.355655807453424
6373,0.383957405939118,0.382442723253672,0.383086690649249,0.38305967508939
6374,0.31554698478889,0.288166338653305,0.304169555458574,0.304285059793705
6375,0.347742805492159,0.335859144184725,0.337634554732671,0.336845689062479
6376,0.393216243303517,0.375542358431098,0.379107600588293,0.378594211464052
6377,0.464268735833244,0.447513065371505,0.463154505275431,0.460490775801705
6378,0.376891994184118,0.376784094928534,0.376918614477392,0.372576922429306
6379,0.322734003719464,0.322714899951607,0.322837752893791,0.322726233377511
6380,0.443345586582858,0.409112782663271,0.425785409970999,0.42151403845256
6381,0.362471047724949,0.345756904050824,0.351274142349478,0.350130595484172
6382,0.374305662698525,0.373392426060817,0.383478168639504,0.379679043607116
6383,0.369930801714978,0.367202715033109,0.369137677820271,0.368719321295657
6384,0.376716952514035,0.372009653665569,0.388000601239009,0.384951643525942
6385,0.31240453887833,0.288517603674298,0.298802146414216,0.296312144856457
6386,0.380700020248623,0.372560342145281,0.377835712858314,0.374333690290508
6387,0.34101406759921,0.307168916038834,0.321840574162074,0.318174243581384
6388,0.311860640535577,0.272881983270608,0.273408140065463,0.27330294183128
6389,0.116054599255154,0.115322324822074,0.116730753851576,0.116322442948631
6390,0.157328577980136,0.127634654298223,0.130965410337209,0.130621450921142
6391,0.156988367331268,0.134792921613691,0.140589894402903,0.139178782137207
6392,0.347272325334671,0.337873580750669,0.341216486314389,0.34071935189462
6393,0.154785725386899,0.125626527774977,0.127467269796685,0.127418617203977
6394,0.145949105896946,0.117113422299486,0.121090502696222,0.121302188716219
6395,0.174135721744549,0.156175587999483,0.164798403291173,0.163604863282612
6396,0.393189939002652,0.361309033995415,0.366251548763789,0.36573764186574
6397,0.388273131456225,0.364568359197935,0.381457431812103,0.377664510199747
6398,0.227194298929727,0.202643778532642,0.204894242511392,0.203297000689456
6399,0.391169428098071,0.380002003162015,0.385339347058247,0.384421791042528
6400,0.228114822636136,0.197413275000828,0.207334407729141,0.206196993111712
6401,0.416466131893744,0.416342676277274,0.416387950936816,0.416379711684634
6402,0.381383206983046,0.371747443348933,0.378480103634541,0.37665058102025
6403,0.378971845746285,0.377448002555462,0.378247559679438,0.378061678916962
6404,0.594704157260668,0.553022240802098,0.572215633079914,0.570359056209608
6405,0.391814910695328,0.387989342532579,0.389288657738154,0.389204389949228
6406,0.378698206694582,0.377452660332322,0.377720046310197,0.377670231674204
6407,0.388701862760985,0.385350043076746,0.389366797291619,0.386907311252541
6408,0.354534348980252,0.325291560560179,0.326409721270118,0.324435706397629
6409,0.43299364177495,0.399244806431259,0.409448345799981,0.407795747536116
6410,0.331504866725485,0.312055488257092,0.320773513146278,0.317823524679143
6411,0.368859770097847,0.361846835404292,0.379132531933985,0.375843204489764
6412,0.390341533061435,0.37248650044792,0.380561838376402,0.377603275536701
6413,0.37175217688833,0.371334586684404,0.383669312629283,0.37889731444876
6414,0.26709151637595,0.240174353753639,0.251900034931403,0.249330888516836
6415,0.38192616701611,0.380413286505716,0.380439610219274,0.380181870291114
6416,0.306056266418894,0.27744463265718,0.289271826108228,0.286465843354007
6417,0.435549434342382,0.415691800301293,0.426293364843563,0.422506262824733
6418,0.376534986835652,0.375976756853167,0.376073694707308,0.375976349503691
6419,0.324699869420843,0.296474635702367,0.309167122323748,0.305979862323466
6420,0.382223430343793,0.379246416270807,0.39828014224327,0.393891365328487
6421,0.377830173380884,0.374193751741115,0.380558789697303,0.375928808039651
6422,0.376983667073054,0.369762715096798,0.373012061860685,0.372203737485754
6423,0.366969263229059,0.363199643081905,0.36375410720074,0.36345248286435
6424,0.31693786152004,0.314857609256255,0.315954452539863,0.31554198523432
6425,0.338118806680159,0.320098883449057,0.322100579359387,0.321974097770113
6426,0.310876263505161,0.281500418211037,0.294382568867699,0.291215929978536
6427,0.368353110444164,0.362342386132125,0.368963452257946,0.367765662017845
6428,0.329140239630006,0.315709282088088,0.321721691479216,0.32010988056963
6429,0.329417837855202,0.306161241730753,0.315625371799177,0.314241535821
6430,0.410130934740016,0.385275624128871,0.397191795686106,0.394107512209979
6431,0.381512938580447,0.380419346267431,0.381372601227965,0.38071380443573
6432,0.405568088681634,0.369341720122015,0.386287291390463,0.382492961695216
6433,0.390972258248634,0.365490281245344,0.365546939959766,0.365543305399937
6434,0.256314011318144,0.241129981529168,0.24318392378527,0.242795791432787
6435,0.227024291427794,0.201124891726271,0.212551239575013,0.210740489484048
6436,0.352640660301945,0.343543192264351,0.347409515762096,0.34799524965421
6437,0.378534749832373,0.377176635134981,0.377625819402125,0.377371159341022
6438,0.349657781692997,0.316004197156833,0.324310494705502,0.321429769260465
6439,0.241800962014667,0.218590505290044,0.229112938371387,0.226768954010897
6440,0.223421133561468,0.219055214702955,0.220898882377279,0.219971231246656
6441,0.326084631433704,0.305844561862917,0.316403619943464,0.316612426943361
6442,0.375005013164405,0.363168739232208,0.368905520562765,0.365330509589512
6443,0.129289948353906,0.123454027258846,0.126474065110004,0.12570656649273
6444,0.30815357859282,0.276827252584317,0.289736606348645,0.286715750356121
6445,0.224922091423175,0.201536193218315,0.210614504846112,0.208401306265718
6446,0.378314760195718,0.378099925320813,0.37744921992717,0.371994688987667
6447,0.203292525303569,0.202464882624374,0.204833443534375,0.20403914126116
6448,0.377378079656165,0.373936006825685,0.375224594331286,0.374955204769927
6449,0.43216802212801,0.396342390321857,0.412873323983159,0.408530774772099
6450,0.388338124805081,0.350100799147497,0.366257889603473,0.362421929069069
6451,0.398110670377003,0.390665709804347,0.392702524910503,0.391965958510597
6452,0.243590447818787,0.240243011224636,0.245302351849723,0.240218893343675
6453,0.10740339152638,0.105362590087125,0.107068024434875,0.106985862223634
6454,0.131348125396576,0.110588329689255,0.113155515552335,0.113200140856796
6455,0.389190717758373,0.384367489403968,0.38850423345901,0.387210664219229
6456,0.395232061588884,0.368788780999859,0.382421270575669,0.378893638331091
6457,0.403301626423413,0.39726023113952,0.400625651639371,0.399729368034526
6458,0.380392242542496,0.379850233442632,0.380138725987453,0.378817937657138
6459,0.368747872274924,0.327560285628828,0.343915042871357,0.34340400127851
6460,0.313212537369004,0.31160600025065,0.312124644723321,0.311774183072878
6461,0.124559051029608,0.11130448760547,0.111314046724658,0.111294788302623
6462,0.374945652005824,0.36352891383406,0.368503527484349,0.367337017416627
6463,0.377811699415903,0.376465284536509,0.377845624912321,0.377518328717364
6464,0.372240079519554,0.35794698505963,0.368640204965955,0.364147867092008
6465,0.194477158969714,0.17190550935113,0.179544275554453,0.177483667737873
6466,0.126935926012132,0.126698900892917,0.127486870939343,0.126475805830942
6467,0.381590880877202,0.379383968017211,0.379543551435109,0.378878997172409
6468,0.173120471109297,0.168457016483343,0.169343333423703,0.169048165163299
6469,0.521146359520381,0.504010210803379,0.518580920329761,0.513718417532755
6470,0.378471702761941,0.378167610872194,0.378718445085479,0.378487334857175
6471,0.345139629662305,0.321777153040437,0.330359898916845,0.330783601839896
6472,0.335619360522194,0.313843267580893,0.31411397656193,0.313939057148562
6473,0.227844449650273,0.198107473042631,0.20837885652464,0.206884000111364
6474,0.31602643208512,0.291083055625965,0.302238461942734,0.29933842441944
6475,0.274428357990388,0.244656628578708,0.257547633120946,0.255722363771577
6476,0.383873295868689,0.380773455276797,0.390775135696067,0.386254635615682
6477,0.342174047978751,0.309200077795666,0.323948476960535,0.320512808279459
6478,0.283700178066352,0.251333117082912,0.263161506568883,0.260628546533484
6479,0.390257885731645,0.380670174346177,0.384163082230414,0.383803387320927
6480,0.272447278861826,0.254244419250005,0.25490225854743,0.25494229595278
6481,0.407883239722648,0.384888598679948,0.396763121439203,0.394498391647357
6482,0.447234594076797,0.410559601648709,0.425245007979471,0.424853747678562
6483,0.324951834518458,0.318259641322321,0.31926350015171,0.318791197680389
6484,0.388816224498004,0.379940427783704,0.382765403073673,0.382442614120292
6485,0.154840360959897,0.1283613518914,0.13498822367583,0.134580173853846
6486,0.268145135664365,0.25574302270067,0.256345882988532,0.256340535708462
6487,0.365044980453506,0.360544442708401,0.362479703707497,0.362027103542599
6488,0.14946896890724,0.119270967032341,0.123353552025883,0.122402086891361
6489,0.333568695542738,0.302344543038041,0.317395307694173,0.314598161978662
6490,0.380155630982332,0.380065274989437,0.380118116834287,0.379873071938505
6491,0.381103577647389,0.372764644507292,0.384806151351609,0.381298767166935
6492,0.395459204022281,0.38190284479728,0.387793582550193,0.386977316836695
6493,0.299258731675377,0.273106959565166,0.286287503520448,0.283044466605051
6494,0.40945561306111,0.407607784156864,0.408440550898198,0.408438196565227
6495,0.19296168771549,0.192910214982909,0.192928261855694,0.192950277977277
6496,0.3781538636377,0.377808492130229,0.378463548211247,0.378132582774929
6497,0.205306092715398,0.176382199553436,0.185263765333144,0.18420677178822
6498,0.650073577523228,0.608456012140865,0.628602243381991,0.623853396423166
6499,0.319337681942934,0.286244109513147,0.297091407649208,0.293958373780129
6500,0.441857011840697,0.403947068435665,0.42132251505178,0.416817710679224
6501,0.369273366701515,0.349710480475347,0.358627859427195,0.35359641643207
6502,0.326589760056851,0.29528746865651,0.309114306072791,0.306000166945937
6503,0.376322888366344,0.374384452223968,0.375298287039811,0.37519528262138
6504,0.382991421541349,0.341964986173194,0.356174512645612,0.352051347102675
6505,0.3879189244758,0.373595157875932,0.37974330429217,0.378126444901367
6506,0.37459108201628,0.355325827011182,0.362941704076879,0.361141293121797
6507,0.225068845915245,0.219599885258204,0.220230945674322,0.220122190010026
6508,0.368622432677022,0.367381900982213,0.36782303691538,0.367842387504996
6509,0.264189365741735,0.238195151966423,0.238928812901422,0.238787550919282
6510,0.417349815474685,0.391050535950531,0.403076200232942,0.399741487118859
6511,0.384191660905464,0.378279528991069,0.383826952516414,0.381292402188695
6512,0.391306994381877,0.362418765618209,0.375381161969942,0.371932172042562
6513,0.407614630154842,0.383217409405055,0.40109034099594,0.39713171106838
6514,0.369199088530581,0.355954259970392,0.359085934192557,0.358999719297963
6515,0.19847911995847,0.174051126534791,0.182022254140685,0.181484102239117
6516,0.195659224928639,0.165271090133847,0.173119600904361,0.172458930155306
6517,0.376833401077466,0.372174851711629,0.377088145047815,0.375124813687437
6518,0.377912949883049,0.370626741306599,0.385253308243124,0.381432412112982
6519,0.382074555206221,0.377462520618198,0.385060683689696,0.380630552379219
6520,0.403286472577047,0.370603627658974,0.384760662298552,0.380942006101827
6521,0.369333678302633,0.340206411988889,0.341528116706711,0.341496831192753
6522,0.274452736760663,0.25450444110913,0.259651998302723,0.258147262549563
6523,0.3743097903001,0.360872973735769,0.365633703352749,0.364526595114872
6524,0.213855550253767,0.205656356800104,0.209671209502054,0.209486803162977
6525,0.218588618469374,0.193674381083583,0.203605356344349,0.201656883594031
6526,0.355684887853539,0.353377279637716,0.355431708886617,0.35460794588035
6527,0.324646337350008,0.313129634981568,0.327686540116955,0.325627545094721
6528,0.377793166731894,0.377615414596431,0.378049460088153,0.377897404799197
6529,0.3810822573551,0.373476468009523,0.380296668145252,0.3787469993204
6530,0.344911217625515,0.335294494142267,0.339645418850863,0.338610700434519
6531,0.323791179496486,0.30594787154781,0.314380197029093,0.312167258607179
6532,0.202993018717739,0.183789764330961,0.18404486082593,0.183306133969745
6533,0.326920526212539,0.305249603121791,0.317942134922632,0.314982755432318
6534,0.380689777005524,0.348516876086959,0.362687006004548,0.358904702796799
6535,0.376020964315662,0.374776294023179,0.37569658114248,0.374757375131341
6536,0.365816633072954,0.35757042051257,0.363169568664485,0.36164726084476
6537,0.365370573739751,0.333478054886408,0.348077909961716,0.344489018457453
6538,0.33684792636217,0.329301960300326,0.330492148522728,0.330460027014144
6539,0.402978211691695,0.392963951156917,0.397641960778291,0.397401424316092
6540,0.233043219072175,0.225174101664621,0.225760519811615,0.225796772082451
6541,0.343977341685217,0.340919366624595,0.341954910111129,0.34179919346596
6542,0.154114001568133,0.126540437593019,0.132225786875603,0.131906583379318
6543,0.170603710717568,0.145283347115581,0.152628882298593,0.15183959084617
6544,0.382185864642813,0.380072804351584,0.381463634411911,0.381104430933468
6545,0.378045759831735,0.376842991530386,0.377336572596123,0.368277490289286
6546,0.356162371597167,0.33813242843297,0.341971310460496,0.339010198655888
6547,0.462140834705584,0.4293663545329,0.431799432945152,0.428261519097225
6548,0.381827028380816,0.374941220107069,0.377437221242889,0.37720227011545
6549,0.410965632744355,0.400471524328078,0.405145261060084,0.403941921579085
6550,0.188413229380314,0.158707224521381,0.166199076867107,0.166232665260373
6551,0.367184958316955,0.358675924097319,0.360981252955255,0.355206285275589
6552,0.376826764034005,0.375752806587908,0.377048319940042,0.378168241954928
6553,0.409218689444873,0.403045423788536,0.404086812607829,0.403615683031866
6554,0.373261988664557,0.368392477869425,0.36993162235372,0.369748125433912
6555,0.426404888743451,0.399362673143872,0.413773060565481,0.409745452860672
6556,0.239807769692841,0.214139455060973,0.224529543425275,0.22225080735502
6557,0.373369851218785,0.37088783457068,0.374174573025508,0.371006175810835
6558,0.37819044900725,0.3766414927108,0.377657197811367,0.377590551187652
6559,0.344682375395664,0.315370784797707,0.328991010133213,0.325255136801684
6560,0.437684242173318,0.411324533748919,0.423280124178532,0.420510673054426
6561,0.425644648475458,0.403892999800637,0.412710704218685,0.410366697688438
6562,0.374277203219613,0.350869515001518,0.369665161617591,0.365795807287182
6563,0.34294105257699,0.338757669922022,0.340472960293343,0.34053098693999
6564,0.398584606750005,0.388598214889331,0.39307526794792,0.392085763071224
6565,0.356491901695542,0.326374459208662,0.3419131167003,0.338128082258144
6566,0.347612891615418,0.340299609963938,0.358759983460465,0.354893053872665
6567,0.383953194214406,0.372501046475527,0.390590623123458,0.386311043949919
6568,0.375355405491089,0.374147460756254,0.374614311578714,0.37464282177636
6569,0.426605434096738,0.379350429478906,0.39353439461765,0.389517398676882
6570,0.415604789712686,0.410068543801462,0.426958354822201,0.424419976528186
6571,0.392175848979976,0.379082650348399,0.387020635694519,0.384852235747838
6572,0.378409977433294,0.377373058011993,0.399027877051023,0.39486853178674
6573,0.434922537134796,0.418546117079796,0.430437906374378,0.427933971305329
6574,0.205679108254173,0.197087073992196,0.19831320376204,0.198069339824605
6575,0.376972691519723,0.369618794792303,0.386588541443431,0.382390586249934
6576,0.375765439174997,0.34984370809968,0.368327010636901,0.364799521354864
6577,0.388747578057023,0.354989151975527,0.370396876005997,0.366616083252936
6578,0.378466222010092,0.367738345462275,0.3711526390805,0.368335812701375
6579,0.381237253826494,0.379387468240535,0.386288773284322,0.384412683370109
6580,0.333664123936066,0.315355692723167,0.323060892096472,0.320642697600196
6581,0.378288097536547,0.377675899282122,0.377830569672392,0.377853153642058
6582,0.365211449629244,0.355586762338106,0.360359924184091,0.360998722439686
6583,0.256445476089847,0.23259651062896,0.236358462228604,0.236140102370682
6584,0.347382511867041,0.33274901460416,0.339182116951438,0.337492788473263
6585,0.378447006038065,0.377406125764179,0.378465177783758,0.377967318850375
6586,0.402599268577825,0.384436587163199,0.391667351211299,0.38944000658796
6587,0.336578947149673,0.330395306663711,0.33043319808752,0.330419192856313
6588,0.396196397213924,0.388740448495744,0.391426803681524,0.391422229795102
6589,0.146210256884814,0.124966523083511,0.131161939442247,0.129963125556428
6590,0.37818711341379,0.375619055755759,0.376413184625624,0.376037193730891
6591,0.290175850870833,0.264079616007577,0.280713034046257,0.283540318322075
6592,0.379860180986263,0.359088779353168,0.371351478337705,0.368213548580911
6593,0.382084769574865,0.370581681634189,0.383460067381047,0.379787703034176
6594,0.40862129365439,0.377378284412531,0.392356657789095,0.388130178037857
6595,0.270695370451833,0.241653823733529,0.254104174916536,0.251481544250642
6596,0.38570307876475,0.374886303849903,0.382895435245944,0.380749236212718
6597,0.369481942155553,0.36529677956785,0.367088260871769,0.366713428371598
6598,0.3198444647391,0.301411581036316,0.310801541775937,0.30820058258289
6599,0.377876725716825,0.331001668631237,0.346333898788315,0.342640263815363
6600,0.232133412585038,0.202905539193642,0.213797119956111,0.21211438291675
6601,0.373287311408001,0.371005633462889,0.371740373444067,0.371501070089224
6602,0.374049609163086,0.34750459756922,0.363398471546069,0.359630124554665
6603,0.409853499739646,0.397398270660978,0.403902011236398,0.402425564346125
6604,0.376848088689161,0.351286328919024,0.36284353807287,0.358306334563958
6605,0.359474484681673,0.322810748276817,0.3338053996064,0.33046556264793
6606,0.376456281366373,0.374314174250102,0.375184787061013,0.376674958555348
6607,0.293357257842336,0.267754777086802,0.279508979325166,0.276099036171423
6608,0.182758421354665,0.154671837170335,0.158798908412565,0.1589150221594
6609,0.180924980364416,0.177638493948504,0.178388711271839,0.177943587496193
6610,0.369433041386989,0.358546238323305,0.362916457657762,0.357687612997289
6611,0.37082604813643,0.370195720993762,0.370441897903879,0.369902282124091
6612,0.374069929023984,0.372138836963626,0.372765762957081,0.372723135173172
6613,0.382880297325013,0.379754751594771,0.384242462166929,0.379759326060848
6614,0.372175860137831,0.36766842838147,0.369569148110707,0.370032688850332
6615,0.375554433627685,0.374742231654075,0.375659090420341,0.375244044571792
6616,0.381886497288217,0.372439953682624,0.378695040759539,0.376774838808472
6617,0.263724136573219,0.239758827778247,0.250746651601335,0.248120134258759
6618,0.376127600109819,0.361783292326486,0.371868608455117,0.367410023546407
6619,0.389178547572523,0.342923895609336,0.355907826761615,0.352271487202044
6620,0.39221565491442,0.39126382862475,0.391290306458945,0.391143192929149
6621,0.251331460045281,0.226348077787232,0.232210034544104,0.23162597524134
6622,0.41700063040952,0.393652298335774,0.39386806301571,0.393724167215837
6623,0.364058433028732,0.360453385411938,0.360547140696763,0.359719987786627
6624,0.335607429445376,0.31365787184622,0.323835914086423,0.319719351272061
6625,0.378745430465401,0.366631978365016,0.382688200982338,0.378779497719064
6626,0.379908552286945,0.379686688200784,0.379829634921998,0.379790222964855
6627,0.370570526817807,0.368779504690219,0.375758136046941,0.374249311365593
6628,0.426277358098505,0.412550770824885,0.424784803820476,0.420075854740601
6629,0.190882946126587,0.160871651190421,0.16829283829656,0.168222017143031
6630,0.396785448357053,0.369881340362904,0.382051847173255,0.378892712005998
6631,0.377561251904569,0.377412161040626,0.391006923686143,0.386252751984971
6632,0.215557973449243,0.191521218679104,0.200585740274318,0.200517284314796
6633,0.452209197155674,0.423083255808814,0.434047509494129,0.432029687623895
6634,0.37859413365848,0.378093569973967,0.378704860726777,0.378524935941141
6635,0.182038459367716,0.155962752964857,0.158979182467857,0.158147048221302
6636,0.382101624559804,0.379356849525257,0.380161940145795,0.374924322845188
6637,0.401684677552545,0.369976864515879,0.384314413156642,0.380781469911386
6638,0.435740140979157,0.40920256337458,0.421794112336092,0.418509294635858
6639,0.291093699975209,0.269926732453001,0.279533182229274,0.277349767696888
6640,0.35913930884878,0.353717572810168,0.36241765424548,0.359032807363276
6641,0.242728260334892,0.214670789023399,0.225348127960063,0.223394353085713
6642,0.339554693214757,0.321649447141609,0.330207582856405,0.324114149576682
6643,0.38827121611477,0.381696274780895,0.385483687790889,0.384466435666269
6644,0.367785969346626,0.349760831731156,0.358363755099829,0.35331244400067
6645,0.380561671007862,0.37828067359811,0.379309721988239,0.379199162075116
6646,0.140335896937536,0.128120737732715,0.133780070759949,0.132539070005509
6647,0.314751437793013,0.292182905951431,0.300100875123483,0.298302493324358
6648,0.407651379192084,0.40366486363499,0.40431938001053,0.405556933977653
6649,0.299003250703488,0.267014779436777,0.280627865394716,0.27869184844718
6650,0.369080124026712,0.351448135519577,0.357934706502788,0.358085533543138
6651,0.373061955611223,0.372205580857988,0.388455106096553,0.386884489132743
6652,0.372741098228878,0.36793665628239,0.369967913820772,0.369565238781449
6653,0.39200644148259,0.386862455541286,0.3891478129456,0.388594785467731
6654,0.392031359612739,0.38701043765597,0.38804526920742,0.386313474770951
6655,0.381884086688159,0.379381891080008,0.380482399977252,0.380281312684309
6656,0.311630112182894,0.280813412065794,0.295330838089339,0.294863065927419
6657,0.378174066638129,0.375395150011554,0.376294144145537,0.375954296076706
6658,0.28590915910129,0.259485915267793,0.271551348506993,0.268820750592404
6659,0.375492898297797,0.331068744482874,0.346961272109356,0.343340749487266
6660,0.378945685732684,0.378613828568768,0.378745749991095,0.37866901513062
6661,0.387103490669758,0.368260381475949,0.384671741994404,0.381429485075037
6662,0.375734173315676,0.375012508609536,0.376279343877498,0.376034282930343
6663,0.196655536145761,0.174546481830106,0.183902414782165,0.182189133697569
6664,0.340367210290845,0.330231932382499,0.34125675019898,0.336603292713847
6665,0.414261001756487,0.3988767338867,0.402725625684414,0.40152997978221
6666,0.372735529248209,0.36995547735592,0.370256864103203,0.370197531938808
6667,0.3524770975164,0.325277720290352,0.338380803072234,0.334925197309537
6668,0.34425151869167,0.331861779286587,0.336869728411084,0.336388565204201
6669,0.163998722636573,0.141368209443227,0.149848138941246,0.148940807759169
6670,0.3872228482302,0.386433751224544,0.387009143192607,0.386293661543314
6671,0.425453690162515,0.402284456361829,0.416577328513675,0.412325885961152
6672,0.307743849136869,0.273980370690175,0.286463450086253,0.284247941916226
6673,0.344653599472052,0.339755780782018,0.35909198413717,0.356400129046547
6674,0.330748631053651,0.304175448759011,0.315936050636305,0.312763764557406
6675,0.383583067378011,0.354121393683033,0.37197722752171,0.368016090820781
6676,0.377442414193289,0.376668179131623,0.376759699578663,0.376638203755929
6677,0.224997059706099,0.1992365138391,0.209439293060399,0.207393179691135
6678,0.386655217387266,0.373550661167922,0.385906820984688,0.381209986127509
6679,0.374881574896518,0.347172952824228,0.360344487618757,0.35825673550462
6680,0.447115310377289,0.436417236487908,0.440679629301622,0.436739419219505
6681,0.350425492973775,0.325858306858072,0.339017815825664,0.339938999091951
6682,0.372356912573442,0.367726464189504,0.369664637783206,0.366045363202254
6683,0.148095209272951,0.128283897785188,0.133852568613872,0.132304933621495
6684,0.357623502295757,0.344951905519287,0.350513788658343,0.349098785215485
6685,0.390041756973341,0.385578038976316,0.38806426956331,0.387888093669358
6686,0.376373563465564,0.352147859133333,0.357279762961982,0.356686885423446
6687,0.377222173467394,0.368436071025725,0.372157064771587,0.371270261154751
6688,0.380582001479367,0.379349296300018,0.379895546718851,0.379756560308996
6689,0.388431267101488,0.383900004314918,0.385917276839849,0.385397801211324
6690,0.381198842051312,0.372235534362155,0.37648078912061,0.375610942580788
6691,0.415131380184927,0.382494164881951,0.397324598126927,0.393442627165592
6692,0.373087063628095,0.370840889796826,0.371975930491906,0.371748276805118
6693,0.367961835724108,0.350957309578106,0.3514817094532,0.350594284811618
6694,0.370154619982106,0.361985569836829,0.365368464996293,0.363952816509445
6695,0.328257679178749,0.29460158256514,0.307296198024986,0.307227718328012
6696,0.222354904457443,0.19984550611909,0.209812315736078,0.207706864742552
6697,0.362258545047906,0.353250570773392,0.357117546820006,0.356677461003657
6698,0.379054670489661,0.358480276478449,0.373984022993142,0.369454022883299
6699,0.407926388610414,0.400392458496232,0.41633924758457,0.411842453325136
6700,0.37784803380943,0.377402676717278,0.377558966335985,0.368483749917464
6701,0.110130871468142,0.10947009383995,0.109796392243254,0.109640087777751
6702,0.366649143380807,0.362810605323969,0.363311571282201,0.363251340137637
6703,0.377177438708486,0.374797437827315,0.375902328805377,0.375622241021919
6704,0.274247373821683,0.274866006069069,0.275731273084791,0.270453258092735
6705,0.40784729251222,0.376023813022994,0.391117088737937,0.387166122966348
6706,0.355696059227886,0.341795271755835,0.346592818576036,0.347233027531429
6707,0.326133886213507,0.314610586755667,0.318679865460762,0.318718029267628
6708,0.420620638200878,0.389211863505129,0.404065435019992,0.400363923939783
6709,0.274911707911433,0.243386529603142,0.243385856648672,0.243370658059255
6710,0.335708560859327,0.302974655463021,0.317559490124122,0.314228970614977
6711,0.35910681318315,0.358547886680597,0.360840385270556,0.359989636343504
6712,0.267192573441698,0.236424654198113,0.248700538153483,0.246484533216549
6713,0.327817095148811,0.298310486525121,0.299683440075924,0.299523401290231
6714,0.29843950483421,0.27066011084837,0.282931549538631,0.280403268211406
6715,0.259155964339742,0.232247559710878,0.242756651631984,0.240266792864468
6716,0.160927676370996,0.132368596941035,0.136732654586556,0.136709016794311
6717,0.384899043099733,0.382915116730583,0.383683381771202,0.383427365486044
6718,0.395883567441566,0.367169482284182,0.380086266175356,0.374772905596656
6719,0.386657030486663,0.381983268441141,0.384322207275524,0.384303281015542
6720,0.378970186849925,0.362189224139639,0.365198502083124,0.364434950869543
6721,0.377313240940147,0.377176698648722,0.377191733623063,0.377187920877723
6722,0.386002793329178,0.382069863436917,0.382286828106262,0.381540038010247
6723,0.380844429719629,0.379266311233821,0.396790813840096,0.39236109044895
6724,0.132591505405583,0.100817161340353,0.100768313909009,0.100751702511848
6725,0.275611840331172,0.275378264122649,0.275660518457783,0.275585837852358
6726,0.362976018799837,0.327956644295245,0.33953168985933,0.337152778449561
6727,0.373404585825652,0.37073161795722,0.372309005882083,0.372210853155037
6728,0.360246089946849,0.351453394229179,0.354239175953712,0.354169634431097
6729,0.37630968724516,0.369450412521907,0.376246786990126,0.372379091001792
6730,0.457259676883986,0.424042855512257,0.438399532032792,0.434239193198075
6731,0.315995649499762,0.288330122119266,0.302939172716166,0.299525199991797
6732,0.37751130356444,0.372475255368454,0.374727923310012,0.372946614910075
6733,0.319724565766983,0.292221444434001,0.303980203360721,0.30089508871433
6734,0.187399221198934,0.160839254347138,0.169201708354431,0.168214699389536
6735,0.22715408471292,0.226346755084377,0.226531904216078,0.226507547039739
6736,0.382201154105744,0.376481012940045,0.379247890040924,0.37922093761199
6737,0.374970088626136,0.370010440461811,0.372556586678547,0.371453941604726
6738,0.231853848076354,0.216371249646512,0.223049089090169,0.222088315332637
6739,0.364558601928531,0.359927672483541,0.361921916872651,0.361451128918483
6740,0.410420391458638,0.375825721818283,0.391621627173762,0.387720640544202
6741,0.372467367332845,0.353655902747155,0.361195403189835,0.359014280367861
6742,0.370541593546151,0.364693517034106,0.367895962114411,0.366762704850999
6743,0.377642868339088,0.360578019181285,0.367383593383385,0.366131901785874
6744,0.298768525398782,0.269603409311355,0.282397028088016,0.279159009742672
6745,0.331953090881094,0.303330065899554,0.316310241168807,0.312966710997141
6746,0.384417375063582,0.382925449887987,0.383762999654452,0.383381078895756
6747,0.337740463359641,0.305822589065402,0.316709352806434,0.313755834564075
6748,0.377203507090354,0.375965299955018,0.37639960821933,0.376353417994702
6749,0.263200129875689,0.247870102013854,0.252997453872251,0.251623630525968
6750,0.47576890850521,0.461085936806515,0.479525989321454,0.474527380690611
6751,0.488063623503345,0.45115125662781,0.460523339666705,0.455919576031996
6752,0.344669161600032,0.325037615671113,0.338455396080033,0.335131409110287
6753,0.358816707801154,0.356263433602579,0.375098990766191,0.370935210447583
6754,0.347324876836537,0.317061820712772,0.332923960674174,0.333284148699421
6755,0.349164185425433,0.320740039309771,0.333961433547037,0.330249939821957
6756,0.378057165703789,0.359582636476096,0.37528211360505,0.371140669048466
6757,0.381275129220513,0.379560689780403,0.380149866500053,0.379978052824085
6758,0.378210361740981,0.377477465584441,0.38253213353328,0.377903733237742
6759,0.379443125957197,0.378249872509124,0.37764369080732,0.371989554322619
6760,0.440407681776635,0.41078265462156,0.424125302023784,0.420621005551233
6761,0.366371149936637,0.34230843028568,0.347009961722754,0.346390635064697
6762,0.336951955350076,0.304113129566235,0.318770207308827,0.315177893700056
6763,0.379501942271664,0.378866240953235,0.400490509452215,0.397414412831249
6764,0.381636954004478,0.377406056253536,0.37906392553216,0.37895250563996
6765,0.377735573820966,0.373605341584017,0.377975785943929,0.376794591457172
6766,0.381974618512693,0.380105367043735,0.381239569010634,0.380970944413528
6767,0.382094692230498,0.349879072103413,0.364523785013712,0.361220838216185
6768,0.370630078578338,0.366321072109263,0.368237997453805,0.367819805427308
6769,0.302673003150055,0.275313885831082,0.287777685023824,0.284721635734944
6770,0.380036311532272,0.377198278673158,0.379208196485687,0.378594427338769
6771,0.100357647304648,0.0678642305414161,0.0666061414928797,0.0665749612958051
6772,0.475303444018113,0.44886551048731,0.4618995250611,0.458591344045532
6773,0.430209424028834,0.414162357172116,0.419823655108705,0.41811324544627
6774,0.372686419740115,0.351203226420912,0.362265192941121,0.359684748646197
6775,0.385365169896959,0.371905292273723,0.377198344198887,0.375663318941952
6776,0.152234144912859,0.15024276920117,0.151264800310882,0.1511021706094
6777,0.511039936312704,0.472018938503568,0.490470430250223,0.485967626470783
6778,0.3114455640267,0.299023709389395,0.303472928026743,0.302308925087583
6779,0.104772386119597,0.0728165640242724,0.0711713379892015,0.0713765066091831
6780,0.343035991298431,0.323488385268609,0.331667289838426,0.329281502238588
6781,0.344040823540187,0.319018739006972,0.330309339922082,0.327275553459779
6782,0.172681970052576,0.143365067947057,0.148983215265824,0.147778569704483
6783,0.388474026884229,0.385149574347438,0.387275575168469,0.383789229969864
6784,0.377907840133951,0.334598835455936,0.349209830149908,0.346361978599394
6785,0.376793082728958,0.376236417119819,0.376502200134618,0.376491725390813
6786,0.180184837750497,0.159428670863839,0.16578067373328,0.164406205127275
6787,0.377187280229002,0.374476706976988,0.376691221476246,0.375712129582045
6788,0.374865828602721,0.373301679394327,0.373860127631151,0.373699886646384
6789,0.644765152110779,0.622370371242865,0.633166261352748,0.631416968532406
6790,0.371447709626757,0.365387637381019,0.368547423538326,0.368249420302193
6791,0.382033737507551,0.334997423918166,0.340554681610083,0.340068070570031
6792,0.375820490849213,0.375029567413554,0.375089412882117,0.374825590929102
6793,0.141026803441413,0.110200655408218,0.112189259997657,0.111182224570708
6794,0.452458205616339,0.418789582208875,0.434358030038847,0.429647206044776
6795,0.382433471902215,0.347842782707776,0.363566541930913,0.359754145208517
6796,0.284959293051046,0.253464287877139,0.266669666169509,0.266179949937252
6797,0.45248887931989,0.425974564593953,0.4325424107236,0.432550181603646
6798,0.344529816973648,0.343138186357846,0.343680832295816,0.343500542234663
6799,0.328527120474348,0.313339299680829,0.316129713239668,0.3141131043926
6800,0.200433095994733,0.191818939449455,0.193324145386331,0.193188017702272
6801,0.378371493538579,0.37648227853446,0.377962607761328,0.377568879820919
6802,0.346463281824396,0.334645685795571,0.336324327946001,0.334991453910573
6803,0.384470522969707,0.377749925142278,0.381763866822581,0.380951637551721
6804,0.359849193851446,0.348454408840772,0.35409235755044,0.352391282759731
6805,0.451642961495779,0.419229282247638,0.420446935779697,0.420357115348576
6806,0.353870536827863,0.327966618952453,0.341133567664309,0.337883142078472
6807,0.273002710144777,0.255920923826797,0.255968648620684,0.25597017243632
6808,0.375408882909072,0.355380623049915,0.372163285054045,0.371700425113624
6809,0.420264529761089,0.40658860678224,0.421460276860728,0.416808789082531
6810,0.391879584611356,0.391629005384053,0.392667792291449,0.392604964716657
6811,0.373649377800276,0.361423514854773,0.366673396292007,0.36535880719566
6812,0.317971804652615,0.31224053854917,0.318689321103603,0.317663943898942
6813,0.263358800522415,0.256666664463231,0.258376290965838,0.254227951478138
6814,0.433999773546175,0.395870849451638,0.412761531991426,0.408510618835764
6815,0.338603035894848,0.330009576638871,0.339206693071672,0.338456536528802
6816,0.372550373350629,0.346188187926088,0.359162129791464,0.355819335879867
6817,0.270218832189242,0.268674614224152,0.269043709808197,0.269044524787999
6818,0.404556063333828,0.389856963990276,0.394818643902787,0.39329856937449
6819,0.388831113183663,0.38153460211736,0.38479191765002,0.383974459578541
6820,0.403168775907905,0.401462067170737,0.401953720152993,0.400065533812107
6821,0.38001756407946,0.379669880630544,0.37923295305674,0.373355532663803
6822,0.367064526929416,0.341394419175704,0.352878582212077,0.351300410108114
6823,0.397551199253602,0.389336134787175,0.393129026189718,0.392105698445665
6824,0.37731244078186,0.36228210176521,0.367929628396245,0.367542943263606
6825,0.312233681275369,0.281062278362591,0.294662469033121,0.292810845521443
6826,0.378645095032727,0.371083891694186,0.374076788020139,0.366202225316715
6827,0.413669692712383,0.39750016289719,0.40342110635087,0.403547530194763
6828,0.380391639335459,0.379157046027398,0.379595267041705,0.375160153933964
6829,0.220201787348954,0.192642212346596,0.20281564749229,0.201274722667182
6830,0.249512109515689,0.226258743635268,0.232841114971764,0.231049973028422
6831,0.382547508846777,0.378468935144263,0.379945052362838,0.379885771594079
6832,0.17879673773714,0.150497966042049,0.158320471275295,0.158275866304466
6833,0.320493577537595,0.299593471350151,0.31062881790179,0.305855546007797
6834,0.231535844197021,0.206489491879663,0.216548305156752,0.21399267875444
6835,0.32659140486579,0.309890126245566,0.315693567413761,0.314394841437835
6836,0.380099934095408,0.379844934912895,0.380139741856563,0.38004974623246
6837,0.393482173957262,0.358502773561338,0.374694509704332,0.375514138653552
6838,0.374034813316709,0.370382478081377,0.378818797633022,0.376080314406899
6839,0.364618800718881,0.351107868520444,0.357134407189543,0.355512611561047
6840,0.384932489507965,0.381842663484549,0.38295478295293,0.382664924292306
6841,0.404699491817622,0.39029332193858,0.394207168483628,0.393979383369954
6842,0.280914281626104,0.258912587982258,0.273256705931211,0.273264564819166
6843,0.379340839140085,0.338753744903849,0.353188655613334,0.349511458161714
6844,0.377856921104222,0.372325691933717,0.374811176789447,0.374165251378602
6845,0.358688810396816,0.335490884514635,0.346228142333628,0.343251762934839
6846,0.379784793661461,0.36860506651512,0.37775990676067,0.375450055824649
6847,0.361607432729439,0.358034700973286,0.359036837435942,0.358899199011666
6848,0.365762772441236,0.350721432700722,0.366970729355877,0.364028474939637
6849,0.384417476533779,0.383381309245971,0.384292523401897,0.383966683337514
6850,0.126360667124364,0.0993489782208579,0.0977837983577833,0.0975985652030632
6851,0.330809215822954,0.306073509656703,0.316701809015678,0.310989472669734
6852,0.376539676210946,0.368026496879598,0.369809831765109,0.369737737566324
6853,0.381844245344057,0.379941445098248,0.380648549923126,0.380498407569642
6854,0.397860434308339,0.386437963169721,0.391386370294457,0.388861154016145
6855,0.317010746071494,0.304400777926875,0.307577759961262,0.306986225023263
6856,0.366699864234118,0.358220744421014,0.361593615186333,0.3570957519635
6857,0.314757392550451,0.285614099769183,0.298510242785994,0.294805402152564
6858,0.377021871781134,0.342121384518898,0.357685893745318,0.353783977651654
6859,0.340872536916569,0.307226811590677,0.321768312393845,0.318030844150007
6860,0.307629272993556,0.285430268747814,0.292172377891527,0.285702881115247
6861,0.239949552931881,0.225752945997774,0.227062552673477,0.226614462548201
6862,0.377204741649649,0.375926729800648,0.376963398206541,0.376683957985754
6863,0.403114673061087,0.381759393626868,0.388301847643355,0.386454706762046
6864,0.331997108246766,0.312816365877104,0.32160553912587,0.319834087892719
6865,0.437366145105079,0.405351318567834,0.418159390362285,0.415671239527201
6866,0.391470675863831,0.381702728232471,0.384884363561762,0.37818950198165
6867,0.211320651076798,0.187666726671079,0.197369353273449,0.195611952336193
6868,0.138886325377012,0.105659267312604,0.10320630161745,0.103198131608186
6869,0.257019573690924,0.228808985559657,0.240285597473036,0.238286811438387
6870,0.376457580964157,0.374872831882139,0.374996076745507,0.374939646952751
6871,0.341742214022535,0.309764262580844,0.324392376460767,0.321018421332646
6872,0.357721576763358,0.343188917938553,0.348010227607304,0.347925388171416
6873,0.377014787529262,0.375210866465611,0.377700490158366,0.37696160697634
6874,0.16499419868339,0.138918764020254,0.145998829524793,0.145174416756927
6875,0.336549753688443,0.310778788203018,0.322380775830151,0.319338662586799
6876,0.367508527428227,0.357003266367107,0.360723131049661,0.359625929257099
6877,0.640340909288711,0.598765926871392,0.618764891365245,0.613339887077339
6878,0.359643187576777,0.353030252683171,0.369086348761002,0.365503905983556
6879,0.291967523411886,0.281098270294228,0.283091153867088,0.280712961521134
6880,0.366202058996108,0.362456890301974,0.381915647052599,0.378003550366809
6881,0.410617384367993,0.378304753601513,0.386087623122119,0.383722937775155
6882,0.373263365561535,0.369353871387604,0.371414264470437,0.370899067515503
6883,0.446616958190186,0.414424791620569,0.414464585539724,0.414453730527983
6884,0.327153397736426,0.327009186032286,0.32740751161476,0.327196227167412
6885,0.374035120244193,0.354350359892287,0.364125262468328,0.359614107785836
6886,0.144877342929504,0.116729295061445,0.121028079948069,0.121661298627545
6887,0.379326002118397,0.378260278815137,0.380952237693129,0.380124192992421
6888,0.314031398994802,0.309979843204096,0.325601438221234,0.322094981713223
6889,0.298054613176283,0.26847289321975,0.281455367557244,0.279020410738372
6890,0.377354134574559,0.376294943229089,0.376605945771427,0.376317049502743
6891,0.379755688875319,0.36587901071598,0.370480030479472,0.369934003772205
6892,0.376001215970736,0.374852373692799,0.376182159961435,0.373653753331096
6893,0.385066344588712,0.382554909758448,0.383761530110178,0.383492560831479
6894,0.410829475381983,0.400990656060723,0.405283053139998,0.404196333764733
6895,0.366214715104145,0.337854211378604,0.350202675166696,0.347448825078132
6896,0.289100220435135,0.268197537761917,0.277431026634318,0.275228033966176
6897,0.253006529575464,0.230909672396967,0.240848451268731,0.238186277170358
6898,0.378246199844128,0.355627530994185,0.364832771035393,0.358337977779478
6899,0.404167268628959,0.387845403358449,0.394265779060563,0.393302735649825
6900,0.313660088852649,0.283484002188043,0.295372755860658,0.293359741091323
6901,0.334178508289015,0.317325776132185,0.323597511594302,0.322028319517247
6902,0.277131307340349,0.248996960047388,0.260289172327199,0.257633744748598
6903,0.352511745343752,0.335124177296181,0.340952218662425,0.342003013729298
6904,0.388092899787401,0.376675614783387,0.394171889198363,0.393962904042071
6905,0.411988865437836,0.400402416410193,0.405212341592621,0.404093943622957
6906,0.383351303338192,0.37713793754316,0.379674464393554,0.375784145317664
6907,0.378618672468522,0.376737667846304,0.378004520256663,0.377872725073336
6908,0.230984780050792,0.208467454589781,0.21752187196844,0.217624980002357
6909,0.170975398441936,0.157528828784646,0.16396625691094,0.162548034037955
6910,0.224406084822701,0.211259448098958,0.214848964317991,0.210484153692486
6911,0.269844241301172,0.237298427275382,0.249506948345887,0.247343525597603
6912,0.388682578432401,0.38683440126619,0.391438596325601,0.389290722905181
6913,0.405707834310434,0.36958134868331,0.38618381596012,0.382111889587333
6914,0.383231441942055,0.377383118236984,0.379007310131166,0.378609710563433
6915,0.333553732106565,0.328804742337155,0.330815301483666,0.330263483884915
6916,0.36991867940208,0.361247879623745,0.364690560706753,0.364011140667086
6917,0.320138841131593,0.285213168308597,0.298382104476247,0.295502763664934
6918,0.435613384775335,0.40086333364239,0.416393306896108,0.412152068118829
6919,0.324581643152585,0.293658152650166,0.30664502135023,0.302876161910124
6920,0.346854401039656,0.328112444616779,0.336707197340918,0.334073962434931
6921,0.243928574998947,0.242788933278171,0.243216547225648,0.243183135921734
6922,0.378906739840787,0.357338730812083,0.371886502523865,0.367827686294255
6923,0.186134795284112,0.17316610742407,0.178686600790734,0.178120759447762
6924,0.179024710965938,0.160992561828928,0.169204434801825,0.167498124271564
6925,0.35460972367752,0.327624226154097,0.340360627957078,0.337097994724313
6926,0.344839439426504,0.320258627960773,0.334604281206083,0.330287575069352
6927,0.366506807486718,0.353668257740279,0.359551327334856,0.354645853686736
6928,0.377917876137283,0.375992085242538,0.378109769624795,0.377654677128741
6929,0.324850936704015,0.292243348238647,0.30663124381449,0.303454955638659
6930,0.381220294655695,0.380620207275874,0.39704706246156,0.392808972404128
6931,0.378110455656207,0.370811920452405,0.386555704884113,0.380245269839734
6932,0.368911163875848,0.360543475780316,0.361879213109038,0.362118137754249
6933,0.33229236606345,0.301860233722953,0.301218432783847,0.300723558148057
6934,0.355876700613392,0.33721343992518,0.337389193700115,0.335991011330605
6935,0.378029004540482,0.369209681641566,0.374492616569983,0.372854861712741
6936,0.377036530207833,0.375667037713085,0.37612997331002,0.37602274938804
6937,0.278891600590746,0.252172999785473,0.258319345567106,0.257177888794546
6938,0.405108724437104,0.384261304617142,0.40302488003978,0.399673212608723
6939,0.336286241751989,0.311549423027574,0.314275367274907,0.314181287707184
6940,0.377726708423695,0.37487058631136,0.376156657211199,0.37581664350535
6941,0.366652565257936,0.364452272918958,0.365453522392175,0.365246192530706
6942,0.362386220102051,0.33273792634556,0.345972760067011,0.342207171043014
6943,0.403418167342562,0.395871332460212,0.39854127283694,0.398179174091141
6944,0.372599179914979,0.367029136643616,0.373310537712867,0.371416594737478
6945,0.367077384408753,0.358606808856477,0.360901802449071,0.360661314823588
6946,0.196250938036416,0.166234053609007,0.173047914313879,0.171494432097322
6947,0.379053224378344,0.378452372917312,0.378614351356513,0.378646060697276
6948,0.313772673018948,0.310918115997646,0.31274650897435,0.311542433802407
6949,0.408850096101222,0.380927310269034,0.382260093123621,0.378845331897744
6950,0.363700951542412,0.357351916041864,0.358327787175477,0.35832253210165
6951,0.43608899386627,0.395873447946323,0.408969427826666,0.407588262827521
6952,0.375414135019335,0.374262654167813,0.37447744476892,0.374443063267272
6953,0.312323184115756,0.285139588316685,0.301670209052494,0.298537188251591
6954,0.342777248163598,0.313990607166861,0.328071065321748,0.325022626399075
6955,0.324081274815848,0.298218101838696,0.309939543723652,0.306896367229171
6956,0.393387971767385,0.3620826492466,0.375185113275368,0.37214544530048
6957,0.378772324131053,0.358800437029578,0.360809831072637,0.360685868670495
6958,0.242373517569808,0.213853371548838,0.225098290677761,0.223186755065837
6959,0.383187210793053,0.381989938206963,0.38276987691893,0.382376006013389
6960,0.241011741657568,0.220117503066913,0.229135971998469,0.227048673334615
6961,0.383721228342058,0.380697013521195,0.382580330243845,0.380439267511861
6962,0.409574585876758,0.397919037446662,0.405023551235478,0.396325908014992
6963,0.311568394740341,0.29062609628752,0.297816689664949,0.295825199592737
6964,0.378099933292221,0.377997195110474,0.378089399020996,0.378053460353503
6965,0.223692955217103,0.201372083886817,0.211089729307587,0.208461569707753
6966,0.398504576558572,0.388002877291255,0.394288277455193,0.392980388026662
6967,0.470656630562471,0.456236268559792,0.461718717634627,0.458832184087019
6968,0.377149184838895,0.375834935931504,0.375864385255099,0.375918853518437
6969,0.35784602651509,0.351766358747777,0.353385663786313,0.353387818494013
6970,0.366836883924901,0.363797571901901,0.365001123596119,0.364609112214734
6971,0.378026200468666,0.377488771408038,0.377987596665144,0.377812613415739
6972,0.271217044240072,0.265294707617964,0.274692619175056,0.270911623856878
6973,0.361415741897139,0.327563724715099,0.339092722268724,0.335712216046555
6974,0.380114170576564,0.379697140870577,0.379910850144187,0.379866290808617
6975,0.332353221029085,0.312507853777082,0.321185325439175,0.318820749787251
6976,0.154414516916214,0.126109588113843,0.131357153005071,0.13098470874096
6977,0.404855824658507,0.3694802514994,0.386117515021702,0.382116611754376
6978,0.377348115836516,0.374568287444956,0.375783790693588,0.37045373002448
6979,0.353940688356975,0.345984817104955,0.346973644315422,0.34651515769549
6980,0.566794735883366,0.535422144095679,0.549332842719905,0.54384985525653
6981,0.310387300036505,0.284481986551611,0.299354544824481,0.296417165108161
6982,0.361184586504707,0.348335300526428,0.364434724769431,0.361846117894225
6983,0.381903316609714,0.379876484123924,0.379965698179993,0.37995740333459
6984,0.386965386128824,0.38132069699537,0.382940711464208,0.382919293181634
6985,0.334526894228221,0.319702718724401,0.326494908602058,0.324911607705594
6986,0.365203124914707,0.357484137883337,0.366021128487058,0.362424246281732
6987,0.140361519920528,0.140106888961198,0.140242590544313,0.140210007169663
6988,0.363373105736103,0.353030658634942,0.357346767629917,0.35585200091992
6989,0.391466281845073,0.386169260987515,0.387694652986424,0.387505224381362
6990,0.378982816936661,0.376346995675927,0.376479901750543,0.376434339788434
6991,0.374698351389477,0.358785851364536,0.361734186278559,0.361071615678686
6992,0.382835448206372,0.360853259960633,0.377298054818148,0.373209234993901
6993,0.376256502831933,0.361604071544867,0.37888519196869,0.374923413592335
6994,0.411554566672506,0.397107475399852,0.404691848988959,0.403343839138376
6995,0.374467885220679,0.373623441896313,0.374554678204598,0.374330678088209
6996,0.397756119470901,0.378954413484127,0.380090037676604,0.379269566879186
6997,0.387993492618827,0.38025200481917,0.384204179724377,0.383075865273353
6998,0.213552921171029,0.190028435881443,0.199962980353356,0.198083623114553
6999,0.396970891799888,0.39205053134027,0.399039963860677,0.397118349877641
7000,0.24632023221514,0.225256768890094,0.233454837854891,0.232090195000218
7001,0.514842341162248,0.496885109759194,0.506074385666812,0.505433724042338
7002,0.194561094486532,0.168724125439224,0.174183316523372,0.172511417315588
7003,0.381259559855537,0.377424402327264,0.378599973911173,0.378528546868775
7004,0.329963596302988,0.30183172407114,0.306987461842364,0.305546474313983
7005,0.420673960296347,0.399331159417544,0.408089493206163,0.405961309813773
7006,0.373561608375253,0.36577001039985,0.370758970532763,0.36860663940149
7007,0.395705046390102,0.371822225772078,0.38510141871461,0.383906863340801
7008,0.368943084228525,0.35734524809967,0.358976847535803,0.356199303710305
7009,0.239329066019947,0.215803808308744,0.227748968197096,0.225450873745141
7010,0.383327210175351,0.37292562922316,0.376484328404767,0.376356088544852
7011,0.627721292300966,0.588862528698331,0.606287950293225,0.600506760390372
7012,0.292185737441697,0.280658151713117,0.286451027943103,0.284722891206932
7013,0.263601622453138,0.24528058897488,0.261140511917447,0.25974915618772
7014,0.354745654267959,0.335754386818118,0.337011690345291,0.336764147661518
7015,0.277070248719951,0.246401352052968,0.258453778984091,0.258661192080784
7016,0.403373866371066,0.395144679862956,0.397800450251973,0.397455229234609
7017,0.308228941546062,0.287123933224327,0.297175464974929,0.293573460113692
7018,0.314944592558379,0.288894996025906,0.297948426621436,0.296722837953028
7019,0.373867863646086,0.371563228856729,0.37895178253966,0.378250319225734
7020,0.265250287045585,0.238226449161468,0.249636807879725,0.250408167712139
7021,0.374239352974367,0.372567471984074,0.374198618298449,0.373725865981813
7022,0.365144398476485,0.362581565065783,0.364842648780716,0.363390632018226
7023,0.432098463395869,0.410708699170858,0.419796989864604,0.417497457049055
7024,0.360071845403326,0.342551495197913,0.351443985853055,0.348880296387319
7025,0.354444943367404,0.319788782658028,0.335313761584202,0.331822056547869
7026,0.294000227626167,0.267672265969179,0.279822619185156,0.276610860728583
7027,0.408976212362761,0.394014918807815,0.402243944914502,0.397337166291859
7028,0.379922259244809,0.375628645504392,0.377627571305668,0.377129764661716
7029,0.327088014298997,0.301191061053596,0.301642382075586,0.301573770481377
7030,0.377889578908582,0.36030378593398,0.367277436089995,0.36534701948312
7031,0.3436238269449,0.3322640119846,0.338527737425792,0.335766850371021
7032,0.33006578088725,0.312242152991847,0.319097485002413,0.317250915805124
7033,0.366865496396311,0.358218536534635,0.37413268568818,0.369838812288941
7034,0.160508831848837,0.131574239701497,0.136899041140991,0.136852393907989
7035,0.394831929988853,0.38810601009815,0.392602380425425,0.39219274765252
7036,0.371092760370834,0.363240750107982,0.367730613220082,0.366574974295495
7037,0.343436750562863,0.324436387019653,0.325837696142114,0.325564383284868
7038,0.365961094151353,0.354693949631239,0.35906734303556,0.357933507707489
7039,0.346749406571187,0.339008355817552,0.343278215888387,0.342106995184477
7040,0.125159541127533,0.104607859481569,0.111336790681358,0.11114567560646
7041,0.258621009019306,0.249525346188463,0.259004230624565,0.256738925584058
7042,0.479282755095096,0.44136889782639,0.459991611584253,0.455425726285622
7043,0.306772584503808,0.287674426792318,0.295565293484952,0.294009466966603
7044,0.4259752152541,0.411858596737036,0.420397435620838,0.417438575389898
7045,0.27712509095365,0.263755113637909,0.266779490893443,0.267164421080243
7046,0.413398666209111,0.395460466999725,0.403140818615122,0.400979905460762
7047,0.376852494804375,0.367764457083349,0.370688680610881,0.370650936388257
7048,0.248173108264648,0.221673040714722,0.233716304604586,0.231954496846397
7049,0.253255860765968,0.230119899094155,0.240607727515216,0.238126697397278
7050,0.27155010203746,0.263894064038352,0.267197037323139,0.266512154818365
7051,0.381379089096297,0.372477331322519,0.374965703338363,0.374120654027877
7052,0.364717910970197,0.35206870901192,0.357629499061372,0.356180474256478
7053,0.227188562223913,0.219077546689448,0.222357687877317,0.222131100007972
7054,0.244687303812602,0.218641950016061,0.232068273474804,0.231841659995166
7055,0.374476479225894,0.370615657107932,0.372859598769196,0.3722387890341
7056,0.127380518313419,0.094505893132406,0.0937345138748152,0.0938719626132126
7057,0.33460676022969,0.309550284327302,0.320405555783824,0.317031860749404
7058,0.398297464284544,0.351256137035286,0.36463847116084,0.360995425445876
7059,0.237194972825704,0.213617884702944,0.214583901373486,0.214214731255823
7060,0.378484596196623,0.377997461245064,0.379452178467612,0.37418532866937
7061,0.304263290922289,0.278708855621018,0.279105676752221,0.279129862075638
7062,0.394508148709416,0.378962506209733,0.3803293834812,0.380166415776499
7063,0.37364844712302,0.372304936596142,0.373236440369619,0.372968168126528
7064,0.322628320018514,0.290281454267995,0.304778812159843,0.301922967816985
7065,0.38666767463629,0.379758940406014,0.397774747810936,0.39375934285112
7066,0.422315575881409,0.390529655039299,0.406654847317533,0.402553995437449
7067,0.2695223045664,0.235483677291232,0.246703372723593,0.249113985982908
7068,0.247832434025425,0.218213765195616,0.23018655157534,0.232260202859165
7069,0.391174089482969,0.378520392834817,0.397131287149089,0.393512109553308
7070,0.379387966427681,0.37889771532661,0.378919585212347,0.37889859474187
7071,0.373561622750114,0.370417030697379,0.381637406258851,0.378369775142048
7072,0.407511800101479,0.390668281174992,0.40499685797355,0.400515421140635
7073,0.308260247248906,0.268418928600537,0.26815779306575,0.267516103986759
7074,0.396979491164731,0.385359146626344,0.391357379347461,0.390007154884842
7075,0.288772479499929,0.276841962045249,0.289581384801635,0.286485831903949
7076,0.278042365847928,0.249926366930396,0.259558829739535,0.25606825842251
7077,0.37889820695166,0.378510274279308,0.378724869438749,0.378716552938595
7078,0.29626515912486,0.269969405931852,0.281752951509589,0.27856958209
7079,0.307050544472305,0.280490104495809,0.29202020548691,0.288185964515774
7080,0.234345074487242,0.20857297950225,0.219015904350289,0.216902978600446
7081,0.282445333477353,0.253333114515055,0.266224340948178,0.263694387741475
7082,0.330741490011193,0.314665920776271,0.322963175958008,0.321344039813865
7083,0.38823903463986,0.38149052749551,0.384272442189307,0.383878726179183
7084,0.374721262781414,0.354530603146522,0.369806917597759,0.365987576841229
7085,0.423037942389311,0.395065104501139,0.409918293838184,0.409410797883845
7086,0.369566099435615,0.360368004740576,0.373762535453687,0.371343513286794
7087,0.37646234057003,0.361540133481599,0.367581222393014,0.366085462611502
7088,0.462455969540887,0.460069662494275,0.461596097519563,0.461065911186689
7089,0.420779446742828,0.400155852459764,0.409806066432637,0.409528565165116
7090,0.269131865582068,0.240825447041916,0.255135814878837,0.255293135621585
7091,0.334943144845692,0.303390155015357,0.317895388596846,0.314773982736682
7092,0.373462767925044,0.372885431378319,0.373676526833202,0.373397772154906
7093,0.352821106035985,0.347795572179952,0.36384317149991,0.358841384301317
7094,0.385828330432545,0.357388554225753,0.364888409049657,0.36320733081471
7095,0.282320656782966,0.260973914825752,0.268706461971869,0.268665969717256
7096,0.174798133942637,0.149610770603836,0.153815941482419,0.151606352348214
7097,0.38938560436276,0.384552970101597,0.385924516531506,0.385874471060669
7098,0.377606840521751,0.376783333813218,0.377180956413612,0.375001745633218
7099,0.380022982243563,0.359964664030539,0.36843309738123,0.368381511951614
7100,0.379809143618695,0.377451537119612,0.378100037605346,0.377952142079414
7101,0.400577756442988,0.387681553528768,0.393322583218469,0.391907128823954
7102,0.380773752498198,0.379811501525654,0.400006952738436,0.395527270061348
7103,0.41622147419527,0.394416603907135,0.404283342539069,0.401597190075041
7104,0.360714497109269,0.327874202617221,0.341702589987458,0.338246119500548
7105,0.218022981731583,0.188010769116084,0.197413994899563,0.196019353788049
7106,0.370468880000068,0.33619374951683,0.345411316355208,0.34391685273507
7107,0.370328731947483,0.365794051931606,0.368997029678124,0.368259825690649
7108,0.350249503044906,0.341585199789808,0.345417062226368,0.343887730262914
7109,0.385634877549883,0.385071720527863,0.385776350284788,0.385888691040842
7110,0.219858584332596,0.191903897095253,0.201775396299519,0.20030131097453
7111,0.36542203378767,0.348172493910197,0.356215900471069,0.353835220345339
7112,0.378012819933035,0.375369878755153,0.377547373927283,0.376930115656703
7113,0.377630371257841,0.377576824361963,0.377606314197536,0.374163388926532
7114,0.30100821625433,0.286059013233723,0.302521779550981,0.299749944737922
7115,0.354388569575125,0.32406089932451,0.340125223630686,0.336644541445129
7116,0.35676896946163,0.345582982029773,0.349704789931443,0.348614949822
7117,0.365360936510696,0.346492637763656,0.355653042853662,0.351652895620987
7118,0.336383004501823,0.328888974625923,0.331224629449337,0.330842888175261
7119,0.372039133706969,0.362184447510906,0.378770319007517,0.375850537928838
7120,0.417017968990301,0.381905002776331,0.395868974611788,0.39225444944856
7121,0.3816952406935,0.347078768183213,0.362596325005347,0.358772333098176
7122,0.354662550807335,0.345309360497527,0.34673931993425,0.34661899656152
7123,0.448933801167106,0.42445364892396,0.431780093011642,0.431708372757018
7124,0.387737755914061,0.368474425346298,0.383175821470685,0.38254856735647
7125,0.418538134084706,0.391365124432674,0.402719112061815,0.397708765865445
7126,0.215658299822175,0.205591205162045,0.207850463825154,0.204331746353357
7127,0.386450050626887,0.37932354181429,0.382593860885426,0.38179020886972
7128,0.361340797310096,0.359624738260196,0.375004240751211,0.372860106384073
7129,0.324693602830971,0.292765730852271,0.307873209431787,0.305205812540569
7130,0.358645776787828,0.349429318142314,0.354287796264541,0.352477619156454
7131,0.412701911353596,0.401902871105593,0.409459947289961,0.404253658281843
7132,0.192846471877142,0.162551209237446,0.166896127515919,0.166999359197544
7133,0.377414562794643,0.375973309978892,0.37641323216907,0.376295968045858
7134,0.319380339004221,0.304369562484491,0.318731447068551,0.318878420364101
7135,0.400348462621847,0.377492453112497,0.393941929726153,0.394290318517343
7136,0.344128693422212,0.315680727898092,0.329131889646493,0.325686899478388
7137,0.377892341754528,0.376639339527836,0.377430268629642,0.375452201729494
7138,0.377033869756779,0.370628833711108,0.390010726698866,0.386435687390129
7139,0.389154977164035,0.387363876740536,0.397829657191648,0.392571447617987
7140,0.377348928676771,0.376570251309192,0.376823265300957,0.376632399727032
7141,0.406848556743131,0.39097020417404,0.391362118768027,0.39128384013609
7142,0.387947217267706,0.386980144588819,0.38812732965925,0.387859420453011
7143,0.242628025786886,0.221635015028574,0.222352650589874,0.218631092899235
7144,0.353675772477175,0.343459476579967,0.347977760717305,0.346402037658298
7145,0.313635113451687,0.285334792297268,0.292151018504379,0.291500494296077
7146,0.202936117692801,0.186760914247342,0.196416375267747,0.194419418232586
7147,0.365153701307471,0.34864143091858,0.35876636049725,0.356753573659576
7148,0.415457431610505,0.38863781602389,0.40014354198084,0.397453624397388
7149,0.393801414522141,0.37114483196624,0.38027401781555,0.379347300896742
7150,0.167444832915957,0.141600550819536,0.149152948815868,0.149233059065074
7151,0.20886033465823,0.183350611478903,0.193636853565037,0.192231795086393
7152,0.402977105768439,0.389210509655178,0.394900356591752,0.393408608329399
7153,0.17926733337946,0.160729461495837,0.170042144059232,0.168863256082157
7154,0.373395021508534,0.371792440352614,0.372025980493267,0.371988837106326
7155,0.400116988830159,0.396154586668586,0.396720603975465,0.396605894112248
7156,0.374725903698471,0.360344020022704,0.36625262108347,0.364619353090159
7157,0.4029149729159,0.381842940547572,0.391198675912223,0.388648953524124
7158,0.379176987421289,0.361645626296523,0.366855037486829,0.366015725313376
7159,0.377811244149136,0.377773606974119,0.383998331664947,0.379233216356385
7160,0.373453409739666,0.346305301543282,0.358335480692556,0.358164343327343
7161,0.371160659610945,0.369394021010409,0.370850657842041,0.370861506275435
7162,0.371462255684899,0.367585405581245,0.369325361698436,0.368527638881809
7163,0.11162727920938,0.104786099234603,0.104852489821263,0.104818824958614
7164,0.313696777436776,0.29200854792008,0.298248971686772,0.296638794394263
7165,0.390648102419379,0.362077130669842,0.374957696637097,0.369849154390356
7166,0.374693288307679,0.372472287815011,0.37346710321269,0.37322521343204
7167,0.270158036227916,0.247446796445005,0.251287646362891,0.251178639537444
7168,0.329467350676326,0.30422951673673,0.315317106426747,0.312471904458282
7169,0.234076591923488,0.206666356653732,0.212384035507178,0.209201794213999
7170,0.361468955189722,0.356616855491451,0.358205934031502,0.357854851850217
7171,0.378042682057935,0.369478166982359,0.379230555889222,0.374975490686291
7172,0.375280880082165,0.337075625386816,0.352133652594369,0.347957416321561
7173,0.414694880089504,0.396177371311101,0.404379808185087,0.402223870944458
7174,0.360586556957653,0.359252268992809,0.361415807239594,0.354682903388463
7175,0.354267043080635,0.327193620762467,0.327579286853211,0.328406784919059
7176,0.350207429081587,0.326101539318778,0.337517406391961,0.334546461695163
7177,0.37113025187137,0.325013770430171,0.337428649429552,0.334290998260289
7178,0.376026869196859,0.375910545758378,0.376548847981841,0.371237236903827
7179,0.37737229385772,0.370287593950654,0.387970076763372,0.383892424082743
7180,0.336278494118192,0.30276835009949,0.317785989360068,0.314530832751174
7181,0.378193253051216,0.347478242764187,0.352680147961435,0.350823395221892
7182,0.219551580617928,0.194631658666353,0.204800694360119,0.202915075739672
7183,0.388118053796675,0.374130015652327,0.380266368617658,0.378548201686918
7184,0.437657025838187,0.406470674112371,0.420583449309594,0.416942319037562
7185,0.416360240673249,0.381681997448251,0.39677853935786,0.392737957155759
7186,0.377841707681445,0.354844608572311,0.371408348513758,0.367447309531389
7187,0.380110307921286,0.349739117655404,0.361987402196177,0.358617971550598
7188,0.400659837844639,0.381672665877503,0.392826693713996,0.390624991067509
7189,0.316836878479275,0.299351161521742,0.307256608991148,0.305027919560112
7190,0.381281730620711,0.380125583297577,0.381884132402152,0.38072758934883
7191,0.375502000501346,0.374188435779554,0.374548456357495,0.370198213694492
7192,0.235372132911948,0.209127039552691,0.221634593325634,0.222399124080028
7193,0.30641239117023,0.278398132867413,0.291598427923783,0.288713416206969
7194,0.343397922990575,0.312464821890916,0.326202417961679,0.32277679929112
7195,0.343163715205198,0.317144780523798,0.32917858638955,0.326248022059665
7196,0.311236762435314,0.278792811585215,0.292897358110659,0.290296547044395
7197,0.370807668027734,0.358091435955709,0.361834152630838,0.357969709279019
7198,0.197356907023238,0.194109694110047,0.194305255230079,0.194097102198342
7199,0.424816201305531,0.415858814012711,0.425954171308824,0.421067384217027
7200,0.374604690788154,0.369136192077355,0.37218673683393,0.371223480753482
7201,0.33896744925681,0.334187116970463,0.340691354601936,0.339038460237951
7202,0.390723021621521,0.374813859293466,0.391117885295191,0.387470038791732
7203,0.651887646948701,0.609346049345411,0.629648269264113,0.624222317743676
7204,0.375905720388642,0.375172920515196,0.376055149334817,0.375150994702433
7205,0.358753927904943,0.345354187038485,0.349908338196284,0.348782498669313
7206,0.395321793157187,0.359110622633784,0.375870304794655,0.371904534362143
7207,0.359221307234377,0.341626634798013,0.342869203301471,0.342731091307894
7208,0.421379936901947,0.388369917038573,0.403867161363525,0.399641014647277
7209,0.385850213721832,0.373976213281142,0.378866786097034,0.37776865062788
7210,0.283158598192275,0.257656374013593,0.267851734253212,0.265576542572326
7211,0.135326041713344,0.126572989159045,0.131017312199698,0.129175809876363
7212,0.379396979849421,0.377458243510614,0.378044983712789,0.374456999342317
7213,0.450525473499349,0.428664050493535,0.439547660816774,0.436636910491104
7214,0.301146117934222,0.299021471171151,0.299636593596952,0.299682922972194
7215,0.149054648275437,0.128729002501401,0.128094256108297,0.127940071528857
7216,0.401421518951588,0.382621411020871,0.391059374532588,0.388870242261588
7217,0.375110134946573,0.375069779115835,0.397293497864077,0.393101368850675
7218,0.385726245320949,0.376764264022094,0.381265272837121,0.379935576499709
7219,0.300074544607554,0.273415581661806,0.28585880657261,0.282816833910809
7220,0.409997621207991,0.374656389543408,0.38414270610388,0.385214600811903
7221,0.479384831321733,0.459435962830113,0.46262178833158,0.462979598412551
7222,0.389450842897869,0.352664449391502,0.367989640762639,0.3639975287213
7223,0.294088388006982,0.272725602102277,0.282925098899028,0.280496759774024
7224,0.388787835161641,0.385322652777911,0.386583083120365,0.386212951725905
7225,0.395998689084676,0.370727851200267,0.382185614596663,0.377870088227107
7226,0.376810969044819,0.375641838791174,0.39564166494756,0.391871345991987
7227,0.188165665642832,0.162429242085641,0.171631447742321,0.170967805675661
7228,0.220629189115798,0.193141876562978,0.20326460231508,0.201824827315012
7229,0.379261284623284,0.378832995013264,0.378925512814196,0.378918387538264
7230,0.375159078788714,0.350454195263214,0.367844769976122,0.365620278721989
7231,0.312034054167899,0.284647335041196,0.297594619957246,0.294293366376578
7232,0.447524286426934,0.423715853033703,0.433572404819529,0.431062728711477
7233,0.358684751172071,0.333903058493445,0.345835936643654,0.341430321749781
7234,0.292209203706098,0.262114266063618,0.260472216918292,0.260007222581014
7235,0.341004725889913,0.32535875885773,0.331944048296947,0.330110683085681
7236,0.376480485154414,0.37458276298105,0.37563488613338,0.375328356352956
7237,0.271507676307503,0.247638265846646,0.253607896136953,0.252942464033431
7238,0.390281429461407,0.385686219176259,0.392979716678808,0.387318812878
7239,0.387057427912434,0.383466577531675,0.384783023334141,0.384594878313389
7240,0.397128118058568,0.38059935268742,0.393980525327195,0.39028246958303
7241,0.304414690953398,0.281746487340086,0.295329447128597,0.291589986268255
7242,0.296573891532861,0.276131594783711,0.285994864394066,0.283909069000194
7243,0.222093430406996,0.193819365895551,0.194283937794657,0.194303013878444
7244,0.374805453187301,0.360818623285327,0.363910637543363,0.36309738867846
7245,0.231411306708332,0.203783106829175,0.21532126489316,0.213933944884675
7246,0.349616930377146,0.339938401598631,0.344787954789279,0.343524783044714
7247,0.351459808595191,0.332086483285914,0.340490861560628,0.336657437381027
7248,0.430540022878758,0.396823696991572,0.41198466814368,0.407272268321173
7249,0.152926406980189,0.123762495786396,0.128377019912194,0.128267085985665
7250,0.378825804727761,0.371564188368575,0.374692272450366,0.374235380906131
7251,0.248892083703084,0.224034928496536,0.236931939066405,0.234745453837433
7252,0.365923004418157,0.342686277440368,0.356611655866487,0.352525619910536
7253,0.377864652493113,0.376424205174479,0.377080142810951,0.376964423692345
7254,0.386831653448398,0.379453372552604,0.382661612048587,0.381685289168802
7255,0.378280632211221,0.377943414877349,0.378094024592692,0.378078127113372
7256,0.39958482515378,0.394460266619182,0.398931443630577,0.395918222361941
7257,0.37747406264214,0.376332428945916,0.376488330589501,0.376483360527521
7258,0.407481893156097,0.382724481301589,0.393831350726535,0.3919459258162
7259,0.370381058116895,0.369273782532707,0.369651465035582,0.369100705710789
7260,0.419175959062761,0.404008742592819,0.418229797875928,0.413879935310229
7261,0.375957873531603,0.372548718097529,0.374088558708083,0.374346999950407
7262,0.37575973715399,0.375267737422362,0.377339650680859,0.374138609229855
7263,0.389382767472775,0.381191119349827,0.382628627012085,0.382385947483661
7264,0.373070496857615,0.367304254802654,0.382737194032622,0.378246955600011
7265,0.382562948745487,0.375601932796236,0.376189830606807,0.374489926644612
7266,0.255613623693548,0.233696587405805,0.243480997561615,0.241188200845846
7267,0.274090668867178,0.242357770026926,0.249364843515632,0.246613502706754
7268,0.370694922524103,0.358127706489997,0.364044107459358,0.361046092200679
7269,0.412112459872008,0.377941223935233,0.393544858028159,0.389348083327423
7270,0.433216264255054,0.420977046407865,0.422434595769114,0.422170446587216
7271,0.416566557132944,0.414916819601442,0.415737500371947,0.413886365918111
7272,0.420073141675593,0.399122725808285,0.418425884001598,0.414020748178524
7273,0.360393676937531,0.332905959118736,0.332991686425253,0.332937267860636
7274,0.260236453911685,0.236378022849769,0.238052487235101,0.23734452148237
7275,0.400467849639681,0.37313043046858,0.385401393457378,0.38210384498646
7276,0.462829454309187,0.42827997900595,0.44677731372815,0.442511172872728
7277,0.315552001476899,0.308925161095148,0.309176575430442,0.30827472308745
7278,0.39465147848634,0.366673776967984,0.381471080251443,0.376637779365508
7279,0.365840367359371,0.341939841604632,0.352691563621087,0.349752082242367
7280,0.393645014660273,0.369795966262342,0.380787440528125,0.376914438477319
7281,0.345357033036166,0.328028739640705,0.335689638862829,0.331049965302239
7282,0.483476252244371,0.442546309875793,0.460730620730351,0.456055110272108
7283,0.243568358118488,0.218932321187171,0.229612541788981,0.22717045211633
7284,0.351326665578139,0.338965349100033,0.34465055289095,0.343965754467587
7285,0.392679190616941,0.38238247500625,0.386690095312514,0.383214579522876
7286,0.139594615813682,0.112388544715634,0.114553254436081,0.114532105325928
7287,0.377748548452638,0.377362396390126,0.377615260699276,0.377456050568877
7288,0.38693627307974,0.373058249375965,0.390831253472156,0.38848346385042
7289,0.279240847050699,0.275130422805295,0.290724223546558,0.287574807966438
7290,0.393897550188186,0.380209631964642,0.387091482324325,0.384961572664572
7291,0.373319686271991,0.371358050802038,0.372108038434918,0.371947943766142
7292,0.270719648442152,0.240698170310557,0.253807928470339,0.251772390648552
7293,0.405470715473436,0.369078039044692,0.38555615609164,0.38804727032194
7294,0.290669183194007,0.272627560413228,0.282707829395634,0.278162286948985
7295,0.365066441413798,0.357009532332636,0.359932751474688,0.357353718728119
7296,0.374917881231371,0.374717364547432,0.375070610961612,0.374854592533299
7297,0.298012329492501,0.288671269369911,0.291972863421656,0.291937685653637
7298,0.377359195227053,0.376347147507417,0.398306461468051,0.394210904788386
7299,0.386965399131546,0.383984009053554,0.385262422553469,0.38529464953791
7300,0.388080757973674,0.387069245011166,0.391319818322013,0.389965823737526
7301,0.398345326731686,0.372331080711406,0.382457072902871,0.379472773511314
7302,0.379968367925714,0.378960520218675,0.380504466686097,0.379191563087023
7303,0.37533975913141,0.34453445847827,0.360136668154124,0.356694425051324
7304,0.35233716898429,0.350975685645195,0.351511080537458,0.351337389675576
7305,0.380186396053854,0.379761865028838,0.379982711602956,0.379926985938314
7306,0.404654895617462,0.393650159225694,0.398675170285021,0.397391304769681
7307,0.412132527119463,0.388045493536568,0.402103803415854,0.398164692046882
7308,0.367332191275767,0.36503455146896,0.365423352110241,0.365291273425231
7309,0.184242384275179,0.160601486962381,0.162039222004442,0.161605726832942
7310,0.408369403387719,0.375369772731954,0.389494604183016,0.386226557491784
7311,0.10628892056659,0.0722494831075066,0.068477010319872,0.0679286550026098
7312,0.346178718359551,0.342730610498884,0.343626470313295,0.343362964977497
7313,0.380311066221278,0.366573389753036,0.368756726917514,0.367091791268561
7314,0.399320093571804,0.383151836452685,0.389485468209288,0.38553070190763
7315,0.268917729977021,0.239307945594975,0.251594773778151,0.249237973537888
7316,0.383234531982438,0.381344943975064,0.382161610115876,0.382033961272981
7317,0.378618507413926,0.378087111308751,0.395190057453583,0.391010418723553
7318,0.377741373610346,0.368336710951466,0.372182657681679,0.371244521621327
7319,0.147473336707891,0.119198099535948,0.120644001876187,0.120356601574526
7320,0.31896049151348,0.305259095995235,0.307799965769579,0.307427414580147
7321,0.423565349794237,0.398800571743297,0.409414357768523,0.406286794626911
7322,0.380021513707652,0.378767764241068,0.400646729331757,0.397952621774463
7323,0.41013305064093,0.399998401692723,0.400198711375614,0.400174288481622
7324,0.36328675985926,0.334344591587777,0.34458901838662,0.342944510340171
7325,0.229014082922284,0.20131559918184,0.211701459711476,0.211670919123441
7326,0.173390704709499,0.157299237269842,0.162839706781575,0.162799524432188
7327,0.209305811498579,0.192514188983207,0.193615697469764,0.193275502631297
7328,0.341826119951175,0.33855795054642,0.339221811824795,0.335513046363578
7329,0.289023717526348,0.266744328326977,0.277276776237542,0.274492314908881
7330,0.367137019848335,0.362428228852612,0.362605136557097,0.362370764642913
7331,0.374348581877324,0.335712440844279,0.351217040755684,0.347427943758626
7332,0.285152359131365,0.2540282247439,0.266490546132012,0.26395026882441
7333,0.32346749558987,0.307530845681412,0.314899039028487,0.312942125609583
7334,0.372500932505363,0.364902661081529,0.369214022144746,0.367656578931986
7335,0.385494793943088,0.375484333537238,0.379868994357563,0.378512480704336
7336,0.197925106248331,0.169352862748849,0.178003210335929,0.177070390525582
7337,0.400482357810608,0.369841132415566,0.386240583806778,0.38667705077382
7338,0.37783088195721,0.374023086247232,0.381083685134698,0.378520784064516
7339,0.377614277415351,0.372679670637461,0.375069673865372,0.374495488331566
7340,0.266360856547191,0.235689045096835,0.247917837550682,0.248193145150115
7341,0.37808524310392,0.377705268294535,0.377949745115762,0.377794347371137
7342,0.185178477224206,0.164464348055428,0.172965114344538,0.171214524175887
7343,0.301080350901281,0.275098464957744,0.290172145979893,0.287765460391731
7344,0.298416804618622,0.288419849553179,0.28879755107798,0.285631061990032
7345,0.384454884365285,0.382655080108623,0.382899342134691,0.382795197904148
7346,0.378396992615053,0.367999706471061,0.377105903020606,0.373838527940014
7347,0.293209906470024,0.264685399811087,0.275197069711864,0.272198622930297
7348,0.439354582312314,0.404364415210693,0.415683689170872,0.414773220002616
7349,0.329447426337331,0.31297616250366,0.31710275159883,0.317097610224628
7350,0.328145064200188,0.317154710341744,0.318205712072747,0.316459824209118
7351,0.378022184496648,0.374436698396109,0.374733486157121,0.374287087038539
7352,0.444637568455412,0.415729895737945,0.429458097475415,0.425736257108834
7353,0.40782560952837,0.386725779045235,0.398766493137221,0.39278569861235
7354,0.363188755324845,0.359782023002014,0.361537467955514,0.36139241540998
7355,0.361485945698629,0.349845696554284,0.35552521497515,0.353968093458717
7356,0.48340171135142,0.443098498348011,0.460491027690987,0.456350606681957
7357,0.378719687913573,0.360209254237699,0.370404227008057,0.367190819574258
7358,0.375815667597468,0.375050927144792,0.37539262643076,0.375382147762583
7359,0.376542482086091,0.373032270608143,0.376904932495388,0.374622261644601
7360,0.429424750292706,0.41747412492871,0.427217993957541,0.423816272663178
7361,0.428707162756221,0.401283659999488,0.406973267293803,0.408122395207656
7362,0.441887587825707,0.436623873915813,0.437653970906107,0.437511817305602
7363,0.241371884622243,0.216192945749751,0.216282655489556,0.21626527928624
7364,0.392637894634177,0.387675082365604,0.387814066760088,0.387751075393633
7365,0.420182411179896,0.384741094762473,0.400817082716536,0.396713718913022
7366,0.384550315130494,0.347386582832375,0.363384250122536,0.359160901531883
7367,0.397460713389172,0.392570902519497,0.394059381862376,0.393347522776854
7368,0.41706449695817,0.396302914017943,0.397663242862904,0.397270094536964
7369,0.431331392827897,0.43112337271777,0.432415123163799,0.432191562511395
7370,0.35838251934467,0.355061130054958,0.356227360668491,0.355608303562161
7371,0.381587677696276,0.377541043083725,0.38150897729631,0.380882776641558
7372,0.384377365981774,0.373444793524361,0.38788618896506,0.383854076663077
7373,0.37977942420109,0.378514484831597,0.379607848238987,0.379198036815086
7374,0.259262600861691,0.233167631488497,0.24436258124871,0.241772111599456
7375,0.377987809566996,0.377957657004474,0.378044368455144,0.379814118810773
7376,0.370327808592481,0.364715665201694,0.367224910222567,0.366415622321397
7377,0.378428040996393,0.372493809445332,0.375514189335484,0.37475963803235
7378,0.349766160282401,0.316079353186715,0.328874699840075,0.325318702880294
7379,0.377183868394716,0.349030456187164,0.361999875924085,0.359032889321736
7380,0.369251333813335,0.362479260938003,0.364381923118588,0.363840801050056
7381,0.381389984303124,0.379906748474366,0.380171850407927,0.380170307313729
7382,0.411862346717985,0.386210060632875,0.391611002136432,0.390426796180461
7383,0.379092423397405,0.378646972155287,0.378816150020181,0.378743475278899
7384,0.292521414024416,0.262226984771442,0.276278550233617,0.277765034787331
7385,0.381446863885273,0.377282482143767,0.379118689000788,0.378971620264479
7386,0.390400592531481,0.376308190115126,0.38333343332933,0.381411440968009
7387,0.383465361832828,0.379669029241586,0.384027776366938,0.381971546117763
7388,0.380321716682142,0.337484249886115,0.351499758970177,0.347819775975098
7389,0.430272796036811,0.415919284746242,0.433632572546176,0.429128028088997
7390,0.385459927722485,0.364328421432993,0.373814992430958,0.371087791290602
7391,0.370876719018204,0.335621345154245,0.350545341391183,0.346873911789717
7392,0.378125160691269,0.377232268051075,0.379297767115981,0.378630630654091
7393,0.344844364781716,0.32899213817486,0.335988191636959,0.331233431627648
7394,0.412567926439472,0.398941522017932,0.406212024464019,0.404230510716872
7395,0.367768586055802,0.34620145097832,0.358060465291655,0.353293346536732
7396,0.384311139071947,0.349548408757664,0.365029417910956,0.361421504131218
7397,0.2784684798343,0.262082390985184,0.263120935875165,0.263150030230829
7398,0.34577756366239,0.337276231797884,0.34028084555062,0.34012024627572
7399,0.378194882823347,0.376978219028099,0.377999585478497,0.37713052504419
7400,0.555103630479633,0.513938241897542,0.523569905724277,0.520084394312475
7401,0.382234254878776,0.371812389413427,0.375261710837582,0.375868783554013
7402,0.472891945814611,0.437464277761593,0.439187994041153,0.439384938268068
7403,0.394562509968927,0.393982819074584,0.403084925748457,0.398437097909448
7404,0.35484718803653,0.348235065989758,0.349899899746672,0.349793437948257
7405,0.379602368265041,0.37891279512521,0.379330579974807,0.379328820679515
7406,0.377220557299755,0.376483207978353,0.377211661168903,0.377041718984079
7407,0.398224896041332,0.372285377438829,0.382135712645452,0.381679574546978
7408,0.307573518902577,0.281019809410387,0.289016217304339,0.286433794183683
7409,0.427874917364689,0.409317219160609,0.409375947131297,0.409395931971306
7410,0.382149275506043,0.3801321957499,0.381061992785112,0.3809448225944
7411,0.12730890508286,0.127262160874357,0.127294169577903,0.127220997326821
7412,0.34089051157484,0.332157389711599,0.336278770008422,0.33506225874612
7413,0.38872764986862,0.380291626319446,0.383886642853825,0.382893709979222
7414,0.209945865450167,0.197660638542423,0.204803760948452,0.202984474632748
7415,0.370005199244387,0.332772680925593,0.344307198304528,0.343652762450508
7416,0.378972388122206,0.376424610144365,0.376894491141393,0.376868634235868
7417,0.330475280627875,0.326063291193075,0.328472743642876,0.32826724978862
7418,0.206913216815009,0.181354839688387,0.190789750469133,0.189127736768666
7419,0.372273327490318,0.370307104364116,0.370660831795114,0.369969512828071
7420,0.376732404458417,0.335113974472663,0.348130827740179,0.344097574232699
7421,0.150945465039903,0.12225792406201,0.12683909609828,0.126902544072347
7422,0.17066373673028,0.146764134520433,0.152007639150474,0.150266596258134
7423,0.106815825363289,0.0956920728270847,0.0994322644077302,0.0994127291982193
7424,0.377495575925137,0.374512814993455,0.391184809161219,0.388076307223414
7425,0.351659653244795,0.327807481831411,0.339653024462495,0.336608375720318
7426,0.383359638354058,0.371790149033676,0.375650433373151,0.374042369599372
7427,0.358354899636971,0.352238613206959,0.354630398588509,0.354066160268026
7428,0.369954972194061,0.368291054366808,0.377653287997117,0.373472277087019
7429,0.380969515077638,0.35279347101355,0.366238208580948,0.362763951758421
7430,0.37216225921409,0.368254352261215,0.370633990516437,0.366541430538548
7431,0.319376852936256,0.291006013251221,0.303883418626127,0.299540339697156
7432,0.426826043819314,0.394333151716932,0.407060603822763,0.40222297213564
7433,0.385612549700037,0.37914017734599,0.381533504351762,0.380967574423527
7434,0.303263307524515,0.268890115178702,0.282409399093299,0.279630176196136
7435,0.391722139000197,0.363802320685559,0.375695689938789,0.372872570515968
7436,0.377017434305231,0.370756994351293,0.374675011229351,0.369657388252846
7437,0.197752046741841,0.169330107163689,0.178012910557809,0.176745436964737
7438,0.378995971993189,0.37774478168796,0.378837422110586,0.378349817358057
7439,0.328177799341147,0.301093172193528,0.312586056539687,0.309534078333338
7440,0.32179333520895,0.293479157042592,0.31057491525354,0.307484088829541
7441,0.39618636989677,0.392354476582361,0.396106363978527,0.394021591769433
7442,0.297339771918339,0.265754307497592,0.279487788302023,0.27674892434632
7443,0.200190920562475,0.176581323588281,0.186536559770629,0.187266713530753
7444,0.416433322723634,0.383515152047145,0.400411945860758,0.39652989233512
7445,0.333146397057062,0.330095754710147,0.331008945315581,0.330448780613015
7446,0.363694676756208,0.337959544159804,0.34928883490969,0.346138885674054
7447,0.269505581004096,0.237919938376482,0.250319220315238,0.248188629220569
7448,0.390327461062753,0.386611222470845,0.389071531230755,0.383717000460787
7449,0.376505603989408,0.368745247876096,0.370156526017177,0.36937353445673
7450,0.284454120892175,0.259176720372096,0.269717589619051,0.26680054318362
7451,0.387754454751175,0.382684950943245,0.38544106899363,0.384710980597612
7452,0.38652664855832,0.351487892721805,0.367447307994743,0.363391506475927
7453,0.308426542553575,0.287250274034007,0.298182625325635,0.294439004389022
7454,0.4054077195901,0.383089816816802,0.393901814578366,0.391549880742806
7455,0.379291090995815,0.357159933058832,0.373004436287648,0.368921758119494
7456,0.377767910229111,0.368268592936152,0.385149536801602,0.381152148081772
7457,0.347768033799831,0.313956931358421,0.329302392380025,0.325914178873938
7458,0.377522551760574,0.373577386095004,0.37466694923561,0.374385160229132
7459,0.367765883752761,0.365010881853144,0.367438390287212,0.365992989065728
7460,0.384942665625865,0.385353451159826,0.389188491764419,0.387585381750488
7461,0.419311709010716,0.383381502242744,0.395984881988816,0.395717827124098
7462,0.435740543924063,0.400254320685785,0.416718897465072,0.412131847398826
7463,0.398114441724164,0.387294440397934,0.39196830000715,0.390479311344305
7464,0.395633058796109,0.360507003573968,0.377045005048007,0.372984007292783
7465,0.43234412520777,0.393735928501899,0.395972025028918,0.391817854779829
7466,0.337738210203513,0.321636234089153,0.328785005265503,0.326882032813279
7467,0.372772519697867,0.368735243546996,0.371419039001487,0.370712476236613
7468,0.345250392555907,0.321593373559963,0.331800874452573,0.331287567403962
7469,0.373776610570911,0.372850098873823,0.372858841063601,0.372375622807051
7470,0.632608336965784,0.590121918314521,0.60760230913235,0.6025530495308
7471,0.378352766978423,0.367425226395064,0.375617794812303,0.373900815586514
7472,0.346489460550174,0.335327696736418,0.34022116291824,0.339729326320954
7473,0.32558910851892,0.303258799322424,0.31400477202265,0.314187370025074
7474,0.107797052211797,0.0723899111416843,0.068733186066955,0.0687330111284421
7475,0.299286426092776,0.282804861702362,0.287972370692986,0.288121716995175
7476,0.384316109463114,0.361864103268931,0.378227338509556,0.375379557984163
7477,0.403469298829815,0.391183247419898,0.397849650080614,0.393941126278778
7478,0.405274373350707,0.373087989878662,0.386074703131481,0.382648149913087
7479,0.376024940684009,0.370437435225646,0.371206211681352,0.370584189642318
7480,0.386762095472146,0.383124468649284,0.383850425232529,0.383744242591276
7481,0.387268812617875,0.37207361483233,0.380104851132133,0.377988796425401
7482,0.421377607879472,0.414012384140587,0.417373678328,0.416504521231783
7483,0.374745607358161,0.366379393009262,0.369508259705615,0.368718052711565
7484,0.389475411946143,0.35635096199806,0.367488009315923,0.363177742603259
7485,0.331306478984672,0.30147432880089,0.315018966636327,0.311730898554413
7486,0.415703940854959,0.402138197887063,0.407676969907559,0.40751809290964
7487,0.405333147692525,0.393873467989098,0.397814204693698,0.397407922742509
7488,0.329008867416751,0.316630824174766,0.320742366317691,0.319859732363372
7489,0.338843705012676,0.313247357687946,0.330989711814188,0.329232864541909
7490,0.265687896472655,0.234427565319855,0.246420847276744,0.244272501529213
7491,0.385460980445065,0.383720046412971,0.385495237807583,0.385694281080634
7492,0.377717005823564,0.36410280782388,0.381522352450435,0.379930782782202
7493,0.260042113680631,0.234654735616946,0.245142091660605,0.242350231123489
7494,0.245412176860772,0.227965359022172,0.235974401895477,0.233792381288872
7495,0.398858850059517,0.394278325742161,0.396888609466656,0.395911910535485
7496,0.25567130246341,0.223676803301023,0.233876917464998,0.231705058379442
7497,0.173577522284041,0.145096715215962,0.150016047815338,0.149123076905078
7498,0.361874409243153,0.338771254271687,0.353323831580769,0.353231072366033
7499,0.298681690365077,0.269326759947318,0.28371403618617,0.282103086189535
7500,0.406585358559903,0.382327118319407,0.39291110624428,0.390162328808114
7501,0.351933804522277,0.325170026626458,0.334896776661023,0.332329861939478
7502,0.269198354930309,0.265569322881213,0.265972512776317,0.260910174068736
7503,0.387037430773148,0.385914568268937,0.387019354579161,0.382162192040124
7504,0.376629018586519,0.376097013212146,0.377631606435823,0.376836125071635
7505,0.37433503705348,0.357386433850198,0.357389189444372,0.357339137907874
7506,0.375011088833209,0.37155638807161,0.375190611255683,0.370278513872041
7507,0.390629055031831,0.382501218651994,0.38308138096455,0.378618174769023
7508,0.208683482190986,0.178494929676838,0.187305170579833,0.186467056802311
7509,0.399180840536785,0.396667502081833,0.417401520271944,0.413171174670266
7510,0.367527844571023,0.336450586701721,0.349879956277448,0.349588919492503
7511,0.441660917520792,0.410001043494987,0.422809680681765,0.420333137831845
7512,0.347816355671449,0.337585216204216,0.341623078339372,0.340779044134308
7513,0.55840484131837,0.524504015846281,0.543638370583581,0.538889007630299
7514,0.368245965667993,0.364892193113872,0.366013607947907,0.36412303009139
7515,0.317442593134177,0.30505370469628,0.306379067576412,0.306243505674557
7516,0.388731691017316,0.366859236733855,0.376529208738578,0.3739422851419
7517,0.381236333460693,0.364523220493186,0.378676225281376,0.374334650051067
7518,0.378027486004864,0.370136453341776,0.382312344109293,0.37912081720068
7519,0.381047399937945,0.37566948297146,0.386029565687375,0.383937945142868
7520,0.310150260209325,0.290526344524866,0.299464135144724,0.295965649582656
7521,0.417799119785312,0.401227669977448,0.40877944530251,0.406952300233972
7522,0.315098589474764,0.305742275883099,0.307346166823136,0.303255353678509
7523,0.290092862785817,0.265390921028865,0.275767085898883,0.274862217376755
7524,0.357750575856654,0.337493069086994,0.338563837011281,0.338334383247024
7525,0.28333277504683,0.25828414951498,0.26886398146288,0.2664395305332
7526,0.161297288818443,0.144943088899932,0.151931378781057,0.150595796249064
7527,0.386075072487828,0.354538298560675,0.36741509267783,0.363383387035426
7528,0.281138822214629,0.27663292076829,0.292624703394605,0.290951143023902
7529,0.259176390110981,0.237382036952489,0.246470110005796,0.244104479047709
7530,0.224467019216427,0.197887488615505,0.208050498512905,0.206015840744947
7531,0.370600317984075,0.366592940107302,0.370826111817288,0.368735100243578
7532,0.340417871007922,0.314972004255332,0.32654767989605,0.323490584030935
7533,0.396903670087945,0.385213637155985,0.390277594192592,0.388196318903752
7534,0.307127481416221,0.281002337754763,0.293070865111866,0.290048032952258
7535,0.28646271077726,0.256535382338515,0.270207827794544,0.267557419093833
7536,0.37739689561215,0.375879513219279,0.382972296957761,0.380002481024376
7537,0.260491779936411,0.233195065418335,0.245007742469185,0.242433058912032
7538,0.3829358479652,0.381638310479343,0.381869303015936,0.381822595136297
7539,0.375661303394764,0.374820293906632,0.374748509514512,0.374899126560247
7540,0.213400445082554,0.187637836142876,0.197474245110793,0.195736040853353
7541,0.548895316437672,0.520852989349979,0.53739721930263,0.532035905399399
7542,0.306388705347984,0.276116861944419,0.276066614308102,0.276017886119765
7543,0.260237300108624,0.230086820795666,0.240625507297904,0.238038101092191
7544,0.365013988150396,0.355563149038185,0.356792838391978,0.355293409983243
7545,0.385947742711554,0.381741730873249,0.381764479802479,0.381631704119366
7546,0.381133241531165,0.347924831149704,0.362953209999272,0.359077176510425
7547,0.311094024686783,0.289018900079347,0.303442485982527,0.300740042426296
7548,0.150014066909079,0.149639011677979,0.155125618599754,0.153989822522259
7549,0.308365286409339,0.280200662871079,0.29361811203841,0.293787114574067
7550,0.376701387620297,0.348859568429857,0.366572034865498,0.362883094564555
7551,0.273220704709578,0.246839764363268,0.259239087133766,0.2565394820649
7552,0.383362003505459,0.367175819344603,0.372711046923059,0.370293362154798
7553,0.168011602411828,0.139431684123989,0.143887974206227,0.142509378592725
7554,0.376628185694913,0.376557071207584,0.376594258758883,0.376582844070091
7555,0.271722305594032,0.244036887969191,0.25365095152423,0.250642055520769
7556,0.430421305852118,0.394701161294003,0.41046005277966,0.406863103505888
7557,0.140330642785451,0.140286388824293,0.140293165265737,0.140290763810058
7558,0.381967448718298,0.378364356405019,0.379796522890075,0.379479119064052
7559,0.1195175331109,0.0909366134045689,0.0934474421316926,0.0927339159936268
7560,0.395134602705324,0.376878812042049,0.383168902772636,0.381943112047464
7561,0.358940420380121,0.326856927329348,0.342624044328801,0.339022669411102
7562,0.346107402550508,0.318724291483476,0.330936131889137,0.327868765559684
7563,0.419559840086591,0.397367531086657,0.40289518527795,0.403302383821931
7564,0.255008016146574,0.226356915954693,0.236017543717896,0.233656958775177
7565,0.381507013611331,0.379024877826309,0.380103511871152,0.380000768400858
7566,0.159216149660438,0.149978815077781,0.152123831781075,0.151715620216107
7567,0.373709610009898,0.353194188141319,0.36917499966184,0.36518679006487
7568,0.367434123075641,0.360763390117744,0.363770136989705,0.36306143350968
7569,0.371524270801873,0.366306625688152,0.386486762971102,0.384176879194987
7570,0.372169854555604,0.356846106343579,0.360996151230876,0.360411086652845
7571,0.19447715157632,0.168286238796012,0.176747630486617,0.175402228094437
7572,0.397863281951233,0.39221505584441,0.394669482191116,0.394348085023731
7573,0.384592354273597,0.381167678468358,0.38182119412576,0.381948099935248
7574,0.427456137660259,0.400302554304499,0.408610250138032,0.405637849019603
7575,0.343410049443479,0.321153009137857,0.328823471625709,0.326596913632667
7576,0.373343104062307,0.371163525705483,0.372132566004886,0.369176437861234
7577,0.387920055268583,0.380167991972905,0.385056095739005,0.383826579142768
7578,0.341644017780371,0.334691603136876,0.337002703382789,0.336889278297523
7579,0.346609503900098,0.32269444820349,0.335182102818835,0.334781759286033
7580,0.37404646701663,0.368206132934608,0.370581229879184,0.369583275487114
7581,0.379702863326839,0.347234241449126,0.358375691933195,0.358400010709303
7582,0.329453101535576,0.315446485217913,0.31750688977501,0.313048310642933
7583,0.252758742558142,0.232256841673741,0.247564870561841,0.244995197605596
7584,0.377827161656427,0.377221005217931,0.37675016334269,0.370850119474765
7585,0.170003592734177,0.141419226983363,0.14808757438146,0.147178822952616
7586,0.361945197378907,0.353393092713142,0.358527199224858,0.357040134961401
7587,0.350798132457449,0.348636115570401,0.348994024603179,0.348742671230787
7588,0.25956943071378,0.247047597847157,0.253668151098592,0.251671479925455
7589,0.377841777692978,0.372447652387273,0.374751035901836,0.374195227217763
7590,0.379620301359755,0.37418771145033,0.383205609274011,0.380212339534658
7591,0.308097951183566,0.287487860612438,0.297289399636199,0.294731867245554
7592,0.247930021777099,0.222312220856435,0.23357306165235,0.230645092066535
7593,0.343710694659362,0.339820655201457,0.349887573223669,0.345791060986967
7594,0.27968086138347,0.278211998330502,0.278923966740857,0.278497744715517
7595,0.349880975369589,0.321089493705946,0.333614495723259,0.330552053477946
7596,0.365749233435662,0.346590082119447,0.355650793109727,0.353094395635354
7597,0.367188533492195,0.359509589926963,0.375721770592527,0.371435679932284
7598,0.376188427942229,0.375210132234088,0.377314900911396,0.371903759529399
7599,0.360534837729906,0.35617674069539,0.357124988812583,0.356903476264966
7600,0.400283756062504,0.364361863799822,0.380910616298449,0.376865001560998
7601,0.34705887710142,0.336327609486007,0.339545837561582,0.338949739071364
7602,0.378949145470893,0.368143559708131,0.377415145826705,0.373932570048741
7603,0.378038103916929,0.372977158777859,0.375421037120631,0.374726636056986
7604,0.375282321586143,0.37299355323335,0.373141095475089,0.372810165999425
7605,0.337873753543767,0.31879592010717,0.326272752148012,0.324484189588155
7606,0.377689910518103,0.376686615463943,0.377238581105497,0.377195973185396
7607,0.347008457615023,0.314297374110419,0.329068324333746,0.325398958129066
7608,0.343079168721321,0.327129477270378,0.332100335085488,0.331294537042428
7609,0.270968052544937,0.247141293250354,0.247522532566651,0.247538216050442
7610,0.381172677163213,0.377472553341775,0.384037073764642,0.379564978097023
7611,0.370340967565685,0.365331658718495,0.367565582378505,0.367037597710944
7612,0.398339043126334,0.378495263644031,0.387831566534353,0.384925388869799
7613,0.398990019426782,0.391461339458973,0.394991114539622,0.393951732491847
7614,0.381094662789283,0.377310354815458,0.379238319627014,0.378926419925425
7615,0.255747416780033,0.229636773473714,0.237589590190765,0.235438261740996
7616,0.384934773875317,0.381057471829658,0.38452365467433,0.383436221486529
7617,0.143818255038333,0.137812321412605,0.137822566319188,0.137781738800573
7618,0.318906652322567,0.292200457451452,0.304262978360144,0.30116018439416
7619,0.340646897528742,0.31146065164957,0.324590989927034,0.321226966456612
7620,0.370569409093078,0.352425142956134,0.369038925264457,0.365230040410352
7621,0.281844090194718,0.250529660207029,0.261751851843503,0.259034182734995
7622,0.257083592260957,0.227697609683398,0.239448330134182,0.23724566222295
7623,0.404306806195921,0.391323237359686,0.39555327238895,0.394980855667013
7624,0.349983684020601,0.316466294927637,0.331384049672413,0.327704760379412
7625,0.378390941997402,0.359431604668114,0.378555712186536,0.374462186364629
7626,0.366312816641355,0.362396410151233,0.377829353198458,0.377098971931413
7627,0.386889134975495,0.379083696765993,0.395779205663575,0.391583001089337
7628,0.377899877483521,0.376241313171422,0.376263112785888,0.369342153709941
7629,0.435255540374473,0.398282367944984,0.409265375298246,0.407248555545425
7630,0.367397694070857,0.346472984169526,0.352362211335879,0.350716481853932
7631,0.387646603125623,0.38360469026001,0.383729766327441,0.383296388056961
7632,0.382238524693863,0.367414185850738,0.378802784135245,0.377271494508853
7633,0.403292843878711,0.367213753247907,0.383992504707151,0.379961836281529
7634,0.373260787284439,0.361542511963388,0.366613001382278,0.365439961737188
7635,0.165238732357702,0.13743293487031,0.143592209799943,0.143326388248473
7636,0.444901723732009,0.417685180677596,0.431061211793033,0.425007717317849
7637,0.332326032836308,0.309966448874272,0.320997367534147,0.322187790267199
7638,0.377963671782332,0.37711393737333,0.378491300211796,0.37801870884449
7639,0.387881944667297,0.352038171073934,0.368453309042424,0.36461030168574
7640,0.370952739885252,0.364198266523242,0.366840352662698,0.367194853100106
7641,0.374903842615326,0.353390074409609,0.36361866608589,0.358918736636258
7642,0.405571431716492,0.386696355281268,0.395769198439297,0.39346233000567
7643,0.154680804229637,0.147888528050132,0.148595650724721,0.148439108055572
7644,0.303836409159117,0.30009649637671,0.301137781302182,0.300741987491864
7645,0.38345976714098,0.376946439707225,0.377881156470795,0.373809382301775
7646,0.408759547760105,0.371287645084532,0.387123976876027,0.387442993401664
7647,0.227955019018599,0.198803597172994,0.204440223556511,0.202909794700162
7648,0.369370821139088,0.365141753185907,0.36801823274823,0.367217646941213
7649,0.381419505330352,0.378797104695454,0.389600857704044,0.385040424720599
7650,0.167796630574466,0.1365371996396,0.141649821726143,0.141962921003912
7651,0.380664249354079,0.372522856225956,0.374376228791435,0.374369785435676
7652,0.378300338482261,0.366733375536048,0.38640305195426,0.382422261707942
7653,0.37332311209032,0.368480673953132,0.374174032725998,0.371384792930769
7654,0.364826618367964,0.352805193149846,0.358132782169551,0.356448086646522
7655,0.443648070207485,0.406681976716306,0.423656953227452,0.419488307192175
7656,0.301341118484259,0.271355649582176,0.271959591221714,0.271776170812922
7657,0.387172764059723,0.385766810616524,0.392544274989933,0.387414813785638
7658,0.276080643850687,0.251238283290332,0.261943526875397,0.259105449102803
7659,0.338095790111045,0.335800089573716,0.335848522595782,0.332921079054586
7660,0.376784185859393,0.337900743665262,0.351946148759567,0.347630710494766
7661,0.162238035853269,0.136035559802005,0.142396382532762,0.141406682358703
7662,0.425310253458132,0.425000607912452,0.425106176513312,0.425139020925178
7663,0.378647803727035,0.378614347963479,0.378677400856265,0.378629639933281
7664,0.37767797123625,0.354896708311985,0.371475993398899,0.367666274420293
7665,0.376514399615423,0.328531772745416,0.343661240848337,0.339976274831165
7666,0.279871804864708,0.255501304763103,0.265754987936549,0.263040224134206
7667,0.215767048141326,0.193519343767644,0.198568457171653,0.196777902123549
7668,0.375462610287275,0.365984158714044,0.38031585515837,0.377007707591108
7669,0.208276709896208,0.177677160971121,0.186374369101393,0.185560195847854
7670,0.387947826825669,0.384756814776778,0.384807419086271,0.381263849236505
7671,0.341876084828412,0.333676181033945,0.334158454691919,0.334133968557681
7672,0.339110485582974,0.323335999491455,0.330346930630256,0.328468973525251
7673,0.17239500491054,0.147774178861092,0.155200717957001,0.154911972440337
7674,0.369487531496498,0.338422931513625,0.349762538303236,0.348621085608015
7675,0.279975586663866,0.25110059361786,0.263489835036755,0.260652592786585
7676,0.309721146496413,0.280698522744808,0.293794955816405,0.290697521824394
7677,0.376510991883979,0.371062281492281,0.379140789062032,0.376576265336955
7678,0.271530263408117,0.244009183570922,0.256895295965948,0.256142639582245
7679,0.383960930943511,0.349494237293283,0.36478583743321,0.360802835183901
7680,0.388915385774463,0.383139458055186,0.399505777292356,0.395923607866707
7681,0.204834609618111,0.176005399987204,0.184887587980558,0.184133807820493
7682,0.226306907021911,0.19589758143904,0.205762247333939,0.204365173804952
7683,0.38714063498671,0.383035807771504,0.384920640585921,0.384614081134588
7684,0.380005045584647,0.374700305404474,0.376670410358899,0.371571556367993
7685,0.385156426300336,0.354620325968086,0.371798151524142,0.367795610748884
7686,0.182458134277005,0.153855644212366,0.159106323027562,0.159112560782922
7687,0.37797944331469,0.377937346658274,0.377945569973473,0.377884639710033
7688,0.431208189152717,0.411121492147255,0.411321472659699,0.411326892137901
7689,0.28103409054645,0.250275702165464,0.259571053898429,0.256876659537988
7690,0.384783967952846,0.356674786244626,0.35710864038961,0.356921919923946
7691,0.410531498010583,0.378010347865288,0.381849080783157,0.38165022113934
7692,0.368772635436783,0.368182895513003,0.373522571653114,0.369479603251937
7693,0.364134601630759,0.36370691231099,0.363160149833749,0.357599116520808
7694,0.379309693093687,0.378820843306476,0.379025884139455,0.378987637220219
7695,0.395499157725133,0.359198468203164,0.357813717971889,0.357798035325643
7696,0.147333008775373,0.12051989465887,0.127342073395108,0.128283692732309
7697,0.413652167213892,0.389672798928401,0.394575744646258,0.394142290834657
7698,0.366880679009052,0.361590993152576,0.361895076970581,0.36180775280345
7699,0.287204174019466,0.262524560194421,0.273570226645417,0.270691143172202
7700,0.392189246302391,0.362610714271522,0.375163336405675,0.374699930327859
7701,0.355700321563829,0.320956620545182,0.336355643817623,0.336412228318909
7702,0.377828485769388,0.376485244138007,0.37990798331266,0.377239615965648
7703,0.352444909200481,0.348859401035463,0.349128617096178,0.349085210754755
7704,0.208515374440187,0.206882618072904,0.207759240789919,0.207535633290803
7705,0.353922729352968,0.32761938220196,0.339232629238398,0.33614655297605
7706,0.354711342310412,0.329131652904999,0.342602625947522,0.338947782637127
7707,0.403013119608317,0.387365895735748,0.390901254754217,0.390372025484068
7708,0.368084610827951,0.345159715877623,0.356112185044873,0.354121906247496
7709,0.378313515694534,0.363481854187591,0.371215672551459,0.364651566752652
7710,0.272863259004059,0.247751241591281,0.259029502023568,0.256176637042355
7711,0.364916950572555,0.352884497480621,0.360831418122298,0.355802951643075
7712,0.392321210946038,0.352178733410459,0.36628951068789,0.362639380189033
7713,0.283860620794898,0.254375980866316,0.267683961490493,0.265129472896873
7714,0.363258714544737,0.343540060801952,0.355670801075845,0.3533490319633
7715,0.2008819598219,0.187304862770267,0.191066499174104,0.191168538649458
7716,0.382372354964006,0.37801765590094,0.379971145446043,0.379501017645851
7717,0.378859717276841,0.378342448951987,0.37890741999131,0.37877053461261
7718,0.346296639562925,0.33616542496191,0.338356676763869,0.33454189851609
7719,0.377787535320928,0.372511883396654,0.374509379122128,0.373399703294897
7720,0.220809597398705,0.194165079218596,0.201745461981376,0.202071718670605
7721,0.289936282310741,0.285339262998693,0.293539289719786,0.289373752530398
7722,0.409822959364607,0.403948192616348,0.404337091198633,0.40417927201638
7723,0.271961866821328,0.244749467798365,0.256773758109088,0.254128808847921
7724,0.293861155000198,0.261130458232265,0.269476617538865,0.269268434492111
7725,0.38475929014213,0.364856315103029,0.369529641025398,0.369238155159978
7726,0.150006059347361,0.118500536169858,0.121270175565495,0.121101833516882
7727,0.377988246951706,0.377947434466904,0.377997714786404,0.37453736993337
7728,0.44040180596307,0.428497715746862,0.439488228475308,0.43493350705877
7729,0.39893479972888,0.371039830442424,0.380196197709858,0.378316954749869
7730,0.281633207559865,0.250274708039394,0.250345182102208,0.250208140629751
7731,0.374640857725037,0.37354650433344,0.37418964184708,0.373767147338841
7732,0.358249050279213,0.351951224217507,0.354747438002861,0.354661430152116
7733,0.130300449851706,0.0965477843356969,0.0958617479068103,0.096230215167751
7734,0.244711263553234,0.22805342193815,0.230735900491917,0.230326308956148
7735,0.314970824635452,0.297735432672775,0.306514151288036,0.303948429608291
7736,0.375944538247101,0.364054719048445,0.368489850846986,0.364165175946542
7737,0.379106743886695,0.374338440068324,0.376748947109662,0.376440538603779
7738,0.41393872130502,0.383602158971435,0.39838807321053,0.393720787408726
7739,0.259695112685921,0.227470702514713,0.238095084040174,0.235506200201143
7740,0.388908840001742,0.383221882638346,0.398250862556189,0.397080604052192
7741,0.350213144953099,0.330162419396339,0.337221376483487,0.336017334257745
7742,0.320122932283922,0.293964124761928,0.307391909467332,0.303855640181055
7743,0.245070845740419,0.216128407699137,0.227387276826405,0.225450191317779
7744,0.145174439954358,0.125812775638943,0.126823346221478,0.12639209784256
7745,0.427451299185495,0.422020954188253,0.441401624821719,0.437701093473223
7746,0.386319813892052,0.38379454507305,0.384952675163489,0.384676595811207
7747,0.189065649074701,0.15864009134483,0.165779903905907,0.16692382679707
7748,0.403705177185518,0.376063686982799,0.39304725067989,0.389570593797569
7749,0.103077193496455,0.0680223429397447,0.0635116845578961,0.0630637833873552
7750,0.374068573031398,0.36656270579491,0.370010179014518,0.36811729228431
7751,0.331773150048821,0.311551938193206,0.316488797998468,0.314594892306824
7752,0.289635653562038,0.281674779488448,0.282927112367491,0.279276599037482
7753,0.338154024445935,0.314761522964414,0.325172657848609,0.322389618523813
7754,0.383396986039895,0.371105834085551,0.37394804983576,0.368555654759098
7755,0.435372753748909,0.403962472390076,0.410197444691653,0.410154048501846
7756,0.377962896058073,0.376743976374785,0.37717171242138,0.377199278942523
7757,0.360984472361562,0.3604397321212,0.36157894385276,0.36129544768372
7758,0.182510668343935,0.171288946848161,0.174210974812647,0.174396513122437
7759,0.312399658776402,0.281033655852433,0.29498402752109,0.291810191009516
7760,0.471045609635403,0.43647433462188,0.445481851859938,0.442956183925188
7761,0.373926180160798,0.372533169059412,0.372960205335984,0.372331563431642
7762,0.397235204576546,0.362602799619853,0.37680080687679,0.373038032051115
7763,0.342830531113339,0.337621678012097,0.340950607270059,0.340059884492861
7764,0.384460059184373,0.349282408547487,0.364168609664791,0.360376575676091
7765,0.334528175228753,0.320805384468941,0.330952756045639,0.327913600119594
7766,0.378284894913498,0.374982269597469,0.37635697510222,0.376049757013062
7767,0.151122075155129,0.149603256466149,0.150935067496147,0.150358249238261
7768,0.382578421274412,0.368603500360573,0.374580762791265,0.374017001536121
7769,0.307802407351762,0.279428498202763,0.294298677663375,0.291271659053885
7770,0.234345881403888,0.209727733586908,0.222312112792506,0.221501355403284
7771,0.273712387016335,0.242847308035851,0.255129363295584,0.252736911447711
7772,0.375677679261356,0.370017650472823,0.371860328392147,0.371458846490914
7773,0.269477944280708,0.238912222593523,0.250806958009866,0.250210048279018
7774,0.291020130148299,0.287080634892545,0.292474094620911,0.291900315210664
7775,0.422742122061756,0.4036541122514,0.420029665102604,0.416432577881136
7776,0.377815758174295,0.377780375726133,0.377819686972286,0.37260751920644
7777,0.424062961438959,0.400583884726443,0.403609215037094,0.402846773122311
7778,0.366859103968809,0.362031615032988,0.362520033744166,0.36100924093727
7779,0.235865619555072,0.20892633850348,0.219486656750772,0.218297103285801
7780,0.256812525479993,0.229593316802331,0.240029274256085,0.23714058958421
7781,0.387311064412603,0.382283897581082,0.384057252447583,0.380055942492018
7782,0.376995749983573,0.375935934473852,0.39259178819757,0.388343310506717
7783,0.370817070634926,0.362503863092247,0.365936604315681,0.364817612490842
7784,0.385795554817868,0.358142354482626,0.377122561305718,0.373323935911893
7785,0.390638444581336,0.363528923894121,0.371294599816627,0.369819416192234
7786,0.336976486787867,0.325338518029352,0.326494756612925,0.326348004497889
7787,0.416652826382964,0.383833991687487,0.398900850064981,0.394824324783069
7788,0.384327021336155,0.371705169501923,0.37788368109953,0.377498336635001
7789,0.380815434184021,0.38032717614502,0.389547113275101,0.384876484912428
7790,0.233266545307389,0.227225324994726,0.229945910052728,0.228995605093406
7791,0.239236535885239,0.221039684397551,0.224399031625621,0.224589709035587
7792,0.280054898897421,0.25156696794566,0.253303799040814,0.252097044921187
7793,0.336560315534607,0.302858945881922,0.312576749074946,0.312600105522494
7794,0.374472613024858,0.369984522482347,0.372557592341638,0.371461245250502
7795,0.230739320827982,0.202912357744105,0.212830703148145,0.214998505058748
7796,0.485124212621613,0.444242971725421,0.462581591626343,0.457987945791174
7797,0.375052226805467,0.374691651895333,0.378737759286217,0.378490010678898
7798,0.3627747253564,0.34726694221804,0.361241674819133,0.358947841425852
7799,0.141368067344397,0.118609896380092,0.124284563347927,0.123041796620055
7800,0.396998547944307,0.371283007275234,0.379876719358484,0.378327093192366
7801,0.272744371394692,0.249272106633099,0.261973056711711,0.261783240004717
7802,0.258133767405658,0.251680623031029,0.261912540725155,0.259291949366214
7803,0.378598093508598,0.356039356063367,0.372900331018227,0.368962774041915
7804,0.193575027793313,0.178616974415586,0.179432839971494,0.178452329694289
7805,0.341153463724181,0.310362839555603,0.318526041149248,0.316884027664803
7806,0.364923576513147,0.354512192331972,0.369048350421902,0.36436332961255
7807,0.377894882333812,0.37757262320017,0.379141842823382,0.377852514928639
7808,0.368910468772851,0.34939097090391,0.356662882975497,0.354899337537965
7809,0.455899871796465,0.422624271865727,0.431079819064642,0.428761697048623
7810,0.291198167706333,0.259924946240696,0.273125050376252,0.270376147248175
7811,0.419914135169296,0.399898206683237,0.409317178871484,0.406033893998987
7812,0.37872094848372,0.341595976559923,0.355818462507763,0.354231797600328
7813,0.383499189625182,0.3796939388708,0.384410776003346,0.382866985267292
7814,0.408163883365787,0.405192000692209,0.40699730328441,0.406689532597384
7815,0.381923426480941,0.380966226801724,0.381386724833336,0.38096293320096
7816,0.373001538393891,0.370898112790053,0.371569955614853,0.369587298168058
7817,0.171171089497792,0.158098454051533,0.164307793283945,0.163243599765789
7818,0.275588034284763,0.252940939084007,0.263659869605929,0.261008994371137
7819,0.393471011308034,0.382724025890261,0.400404039740547,0.39579455297629
7820,0.377131348627874,0.375516996011671,0.382710835175913,0.378025746027426
7821,0.331140967473321,0.306466031265646,0.322818049586764,0.321096247610257
7822,0.419286279304504,0.388597085469745,0.403337023203416,0.399712201183509
7823,0.341835904952635,0.341817309474471,0.341819856642131,0.341727186622794
7824,0.235507771025483,0.208556729799355,0.216974135883156,0.215832253621539
7825,0.378879305495865,0.342841609371848,0.357863688240442,0.354068154436074
7826,0.177558498058486,0.14865762006905,0.155614576589414,0.155319145780799
7827,0.380544098630255,0.37474398901963,0.384627706382378,0.383057562881849
7828,0.359828279965735,0.354204608596314,0.354998156320354,0.354658920219164
7829,0.298696956810601,0.286873835479689,0.287131398028072,0.286299852281844
7830,0.324224876340494,0.294418248518018,0.307305723351593,0.304184252717037
7831,0.379448494259852,0.376595327249616,0.378348686156173,0.377808460928208
7832,0.396520070776703,0.392269694981674,0.393508631451561,0.393439961142178
7833,0.376612646354589,0.37317374119571,0.374406722271479,0.374058919264491
7834,0.384323638355716,0.38190774846026,0.382951142087248,0.382809294904096
7835,0.376237770379961,0.360637730069348,0.367495791517261,0.365647528008554
7836,0.410361670422077,0.375154970351569,0.39185663410637,0.38872446988758
7837,0.334942227541419,0.333909589300408,0.335817614629126,0.335431925362284
7838,0.37511993643533,0.372289196804169,0.373675890154003,0.373382486692573
7839,0.368000695704925,0.367637388104457,0.370177060390068,0.369590427506799
7840,0.396227124369146,0.37530852161436,0.384037898655831,0.381569576416901
7841,0.335822198190928,0.310980849243857,0.32262134142628,0.319251517036101
7842,0.331393738359814,0.298537075314739,0.307871604056571,0.307922573290055
7843,0.321115799091386,0.299363993820267,0.304815183412026,0.303848659453174
7844,0.379447900476,0.379366339776423,0.379615174134074,0.379533068280446
7845,0.338388345613633,0.322104505693339,0.322381486926962,0.322393355285616
7846,0.354361019767412,0.348616676964974,0.349217325543231,0.349203214484348
7847,0.379143504142871,0.377049702661091,0.381163126829336,0.376608700890462
7848,0.348960104123006,0.335384070650367,0.343674835220183,0.341363035367764
7849,0.365890399572197,0.36248432049837,0.362550566532233,0.360540036878824
7850,0.265837781314607,0.265358457101882,0.265759568485945,0.265536922454348
7851,0.37646417487269,0.375738851084818,0.376246586025677,0.375808177888927
7852,0.309116136597467,0.293267788931239,0.293325036868652,0.293151442334788
7853,0.378159263253336,0.377523291678307,0.379698382134581,0.378747086695707
7854,0.222994095594125,0.199476508570683,0.209250413676233,0.207068297941607
7855,0.298232386003753,0.279936955337717,0.281638827658914,0.280179231668552
7856,0.391253658465068,0.360480389787854,0.374258984898993,0.371093724823679
7857,0.394902363025446,0.387064076433472,0.394203291230499,0.393223342309778
7858,0.377116641638922,0.36703786004642,0.386552007393921,0.383894291500022
7859,0.112586034640485,0.104603588994624,0.109773136317518,0.108948935981492
7860,0.411523992555128,0.399951761284344,0.406198265175875,0.404568152906378
7861,0.152153815596575,0.121520975004614,0.124803458793699,0.1251591951119
7862,0.377879087758567,0.377856192603616,0.377861815661944,0.368762859501528
7863,0.360161701844807,0.32564629618819,0.341191918451593,0.337600619754656
7864,0.191391619928203,0.162999308917769,0.171791087538975,0.171402349811425
7865,0.306307727525048,0.276320598879856,0.290042547378575,0.286981554222823
7866,0.354427550913846,0.346390114984324,0.350666973873017,0.349347725516759
7867,0.37398503491252,0.373524511076591,0.37379440113024,0.373832805725136
7868,0.380724806209753,0.379175694687019,0.381535027328663,0.376425387146614
7869,0.377761628669204,0.355612549717244,0.372414522642769,0.368471365108211
7870,0.228062131322006,0.19946587899708,0.210049729566585,0.208662981562894
7871,0.371829946216337,0.357415634640979,0.367401506583302,0.365779034294368
7872,0.360346618079096,0.352079006897829,0.35209173807,0.352089326073164
7873,0.367838025732218,0.35905574567415,0.36420740636011,0.362790810774658
7874,0.218866421384188,0.188872067933748,0.198031910691988,0.196480939376633
7875,0.303264268222294,0.277640072516633,0.289190990148083,0.286268193991896
7876,0.373636937249221,0.326493026334016,0.341787365781708,0.338125556634028
7877,0.128199143262178,0.0996437598556147,0.101815130625343,0.102191830234192
7878,0.374268460926806,0.367960799208968,0.37192234185139,0.371245654817616
7879,0.377024338316763,0.37475134702802,0.376553371233493,0.376291489367482
7880,0.337766793516664,0.32619082557457,0.34534475652928,0.341950966182084
7881,0.389326290167205,0.366816245927241,0.373804272282353,0.371715775410673
7882,0.378968672014819,0.366689053757346,0.37685771038697,0.375754536945198
7883,0.22087081313423,0.199142016694033,0.2088492905279,0.206603978837385
7884,0.377570019056911,0.376416625438093,0.377183755912596,0.372460400926593
7885,0.368361259658763,0.366585960347807,0.369676957775716,0.369098989313936
7886,0.418008463096121,0.416573608141782,0.418646432773634,0.418161825692433
7887,0.38036233283852,0.378700389658951,0.378295840851878,0.372475749309371
7888,0.209859214947822,0.201627801364661,0.203804745044664,0.203777313374209
7889,0.389492005132318,0.354132865758275,0.369542432109273,0.365643190421873
7890,0.378993869507748,0.376309944150087,0.377410506469613,0.377395168545612
7891,0.364582694273338,0.348405440695739,0.355469366308096,0.352886458299177
7892,0.365986556718595,0.334132357570592,0.346719873995921,0.343344931843053
7893,0.355096751856422,0.335797406829322,0.345001120903535,0.341979136896112
7894,0.340237639083771,0.330898886471934,0.333728374985311,0.33257173047431
7895,0.349386813002477,0.325908771985131,0.336956242739149,0.33371781955584
7896,0.239355355932469,0.212687439814244,0.223781873702309,0.22166994813204
7897,0.319437205363581,0.319183497286579,0.319823342649492,0.31463909947607
7898,0.20256348956876,0.195324387931116,0.196604321393985,0.196493358904288
7899,0.319381318994371,0.299613266385974,0.315523414115957,0.312883419087257
7900,0.300055828728248,0.26776342528207,0.281358017169452,0.281524639387901
7901,0.11576018089954,0.096696946954334,0.0967363645673438,0.0966775023888336
7902,0.370861516783295,0.367552833587105,0.367582063100641,0.367304956068851
7903,0.332165988698388,0.310353345810916,0.314876537343975,0.313120334521228
7904,0.360457048227188,0.341778248760036,0.354577565347755,0.351950050628924
7905,0.291198357476885,0.254464583788267,0.260296328844568,0.259060894248864
7906,0.20309000164189,0.179405890313028,0.18745302082992,0.18557134047437
7907,0.235769948634937,0.231788923606641,0.234537526220574,0.233376485141075
7908,0.234530886030013,0.208940332362163,0.219467762137789,0.219805285047326
7909,0.304116018096081,0.280815177940988,0.291081659069879,0.289062037509211
7910,0.380583481569548,0.376513258890704,0.379375804741985,0.378478805627568
7911,0.421702584221416,0.385113168254371,0.401869714039446,0.397675333660339
7912,0.244565346480295,0.214056254004241,0.216098092167132,0.215575728189019
7913,0.235824066835786,0.20519082794437,0.203161094727426,0.203117930174251
7914,0.384326091968453,0.384028891021628,0.388959131914058,0.38706470061879
7915,0.387235925972894,0.357606551427395,0.369925742639949,0.369559562264716
7916,0.371477971160985,0.370357872167035,0.371233155596525,0.371115875606762
7917,0.37530275888561,0.355565939111072,0.364180521034821,0.36140467092177
7918,0.320549916830326,0.318539525852806,0.323215574449496,0.321380786014526
7919,0.434588825224255,0.410622356849254,0.421374930645186,0.418356196337905
7920,0.327182998997804,0.313711716863299,0.318415986965167,0.317213971200315
7921,0.252566283719925,0.238504450521514,0.238498014908383,0.237581018766562
7922,0.253324041484401,0.237516307493063,0.245658990691456,0.243795644791364
7923,0.395865105050446,0.380352447828716,0.387277575055855,0.385359757917774
7924,0.417058155337327,0.404967995004659,0.409128493634796,0.407692175963037
7925,0.379660206656434,0.367200342094071,0.37057126547181,0.363782916184795
7926,0.384670613257997,0.383378188103167,0.383730447048734,0.383649499984768
7927,0.377135585142664,0.350911892936081,0.360979590860812,0.356979706825559
7928,0.39004311991485,0.379640048151597,0.38454155358958,0.383523697819082
7929,0.441055963658896,0.409313069006725,0.420822762161509,0.417792530542783
7930,0.327787378234911,0.297830551103858,0.312013702739198,0.309128145807925
7931,0.431611358031524,0.426840135988092,0.434835468356373,0.431105570351192
7932,0.360077686274777,0.350640301814719,0.354023034268563,0.353897761054705
7933,0.269588591189372,0.238670822770636,0.251234704340149,0.249120339047149
7934,0.428871471691825,0.396756665924121,0.411955834534051,0.411933139041916
7935,0.383044957577034,0.375808563170993,0.380743924607021,0.379816667665181
7936,0.377145542333569,0.374096777251154,0.376818685270394,0.376113547780204
7937,0.269494429154045,0.239069538186828,0.251396950071755,0.249012150094161
7938,0.380794191103234,0.379220959211708,0.379907400712649,0.379771093170959
7939,0.378433386473424,0.342799411696902,0.358807651700423,0.355051002092434
7940,0.252721280903532,0.222686594348734,0.234149269618505,0.232060304917609
7941,0.223661268755811,0.194897711845331,0.204737868897589,0.202958287536844
7942,0.406176928914257,0.384222114639034,0.394432194927782,0.391546951602978
7943,0.204072525080984,0.199361014186501,0.200692137440504,0.199528421808724
7944,0.326857146023096,0.308806242021913,0.316723866164704,0.314243109537025
7945,0.375705381647746,0.366777729235266,0.371191917448991,0.370007795276651
7946,0.377911734319405,0.377385122624034,0.380104778292426,0.379510224834238
7947,0.431355890692885,0.401453244259914,0.413620507055636,0.410154637000499
7948,0.251806783852027,0.233688505405438,0.242060200431377,0.239837324095389
7949,0.423523289242313,0.400116437998192,0.412600319982078,0.408838609658066
7950,0.48447547459994,0.466016207260477,0.47319187908346,0.468479087248162
7951,0.110011964598571,0.0790894465080882,0.0789441777705407,0.0792458748681543
7952,0.423305932951509,0.417686332059811,0.42831913919009,0.426252847898355
7953,0.3974988600158,0.35063921177527,0.362979750832265,0.35982353783088
7954,0.37519541650628,0.367222769410115,0.367792792076944,0.367784268878247
7955,0.394061568510362,0.389921735827433,0.391793664506229,0.391344662366355
7956,0.358781268456753,0.348014263501479,0.352954440225118,0.351495957765513
7957,0.417757180047646,0.381406528279753,0.397561595361505,0.397550820682702
7958,0.299706280545534,0.277611177680023,0.287567180396499,0.28496766459763
7959,0.365705786017575,0.331193145666549,0.330426946400732,0.33041082409322
7960,0.388195372622756,0.377244587128418,0.377956866472118,0.37673395256823
7961,0.372468364729658,0.322944016848349,0.338263908371905,0.334704101040159
7962,0.279859852825363,0.252291874074197,0.26473953543629,0.262047220822062
7963,0.377581962598412,0.376759548182576,0.377014287974415,0.376934353211255
7964,0.353057320255559,0.330545587038244,0.334940330583306,0.333791064704434
7965,0.379635597493057,0.378694792982719,0.379647996394119,0.379414719283387
7966,0.305476530865025,0.292143025517761,0.299970038082891,0.297740540503934
7967,0.368454798365247,0.353507658553975,0.358316141412308,0.357707026746583
7968,0.387167466540065,0.381877570005495,0.391189834440727,0.386582322188377
7969,0.378020155329376,0.377966810350197,0.384202686359778,0.379428316350114
7970,0.253431364208876,0.246883427834156,0.255664014838682,0.252022664141378
7971,0.235926907365543,0.215351402246754,0.216798140968443,0.21634153474179
7972,0.231039888884125,0.200724551420524,0.210968886241589,0.209352781043259
7973,0.386610294799496,0.350779685346238,0.367086703429831,0.363202944675908
7974,0.389737851322688,0.387532157814196,0.39106101257538,0.390210734269912
7975,0.380462415085832,0.35655404703397,0.365319688766001,0.363220059113429
7976,0.378950453120003,0.377760775464846,0.394906855398349,0.390443736827152
7977,0.378800831898305,0.376881140178682,0.37755273378209,0.376791038614666
7978,0.386290617471089,0.383984745862368,0.387695483335947,0.385553493632896
7979,0.418568918544455,0.385524720312878,0.400547701167705,0.3966132903923
7980,0.413741352234293,0.380565191323135,0.384778405894963,0.384070913850213
7981,0.404426068723113,0.39638820432336,0.408403840415158,0.405448703729682
7982,0.338432760155178,0.313847196402294,0.324406434153963,0.319981618896894
7983,0.375670020092191,0.370879425617063,0.376761339162317,0.372619655473514
7984,0.11319307281036,0.07920602708948,0.0755397809280392,0.0750077989620373
7985,0.439820803910642,0.409272232074237,0.423212124287683,0.419445287586169
7986,0.381663915565914,0.370481352969996,0.386671345713488,0.382108658302985
7987,0.387256239711245,0.366717856181807,0.374546257744793,0.37240600010172
7988,0.131889145552472,0.0985553991942088,0.0981921081623178,0.0985157125662709
7989,0.329360505802715,0.309885640337723,0.318580460786391,0.316228402548948
7990,0.379931510922578,0.374177434998783,0.375736024784145,0.375346284437025
7991,0.338827050186338,0.320960160648995,0.328874330810951,0.326788206712228
7992,0.162198407855893,0.134211049804528,0.140167151192004,0.139658678031672
7993,0.335862063435491,0.318179569012326,0.318671360025273,0.318405876292803
7994,0.283311971568305,0.25792438681935,0.262400730172247,0.262303168243863
7995,0.382456843377281,0.371846151674766,0.380667493672964,0.378172124356252
7996,0.394635965710673,0.392322429145475,0.395644665454911,0.390002751585948
7997,0.395306639829764,0.379025310719961,0.392543201466138,0.388621883448935
7998,0.37095079297222,0.367653597641298,0.382737061924008,0.378865337039914
7999,0.427758363393708,0.402227019964674,0.414112306982947,0.414722897836174
8000,0.267507120268687,0.245905637373121,0.256674463530794,0.254153331658952
8001,0.366709223351736,0.333187431614343,0.343300424542274,0.340172769762977
8002,0.37191131676292,0.34479265423838,0.354208257329908,0.351070669993453
8003,0.377941483398919,0.373271333051637,0.386591521892654,0.382240234231603
8004,0.378279831841968,0.369341947780574,0.380366565475457,0.377210427440374
8005,0.297925248020435,0.297865089108467,0.297924386894729,0.297911832268931
8006,0.402127683943425,0.356240006328874,0.37223783799299,0.3681400393736
8007,0.346705317585841,0.314027581771639,0.328100680432634,0.325010491198573
8008,0.374159486242311,0.362911332619812,0.367687633293293,0.366121617850372
8009,0.366406892439529,0.360385353195792,0.363160044264826,0.362940647866756
8010,0.46374037827924,0.449809873623003,0.450821820872892,0.450717605418558
8011,0.359931304915261,0.358833470872989,0.379006328352859,0.375952351253651
8012,0.382448028761215,0.367810878162654,0.384659216458639,0.380795316549372
8013,0.381161923951482,0.379633036473452,0.37997602833206,0.379099482909764
8014,0.377576455635891,0.362625360777841,0.368533069900098,0.368014797116991
8015,0.380186610906536,0.379996265448603,0.380228755926041,0.376478672005095
8016,0.361296390704908,0.355138406297188,0.357913201812507,0.357230107708964
8017,0.28866822622641,0.257676613303162,0.270764651873564,0.268499397366767
8018,0.284720255348068,0.256759155715076,0.258285912676718,0.257211084876295
8019,0.377612335403496,0.364294189606246,0.381254593582656,0.377273511137714
8020,0.23654261414425,0.206170986008006,0.216816655393286,0.215342090711799
8021,0.18112539180356,0.155580891882547,0.162338278242389,0.161056900813507
8022,0.377081710595531,0.374275403613417,0.375578096702892,0.373282676617552
8023,0.380859030444969,0.37302197086687,0.376343992396118,0.37583325866827
8024,0.377862918951807,0.377825162442896,0.378682951387534,0.378281293061229
8025,0.172807028867866,0.144532087412085,0.151165057912284,0.14983188025035
8026,0.354482322579936,0.324858533049994,0.332919131305183,0.329478940506112
8027,0.320635542965159,0.295103423022292,0.306783521757497,0.306432193264662
8028,0.371686577515461,0.366944093155763,0.367756145681024,0.360451056166792
8029,0.348859844163591,0.313710073044803,0.329316522886457,0.326196076568056
8030,0.355849194235717,0.340743097290323,0.35883714994504,0.355247073373851
8031,0.408239016594004,0.395978092629288,0.410160229498114,0.406562517858179
8032,0.252557015882286,0.238006744770193,0.252437477612153,0.249519564617985
8033,0.43894858584662,0.402427983102647,0.418334332158925,0.41433379702242
8034,0.413782108991407,0.39593677645049,0.403315767883115,0.40241391496803
8035,0.357056592809801,0.35199849238075,0.355629419594032,0.352127975558335
8036,0.197339597938912,0.166567778499582,0.173610819611554,0.172597486600431
8037,0.321767112632788,0.286766031760697,0.300702130261843,0.297761741267176
8038,0.404859422095054,0.382831836470057,0.393001202574906,0.390068835238728
8039,0.3733193729321,0.372791627393,0.374237438728758,0.369585778237146
8040,0.380175743810911,0.337396998200846,0.349994282015574,0.34637951950741
8041,0.388496857743974,0.381202739335381,0.384676342579338,0.38377889293712
8042,0.478655220519595,0.449044512200179,0.462556044819444,0.460134948230347
8043,0.390412254843137,0.362768783046606,0.376639265555191,0.37359542223882
8044,0.293102200715002,0.266010306151077,0.278229198209858,0.275310294090682
8045,0.134159507244751,0.103611923414096,0.0987077658799312,0.098691239412917
8046,0.377929471640343,0.377790271651162,0.378537559129871,0.378448660318178
8047,0.14585656936146,0.115745118617396,0.119241742723657,0.119582661137072
8048,0.155813443971962,0.125535516930785,0.12912289479221,0.129008648016124
8049,0.380663168556152,0.376208764588902,0.377606222260139,0.376900965426492
8050,0.389428132664824,0.386685849186124,0.387882257094835,0.387609355684934
8051,0.328745131442739,0.308544441667861,0.317791019382675,0.314749615241854
8052,0.3812236396462,0.354038124570203,0.36306267470543,0.360119335636142
8053,0.312938000462903,0.292775566590857,0.301673830620663,0.29966422185296
8054,0.346264308195047,0.318759301018132,0.329625422809896,0.327554308806785
8055,0.218177462681674,0.188920406488026,0.198016950968811,0.196539316910087
8056,0.289875423013101,0.269787868533055,0.278584533415089,0.27612112509037
8057,0.215064331782167,0.195509890412993,0.201204233706132,0.200437157053438
8058,0.37719471102948,0.37207305716327,0.375731132342625,0.374896413652637
8059,0.24062475043447,0.216489224298073,0.226952713308059,0.22461815487396
8060,0.378925452348114,0.362620909736431,0.375538593286618,0.371225581935111
8061,0.376785458184939,0.375691346082171,0.375825777479792,0.374772625541576
8062,0.371029435414709,0.367942735711689,0.36861622838345,0.363867135772799
8063,0.383259855501492,0.379603702447374,0.38310249562896,0.380259536212216
8064,0.376902858554191,0.375060647650165,0.375553874595125,0.37473391916778
8065,0.380392316166788,0.368196023088138,0.378661173944742,0.375954387791889
8066,0.369032962414535,0.354374257015888,0.369220325416277,0.365534485305154
8067,0.384196093098703,0.383684002399859,0.40319089431868,0.399643083566866
8068,0.36934140878214,0.365528823472766,0.368974379958133,0.368080314694623
8069,0.369156135774582,0.338898847106546,0.352574219274758,0.349049793120225
8070,0.334682447929307,0.32532641128061,0.329192557468256,0.323973058221024
8071,0.37528957044377,0.372997071718241,0.374018280375675,0.373790849814041
8072,0.359486265136467,0.354514707500548,0.356781878585254,0.356068996618167
8073,0.131415016401486,0.107028455833967,0.108455249861926,0.10556845836132
8074,0.299714275850115,0.273709884535037,0.279534198637113,0.277480606863077
8075,0.355881684729498,0.339808039907113,0.346220216702955,0.345397244470958
8076,0.366495053582732,0.332621518040161,0.348851533188389,0.34515300618465
8077,0.362421279227024,0.359406485750851,0.371883137697348,0.371173571745603
8078,0.3456944591901,0.320395899427736,0.326074114447015,0.32420727060655
8079,0.314508726353876,0.286122720261144,0.298725786596663,0.295611259052947
8080,0.22511077284776,0.19616422926756,0.206317293260516,0.204801545263907
8081,0.404362578285807,0.367797825630017,0.384430098228722,0.38019629166998
8082,0.317467911521213,0.30031658281692,0.307947437926848,0.305905041340749
8083,0.35994380043032,0.325829247752674,0.341365260794077,0.337586460190716
8084,0.411560103052856,0.409647402727412,0.411429693245931,0.411042342039609
8085,0.325523734726592,0.303716693024164,0.304972479863762,0.304368129472448
8086,0.259852985933088,0.238170228863012,0.23942982010849,0.238424806113047
8087,0.362064312399579,0.333850430212192,0.346495326342936,0.342972165445308
8088,0.282063340561135,0.268260548868839,0.273785223890641,0.272695194587573
8089,0.296071461494266,0.269112249492441,0.280046219715718,0.277489539457787
8090,0.35340964701825,0.334630720822859,0.342830420973904,0.340592495919413
8091,0.375255531895903,0.373690277042421,0.376637570018526,0.3763642802503
8092,0.413719408263149,0.384408228675438,0.402986455685494,0.398538102413609
8093,0.197960024436239,0.192519002497221,0.194099857344501,0.192421656461625
8094,0.590242025557407,0.553296398443009,0.572055474715969,0.566980414143999
8095,0.366122876248797,0.356246812107845,0.362292418069158,0.360190956105986
8096,0.40167976872813,0.39284530274506,0.396401251812524,0.396143945340202
8097,0.265982584962089,0.239933403167485,0.251001878430729,0.248437556497331
8098,0.392575707900741,0.388595130352183,0.390112515747019,0.389530026463834
8099,0.343155167245219,0.318915960909749,0.329556026551509,0.326504660136811
8100,0.28043512377881,0.251929156213714,0.264368163706274,0.261561935106772
8101,0.377197554781601,0.37613019957957,0.37655831880205,0.376769223695368
8102,0.435518003129361,0.405710198519366,0.418389309540235,0.414813737662055
8103,0.373546956249033,0.353409060254297,0.363429240476647,0.358884643605995
8104,0.370535488728393,0.335583216327842,0.351239279617474,0.351273822417321
8105,0.651732365766398,0.609422150579974,0.629591726166688,0.624169608115152
8106,0.376952590321533,0.376430480187499,0.376530991636068,0.376473573988421
8107,0.41527231311508,0.380063413552295,0.396132198619006,0.391495417760441
8108,0.201074913190859,0.174692915047764,0.181888247488763,0.18008291008601
8109,0.102613927609402,0.0813240908708691,0.0816358086530244,0.081568770589922
8110,0.394712743381106,0.366490671004437,0.383988462260447,0.383384266069025
8111,0.384673917741824,0.373585027023404,0.378387964099934,0.377422652725747
8112,0.309052802816543,0.287811052001105,0.299919830771244,0.296822849038503
8113,0.317398514268117,0.317146851575109,0.317177187241875,0.316928092406178
8114,0.292398057711908,0.269018093060234,0.279256253059367,0.276629498025803
8115,0.438055529670809,0.407891382943839,0.423998917930887,0.424214290503845
8116,0.202782123386223,0.180742731289666,0.19045571817529,0.188735284501222
8117,0.245951333035399,0.217517134995045,0.228610583103664,0.230343810430099
8118,0.201093427290989,0.174369462853667,0.182411969836628,0.180695904445971
8119,0.338448479421715,0.321349279449303,0.336614552204228,0.333107063782591
8120,0.398178205808982,0.38366739824913,0.394168994334979,0.389574672796127
8121,0.409012108652055,0.397679760649617,0.401516098427177,0.398140906975874
8122,0.370070731177715,0.347118783851433,0.355140206373339,0.354865633477277
8123,0.383890510068318,0.363394250057525,0.376181137908902,0.373152399877791
8124,0.388654556851763,0.386635571560993,0.387795396645223,0.389017336215918
8125,0.421799394741923,0.387728804352928,0.40307049382725,0.399057958802428
8126,0.359392325123618,0.35690642345267,0.357447698110739,0.351595700033785
8127,0.1634974181627,0.132149421966176,0.136501770897088,0.139257106018786
8128,0.25479754653955,0.225486076234688,0.237972498166715,0.236095348779908
8129,0.307201629897256,0.277554961405168,0.290980244667644,0.289265182086671
8130,0.36677630033854,0.364203650520163,0.365003759661222,0.365083323562105
8131,0.378466882637608,0.377142546111878,0.377592973846158,0.37753743578267
8132,0.415364815069861,0.38928289561731,0.401194573671233,0.397955123337823
8133,0.375334300378558,0.372713996539765,0.375835845227184,0.371745303080019
8134,0.434287417094019,0.399254221508708,0.415102557117667,0.417129499374325
8135,0.393629209180155,0.371071004595206,0.381477752844682,0.378573420670541
8136,0.354162518605749,0.34592230185774,0.350429775071435,0.34947004102985
8137,0.350758469357245,0.338611102649828,0.342049635542265,0.340827982484253
8138,0.286774217408318,0.262553561551252,0.276642445072186,0.273796943953098
8139,0.437671553930569,0.400520168375487,0.416042933817929,0.412326964414738
8140,0.376676671088488,0.376467881751583,0.376591475789956,0.376590162056892
8141,0.444969104986327,0.410328223484661,0.425746470753877,0.421710439199262
8142,0.335266103997045,0.305583938862111,0.308272650212232,0.307470745146535
8143,0.503721822039516,0.488790121207525,0.494497226382774,0.486545351133329
8144,0.377604790491186,0.356358715571678,0.359648579369834,0.358778390863491
8145,0.369980232612202,0.363009706108548,0.366124648139797,0.365603703365296
8146,0.315844468193593,0.300541702912418,0.306797561820856,0.305100283934464
8147,0.36035884364342,0.342308555038158,0.350351713688072,0.348192757939123
8148,0.240668060110755,0.217893197945623,0.228805666745889,0.229544221751175
8149,0.428950776349184,0.392403092455492,0.408641490620849,0.404455325534846
8150,0.37918282002486,0.369993101172155,0.387960720415461,0.383896587295794
8151,0.380777260014639,0.379711580733111,0.380226378461854,0.379947804791858
8152,0.324759394610402,0.319502546323845,0.32150519501572,0.320770776385619
8153,0.381392394005339,0.351554043856143,0.367478834334307,0.36317455242609
8154,0.377983099362712,0.370952486161718,0.374852150808212,0.371566437936262
8155,0.380769725330133,0.380129849308247,0.402016992236279,0.398375434119603
8156,0.37869334168636,0.367277481907813,0.377183268094554,0.375564395946842
8157,0.425805804182928,0.410734497710087,0.412999245007167,0.412479745499524
8158,0.439328389234225,0.406454922242492,0.421030143278491,0.41670966289745
8159,0.391207122609002,0.386844873772148,0.389290169839938,0.389246757690341
8160,0.371340749469613,0.327361982975805,0.341283058070095,0.337698292921991
8161,0.373402573185241,0.351352309259973,0.363684483295528,0.360943280673729
8162,0.371708371993744,0.335000162018678,0.3491995092835,0.345394861560054
8163,0.124692287650148,0.0997531909161258,0.10189639767597,0.101862345225938
8164,0.175033789924554,0.14981536743541,0.15627759851407,0.154610127577393
8165,0.355731658662301,0.326884504405097,0.329940942794415,0.329182904443259
8166,0.380097390091399,0.379035178887229,0.38117961168861,0.380728072029538
8167,0.407171689160409,0.370367911448559,0.369651307485792,0.369643058811302
8168,0.333789603318387,0.323367299458802,0.328263156483956,0.326773622477752
8169,0.107936785085269,0.0755997414744161,0.074255409787783,0.074732707877257
8170,0.250265037081143,0.22095227078883,0.232526360096278,0.23051940548995
8171,0.165475882795795,0.135412735550567,0.140825582905437,0.141015445414972
8172,0.321832989067975,0.309533164471786,0.312612769606545,0.313008507293373
8173,0.37616076708421,0.374486522938754,0.375551434943061,0.375532466293489
8174,0.376163707237829,0.341295943713456,0.356023542455965,0.35553948589726
8175,0.279147108232798,0.247515303943932,0.25787993670318,0.25526942175586
8176,0.436377551637374,0.417989501989797,0.424613879144714,0.422700996786794
8177,0.267938094942821,0.260924265440873,0.261206236072069,0.258495788259073
8178,0.33872620882532,0.330061254698997,0.330357722008142,0.330360465429633
8179,0.369650219765112,0.365543655505334,0.371009470471339,0.369222274542316
8180,0.397333754767964,0.390360723258665,0.393076697612547,0.392111189428164
8181,0.387015163629681,0.383573296792728,0.385347657662661,0.385185053925564
8182,0.377779457578253,0.371856751358762,0.37555918992757,0.373952641471512
8183,0.378632634887261,0.37784706242288,0.383149608925481,0.38195330388801
8184,0.376598107843234,0.374209081088192,0.380710640429484,0.378653529160911
8185,0.39890499928018,0.378732294730431,0.385196112673451,0.386097383115863
8186,0.480106621188698,0.440517339976485,0.453692973652882,0.44992375062663
8187,0.388145140049817,0.368465831477717,0.38736974137471,0.384469751470985
8188,0.188452995160162,0.162622363570178,0.17094687046095,0.169131794581994
8189,0.376876204899799,0.376047136757298,0.376520975656866,0.376604598864981
8190,0.324744227349443,0.297299192618564,0.302676729886253,0.302692394902824
8191,0.279750820674826,0.24913444340081,0.261918135730115,0.259544075500066
8192,0.414936819642089,0.387627704134426,0.388974284104883,0.388570479962857
8193,0.317650909320835,0.30640393631725,0.311211017496068,0.310141935433626
8194,0.392526071861049,0.38685175926434,0.389300857098713,0.388308263444851
8195,0.348131520894471,0.331182535878402,0.340862325526013,0.336338587263246
8196,0.369746577298101,0.358128795647074,0.36330330821329,0.36201649018014
8197,0.377442031927777,0.369041868327688,0.372533507176532,0.371556729903996
8198,0.372409229718485,0.344681756298572,0.353282966502957,0.35076424049335
8199,0.435913376945383,0.412616987832565,0.422266558179563,0.419243851204675
8200,0.220918423467545,0.211545985929429,0.215030029099739,0.21490887488773
8201,0.392522395385106,0.387579859504098,0.390086830146516,0.389258385161109
8202,0.374366579188093,0.373247932906483,0.373665252384951,0.373573846530262
8203,0.298592253805565,0.278753071297742,0.287690467939803,0.285300007337748
8204,0.378206625841152,0.336937061712329,0.349640300597717,0.347338177418946
8205,0.418834240862853,0.403146876618464,0.408384371343701,0.408017712989286
8206,0.380516058865119,0.375942080508942,0.378125078905679,0.377471059170388
8207,0.3850294346457,0.378108918443757,0.38222109116486,0.379324237637822
8208,0.099332408541537,0.0657054421849522,0.0620106587177025,0.0614883173453919
8209,0.264793730568202,0.241628489861444,0.252964788516457,0.250732981102559
8210,0.25640230146486,0.226264603183503,0.236403936669049,0.233577036281502
8211,0.391033576794655,0.388360984016281,0.38967930382029,0.388950152203745
8212,0.383477423235466,0.378922839767251,0.384818449381181,0.383818111290892
8213,0.378962533124522,0.375112404199637,0.37568049919931,0.375668002878144
8214,0.45824586987338,0.435390473803011,0.441906069362133,0.440669271454322
8215,0.372303962046617,0.362938628294768,0.367132669919871,0.366072187581571
8216,0.388147476815429,0.381432892066049,0.384359210003565,0.38424229535646
8217,0.414475522488767,0.396636432267774,0.400951283808589,0.400877962134051
8218,0.422029184943107,0.401883509746354,0.408186752121305,0.40845362899225
8219,0.441080671617631,0.417889972839982,0.427869751193849,0.424564362115598
8220,0.378786064794966,0.3771597179974,0.39046272720616,0.387468238801249
8221,0.326974995749148,0.326625644165177,0.326853366461087,0.326825621275646
8222,0.3783617530755,0.353072195604335,0.36483860810284,0.361709836817853
8223,0.382116778236124,0.381123038292588,0.38142003420024,0.381453684892601
8224,0.361078613178962,0.353391725297504,0.361620868149601,0.359927181488921
8225,0.376906907902144,0.376409124350007,0.382485048743122,0.380612602728539
8226,0.299458296393439,0.297541269234149,0.300614398914854,0.297816320560571
8227,0.384748878750755,0.384196915446121,0.398552457733814,0.394597251133911
8228,0.578894313185328,0.538278486577345,0.557765387022238,0.552558806833857
8229,0.400011505848189,0.392655682990475,0.397192074655478,0.396089076012452
8230,0.261258409197763,0.237298764351992,0.244779383676709,0.242599065905186
8231,0.37561168786925,0.373156396206024,0.374201389106937,0.373960010881522
8232,0.322513777815082,0.292553104413742,0.308182810642444,0.30741574427386
8233,0.37800632271105,0.377593742351245,0.377989449636895,0.377899320710147
8234,0.304652106612304,0.28110605507631,0.291439856133114,0.288742007919558
8235,0.378312007122078,0.375802458752731,0.392211541287495,0.387630302768747
8236,0.382937646853787,0.3809662210111,0.382088615894629,0.381804820714622
8237,0.315053951151522,0.300337752096287,0.306016007579239,0.30287870047541
8238,0.426136524890451,0.41126376393297,0.411674603958557,0.411388597825418
8239,0.370140458894293,0.354913330265623,0.373077394276009,0.36980584025219
8240,0.227581844006624,0.210804164950533,0.219258442119095,0.216745096907051
8241,0.387068110530861,0.38502179632736,0.388915041184535,0.384824773560264
8242,0.18026339303634,0.163071760056617,0.16308489710385,0.163067317038355
8243,0.375925960572698,0.372151660230987,0.374521153529683,0.373813361423984
8244,0.334099977532726,0.308230453896839,0.320425615388851,0.316203117348806
8245,0.305337244316823,0.277446569113903,0.291954850836559,0.289279605847175
8246,0.327647287812095,0.302305573195678,0.317145814394137,0.314155768415765
8247,0.183489228881514,0.161052210895711,0.168563377668259,0.168165678983913
8248,0.224601494196583,0.219772928978691,0.219855660025377,0.219940288452897
8249,0.306295601463357,0.280423287466806,0.291087948061266,0.290889704152821
8250,0.363481947042477,0.362477266621732,0.363197718631054,0.362967172720261
8251,0.291664526477476,0.261512308595487,0.27395097072899,0.271662408561697
8252,0.379139947425426,0.378601889601747,0.378982295206111,0.379106403511887
8253,0.380663174472199,0.371614913008176,0.375205324314147,0.374455331944399
8254,0.329066539929917,0.318519503130107,0.322214620980617,0.321547880528986
8255,0.377945518084604,0.370112781139691,0.387951620701088,0.384216586156383
8256,0.649251710136349,0.60715338899502,0.626841584979755,0.62157866268931
8257,0.383003142111645,0.382239156452559,0.382595170434463,0.3824746039782
8258,0.405687257841095,0.39106980553703,0.393679069539032,0.394514630490091
8259,0.373994735865464,0.348059669525615,0.360036621517735,0.356489955977084
8260,0.179870287618263,0.150239012804479,0.157345363659129,0.156998194997602
8261,0.224706048775141,0.194090608160875,0.203666209478183,0.202354992788557
8262,0.392049662141532,0.358373155613878,0.373984830983889,0.370949066055084
8263,0.369145324144159,0.360807915572018,0.364278671816632,0.363506822530209
8264,0.354356436947191,0.34118773943893,0.350516378613599,0.348013562871533
8265,0.372111664424617,0.356335988080859,0.361935116570901,0.359480935298771
8266,0.37814121907464,0.342889505004619,0.359006592003433,0.355177401484272
8267,0.376584471912289,0.375092298832729,0.375660354453026,0.373694333782977
8268,0.407795198207805,0.373319521172366,0.38281977461667,0.380300564696487
8269,0.390244822947699,0.388639427480313,0.388839136926078,0.388689480276131
8270,0.152358747470466,0.149011752393674,0.153534787306997,0.153395944810305
8271,0.274209726042219,0.254817935184778,0.263617707619734,0.261931824911299
8272,0.375790699841274,0.362529621144983,0.364759568951294,0.36456760124037
8273,0.430796421316909,0.395762097866088,0.411739878740808,0.407268138557381
8274,0.368880775691016,0.360602684432573,0.367812612953221,0.365970630411582
8275,0.287587954600118,0.268949808841546,0.272858586252146,0.271655700449414
8276,0.392603375549386,0.349672758660004,0.361012107575538,0.358006565953677
8277,0.398116992449899,0.393220888069428,0.393822100435358,0.393702385834351
8278,0.389881900132861,0.367864811420283,0.383482753150844,0.381835807583604
8279,0.37858633222625,0.37021073672507,0.378294849818494,0.374869322941381
8280,0.33618161508451,0.302355958264407,0.31715067210608,0.31388490655184
8281,0.382540410463003,0.364754001921004,0.371288492099732,0.369794239575496
8282,0.378058438439871,0.376420225107664,0.377580388604917,0.377471591719711
8283,0.361805265932185,0.344300472881572,0.345280600430246,0.34421351977083
8284,0.418256654657616,0.396863492811361,0.407115792196708,0.403596267477004
8285,0.286686201816354,0.283193382166014,0.284963953497541,0.282162333259303
8286,0.359979147667783,0.340903534570775,0.350415047834497,0.347726131250355
8287,0.387490359185959,0.386406836136836,0.387651330947489,0.386859454553486
8288,0.268194447358316,0.23648465789063,0.249357605073016,0.247661825160456
8289,0.204324734623447,0.182833367997012,0.191671504339086,0.188778418525525
8290,0.393414356419823,0.358521681536933,0.374458391468553,0.370518205846269
8291,0.376250062625262,0.364113564541445,0.380046767564916,0.377091676545346
8292,0.391733012581958,0.363673509467591,0.381527186802269,0.377435368973286
8293,0.387731487814105,0.351664458661615,0.36812445215477,0.364253615648919
8294,0.367788807993065,0.359780677447395,0.363569125779594,0.362604644287343
8295,0.301684269140704,0.298777575842031,0.300809388966818,0.300653658733995
8296,0.29188091819467,0.272015181979282,0.290272611106191,0.289305244853999
8297,0.268423339310487,0.236850690876722,0.24887422886469,0.250604002009867
8298,0.441360389057412,0.438898991899684,0.439349453278979,0.439350344148792
8299,0.378695212656417,0.376988406240585,0.378954304262729,0.378590884081422
8300,0.295769051206765,0.272984252981139,0.28328400969844,0.280590500666978
8301,0.277262661929534,0.256877700497925,0.260160526367276,0.260083652794214
8302,0.400461622847464,0.397447451117614,0.403535883572676,0.400849930062372
8303,0.265554434202582,0.236375219204862,0.249091500243653,0.246896954890137
8304,0.140241803676932,0.119848285856847,0.12042364167279,0.120364458683331
8305,0.281803200750804,0.248864001783946,0.260886501239189,0.25830260161029
8306,0.275779882001981,0.244309638907415,0.255563056564518,0.252795388864271
8307,0.370841954901808,0.350553415624042,0.368056273335407,0.364382269898438
8308,0.320773440048233,0.289519175362475,0.301596552451556,0.298397608548279
8309,0.375174087444361,0.369687513356149,0.373359319450944,0.372973658833177
8310,0.271125654287881,0.246782617819794,0.247091813422129,0.2471202475197
8311,0.315329653124202,0.299750060580234,0.313017915206584,0.313420827109988
8312,0.407512781710374,0.371628234010014,0.383164820493176,0.383239332389405
8313,0.473880078719726,0.458323856674599,0.467860252814419,0.4628958300804
8314,0.28474379947131,0.256807624018621,0.267329013056052,0.264083152555331
8315,0.37127668023594,0.348721087464767,0.364789248001485,0.360939506105221
8316,0.378015787686343,0.377872657522706,0.378062282355415,0.377969731429705
8317,0.346516036163324,0.330956304588285,0.331210600769865,0.330467503334275
8318,0.380896341919957,0.3795632831417,0.380283877532057,0.374337503528472
8319,0.436100767045184,0.402252149214064,0.416890869417847,0.413308649448441
8320,0.175563411125305,0.172044505658545,0.174603236420159,0.174016328474792
8321,0.379038847728937,0.372755410974317,0.378734166328295,0.376964283345964
8322,0.379233117376245,0.36901351629329,0.383114027836156,0.37830748246789
8323,0.377565713588099,0.370043850358384,0.376201581632109,0.373865895530331
8324,0.375203482019068,0.371641535881481,0.372681924033511,0.372395466934579
8325,0.377266836766737,0.372736402961998,0.374836350830617,0.374248596478228
8326,0.278223563132274,0.276659400381645,0.278445781336063,0.276755303107981
8327,0.234347247086776,0.203445555457293,0.20842660393035,0.208418859775554
8328,0.377383456773325,0.365700988554142,0.384509001254388,0.381113074116907
8329,0.297195523210608,0.274255525808003,0.28472502969924,0.28202308722835
8330,0.402848592285195,0.3807262019969,0.397166446064487,0.393084718754491
8331,0.393045332818984,0.378729200143758,0.385193446256363,0.383388509144352
8332,0.394165083537652,0.372445045752001,0.379443081015437,0.378309252073606
8333,0.363414156211112,0.359019258172212,0.360698204651835,0.35936258142927
8334,0.400753376307762,0.367551648579029,0.383580189691062,0.383202711798788
8335,0.390470710585383,0.385628003313739,0.387464091573115,0.387317731947062
8336,0.164913707471762,0.137252328247102,0.142574204130099,0.14178928861439
8337,0.384024024102455,0.369552311814578,0.37533859321283,0.373625921968908
8338,0.361533656174528,0.328966021170234,0.342299496916234,0.338896506360951
8339,0.240872832734552,0.210704425494991,0.22090772461684,0.218908874120892
8340,0.388345939242932,0.384626158912844,0.40279690194994,0.398647269408972
8341,0.356845035588882,0.322938755445567,0.338072383615478,0.334311105153787
8342,0.374039865072437,0.369257977148107,0.37073735644663,0.37089385735003
8343,0.166332423401304,0.148748133369857,0.152328783178659,0.151212934910761
8344,0.380893738885026,0.379415958102998,0.383555219331812,0.382159526760553
8345,0.32847747850179,0.297241569017201,0.298241784247176,0.297771765856265
8346,0.391929623256082,0.369073715073176,0.380304577458702,0.376209410232208
8347,0.347790345172897,0.329835369081236,0.33236424769487,0.331872768305127
8348,0.376618076378881,0.375105045937725,0.375963054952421,0.375763866140507
8349,0.38542324087994,0.384905493880924,0.387364527635684,0.386805294579718
8350,0.442002231678402,0.40814784451949,0.42573064713024,0.421332361933689
8351,0.366206147970885,0.335923405035462,0.350904716557485,0.347830487254569
8352,0.37898025063597,0.374051389517103,0.376235867195647,0.375665551411012
8353,0.382716850092413,0.378494986476527,0.382299392032358,0.381175148968812
8354,0.381395603730119,0.376335273382443,0.395639782990486,0.392164265933734
8355,0.378254382500405,0.376260091999895,0.377246840420732,0.377201152742323
8356,0.163261811694749,0.131812364820797,0.136247352439829,0.136507131755437
8357,0.399734978531289,0.369549957918922,0.381739077859822,0.37811897139328
8358,0.342145017584398,0.314923693950529,0.327834529087737,0.324341865325284
8359,0.355606593637873,0.34026851925717,0.345347635497518,0.344480549343219
8360,0.403140320850009,0.39068434672581,0.397611265909704,0.39298951553462
8361,0.381796070049373,0.380584744581905,0.382214210573397,0.377574356699414
8362,0.370137944745805,0.368887834904741,0.369097389276293,0.369095851688019
8363,0.390532156756863,0.367184518221891,0.367262792432275,0.367194767932839
8364,0.378427427574277,0.377965300803842,0.378039263377131,0.374496011048549
8365,0.279997726284226,0.25316611675149,0.264645950418514,0.264071654141753
8366,0.326942736135492,0.315956781453849,0.316503725263426,0.316513690169768
8367,0.387836207039965,0.382277658704587,0.383110690473864,0.37491268661948
8368,0.320951707585606,0.304711963277749,0.307049848003727,0.30718142581227
8369,0.253531484103293,0.223122911763145,0.226698362200857,0.226501969905661
8370,0.37869014808215,0.375292842400696,0.376337766797141,0.37620018610925
8371,0.269788930556093,0.240725487616602,0.252094500293154,0.249030691757476
8372,0.408523532551844,0.393247876818391,0.399057707110125,0.397740147349742
8373,0.36868192923068,0.365548849927772,0.365820776735936,0.365775912013599
8374,0.385572603189012,0.382549992541556,0.38322346275468,0.383208943785035
8375,0.323310538013035,0.3051748203231,0.317707026523679,0.314985420461088
8376,0.212795620333514,0.183160160208188,0.186909355944467,0.186247398948986
8377,0.291620576427272,0.262747798694449,0.275437430887143,0.272901893567503
8378,0.408332900905077,0.392342110191181,0.405754351219745,0.400328117649525
8379,0.160615183815739,0.140450987883934,0.141104646098738,0.141068642417895
8380,0.395040497089014,0.364800139241448,0.366724055440392,0.365622445023771
8381,0.384210413878703,0.373346013051962,0.378471176947597,0.377206135894376
8382,0.379090004110742,0.378956854044432,0.379581115867792,0.379297881079453
8383,0.286383978727257,0.270015003121656,0.275739194467341,0.276564811376393
8384,0.362663494679407,0.356036742844553,0.359074500915395,0.358367418174743
8385,0.390266755432163,0.374378009100453,0.389486144445516,0.387324331968641
8386,0.387749539653553,0.383891055457641,0.384653141652252,0.384648870390084
8387,0.382432106448897,0.379564116747321,0.381423511328102,0.380451294056338
8388,0.380448004055951,0.361099685734957,0.369497806618589,0.367210293607966
8389,0.238569904103792,0.210629417935563,0.222924806287677,0.221432809256393
8390,0.429469557145624,0.392243299268313,0.39286544615638,0.389641242833963
8391,0.383293507558175,0.379516258429897,0.398395159106067,0.394249207851215
8392,0.270252908812825,0.242327616126216,0.254219267517661,0.251608201205014
8393,0.396806466090654,0.388311934234995,0.388844585763935,0.388775932166851
8394,0.248756960960061,0.220331747378796,0.232178114711749,0.229984865740079
8395,0.392975293274494,0.391110030326394,0.407438245430498,0.40269444495621
8396,0.238603792500412,0.238502912956525,0.239695155133606,0.239390059122221
8397,0.120883546256437,0.113964596007382,0.11408096049255,0.11375611430782
8398,0.314987411958498,0.291091842963043,0.303054008516119,0.300887210393966
8399,0.345577050915887,0.320134026562992,0.331992747177609,0.328946337887089
8400,0.382552828431556,0.346922840661645,0.362386297571402,0.362474773424845
8401,0.191509326811622,0.167071296008373,0.175600870870248,0.173942904403762
8402,0.36874085335148,0.360235293345602,0.376519316604276,0.372888956154182
8403,0.365239468732596,0.350661718899426,0.357223675604891,0.355450866316505
8404,0.276496154607161,0.248968113635376,0.256554241192784,0.25467436814553
8405,0.324814353281817,0.294618532578048,0.310423479514473,0.307265203965214
8406,0.370517091342688,0.365345297179107,0.367873173949976,0.366900172534078
8407,0.338731563407238,0.335275615565314,0.337229110347325,0.33674366777976
8408,0.42202649061196,0.403421264336846,0.41173364448423,0.406451664721376
8409,0.354210602230748,0.338778664582088,0.346920778849925,0.347955691443849
8410,0.320438239791454,0.302681764413855,0.310562213385922,0.308425010364207
8411,0.382803032041145,0.357650478764207,0.37412114489525,0.370395183280898
8412,0.293288841457733,0.290880977633381,0.294725934496889,0.293693293689703
8413,0.375549603230543,0.374627767854367,0.375037774562348,0.37489193363932
8414,0.380384790227457,0.372553490897595,0.377159889702548,0.376126438151498
8415,0.400028236476872,0.39447709738056,0.39833275796116,0.397252230399262
8416,0.319229816074032,0.29630104394888,0.307057084512867,0.304037094698755
8417,0.387226677784386,0.38648456781594,0.386836898874225,0.386717449125654
8418,0.493374105432759,0.457699972589139,0.476247828474965,0.476620540629403
8419,0.427057313507676,0.389251413783654,0.39567748234537,0.395192596327806
8420,0.279134476885258,0.255576614567432,0.267466615328128,0.267611804926793
8421,0.375328876976815,0.37201327643055,0.375670383441762,0.374792121000665
8422,0.126028911008904,0.097481314320021,0.0978373413823342,0.0977954985695268
8423,0.443168282541505,0.415266007136855,0.423871318287327,0.423852350533363
8424,0.340999879222237,0.323186329413663,0.331512697437889,0.330373457509954
8425,0.338942123245064,0.33484347135502,0.336814033856605,0.336808189877589
8426,0.125924126744259,0.0923910627762092,0.0912799415474425,0.0912802271611566
8427,0.429357873063234,0.403944978644685,0.42207180015166,0.421952974805454
8428,0.219078945223046,0.19822537634265,0.208224581649985,0.205989925098841
8429,0.385851926724329,0.370267819548,0.377631843669149,0.375572857937014
8430,0.421698819809977,0.38979320614075,0.403932220876556,0.399513977991501
8431,0.384724441921661,0.383600611956734,0.38383320534757,0.383682143634798
8432,0.418142721277729,0.388579561494863,0.404274263260141,0.400241352474988
8433,0.389194639122348,0.388899917246011,0.39316017483749,0.390980072288179
8434,0.307417638297866,0.269198748729637,0.279601669379577,0.280277743043763
8435,0.201332425050604,0.177031899973518,0.177097266643308,0.177089070085348
8436,0.374232022710777,0.370826923854422,0.3708788830943,0.370718942079741
8437,0.234684222583705,0.221851536678617,0.22263710153938,0.222290141694346
8438,0.37891719933912,0.371951883201298,0.379201520798443,0.377602534689597
8439,0.416353132284502,0.398648734464943,0.400156469478211,0.399864350733502
8440,0.377486047433759,0.377234504781558,0.378213712939512,0.377977634789441
8441,0.413446884334824,0.40136859156773,0.413875627853252,0.409050517401086
8442,0.365081444929543,0.355177622619295,0.359209468840096,0.357982139877776
8443,0.371072136227584,0.358103906056297,0.363869561821754,0.362351007317141
8444,0.133870802337821,0.110962779701538,0.11517812052374,0.115174585870668
8445,0.304909528856069,0.272252681219641,0.286037516288756,0.283245196245307
8446,0.357439786526906,0.349404154537439,0.3529280265991,0.352053145446542
8447,0.377878940071267,0.376637972243298,0.376868821620867,0.371056695326213
8448,0.403252858510627,0.391045816028979,0.396309613018706,0.395386091718425
8449,0.189247694778687,0.165454931957045,0.173816800775631,0.172151379224261
8450,0.390873862882393,0.371020162165319,0.38000148837101,0.376877218350474
8451,0.376232168505283,0.340878133656407,0.356900208647562,0.353188122292774
8452,0.37947151215843,0.378323701295348,0.378737630914917,0.378586321910258
8453,0.411898908475455,0.391598491343451,0.403890314575821,0.40286469248519
8454,0.363465564426642,0.356326226653222,0.358834441445493,0.354286876092701
8455,0.369625902132269,0.368600457944046,0.384282299358495,0.383356495900546
8456,0.195701231343871,0.174022626438806,0.183768392185436,0.18387053565715
8457,0.305019873060295,0.301477317851766,0.301624957388303,0.301262140804569
8458,0.340668166371686,0.308729478839049,0.32316500416045,0.319402053440027
8459,0.377486400128714,0.37687941192903,0.37740917000403,0.377073235486681
8460,0.37436125691445,0.37178776577796,0.373747226139248,0.373417085750488
8461,0.381650539256851,0.380016977979075,0.380080367740273,0.374175464221969
8462,0.378886650543115,0.375095904978818,0.377775802931963,0.377064148934774
8463,0.381309815581829,0.376394614656794,0.377142527727605,0.375833699340745
8464,0.199205316440966,0.171067419698275,0.179933824605624,0.178955776837574
8465,0.224121003577895,0.194582131505407,0.196960637937586,0.196175054926716
8466,0.419786505626784,0.393364145323142,0.4123849860744,0.408878782088984
8467,0.335231343498392,0.317651383603023,0.324636188608283,0.32278255387724
8468,0.413830066780937,0.393566059892074,0.399782308348442,0.398885202542903
8469,0.179140199099165,0.152688219369665,0.160129415461036,0.15859118001921
8470,0.350833890515139,0.318520908102477,0.31784901320448,0.31784976088493
8471,0.372915616951203,0.367680505605064,0.369288896945034,0.369294312544119
8472,0.392957797418583,0.39005639205669,0.391735867169641,0.391341454650249
8473,0.289016809513375,0.260554094907954,0.275959561691553,0.27343429555654
8474,0.378233566147254,0.377181097979681,0.381484543819795,0.381184701558324
8475,0.377988567558527,0.377843216430448,0.377844876051369,0.375953614684794
8476,0.364848615102602,0.332854662839985,0.346735204523122,0.34315082504975
8477,0.23217238444113,0.206780563682043,0.21784794531459,0.215941550471344
8478,0.375844316347888,0.374802807217358,0.374960728784511,0.376182455076274
8479,0.377257602919758,0.376525986062069,0.376870539021179,0.376826096033743
8480,0.378164720066574,0.376891103291944,0.396518250087994,0.391803762069688
8481,0.411212361652363,0.387965822455497,0.398530989073501,0.395345854808312
8482,0.340727751127646,0.333806497376074,0.337840367186866,0.337761678494211
8483,0.351257787883518,0.318273440742698,0.324341092095881,0.322767143812326
8484,0.44213012413733,0.421978006799618,0.422230487240749,0.421969722268931
8485,0.395109701102576,0.384688975348905,0.388845599918987,0.387825719587212
8486,0.366331307057354,0.362320877332118,0.364432335009698,0.36130938483656
8487,0.379382884663533,0.366476734216746,0.371319401760454,0.370070483577479
8488,0.204399959186822,0.177045987842691,0.186482184636957,0.185257132798866
8489,0.163652115204939,0.133877854947852,0.138348701652122,0.137991226456105
8490,0.400910814128037,0.387678666861972,0.387814259213468,0.387643231044761
8491,0.415264931209744,0.395155556275575,0.404270039371927,0.403223961435065
8492,0.464957176585463,0.443468237965452,0.444241075788096,0.441184201986681
8493,0.343209009737339,0.319335763055168,0.329777211903049,0.326362655807261
8494,0.380222877463677,0.378666814356126,0.378922403498352,0.37893561246449
8495,0.288320687134928,0.261852246285113,0.274794822989207,0.271667372118297
8496,0.337060407374728,0.311329966889559,0.32202755396001,0.319176054044181
8497,0.348984704747928,0.332462820734679,0.33998454159824,0.337949622091497
8498,0.400630971056835,0.38980141956001,0.393564125097856,0.392034081854335
8499,0.348815805809874,0.336771025481787,0.338685147806029,0.33837843990634
8500,0.382338478721182,0.380156213431004,0.381427069620325,0.381128362308036
8501,0.151948848112821,0.14512208258241,0.145625247226851,0.145547948844714
8502,0.388661226029543,0.361046760223422,0.371860845158311,0.368483673621226
8503,0.372259721816411,0.347674533426668,0.362387804306487,0.358319792023676
8504,0.421735531834727,0.401452252278949,0.404400351021925,0.403983398061309
8505,0.348444839358174,0.332469475430681,0.334841972324449,0.334151542177649
8506,0.3768073738761,0.375725865569708,0.377896485006646,0.373019137849377
8507,0.399880376127397,0.368823746962443,0.382476823534722,0.37857044822287
8508,0.278755333151206,0.257976072060175,0.261938570206025,0.261863602376883
8509,0.233546960613738,0.227111822148546,0.23090182306178,0.230990658198793
8510,0.37187217427628,0.36673673188122,0.368991387020649,0.368514519198625
8511,0.446688499116209,0.410150254399456,0.427015413792288,0.423292135709463
8512,0.377884163032663,0.377784785072684,0.377251613289899,0.371347423958897
8513,0.378164642401263,0.374646898849062,0.376193748704829,0.375824418282303
8514,0.406082828228611,0.392365291642924,0.398455909890906,0.398353169212196
8515,0.397496221290205,0.394522913668991,0.395236834776396,0.395095439858924
8516,0.382333646465474,0.382303674809667,0.382429054090851,0.382409195746311
8517,0.338328101045767,0.338008647771718,0.33826934867233,0.338096520808661
8518,0.357101202952359,0.328926082664274,0.345598229201375,0.342693800759875
8519,0.270687183262778,0.24755174268944,0.258221565046049,0.255728203465186
8520,0.388456723105882,0.378111112005551,0.379888343156427,0.375346192162049
8521,0.378721622462604,0.376230776204088,0.376778954420552,0.368174944453394
8522,0.379572806881518,0.376960575804392,0.377555312568903,0.377069515476769
8523,0.400844897316697,0.36600773313845,0.380528866242426,0.377982541126034
8524,0.381444857202417,0.380587562473074,0.380912811217051,0.380817759211731
8525,0.430782795498512,0.409813087237027,0.422016664838136,0.418786440228684
8526,0.363575553389538,0.356756303773122,0.360048126458124,0.359178019077728
8527,0.130688896682712,0.108603707776539,0.113874647492128,0.113189025791175
8528,0.21683500459972,0.192244291811163,0.203656287075053,0.202402285475866
8529,0.363754459995981,0.359507511230763,0.360013857176284,0.359973158190493
8530,0.403775597145389,0.371479005713438,0.385688458756372,0.382654031270847
8531,0.545054551118184,0.517563360170321,0.520614489490722,0.519581392665831
8532,0.30551237385286,0.294144823857525,0.308395612684834,0.307903271434338
8533,0.26265236298289,0.242351659412257,0.247133372205084,0.246649038672288
8534,0.417537129849595,0.395292237746493,0.405599108630647,0.402935260402575
8535,0.28269498251251,0.272250108529119,0.272286606452059,0.272276126975351
8536,0.373444389426349,0.341216020525218,0.346594941555908,0.34662535267606
8537,0.293254235660652,0.266524320542238,0.280465561885025,0.27750399670388
8538,0.387879721024964,0.377209542166718,0.381835931160389,0.380710666501906
8539,0.275838985776339,0.268612837680251,0.269087431374992,0.268958035184346
8540,0.374561976955436,0.35099341948942,0.366941342099487,0.363288348375343
8541,0.114629842811253,0.0904178261758795,0.0921923496367396,0.0919172431005771
8542,0.367935570504907,0.334157714829617,0.349775320463092,0.346945959491643
8543,0.378354631926929,0.377810214467736,0.377993205678098,0.377884099435545
8544,0.384890733170018,0.381234214906662,0.383183708273394,0.380531363621569
8545,0.37668880454443,0.37662901724034,0.376647343414136,0.37664909791204
8546,0.288439570870015,0.257414744922707,0.270274459015636,0.267606338257283
8547,0.391155779670797,0.384028079889458,0.387372050061191,0.386031183347632
8548,0.209351635628887,0.192238219404745,0.192518458313861,0.192461999187037
8549,0.149717252669472,0.121265432303922,0.125522449534426,0.125841931983773
8550,0.240816592524536,0.215181548442224,0.224142383515333,0.222345152901317
8551,0.379312470194439,0.378937970076767,0.379328675643725,0.379265749154895
8552,0.423499952385743,0.410745677575271,0.420692912158813,0.41942545272937
8553,0.314716326262472,0.298063085836867,0.301785129139298,0.300834423707454
8554,0.337241076123845,0.317212503068819,0.332828780511844,0.329439616682473
8555,0.378553438158339,0.377877375105249,0.378989360036756,0.378710991840049
8556,0.277794854915281,0.253598741051053,0.264418679193698,0.261652923447411
8557,0.339090275018132,0.315105952944766,0.326514414135903,0.323556525719916
8558,0.361960444073833,0.35832802496774,0.378736778319202,0.374746997817304
8559,0.397756596738848,0.390205904053062,0.395015411448896,0.393054370441565
8560,0.377481616266203,0.377425460578207,0.3776639581774,0.377600540778197
8561,0.385411713665424,0.381139056154516,0.383020405782062,0.382691519397121
8562,0.366107776132242,0.363851791848056,0.364800123080551,0.359431075130948
8563,0.378066508986959,0.371044050637598,0.38730725189012,0.383074635147076
8564,0.370512799331248,0.352117372121306,0.361953749491327,0.360836180650658
8565,0.375841631698729,0.372359054209953,0.373950328739086,0.373566129165263
8566,0.414726570309136,0.391048114883418,0.395439127208335,0.395630270854981
8567,0.377567651268516,0.376416270952371,0.376591949952059,0.376508270046606
8568,0.389027626558712,0.38666505848875,0.388919718068436,0.388299783715945
8569,0.313139497849973,0.280241089931627,0.294508002775608,0.291619203350823
8570,0.315965474979003,0.283230897039966,0.297729146958661,0.294636503880953
8571,0.377569856623186,0.376970496621833,0.37726968055023,0.37680380398214
8572,0.372592290224874,0.371534354854236,0.372004582716255,0.371999775649078
8573,0.38224811102625,0.374909303417461,0.380013974743202,0.378663264185746
8574,0.329425883690849,0.309245798663768,0.319027305045723,0.316427749775585
8575,0.391455019868637,0.367494223313572,0.378229114743104,0.375380717824259
8576,0.437853296334406,0.402710671278384,0.420539077169362,0.420579884866053
8577,0.315192751502311,0.291536071320486,0.301410088628719,0.298743520732895
8578,0.259725671320024,0.234530232384957,0.247647352912826,0.245224896558401
8579,0.281431356756435,0.254846274735431,0.255284823338091,0.255517438143328
8580,0.376317031220506,0.374143638718719,0.374821679662766,0.374730642663985
8581,0.369400249436879,0.33830119060835,0.354092590213944,0.349939968240399
8582,0.378304559644385,0.377259631563843,0.377687555238883,0.376746683907551
8583,0.338141005193451,0.320991475608538,0.33022099979885,0.327831599719021
8584,0.356065474868145,0.349010549474796,0.351010904271369,0.350902179572343
8585,0.213918799609422,0.187098146277871,0.196803021151252,0.195177044025427
8586,0.212082963024399,0.182284141475238,0.190661898027816,0.189182404079484
8587,0.358634044988691,0.340716136894952,0.347804632491958,0.345931247616904
8588,0.439965480003694,0.403169691633578,0.420247341446762,0.415978282728407
8589,0.315926804957578,0.290489255783464,0.302739321290328,0.299854500302453
8590,0.189996532177436,0.16261520261164,0.172397441748247,0.169596354857092
8591,0.446195606210853,0.408830116049282,0.425560678220506,0.422236987285818
8592,0.294962160605662,0.28319110419221,0.288074982483937,0.28804860423118
8593,0.323590252651988,0.30093088332196,0.310400545253859,0.309761911787709
8594,0.364452430426303,0.329125338576555,0.343710078289789,0.340189759083737
8595,0.375732369679116,0.374713547437509,0.379249348731862,0.37811715301927
8596,0.340077246520457,0.323317105383977,0.323786788549942,0.323468175496324
8597,0.126482200463463,0.125273338690685,0.126696293037278,0.125248201142899
8598,0.413321795851827,0.367163925482385,0.366084217392502,0.365835907308666
8599,0.397309785231734,0.36626835779726,0.3801848374309,0.376517086888901
8600,0.378147132636656,0.365975949502823,0.378461430929531,0.377861146271203
8601,0.366496914141308,0.365195845954416,0.36566383615719,0.365663551277239
8602,0.37750080710151,0.368826890102003,0.369139845946092,0.368889609551487
8603,0.373588272907954,0.371169968767133,0.371657021308387,0.371424841917949
8604,0.396572846803975,0.38219716218575,0.384764849978544,0.386410904807647
8605,0.423915889506463,0.399300040228394,0.411968868025373,0.408651191992526
8606,0.354491342835031,0.324678163121844,0.330434440453845,0.328082179716296
8607,0.378106631719594,0.377598455051896,0.380177528243781,0.379343250950521
8608,0.32764799106515,0.307429331491192,0.322472399966128,0.317908344018457
8609,0.306628269683873,0.284399588930577,0.289039041969969,0.288555384325621
8610,0.391914053979798,0.356236776566315,0.37242628247043,0.36861818904393
8611,0.437245413486573,0.406565963945466,0.410886285023029,0.410665331651447
8612,0.377610869874119,0.377089566236177,0.377735087963362,0.377542990024546
8613,0.380370959420481,0.379139157938155,0.379444357506168,0.379319098313944
8614,0.244023710536193,0.221093821940058,0.234876984871309,0.232914453120822
8615,0.397094622038539,0.379026256779358,0.389990717513119,0.385658777748712
8616,0.298695636122512,0.26721627468682,0.280997477025296,0.280904740688955
8617,0.368689310551885,0.368422339707765,0.368649331055474,0.368674488567423
8618,0.37463625767662,0.369909016683429,0.370934391474116,0.371242824747212
8619,0.376944417776126,0.366124492262952,0.372945799973592,0.370874244816995
8620,0.493436554179962,0.454698375933162,0.471072063864166,0.46543057470826
8621,0.38584659706583,0.380788714038793,0.382710107259784,0.381978186970041
8622,0.399951580698405,0.367049220643546,0.384084442638972,0.380081267279369
8623,0.381838623222917,0.381598839489373,0.382580758650874,0.382346756532331
8624,0.383243720868889,0.349863690867561,0.363482394178325,0.359716838407632
8625,0.417006698897089,0.394631626150859,0.411265068960155,0.407312073747286
8626,0.353136755425415,0.333049587152625,0.344902111576465,0.341885459271121
8627,0.134759710674056,0.104375669869055,0.107555103120133,0.106413414511869
8628,0.409722724045946,0.397431162503005,0.402130925620246,0.400986778002043
8629,0.199989095591175,0.194869681236807,0.195312933670916,0.195190826358038
8630,0.391190421874023,0.362390574386748,0.375848050818471,0.371856276788127
8631,0.371403950413124,0.37027821140085,0.370961454079612,0.370825761695582
8632,0.332541094326397,0.302887950045758,0.316211364600464,0.312272103217568
8633,0.377305320693067,0.376496465992048,0.378594626152482,0.377585018942767
8634,0.383413416513041,0.379977968119689,0.382342575619468,0.381560411558244
8635,0.407364071474761,0.399630013617183,0.399759335101053,0.399756371124226
8636,0.426062953283706,0.392502398154904,0.406903472190746,0.402889991875791
8637,0.388261348272679,0.369219265250543,0.378713440530397,0.378416823491955
8638,0.377361935609571,0.362900398161534,0.369024811697028,0.366330027818251
8639,0.406090705886249,0.362272623773654,0.375618533452593,0.372286404431525
8640,0.162780524584483,0.132490604304732,0.137488621127601,0.137830915192788
8641,0.365158710757902,0.361167174982923,0.363413992982969,0.36282624810976
8642,0.361636460095941,0.328976972102552,0.343860790645841,0.343905200948176
8643,0.44140323561446,0.405270251116461,0.423090527251027,0.418666928826015
8644,0.396696189451216,0.394754663928837,0.395899264340145,0.394965057382774
8645,0.394300967100985,0.384414700111725,0.385458899989186,0.38524774903062
8646,0.389009086970445,0.36155890186109,0.374610099589325,0.371574043033527
8647,0.375474424163629,0.375280530144388,0.375327135779544,0.375205168579202
8648,0.204160911085756,0.194339128576065,0.19498055141474,0.193260311397792
8649,0.368178182474745,0.362085349566169,0.363005714386729,0.362832880670785
8650,0.443970041820251,0.416109563509736,0.430631319588251,0.427595603460208
8651,0.331753653058267,0.312900744690594,0.313134530347975,0.313093652993404
8652,0.431495940826853,0.391694221318003,0.40857933762076,0.404338437813171
8653,0.44465023887539,0.414300986846374,0.430259004560782,0.427615045289416
8654,0.408073821273184,0.385432123633755,0.397847126356527,0.394768252844544
8655,0.261722134598557,0.237565184391262,0.245476436084548,0.243233078769273
8656,0.265475742795964,0.249878086554855,0.256709616823104,0.256848114527472
8657,0.136435389559132,0.123038361295929,0.128592175623404,0.129408542684537
8658,0.365943372418027,0.361611356523511,0.363600469621606,0.363134699289487
8659,0.398881373874662,0.37902316422536,0.388391478523263,0.385311492288898
8660,0.220593432627372,0.193521562968505,0.20264180507216,0.20160946620187
8661,0.379910977085937,0.375514158495267,0.377491339155711,0.377011910907744
8662,0.379472927727413,0.343352886462276,0.346043697754084,0.344119633822853
8663,0.34434213882413,0.319205100407847,0.326782868067474,0.32685300186385
8664,0.368819473229587,0.363386650438109,0.365387131115012,0.364845391007226
8665,0.266304048649222,0.241086406326798,0.25682097315683,0.254593616696344
8666,0.170900010106622,0.165524924110362,0.165627110653051,0.165584843593987
8667,0.377562693461426,0.376804981944896,0.376926212570774,0.37681756087495
8668,0.340836384468685,0.314488212962105,0.332095915990353,0.32896300425214
8669,0.440760405454988,0.421318572539446,0.429777553210392,0.427625707184465
8670,0.330591611051313,0.303429909182104,0.307277594573903,0.305909660814768
8671,0.3582965011423,0.350339907977333,0.35365050176584,0.348144830589425
8672,0.36878725405002,0.366135396884978,0.371286218341971,0.369630219630316
8673,0.149232792229903,0.118870943687031,0.122248913349455,0.122639757290311
8674,0.391494434080641,0.345995803896097,0.360172520893492,0.356469658831538
8675,0.20961941982053,0.187408624823028,0.195755836541759,0.193867876690113
8676,0.39391234734658,0.380653769301254,0.387288697013016,0.385651138823289
8677,0.420557501829245,0.384932064765699,0.401969898698134,0.397829939241056
8678,0.34928182158944,0.321857343600383,0.335422681249768,0.333502992929424
8679,0.379324169288179,0.37380156634756,0.378137793759346,0.377296530856636
8680,0.251924957920115,0.236481359298638,0.236787971261471,0.236778590466126
8681,0.37728383641423,0.37249236416145,0.3752151412703,0.375081124229659
8682,0.383185607213688,0.378157654692038,0.380354516476152,0.379829230902892
8683,0.269739749558409,0.24304657715347,0.25426874697866,0.254247577265377
8684,0.292156793939132,0.260160049666597,0.272806550015373,0.270108156448701
8685,0.381186744635963,0.380384163466269,0.381074310549225,0.380946818914734
8686,0.378760523840492,0.378371056890162,0.37849329546243,0.378494332794827
8687,0.377129133441755,0.363244680015311,0.369013642522796,0.36790982864917
8688,0.349740384118108,0.315481328833862,0.330844168480357,0.33088303723304
8689,0.409930005328197,0.397486054321608,0.402812109617856,0.401432419436845
8690,0.314870322876797,0.305414383513501,0.310064334986986,0.308624951851303
8691,0.266815737502904,0.266689778565213,0.266866716550215,0.266840478903348
8692,0.359036815447463,0.350674426172904,0.354890079051096,0.353857470816948
8693,0.384704594524254,0.378176043527469,0.381354810987113,0.379611334981864
8694,0.382931345110555,0.375671870998654,0.378880187234371,0.37807470121025
8695,0.195023507086348,0.169783788847633,0.178601560320576,0.177139008614282
8696,0.253201559104692,0.230809499771643,0.240660606527837,0.237887516204429
8697,0.385780264602852,0.376544302863599,0.384656191739458,0.383266264327377
8698,0.420655336161159,0.41592255117517,0.418982733769516,0.418070491330922
8699,0.378685688653294,0.378455995823441,0.379063033824248,0.377847708373946
8700,0.358874956738281,0.335448880384863,0.346451511951774,0.344037317853388
8701,0.347488234999755,0.337129197955221,0.343036770702108,0.341757903244286
8702,0.324178211914518,0.292466887384114,0.305018208718904,0.304995264780131
8703,0.417767803672567,0.409141522783231,0.409706642003593,0.408172655534459
8704,0.379025444158887,0.378965272098336,0.37906426625122,0.378984131452947
8705,0.200747828778272,0.175926876747238,0.178924838834433,0.177120519413505
8706,0.38858465005028,0.384088455011236,0.385260572048618,0.379768192266425
8707,0.29837206355978,0.266904579648027,0.265496682434562,0.265200627841601
8708,0.241999367221631,0.216777713603531,0.228482516931531,0.226192266826212
8709,0.227800168120036,0.199286839686782,0.208130016316473,0.207435228599536
8710,0.380323305845795,0.378544964744672,0.379214501381599,0.379160644156174
8711,0.252626009632812,0.228795620711038,0.239304566460334,0.238019717128811
8712,0.268863852645719,0.266404180133906,0.268169464834141,0.2677859255894
8713,0.314015153702565,0.288781453882813,0.29403361372495,0.289361677798242
8714,0.313856540780226,0.301728897884176,0.306898322037876,0.30563912871664
8715,0.347964599240168,0.3339265289175,0.341983654751137,0.339900487151847
8716,0.377445702694601,0.37720836767026,0.377577919330772,0.377538244703872
8717,0.41325640333957,0.383039087980881,0.396136361602745,0.392258158207836
8718,0.17035150752861,0.141354272650775,0.148200087470597,0.14759076581623
8719,0.439552676332881,0.418640512813364,0.43386204832548,0.431504882603032
8720,0.310902873720525,0.290315891290233,0.30185907529866,0.298362751839914
8721,0.372878469792965,0.366974098563244,0.371456049975235,0.369863310396769
8722,0.374171316777743,0.368647279760994,0.369585218925564,0.369479895149453
8723,0.362584781340103,0.359083301108781,0.360874531710117,0.360394256616388
8724,0.373175346120543,0.348927675328189,0.356364573711301,0.353914657967096
8725,0.431749983149154,0.392155750264395,0.40862882157521,0.406290953545258
8726,0.192327057191448,0.166260007487127,0.17600553781095,0.176027253235778
8727,0.398244231927554,0.392082369336174,0.394514819392446,0.392457647142128
8728,0.343749825573573,0.320541337109602,0.328003622731764,0.325921536443433
8729,0.31454550220851,0.293658374692986,0.294724823499215,0.289617103836708
8730,0.325659135547092,0.307370585549914,0.315594314666206,0.313393902523213
8731,0.377528529554239,0.373311204565869,0.39057022846147,0.387777163366343
8732,0.378968031216913,0.361447619493025,0.362839830905885,0.362642589548156
8733,0.324775999711734,0.320677434926448,0.321482140326385,0.321386341867184
8734,0.302935639877318,0.281734247335097,0.290453047324116,0.290495271724654
8735,0.248886557784916,0.222863032973158,0.235833406640872,0.233741344775296
8736,0.364141619947387,0.335106677307172,0.349350691700174,0.348952325947818
8737,0.358182071913117,0.355920423571205,0.356865485491558,0.356392705510502
8738,0.327778771349002,0.304500564247012,0.32130433527398,0.318852505056396
8739,0.366879060876823,0.360169395854074,0.363166339602466,0.362540942911178
8740,0.370978557809791,0.36449242639605,0.365698518339917,0.365527158052125
8741,0.226072003859499,0.195495517095852,0.192317918108371,0.192283056422935
8742,0.227089000027121,0.221487527624489,0.222354006882586,0.222223354371903
8743,0.393439410595877,0.383367427572664,0.387755183429808,0.386686678157468
8744,0.378205192639122,0.377390628565741,0.380070188716313,0.379050234686298
8745,0.329554046654456,0.305609211667695,0.316328777420233,0.312486871149099
8746,0.435918504510017,0.414227485947299,0.415781808990466,0.414754236014825
8747,0.433103204341433,0.429523533934362,0.43155659863288,0.430638560511842
8748,0.229612093630299,0.211575915774742,0.218441968776726,0.216669793684977
8749,0.380192810435037,0.378008903508758,0.379403765086818,0.378437323040822
8750,0.372229734159175,0.359438334073991,0.366072541536493,0.364585992702266
8751,0.374054084024412,0.354698233079726,0.363516849634368,0.361237876226109
8752,0.409928466222041,0.373956779375705,0.389276084786998,0.385221942224038
8753,0.335879150021393,0.303115730982743,0.316298220358925,0.312943639412194
8754,0.350400327441987,0.323910238531407,0.334093376312186,0.330349709710051
8755,0.275008600354249,0.250263736486446,0.250277237948901,0.250235271936986
8756,0.356080038212001,0.323368240572053,0.338336612684822,0.337209116709883
8757,0.310349803482074,0.290539161882762,0.29854332499039,0.295896958009684
8758,0.343426573040531,0.319195872135578,0.321799964421624,0.321310311796396
8759,0.31196388463424,0.278780915756456,0.29209424799504,0.289064593263081
8760,0.287838648619283,0.256097330485444,0.269405783775583,0.267017276389216
8761,0.390510283970438,0.371208892590081,0.380877212532809,0.378737991697034
8762,0.31215353304345,0.29623945512843,0.302655930967227,0.301070182906794
8763,0.376960632180441,0.369886440998221,0.380784341062232,0.375337881975746
8764,0.378012164809974,0.377979781677034,0.377992589424113,0.377987017134297
8765,0.379055714484781,0.358050123420468,0.367142253267953,0.365992240307702
8766,0.366532184507073,0.358232908581909,0.364311815101162,0.361790974101642
8767,0.399714891817657,0.383192995391561,0.38498942842488,0.384103587922707
8768,0.372634795924363,0.372495495335826,0.377204592481321,0.371706442993921
8769,0.319469956947092,0.316047386524307,0.332708637292077,0.332559159685672
8770,0.348682499307399,0.338321934943997,0.357737728071301,0.358258645589537
8771,0.306112878967642,0.275365359854867,0.290129840043408,0.287311032514448
8772,0.337920262446421,0.324571561180773,0.330204379267847,0.329797841651849
8773,0.181980365508006,0.154095942751614,0.161632021427425,0.161104571623944
8774,0.388779826658436,0.385251246029011,0.386319743285205,0.386453020454118
8775,0.312192366876462,0.290108178363617,0.300079329285057,0.297438118363976
8776,0.246793431334226,0.225021653891063,0.234787368350422,0.232405376897149
8777,0.376380413492272,0.375266630896795,0.375882835509944,0.37574351556322
8778,0.434376020496844,0.39949168562681,0.41734661954364,0.415071640579654
8779,0.398285258798761,0.37959141654689,0.38714799483199,0.385210845992361
8780,0.480304726006981,0.444686170192633,0.459081561020984,0.454823628481484
8781,0.382053171538099,0.376762752161109,0.380032604094432,0.379162294361725
8782,0.376896516920625,0.353044864392625,0.369102154265004,0.366060134470841
8783,0.122093203799334,0.109300208348183,0.113911525395475,0.112454536368164
8784,0.28612563365773,0.262198687182383,0.262424016651433,0.262377924470346
8785,0.274015724844943,0.256919516467631,0.258653694967281,0.258239943941889
8786,0.406285927690169,0.387215957884243,0.395930164463596,0.392822877718937
8787,0.369707843995824,0.369687889212089,0.369667961298723,0.368024337874356
8788,0.307244401927133,0.287475646142538,0.28842720945662,0.288135952732695
8789,0.340516724119827,0.332230222912001,0.335919087389026,0.335564891854197
8790,0.150033020267395,0.149597585287586,0.149664664469195,0.14923732670786
8791,0.394275534693376,0.384004397121027,0.388016926182226,0.386120469689935
8792,0.381564311605341,0.381014818479722,0.381265282185635,0.381152485239209
8793,0.299699281319607,0.266121904345169,0.276692916436409,0.27416579539434
8794,0.190376387197735,0.178913948551984,0.17945532998168,0.179390168138363
8795,0.306468151394737,0.270154367581514,0.281384869663419,0.2813798095751
8796,0.311669090624178,0.28872684390124,0.298559067986589,0.296008197199365
8797,0.368980640858475,0.367235647937973,0.386791794502995,0.382747453579115
8798,0.311171975624986,0.309232010850288,0.310034687008467,0.310005183594648
8799,0.379405041126778,0.367806733776516,0.371286391738543,0.368971450815297
8800,0.150281296161877,0.122053345517738,0.126043326563006,0.125333374859649
8801,0.369602967177518,0.334269857546582,0.343861292036959,0.343829937159348
8802,0.346866324024969,0.330912438727621,0.334860523001973,0.332074871258723
8803,0.420672469650025,0.391965101705982,0.408872551842318,0.404461453996911
8804,0.374226219895705,0.37037915238555,0.374276686677758,0.373385503512628
8805,0.230753580053564,0.200722470136724,0.210986257161229,0.20966671047527
8806,0.391186064916224,0.383441507430183,0.389451158685825,0.387934163184883
8807,0.372337291790526,0.371229707392246,0.37213696117515,0.371946246873018
8808,0.409105669107925,0.395395298245092,0.396433684311303,0.387679978218236
8809,0.199681271668925,0.170522538952379,0.174784774945721,0.172927268017303
8810,0.230433825489706,0.208142355864937,0.21776200725888,0.21554420795679
8811,0.25283508079525,0.221865360915647,0.23241936121349,0.230256402915098
8812,0.40958915299063,0.373088848787389,0.389584389851531,0.385482927850406
8813,0.377902034247007,0.374312623019295,0.375518464105946,0.375088510453812
8814,0.325354237929546,0.301345301536862,0.314043663356539,0.310970550514441
8815,0.365726435228553,0.357244757983479,0.359839829442973,0.359108075726159
8816,0.373266670644866,0.337421286631943,0.351452098530202,0.347996029699801
8817,0.269427416272492,0.261966637999918,0.263199768792856,0.263223335157077
8818,0.379012529006791,0.377101123349789,0.378306748762519,0.373589873947323
8819,0.222802705363025,0.203978096055168,0.211496620821298,0.20935066194259
8820,0.195511424175165,0.174245011094388,0.186126227993768,0.185247586023788
8821,0.366642590279601,0.366589383453353,0.366926002885235,0.36126242440941
8822,0.371976624222999,0.362476958924135,0.37662031415989,0.372529770514466
8823,0.369921719028944,0.365184914678026,0.366462401636225,0.366446890379751
8824,0.375078572551628,0.373744371602037,0.374414947150494,0.374199148300842
8825,0.346518612256996,0.332552994680275,0.34438408318249,0.342076978306511
8826,0.391793387858665,0.385370423930178,0.388231484943206,0.387502542353951
8827,0.345406620265074,0.338278517460017,0.338500526298118,0.338243699083693
8828,0.280623444903301,0.252570346763895,0.263328570271669,0.26004284802939
8829,0.387705992980128,0.364892208865872,0.381573386459404,0.376970722346276
8830,0.273940901547307,0.272695824993161,0.274683720268536,0.274035146125798
8831,0.282520377576995,0.261134424512522,0.275835607876215,0.27543810839536
8832,0.376426843418343,0.375948379421921,0.376910570322798,0.373254153521361
8833,0.374794478503366,0.373590171743866,0.374223135837767,0.374102478840525
8834,0.379581734781574,0.359682713266237,0.373012198718315,0.369298584061017
8835,0.268930112617737,0.253693339383911,0.254444687743842,0.254411220872528
8836,0.373640438270383,0.371151124624734,0.371925400607239,0.371712803597985
8837,0.376866467344871,0.369888743212741,0.372134462984257,0.371725458119386
8838,0.359446468669197,0.334796124716345,0.343157120401929,0.343945573703245
8839,0.377971267697259,0.377667038312386,0.377074647832964,0.371161840168814
8840,0.382885131519794,0.382411788019994,0.382467681263277,0.382424999115944
8841,0.260015853634937,0.251630266283729,0.25504735894841,0.254118337824147
8842,0.386198284036098,0.379800275732454,0.383124147963695,0.381883373490828
8843,0.377937573896096,0.377727666617873,0.394730439482705,0.39051247130498
8844,0.373964289969794,0.371910852137165,0.371932070091037,0.371764911861613
8845,0.377499763320123,0.377359740958052,0.377421687287516,0.377421995348634
8846,0.41532397844771,0.40385235493064,0.405489934158486,0.403043842181378
8847,0.391783417965025,0.37897741302794,0.382978127497362,0.382271414600494
8848,0.27490677420109,0.247936410889063,0.259593787683594,0.256883502532249
8849,0.175372976361845,0.161155337696613,0.16870057843208,0.167069865777021
8850,0.375879039782727,0.354454385911992,0.363642370413044,0.357638325054301
8851,0.369089284680509,0.349261956087775,0.356179688752458,0.354147613441751
8852,0.32947912991145,0.30183398038038,0.31341603751646,0.310328830944316
8853,0.300089724353741,0.270801453971579,0.283361193709305,0.284103469493189
8854,0.407900731742637,0.388073613334975,0.397778884153616,0.39444598341432
8855,0.377975275122948,0.3764591529133,0.377020788740614,0.376894879939686
8856,0.376940552675529,0.352954308859816,0.362869329661425,0.360188545365103
8857,0.313378086708969,0.286855464088127,0.302605405190996,0.299517027011899
8858,0.421419913612395,0.39076012007281,0.395565482996293,0.395777908093724
8859,0.38882748626316,0.380707626933671,0.383896544451382,0.37942574584326
8860,0.301018959925442,0.282772432076656,0.286216765414058,0.285437175500213
8861,0.474702072014145,0.438318672070737,0.445700968370108,0.444123576350009
8862,0.465339357010434,0.429601096102001,0.44822076112845,0.443778559911688
8863,0.377584919617696,0.377251985066594,0.37795462597887,0.377552603040941
8864,0.440575684286565,0.40078698955582,0.416545239241261,0.413927692956865
8865,0.153817368145381,0.124734757514778,0.128027390087865,0.128483129060423
8866,0.326694800817288,0.310718494823768,0.317987357578426,0.315969850884349
8867,0.202835855688244,0.186837007126002,0.194052727652627,0.192180308171625
8868,0.151494756144021,0.12304937784862,0.127726490499251,0.127985426077578
8869,0.372048681450888,0.36230864897724,0.36415512416747,0.364330714833498
8870,0.401998975570147,0.389369512426466,0.394824810287036,0.394518139272074
8871,0.348546098331648,0.320585014187757,0.328904962063837,0.326567265061681
8872,0.360328773199964,0.352068852126363,0.355680013675911,0.354784595524174
8873,0.379629607564336,0.356753201897559,0.361874350503002,0.360538728177003
8874,0.383781853690865,0.381586161075088,0.382670174317677,0.382338975388752
8875,0.404514768290044,0.386108511474689,0.393576127850948,0.39160963357932
8876,0.27435410016997,0.25261010398459,0.262359118829525,0.260463221050249
8877,0.397698047336687,0.359883643852563,0.376711830741088,0.373047760665398
8878,0.425809337853889,0.404452317973271,0.404614830561777,0.404621936258908
8879,0.207403962593499,0.179198179223665,0.188364725759695,0.187743610696802
8880,0.230679794443951,0.226039658954615,0.235983622093426,0.232516185548065
8881,0.369781147830009,0.336923800386785,0.341232121381477,0.3404906402041
8882,0.366661167182437,0.360658974986614,0.364301756479255,0.363343838398265
8883,0.291210923945406,0.260911778209706,0.274919209958288,0.277923939697399
8884,0.391127881266727,0.38295326792685,0.387117461434146,0.386372834917253
8885,0.144221861079091,0.118498291355502,0.119654940764482,0.119656022933162
8886,0.37794286167984,0.377318595511283,0.377467827109573,0.377463347966351
8887,0.363110544860245,0.357855600975618,0.360421646985372,0.359715475439694
8888,0.362658178270296,0.353178331671972,0.356985522611789,0.355617642777302
8889,0.375365688148664,0.366478457012904,0.370582697017036,0.368364171959799
8890,0.293816044821146,0.262703542767275,0.272868322383242,0.271184087986943
8891,0.428390995841156,0.413336144325884,0.416213504820889,0.415855416084471
8892,0.408475792726743,0.391881435899427,0.396536877737869,0.389893290070547
8893,0.389660224740619,0.384744718231713,0.385796185849064,0.385511096920536
8894,0.381956269564283,0.380518581857142,0.38114744796085,0.381004606723402
8895,0.362832680236723,0.340859307512284,0.350150744686158,0.345508199977315
8896,0.456965526569575,0.425492120686249,0.428697969293055,0.428728207443059
8897,0.380867441565569,0.378201711256576,0.378994549478577,0.374297718619479
8898,0.375742996563392,0.373772857295384,0.375028543636968,0.372288620945107
8899,0.168556822658482,0.139806209116236,0.144603976619428,0.143039508754687
8900,0.36589268817222,0.364606077758208,0.365291295245469,0.365243467916194
8901,0.307618339207324,0.2951204561895,0.299231596412385,0.299053060809628
8902,0.413472736142844,0.389646000736893,0.396854331919554,0.394372046206289
8903,0.377059528747472,0.376037119650174,0.376113275483277,0.376039653553657
8904,0.468258139666644,0.432215842801366,0.450561294863906,0.446231936458855
8905,0.378321278735137,0.372472049638401,0.374630889264295,0.370892233516851
8906,0.463872566084766,0.442770518726019,0.453407708630976,0.453001584748122
8907,0.326214102341045,0.311811804141845,0.318164144646499,0.316572956173651
8908,0.387893235158997,0.385302305656141,0.386512568001537,0.386207626651658
8909,0.117692155934778,0.0925537809377141,0.0970136480323041,0.0968209947539534
8910,0.202953916656519,0.175806485581118,0.18503187790969,0.183797994031294
8911,0.37859304359016,0.378286411059898,0.378921009468759,0.375351477823599
8912,0.17241970304078,0.144209725267905,0.149961613949956,0.148792227649695
8913,0.18722789555555,0.174941402044765,0.180065775593751,0.178865863409859
8914,0.366971372274133,0.357733023310237,0.36116130482008,0.357990090482262
8915,0.371290103893135,0.342038013007521,0.344727317419266,0.342806102914439
8916,0.377419150654085,0.374563431686039,0.376046698160895,0.375689442410839
8917,0.378041060217799,0.377577577342152,0.376883927956718,0.37099516670927
8918,0.35506777505116,0.342809855820921,0.358890255181805,0.358884263913235
8919,0.299708504481551,0.278585041566557,0.288178797642316,0.285654978886113
8920,0.372656387303697,0.323219618186432,0.338385302577973,0.334792027805615
8921,0.304736201029118,0.301250449171725,0.302138486299077,0.300380910659473
8922,0.387867438601117,0.386911988156401,0.387716722589806,0.385711738485879
8923,0.347750140034893,0.335294787396666,0.340542396363245,0.339019734768977
8924,0.406636217908526,0.392057028863721,0.399080540787807,0.393715792379239
8925,0.422521233367639,0.403070224608491,0.411906516731621,0.409583060265235
8926,0.248213517399844,0.221556104597834,0.224365867152392,0.224196512092281
8927,0.364359789618958,0.349414020784529,0.355713712224633,0.357153675887178
8928,0.225862821383439,0.201960919305289,0.213076838367981,0.215481826116519
8929,0.377841261842009,0.377819382192195,0.377834125858686,0.377832622395209
8930,0.373980911401205,0.37300176709878,0.3920097345931,0.387952091599411
8931,0.38427917242719,0.362829959514873,0.373375353476391,0.370915696460266
8932,0.379189079267552,0.377747274247176,0.37863717232342,0.376663189432826
8933,0.422046148071716,0.385239691199393,0.401953699828936,0.397758714088625
8934,0.267381787595578,0.238568649750304,0.251882049786242,0.249634782751781
8935,0.37471822892211,0.362330120620309,0.374839169273794,0.369028157866522
8936,0.399039365857313,0.376689129438904,0.386108017878971,0.383677528236084
8937,0.206051235967288,0.202903496587931,0.208760000160514,0.204478932705224
8938,0.37478226508744,0.362387700706193,0.366498265263146,0.366073143450376
8939,0.36224722980059,0.349817406578227,0.355338151401204,0.353890257471564
8940,0.377678135631586,0.376531439932718,0.378116722696795,0.372733716385339
8941,0.360632718076018,0.344858197261452,0.351479267761538,0.350686303218515
8942,0.413042503506316,0.391943681607109,0.39318633291017,0.392704245445503
8943,0.401057105994172,0.386123819690178,0.392822137713145,0.391063381959511
8944,0.273075696640129,0.246757992785502,0.259383895639999,0.256596409582805
8945,0.203886166242986,0.197454888037716,0.199133659899815,0.19854520357161
8946,0.308654528914018,0.276784703811783,0.290819904239417,0.287676534970503
8947,0.377934069135585,0.377836744599931,0.377945497161137,0.377876141576811
8948,0.199266477414258,0.182083859715523,0.182111649201197,0.182083738876636
8949,0.383972448743055,0.379133549613258,0.381364546438244,0.38080741103642
8950,0.146966176161646,0.116621207895294,0.120697210117747,0.120665815461524
8951,0.397167248711581,0.363713516617052,0.37119348174364,0.370191923433718
8952,0.236088483719869,0.208020984339807,0.21956279333408,0.217794361909286
8953,0.184268993294225,0.158482086196502,0.165928670061812,0.164074176773013
8954,0.387122634771866,0.381955637121763,0.384636824423973,0.380400551479912
8955,0.338739499001399,0.323370877600778,0.33468086411791,0.329987808413926
8956,0.259687240669865,0.232187380462384,0.242499105810141,0.239583996417867
8957,0.375862123857366,0.37553360862354,0.375649538613762,0.375546992511173
8958,0.379956377529456,0.342393802749401,0.358487471757006,0.358459878773449
8959,0.440918906910595,0.415893819429663,0.4275013194556,0.424497129273988
8960,0.396927654562246,0.387869213121711,0.394582358701141,0.390105292854595
8961,0.381550329947663,0.379435463555713,0.380129163738069,0.380020920965997
8962,0.398442277477453,0.391002112925727,0.398523222366816,0.393579018520806
8963,0.404067398163108,0.379785979696071,0.394937647328406,0.391083867202653
8964,0.485183926529889,0.444299673829288,0.462602529236646,0.457888683464549
8965,0.377863695937647,0.377385182191596,0.377450943106808,0.377183097448427
8966,0.450562281557363,0.413330212632037,0.427692532092601,0.427170436676744
8967,0.368731186237836,0.355388901609034,0.36136597441447,0.35797569918581
8968,0.249349847158392,0.235681875014599,0.23647060482787,0.236311883793323
8969,0.474970947668773,0.435102434908122,0.452782275644289,0.448572782278568
8970,0.378446369547974,0.36320866369368,0.364104014835172,0.363700831844068
8971,0.369284598261887,0.364669825780921,0.368878993863664,0.367878123795733
8972,0.373273908310437,0.371263164747411,0.383694658601982,0.380381583646822
8973,0.408097794725502,0.376286475768587,0.375906697499137,0.375963087179812
8974,0.375225562233771,0.374613117886936,0.393875922195414,0.389752927353497
8975,0.373620004195957,0.336834563788441,0.352627649398099,0.348838668270732
8976,0.367801194079702,0.359976162966484,0.375690240226569,0.37149947530604
8977,0.388408943407494,0.382958851179804,0.385955770232723,0.38587558854432
8978,0.370905729820192,0.33669485572248,0.352933499793362,0.355701774993957
8979,0.405598627590244,0.392712350262843,0.407938039695287,0.404935363492159
8980,0.260018684425188,0.23256824549544,0.244376518478883,0.2433295471262
8981,0.383565294396195,0.379935359138737,0.381218180674801,0.3808938189341
8982,0.381650278912284,0.38034046481599,0.38065602644405,0.371723127805945
8983,0.376237447759062,0.372536295868393,0.374267976487571,0.374167452600856
8984,0.348544138027855,0.31439110893194,0.318432669307413,0.318447280771243
8985,0.378253242586549,0.358908650111589,0.375083187191116,0.370883756305356
8986,0.363627638310192,0.330532911542036,0.330206280591021,0.326650372468994
8987,0.376030201874336,0.374454079393246,0.37515168867202,0.374972352852253
8988,0.374404569616101,0.370091919556938,0.373535906785232,0.372714882525779
8989,0.384778792093977,0.356222922222217,0.372138578706677,0.368232097153942
8990,0.449176131205125,0.431805322136894,0.436102837633225,0.43422776163521
8991,0.30867261879732,0.282056237406183,0.293682173299235,0.290298804603969
8992,0.12967712373183,0.122660959239484,0.123082128410781,0.123048424177435
8993,0.202537044119268,0.18843562633427,0.188845756544007,0.188435735662684
8994,0.375777801112664,0.365091456636684,0.371048506009681,0.366442060354325
8995,0.37524195832084,0.36860934450292,0.371610860205747,0.370815375568584
8996,0.384456094980377,0.367383777096086,0.375681993304814,0.373622601578005
8997,0.38120755652306,0.361826927646868,0.369422120154918,0.365456203199991
8998,0.327548393666627,0.322166983759875,0.324533004291499,0.324135182809363
8999,0.161972037501414,0.139214840492674,0.145824517617421,0.147221244669935
9000,0.377842391077286,0.377613991053205,0.394674675398948,0.390472306558646
9001,0.379419523039612,0.36857025947917,0.373415853549322,0.372135759496365
9002,0.379024388302528,0.376394214181087,0.377296035020101,0.376648254050191
9003,0.373651148972798,0.342384596216776,0.358071728501515,0.354159120785456
9004,0.275598013379535,0.245428061203661,0.258189414950856,0.256037013493784
9005,0.382114518129417,0.359043992762253,0.368728133935548,0.366101377584049
9006,0.396524077438559,0.372194647518242,0.389232641509731,0.385273576707875
9007,0.323111629082226,0.302500487646192,0.31883919871117,0.315675521205773
9008,0.378512060776924,0.376981607533012,0.37756471239146,0.377446504847052
9009,0.393046593785092,0.3882642440196,0.389963547389398,0.389443797059135
9010,0.250216299039821,0.224292785537044,0.2338421735579,0.231783314024579
9011,0.379479617413631,0.345463677864867,0.36097315218033,0.357203023112195
9012,0.269829455758862,0.239717493928459,0.251770086674226,0.250523581752738
9013,0.359110407832802,0.332705615075357,0.34386043143428,0.343148734108689
9014,0.378020350788957,0.373812718908029,0.39382423649987,0.390187542303447
9015,0.383755205056245,0.360346265675142,0.378622952346069,0.377665694015519
9016,0.335066541973239,0.306270076072535,0.31956210314678,0.31667488431744
9017,0.386539072696531,0.380448903909424,0.398686906586702,0.395823776026782
9018,0.368902740955228,0.361364649207264,0.364704747879409,0.363716215367206
9019,0.371290007511741,0.362974815416046,0.366697193598711,0.365966307222904
9020,0.335726599175424,0.32754706481837,0.329519284474667,0.321481974942586
9021,0.373943153369254,0.340981032944367,0.349323688848742,0.34613378465537
9022,0.397730465426147,0.38274893116111,0.387812275904502,0.386652592100459
9023,0.390423725871338,0.384210236642128,0.387162436297294,0.38665631901317
9024,0.368228044923072,0.364309276837452,0.366159038814949,0.36574466772344
9025,0.248424000745846,0.22007358113052,0.231653026414369,0.229608992262537
9026,0.379049915089575,0.375716403817655,0.376279743757818,0.376099114266467
9027,0.192000619593495,0.161771687749932,0.169307766744189,0.169029401363963
9028,0.379037513249254,0.375884913932611,0.377739603277547,0.377171509186943
9029,0.432900966332792,0.399916256438228,0.415970921610356,0.411930190622485
9030,0.341418218071114,0.326759801235543,0.342551689939843,0.338740112599984
9031,0.263486280713829,0.233567528690917,0.234776099664685,0.233471876523188
9032,0.323177806410246,0.304764914949927,0.312656368402381,0.309797109401627
9033,0.263081666239566,0.24405855963565,0.255444907643791,0.256251622693755
9034,0.205656612662935,0.179684001127959,0.190074868767591,0.189365520078152
9035,0.165504958610601,0.159930861352172,0.160975022446846,0.160914808394327
9036,0.218353360033577,0.214619398163022,0.214996151684859,0.214575256622496
9037,0.317331740004814,0.294218190203054,0.305868694386682,0.303033893811457
9038,0.419700533883742,0.397609802266325,0.407284339114533,0.404672452649555
9039,0.316737520125331,0.285545463362521,0.299396950163967,0.296100829061213
9040,0.398713474660609,0.378038056995279,0.386608210206859,0.384053531772703
9041,0.334155157321468,0.310010229720525,0.31929124423474,0.319627457365904
9042,0.362217170960049,0.333753298998672,0.34647006147823,0.343316356735718
9043,0.384850829469272,0.376130165648276,0.380012610517901,0.379083519740309
9044,0.254079590482263,0.223287020750548,0.235031633189194,0.233256817212358
9045,0.363290802521534,0.355421143125697,0.358946903187334,0.358034721494399
9046,0.321327074817243,0.292634996071909,0.29267427520278,0.291701347379002
9047,0.367335462098113,0.34831885100981,0.359198230167116,0.354776665944611
9048,0.169180398115958,0.147619445408518,0.154615264579088,0.155177810550857
9049,0.111707700065244,0.0925572530277932,0.102689183944732,0.102814531689587
9050,0.441848944210486,0.406025953792441,0.406122356775377,0.405804234188602
9051,0.365479738808632,0.346815830097327,0.35553952877543,0.353334084169433
9052,0.639844798389717,0.598443827751133,0.618093396649695,0.613183462344987
9053,0.339846630191973,0.32263148558018,0.33048037556162,0.328257431262296
9054,0.350778681287753,0.323426844109226,0.335784347411673,0.3327697178265
9055,0.237514140346477,0.207580494321622,0.218416042188502,0.221436678661977
9056,0.375958790156479,0.372300278823469,0.372814470081544,0.372627331152284
9057,0.334648176368646,0.325640066508312,0.328685244621625,0.328176219242511
9058,0.210077917683505,0.197239106716908,0.197561279863664,0.197214033817082
9059,0.451576783687511,0.415548690701224,0.423852171667723,0.421237530595246
9060,0.430072127500292,0.421623088166827,0.422818006870549,0.421667704319163
9061,0.380764423049738,0.374650345968929,0.380808015025654,0.379185083260482
9062,0.2764088108585,0.270059940547906,0.273317370818121,0.270934071684266
9063,0.373802054628381,0.362392898189417,0.366916284056246,0.365576117765398
9064,0.282217723837682,0.279180267635127,0.280120519892707,0.279668601922427
9065,0.400751155704261,0.379182966028446,0.388775174508004,0.386065260333796
9066,0.333965051184482,0.318600123706709,0.323804952687825,0.321558527351377
9067,0.225303805736093,0.201542829133556,0.213012212929116,0.211059825894013
9068,0.400105296741172,0.393925508986686,0.39424027825515,0.393071124939236
9069,0.146431673615627,0.119917077925283,0.124918040197721,0.124723830427501
9070,0.313376816846222,0.294564828048414,0.302962671892732,0.300661867222021
9071,0.240727392656092,0.210114643744975,0.221131682292999,0.219408086578076
9072,0.302917093511633,0.270993723750231,0.284944729447248,0.28624012603943
9073,0.373238679212665,0.34570235198161,0.35496494248245,0.350962427489657
9074,0.406731638997929,0.405339211340791,0.407859749240981,0.407173981041304
9075,0.133961489411725,0.116862987594128,0.123450337632569,0.121884433580416
9076,0.375743332906263,0.37282874190455,0.373875069128283,0.37362193468637
9077,0.377817539675289,0.377734375483733,0.377750618229794,0.377748180598681
9078,0.419750276561285,0.383325440088256,0.399949571818915,0.395672086604504
9079,0.452614313691701,0.437564498577293,0.446758933893036,0.441624298218669
9080,0.371942411252685,0.37069800842925,0.371957365342616,0.371560461442535
9081,0.148626312049676,0.145744553481209,0.148232670877151,0.147972631479104
9082,0.378429350652065,0.37811866197832,0.378416018194406,0.373234697741951
9083,0.288635188842325,0.264336219179018,0.275840066975761,0.272489148475024
9084,0.443801612713181,0.408077533431921,0.424496264006141,0.420249178509578
9085,0.375991905463851,0.35101746820734,0.353443195636494,0.352890456904806
9086,0.383851519230015,0.374927752522431,0.388570695330355,0.385958528581515
9087,0.378670917376923,0.376701292404949,0.376989840328875,0.371210701346292
9088,0.219478457485001,0.201975312170625,0.210104976003546,0.210266845238069
9089,0.377970590022152,0.355643736947086,0.375202640284961,0.371287813318723
9090,0.29869658341936,0.269773425874864,0.279285368757398,0.277095068825441
9091,0.441810041813222,0.409612579389788,0.409788239789558,0.409786725934957
9092,0.378529465613524,0.375032559740103,0.381229842493288,0.379675733784896
9093,0.395620768630741,0.379840934465209,0.393754066285951,0.389375724150169
9094,0.387606400628776,0.386411114660853,0.387003745141183,0.384709463224676
9095,0.427925920371851,0.392932390962121,0.40967764932233,0.406465652804585
9096,0.321476438588913,0.294176937011844,0.308589285110894,0.305906020441024
9097,0.345857590650363,0.317704518020407,0.32447790792263,0.32364224762485
9098,0.429035207556568,0.414299989939261,0.418504774235224,0.4157216442141
9099,0.378291838279397,0.376052082131107,0.377035625346005,0.376448016143031
9100,0.307878879767266,0.274374639139279,0.286180942377721,0.283596433734779
9101,0.382650005394547,0.381851123420447,0.384124431986373,0.383534298288502
9102,0.424034675157446,0.391507957101078,0.407789122258932,0.404190976713536
9103,0.381578266489414,0.371208814593449,0.375928382882747,0.374544243241598
9104,0.299061185948795,0.298898940726045,0.299142503895844,0.299090231155264
9105,0.391326338728825,0.374698287539667,0.394405303635654,0.389970778364558
9106,0.391118198714144,0.366978012850877,0.379473725348457,0.376198862245667
9107,0.377541246105986,0.375818789724119,0.376471735058657,0.376389083027228
9108,0.372372493719651,0.366954323940339,0.372855221781802,0.370193389642561
9109,0.143408307235133,0.111329152365658,0.113881331354594,0.113658107896336
9110,0.43563583581926,0.414233776659148,0.423179499328352,0.419175179429256
9111,0.382390691129842,0.37639014367253,0.380450788895513,0.37140375156151
9112,0.317717177595903,0.298881118458539,0.307969448282035,0.307616588410591
9113,0.314131597845376,0.287609020964162,0.29725721682895,0.29668978970323
9114,0.3777690680506,0.377249664388181,0.377424075291313,0.376777574745564
9115,0.410811768364305,0.373968373242759,0.390573235398107,0.38650732074389
9116,0.378288412525376,0.373496974877694,0.383914620974698,0.379638985642385
9117,0.305486223776147,0.272825211980425,0.286821163353073,0.284124610659966
9118,0.368014637107508,0.348507098286088,0.356886240104919,0.354550943806702
9119,0.377418147026403,0.377158738506875,0.377384483951761,0.376928033866201
9120,0.357473713365076,0.349557632092401,0.352748140885326,0.35201557416626
9121,0.349768527021747,0.330219750956919,0.339032959024543,0.33670987752695
9122,0.377732623967924,0.357731371046678,0.373690133332045,0.369933067676727
9123,0.380678831323764,0.379842940464411,0.379976139049075,0.379091029294954
9124,0.378208077117245,0.37778477224276,0.377888877444807,0.378231030521457
9125,0.286171662027495,0.255437411440486,0.267185955995566,0.268774942705943
9126,0.329059562817048,0.312583113691942,0.312693996533576,0.312525670257199
9127,0.404195710202997,0.369117204501375,0.38513388835113,0.38113416411793
9128,0.254202988317475,0.2375316485243,0.238895534618351,0.238822564714853
9129,0.377702993453429,0.377577346227767,0.377679810834859,0.377648978112194
9130,0.38219812244784,0.349404467723213,0.36577558105169,0.362390359563235
9131,0.439403022599792,0.40924677339622,0.42341285428668,0.419617276335029
9132,0.377515059408626,0.375573431943488,0.37646494612111,0.376416166259891
9133,0.303497044396036,0.277416017093584,0.288662895773645,0.284304643192834
9134,0.199180322632638,0.196178350366966,0.197198369083418,0.196584085918047
9135,0.379734297232472,0.36641012376239,0.372646167733141,0.370987366651494
9136,0.322719279905249,0.291758960060789,0.305725349068734,0.308372246612784
9137,0.379288598647864,0.379133533291912,0.393275885630688,0.389559908527057
9138,0.369032124106722,0.342710221761539,0.352980056688155,0.350345997870765
9139,0.317272029813236,0.297510423008878,0.307362715253358,0.30490536030609
9140,0.172033033867105,0.17173001430036,0.171734878574374,0.171725388963488
9141,0.376353299504461,0.376066874671031,0.375534328132237,0.37171815900686
9142,0.375235016278333,0.373813397643956,0.395033662557838,0.390870472716703
9143,0.332126119375195,0.29929405284036,0.314035733049456,0.310647483566545
9144,0.309056948527952,0.28967599495946,0.298406332791344,0.296049640105616
9145,0.256153904966692,0.255874941521567,0.256071177971648,0.256012533411392
9146,0.379656773429156,0.36076466043785,0.377208703575654,0.372986631707303
9147,0.236585999815245,0.211113899308202,0.222706602671903,0.221142301297268
9148,0.388056849834939,0.380907408294203,0.38443182605832,0.383527903459591
9149,0.393119954838208,0.379031031845686,0.382738192901766,0.382319301277806
9150,0.28959323037856,0.26573181899271,0.274846717468427,0.273123979841873
9151,0.243870733083884,0.226095591283094,0.235856734713223,0.234451858014118
9152,0.377282345388178,0.373238744400866,0.375137878014809,0.374660718940438
9153,0.378027897202285,0.366020407863291,0.372781118141781,0.371183732199514
9154,0.336948553393044,0.305878755265661,0.319775889626701,0.315964723766297
9155,0.414113758089558,0.399679339635266,0.405543802571561,0.402948221218049
9156,0.377692003351859,0.375066795113243,0.378261237886339,0.377469857875286
9157,0.158267313733738,0.156864840187356,0.157289473992908,0.157158621799253
9158,0.377794604779807,0.366094165626572,0.381982654658616,0.378236732535259
9159,0.307676215370789,0.278648127958337,0.291729583968727,0.288681922684681
9160,0.381455726324864,0.372931860574645,0.377924055690186,0.376633063870109
9161,0.227839342612021,0.211758570624321,0.22170362241537,0.221686567773823
9162,0.387690636191209,0.384904379258747,0.386395287250458,0.386384269960941
9163,0.352049949149835,0.309463670524916,0.314668430661069,0.31375124053342
9164,0.306029085103423,0.285271707748457,0.293908684272856,0.291437354658354
9165,0.357179413638644,0.349448034639585,0.355744498154089,0.351747421906413
9166,0.392929804254953,0.37959819499062,0.384673055144393,0.379084224747534
9167,0.374929562455577,0.374044055741956,0.375670887135199,0.372477054022657
9168,0.377909542299034,0.376776963901059,0.376983398571553,0.37696748466173
9169,0.241728113606422,0.240656442074402,0.242638808141281,0.242254804663736
9170,0.377607934838505,0.374606408359179,0.378637150660168,0.370237693360891
9171,0.375257254804907,0.373424917910595,0.384358534129121,0.381231874598013
9172,0.379810311220683,0.379131933172991,0.379177445903904,0.379162543871932
9173,0.247484524122547,0.244113080931318,0.24426911602084,0.244272129851054
9174,0.377405886245096,0.377330889614525,0.377354680029548,0.377351241177313
9175,0.36613647124248,0.364403477897142,0.36536744181394,0.36319006656456
9176,0.126316399805875,0.105797012876665,0.107273608629299,0.106120076676991
9177,0.375798874520078,0.368075263508097,0.37001522896148,0.369799602614153
9178,0.440224357071339,0.408254408918107,0.420387546975205,0.417703239277483
9179,0.111274670802294,0.0930917707692581,0.0974736947396863,0.0967381523831634
9180,0.210654370147926,0.210519720391006,0.210595868788753,0.210583820628205
9181,0.388598611542995,0.379709975196846,0.382860230217413,0.382750682699448
9182,0.367199465259199,0.34826277436708,0.363920948470865,0.359791958436283
9183,0.376812281998887,0.375897735163675,0.376440546096211,0.376319535413684
9184,0.245674183839312,0.229822883197571,0.236597824264189,0.234208525865763
9185,0.403461868713608,0.398392474508845,0.402751172124779,0.401100092144906
9186,0.371809032373275,0.369416364572861,0.370434518806325,0.365764929203438
9187,0.383472334226742,0.379051381666088,0.380822039130797,0.38035083127248
9188,0.200753414498983,0.170475938617919,0.171445879194795,0.1702031786266
9189,0.381549495640743,0.375643413457109,0.384676758535401,0.380079607965392
9190,0.359647538669899,0.326347158827136,0.342408398647978,0.342423462322191
9191,0.388407813084776,0.369323282695421,0.373719838111356,0.372410816395498
9192,0.343225876772043,0.317661394337211,0.331616006075896,0.328304494213849
9193,0.350230576809402,0.343515550706983,0.345482521568263,0.345023119281533
9194,0.397185208879894,0.3772589078125,0.377397110391507,0.37741141264358
9195,0.228364961763151,0.198837286317658,0.209142316662311,0.207632843981456
9196,0.350741625293336,0.340681766728719,0.342755740821284,0.342343464378456
9197,0.250750386598366,0.219900577492273,0.228583970366111,0.226183309464209
9198,0.366451869938847,0.365883085715075,0.365959986854658,0.364093210613054
9199,0.353220722450159,0.332184308382092,0.347857940490807,0.344167639813203
9200,0.333608631710585,0.304954884934853,0.317808223910414,0.314725986672566
9201,0.384866002267798,0.383506639286696,0.399800145820488,0.395678810467569
9202,0.32172900755989,0.293153921517027,0.306317710477802,0.303369636403112
9203,0.382791645710305,0.350903614996247,0.367425087881453,0.363718472328885
9204,0.130416621271069,0.122180984708935,0.122904658531706,0.122924942228685
9205,0.130152703908413,0.0986671774229966,0.0985955061218365,0.0978503820353281
9206,0.384974349842822,0.37429790491829,0.39245209025574,0.389861444426056
9207,0.594777127932941,0.572559128937833,0.577078067580105,0.57324381050415
9208,0.377065245650499,0.37665681667918,0.376624153613557,0.372040196985704
9209,0.378461468338443,0.376928114227,0.394054758888066,0.389774455954289
9210,0.404092076666433,0.388936784477387,0.394426154219256,0.392861070940047
9211,0.373327817774928,0.373042658585955,0.373440515878704,0.373099272922815
9212,0.38779940116546,0.385091624973977,0.386325531194266,0.386039379251588
9213,0.320322241153159,0.290005698683873,0.305192886088195,0.302244057841882
9214,0.379690255403533,0.378675145234141,0.378787372103088,0.378623054983271
9215,0.376862214207478,0.376770167157516,0.376796998835379,0.367867757004361
9216,0.193815753641098,0.193424557039868,0.193443725575703,0.193437353596841
9217,0.399582460052951,0.395968222119986,0.397391966023882,0.396941165268518
9218,0.413375636857144,0.391868068408429,0.401367389585098,0.398769082480018
9219,0.373962772411484,0.370711255134461,0.372666763594804,0.372236267653454
9220,0.209273297425818,0.199763072347401,0.20255967983011,0.202487281661619
9221,0.392792507531484,0.363357889517689,0.376410254620843,0.370882511334612
9222,0.378800227410483,0.358789924781208,0.374891115553471,0.37095630069122
9223,0.601591189028589,0.563811839710798,0.584062575418976,0.578771811660455
9224,0.378248195884462,0.374469498505513,0.376309061726769,0.376221653074541
9225,0.384588025037407,0.381214035073604,0.381425420131576,0.381352325265827
9226,0.26783594666445,0.245002496270781,0.255128766145655,0.25250378362433
9227,0.334476675295952,0.301447162480082,0.310639391505982,0.31052773441235
9228,0.376380667237086,0.375543369558195,0.375779814143941,0.370752207912524
9229,0.326406205499507,0.318046755733237,0.321568280676404,0.320696879907159
9230,0.296035496472089,0.266739332535361,0.281802751545514,0.279238815284733
9231,0.327020869833801,0.30376784637683,0.314334009071989,0.310339298447402
9232,0.231596008288438,0.208933665718766,0.219513401745716,0.219647708130566
9233,0.389084948096874,0.369386950040828,0.390358338139483,0.386707484957917
9234,0.242920362066157,0.234863720045719,0.240201919771257,0.239605179427861
9235,0.420890339552361,0.389591378989217,0.404207837429825,0.400420445754156
9236,0.185988529474926,0.161891943226387,0.169559595565687,0.167913304990035
9237,0.203101319030045,0.173476248495379,0.181564403340952,0.180501368794558
9238,0.36088901171584,0.332886826471207,0.346506865812293,0.34331760200455
9239,0.376920897351621,0.339695269045256,0.353929081975569,0.350728050630849
9240,0.328581763310576,0.299253015153571,0.314465009110456,0.311246556264601
9241,0.320595990551106,0.320471257275659,0.321792249138313,0.317169613275766
9242,0.261924369606819,0.241869312820117,0.246531432965479,0.24644699743189
9243,0.335357474011865,0.316481430687301,0.324602685327371,0.322573426666831
9244,0.351193059071219,0.325375142730578,0.340477321383413,0.336288074576137
9245,0.251097847007364,0.228519881697368,0.239111057976092,0.23710523441095
9246,0.290796697049086,0.279612863721343,0.283556498144523,0.283006532404733
9247,0.418928433528062,0.390390855113175,0.404573682263627,0.399873179383731
9248,0.165388532303362,0.139006348385933,0.145746348017342,0.145116045273636
9249,0.437435110060035,0.400991173865714,0.419036655771263,0.414680830438213
9250,0.378014899780886,0.377725167035164,0.377837623235269,0.377800849947381
9251,0.240320131617893,0.211480354398856,0.222908089119137,0.221509970973333
9252,0.126469757701498,0.0923628218080471,0.0909715415119931,0.0912600006117117
9253,0.43561682335386,0.416543344187719,0.425294271661813,0.424929075548805
9254,0.134300782984797,0.123250911424825,0.127986361181832,0.126931968665508
9255,0.375671769923947,0.374624502802841,0.375026772750211,0.374966416466354
9256,0.391120997114413,0.384391609718137,0.388294634213116,0.384398949267486
9257,0.400218845903693,0.390101371926426,0.397990646223367,0.395220608174807
9258,0.379176324617365,0.37165841894607,0.37478413824061,0.374105745320664
9259,0.336428036821616,0.315271715304341,0.32473416102146,0.322506895668458
9260,0.381838852487482,0.380825840892149,0.381137352036336,0.381001611078306
9261,0.364422053791367,0.332578240261518,0.338183236133882,0.3375977554736
9262,0.38459809052052,0.380522341536581,0.380905487848379,0.380886197015707
9263,0.430674744300477,0.392767042325029,0.403574850505537,0.400499386910593
9264,0.327445504595836,0.297324651780843,0.309589060538883,0.309351962302017
9265,0.350218053759536,0.321790407597918,0.337646606508075,0.334088733327912
9266,0.385283824511011,0.381706465834664,0.382766756893063,0.38062747004786
9267,0.404604696994091,0.394025216695493,0.398735414924423,0.397652253729768
9268,0.230964732617082,0.210577310168242,0.217589095763857,0.217832333418796
9269,0.145187052349938,0.129589611912742,0.129632944179518,0.129606470504867
9270,0.383070342598549,0.38158677086073,0.383445241343775,0.384123195287284
9271,0.394499206159429,0.389669814929746,0.390873097526615,0.390829881026028
9272,0.169320064348388,0.140864108681224,0.147926150191926,0.147249791471594
9273,0.379283108336536,0.370789515321431,0.380143213698531,0.378617656706165
9274,0.378349523164362,0.370436307691724,0.372205915692841,0.371720969507603
9275,0.372118117825679,0.367880875696043,0.36957038415755,0.369085275102408
9276,0.418823037213375,0.404651062728497,0.407403743291183,0.407138711997961
9277,0.331509904984536,0.300691629031217,0.315175073196048,0.31171406583683
9278,0.301947680839549,0.271630464776001,0.28289679715351,0.279829728493157
9279,0.361473697262685,0.350527351456411,0.357807814345604,0.356245060653944
9280,0.394895123865238,0.38899737277265,0.39193995267581,0.391754509478533
9281,0.385572663051131,0.382119537471964,0.384188499238782,0.383644982758643
9282,0.18448469883542,0.155381561274218,0.163085803846235,0.162877840581499
9283,0.436759889392921,0.412364441260187,0.423525637013369,0.419181833678953
9284,0.381615435017875,0.361615643929947,0.366265895383199,0.366149843547556
9285,0.378962379788628,0.357272353627267,0.372354862354187,0.367729507960133
9286,0.270783682479259,0.256487539300833,0.259056094268545,0.257775181144124
9287,0.382569229136163,0.358028842572229,0.373253825426175,0.369481215301363
9288,0.363464354129638,0.356080601898428,0.359856523811195,0.360176401403497
9289,0.232148408754539,0.231439778201962,0.232640406046422,0.23217449101561
9290,0.245395831919497,0.220833430567311,0.232712022807015,0.230565148312059
9291,0.101902536949495,0.0659730600251542,0.0597040664507369,0.0589597785875965
9292,0.327438783150995,0.295156140724948,0.309224264225121,0.306014046647187
9293,0.352768503838702,0.319653344185249,0.335366980091674,0.335332680990676
9294,0.39981221554818,0.390413308996035,0.394108081133635,0.393841987882893
9295,0.377581445778091,0.377305140330699,0.37795712834105,0.376047828637127
9296,0.335477259923053,0.331319423223643,0.348861695561701,0.344861824484839
9297,0.279451951902529,0.252466000101759,0.264447850064052,0.261169567597486
9298,0.373664482028254,0.3682788454107,0.371396509596728,0.369606775463325
9299,0.382270857060175,0.38149159045944,0.3818402519872,0.381769147524018
9300,0.371621743096584,0.364980350694131,0.366394287634931,0.365960401714619
9301,0.379085667001566,0.37322501039691,0.383607924972829,0.38114439861048
9302,0.370241818566764,0.36252299955232,0.364143655726477,0.364059643757647
9303,0.257867840232352,0.226675662382414,0.224430430209289,0.224344959694032
9304,0.388493553133208,0.37809923889033,0.382708962224226,0.381400852333758
9305,0.293535384781049,0.279177884042132,0.286639710216175,0.28497880439009
9306,0.377912486486525,0.346770548112353,0.360837391925335,0.357145850562992
9307,0.332375893503619,0.298745544848066,0.29880870484281,0.29646769921152
9308,0.398285272242651,0.387965580124386,0.405275019891648,0.401609079099024
9309,0.374476741837389,0.334121690257532,0.344558968482752,0.339792806410651
9310,0.131931240390569,0.101761268834519,0.103740715105869,0.104215797983635
9311,0.403855493861916,0.373629545534168,0.386285856167958,0.383074925225878
9312,0.413721144084759,0.397299048603377,0.404002786349378,0.402206316682102
9313,0.377198415107286,0.375644807860814,0.377246578724543,0.376707897496953
9314,0.390000206199901,0.386536750446421,0.388709231964517,0.388005204177816
9315,0.384792940107995,0.359419270760256,0.373377403176174,0.369731351111467
9316,0.386823485001927,0.383363897994895,0.384729629003114,0.384360751630248
9317,0.366112491827465,0.354884426826074,0.360020356986023,0.358555846937607
9318,0.391966063660468,0.378290805413468,0.384293934859517,0.382757361529813
9319,0.412057911406949,0.401245174660683,0.405429564928345,0.405579881866103
9320,0.375626245476881,0.367328695559649,0.36762245069994,0.366805869420858
9321,0.32341693398102,0.31429684918211,0.315748467905868,0.315558500415414
9322,0.37841871272768,0.375388645297017,0.379243388186401,0.378904340727307
9323,0.324652740755249,0.297878362675805,0.308727351080977,0.306112074690896
9324,0.29971820650302,0.269635421654831,0.283505712739999,0.280939469581384
9325,0.200049204028378,0.199589603440377,0.20448392236683,0.201721619162985
9326,0.331568023804723,0.303715181511111,0.303882113368437,0.303698957163006
9327,0.42044636023193,0.391019367558745,0.405499227369825,0.401607607040057
9328,0.377146709564666,0.375794361195495,0.376476226866071,0.376264541241193
9329,0.388208957150023,0.379509441684967,0.384026815237499,0.383844976699169
9330,0.324972990252946,0.324811683198052,0.325650293491635,0.32512166005729
9331,0.335035020117313,0.314933223105593,0.32509540162058,0.325102685953428
9332,0.378023052566657,0.376210968763887,0.377242326784908,0.377208814467477
9333,0.312384419718242,0.294173456853214,0.301030200848198,0.299440451295274
9334,0.396651523752851,0.361069548168792,0.371079951431881,0.36956496916573
9335,0.377961230718931,0.376375007851552,0.377433145102526,0.37717034944987
9336,0.405428982947389,0.393146317057904,0.396026500859594,0.394859115886425
9337,0.349763855203696,0.337670906474016,0.338739205868462,0.338610464549472
9338,0.349027568215766,0.327806669029939,0.345423293493998,0.341413285116243
9339,0.306936572995413,0.289970989094041,0.295172837690534,0.290672726214634
9340,0.373500710684088,0.37146980513267,0.371483948612975,0.371388776142926
9341,0.209390138566396,0.182753350992991,0.186212532080196,0.185739540876321
9342,0.373588991332418,0.36913008999923,0.371132567545421,0.370628103149294
9343,0.385089385342754,0.367756446720801,0.375303677365529,0.373183893069351
9344,0.372039570634961,0.370507478585222,0.370809285163145,0.370773269974506
9345,0.312429891669757,0.293098835929525,0.307735835640092,0.304540058414523
9346,0.374408725826187,0.364500287417358,0.36918410390678,0.368249705039662
9347,0.360434721994348,0.335693844927418,0.345324243683054,0.342946701417431
9348,0.265413638174631,0.236607813964224,0.249048559655485,0.246879633121425
9349,0.338070723793679,0.305808608295729,0.32169300373232,0.320373233270363
9350,0.427906688302504,0.402813907089405,0.414009568449029,0.410976452613512
9351,0.373166413118798,0.371322844584792,0.37221283245772,0.37206489814891
9352,0.374683501943047,0.371531047459662,0.373886972017785,0.373499890481447
9353,0.339205844406812,0.3283604180203,0.340672404664986,0.336329008809719
9354,0.351739693265296,0.314618378153421,0.328867488178217,0.325422080199427
9355,0.358315493493306,0.35814849583947,0.359697381442925,0.358576031729801
9356,0.383351341648527,0.374409010706371,0.376896109650344,0.376219715533205
9357,0.376319080837313,0.37524181362281,0.385211616928988,0.380281293981822
9358,0.160157774854991,0.13295409631232,0.138916286485418,0.13853309055269
9359,0.127129503114006,0.0980473107304159,0.101502900812238,0.101328124770257
9360,0.461552699240958,0.442337532317499,0.451027917619206,0.446351386785936
9361,0.376694614193438,0.374902964185101,0.393864294061492,0.389598782956684
9362,0.359927168261838,0.326541480250492,0.338613667023345,0.336920050679538
9363,0.416910664558568,0.381141206440062,0.397859044745823,0.393781908343273
9364,0.378120069345602,0.377418358383435,0.377738530525171,0.377659855414937
9365,0.28038229261768,0.261133842609706,0.269981372382655,0.267605291396492
9366,0.385238672295967,0.378573445356994,0.381806981596711,0.381091974444042
9367,0.423999610533326,0.399995749481929,0.412780813496841,0.407081622039442
9368,0.309174224597168,0.279919748338573,0.290779080804472,0.284629712413247
9369,0.38227491037254,0.373186720212972,0.390435470774386,0.386868916549888
9370,0.374746979688468,0.374450989262204,0.374621262382762,0.374673977829526
9371,0.38666936011784,0.376844424840603,0.377221036343547,0.377139981144945
9372,0.321354820734622,0.306517826544112,0.312555731261516,0.310778294296957
9373,0.394847718955339,0.371863410619919,0.382172864907276,0.379343302982035
9374,0.131844374112267,0.103006073447362,0.10378558425601,0.102817436191604
9375,0.217167804662106,0.188703472288733,0.197347627558495,0.195317120299226
9376,0.224032559322862,0.199152418995281,0.199396670733486,0.199335926342623
9377,0.364645088855329,0.345254232053558,0.354038037279133,0.351568274319638
9378,0.244211311490068,0.227452511939745,0.23754002457858,0.235165098587152
9379,0.268375379452342,0.238382918814148,0.250811163620248,0.248478483028023
9380,0.413513076513075,0.377879705275926,0.39261003553871,0.388925522211091
9381,0.380365639239561,0.376964878750388,0.378631395291546,0.373751479899479
9382,0.379693297779798,0.364621690713373,0.382125368281757,0.378433323717283
9383,0.264753726654966,0.24306685099995,0.250693349930796,0.249699045529489
9384,0.411917858717449,0.402800072705625,0.405032973392917,0.404694962362032
9385,0.376441881595699,0.376447039288873,0.376637953262059,0.376511690166764
9386,0.377948883705456,0.377829637869377,0.378247166565245,0.378049231830341
9387,0.170775028480633,0.139699468971679,0.140328440355721,0.140321985591911
9388,0.386995326751107,0.38538678672372,0.385712082347386,0.385534483587462
9389,0.349558947083666,0.343168122118229,0.354719615008336,0.351244746433238
9390,0.430438089657658,0.392305109197313,0.393446068854848,0.393305445169604
9391,0.383222692131209,0.379326315204855,0.385863964518012,0.381999447629999
9392,0.37783987588209,0.376932421078344,0.398960591812751,0.394819144903257
9393,0.262455904921513,0.246364638700136,0.253764143667482,0.251650670966553
9394,0.386279791130524,0.376163139573571,0.382897463256437,0.381274381912695
9395,0.371805546130792,0.359104882338587,0.364513754562681,0.363121131899804
9396,0.209684627732987,0.191024115131412,0.199271315056304,0.197181719414422
9397,0.376047662050517,0.372733461986691,0.37506502157035,0.374930447950303
9398,0.367955689177245,0.365483719704625,0.366379957007714,0.366287274303398
9399,0.322410367524318,0.315582214064874,0.318660671778051,0.317821446391452
9400,0.422353887210388,0.408827751456038,0.42215631309068,0.416951028405977
9401,0.360013771809534,0.336671524760974,0.346919221465003,0.346611377541257
9402,0.377268386355708,0.3702759360476,0.372972757533151,0.372233938677028
9403,0.374725147138976,0.368892096333508,0.371310320577941,0.366358904573968
9404,0.373736054886241,0.35422153954332,0.364823495147341,0.359816205058625
9405,0.339294724549797,0.331263036835506,0.332942368358676,0.329441579786519
9406,0.353934566395598,0.323175165650031,0.337277290080079,0.333966965534226
9407,0.322079087300697,0.304632669745661,0.309671015541515,0.309578080193977
9408,0.608993805179273,0.571515754485593,0.581545427552918,0.580457621773321
9409,0.241318433300773,0.216560561262932,0.225210583822099,0.224506124486083
9410,0.379482835000787,0.377120661472354,0.382430633857364,0.377319162327104
9411,0.292137138679016,0.276804630687463,0.2771010690126,0.277060919224626
9412,0.395206752670649,0.369240375855957,0.37092595552564,0.368976682755634
9413,0.371008197722008,0.359359356058113,0.366446865021094,0.366212603222447
9414,0.375105827107352,0.374163058027902,0.374458122372616,0.37433500306447
9415,0.381097433237312,0.373135794145772,0.376592982338236,0.376253917914996
9416,0.411358748181312,0.402398178720202,0.402863998267133,0.402769785161596
9417,0.432361606748299,0.401881523018797,0.41675236229911,0.41292351835707
9418,0.384175065978322,0.362931447670236,0.372760423282605,0.370155271653374
9419,0.238155788268189,0.221405480560388,0.228334299587887,0.226965074994776
9420,0.371960278781286,0.369901331701065,0.370091341466412,0.369879947734265
9421,0.257910927953268,0.240242879412374,0.253178380743665,0.250108667592844
9422,0.388792654425871,0.384804258653336,0.387105666566701,0.38649306596375
9423,0.370509521765817,0.364750017612362,0.367372817275726,0.367491020761926
9424,0.379352951183356,0.37745246323837,0.38299534068545,0.379273153670614
9425,0.368684766033518,0.362626164786226,0.367928002183291,0.367157269494173
9426,0.365807047097455,0.355418084179028,0.360099169890266,0.358810665977736
9427,0.389816556418864,0.347748211388214,0.357876121888381,0.355141209822871
9428,0.278381462881755,0.25076769965732,0.261460084296417,0.258781855569565
9429,0.307580540960564,0.307656578871748,0.309537362738031,0.308779457913376
9430,0.435453355476387,0.402213851635365,0.41872412898865,0.414096363380441
9431,0.385029221622746,0.364730782763775,0.369895085230948,0.369353589465192
9432,0.480583436416056,0.468137152149138,0.489531783031734,0.488626455601252
9433,0.347181931362489,0.339720840672343,0.350648815231815,0.347272902788109
9434,0.332740546250582,0.301577951643419,0.315945364445519,0.312588253441041
9435,0.277442267500319,0.270685478327109,0.287907187865562,0.28783625573154
9436,0.319177447506372,0.303617091791696,0.311375534586085,0.309418874385276
9437,0.334905096388397,0.317319816778041,0.325162861314603,0.322584695335155
9438,0.391339373245343,0.387981685578484,0.401552109168016,0.400763004992693
9439,0.231818995429304,0.218813947367102,0.220462726747986,0.219676599852698
9440,0.376919396127105,0.370916288271151,0.376320334328358,0.375933476088314
9441,0.417935263002171,0.408970854031219,0.412886030952182,0.412221167064536
9442,0.37763084968577,0.356498877859961,0.363928259265095,0.361572665212498
9443,0.317821107426112,0.290828001902827,0.303326229428704,0.300136461889672
9444,0.309058347642936,0.279949595499009,0.292210597592549,0.290784931628959
9445,0.386319951912023,0.383415199357831,0.393742939190992,0.390225413762416
9446,0.242523384879633,0.21679089431672,0.226748549231725,0.224643436801815
9447,0.386276002311018,0.38322302082847,0.385467669266808,0.383128681140587
9448,0.376029697588199,0.36562170476141,0.370051486302153,0.369941624836696
9449,0.440270212774289,0.410219556664677,0.424541735820111,0.421209753566907
9450,0.377120862003328,0.370551028171405,0.37307079166893,0.372777017871813
9451,0.377805094346064,0.377457549846909,0.377549953892924,0.377453922168726
9452,0.372512923294501,0.370589445718913,0.371606637680461,0.371424546336103
9453,0.362155040016766,0.340647531680383,0.352213161374569,0.347395812817173
9454,0.435895837557926,0.40465626457631,0.41789832603908,0.414335964540725
9455,0.417525894833185,0.402303748553244,0.407952802242185,0.40644210400458
9456,0.287225705505262,0.252923356283634,0.256428212599259,0.255121889915734
9457,0.382382923894917,0.379864398482793,0.380797027691802,0.375390603922384
9458,0.217205051217564,0.187847215225972,0.197796891337282,0.196716334352352
9459,0.308734285540897,0.281726198652689,0.294483681088868,0.296111113602678
9460,0.135665441456395,0.106543324389359,0.10938783135712,0.109648442026512
9461,0.344445706521005,0.328859641953227,0.335718283675345,0.332956402034946
9462,0.37811507148554,0.372084022838586,0.378135752067456,0.374768507938588
9463,0.365882138768497,0.337985217124609,0.350829388444863,0.347460368278508
9464,0.24524117915559,0.226306555903894,0.235382949160882,0.233041161208344
9465,0.423530374273939,0.409967027406146,0.414840099031775,0.414732522258257
9466,0.209807282212877,0.181719547016502,0.189084389254253,0.189050633434475
9467,0.374448997924443,0.350414061037024,0.362280319371743,0.359065743831843
9468,0.396993707049753,0.396421699176629,0.398734763369511,0.39842970884992
9469,0.372807201914088,0.37172608999193,0.373799974995835,0.368704172060064
9470,0.374164396589032,0.373319650787327,0.385205950028373,0.380574280155754
9471,0.369767729127526,0.34703654038485,0.362341533769296,0.358032134141382
9472,0.303898843421345,0.295942304693342,0.314784091683443,0.312110646350612
9473,0.375981792327247,0.375336456300549,0.375619397082478,0.375581724339288
9474,0.425439006211587,0.391576729801452,0.407120364161972,0.403151347162708
9475,0.380227112911663,0.347720211196303,0.364270252957621,0.360473844199639
9476,0.385352113315268,0.383490968515539,0.384405032678429,0.384231383810433
9477,0.38442096209315,0.366552349806993,0.382585868161039,0.378391903154121
9478,0.235954019508946,0.218994442548534,0.227501987918413,0.227235906196457
9479,0.288831173875895,0.262318531067165,0.276320393910296,0.273427214011553
9480,0.197789403822772,0.178713974179806,0.178716062625267,0.17871474334941
9481,0.335638705124702,0.323984045556877,0.328850168036439,0.324952175352106
9482,0.382847437097244,0.337853299092061,0.344355283730852,0.34204650175739
9483,0.384199094516691,0.369783622553728,0.374699677055865,0.374631486147319
9484,0.301681827631908,0.280130969252607,0.289807919004055,0.287432413320534
9485,0.398226627851196,0.391252327332062,0.394178329003872,0.393509225871581
9486,0.310466827104374,0.297899237051138,0.301372926366099,0.300775197740025
9487,0.415031446331677,0.380976259715856,0.391477509205085,0.391408784559594
9488,0.367953226455186,0.338173396688312,0.351779374464916,0.34753433126336
9489,0.367583515593423,0.36442281580651,0.370736800638474,0.366443245191946
9490,0.336523743064128,0.326753512473356,0.33307944917409,0.332117830974192
9491,0.332777984319083,0.299000191485453,0.308366847247269,0.308364619887831
9492,0.418650448567595,0.398072532295656,0.404703571487561,0.404184137204544
9493,0.410781828441399,0.375223210414062,0.39140482725787,0.387415337649695
9494,0.375676335363429,0.366595502292625,0.376378266701485,0.373397717540953
9495,0.38837921818478,0.384306672595635,0.390604815628904,0.389972714009679
9496,0.373356730628861,0.3679821199217,0.370517144979199,0.36985152992876
9497,0.359206272816849,0.347382032929455,0.360568783437404,0.35631193524421
9498,0.381543643594771,0.367478220685156,0.37725647221183,0.37206792906338
9499,0.136262838954766,0.105461590559094,0.106659410766185,0.107169326481338
9500,0.378001439077565,0.377171054683586,0.37749977106113,0.377404802788863
9501,0.404644966907375,0.385647915014388,0.391962025577445,0.39014908843143
9502,0.264739126473411,0.236617534767624,0.248952660651395,0.248832720512031
9503,0.384758557347411,0.381225057894055,0.382301881014627,0.381307214807079
9504,0.37857197454593,0.378447583042739,0.378596037771209,0.378541236183254
9505,0.38174942717568,0.381016940371304,0.381374629305453,0.380540989350395
9506,0.377845875910898,0.377818563018764,0.37782763977504,0.377823865933851
9507,0.38489081837481,0.381399964087254,0.383256162552695,0.382505144763819
9508,0.292636936018866,0.262064533119305,0.276122229293927,0.273862473135097
9509,0.401610364742124,0.398500027154989,0.400362577869596,0.398480707977711
9510,0.380438504258922,0.367747801962291,0.373373655476403,0.372290857316861
9511,0.381677625539144,0.360289360911467,0.369974912935727,0.367669943166374
9512,0.37859829189832,0.37804027888571,0.37851587771695,0.378401360430651
9513,0.141206974524762,0.130828040866704,0.133605097674066,0.133075940988154
9514,0.426849494154155,0.397308257273853,0.406309838679037,0.404262336549216
9515,0.306977400479693,0.279325689635725,0.293652830211962,0.293544351672987
9516,0.368138842522694,0.333020443994557,0.347989462299198,0.349445903795711
9517,0.262990786623571,0.234337936653539,0.248209692078431,0.246340929239555
9518,0.325894221640846,0.298243066041727,0.311838038237129,0.30859125204312
9519,0.383440377670444,0.347266139426973,0.357839373121003,0.353470772027394
9520,0.381394448764702,0.379235753365068,0.379696180359711,0.379483058513477
9521,0.381185941223379,0.379921319206076,0.38053724679081,0.380390243809471
9522,0.3761839002855,0.371944475524102,0.385570483413175,0.381605759422016
9523,0.286857145414278,0.271299565259978,0.277263581251781,0.275940315010909
9524,0.381152091090086,0.368938723779319,0.377233044459255,0.372720583003871
9525,0.41187980514668,0.401972166509239,0.406724754159747,0.405425114399356
9526,0.248038302345896,0.216878085624049,0.213862701324696,0.213862584867111
9527,0.387884107566021,0.362292671106169,0.374591891883744,0.371378176854983
9528,0.378017632267959,0.358854874432672,0.373348308150205,0.369037410743431
9529,0.373934742876563,0.367197727979652,0.368754662022125,0.368545360826063
9530,0.344973685230365,0.333444045280011,0.338362556514014,0.337024302485273
9531,0.293602189073447,0.264874450092504,0.278862172936022,0.276381442334417
9532,0.356392596711994,0.320990470724285,0.328461493468411,0.325645570476836
9533,0.377763840675354,0.377423355172414,0.377710178593055,0.377643540850165
9534,0.377198652901665,0.369559321930024,0.372214718508065,0.373371582735777
9535,0.361842782917652,0.346009568589367,0.35467213939198,0.352770674087224
9536,0.267137821999182,0.239531459816168,0.251777723047347,0.249914783118599
9537,0.161476406305165,0.161446286068128,0.161459873184955,0.161459245331129
9538,0.375313149343293,0.372856419930965,0.376155983498837,0.375232401808214
9539,0.378695616159167,0.378630792977541,0.378789563466357,0.378823901171285
9540,0.157908873260654,0.129333831221838,0.134586886891917,0.134217441228646
9541,0.415728993970306,0.390329987840626,0.402432521994959,0.399827033210385
9542,0.364325306745863,0.360291669583141,0.360758964474097,0.358694162364255
9543,0.295407174963319,0.267412060716756,0.278270334033024,0.274638244129101
9544,0.313526779361733,0.279925071314377,0.292685526544433,0.289904164408521
9545,0.335422302338937,0.322483305420018,0.322773162457034,0.32241527747668
9546,0.188388629092583,0.1644360344423,0.16761075013114,0.164330744881938
9547,0.372905327749286,0.354224592156818,0.369499142169735,0.366265092383848
9548,0.298169243430607,0.269001454735889,0.283608008406902,0.280777131743055
9549,0.395106640856385,0.36015036596455,0.375976740612355,0.371909347508245
9550,0.378343737979648,0.369844628244666,0.383132988779596,0.379547181663955
9551,0.137083483906757,0.10701632282036,0.109240233654871,0.109675102902595
9552,0.35390714573383,0.351218498555505,0.351671748759118,0.351710180640559
9553,0.375050274855877,0.372771368319879,0.376423022694804,0.375008937428219
9554,0.230621409583541,0.209619009475817,0.225099487128382,0.223768007341553
9555,0.28065595123558,0.248564689970949,0.259689797800738,0.257242261235082
9556,0.302424120872297,0.279103500135696,0.278796649050782,0.278702231576016
9557,0.351880516190304,0.335435778506505,0.335840647034119,0.335602372539418
9558,0.331346631439898,0.325586446107352,0.326295704393223,0.32612499375472
9559,0.376550096460573,0.370174794484521,0.37225452158544,0.371787012363401
9560,0.408104398199536,0.375702572614038,0.38581777968843,0.385267726585779
9561,0.378712556592508,0.376777308217815,0.377421454283334,0.377423599038956
9562,0.421397256518374,0.394372046804804,0.406516875051968,0.403235275412837
9563,0.336165638244717,0.300653986742372,0.306842575247706,0.304705501234529
9564,0.313500768269942,0.2826012325079,0.29642135528008,0.293275124637138
9565,0.29262710319182,0.263441017172192,0.27201629451526,0.271768158846765
9566,0.373449752541754,0.371738636674913,0.372643695959592,0.372329471591244
9567,0.253837947947549,0.224704315881804,0.229051606007218,0.227239923330667
9568,0.377940850517855,0.37748117993249,0.377691718095202,0.377625516419185
9569,0.459773935373704,0.425026785626376,0.440930318348235,0.436270889436569
9570,0.128588775151178,0.0975830114612232,0.10007631307938,0.0994810454391813
9571,0.124340755465751,0.090084560304393,0.0882661791974239,0.088481907482006
9572,0.349846987206755,0.3447517163376,0.349248140517634,0.347411261246325
9573,0.413522719513484,0.378727211584088,0.393906845925174,0.389849977798186
9574,0.191861952520047,0.16918865859083,0.179922561599067,0.179290691437012
9575,0.416049922819086,0.402516472790728,0.408555189662041,0.405596298689981
9576,0.384560094175172,0.367209668287872,0.379370777916789,0.378057982391388
9577,0.381820909726934,0.347782329424444,0.364189388441696,0.36028169182472
9578,0.253757303281177,0.225392751020986,0.236944763774492,0.235173761349877
9579,0.40206343432869,0.386288305496691,0.392984689656977,0.392982923906135
9580,0.412944988964062,0.379595430422988,0.394254695540909,0.390544364169867
9581,0.410726821829802,0.388657164962083,0.398181102029917,0.395700782083452
9582,0.383743709273742,0.373451192733613,0.3858411906454,0.381525401399574
9583,0.392925947339107,0.361949097636208,0.3756751153698,0.372037878060879
9584,0.219789790719645,0.210149130065377,0.21019811434324,0.21005224329353
9585,0.423510195201203,0.413579087014415,0.41453127296457,0.414673287653016
9586,0.263408735967526,0.238239433322441,0.251409783928433,0.248858478497003
9587,0.370997420962936,0.36854372649639,0.370867238355873,0.370612972207854
9588,0.317428019450016,0.293336440423889,0.303754607020387,0.30096459124271
9589,0.367088245302848,0.326965214267301,0.341220149562643,0.339004902879894
9590,0.230773323869538,0.20467647557333,0.215593124919014,0.213698032331906
9591,0.372302903812952,0.354594579871061,0.362834670035043,0.360572379054758
9592,0.388857615030932,0.385052656574373,0.385107213588645,0.385067997671612
9593,0.379091295593006,0.375094520646069,0.376934437500011,0.376774961457605
9594,0.267766762318909,0.249555673098597,0.25587009512898,0.254408273981731
9595,0.413710083965745,0.384060321016859,0.394889510738358,0.393417361819065
9596,0.377385548874489,0.370252940969058,0.375234714148268,0.375141530834102
9597,0.355477608239842,0.344101463449078,0.350950025803329,0.349708500890378
9598,0.444395051607853,0.406159975246163,0.423433079529309,0.419073620771631
9599,0.379192931579818,0.37552179975246,0.377255730566238,0.376799984523432
9600,0.397701532437041,0.36980394267985,0.370159523988723,0.370111314201597
9601,0.393033927896924,0.37716513577167,0.380439583187069,0.380646215596948
9602,0.276424250471728,0.241735862556338,0.23956382233499,0.239559124721347
9603,0.285274981429899,0.257105575493738,0.270901482669146,0.268302668011193
9604,0.215637476114765,0.189138905202513,0.19915103692165,0.197247226418005
9605,0.385817204296744,0.382334551192605,0.383091948895665,0.382020740668645
9606,0.373267504953006,0.349461506924271,0.357959884998243,0.355890709936969
9607,0.38693849463828,0.36747020416228,0.38006359737916,0.374859781826691
9608,0.270947596279273,0.263548764375752,0.270159601025231,0.268445257030079
9609,0.336840165981973,0.330935442484613,0.332963033684711,0.332152314210506
9610,0.37759797107758,0.376429213826466,0.377068914754763,0.376906555351301
9611,0.2687151459624,0.238543171147396,0.251468101817374,0.251078587582095
9612,0.275915836577013,0.273401053470822,0.275478327825789,0.275510700196435
9613,0.384211311906595,0.380872117830186,0.381047582329515,0.379898879981666
9614,0.376383231567701,0.328127119158694,0.343507354284652,0.339918440932939
9615,0.393985958098367,0.361812592961383,0.374174430601283,0.370579501531776
9616,0.226370256852951,0.196112972327645,0.205939889162966,0.205941635026066
9617,0.370244698605858,0.340852350254632,0.341031010080192,0.340722043815762
9618,0.43054168646506,0.409541734233371,0.41892483735265,0.416537952375402
9619,0.275843216864397,0.24530254645007,0.257561833144392,0.255577224660044
9620,0.162243741070973,0.135561802274813,0.132942637139226,0.132866872064661
9621,0.376870807353425,0.369743288239085,0.385793154219639,0.380423540745362
9622,0.37939017310702,0.373790868194737,0.375458680877581,0.375310976715602
9623,0.377837915617366,0.377607362700333,0.377645230331666,0.377565939891911
9624,0.383321652853744,0.34234229469245,0.358135693150744,0.354124943371314
9625,0.428757168440674,0.426828771988409,0.427589352064174,0.427345026838382
9626,0.406810258878191,0.37511949597794,0.3904925545498,0.389412165429138
9627,0.384761572817612,0.380801142284952,0.382277363502161,0.382012030097697
9628,0.385291209473893,0.38217464253004,0.384363600675886,0.383748532172493
9629,0.366502822619347,0.351475925935773,0.358060835125633,0.356671159119396
9630,0.240367206494955,0.226586971266778,0.227790591915852,0.227774196691021
9631,0.276541759459189,0.250260294302102,0.259744867443586,0.257316321745938
9632,0.312594439900482,0.2928832131139,0.302009892529653,0.299524006445718
9633,0.35229059460612,0.320734626181214,0.327021304718052,0.326480565749584
9634,0.368579648743777,0.366080111478791,0.369878510685229,0.363307590210793
9635,0.320200612214042,0.287011081491699,0.299821294189565,0.299811242136805
9636,0.153160286950474,0.153149655122973,0.153203625390621,0.153190512632359
9637,0.421827503717485,0.402133949738694,0.402143121537572,0.402138232593251
9638,0.381012416563034,0.36823948191535,0.373947722869819,0.37260635274132
9639,0.377398193115286,0.377113150764237,0.377365927539633,0.377321596689925
9640,0.131774059245052,0.105395192765485,0.106738602561122,0.106665445667616
9641,0.329794372781349,0.307364063122519,0.31779861141302,0.315694817987872
9642,0.281349250567091,0.260961460472902,0.269555848253099,0.267107614004186
9643,0.277623729774147,0.262592496961657,0.263053176809697,0.263047859775021
9644,0.42910589304258,0.397404139558183,0.411818939148147,0.407999540994612
9645,0.148396843344967,0.120949151207631,0.124964647035813,0.123362414816612
9646,0.308152075543233,0.277951482180946,0.292639487013779,0.289814590382289
9647,0.380380796601885,0.377858125086443,0.38017634052199,0.375531037724561
9648,0.368235695927473,0.33566013908225,0.352606287791281,0.350880522724393
9649,0.390721616743332,0.378356275886496,0.386815385884667,0.381865178092076
9650,0.378882939457542,0.369520609501208,0.373213384650147,0.373153801476792
9651,0.388737127204353,0.380998815440696,0.39603292542745,0.392599585733227
9652,0.3755046042779,0.351721017731358,0.364614752079479,0.360826438175775
9653,0.354166573744086,0.332188912615205,0.345756703763074,0.341693874454395
9654,0.321631557508693,0.304306989074515,0.312003945299056,0.311831516367396
9655,0.395378784509985,0.360291746146594,0.376438264511637,0.372461604136642
9656,0.279146288932996,0.276728194457187,0.277045584122234,0.276407347452414
9657,0.31989690669927,0.308376579803275,0.30984091272282,0.309617690749897
9658,0.379375464302245,0.375815275617515,0.377179369903246,0.375937792855421
9659,0.38165857263404,0.380912601622007,0.381225739835759,0.377475791076057
9660,0.381787524741764,0.378761513340618,0.379431454372238,0.375139091364453
9661,0.272189941138162,0.258484639248883,0.263951655260945,0.261005702110172
9662,0.377676324696413,0.37036055907894,0.383355060792087,0.378942218939687
9663,0.185662037777766,0.161212970991453,0.168499713525809,0.166664353833412
9664,0.377926674345561,0.370918887231985,0.388175821884522,0.384176064253175
9665,0.36092596353317,0.342410455425029,0.348679288628623,0.346365399946842
9666,0.195377254709899,0.168503014363929,0.177164256734166,0.175935376465146
9667,0.343502143724495,0.324183685153638,0.333801196684179,0.331189810341538
9668,0.348687104852554,0.334661162969315,0.340844442208183,0.339007274671272
9669,0.253258914344615,0.231766252385476,0.236882690949901,0.233370039679941
9670,0.345082098779492,0.307839937623891,0.322398052842954,0.319126262529267
9671,0.387535070642975,0.384172409114723,0.385341096218833,0.384734247917619
9672,0.388227168992592,0.372904589650612,0.379897355204723,0.377830366289102
9673,0.392182912865958,0.362431403496272,0.374274420786567,0.373785675127116
9674,0.424736713662935,0.382804432058685,0.395106071477896,0.394518916145493
9675,0.360728069576603,0.355719972317608,0.360691372825067,0.356627202269938
9676,0.529031167839994,0.486545634786453,0.504179826406522,0.498823251361387
9677,0.275115242495637,0.244032676589699,0.256677494392128,0.254406696189266
9678,0.386695085632969,0.378283561072934,0.382132406156771,0.381140353339259
9679,0.354683896050785,0.34893228154527,0.353163513676492,0.352195679519623
9680,0.331202698489423,0.302522279727181,0.317238871180931,0.31393460935455
9681,0.30634556472081,0.272144042946628,0.281550571066412,0.281949789204245
9682,0.304611735572522,0.273763738915858,0.288214564936794,0.285350797919808
9683,0.211872113140631,0.183097410232605,0.192483320067947,0.19121968636331
9684,0.364701865326258,0.346319497407717,0.354388319405002,0.347333019138668
9685,0.123298037416547,0.0910983883161242,0.0908394927772836,0.0912743670848288
9686,0.376588422768776,0.376302415194576,0.378605782977165,0.375528149598356
9687,0.376593598694469,0.37668392470096,0.391577880606657,0.388018960647514
9688,0.331051830740147,0.307926569021918,0.316034268914579,0.313759808701258
9689,0.151468086316653,0.142843798921848,0.151362628156628,0.149948872662463
9690,0.184819948209003,0.162769530276522,0.170002142299559,0.168243877340344
9691,0.307757384892422,0.276676811746459,0.290299448081528,0.287439705971018
9692,0.378135764073362,0.369765572752554,0.374265136163818,0.37302615249465
9693,0.373505581065853,0.372951105280731,0.37325176641424,0.37328808710395
9694,0.380401230319323,0.377981324700313,0.378573770905972,0.378053692785862
9695,0.379455253975587,0.374941474894643,0.392743928688579,0.389756591788401
9696,0.402236239836907,0.378025982171434,0.38553829248722,0.381814981963195
9697,0.37574742756219,0.374163203251021,0.376465031153913,0.369634397378056
9698,0.342767998940317,0.329797117059975,0.337705768860966,0.335499787942519
9699,0.425701466954416,0.40973673465448,0.415303230449239,0.41384281145195
9700,0.194614432709374,0.17250918405075,0.181795203604659,0.180743781279399
9701,0.356026634949304,0.322530301654031,0.335235531256271,0.331805617130817
9702,0.323040441400126,0.3049285036085,0.313072006421348,0.310708931563299
9703,0.39036303812935,0.384329267783002,0.386983444662405,0.38603642461853
9704,0.39784892552586,0.36415491998119,0.379636269518284,0.374937187604987
9705,0.154564788485744,0.125552578664189,0.1303444313357,0.130391478827244
9706,0.192295440923292,0.165242711535813,0.172835696844379,0.171642404617257
9707,0.363938814399191,0.340361031181414,0.353593123039705,0.353430850352098
9708,0.300165449155603,0.281743607963282,0.290102268025427,0.287798432046062
9709,0.335396098918047,0.333664229367708,0.335314085364796,0.327446170274476
9710,0.46069064468145,0.433123289088044,0.437669288595437,0.436809043214245
9711,0.395119895823478,0.387357856272772,0.390647099571258,0.389813480236428
9712,0.290899538099604,0.273030940124503,0.276449868509833,0.276033541039455
9713,0.372087128636882,0.369434611766732,0.370554147537657,0.370233348349235
9714,0.389377140976006,0.38549293770932,0.386805887290347,0.386012582671038
9715,0.29757982421207,0.270027090755368,0.278118922710661,0.276175800753265
9716,0.361230965266073,0.355420434213563,0.357500535080806,0.357054442922956
9717,0.31157780547099,0.286199747809781,0.297666451627489,0.29471585105257
9718,0.373666279462523,0.340967750291295,0.35846459790715,0.354902622326797
9719,0.332022205919163,0.30258768654139,0.31728350789562,0.314057469565968
9720,0.393004767194247,0.388435459712286,0.391078204230446,0.382805247391238
9721,0.124124763051123,0.093077066805051,0.0956988127609671,0.0972225311969727
9722,0.391290168426774,0.352402874034832,0.368860890379938,0.36525211084019
9723,0.331993007393523,0.299266291444017,0.313710597768436,0.310437098596025
9724,0.384225431532357,0.381283310668202,0.381329374067313,0.381207947732424
9725,0.428694388271173,0.401176640126128,0.411000795124465,0.408760727427326
9726,0.379568677518128,0.374441082150682,0.376328104626929,0.375592324526317
9727,0.375599062883952,0.342875239736664,0.357777239681203,0.354098513552125
9728,0.362442639988135,0.344423992691523,0.353972414099236,0.35061896890645
9729,0.361325605780238,0.360661861787358,0.3627417968453,0.362217050070803
9730,0.376227756019561,0.327893891383168,0.343258881520871,0.339629646207414
9731,0.377772067664365,0.375310450586294,0.376483039265178,0.376098867259093
9732,0.232482124958355,0.203801550224379,0.215130068432284,0.213847538784506
9733,0.366836121948526,0.332286118695946,0.342707899022349,0.34269606228089
9734,0.378566480288588,0.372504867252248,0.372850484004033,0.372831867309138
9735,0.250658022521099,0.227647270856639,0.238592562323175,0.23606292479493
9736,0.384264419718612,0.37826009185115,0.382145708066302,0.38119260926374
9737,0.309730722533655,0.29351482949103,0.294643084465318,0.29409945869165
9738,0.236966048821324,0.2104671463632,0.216526403186539,0.214874584496822
9739,0.241521776082163,0.215933031431509,0.223363361057509,0.221814754836439
9740,0.368932723419526,0.36470718989361,0.366826619668396,0.366265013308327
9741,0.455755566498047,0.433767506726853,0.444466229143391,0.440858484673389
9742,0.406911270848834,0.370974185456155,0.387289152958288,0.383217771196515
9743,0.34907210543951,0.344102382041707,0.345866172468077,0.345787702258741
9744,0.360891515221955,0.326734279023148,0.342183485802446,0.338585688054837
9745,0.419214639460904,0.404093247449538,0.4110494019244,0.411182415710139
9746,0.314780707937083,0.285806826985129,0.292903135912145,0.290120462752877
9747,0.492769111609232,0.46482584890571,0.480286956927169,0.477661866278814
9748,0.374367276296399,0.371531299387137,0.372777684623901,0.372301963932129
9749,0.451430084354393,0.426547251147145,0.442995105749303,0.441814579371071
9750,0.206066094358892,0.177962934377702,0.18713088077379,0.185972109476444
9751,0.307109516904798,0.284991159245282,0.296438156722073,0.294710564499223
9752,0.377889343880343,0.342553862242083,0.357661190505754,0.357687644200874
9753,0.371886896097516,0.36938182587346,0.370179967503814,0.369988734688066
9754,0.425443402147953,0.414920919238541,0.418659758652128,0.418071786207976
9755,0.379710196034157,0.378208410161848,0.380389288599602,0.379024282859811
9756,0.377840549972476,0.377810793686103,0.377836359682503,0.375950244934077
9757,0.385825273898491,0.381344053024081,0.382282786059994,0.382009058912806
9758,0.37892889689451,0.370678640580769,0.374623123085188,0.373606493998311
9759,0.246406820632861,0.222821773148969,0.23135970668443,0.231781483343769
9760,0.461841268625289,0.445540241077517,0.447708794653026,0.446538493198802
9761,0.377916767485121,0.36032201431018,0.365774601189511,0.364192536917675
9762,0.332279931552779,0.315768519690989,0.316007028822806,0.311931388586939
9763,0.337231090846504,0.333588992736034,0.334008186107792,0.333858667012262
9764,0.398008494144134,0.384671949115626,0.390279427135654,0.38881248371076
9765,0.262491463014234,0.230273733145691,0.241927712084561,0.239859081543028
9766,0.173576563799138,0.14260041153479,0.148202633293597,0.147853612980405
9767,0.308816519772401,0.276080443106465,0.285954000955203,0.283302246361678
9768,0.260820400564847,0.23536329256546,0.246393460187559,0.246372311544939
9769,0.370510447771553,0.368968665531747,0.385567341513433,0.382403941913879
9770,0.333895133573374,0.299970194117785,0.315039028398282,0.31188047755392
9771,0.40121997294855,0.393316138686068,0.393353868944362,0.393332932114972
9772,0.328726156551703,0.303357981675003,0.315384511056433,0.312004938959948
9773,0.373378248868062,0.360845243449977,0.365066678922024,0.364189805019538
9774,0.387137033506907,0.384590039245004,0.385710770582874,0.385519692984361
9775,0.139129334980095,0.115505709503531,0.114177365678406,0.113980273987625
9776,0.380873371343999,0.343121058437674,0.35792500363695,0.354205973168055
9777,0.337859829205561,0.316783431875997,0.321660679478028,0.321633180458009
9778,0.387641651209505,0.370459425854466,0.377798260086482,0.375881373241478
9779,0.148949640521108,0.148646721900914,0.14881946171893,0.148696440911995
9780,0.378178070637072,0.355308593911451,0.365342115209782,0.362690956512852
9781,0.376741262893488,0.374358600598812,0.37971701256507,0.377833431136585
9782,0.320496825232008,0.296991547545663,0.304544726868049,0.302105423146711
9783,0.380367923549017,0.378244576562833,0.382381888047316,0.381982784467558
9784,0.33668769775865,0.32205691629363,0.328611852717289,0.326835832118647
9785,0.413192528137253,0.387635488412035,0.394043866369667,0.393935854092938
9786,0.378201366761357,0.377479317564025,0.376858669956749,0.370978346940311
9787,0.376239362130381,0.372105602953783,0.372555777254327,0.372491824136518
9788,0.378354927154089,0.368605839491496,0.384790184825599,0.380480951266793
9789,0.374314752489058,0.373317572429704,0.374052248385847,0.373939042486387
9790,0.367950905094914,0.363095808084546,0.365563657289251,0.364059658182343
9791,0.348060548583363,0.314351443220573,0.313686940405976,0.313545981647158
9792,0.390067694081838,0.374634281488762,0.381604376793406,0.379453359436569
9793,0.380660470917033,0.377710492082306,0.378526141461907,0.374434419347575
9794,0.340302437628128,0.31850012287458,0.325066016789357,0.322973738366938
9795,0.356363819294045,0.354127046436462,0.35437758709189,0.35403811774343
9796,0.275675367551003,0.258356524716032,0.258652804416293,0.258294796564238
9797,0.376649837874791,0.372389548464515,0.372764086341926,0.373024684088574
9798,0.337164288095264,0.31924991688367,0.322770496664074,0.321735693282959
9799,0.42003241692909,0.418254357489404,0.418580724595172,0.41853289945019
9800,0.371334453676004,0.35671269884248,0.363464019806324,0.361155573210821
9801,0.354411485276191,0.346343589338788,0.35110627155002,0.34995321572347
9802,0.377810567094409,0.377516734165898,0.377636135536661,0.3775986868196
9803,0.314370906418942,0.292955772349964,0.299795229027893,0.29845803423087
9804,0.317248394703523,0.285075545851429,0.299359540601728,0.29637796879626
9805,0.378554669691714,0.351876864655808,0.368119543653631,0.364140935257715
9806,0.335685802718214,0.334440993263031,0.336387331721129,0.335006304103622
9807,0.344772495922031,0.327559051382826,0.33590031046232,0.332474320352862
9808,0.294146372373418,0.272861237983563,0.284551463370018,0.281152469218781
9809,0.163962540120061,0.139438269491256,0.144579751102243,0.143193196672891
9810,0.413936799172244,0.396103667207082,0.404097916335291,0.401937798885084
9811,0.36519666116867,0.341972079976219,0.35180148013816,0.350908761035794
9812,0.225076975205845,0.19432704202428,0.204105554919778,0.202900375764341
9813,0.376352297629972,0.373497174988123,0.374744178023112,0.374316652059049
9814,0.368902637886751,0.353182394935973,0.369088122531936,0.36545262235877
9815,0.468701206442293,0.440387797641292,0.454613517413712,0.449497889858817
9816,0.228489810804137,0.211598648063222,0.216067274650423,0.212756599815809
9817,0.367216368665279,0.335660536636534,0.343998619086292,0.339828157594439
9818,0.404060851377987,0.403036928392995,0.403524425685261,0.403440500597043
9819,0.43797964243276,0.408606457658158,0.422038391109173,0.417563479749161
9820,0.40331366660545,0.394464563257886,0.400450797375554,0.398752133390695
9821,0.243524202101759,0.219505204448172,0.230527845304145,0.228049274442781
9822,0.181240133867647,0.15010663286865,0.156295741189196,0.157505210956511
9823,0.383568325355657,0.376759376858908,0.379817771325728,0.378995593683429
9824,0.282526190341767,0.263274457305262,0.272225300727976,0.269732711676028
9825,0.408213838641483,0.377467423548608,0.378018427581245,0.377980986507475
9826,0.359841112277951,0.334258767296989,0.344266189848486,0.341571865692383
9827,0.370377329471467,0.35597473933016,0.358284824865498,0.35809429417453
9828,0.273698696751682,0.26265056219573,0.265513409072706,0.26376236106307
9829,0.415381812653301,0.393362044303806,0.401939719012792,0.399144402585428
9830,0.37322766217603,0.370265786028712,0.371721050856296,0.371453307691776
9831,0.332307318942375,0.306473530439522,0.318179622538985,0.315245928665709
9832,0.471994547745811,0.440780728861347,0.454633362965647,0.450735342125613
9833,0.26333964463314,0.250675847723462,0.256333659946608,0.254852829145349
9834,0.276673795850946,0.2452431840228,0.245245770046862,0.2450846290083
9835,0.37887682097762,0.363438773920524,0.37865447055334,0.374689460939868
9836,0.379695893637004,0.377967349563037,0.381303961534412,0.381289413438784
9837,0.319504983856757,0.290520895344185,0.303786858825325,0.300159001908449
9838,0.259499382731904,0.232856290189726,0.244361566623356,0.241825527415028
9839,0.412106576975755,0.406703837435453,0.407460132076649,0.407904764243544
9840,0.240695509741472,0.220750878320609,0.225851019644297,0.226205782468273
9841,0.132567574529184,0.103433981541489,0.106360701459047,0.10748564251418
9842,0.413008421630767,0.379719756771475,0.397457183357049,0.398157647769185
9843,0.377912451661628,0.362572723556637,0.363047841189969,0.36294991303358
9844,0.377875855282142,0.377631998521144,0.377791616712739,0.37765597541548
9845,0.330273071311176,0.296766359057223,0.310992006345662,0.307732439254317
9846,0.396461400742484,0.382651957023103,0.388600151997581,0.387022848637819
9847,0.351346464287086,0.336126843028921,0.34312888907619,0.339560805627002
9848,0.378514993505187,0.373823105617856,0.376506299815928,0.37777383104352
9849,0.372117482050607,0.361635990227579,0.367213496820941,0.366693828476114
9850,0.217759958959396,0.196780175695985,0.200324310593687,0.19997057882963
9851,0.266951947373471,0.24238841632618,0.25426902864071,0.253298977165906
9852,0.376168339845857,0.373816823910285,0.393345701324389,0.389146910588366
9853,0.387199478946451,0.382991832966161,0.386368531423019,0.384185066261644
9854,0.25059785413078,0.24798898580689,0.255635889260411,0.253265964883723
9855,0.360882798817133,0.352732086250962,0.359419707300414,0.358054044613455
9856,0.31842818235529,0.300676069957209,0.30867739931518,0.306740884069323
9857,0.380623357606742,0.377755726476564,0.379750089004055,0.379422716531288
9858,0.298000280174057,0.273563383040118,0.284434905518217,0.280474951347958
9859,0.424911306010209,0.387682004569985,0.403518503816987,0.401242707689694
9860,0.383426512429654,0.363265590053752,0.376560706916911,0.37263140211999
9861,0.368082915925895,0.343056250361322,0.35500471254601,0.351529646525571
9862,0.375214898326878,0.359961300424612,0.360103338059775,0.360172394142104
9863,0.315807589111914,0.294222348038831,0.302912469658537,0.300577236027646
9864,0.300677025420402,0.272504329366913,0.284721753752664,0.281724102259302
9865,0.273910861048089,0.262513569873355,0.263763584825612,0.263724627191521
9866,0.339060301469251,0.314934976498503,0.325211673325642,0.323222688276956
9867,0.359063280589901,0.329898487016736,0.345196264619688,0.34128535288198
9868,0.120238659275283,0.0885333680497305,0.0861666505749109,0.0855169131856068
9869,0.355496424564373,0.342170155373558,0.356381858371886,0.352186473570156
9870,0.346029136073568,0.330715453148606,0.33695349684654,0.335453780493939
9871,0.360061969868217,0.335348821285142,0.347878808517861,0.343986564244031
9872,0.11070500925998,0.0759176696257979,0.0719335522677108,0.0715796391365966
9873,0.403612846593125,0.368522087516997,0.368587508839133,0.368233610856571
9874,0.366510328979267,0.331892905619001,0.345668874409957,0.342596412492674
9875,0.275241365262395,0.250616965602043,0.266368427807917,0.264238236845303
9876,0.379268092934298,0.378262269004771,0.382033913405178,0.380942124638921
9877,0.323212573114776,0.313633188058892,0.319634526181562,0.318423576739671
9878,0.376215417070091,0.370804288943339,0.38072047637759,0.377413472924279
9879,0.47700993180514,0.441130058635825,0.457356057036262,0.453328704274703
9880,0.474476025548189,0.432873968137993,0.450055005665857,0.449313567403479
9881,0.214396872398769,0.188005916299887,0.199608135451729,0.198551596695347
9882,0.352914863279623,0.351495990252012,0.35194418109778,0.351442233664296
9883,0.179909633477211,0.164844447563855,0.170969426855131,0.171148651394877
9884,0.15202213613089,0.132192919960341,0.140596216671159,0.138971132175041
9885,0.395713867671898,0.375349422196763,0.384461988632577,0.38603910075055
9886,0.376388531781365,0.371713318394707,0.373976725314362,0.373206002770317
9887,0.178339541286875,0.151094490169214,0.158808898254008,0.158021821829224
9888,0.141495959694304,0.111575863068612,0.113273503517518,0.113199899008824
9889,0.392920310814194,0.373409412741368,0.382209129877585,0.379848663876222
9890,0.376869057384974,0.3524553931279,0.358399595195635,0.353450028860961
9891,0.400299059015556,0.394647640450454,0.400024808656422,0.397088628869737
9892,0.376935980618735,0.376338320699556,0.376910530685886,0.376848267268762
9893,0.244070593831452,0.214746442679617,0.226530815345982,0.225192746008452
9894,0.40054264838652,0.392961044091322,0.393118992183398,0.393124868113185
9895,0.379367325591215,0.378312877669099,0.378469885994059,0.378171360645017
9896,0.0975677189167088,0.0898691309784876,0.0900825291826394,0.0900339413679679
9897,0.467998769290226,0.461849611225711,0.464242567224437,0.463623784054227
9898,0.441607532635461,0.400415511049553,0.417291113955942,0.414174080544057
9899,0.367700287579365,0.345200614430747,0.351551506094621,0.348687917997832
9900,0.378610310491273,0.362607727982225,0.377060598672392,0.373734896344862
9901,0.373281448506862,0.370424102024488,0.371166993807417,0.370958303126157
9902,0.361642803108937,0.345886884671231,0.353703963587854,0.350718605504868
9903,0.365230621730984,0.361369220481205,0.364961100709668,0.362792280170537
9904,0.379290954413821,0.376929962441868,0.378072448631737,0.377586026409287
9905,0.382918382331998,0.382225257600285,0.383674564278995,0.382770660087338
9906,0.373985887791121,0.372317953135993,0.373020488720844,0.372920585960138
9907,0.258404537945155,0.230488372967995,0.241693945044236,0.24114791864576
9908,0.365848996952445,0.342400715383158,0.352304899102383,0.350006812531501
9909,0.131554198549687,0.104032463329241,0.105378810784187,0.104469852043429
9910,0.366651518027141,0.362289929651638,0.377633307281199,0.373695264525879
9911,0.386023443846706,0.376726141553155,0.38234881166387,0.377571927125925
9912,0.377839815194194,0.377834224999318,0.377836249703794,0.374392120060829
9913,0.397818348958601,0.380231665701903,0.388564396619757,0.382522855218486
9914,0.378591780498708,0.378126728805286,0.37830738099337,0.378265560539937
9915,0.378035220565463,0.377961317325221,0.378294744673516,0.378188583111607
9916,0.377949669227715,0.335630119867503,0.351221617973137,0.347423347138354
9917,0.233967958016803,0.20412554943046,0.21456410774211,0.212930751748419
9918,0.363550303840218,0.352889254221336,0.35676939491461,0.3587330012698
9919,0.405059937532586,0.39296622466386,0.398659921165019,0.397802787586871
9920,0.371436683838445,0.369695128149703,0.370569720601167,0.370293266516709
9921,0.38627375356418,0.37257296445733,0.373512584611857,0.373554858288787
9922,0.296295833436676,0.270646964227592,0.281574501243595,0.278973448857001
9923,0.377426233476267,0.377004809709748,0.378693212280602,0.378165094539337
9924,0.40407460679238,0.394666611984383,0.398526780382431,0.397426697459573
9925,0.382424920443513,0.375387852894221,0.378245158302166,0.377803283964582
9926,0.356118053337674,0.348725363192766,0.356867254204764,0.35498527734635
9927,0.3789286138735,0.373806124966404,0.381258776702774,0.376454487383589
9928,0.241565710694546,0.218638004836702,0.219576761064319,0.219273656276329
9929,0.379965677609318,0.377523550595922,0.378930409777762,0.378664130201851
9930,0.367546781834816,0.36406057175254,0.369909352224296,0.365588536021774
9931,0.354893442732283,0.338899821255815,0.346359547252031,0.344424020495292
9932,0.212179000149104,0.209533482890609,0.210687586846041,0.210574186845813
9933,0.34590267525515,0.345422551756605,0.350901708154262,0.346231783267889
9934,0.243033950722074,0.241884940049366,0.242208847583132,0.242002566620937
9935,0.404099434132131,0.363309076677814,0.377398486258677,0.376229464234945
9936,0.45165912702706,0.420630899667973,0.436898835547847,0.432033269706568
9937,0.286609987437434,0.26810183493404,0.268531626331361,0.268214467061282
9938,0.370724714275693,0.365845796418729,0.36863375142919,0.36535762619921
9939,0.358589479829475,0.338159967972399,0.344839177655591,0.342727913881851
9940,0.184167620241873,0.169104720286006,0.17657924218615,0.174834332942251
9941,0.341972203004121,0.340763510074457,0.358701249286286,0.354720447906455
9942,0.16566047568681,0.137859086430676,0.143587623567023,0.143156040866565
9943,0.435685679594541,0.409206230959462,0.426204741945227,0.422347643261934
9944,0.3277291657108,0.307195672915747,0.316709436040871,0.314317837591239
9945,0.248842041671098,0.220078500253148,0.232694699978667,0.231640655471968
9946,0.373170451511245,0.36626133148958,0.371009252942739,0.3706850406941
9947,0.381916194416089,0.377637648433402,0.380592982298044,0.37756204143688
9948,0.376762889695421,0.373795161815728,0.37589008379939,0.375187103236251
9949,0.232128804595844,0.205652890352882,0.217118117465179,0.215554506334304
9950,0.398575018993574,0.376063837272285,0.390774542692348,0.386683755210258
9951,0.384016196993193,0.381849483973741,0.382841053340192,0.382544768130417
9952,0.369567683719443,0.359677650711717,0.36471685519007,0.3610594272672
9953,0.380278657563286,0.378460360551769,0.379342840947266,0.379181166438132
9954,0.307378459701686,0.281655549270055,0.293274157969784,0.290320833268251
9955,0.37686700046424,0.357624320048295,0.36550718382763,0.363391323927179
9956,0.256703390349248,0.228216951415827,0.238067031016829,0.235658515525769
9957,0.323569276921922,0.32266849147869,0.323792164786891,0.324069009431198
9958,0.347312343736151,0.327536730915905,0.328844106251289,0.327986523626394
9959,0.352770767282344,0.351176025387281,0.351958082042147,0.351665670297963
9960,0.335212013905363,0.302747665190064,0.317710796675636,0.31736033294037
9961,0.346180155814413,0.31870181816994,0.331237768058926,0.327987912313954
9962,0.378397416312678,0.356294487100166,0.372762834777303,0.368820812238998
9963,0.372180087636905,0.353279049385269,0.364728839947843,0.359390095050381
9964,0.355775593280809,0.335264811120296,0.343867198481388,0.34119426252377
9965,0.358984522401185,0.339506069289141,0.339995783017742,0.33958154090548
9966,0.351855295092947,0.319878655241558,0.334007705297409,0.330134068032078
9967,0.402975599756377,0.376944652763128,0.390023787964978,0.385022533745687
9968,0.405483461330726,0.388003326936734,0.391195477733888,0.39029311706462
9969,0.367252146312931,0.351025184823277,0.360418215690857,0.356511225732731
9970,0.413498417544118,0.397335456086971,0.406137326866366,0.403302625309597
9971,0.17532399841023,0.145016822921204,0.151087529783356,0.150955494578227
9972,0.14840648456998,0.122775410732978,0.128019836677497,0.128056230482269
9973,0.375605904045966,0.374116138090758,0.374837721098829,0.374673630375302
9974,0.436813450525921,0.412866436754232,0.423702123590561,0.41841544171422
9975,0.376532867608444,0.375616726015128,0.380629150251493,0.379226700281604
9976,0.185538006514178,0.158777775454021,0.166963118696315,0.167160824850735
9977,0.428096930021847,0.42804890977117,0.428122301092424,0.428058623883858
9978,0.461739909660162,0.42697335785878,0.439075361653982,0.439225539725153
9979,0.375916552181398,0.374867874396486,0.375541661302861,0.375398950970822
9980,0.425265256731972,0.401518378985921,0.410708340167604,0.406455447146604
9981,0.428451918615006,0.394703729340925,0.411451420814325,0.408419440600349
9982,0.34580482077717,0.314239802782511,0.33031039780585,0.326752136617256
9983,0.344059279955123,0.316260455819678,0.333508028991607,0.330363229605154
9984,0.295765110784179,0.272887716026019,0.277352891303768,0.276937884788609
9985,0.410234962563429,0.37750890374449,0.392284794397981,0.38849360647387
9986,0.377368361906979,0.377099352554567,0.377280550131974,0.377249497770705
9987,0.266334562986894,0.245286138562038,0.246058033933292,0.241581616780199
9988,0.381297520739368,0.355304954191395,0.369173964373621,0.36542843218672
9989,0.370134887592766,0.36878982702863,0.370178397754903,0.366074836192702
9990,0.300233675590248,0.276315183164976,0.286996146176408,0.285186216526232
9991,0.37810825061842,0.351711147753815,0.362472600682005,0.360731601348719
9992,0.141871273687908,0.112976160966823,0.116602071329889,0.116117153802452
9993,0.362709538243881,0.329642472679459,0.344823296085679,0.341201615005382
9994,0.373919859306756,0.365037543341788,0.383304307125741,0.379494869811317
9995,0.412683109698685,0.375634466480852,0.392564283715621,0.388431411824254
9996,0.368089682356645,0.356310480089003,0.361514488333463,0.360166698152105
9997,0.387910610739652,0.373725290128785,0.380728633186885,0.378861494747307
9998,0.381046782654277,0.37990486659055,0.380160580213378,0.380128370332953
9999,0.195809442993301,0.177694788179699,0.185560797300462,0.183537559409357
10000,0.393708694739103,0.38172193172564,0.388022319003466,0.388268765309551
