"draw","lambda_at_index_7","lambda_at_index_13","lambda_at_index_19","lambda_at_index_25"
1,0.029318089559652,0.086733464893594,0.259386909691672,0.643359789553287
2,0.029333200215485,0.087476578254018,0.259388633692156,0.647287436233282
3,0.0294623714369064,0.0868381236441159,0.255683321248023,0.708698232350444
4,0.0293847180483196,0.08681970819437,0.253366025421664,0.6534589428904
5,0.0294321324443359,0.0873039725855595,0.254881777194216,0.650055339716782
6,0.0294313491200531,0.0868798266375929,0.263935444255029,0.674289830101103
7,0.0294246556507203,0.0861713891171467,0.255340796694112,0.630824354680233
8,0.0293554668680328,0.0858540329002404,0.253581943544176,0.648392265254343
9,0.0293186697488201,0.0866394523753912,0.255648820333003,0.666382756607214
10,0.029344748080525,0.086325127159231,0.249824498374706,0.628730392397814
11,0.029403062693855,0.0877213595646566,0.260126666837024,0.687291546093733
12,0.0293912822713085,0.0857894227149809,0.246284034593784,0.651054065992389
13,0.0293531160282872,0.0866851583775833,0.253896739135076,0.628150561765112
14,0.0294227936559066,0.0864487327450974,0.251375579849685,0.668093642172523
15,0.0293989954965709,0.0860384619132488,0.25329116381283,0.647137581915336
16,0.0294122753395233,0.0867163719661744,0.25936774225883,0.683355821538177
17,0.0294163362509482,0.0863677871323621,0.260775440846508,0.681504381761233
18,0.0294009445288672,0.0867213879631376,0.253503891997043,0.636245117350626
19,0.0293569091462335,0.0862673683276646,0.251937540245992,0.655201960691429
20,0.0294445523679383,0.0864200254034063,0.252270368454426,0.668308339325848
21,0.0293826809013341,0.0866719651309678,0.255840673676555,0.682528952162173
22,0.0294120160418489,0.0874271825302385,0.25774837006286,0.681955281066666
23,0.029398683414856,0.0859503864908349,0.25371561079048,0.648588547824628
24,0.029371773506393,0.0864982869226811,0.25096022624648,0.653500042376847
25,0.0294364974799629,0.0871956351044238,0.25123479406662,0.639432472758085
26,0.0293603532556865,0.0872803393685728,0.263042406134183,0.628198295870546
27,0.0294212094846721,0.0867291574267025,0.256695356730142,0.699828015021932
28,0.0294582514022348,0.0869649281928886,0.252105909073849,0.665930512142274
29,0.0293890250738831,0.0862063580213244,0.251010138167637,0.659393689128277
30,0.029410403477125,0.086629463542905,0.246556539515627,0.652605254136074
31,0.0294505442679428,0.0867120154009005,0.253767860541919,0.659474542417469
32,0.0293908288345877,0.0865057483754275,0.24998512417351,0.67489847350668
33,0.0294227856342917,0.0863532988717686,0.259038911601267,0.676392804471676
34,0.0294314736845348,0.0871095517514462,0.2550109487043,0.663148031071262
35,0.0293730064218933,0.0866125946958825,0.257517900551196,0.617073213285899
36,0.0294265359869555,0.0874602122395214,0.264395492511768,0.650230720889992
37,0.0293031554338716,0.0857050031493533,0.259605903841382,0.670205595749442
38,0.0293093781050942,0.0864070557037332,0.25699488318023,0.684592232291638
39,0.0293623921840573,0.0869864966053746,0.256940960455279,0.69081170149164
40,0.0292781255334124,0.0871170446186399,0.263114766922012,0.691555716401744
41,0.0294726190087979,0.0863721976668411,0.25404979973245,0.688847591557632
42,0.0293225319519361,0.087029228581673,0.24879417187061,0.680013190946315
43,0.0293971368771205,0.0864172434754737,0.250619064889404,0.687257916741255
44,0.029357346057358,0.0866015911440494,0.253309112469034,0.679450704093296
45,0.0294825330454938,0.0866635993816544,0.251868350626677,0.645535008293001
46,0.0293895645552296,0.086681455453491,0.251874258797816,0.689468774445215
47,0.0294744186457711,0.0865780120768675,0.256258887971147,0.650691655440707
48,0.0294237463919675,0.0872054696918762,0.256827883576998,0.676372154101092
49,0.0293648748397268,0.0871617600037888,0.254409153287723,0.643672845242656
50,0.0294272838920629,0.0868061628689389,0.254768176261775,0.714357129869008
51,0.0292888729954577,0.0871971244800841,0.259975102725162,0.683645544895011
52,0.0293507035861383,0.0868771342570475,0.257191076559792,0.624503778500727
53,0.0292776913325415,0.0861920036175583,0.25550633127184,0.695900134941283
54,0.0294300431605286,0.086490293765084,0.250132297962365,0.604719532776662
55,0.0294358425026815,0.086670617516846,0.253717297728473,0.69390996258305
56,0.0294189699607208,0.0870172831788927,0.258231689207422,0.686896682207907
57,0.0293264090278396,0.086864518360446,0.252291062768097,0.628311627784095
58,0.0295000294974277,0.0870422249120196,0.252852932215796,0.677235378469169
59,0.0294392851242063,0.0869550074288135,0.250013786355788,0.660909256813218
60,0.0294219477028322,0.0860639800819305,0.258258837659359,0.639304563764249
61,0.0293829710036944,0.0863434831575096,0.256217742754336,0.632667356504296
62,0.0293974401266972,0.0863010735380779,0.251846042474078,0.684558474400414
63,0.029359721451024,0.0864748592134217,0.251201723227444,0.658361906349319
64,0.0293865116555019,0.0872745399503064,0.251434851174705,0.665639640140259
65,0.029460490518499,0.0867209728091386,0.254684808950966,0.688484884637035
66,0.0293628453942592,0.0861601822826596,0.254777683524311,0.67026571602732
67,0.0293428500403833,0.0864623223863128,0.252910246990455,0.625925828137416
68,0.02937099924178,0.0862344099343947,0.256693885686013,0.668294028156627
69,0.0292954539304118,0.0860610103915914,0.250279681504833,0.693156259722643
70,0.0294946246099661,0.0864259446952943,0.252881566114195,0.658001165322255
71,0.029346265280431,0.0869017194583865,0.255615768814935,0.674728165079504
72,0.0294565935579569,0.0866000724480732,0.25724278553927,0.648532318191878
73,0.0294369683155434,0.0858635132658729,0.253450311009899,0.625403445661331
74,0.0293704204503261,0.0861647279476411,0.249470510336885,0.628299805534444
75,0.0293689123573079,0.0863384196738173,0.259783771523254,0.653081481554056
76,0.0293068725905386,0.0860011278221275,0.255295383122875,0.677472660695949
77,0.0294156217962585,0.0857085940441762,0.247979313475557,0.620474031670646
78,0.0292661906944185,0.0861883156671253,0.250444144938549,0.64008960145756
79,0.0294340903436284,0.0868586764065395,0.257184429651118,0.686441422859206
80,0.0293457908274002,0.0863202994951916,0.259964020167325,0.655928497989003
81,0.0293030571292569,0.086507736967212,0.25539246615486,0.67257468388486
82,0.0294331662395749,0.087052695700965,0.257149499675001,0.637394925582134
83,0.0293410164390583,0.0863944896990544,0.250140869871373,0.641461637536592
84,0.0293658179129206,0.0857035016080537,0.252391091074303,0.615641313451686
85,0.0293964629970578,0.0871193448755005,0.255916204849196,0.698250844566221
86,0.0294763229440322,0.0871147051925289,0.254489338177314,0.684256540208635
87,0.0294645066660469,0.0871320135923717,0.251311644618517,0.663074117847524
88,0.0293337547628394,0.0868079994941083,0.256841328437984,0.702302180859501
89,0.0295187732658793,0.0863395591143166,0.258439235999151,0.642597595904188
90,0.0294033619180371,0.0859855042773739,0.249830361467993,0.668298665726677
91,0.0293312627957691,0.0862013548962339,0.252811594765229,0.651941877204152
92,0.0294346283076157,0.0861471122314301,0.243276939144754,0.643760385998076
93,0.0294246427270267,0.0873577131995343,0.249433960603947,0.627176855502731
94,0.0294900324690346,0.0865261461713033,0.246864068130749,0.638439204010847
95,0.0293820547924824,0.0868343808365085,0.257683287475257,0.692337967575421
96,0.0293460558978755,0.0867404589696619,0.260114864008606,0.6297402114339
97,0.029453374895175,0.086494484873771,0.256750960304076,0.625875225584652
98,0.0294257237940473,0.0862432896769572,0.250371087258314,0.662257004448566
99,0.0292935351154614,0.0855120166800468,0.248135460815126,0.645875542493486
100,0.0293028382362446,0.0870258384876192,0.255645947119796,0.66105396680571
101,0.0292489306469858,0.0863281425464073,0.257408927509426,0.652740185674499
102,0.0294531115433905,0.086952641767617,0.250357278575957,0.639384332300697
103,0.0294538627468712,0.0869561246370744,0.251533289101998,0.673836138703702
104,0.0294155887494811,0.0866244558780172,0.254735157115376,0.637900067980415
105,0.0294101328778806,0.0870309372951857,0.258287284111751,0.673193071886912
106,0.0293765106434302,0.0874419898034155,0.255318965531977,0.662937024269004
107,0.0293859163252635,0.0870100959374733,0.252493808866402,0.639068138937387
108,0.0294525399616304,0.0870765224402621,0.253473577208208,0.62211785616996
109,0.0294308643537778,0.0861844845613604,0.254583960203178,0.644003678736864
110,0.0294503194186866,0.0871534125803855,0.249970351567595,0.624807958465999
111,0.0294700497692783,0.0875756425287331,0.255860372687288,0.671572415074264
112,0.0293568673519458,0.08673017784606,0.25200335961647,0.686621140888795
113,0.0293786923582737,0.0865132904760369,0.253597710174061,0.639814977972812
114,0.0293303298656095,0.0865335300321913,0.257118875081773,0.649439723176938
115,0.0294203661553661,0.0867937926456272,0.250126298841907,0.649682116143327
116,0.0293920981808023,0.0866399663797926,0.264372008086601,0.662521447445841
117,0.0294112385095262,0.0869207474338066,0.257558624458795,0.644394754807558
118,0.0293770832762381,0.0866831964554023,0.252782284129474,0.674617705694167
119,0.029308624519016,0.0862060568134789,0.250539846893628,0.662386446007314
120,0.0294150615122616,0.087015523863738,0.250907857151112,0.647438609221604
121,0.0293853484143813,0.0857419452500846,0.259986557891472,0.697516215203319
122,0.0294278378058956,0.08759106009105,0.263249362079833,0.670383188370104
123,0.0294786412197484,0.0871798734250025,0.260642109122435,0.696919585081077
124,0.0293413589832291,0.0869104608097465,0.251447073494852,0.675442031233149
125,0.0294481562393187,0.0869358685293426,0.260852091995587,0.657995506161656
126,0.0294135658784442,0.0865202072448098,0.258160224043646,0.666705112072587
127,0.0294067208988006,0.0866374455458036,0.258042931270015,0.635141827548146
128,0.0294542434495031,0.0870786404652061,0.256276824601609,0.677986808875969
129,0.0293582297139329,0.0868701852715522,0.25860250638581,0.669110748702207
130,0.0294523594520266,0.086500810574161,0.25611329227287,0.660009330985885
131,0.0293277494823446,0.0864858058503349,0.253578188725694,0.677696510692149
132,0.0294389197965288,0.0874179133241496,0.253935750180065,0.668945724259818
133,0.0293536606325252,0.0856209104216616,0.247186025628944,0.637278963203712
134,0.0294027656449801,0.0857418151527738,0.256553566022643,0.657557118868492
135,0.0294713201706589,0.0868040896997083,0.263725193512918,0.676986590797651
136,0.0293904414270442,0.0882193455844978,0.258030180697902,0.650522939334765
137,0.0294329148674255,0.0871938661958944,0.255014317761016,0.628164387328678
138,0.0294299496951133,0.0866367292975085,0.254727092158794,0.661338080903807
139,0.0293629850567247,0.0864690248978206,0.251020016888807,0.633964140520658
140,0.0294403090668408,0.0865528719121927,0.259665393727495,0.694524346354789
141,0.0293865110995547,0.08694860696353,0.255779875983503,0.699825087610888
142,0.0294362916012761,0.0870027399455608,0.25853886551212,0.657504142705447
143,0.0293232276480717,0.0867051564798828,0.256933498247802,0.687448599184551
144,0.0294437380178491,0.0860931088336271,0.250025361766295,0.650355657947295
145,0.0294373709663559,0.0869484533621181,0.256509775659226,0.663568735700383
146,0.0294242546534535,0.0868152004432841,0.25862329309438,0.67263256710267
147,0.0294364718657145,0.0871254704569778,0.260723625559346,0.691477061241611
148,0.0294370683353885,0.0869564517671111,0.256722368048328,0.660018670605414
149,0.0294225538327579,0.0877591064988101,0.253889562866131,0.670723283626749
150,0.0294090337591816,0.0866333117532571,0.24716111291736,0.639458061431908
151,0.0293112347689077,0.0862243594280438,0.253217325633015,0.626709093153998
152,0.0293668222848332,0.0870226375271848,0.252333719547143,0.676075970713508
153,0.0293859109927954,0.0870607423843157,0.253582831088568,0.648064722591372
154,0.0293248823218759,0.0859257517212936,0.253055655840042,0.660990666742862
155,0.0294906566163318,0.0869992369650621,0.253122497033581,0.671477510893734
156,0.0293729946960789,0.0865174340277823,0.248033164505285,0.673360709235619
157,0.0294845425187858,0.0870043553404638,0.262173492526608,0.682016313020594
158,0.0294601492453681,0.0873276066428342,0.248454503473165,0.602297728309315
159,0.0293793933001822,0.0865105939798066,0.254088801400523,0.651911579899097
160,0.0293689244431066,0.0868806046157202,0.251653185158916,0.662550384584654
161,0.0293663848280358,0.0866052100728529,0.255616437434907,0.641809566137174
162,0.0293396760911324,0.0857930339618721,0.252523784336659,0.657243849622162
163,0.0293977816941058,0.0866875833882672,0.252640052374409,0.639539377094316
164,0.0293686721335163,0.0872461158239913,0.260569306099054,0.679815903157704
165,0.0294955327578913,0.0878050281358061,0.255144114396431,0.678838603510113
166,0.0293646902632739,0.0867401461611697,0.257672491350442,0.681754173125087
167,0.0293790012060248,0.0860956916851402,0.254267575442887,0.642393522186867
168,0.0293381326681921,0.0871750285175516,0.256321289490681,0.626644309321509
169,0.0293777205955141,0.086756977381249,0.255407733494353,0.658626981087075
170,0.0293407423038706,0.0868442463596193,0.252785303074384,0.626361560167139
171,0.0293957213071677,0.0863061015603494,0.256034389988154,0.67590984171678
172,0.0293900731376575,0.0869498370608706,0.255081968833248,0.684140141235268
173,0.029377339245841,0.0867214059681978,0.257342786787907,0.660719590375654
174,0.0294049563303627,0.0865695193429133,0.251820536967314,0.659577483496094
175,0.0294215043275658,0.086080157909666,0.256788052078037,0.660457202716249
176,0.029444422068833,0.0868480226292824,0.257348699692926,0.651032582844818
177,0.0294495730605784,0.0860705653708409,0.249940670896632,0.685654482797303
178,0.0293867453610827,0.0866864622515725,0.251148140902402,0.625506083556777
179,0.0293808426612698,0.0859374715034491,0.251136815382243,0.66421497955769
180,0.0293311331822181,0.0861829870422079,0.253526791197762,0.642223132767009
181,0.0293468325852413,0.0873413008385257,0.253267101430604,0.654991032768185
182,0.0293645424897609,0.0864562090970657,0.253754097201282,0.665089859969376
183,0.0294061232249799,0.0876177542904503,0.258516462926081,0.68727055344277
184,0.0294936465503185,0.0868599022353956,0.257666943966279,0.664641425557709
185,0.0293768577013032,0.0870844516064116,0.260094688336499,0.660705813659845
186,0.0293820685665539,0.0860035590274751,0.254663097821265,0.665634618739857
187,0.0293404693523341,0.0864157839085656,0.252528895928365,0.628547602852346
188,0.0295000337790231,0.0869821920214092,0.254000499342802,0.653042951737825
189,0.0292700949556898,0.0850441773397598,0.242475252130018,0.671246263684881
190,0.0293228918503053,0.0862414916630861,0.256408639315849,0.651941951622791
191,0.0293529847207077,0.0866809340034749,0.251265817209041,0.671008191472692
192,0.0294034450221604,0.0874069820623136,0.252477342399423,0.622221251746906
193,0.0294184711707883,0.0869135410820479,0.250665311492548,0.643168963261257
194,0.0293531004811097,0.0865383950832169,0.254825120933355,0.66777562048938
195,0.0293974264139465,0.0863048907555082,0.255340159179152,0.657559748402241
196,0.0293296489976851,0.0859781927510006,0.250919174299874,0.640693908354557
197,0.0293093292535123,0.0861733698003578,0.259080252852098,0.643560084244906
198,0.0294193275173966,0.0873553045739904,0.25832143053847,0.68375870113366
199,0.0293984111648547,0.0874290306191833,0.262616316157199,0.677698788190986
200,0.0293499646862896,0.0866970206723712,0.252792780797713,0.693196133606199
201,0.0293579225787971,0.0865503335600353,0.256855642165738,0.636862660795047
202,0.0293790786855242,0.0868977093867052,0.253844562151632,0.666173553843711
203,0.0294594793413854,0.0870981499974738,0.255234380773836,0.636397716925693
204,0.0293347406259917,0.0861360502694757,0.257171660507357,0.657406540782617
205,0.0293527839121578,0.0861061382345222,0.256749727741472,0.714837411916688
206,0.0293479384357403,0.0866063150017103,0.250238300117094,0.622067211086772
207,0.0294112554309755,0.0875014283147399,0.255068695678537,0.706936663954226
208,0.0294009192003905,0.0862425942794898,0.25279750027899,0.673619489256469
209,0.0294161257230728,0.0868583016702617,0.251111758766159,0.651364634427733
210,0.0293906281593459,0.0859524175471688,0.257971124053421,0.685805165388641
211,0.0293557994810102,0.0859481486904123,0.258441113000082,0.657933207829329
212,0.029308955640152,0.0862190133295866,0.254689093991013,0.626771669377482
213,0.029384143737097,0.0863614465508086,0.257702812091603,0.628519849397193
214,0.0294200541163753,0.0864640905598644,0.249014487700764,0.635715419415117
215,0.0294862403571718,0.0870941626895143,0.249573915903647,0.623583635733291
216,0.0294670857281035,0.0863568945518371,0.253366275070491,0.642176977476546
217,0.0294451038026973,0.0874139663225404,0.255086934695072,0.663172633035772
218,0.0293897838487575,0.0867348167337891,0.255471541674847,0.664377670977548
219,0.0293882007694168,0.0858360509441681,0.257980496040475,0.6512300596836
220,0.0293556242932095,0.0865340774812308,0.257020590916443,0.659949107131951
221,0.0294471511855362,0.0868323279767639,0.255597628962089,0.70309802029445
222,0.029350301509121,0.0868855210044046,0.256274239034748,0.654740926615703
223,0.0294524441408283,0.0871715607591843,0.265701071158351,0.677722483255066
224,0.0294513527753414,0.0866267001207721,0.256999899120889,0.652693943922827
225,0.0293862468480779,0.0861825188938578,0.255263865056452,0.67829620026221
226,0.0294530100254406,0.0864783948816318,0.249330882691897,0.646587205810114
227,0.0293619701118333,0.0864217774508542,0.250748905813457,0.672492611418073
228,0.0294505134539562,0.0878214663444505,0.256890772105561,0.67657264123671
229,0.029427470273174,0.0865375190231487,0.252551136962515,0.663204349083703
230,0.0293546520400135,0.0863672579330359,0.249525157478946,0.614665549146364
231,0.0294867546920368,0.0866445160818577,0.248201254957421,0.641976912805054
232,0.0293253610147535,0.0874539860107504,0.26259382812894,0.650142985966642
233,0.0293935097259737,0.0862889081042397,0.258445291877462,0.663606538966715
234,0.0294428710307671,0.0861398956185642,0.250627635964718,0.642425894063838
235,0.0294344682567553,0.085653704901542,0.248535541473832,0.656933520511702
236,0.0294778644511691,0.0868337218964035,0.258232264637937,0.647163469600715
237,0.0293709695319994,0.0874003947565824,0.255414923931128,0.649906795810947
238,0.0293986931534362,0.0866461543503596,0.257811980652251,0.629975847526096
239,0.0293980895316669,0.0862464223080594,0.253237590228411,0.650042033895092
240,0.0293730773278365,0.0874956156454599,0.252157936050515,0.674507102310828
241,0.0294493145793715,0.0865244387018859,0.255123275260671,0.683095184217439
242,0.0294330757773594,0.0868867093542655,0.24321760697797,0.629379358915081
243,0.0294638310299288,0.0877911608516806,0.250399850439808,0.639934295384921
244,0.0293363054853862,0.086584849884121,0.249555574316598,0.669261267889206
245,0.0294039644242962,0.0867136649176583,0.251095455056114,0.644685737165008
246,0.0293572806619513,0.0871697742973483,0.256202350330937,0.681879150127368
247,0.0293627439880867,0.0868780776131896,0.259138902077732,0.661142019565175
248,0.0293517237003571,0.0862064059678188,0.248744730011293,0.64619559601132
249,0.0294098087080531,0.0871055668628501,0.249600811960069,0.629269394738022
250,0.0293580144561167,0.0864301076006926,0.253974174616626,0.671791462410026
251,0.0293973590392582,0.0872831553307087,0.255318051388174,0.627189666748167
252,0.0293836217444703,0.0868579939134601,0.25652060607283,0.66224506647782
253,0.0293045301240395,0.0859940619068383,0.252707527383561,0.658328386365398
254,0.0293516613806097,0.0857332857129074,0.253077586859303,0.688656290706699
255,0.0294820265933486,0.0873123027352989,0.254910487849949,0.662577699918755
256,0.029447316702133,0.086875475550503,0.254174821035801,0.632237074172833
257,0.0293808005004817,0.0867967163406154,0.254663847310194,0.629128698047428
258,0.0293790723673897,0.087083145179482,0.25817474547072,0.669285262132844
259,0.0293859673874351,0.0870440936828081,0.25296459678495,0.667355663996477
260,0.0294769804755873,0.0868652796010646,0.253808356730059,0.674520528500498
261,0.0293772202129169,0.0872361767442382,0.25574344228189,0.700845343987586
262,0.0293686522898958,0.0861527771102819,0.251723313188533,0.630548171329799
263,0.0293242141257255,0.0861900868310299,0.249517893631062,0.659940084805253
264,0.0293935204656068,0.086570799294596,0.247626726250425,0.63446112958918
265,0.0294879761581929,0.0866017779452303,0.25440037616005,0.679876493259258
266,0.0294041489629668,0.0865934787779777,0.256252434856498,0.661511746039838
267,0.0293490034623946,0.0865352190542677,0.260716338011769,0.697677445471207
268,0.0293558985734224,0.0864020819621488,0.252481741412276,0.684883703584164
269,0.0294106611577301,0.0863320563509227,0.254412393968451,0.692256334972556
270,0.0292968132886514,0.0866223098871069,0.257504815299497,0.651258932190284
271,0.0293521753627477,0.0870538497932884,0.253351541765457,0.685129885962674
272,0.0293158306640377,0.0863691830338538,0.251055915734612,0.67698226204483
273,0.0293535856652955,0.087261436496071,0.255800611129951,0.645430388607612
274,0.0294420158812314,0.0869010828933225,0.260609506434648,0.671749621654892
275,0.0295182541497027,0.0871456404447492,0.256559058173852,0.663945287165321
276,0.0294598059989388,0.086612486682673,0.254253737556621,0.70678930276987
277,0.0293919164129962,0.0861065698974216,0.260110057387921,0.687425842214292
278,0.0293520742844415,0.0856174400153906,0.245284182002457,0.646302022628137
279,0.0294435772657036,0.0869874738491638,0.255620326643244,0.664620079375311
280,0.0294149619057559,0.086577514759498,0.252594331160688,0.682795689100703
281,0.0293585793483965,0.0864090944225471,0.250814630632878,0.612322247278207
282,0.0293821702168982,0.0865069329245986,0.253436328911482,0.677963151959784
283,0.0293359787483003,0.0864799134054407,0.250417482495649,0.676357328127173
284,0.0294062060328852,0.0862505398653455,0.255827688170466,0.677267646177055
285,0.0294884225821458,0.0869970889071496,0.261324544239154,0.688887422448828
286,0.0294273926485482,0.086051722984653,0.25418281013247,0.677447243055634
287,0.0294093815609967,0.086628092836591,0.255228757724653,0.644203976543539
288,0.0294108582472742,0.0865812568310999,0.251669694945912,0.655570767897291
289,0.0293785815482554,0.0858231045587501,0.248901335770109,0.676972994253587
290,0.029454666134145,0.0868602214962956,0.250984794565056,0.656490715787758
291,0.0293719703532565,0.0864890286663772,0.253335751636972,0.685642177825914
292,0.0293144205073859,0.0863500858579594,0.257210756499091,0.650150854434699
293,0.0293242497511573,0.0859955330158502,0.250342763039458,0.614780030016914
294,0.0294860837342317,0.0867079053780078,0.252587705600343,0.697626999978018
295,0.0293237612317027,0.0864774274626969,0.253769818604958,0.683705967303198
296,0.0292450535772823,0.0864760431805673,0.255541071502844,0.65160582813884
297,0.0294473419546711,0.0871074752998523,0.265850547618922,0.667973182190573
298,0.0293341969830656,0.0859029619275869,0.250243710874234,0.625898938334218
299,0.0293544801200139,0.086665764986911,0.259068759243775,0.662246619308947
300,0.029490653712888,0.086886190973914,0.255882881293722,0.65029021692164
301,0.029356461471408,0.0860877679855548,0.260674827570614,0.670300261696787
302,0.0293848588573126,0.086064400368342,0.253075733368599,0.692726219362907
303,0.0293716803972381,0.0862382667812047,0.256570666496682,0.673877096016697
304,0.0293892581858491,0.0861066126996629,0.255432863890558,0.65540358240631
305,0.0294447173652713,0.0876267422897916,0.260609929949774,0.661266730526531
306,0.0293429415949458,0.0869413711228878,0.259464597475989,0.671103946573105
307,0.0293936898814605,0.0867509225334628,0.249187114869631,0.621556651087982
308,0.0294062693158269,0.0865382071543124,0.254004007849239,0.665401319238144
309,0.0293312458339266,0.0863598491117105,0.259876564632824,0.634653957405632
310,0.029420758144512,0.0868141698518537,0.252460253216451,0.663718738316733
311,0.029399773357413,0.0861855600407683,0.253024730873323,0.655295142853179
312,0.0294120904883278,0.0872233816632188,0.256173444700011,0.652458040130951
313,0.0294455845192972,0.087237025839283,0.259537800595822,0.645014729731298
314,0.0294618867144252,0.0860280134374962,0.25492527409896,0.614781098410404
315,0.0293737579270572,0.086988087588357,0.248399395833211,0.660057972148076
316,0.0295059701551982,0.0874962019503149,0.258058376338643,0.731549726726104
317,0.0293093340352015,0.0876667317443427,0.257213580170165,0.640111187761918
318,0.0294459279583518,0.085884103354397,0.251380900567795,0.631795903624867
319,0.0293754617659264,0.0866726776325775,0.255653133088064,0.658451514045699
320,0.0293149707674247,0.0870416848313896,0.258090747073205,0.668803409948542
321,0.0293824427074638,0.086159601085093,0.252261911972853,0.704647391688841
322,0.0293180746189654,0.0858676312034359,0.252972741520363,0.674450576872025
323,0.0293910295963858,0.0869647059517945,0.261269651455091,0.659255657878935
324,0.0294237160320913,0.0864493628977273,0.25569892261466,0.615949954323432
325,0.0294990308017887,0.0873098942892705,0.263550367662321,0.685734733759814
326,0.0293529659595658,0.0865426172684002,0.255216844208874,0.649344628085756
327,0.0294112341026159,0.0858704409030549,0.25248938531952,0.656550074775125
328,0.0293347184194586,0.086693691437159,0.256968330847179,0.668275987083844
329,0.0294202001483531,0.0867858675824468,0.261182772586917,0.657446935658748
330,0.029339090969556,0.0870143945659773,0.254707028914292,0.701021600782256
331,0.0293552509773867,0.0867795039490984,0.2543570047824,0.667269316970282
332,0.029289839338589,0.0863583847771659,0.251771597839329,0.68100903849252
333,0.0293695116194163,0.0867082779479054,0.257662609044969,0.631173348302338
334,0.0294431671442476,0.0867139055973675,0.253493025085665,0.632011588512428
335,0.0293269766247764,0.0872395231992718,0.253350562852476,0.644834079183268
336,0.0293045849843251,0.0853327658529048,0.251539487841559,0.680487467188059
337,0.0294978228399884,0.0867645003046202,0.255528072961091,0.66120817203609
338,0.029394539082342,0.0857634189752293,0.250525835109887,0.64945118208628
339,0.0293043008419313,0.0872458966251533,0.255413281376241,0.715724159510891
340,0.0294566303546716,0.0867598436404642,0.252554993375585,0.629615748541921
341,0.029414911346635,0.0864893727883352,0.258872510902511,0.660683690572613
342,0.0293525135158404,0.086305949715461,0.255139298422082,0.626467975754728
343,0.0293231878214967,0.0851977987810132,0.257602416534895,0.688582119046221
344,0.0294580045496314,0.0867138665762978,0.252346654154819,0.650905969403002
345,0.0295006131756175,0.0872887501167105,0.256782377754563,0.6784151355898
346,0.0293979677607959,0.0867751309106452,0.257821662334301,0.630913433762102
347,0.0293675203636698,0.0866665240526654,0.258175758080278,0.732731242929975
348,0.0294521349613424,0.0875816117199635,0.257414889648835,0.700510496735765
349,0.029363392246244,0.0863850379958235,0.256787550044269,0.682136798058698
350,0.0293855733561978,0.0868706061574918,0.258085248207314,0.676769429544127
351,0.0293904168511387,0.086616302295835,0.252453277832863,0.68675557691756
352,0.0292985577137671,0.0870594465905037,0.254993293342061,0.646015164634731
353,0.0293707693825766,0.0862067127305442,0.261036686009652,0.667383242677755
354,0.0293376056893586,0.085850349313824,0.256514061391591,0.665127879522119
355,0.029380263688911,0.0867038529731368,0.254285022544385,0.63611180520007
356,0.0294516004512114,0.0865669512321117,0.251482935913014,0.69094498039542
357,0.0293602451796111,0.0864338956993385,0.257342352794652,0.62836770858462
358,0.0293855616213446,0.0869882384399136,0.256580337371997,0.652130352196555
359,0.0293836565582399,0.0875676874026427,0.25652931464247,0.654529082442417
360,0.0293494167360732,0.0867823780957968,0.250317679484694,0.655720461656741
361,0.0293218443767349,0.0865318228403961,0.261080784595613,0.690904815472751
362,0.0293576524182142,0.086431803504048,0.253155313855425,0.691707348214852
363,0.0294336715047602,0.0869637167886794,0.255590141474942,0.655070605104267
364,0.0294124866435238,0.0861120952069881,0.259513462363819,0.638542953578106
365,0.0294226352059946,0.0874117988226701,0.251945425086048,0.672485037095856
366,0.0294347622527894,0.0865656789532049,0.251295652527484,0.670693429377769
367,0.0292996423801438,0.0867383681260536,0.250050295990643,0.654582232394467
368,0.0293531397796998,0.0872343129287525,0.262948553405048,0.701237180245405
369,0.0294451143938569,0.0865651663876429,0.256674798727088,0.66639760631647
370,0.0294087744257435,0.0862838639643635,0.253508535091736,0.651798848443523
371,0.0294320684772824,0.0865185457902864,0.253038575849626,0.636174366927211
372,0.029392566250442,0.0871269256358471,0.254936731537009,0.634964333304795
373,0.0294552641875336,0.0860119422564865,0.248238146737473,0.631083858986492
374,0.0293698686071585,0.0859776004480887,0.259264696482032,0.652090696578545
375,0.0294528944286906,0.0873479916740028,0.2558146555757,0.67786557052506
376,0.0294116768042531,0.086829389979048,0.25635248962996,0.677082856295111
377,0.0293660412514293,0.0869155678752735,0.253752328542288,0.639169893481261
378,0.0294713843259007,0.0874950101556875,0.251454670413507,0.641407070256362
379,0.029406786457569,0.0866274605865924,0.248568728860703,0.66656647611395
380,0.0293429407295209,0.086718343256597,0.248204412471709,0.635584329135017
381,0.0294732957680919,0.0869905478783102,0.254784251032657,0.655277990887726
382,0.0293461757944474,0.0866983024061158,0.252459952512571,0.673775662828088
383,0.0294231468844231,0.0869081087655589,0.254294935067337,0.667385435275916
384,0.0293813235901298,0.0871221601717254,0.264853015830297,0.675933850744135
385,0.0294686705883103,0.086908418799939,0.259320046238524,0.659787973420941
386,0.0293649211487032,0.0869084611822185,0.26262040785357,0.652893216026995
387,0.0294170234800669,0.0859623365149371,0.253139661416549,0.673724032970404
388,0.0294826349590757,0.0871517255258639,0.259607198662444,0.644981481542104
389,0.0293073640857201,0.0865720672030909,0.252132040265512,0.691610893227064
390,0.0293815572209336,0.085887241060472,0.252546909730184,0.651019749897993
391,0.0294568995327404,0.0863803099095005,0.254708468959152,0.650319773655358
392,0.0295155851850148,0.0876593096482524,0.2618270201897,0.682198021097016
393,0.0293905552499712,0.0868163234591873,0.252485998705071,0.62963574037649
394,0.0294070367764141,0.0863691001272418,0.257878668886491,0.665706420069819
395,0.0294220486425369,0.0861196188756834,0.256893907491458,0.678564611509797
396,0.0294899869515544,0.0865944317260317,0.254455769502917,0.651837425416872
397,0.029454278361687,0.0867843643163639,0.251348323555812,0.671603195556327
398,0.0294324777055768,0.0873555370182887,0.25818186366015,0.705177598137868
399,0.0293381279101029,0.0865681520850238,0.253306232919999,0.640164498506061
400,0.029411059611323,0.0869843483198115,0.253898709726417,0.661851948153448
401,0.0293954210361892,0.0869530676637792,0.251676744943197,0.634805629382426
402,0.0293368252910658,0.0864878508970498,0.253765915773482,0.673333397058528
403,0.0294770871241068,0.0864110375960758,0.252305207577181,0.682021451160325
404,0.0293747273637034,0.0867929230298638,0.255586350889658,0.616313791254456
405,0.0293532620439841,0.0869086145823676,0.261188822118863,0.698604919185819
406,0.0294170276638663,0.0874946733420768,0.2617272915689,0.677283218262724
407,0.0293655252696402,0.0863861627355696,0.253292882156435,0.627060882775821
408,0.0293618313961505,0.0872411829797987,0.255621775655053,0.635275930985647
409,0.0293327185577147,0.0862706715567206,0.255136524278633,0.654242809572598
410,0.0293918465144224,0.0869578435657576,0.255849931395647,0.639085147299525
411,0.0293904269884826,0.0862887872740809,0.248191725274296,0.687708012189295
412,0.0294470391031471,0.0866809696990943,0.259403013979201,0.676643693801301
413,0.0295023070323363,0.0869993522070645,0.258950041793253,0.669513876603167
414,0.0293571132625911,0.0857796985882083,0.245604295467748,0.616341567987932
415,0.0292939552186768,0.0861813456049073,0.255052132060094,0.70065374010247
416,0.0293153228375588,0.0856447830225815,0.249732270454946,0.652679939546573
417,0.0293310360729961,0.085736533411212,0.253480358768732,0.667208669743531
418,0.029403004335516,0.0863951423183753,0.248883713753179,0.632740672044464
419,0.0294936088448905,0.0867940990341662,0.257326228789121,0.653171993386101
420,0.0294140442962744,0.0868228006249381,0.254691134561261,0.642443862382883
421,0.0294199647546432,0.0876130074512372,0.260209133558267,0.662811638294534
422,0.0294446168132712,0.0869103604893463,0.25537450976061,0.669788875810108
423,0.0294478961983178,0.0867917891143494,0.250627183687203,0.642570259221252
424,0.0294312397185781,0.0871061780451806,0.257718768998063,0.675699906528895
425,0.0293063199704616,0.0866911753988537,0.250100575317783,0.654814970529116
426,0.0294111427147633,0.0872127407409935,0.261757179177011,0.664556466595604
427,0.0293811308353794,0.0863085311841137,0.251910251891764,0.675352881475815
428,0.029404711698077,0.085973068788548,0.250821769230832,0.653947326288124
429,0.0294852292983394,0.0863460321353221,0.250677370581183,0.654956612406365
430,0.0293719260412154,0.0873419685974769,0.259536575736291,0.645063284862879
431,0.0293355085600056,0.0865222939439816,0.25545167371987,0.669578208180844
432,0.029328629159639,0.0866536395920149,0.254368027317593,0.676495533299915
433,0.029306851778626,0.0858282009394583,0.252392313433905,0.69294761932794
434,0.0294148677097191,0.0855783823543582,0.247529254209604,0.643818069981924
435,0.0293296040541722,0.0865961050303671,0.25424172131328,0.66446454895907
436,0.0294504546259126,0.0868389014338578,0.259748868936693,0.691479024703075
437,0.0293721309904765,0.0872217312917287,0.248616194189119,0.616896010060069
438,0.029502746008973,0.0868499996172856,0.249889480116735,0.630485113498038
439,0.0294443552254631,0.0875297877165996,0.258353252649471,0.664220339915676
440,0.0293827087900353,0.0858994448271576,0.250972942465262,0.659119584415815
441,0.0293549136778886,0.0868798772706744,0.255125557535094,0.655739167633284
442,0.0293572101717235,0.0865109529796933,0.252331758688231,0.66573786453678
443,0.0293402787729276,0.0857105557585552,0.253042456411808,0.648267906697839
444,0.0293820566344131,0.0865288130387597,0.257470109875395,0.671030896219985
445,0.0294479227371068,0.086597102766816,0.251675098418518,0.703076281555133
446,0.029353892845145,0.0863529738265401,0.254757919934112,0.65009567323711
447,0.029347111741613,0.087041068955894,0.257161195471626,0.654886337654697
448,0.0294451825038267,0.0863562027808501,0.251695037415278,0.691847844450391
449,0.0293847706138067,0.0870034432571363,0.258640238251744,0.63223823579357
450,0.0294520064289628,0.0876520149069835,0.253345351659676,0.6600837394941
451,0.0294396159970659,0.0871084105754292,0.253717193308173,0.650685262100216
452,0.0294183597076779,0.0877218574782924,0.255589978231721,0.649491380031591
453,0.0294290339235848,0.0862561931840229,0.254368825577886,0.688817009205081
454,0.0292742384942947,0.0869398132723284,0.25322218922523,0.664361929769607
455,0.0294328602124845,0.0867703984111623,0.25189542848848,0.668611826902645
456,0.0293339182240698,0.0867681911161227,0.252137010404106,0.649960666994443
457,0.0293988834683618,0.0873717641638129,0.250880133540058,0.648150164885789
458,0.0294174923245137,0.0867302885008964,0.257091602837895,0.685580639963903
459,0.0294271881899266,0.086615847596861,0.256236260654757,0.648998470746792
460,0.0293230760310604,0.0871445310913292,0.255415910254224,0.675743013050707
461,0.0293774225682392,0.087283999826362,0.256839746436877,0.670734410788758
462,0.0294662582496944,0.0869690363733329,0.255780720470067,0.65237847911587
463,0.0294007684039652,0.0869067979313511,0.255897053734785,0.653522288915266
464,0.0294124094608241,0.0863888426088286,0.259189162971654,0.688373613199053
465,0.0293526047465081,0.0860003246849351,0.249504157113253,0.63241103177283
466,0.0293293473663817,0.0868043612431742,0.246989220906794,0.644753360221947
467,0.0293539053041623,0.0869427613070037,0.256466063862656,0.648035014740389
468,0.0293677618917412,0.0864313767840181,0.251451939821148,0.614118201533649
469,0.0294143112924519,0.0862616995824579,0.246552750674378,0.644244723407655
470,0.0293685098128425,0.0865926477175267,0.259571463064163,0.694098610770974
471,0.029361335779064,0.0871386534207744,0.255822814006158,0.661659553479647
472,0.0293258986035428,0.0865340097568472,0.260646841622475,0.698526882014846
473,0.0294610139753361,0.0867398118051982,0.251197198212222,0.65534087508184
474,0.029325625902535,0.0869463384189868,0.256847183011047,0.669558724086865
475,0.0294673914253735,0.0860652931107277,0.251656771557974,0.679319826275192
476,0.0294295919861677,0.0864909453750371,0.252519719672073,0.663760013600966
477,0.0294876788266612,0.0859211515191294,0.256556380181319,0.692228736651023
478,0.0293566258828565,0.0861822595359223,0.253267042354587,0.621465960343182
479,0.0294899230346608,0.086163925616944,0.259210215144671,0.658875039188241
480,0.0293749163155548,0.087446291701376,0.256586222087084,0.685582821633001
481,0.0293449082797352,0.0864500453886622,0.253173643396587,0.683268169101273
482,0.0295102367328015,0.0866917733575668,0.25533425681124,0.645448518553071
483,0.0294023329392084,0.0867341475058912,0.255044488008876,0.711209677956046
484,0.0294879735052358,0.0864549089021398,0.255976265440287,0.667698765076633
485,0.0293985429002099,0.0868595824322765,0.256513550438685,0.679511007977996
486,0.0293331899062368,0.0871571983293283,0.255826131948364,0.672526940412877
487,0.0294573775446384,0.086297480098207,0.255336795464855,0.682989372227726
488,0.0293629073645998,0.0863030420362352,0.254362942852645,0.663320742030977
489,0.0294422332174211,0.087371222005608,0.255224547213224,0.64581625753653
490,0.0294004009656991,0.0875024980977297,0.253191379638038,0.687252755331261
491,0.0294071606739102,0.0870265974256519,0.257149498720776,0.657062124417374
492,0.0294117049120229,0.0862004755490805,0.249061669132575,0.654238560695003
493,0.0293524494259815,0.0865296376443683,0.255439474046149,0.659411372771181
494,0.0293722522429074,0.0868136101161842,0.252455059063889,0.628185627553385
495,0.029403926844965,0.0863645191041874,0.252664573447383,0.643944462025403
496,0.0293683852854039,0.0863750270096454,0.248946293068217,0.67581440112239
497,0.0293674074542128,0.0863434518456193,0.248228891587645,0.651270005070314
498,0.029287275430045,0.0865749359795372,0.252527194513923,0.675112109128187
499,0.0294359363675968,0.0867900301025172,0.252001656575468,0.666982601975301
500,0.0293436561440201,0.0876014522692123,0.255677810604833,0.679266358764313
501,0.029403791842988,0.0871038608126084,0.252404022893467,0.668923977001902
502,0.0293484307639526,0.0868281108225747,0.250595538160841,0.641663341937435
503,0.0294386492883418,0.086440723072996,0.253183456313327,0.691305399238463
504,0.0293662595547789,0.0872058499705957,0.261532054125214,0.653585627942461
505,0.0294337603397285,0.0870624823819604,0.254491536121018,0.653505524561501
506,0.0293780110546905,0.0865394921991691,0.254205492974346,0.655145127454476
507,0.0293409218944477,0.0865773327996317,0.25969642304263,0.652017150151116
508,0.0294026290503937,0.0865849152891697,0.254141845872664,0.670444112372058
509,0.0293517512849745,0.0862542198109267,0.248531261531402,0.628372681266295
510,0.0293455398623273,0.0856959534733089,0.252891380214405,0.63162852576704
511,0.0293230323188145,0.0865475262695901,0.252988891386396,0.692481336449799
512,0.0293558563477694,0.087265773184857,0.250549676878685,0.62889162671043
513,0.0293985667644562,0.0866938450093217,0.255064270218278,0.634331307013314
514,0.029336140912239,0.0861851316620511,0.249185701136339,0.658889069804371
515,0.0293173763346308,0.0862874856090052,0.260136244721553,0.689901940826768
516,0.029370105870243,0.0864995723952606,0.252870078261471,0.664393817149444
517,0.0294008247073767,0.0863684946597078,0.249688077638687,0.653830434866197
518,0.0294689530792375,0.0865355713737041,0.249984084569095,0.651095606508724
519,0.02935080466939,0.0863541822047051,0.260964589198399,0.62953806263096
520,0.0293940640847836,0.0867410332337505,0.254020798403243,0.660566876674144
521,0.0294033458062186,0.0872431960896424,0.252838420888217,0.649939913786426
522,0.0293422306957428,0.085920321359549,0.246440742764395,0.645068798687309
523,0.0292779702137766,0.0868611615684866,0.248525526733671,0.682292364093291
524,0.0292998387771657,0.0867537099826682,0.251718074744764,0.626851261825804
525,0.0293747038478383,0.0861540025143035,0.249545654994727,0.639235990603753
526,0.0293931566680785,0.0871658992939697,0.250365186222563,0.650563376394477
527,0.0293184799543668,0.085981126749486,0.257009757619095,0.657158585617489
528,0.0294843223218906,0.0868792439390454,0.25620613297547,0.659858099613228
529,0.0294208337132661,0.0858434722396334,0.252629820584653,0.646785026731603
530,0.0294327929553737,0.0861880912179895,0.250601779082613,0.675725748285001
531,0.0294548759762907,0.0873974331930514,0.259260797555592,0.686110927719694
532,0.029499840323059,0.087157206750176,0.246634963731942,0.655708688034656
533,0.0294542768205191,0.0858937402662871,0.247372429508155,0.66014395972673
534,0.0293839675173032,0.0862227032558827,0.25565163565673,0.656716287269528
535,0.0293667282189715,0.0859881012948686,0.251036443083621,0.643743006135615
536,0.029351747617958,0.0870093706891976,0.257085038494636,0.690996082026108
537,0.0293431125620356,0.0871799847288142,0.260103166640868,0.682739485965097
538,0.0293832505076436,0.086689211914498,0.256031017614801,0.673705480815852
539,0.0294294742261704,0.0867004552902209,0.256333317738326,0.634062782200316
540,0.0294577971887214,0.0877014442535617,0.258252849873759,0.663611909429394
541,0.0293726040973848,0.0865894677223463,0.256082504325283,0.674050311593774
542,0.0294721107896032,0.0866130434159579,0.251436917764915,0.675719424439607
543,0.0292658640214684,0.086963410544431,0.256923634022158,0.653777048466705
544,0.0293598042126558,0.085776119468723,0.248386552709111,0.645552417166621
545,0.0293983448668313,0.086609300774014,0.256735349732363,0.658730573736068
546,0.0293673643726646,0.08652580319285,0.25668432366864,0.650819473822985
547,0.0293624526256488,0.0873249601673715,0.257001301075039,0.686697649498358
548,0.0293556428054123,0.0864175405384732,0.255935513861377,0.636710741561223
549,0.0293746613380716,0.0871461692013381,0.249203037828219,0.650947695546105
550,0.0294004609593474,0.0866946681982442,0.252725583585482,0.640111633548377
551,0.0293721597902673,0.0867542256028167,0.25708157550503,0.656591656046899
552,0.029421155442427,0.0871142393666613,0.256780914802908,0.696006708472866
553,0.0293571921509946,0.0864706618430388,0.251461629616706,0.693407754632301
554,0.0294738881697704,0.0863639264949991,0.252999668829742,0.609022555085177
555,0.029538549907397,0.0879318574453846,0.263177177083189,0.682939438039306
556,0.0292638934485009,0.0866693142387714,0.256768597578095,0.660715495543313
557,0.0294218741494429,0.0865847539582786,0.257125094739009,0.67801003140686
558,0.0294052180880131,0.0872613154930828,0.258191435335498,0.657405983065109
559,0.0294035372084685,0.0866866102556166,0.249940113807864,0.671289099153581
560,0.0293699712382236,0.0861847582788675,0.253354510628352,0.644164017822253
561,0.0293101056016046,0.0869665777667443,0.253824644719996,0.625151771308946
562,0.0293155977682083,0.0858755583080679,0.249394656814329,0.665970186907534
563,0.0294018062582918,0.0864584229490894,0.257253811488633,0.655510997655227
564,0.0294150403426799,0.0861390941403811,0.247199673605001,0.642283098274631
565,0.0293310556298107,0.0854282976414383,0.248085154316879,0.694420156873369
566,0.0293545952090978,0.0864003345260338,0.249052972390623,0.648546099016106
567,0.0293830168136327,0.0874510864393635,0.264433927758182,0.651858877397883
568,0.0294663113489688,0.0869529248172465,0.2552897036693,0.681097069417816
569,0.0294111390092817,0.0863713940748019,0.247094108615264,0.619086785423458
570,0.0293577369338163,0.0859402434392222,0.249752977005657,0.657630075992831
571,0.029395084620853,0.086996190944909,0.250508101821664,0.649840594286843
572,0.0294241108407021,0.0874652276738867,0.25251873514068,0.681736546752232
573,0.0293979545058555,0.0871451250214372,0.253821147613923,0.673570552123949
574,0.0294238096047567,0.0868718543400527,0.257469821466302,0.682548775038403
575,0.0293250284283784,0.0869948143277231,0.259116990060032,0.674665564322745
576,0.0294009827398292,0.0869551546007099,0.257126147263895,0.671653074501724
577,0.0293923224650919,0.0868654421180971,0.254529998497565,0.648419321118147
578,0.0293458242831653,0.0863383908524251,0.252949207078862,0.639174550518474
579,0.0293873441319911,0.0865060785918354,0.247610333111102,0.642284243682298
580,0.0293937286429278,0.0875268838307178,0.251603902749066,0.654380228562334
581,0.0293540206353591,0.0859715076763467,0.252240820934284,0.650367243718349
582,0.0293798939753232,0.0865524866512976,0.251801688430167,0.693146870689293
583,0.0294893207143099,0.0874259459723412,0.248864223277449,0.654123593474416
584,0.0294074109196842,0.0866220709241204,0.255568971176586,0.684471564865194
585,0.029352075590038,0.0869660275888429,0.251412910207316,0.6858846234182
586,0.0293435198417348,0.085927776146902,0.251971514740779,0.677188530452574
587,0.0293638940477874,0.0865942553831925,0.25802600783139,0.694345366941904
588,0.0293979062115076,0.0877270798493758,0.26009171546098,0.704868787902338
589,0.029432097571046,0.086572617289657,0.250456379211866,0.650664473966083
590,0.0293847626688003,0.087188338205967,0.252661619270177,0.658104347354284
591,0.0293843116634436,0.0873298828738578,0.249183360307166,0.675706643651406
592,0.0293241123488884,0.0869541655382083,0.250343880298067,0.663347381832771
593,0.0293647371732354,0.0866449029185584,0.257431433196485,0.646351991427888
594,0.0293713178470135,0.0858777409392016,0.253480303380908,0.633597631457008
595,0.0293518072442164,0.0863271265773252,0.254477654462962,0.673108109611259
596,0.0294104178205577,0.0861260010291126,0.249887148893748,0.680951579796667
597,0.0294738520377663,0.0863493671258407,0.251717006329149,0.626402049610816
598,0.0294866190755939,0.0862832314169305,0.253833036630624,0.675116368886546
599,0.0294742968268962,0.0875573508127124,0.248189284143429,0.626780725134215
600,0.0293439564374316,0.0862906934670807,0.256170634189864,0.706883576417871
601,0.0293802573232178,0.0863093861699035,0.254743091673991,0.651044109178437
602,0.0294039923944807,0.0865514580794661,0.251580643201699,0.651701791247752
603,0.0293468498144821,0.0860385058729209,0.26136236050274,0.693170367148978
604,0.0293588004772531,0.0866937832609894,0.253097095701841,0.638268825412775
605,0.0293725076812245,0.0866810477005632,0.25189680034336,0.651113707167916
606,0.0293680925456004,0.0862672661306902,0.248369038603147,0.63572237229131
607,0.0293616046298491,0.0858173388944846,0.256123206244234,0.66634566683649
608,0.0294341017480528,0.0868731795980377,0.258572152139953,0.641148362941442
609,0.0294017634198954,0.086093166710224,0.250654652624703,0.655019886257881
610,0.0293386107226524,0.0858440206580416,0.252971028505808,0.64472401657394
611,0.0293978942637465,0.0865211689068226,0.260222398342872,0.695910170269508
612,0.0294180559356165,0.0873041244925198,0.255544190350135,0.673282174014646
613,0.0294259418637468,0.086729859569806,0.247055626141444,0.635133807768424
614,0.0294754778858345,0.0870361170671873,0.253487325466261,0.673316126814714
615,0.0294040162309573,0.0866611669680367,0.256887748996075,0.643617259267885
616,0.0293882067736475,0.0867034157524439,0.252600571459772,0.65037033733971
617,0.0293353971636903,0.0866265731860497,0.251617742385318,0.670741476259022
618,0.029454633640534,0.086697580256577,0.253594426701693,0.649186494329778
619,0.0293361806295902,0.08610575581867,0.249742041235743,0.648381887620187
620,0.0294293289571937,0.0866194074119586,0.256577479183095,0.658224275420269
621,0.0293614752973154,0.0871922939655594,0.258053411615193,0.67689958895132
622,0.0294357739269961,0.0862524121487906,0.255637237272606,0.68208811920424
623,0.0293646330673444,0.0868002935203305,0.254535169756913,0.677794299484593
624,0.0295061072204915,0.0868373632560539,0.248608950982012,0.632363879718259
625,0.0293763877721814,0.0865965061284162,0.256679046258344,0.639785710471563
626,0.0294282982885371,0.0879192994851801,0.255772418780735,0.638782613107917
627,0.0294123077488696,0.0872713498926821,0.257461452831846,0.655513681812622
628,0.0293658216276957,0.0868292198074415,0.258969089294525,0.699679628166647
629,0.0293376094789951,0.0868921183031663,0.254053951158936,0.647344426014803
630,0.0293622852158321,0.0865349678561259,0.251775444043783,0.655339526874601
631,0.0294513741882054,0.0864015210364315,0.259981411298411,0.643753480004603
632,0.0294057335893843,0.0863609538575498,0.256585589412381,0.701333012098162
633,0.0293762606820372,0.0860152124155976,0.248427413655924,0.669713187136631
634,0.029377671209467,0.0861975498089572,0.249370540336784,0.657345226564164
635,0.029430939645363,0.086855558053261,0.256909185416057,0.667382550455651
636,0.0294029366224263,0.0873210699036021,0.257499710681858,0.672439337468715
637,0.0294436461097092,0.0863661293724342,0.252321981483231,0.643297683770342
638,0.0294512090762138,0.0872507440016528,0.256341974236763,0.654604758816416
639,0.0295081434330228,0.0867281726270893,0.260055940091801,0.724975259609639
640,0.0293838116010755,0.0868703123196318,0.25752846300522,0.639361776434659
641,0.0294474326466092,0.0873831677238323,0.25226060570671,0.671728915579181
642,0.0294467472685447,0.0870642289570308,0.248746429857174,0.668714042678805
643,0.0293864639303535,0.0865521935435841,0.253509642833353,0.643122726474971
644,0.0293380998959922,0.0861546634987799,0.255665325143608,0.658738790942888
645,0.0294115000124194,0.0866020609332436,0.249228171377078,0.627345584471371
646,0.0294536199101213,0.0863466485213559,0.253927451617758,0.665559591429508
647,0.0293159790908147,0.0860268634981442,0.258093347198621,0.643249950321327
648,0.0294009634571833,0.0866178706309527,0.262516399845801,0.647910459082373
649,0.0293872873517015,0.0871306276784436,0.259580165309818,0.660423835683697
650,0.0294375384080673,0.0872863669351985,0.258704128401522,0.655240288798326
651,0.0293993270973502,0.0863509683776419,0.250236748157975,0.663423850295086
652,0.0293714745064482,0.086034589582748,0.247906084979848,0.663889622335638
653,0.0293804424662066,0.0866012757234395,0.259163349326754,0.664482340090013
654,0.0293628906720663,0.0864002282975556,0.249880213229749,0.652266253663759
655,0.02935963181216,0.0858066850371681,0.247805058892931,0.637251280485492
656,0.0294247091176409,0.0870693071426506,0.252537678680146,0.698954673293789
657,0.0294083672277712,0.0869076392645665,0.260616590911423,0.65713902704739
658,0.029356107467315,0.0864925664245644,0.249135812426586,0.653192627254736
659,0.0294428007804468,0.0865320805018608,0.251385495384875,0.687822046242059
660,0.0293759043266984,0.0863433398080721,0.253470091577495,0.645526614404175
661,0.0294118649625436,0.0868617260225036,0.254073330123847,0.659581797357667
662,0.0293788297536512,0.0864494806888368,0.260788218655062,0.637223883987188
663,0.029370950710707,0.08675929923506,0.256459774982133,0.65202141620226
664,0.0293606307732194,0.0867826196577473,0.253600737803351,0.671243025377605
665,0.0293866915016437,0.0865359648411658,0.252099062128739,0.670131912350738
666,0.029386638740151,0.0864208614005539,0.253629951641325,0.667619243357277
667,0.0293543102037557,0.0865306626660567,0.263377927658957,0.684607719018984
668,0.0293318871397327,0.0861658830807354,0.255127934458361,0.630093689562808
669,0.0293935877229348,0.0866745548457405,0.253696098807873,0.644877475667487
670,0.0294059261358553,0.0867460019991641,0.24978067537428,0.638260761999566
671,0.0293693090560201,0.0868137185006759,0.256970284411678,0.670231015726039
672,0.0294257637292222,0.0866668009304673,0.258558419344094,0.713298002246597
673,0.0294717065011359,0.0875462727100426,0.25152185784797,0.65795247188911
674,0.0294219690827403,0.0868335531041708,0.248216839356949,0.654962580997505
675,0.0294297610622191,0.0865413393869735,0.255356594378273,0.627208313686284
676,0.0293439717711326,0.0865544688952421,0.257035681931823,0.667144687162508
677,0.0293129299518242,0.0866109713891203,0.249738969694899,0.64621161727215
678,0.0293332583972483,0.086696833159512,0.253826297679851,0.65422325305537
679,0.0293676058452796,0.086725559242449,0.248392599298551,0.666923346297027
680,0.0292921863265494,0.0864027324124803,0.250209035355816,0.680913139384596
681,0.0294236879585249,0.0864072503474652,0.25048955871867,0.630014145603411
682,0.0293897169659139,0.086578957608668,0.256699450462248,0.63752940813761
683,0.0293067345643213,0.085602846595238,0.250640637486553,0.651728125346758
684,0.0294062640810441,0.086774136766147,0.254413955550483,0.648163133074636
685,0.0293943614142333,0.086860835956487,0.254833254344784,0.652955693562016
686,0.029363607980997,0.0866136053622531,0.256413240700376,0.67593628862493
687,0.0293456582160194,0.085744019277166,0.247407588971793,0.631202293181905
688,0.0294152173000875,0.0865708130847847,0.250077297827235,0.640702343208819
689,0.0294203566233791,0.0870422183724021,0.258576957805331,0.631785894223076
690,0.0294248378015926,0.0870472937410475,0.258200248910294,0.656290750012759
691,0.0293679352182017,0.0865034373652449,0.25071791330976,0.681212507570162
692,0.0293977932596747,0.0867996560419094,0.260335281554894,0.640569593437867
693,0.0294455860497539,0.0865335592687674,0.250585950989889,0.648615255727464
694,0.0293622186726546,0.08635737129434,0.251595144594257,0.650070270501654
695,0.0294519357787993,0.0870784096440036,0.256361312256257,0.65230129017042
696,0.0295020276118543,0.0872107391866058,0.253664466880004,0.623182951409863
697,0.0293807520118117,0.0871195959296025,0.258664159780222,0.64281941246986
698,0.0294163907579,0.0877028470184947,0.251330276445355,0.636172892631467
699,0.0294454838999145,0.0860780199701948,0.251912951792006,0.666007890880827
700,0.0294480605134064,0.0861839220638156,0.253890884012834,0.696280462487985
701,0.0293754022802524,0.0866213671753431,0.247407007795153,0.678614185668743
702,0.0295448264777493,0.0872211043106569,0.261363581912784,0.644699534581743
703,0.0294198461255528,0.0869342891601663,0.256505884984304,0.652905841449045
704,0.0293398473773639,0.0864677566426418,0.25141410612577,0.650305610671896
705,0.0293718847242965,0.0873972373480229,0.251703570698184,0.680346884221488
706,0.0294191702437766,0.0867797723079405,0.248519978864291,0.651601196344392
707,0.0295012099667325,0.0872628306018648,0.257610143641236,0.667699112708497
708,0.0294384000244909,0.0867242759796198,0.249222543276805,0.67158070213235
709,0.0294394478425377,0.0862828129998082,0.249162189802252,0.644298578559715
710,0.0293456818122241,0.0857129136635746,0.251883245136783,0.647517165175798
711,0.029462268984338,0.0869009388503837,0.25407885282352,0.635125617391214
712,0.0293097523994915,0.0854702283799673,0.246923644104435,0.68882132464236
713,0.0293643830791926,0.0863441028022313,0.256598484295888,0.628681635171968
714,0.0294725427265657,0.0873089603939331,0.255346997184055,0.677342030714089
715,0.0293009176575771,0.086635795959883,0.258110030112077,0.685468000237482
716,0.0294039165337072,0.0861321497167535,0.257644056808764,0.658414703417353
717,0.0293817470690341,0.0867549844263046,0.255785133875626,0.665292368865992
718,0.0294554681127892,0.0873762295511102,0.253537487300116,0.661998374183521
719,0.0294376659801648,0.086903262674706,0.253938532720402,0.605792284953785
720,0.0294528515957253,0.0866472102634461,0.253486001261381,0.649420703372885
721,0.0293343073621007,0.0857465733096165,0.25123934713692,0.640795343933612
722,0.0294213979301053,0.0871504096923283,0.253345874304011,0.632636342946015
723,0.02938618512538,0.085965551467396,0.245572875359182,0.623106399728025
724,0.0294658649439275,0.0868523166445449,0.255468813351473,0.638628828449701
725,0.0293548108951086,0.0864297762935961,0.256541933253807,0.648118153146722
726,0.029274044036503,0.0863310536226314,0.259626806763355,0.699616168673317
727,0.0293726650510114,0.0860069857662785,0.254093114169981,0.66058131540217
728,0.0293884026853132,0.0870586163075058,0.255817132612552,0.641561283607491
729,0.0293949378087016,0.0866167613385757,0.250821933593769,0.604853499402481
730,0.0293431334295589,0.0876213630162877,0.255112449964148,0.655874105559034
731,0.0294012446699029,0.0865326606427981,0.252209662005514,0.665021123648371
732,0.0294978010862794,0.0866268069679853,0.251775212643716,0.674373053482749
733,0.0294372914010804,0.0864512947061876,0.255156744503662,0.636727454518315
734,0.0292739594673801,0.0862613229422979,0.248175108967379,0.666459796424643
735,0.029358363815555,0.0871009500039692,0.25603547931146,0.628904656801056
736,0.0293928834293228,0.0857624035680893,0.247851571875267,0.647482981219964
737,0.0293411876449614,0.0864067776387878,0.255421669998862,0.645401616166023
738,0.0295355455724998,0.0869138788334872,0.253049071138665,0.689110612036622
739,0.0294170338907911,0.0870353032104109,0.250235919935574,0.682141172110203
740,0.0294291588467051,0.0861842291669563,0.253621087055061,0.629996042965744
741,0.0293935753945031,0.0871428575814823,0.255950945353749,0.644553984751907
742,0.0294602766579419,0.0869894021713219,0.25752862227783,0.636983183747623
743,0.0294537379659481,0.0876745142717875,0.253607303998047,0.673687206679243
744,0.0293530373927648,0.0865344904054807,0.256458453493903,0.634065458519157
745,0.0294822336171257,0.0859749609209849,0.254163065429239,0.69082498410572
746,0.029372843580459,0.0865047656821307,0.260312773458257,0.696090783986983
747,0.0294277661468809,0.0876572323687806,0.252462176775103,0.631056025898382
748,0.0294520168482075,0.0863918414563421,0.251459445023782,0.674985088545946
749,0.0295078554486639,0.0862416811575451,0.251819252273976,0.679840983542073
750,0.0294670932303983,0.0873659183525554,0.255706843230307,0.663755319706642
751,0.0293786718549841,0.0858330675468122,0.250391800409012,0.651540442642637
752,0.0294178863871963,0.0864329763028142,0.254781531952162,0.648603778758293
753,0.0294152775819557,0.0865862334438096,0.254346067957728,0.637540547360986
754,0.0294601112703268,0.0861653871521908,0.248136052654188,0.629005446851672
755,0.0293165243231896,0.08606379332972,0.251648297207963,0.670331825522382
756,0.029364502885702,0.0862255982564524,0.248814117064918,0.67816349259252
757,0.0294375610575657,0.0863706424991815,0.25302526083021,0.704189374445125
758,0.0294522158886861,0.0870958565479822,0.256601236384077,0.660833434781364
759,0.0294389056301252,0.0864500392331781,0.25040069269649,0.658335756499966
760,0.0293850760106782,0.0860843412417286,0.25311128093985,0.654557726112872
761,0.0294655008535587,0.0866810766936985,0.255873127040926,0.64955926116664
762,0.0294763198629104,0.0872484145364437,0.258004028932709,0.657459097974233
763,0.0293397312247498,0.0873026874646533,0.253040252592097,0.703391290634658
764,0.0294001425113595,0.0864612298099081,0.250227240505079,0.67517692186077
765,0.0294107486036864,0.0867085843391966,0.253538544604891,0.693810985186146
766,0.0293249041317437,0.0865407161299864,0.250216691683657,0.642133082139538
767,0.0294168390743585,0.0866910310274103,0.25607512201505,0.652958001167024
768,0.0294354067996719,0.0863218017610833,0.251376857125459,0.653469795607459
769,0.0293451566714522,0.0871977937699946,0.247565247226147,0.62456702648534
770,0.0294380393723542,0.0866871700447998,0.253108676930521,0.691159369718687
771,0.0293467929863504,0.0863060559923361,0.258350547522431,0.704622655950578
772,0.0294899659514877,0.0866795851502318,0.254688399797436,0.690831612780015
773,0.0293119137144139,0.0863285990713038,0.254229230529499,0.635837001328748
774,0.0294822674854211,0.0873722106039372,0.256718064057749,0.65341113819234
775,0.029360073702535,0.0858393013702188,0.24961181029421,0.682282950117041
776,0.0293914466405581,0.0869502848441403,0.253947985601927,0.661141393523917
777,0.029371924987756,0.0864971163853913,0.25877991214122,0.661051825079207
778,0.0294016081246982,0.0869582548600448,0.257400449077241,0.700154864244222
779,0.0293148300541319,0.086365660618409,0.252453029436177,0.66022699063394
780,0.029449781580271,0.0873782429478777,0.256965989828536,0.656792715941346
781,0.0294064955367003,0.086940121242654,0.250591304959654,0.631159430695468
782,0.0294073610491391,0.0868660254702006,0.255308542415551,0.654023241458593
783,0.0293840251075935,0.0870452689768965,0.251591091210907,0.714174149242226
784,0.0295088954183384,0.0868328400428016,0.252686706606898,0.680513094429817
785,0.0294477919330001,0.0875509755192241,0.251413174180736,0.630660127625405
786,0.0293286843823315,0.0870360255766933,0.250053795957944,0.672593117611388
787,0.0294447890489037,0.0871743775592767,0.250989765715752,0.643341944285119
788,0.029333131426306,0.0862718129773738,0.254964426638408,0.656470518076359
789,0.0294031320008463,0.0864133060155641,0.249914500551398,0.645927728788295
790,0.029378220924473,0.0867897362161568,0.252303332349994,0.653796748804848
791,0.0293875240832977,0.0868014369945122,0.252149561583585,0.616469800336614
792,0.0293856093403362,0.0861394445998586,0.250066639392993,0.640603378852687
793,0.029440095560225,0.0866252777161158,0.255029247106616,0.653704858732841
794,0.0294658084169753,0.0868791957214445,0.251794636597506,0.707534229187317
795,0.0293649630750609,0.0857792450564867,0.24761358133361,0.682061916291866
796,0.0294242200601106,0.0861714950740889,0.250823754713697,0.638121526120812
797,0.0293575759456095,0.0864357516172558,0.254424108264775,0.688721483346702
798,0.0294366287641402,0.0872927168549342,0.249938840221444,0.652439585829835
799,0.0293371891692818,0.0873184599311787,0.251558346785319,0.641126607427475
800,0.0294251952170346,0.0864688612085716,0.254096083636987,0.654036726044006
801,0.0294308633857983,0.0868237334041028,0.254084649858542,0.685614119498029
802,0.0293444923857436,0.0870610898735968,0.254205289907547,0.64671392139934
803,0.029406371369475,0.0865941660236363,0.25482308617801,0.712253872222461
804,0.0294665255427484,0.0868354932263581,0.255238309520175,0.651283006553134
805,0.0294219852594218,0.0872811935041289,0.258570532710208,0.661722513710685
806,0.0294647231109345,0.0864025997567477,0.252346878024997,0.660862901797916
807,0.0293711791733465,0.0868858000328253,0.253063278169583,0.66121864270646
808,0.0294121971016724,0.0872334393307218,0.257848022652655,0.640902224910318
809,0.0292815598149675,0.0860166117708473,0.253036331179071,0.652054327129557
810,0.0293845852275244,0.0860198438841009,0.249039992815841,0.682227977441739
811,0.0294437729393681,0.0861561784190064,0.252006390542179,0.614961412452466
812,0.0294656650118124,0.0862916626904911,0.252342078060254,0.650256249456203
813,0.0292877441778379,0.0864575437072208,0.249659024597598,0.666779871469253
814,0.0293808465131758,0.0874843440522489,0.263357907510258,0.641767730179841
815,0.0293648610197168,0.086353681795087,0.258748465926123,0.656397381726912
816,0.0294395843320771,0.0871868394913122,0.255448689251322,0.633237525706652
817,0.029416955634096,0.086398295790907,0.253787622944008,0.663921806922129
818,0.0294357970730691,0.0867162829739292,0.254126526572177,0.657393233123103
819,0.0294176335096164,0.0867335305367256,0.256016407168923,0.658531123304883
820,0.0293979296268019,0.0859846008523257,0.253693122391276,0.683033510960101
821,0.0293207334750099,0.0870101471306683,0.255338329019307,0.661949757689724
822,0.0293640936952854,0.0863886694215374,0.24817631616089,0.649187841341019
823,0.0293962109155665,0.0864462283861979,0.252461267516475,0.619303695015925
824,0.0294854395355584,0.0871889874239964,0.253107835348182,0.622539536819756
825,0.0294127000290618,0.0873200022629605,0.257840386521148,0.666937851875106
826,0.029259880686722,0.0858587062005166,0.251130445240282,0.71444533443963
827,0.0292953257803989,0.0863248715191829,0.25323725660445,0.692432007078328
828,0.0294802151009933,0.0871206362050092,0.256281881978752,0.63786704867877
829,0.0293952268540905,0.0863057111765184,0.252315305404829,0.691197301346793
830,0.029380325696476,0.0867150576935808,0.255392483834438,0.650432447265342
831,0.0294264243318083,0.087023558175984,0.263018999699901,0.638921142008957
832,0.0294534829523571,0.0862260253576083,0.251027833864732,0.677605846693547
833,0.0294311038294758,0.0866008833938093,0.264294672734356,0.66190298324103
834,0.0294092787383984,0.0867250120868862,0.25279340435004,0.660754450917774
835,0.0293071136902391,0.086472585045918,0.250838999797025,0.64307857991447
836,0.0293842773284807,0.0863859781859463,0.25333261061692,0.653167757895881
837,0.0294854343373217,0.086660938371784,0.250519588828065,0.680867157092488
838,0.0293796543426704,0.085852363553821,0.253842680695022,0.67777639186585
839,0.0294204100805135,0.0864725902540596,0.247537955367503,0.652632503095477
840,0.0294152085838059,0.0860656536556138,0.249260472572066,0.677111626091624
841,0.0293847225863525,0.0869192068340509,0.253232516305762,0.652685618664319
842,0.0294539050327611,0.0872107462736582,0.255389299665744,0.687867755211512
843,0.0293810540412195,0.0856273923395119,0.255590796212967,0.676988258563155
844,0.0294309192201675,0.0868677571417643,0.248440520733483,0.669064015037316
845,0.0293976445514876,0.0865609468283314,0.24523250199439,0.632549586221661
846,0.0292597843662689,0.0864522326759843,0.254393959146369,0.633348404916198
847,0.0294009243218817,0.0868614408181337,0.251877392618234,0.661551751111368
848,0.0293997608260451,0.0872842460538574,0.250044362802888,0.619060396928495
849,0.0293231569931489,0.0862618578026551,0.254106444619383,0.686408515256969
850,0.0293616185167372,0.0860612888261034,0.256611351763863,0.617558802552341
851,0.0294319097804276,0.086329060859163,0.256754074563516,0.646904907882876
852,0.029361084586356,0.0868316374206151,0.255528642383506,0.679951259218851
853,0.0293867698550926,0.0859702429632794,0.258431794284477,0.688524158385765
854,0.0294506984370874,0.0867069529782313,0.25265030212529,0.647272845536572
855,0.0294314823945668,0.086960676880932,0.260046228528469,0.637920951730313
856,0.0293329191616551,0.0860789256348142,0.253608745450703,0.638388655505495
857,0.0293539691761216,0.086428932619832,0.258626754058033,0.636835446107661
858,0.0292906584546885,0.0858791285420731,0.254731268619865,0.639414192135205
859,0.0293887537214939,0.0867728586944492,0.252704180836141,0.651775196804537
860,0.0293787999088753,0.0853056157788888,0.248508547878741,0.617702391759721
861,0.029374519722949,0.0870338139376935,0.253007026709479,0.667371938259918
862,0.0292930953580356,0.0861365060136069,0.251687932756725,0.697486399975586
863,0.0293952648611714,0.0858719858241444,0.259091956126226,0.680149617354607
864,0.0294819995919506,0.086522991047021,0.261102807652259,0.676969681284976
865,0.029407542799395,0.0856046757679052,0.25714263331683,0.678441952954551
866,0.0293551804776961,0.0861814133428349,0.251357854190332,0.668388736089324
867,0.0292722450273823,0.0864291027876313,0.251279492633131,0.655787752582008
868,0.029334520826852,0.0866788179206512,0.254686443478906,0.645737348531737
869,0.0293663455242428,0.0861950150668793,0.255336059177862,0.716296993021786
870,0.0293350265818485,0.0864770956916314,0.250906032078353,0.646487330826262
871,0.0293986342401605,0.0857685196600496,0.25074108648838,0.672578403831731
872,0.0293364069323413,0.0861797045216102,0.25037192329156,0.63242349077258
873,0.0294473967143993,0.0867594717005397,0.257623680059116,0.671180852972697
874,0.0293539138254721,0.0864679335912852,0.251008128235491,0.653593262202138
875,0.0294190299679348,0.0863518403365795,0.255885011488167,0.67720589992954
876,0.0293707978699119,0.0869078065039602,0.256632357489741,0.717406098279892
877,0.0293982104097483,0.0867610275770527,0.258852191341318,0.673636848656052
878,0.0294195704953921,0.0865011818943472,0.249317626823881,0.62780318192638
879,0.0293827836061409,0.085954905443423,0.252469510663171,0.668320686818845
880,0.0292933786883013,0.0875537471404923,0.249040217170349,0.665018939793808
881,0.0293925638938725,0.0865821105989745,0.252226960692972,0.714426904998311
882,0.0294439182499562,0.0874399997169278,0.250551726710734,0.660563519746483
883,0.0293411482474081,0.0862011347013924,0.252580244880105,0.671047412357114
884,0.0293310288484582,0.0864060583367102,0.256152324959225,0.635217894324682
885,0.0293590676450923,0.0866375276118803,0.247351688610342,0.641610054883238
886,0.0294687015528205,0.0863767005300873,0.255919416945974,0.683936014208429
887,0.0293890172259564,0.0857890950883114,0.255285359982398,0.615932965413474
888,0.0294624595040556,0.0867066045365541,0.259460010818492,0.678525602602925
889,0.029309805686356,0.0859125829579221,0.252564945978913,0.659311246796429
890,0.0294495118266715,0.0866414486260327,0.250587041550322,0.633506615356598
891,0.0294183288946778,0.0859657982083004,0.256310891304282,0.658912783517597
892,0.0294053892486546,0.0872880150144195,0.257694608712743,0.687997850919696
893,0.0293847178463942,0.0863694922503102,0.252930464529898,0.653527360832051
894,0.0293956672666718,0.0862216282653193,0.253468481013952,0.624878026506583
895,0.0293302048603716,0.0861528188657011,0.251738867254254,0.607498117204477
896,0.0295105800397512,0.0873963168502926,0.264153155777586,0.662197318948939
897,0.0294708556693242,0.0871546916960892,0.254619096711359,0.698583616598287
898,0.0292802748074611,0.0867156703719546,0.253402543074451,0.652686396633231
899,0.029425527453969,0.0857696413318934,0.258981904076076,0.627478215018191
900,0.0293771461964601,0.086511137444906,0.253796834171356,0.670130410000697
901,0.0294254021311371,0.0868064685514868,0.254461201848113,0.651440761979405
902,0.0292640211749755,0.0863627177080978,0.255912193519806,0.680527401736506
903,0.029475663929083,0.0866255246445195,0.255589818247159,0.623073636099858
904,0.0293614339783973,0.0857852472573927,0.257060548429892,0.656635547155117
905,0.0293051223177761,0.0858783183427172,0.251178821239306,0.67784219534463
906,0.0294787901342383,0.0868763720488655,0.250694937861856,0.644165451990374
907,0.0293771580010197,0.0867702016940308,0.252661276748496,0.691403890131864
908,0.0294050403020168,0.0868382996450361,0.258372089246335,0.664826244052996
909,0.0293312830464349,0.0857082463688108,0.256647025264465,0.63362423751379
910,0.0294527433180171,0.087002311643312,0.258030741860859,0.723022063487471
911,0.0294496857573039,0.0868123840665046,0.257512828985954,0.669182134500197
912,0.0292672599296751,0.0865475171281847,0.25669400415128,0.679780724075179
913,0.0292860254970579,0.0866345032374567,0.250014209789299,0.654827023459297
914,0.0295076817905723,0.0867549641315651,0.251835563413394,0.668329418116546
915,0.0293835200736754,0.0861719931096313,0.255606188865092,0.695873719155963
916,0.0293526629993313,0.085695388452287,0.257754594482938,0.674931732497641
917,0.0293277747818,0.0865587242227991,0.254930355814386,0.64451661495756
918,0.0293136334478015,0.0861010080796796,0.253569308588252,0.679646700478016
919,0.0293510085973713,0.0865779052315987,0.258175133152281,0.651099842767522
920,0.0293745627818183,0.0866832819543078,0.261309033624119,0.640095281804883
921,0.0294346885733692,0.0873996903394972,0.253394433865839,0.641215164275833
922,0.0294959350457589,0.0861613357517318,0.255559245045246,0.668487412451196
923,0.0294072559622035,0.0867306785627849,0.253553494524455,0.658052863703248
924,0.0293890934668696,0.0866093340685547,0.251749118286957,0.661534393841272
925,0.02945390242601,0.0873319432336178,0.252727994965025,0.635528686229146
926,0.0294716217690156,0.0872698488141164,0.25185510965124,0.619595335656089
927,0.0293630042389046,0.0862157324910598,0.252021322115925,0.652545797723406
928,0.0294291948302095,0.0871976301331917,0.258952197919369,0.679403223735611
929,0.029364510338732,0.0870095728613517,0.252885226741522,0.6454154634729
930,0.0294152251483945,0.086986071228065,0.25577506070556,0.681475736216231
931,0.029355152424921,0.0862495944462034,0.251196929635003,0.668005436351954
932,0.0293164900243396,0.0874168706902482,0.261361153376145,0.698211991197167
933,0.0293726686084112,0.0866419562131592,0.251593570304587,0.659578271920454
934,0.0293747195286848,0.0862962559676025,0.248464405812453,0.63252115466448
935,0.0294615490932586,0.0871934810439858,0.250405267839399,0.665070012820264
936,0.029364288946367,0.0868938930885899,0.251945078834323,0.677351676334316
937,0.0294482619972604,0.0863756702206822,0.250489914480765,0.63541338064669
938,0.0294401085878077,0.086414109894072,0.254352763262882,0.652997220084954
939,0.0293955310056032,0.0860681944462585,0.253435177306888,0.635130592609499
940,0.0294374509927158,0.0870001115513116,0.255001994158263,0.647406952629449
941,0.0293877241767814,0.0870830740101225,0.257748933114079,0.667860623581664
942,0.0294501734250376,0.087007995952837,0.246425618956464,0.639640477680612
943,0.0294562583592596,0.086675636409075,0.254716621995903,0.634782565200702
944,0.0294807492545155,0.0867452500604839,0.253694965772125,0.66771232988482
945,0.0294007411012774,0.0869594157837528,0.252177541453951,0.664951906930619
946,0.0294440042666071,0.0868308530489379,0.253101470771682,0.618024361682589
947,0.0293254132219498,0.0857941470535742,0.256028289759396,0.649077335298203
948,0.0294297379230087,0.0866727312422217,0.253257507250379,0.641357657814142
949,0.0293778174682416,0.0860951772099306,0.252946902682553,0.676495242835663
950,0.0294129745389305,0.0865924550965932,0.256658646299091,0.656747065335659
951,0.02938490407706,0.0873847788908656,0.249187958976575,0.641898203678007
952,0.0294425315438569,0.0870297442913374,0.260436654357118,0.656229590784764
953,0.0293632835109198,0.0868169190934379,0.250717726287597,0.673069634340743
954,0.0294126123587611,0.0878778458897909,0.266150789469041,0.693231221174552
955,0.0294308920173779,0.0868706655278469,0.255898243609066,0.630986676624231
956,0.0294209355071572,0.087580724621349,0.255015891214603,0.655967168491776
957,0.0293553555626761,0.0868576624802641,0.253286681234,0.689833293447077
958,0.0293389388368836,0.0871415372026877,0.252108093635453,0.655699084407288
959,0.0293676249008718,0.086647727383496,0.24995109115411,0.671220670950948
960,0.0294125503207616,0.0867494461812118,0.254188450799473,0.688289219193949
961,0.0293714322575375,0.0867731986971372,0.251118527610623,0.669265784754722
962,0.0293923891213515,0.0854033014932036,0.247164867325857,0.650387143236404
963,0.0293326025012111,0.0866324277507748,0.250272059669964,0.653828334992887
964,0.0295464778848637,0.0871795987480662,0.250050507326997,0.684804435014126
965,0.0294350266847912,0.0869622676578715,0.256178615687661,0.666776743975858
966,0.0294363449238686,0.08682279983173,0.252718424615848,0.647878084579771
967,0.0294021552706592,0.0859150812311533,0.252132960470601,0.625383420295706
968,0.0293519970272452,0.0854746570734763,0.249024273733289,0.641294385300094
969,0.0293903175327369,0.0870635098725235,0.253403852790075,0.665984071992893
970,0.0293444339917984,0.0868453288296168,0.25389694822833,0.622053092976495
971,0.029393092239275,0.0865587478775037,0.254651846102248,0.700030639035537
972,0.0294695947300439,0.0866432341532001,0.251247677923941,0.668474405028691
973,0.0294778625515021,0.0865035566231412,0.249904220031403,0.678424975418543
974,0.0293627392190749,0.0862510263758922,0.253291024395771,0.647263145674242
975,0.0292974492215578,0.086263625806241,0.254121583760462,0.66672721418532
976,0.0294254275280045,0.0869856478199424,0.248050059206235,0.665216402459155
977,0.0294289856236737,0.0866121539106524,0.261221195480842,0.644543291720043
978,0.0292846519042326,0.0854486051947047,0.252197172797438,0.65134044846995
979,0.0294455580167425,0.0864327374901111,0.25655277458242,0.67006053089964
980,0.0294319249413376,0.0860880352886863,0.248140739861597,0.64057042064106
981,0.0293006678128109,0.0862094945713639,0.254192987806698,0.670725447213598
982,0.02948349807345,0.086293192414201,0.253456616971334,0.617521623378032
983,0.029406943718654,0.0862910835015384,0.257586822920186,0.699225865590907
984,0.0293528547909371,0.0858714231651637,0.251211568079375,0.677879344975699
985,0.0293477964160086,0.086362776763776,0.25710909112413,0.672061351062732
986,0.0294012412689106,0.0866609371914561,0.25145178621881,0.683276673173066
987,0.0293673419743568,0.086876595697092,0.247508284753676,0.652986443063225
988,0.029421453713722,0.086754612071208,0.252596996483098,0.684846446998213
989,0.0292862552816518,0.0868660971470325,0.251099044041091,0.665411623098623
990,0.029470791315637,0.0872184553078469,0.259605565219349,0.699846952720753
991,0.0294292390010172,0.085260799327731,0.250035471100213,0.666694317436094
992,0.0293877993799679,0.0863649417462687,0.253648041697079,0.644182473786024
993,0.0293821547411431,0.0865410231768869,0.254894537830498,0.701702967051534
994,0.0293318053668973,0.0870131528243032,0.254290700632315,0.696031823989941
995,0.0293985999932938,0.0866415033224284,0.252200916143116,0.665484975742878
996,0.0293755040293536,0.0870042700323222,0.246513661158621,0.633204251105301
997,0.0293643470414632,0.0864761836117282,0.259829857705598,0.702009276055619
998,0.0293631287807961,0.0864034324916784,0.258598457073794,0.647300767966177
999,0.0294309306168487,0.0874347442088049,0.25393929516873,0.636993907624063
1000,0.0294574913301265,0.0873219059180938,0.252998035497328,0.6459664653733
1001,0.0294924381541251,0.0868866645764914,0.256253870483437,0.694485963641097
1002,0.0293967621989669,0.087311972567494,0.249847111792209,0.63664662438621
1003,0.0293576472966122,0.0864551373988011,0.24878489903949,0.666817152141549
1004,0.0295039080820173,0.0866366827112,0.247284311252935,0.631722480704705
1005,0.0294377397526781,0.086691390192912,0.252342884547721,0.698354680758361
1006,0.0292959910672346,0.0865772688183822,0.252008332267457,0.673404588667795
1007,0.0294888847083493,0.0874547121101006,0.252683822502376,0.609123969394296
1008,0.0292824991037644,0.0865241384518225,0.253062609310074,0.676632361279181
1009,0.0293552920625752,0.0862757002128441,0.253309673213697,0.637033963993525
1010,0.0294712919955579,0.0868310756614471,0.255032928383796,0.685849489286422
1011,0.0293833884326487,0.0861946705473543,0.246482114457309,0.666386392043176
1012,0.0293478168850861,0.0861432951871182,0.248340219509514,0.62526790099071
1013,0.0294680060482778,0.087628788588498,0.258121427905352,0.652420661511166
1014,0.02932060290915,0.0854657107399064,0.246649709197747,0.649476905143429
1015,0.0293468056790016,0.0871286709323185,0.2606801350482,0.679532960500105
1016,0.0294407258971616,0.0866780294398457,0.250267967054261,0.652762241183432
1017,0.0293458581412908,0.0869702443506087,0.254092397610202,0.65349364526717
1018,0.0294459061639217,0.0870437672868979,0.253093260482876,0.685992664717626
1019,0.0294916947600091,0.0864308155467102,0.258720067613553,0.656434684950544
1020,0.0294869871579385,0.0873230007125796,0.259591707392097,0.679391722511544
1021,0.0295206370810999,0.0872169348134492,0.263128969047675,0.667443724141805
1022,0.0294628637705881,0.0870137112145048,0.25868057848975,0.647904014478541
1023,0.029390879325204,0.0863175612553664,0.260481656266212,0.68532490109741
1024,0.0293460303946934,0.0857316361439148,0.258686373954423,0.660520213562893
1025,0.0293600513723586,0.0865218307278464,0.255063970020405,0.681809928122085
1026,0.0294021910548272,0.086768025571132,0.254764480897725,0.665592034938809
1027,0.0293778645764656,0.0871043429312125,0.252379557641449,0.676087843026017
1028,0.0293947053878937,0.0865611659073355,0.24794560972126,0.645116830886492
1029,0.029366708077682,0.0864085649607655,0.258912222664736,0.665594236127772
1030,0.0293468953797972,0.0862078995467466,0.250211967514968,0.62084472207425
1031,0.0293795867350356,0.086845900947445,0.259478171735278,0.695233636048167
1032,0.0294488920795488,0.0867459966408178,0.256257315881877,0.658883641169263
1033,0.0293781435803972,0.0870849063719773,0.251923695418083,0.655049579030995
1034,0.0293448133138539,0.0870388466963927,0.255902693978974,0.660634331871172
1035,0.0294649598228242,0.0859712638268249,0.254094301587665,0.641188082593481
1036,0.0294357305127625,0.0872756008768067,0.252080848261297,0.669903510935025
1037,0.0294486964722513,0.0864075167130258,0.251727118280609,0.668276504411175
1038,0.029444224564544,0.0868098391364717,0.260031220496811,0.70413813513611
1039,0.0294123965129765,0.0862477716610202,0.256934113745467,0.64344623892874
1040,0.0293888190181306,0.0871375426828876,0.252641798035697,0.683629828811749
1041,0.0293479118673918,0.0870710392956685,0.254592238314777,0.661701604825535
1042,0.0294463186692345,0.0873719915247705,0.253691556622753,0.687722533580167
1043,0.0294391751967619,0.0857569354452073,0.258038798167251,0.648428448219714
1044,0.0294692454052184,0.0873062552422074,0.256234397638979,0.639997521154313
1045,0.0293578081386004,0.0855672568107445,0.252861027072239,0.632040316334989
1046,0.0294704359076563,0.0867438271235499,0.246319997230358,0.637980347710364
1047,0.029342597521095,0.0867049372709113,0.251522399729087,0.644663056396085
1048,0.0294455824205762,0.0864156706014412,0.25187803411717,0.624285262295341
1049,0.0294382607094875,0.0861432713843967,0.254555041811986,0.696497745095958
1050,0.0293643361782632,0.0870197897535023,0.25534413970754,0.684788148617988
1051,0.0293643951713605,0.0863692927715895,0.245618448128197,0.635670179458176
1052,0.0294301594235353,0.0858390480043087,0.260246799266372,0.68605035981788
1053,0.0294571852408533,0.0871638688065985,0.255831343212372,0.660785371522902
1054,0.0293904502403477,0.0877871565950798,0.261901237848483,0.682102978730267
1055,0.0293187711028576,0.0863732539878378,0.251690314788287,0.694397460987084
1056,0.0294166872090154,0.0867760636966405,0.263102411058004,0.676443299448037
1057,0.0293544232340298,0.0870545368173188,0.250269793583768,0.681498641458028
1058,0.0293215212817313,0.085743017488134,0.250699061897102,0.645802747082338
1059,0.0294778529616372,0.0866423076652028,0.259915652821491,0.66521725986191
1060,0.0294560145137191,0.0868009415775474,0.260667163498442,0.681588118648459
1061,0.0294642867862182,0.0875808924920441,0.252963598337171,0.641061436635633
1062,0.0293978145908166,0.0866702086895185,0.253507321731029,0.62430228719268
1063,0.0294456323340402,0.0865578746230247,0.248292334627263,0.652241589284427
1064,0.0294032810501926,0.0865561390671355,0.246958908468997,0.598271349836383
1065,0.0293043251690162,0.0865561758742654,0.249340864921268,0.660846680453613
1066,0.0294016238470639,0.0866339561403796,0.253797869779723,0.653987601713205
1067,0.0294466343055099,0.0870454099939526,0.247332447744716,0.666339902111473
1068,0.0294498163216478,0.0868965587037623,0.250396356476275,0.61089346319845
1069,0.0293163787417839,0.0857855796143868,0.25764128074643,0.666394091341351
1070,0.029416079886738,0.0860283549216398,0.251705656834562,0.645821312495035
1071,0.0293069908624979,0.086897629651096,0.254378958161239,0.628047624671431
1072,0.029405698238799,0.0865879303137405,0.254066296632325,0.664677534541847
1073,0.02941201841546,0.0859335457018261,0.251547987024164,0.636894138494149
1074,0.0294496039041086,0.0875518569319081,0.252163445081616,0.629638872750953
1075,0.0293581752992927,0.0861587664555943,0.254439506694227,0.604810349175047
1076,0.0294494422652213,0.0865525629504287,0.255074833309275,0.675222807438266
1077,0.0293110475212743,0.0862020078852462,0.253212363793915,0.683312448715027
1078,0.0293854118142919,0.0868112889171989,0.256501423531217,0.682021608313596
1079,0.0293704834911902,0.0865370719647957,0.247253808095565,0.657581134582855
1080,0.029411889778668,0.087429861257298,0.257827253460554,0.650205827246722
1081,0.0294010085060638,0.0862859928008265,0.256314615009545,0.63216553635814
1082,0.0294419352845214,0.0874861923532914,0.256424669675298,0.68093703284842
1083,0.0293650567269565,0.0867610333420278,0.257804169938124,0.695712139257555
1084,0.0293791881243547,0.0857598503856809,0.253382396459854,0.689403601072754
1085,0.0295168038039412,0.0874884394870963,0.257093201921994,0.661290790123771
1086,0.0293721500224721,0.0861943015216416,0.254448134900234,0.624258585705503
1087,0.0294130467171599,0.0866028308200359,0.251034813752682,0.679856627723983
1088,0.0293410330400616,0.0868387129132462,0.259925434430002,0.650196550947723
1089,0.0294205962053898,0.087400239889703,0.25925757546797,0.653091200763611
1090,0.0293891217701409,0.086524941488436,0.250956661096497,0.634858078221449
1091,0.0294399367039526,0.0859041490664985,0.250358520030065,0.616868606241015
1092,0.0293038397152001,0.0865681384001965,0.251092994242917,0.644665609409781
1093,0.0293786271098876,0.0865355915860769,0.249090753112125,0.655319232582644
1094,0.0293147186141935,0.0863567971817414,0.262026668807183,0.691819353068418
1095,0.0292851298783556,0.0872149987417746,0.259882310293879,0.62588971900418
1096,0.0294861900026299,0.0868141983705842,0.249851892095097,0.659245340374081
1097,0.0293657308677209,0.0870965090460486,0.261444465622459,0.662792328226791
1098,0.029401927774991,0.0869060418446491,0.248942992984571,0.645316199065446
1099,0.0293821241188556,0.0873576653375334,0.255126168193813,0.638055215099673
1100,0.0294886043856433,0.0873047302589308,0.255949043184795,0.654778683291825
1101,0.0293933680005682,0.086054803399349,0.250402088685087,0.696234404826825
1102,0.0294271118132812,0.0872515993164024,0.251874014856151,0.655545310182357
1103,0.0293956275573175,0.0864198206315352,0.250454063070592,0.676581716937142
1104,0.0293398598874238,0.0859416724109938,0.258132801814961,0.638515148400509
1105,0.0293291189091385,0.0871038772491661,0.261387740625616,0.666884250292981
1106,0.0293459866054537,0.0855064753003524,0.246610363278283,0.644321795224452
1107,0.0293209434001663,0.0861940460026168,0.257662806293009,0.684648350361766
1108,0.0293739892905886,0.0864829696771755,0.254831288544529,0.677927558396609
1109,0.0294221958423016,0.0858921192972784,0.25176109963633,0.632497761739106
1110,0.0294685174996387,0.0865058276835945,0.257052315050804,0.694547940986689
1111,0.0294415536226874,0.0866511081298847,0.245182324089666,0.630104542616252
1112,0.0294422502624788,0.0865153278559485,0.2525400831367,0.660391242128222
1113,0.0294332488911138,0.0864351767763343,0.262694927226982,0.697933533350438
1114,0.029421318867574,0.0862783189048741,0.259826892785652,0.68644439089106
1115,0.029366672631657,0.086552704142877,0.249082842988512,0.655445361501774
1116,0.0295188672682965,0.086748572957989,0.254702438785554,0.666502282225054
1117,0.0293781842238952,0.0865662474045013,0.249794752300494,0.67006763026562
1118,0.0293309122682853,0.0862238784884088,0.250365151841461,0.623730475157042
1119,0.0293569753665596,0.0862859401153291,0.254920592254213,0.683894932932947
1120,0.0293408713672771,0.0865758677909871,0.25265853076132,0.692332460776979
1121,0.0293969984421126,0.086007054922363,0.256560627013378,0.659669567377208
1122,0.0294781150969664,0.0862224380822329,0.257720248283222,0.682191905641478
1123,0.0293559990290944,0.0863534481044107,0.255483873513776,0.678247753328839
1124,0.0293274758036648,0.0864825592195144,0.259834170192998,0.639605760389488
1125,0.0293588876569029,0.0865221711775623,0.249192835119181,0.663601193713141
1126,0.0293777803665445,0.0860220896040758,0.245324570124795,0.663757088483057
1127,0.0293070309360554,0.0866345850480678,0.258204895466063,0.642917888942461
1128,0.0293616763099829,0.0857475678046293,0.257335663016637,0.674252410499304
1129,0.0294307065556515,0.086545443044537,0.249843649681375,0.675963745951135
1130,0.0294354383343652,0.0869152218930826,0.24970849383196,0.644216628616567
1131,0.0293000366736151,0.0861354950309172,0.260889051492321,0.627032318652911
1132,0.0294382733851618,0.0865130987511429,0.247465794501154,0.664383645187961
1133,0.0293261316135125,0.0867502380165503,0.253969692497309,0.636428732684548
1134,0.0294044048245706,0.086808348892403,0.25289646127596,0.671993796704345
1135,0.0294547073807154,0.086645991918071,0.250694955908055,0.663652085298071
1136,0.029402039621043,0.0873083454366921,0.257960221539427,0.692218906168361
1137,0.0293929041391467,0.0870707320469408,0.25904441839181,0.672567303888445
1138,0.0293891011170259,0.0868402383632924,0.264552801740844,0.695127925082149
1139,0.0294996063807504,0.0861604243781558,0.259936675029216,0.646387100897192
1140,0.0294629081118798,0.0868085226646644,0.260928033958356,0.634802442154944
1141,0.0294445656172201,0.087463349308423,0.254737520189018,0.614638110850558
1142,0.0294364717221464,0.0872340505132747,0.255039485359241,0.645151803942206
1143,0.0294114180496683,0.0867961771759781,0.261782826843512,0.668654615524941
1144,0.029410457823785,0.0866442601552878,0.255662455668304,0.652777930643512
1145,0.0292869786116522,0.0868481640375725,0.2631916018339,0.694291648508963
1146,0.0293918815363158,0.0864917757698936,0.253337503623511,0.681894734395295
1147,0.0294832111631928,0.0872273950819526,0.264368735640937,0.66674834319531
1148,0.0293815169343928,0.0857468389095528,0.253666520620181,0.647260564858864
1149,0.0294273528742346,0.0862184685941721,0.257930413669052,0.66660850774274
1150,0.0292705321486837,0.0866143433203942,0.251076540377765,0.636477976663814
1151,0.0293146441051628,0.0857243668716132,0.251840724834898,0.638499569088608
1152,0.0293656494311045,0.0871631330706303,0.257728185908816,0.660921897721069
1153,0.0294990612581008,0.0871266600059647,0.258322408667179,0.648123585448517
1154,0.0294944445973207,0.0860144644060396,0.252190104464377,0.630795480616321
1155,0.0294062814658084,0.087202312349548,0.255065054098401,0.652753356540996
1156,0.029285341198816,0.0854897100815351,0.243187088727287,0.621041159212255
1157,0.0293193639100448,0.0865669728808119,0.256915458386014,0.648033726858732
1158,0.0294829953109378,0.0872042688405694,0.251383574325064,0.677956033754529
1159,0.0294129509553942,0.0869075342930164,0.25283562209654,0.667031442413664
1160,0.0294365890878682,0.0870790036716776,0.254306340064625,0.645962843077809
1161,0.0294154900010972,0.0865547717500227,0.254946010046007,0.663648089875281
1162,0.0293429923965507,0.087229938375259,0.253720002699088,0.662111983708721
1163,0.0293258990436202,0.0865277297665248,0.254135560052787,0.636924611122071
1164,0.0294201979327463,0.0866141965786683,0.254162716494036,0.680868366768499
1165,0.0293931188807469,0.0864289550509244,0.257117339189329,0.684330553745391
1166,0.0292560159064796,0.086355172599723,0.250960543809079,0.639477411151403
1167,0.0294647620113988,0.0862581823164018,0.259784038063247,0.662448818782604
1168,0.0293123497985358,0.0861861893015761,0.250083063585423,0.639424340688389
1169,0.0294780976979041,0.0872806999712175,0.254932808092731,0.681767890605877
1170,0.02944268582049,0.0868501630682579,0.255165521306935,0.64441777690669
1171,0.0294127479642794,0.086660774080606,0.257380074988332,0.640761939604107
1172,0.0295646136493263,0.0865738936521931,0.248260242091879,0.639920172759999
1173,0.0293149353457819,0.0867821924645094,0.251142366143615,0.635829161833971
1174,0.0295226407256524,0.0867635348572776,0.251741360286252,0.672886425462207
1175,0.0293601451933461,0.086639789359958,0.260552902953003,0.701353208354557
1176,0.0293301237479435,0.0862416495208228,0.250232673550558,0.666634936057423
1177,0.0294162169491539,0.0862768823124592,0.26102608238198,0.738357554419602
1178,0.0293853924238854,0.0861624762940919,0.256185844832235,0.664044196911749
1179,0.0294057889559576,0.0868138491044812,0.256064744064577,0.652262331335908
1180,0.0295140989823386,0.0872404679598123,0.255154643484849,0.638950684524937
1181,0.0294057315602744,0.0869460075278024,0.248413072618369,0.627181468813774
1182,0.0293653636805208,0.0863577218496842,0.250884023157808,0.682539988038424
1183,0.0294531686892018,0.0875632646178446,0.256708970318794,0.673330699074449
1184,0.029433548482281,0.0877182818545754,0.251417255387536,0.659255163530501
1185,0.0293551279040574,0.0860774465953585,0.258430938621789,0.640482552641736
1186,0.0293435402351687,0.0871949494185821,0.256419525658127,0.644370589992591
1187,0.0294471664783459,0.0861037284725176,0.257270348005638,0.645167712523801
1188,0.0293635259169027,0.0865649995199583,0.248253295036852,0.643930532944772
1189,0.0295066026522719,0.0870403352315179,0.254976640144166,0.645453213747147
1190,0.0293363937564959,0.0856519686627043,0.248498847172264,0.641930746682632
1191,0.0293399114496926,0.0871174212904717,0.256194059080485,0.690958978653535
1192,0.0293342536458652,0.0864121608016348,0.250832092692337,0.649746110935489
1193,0.0294388314179114,0.0865284637337644,0.248807704306269,0.624261872238718
1194,0.0294047008705565,0.08601418016006,0.252925242157634,0.683398409278826
1195,0.0294315380238923,0.0865139987596479,0.256967987662076,0.685880559137102
1196,0.0293441202392649,0.0868463666739609,0.250217242984911,0.646249400071893
1197,0.0294409426192006,0.0862835577138122,0.256996844044872,0.684489468687759
1198,0.0294763505647154,0.0871221561523031,0.259979809734241,0.689899548801864
1199,0.0294471055969666,0.0867746837873169,0.25319148467974,0.645665376463941
1200,0.029451661333714,0.0863630333103307,0.258943981381642,0.621061308294716
1201,0.0294179007737568,0.0863411060444954,0.2521671108988,0.647250907028874
1202,0.0294907576903761,0.0872439904738138,0.25380380416945,0.624958086717321
1203,0.0295268111141908,0.0866903472987868,0.256494169822936,0.695460344488876
1204,0.0294700823639816,0.0872142111903635,0.252660681463366,0.680201769770486
1205,0.0293734522232048,0.0870670239401439,0.253245140789985,0.64423002992981
1206,0.0294170903171367,0.0866700844276636,0.250087673229636,0.690155916056473
1207,0.029359882074558,0.0870483413788305,0.254083802328841,0.645867542924315
1208,0.029309479298471,0.0867996681572349,0.259310830074723,0.704450784579556
1209,0.0293205703378162,0.0869391174461785,0.258659913035388,0.690668021647155
1210,0.0293708810068861,0.0861467375461078,0.248121808557302,0.618225534057003
1211,0.0292777285639025,0.0867797370488969,0.259470570028599,0.666667225111174
1212,0.029377717692934,0.0866574495867003,0.261785603396067,0.681398434817579
1213,0.029386331856069,0.0865024086328847,0.254978520718275,0.61667373098705
1214,0.0294720711195472,0.0875477522374124,0.24923782749486,0.626265065447775
1215,0.0293371084843233,0.0866738554745076,0.256421308056929,0.647849750956247
1216,0.029412963971825,0.087187798942439,0.256615615291362,0.63187938801387
1217,0.0293714831046896,0.0865248298563427,0.2545746346156,0.680724586223052
1218,0.0294338615028138,0.0866289332772297,0.258671577766278,0.667296084645028
1219,0.0293229293234096,0.0863669665676455,0.252117923431488,0.643352846909089
1220,0.0294130486741337,0.0858511692873328,0.254900114663068,0.665199432696488
1221,0.0294512612534071,0.0876758900231356,0.258166295092104,0.687093362965385
1222,0.029397121934729,0.08612171715241,0.243891316796882,0.629745127930576
1223,0.0294632202783265,0.0871498725196592,0.251192915077652,0.695515398130312
1224,0.0293536189861955,0.086271640147304,0.259797894922472,0.671282161080523
1225,0.0293558710864439,0.0872515351967015,0.255700714802502,0.655600332911839
1226,0.0294398391490186,0.0862451595132496,0.255869474138273,0.662763716865409
1227,0.0294160548202109,0.0873371469820438,0.258803161228448,0.634455861589125
1228,0.0293974060984962,0.0868400294213788,0.245894487340171,0.634495716318128
1229,0.0294247187703658,0.0868608521944007,0.253356198020751,0.634320424442747
1230,0.0294624969684997,0.0866590224557407,0.258280740506651,0.707107494246208
1231,0.0294355716907318,0.0867538040012875,0.253204562737712,0.638393228969435
1232,0.0293069372053473,0.0866437937411168,0.252646386161574,0.67426338808442
1233,0.0293954118848074,0.0870694289669886,0.25618772694611,0.693705095191237
1234,0.0294208848603269,0.0859920346437177,0.250797240520136,0.630577630612315
1235,0.0293981447142268,0.0865528430239169,0.2594349380154,0.640354772035794
1236,0.0293782654602605,0.0865484991752484,0.262360359329364,0.661642048627382
1237,0.0294118886838621,0.0865343051185198,0.252999042037012,0.653463062949668
1238,0.0293822556232873,0.0865125639990137,0.249438228254063,0.695561260828032
1239,0.0294741973271063,0.0868181854025822,0.256647228996691,0.639769652684257
1240,0.029392247408175,0.0858168590827376,0.254227239241653,0.660464056960908
1241,0.0293758711678298,0.0866555319420566,0.251240874502379,0.671365658411055
1242,0.0293437569554822,0.0867914656630111,0.252622647421385,0.635443826681088
1243,0.0294289689949921,0.0862839246490188,0.25329495519087,0.665947412785041
1244,0.0294666652059974,0.0872763670303485,0.257638602033276,0.680010479642939
1245,0.0294255209893313,0.0863277135730392,0.253360405523464,0.634645966567508
1246,0.0294325698457924,0.0861694178261838,0.255477060027818,0.668281425872885
1247,0.0293821227372657,0.0860465243093905,0.25929111914705,0.650875007478581
1248,0.0294413393232514,0.0868935698039919,0.257404667649765,0.653690719912759
1249,0.0293412026358765,0.0854573045208955,0.252355039680789,0.681330776244706
1250,0.0293561987268363,0.0865878027489567,0.257847722496881,0.691216700419191
1251,0.0294531475585909,0.0864964491465128,0.254623782338575,0.711233550798806
1252,0.0292937545365239,0.0870206472514136,0.25393226262542,0.669702154356563
1253,0.0293635123204676,0.0868650275155254,0.256288357260651,0.647404715949086
1254,0.029339959042063,0.0867322970652855,0.255086006379314,0.696191516088915
1255,0.029363188722995,0.0859353815573183,0.251915220691152,0.614773507119872
1256,0.0294332874934827,0.0857589810606918,0.248708241012012,0.639741315334849
1257,0.02932417578671,0.0865227552205036,0.251553946495856,0.647284742086643
1258,0.0294111898678134,0.0866222921470247,0.252316539727847,0.682510801753122
1259,0.0293179113072675,0.0864579402613225,0.255950060059729,0.662978183143689
1260,0.0294087667766297,0.0871524127756956,0.259452698626055,0.682831724063182
1261,0.0293489827895155,0.0864505135595972,0.25676236018654,0.669564590194045
1262,0.0293474000475274,0.0870301057964687,0.253472345102542,0.626682303645798
1263,0.029414445736597,0.0869102702536816,0.252336298558522,0.641959286224312
1264,0.029398713501765,0.0872447344208695,0.254115647871873,0.652799563001309
1265,0.0294145996028558,0.0857414134823016,0.254192080185152,0.660001226764042
1266,0.0293458997866101,0.0862659724419685,0.25057131425173,0.667886052372162
1267,0.0293842900798916,0.0873018762041372,0.255419582226571,0.635515955979573
1268,0.0293206589974144,0.0860372166423567,0.250273297348953,0.640537054183946
1269,0.0293325981732927,0.0862425703621959,0.253629498205782,0.639586051409464
1270,0.0293803286107263,0.086168244802161,0.257735476260052,0.664985738149611
1271,0.0293919558857086,0.0862417993684306,0.249588960397141,0.617070756896797
1272,0.0293614097867259,0.0866932232409641,0.25699259367793,0.647633141215887
1273,0.0293510457786086,0.0862089469159086,0.257826614296104,0.661922957315336
1274,0.0294545065581604,0.0870398757971429,0.253945435627597,0.632460681877529
1275,0.0293916044541459,0.0866280642985529,0.246681371540495,0.670006978417405
1276,0.0294234741477095,0.0864504827674708,0.254487743131779,0.631901578548289
1277,0.0293867179339094,0.0862641005679742,0.251499538190027,0.63708515745006
1278,0.0294115897180152,0.0864671056305579,0.25945350794748,0.704105260428229
1279,0.0293739232724573,0.0863527506713104,0.25299043054162,0.650103341730952
1280,0.0293723540075849,0.0868757536260366,0.258688846536975,0.671631245552241
1281,0.0292925535607957,0.0857762331682963,0.25126266680543,0.629003902318969
1282,0.029348024007129,0.0859731993576916,0.255577750581163,0.652980979069444
1283,0.0293972428148989,0.0866496255355042,0.256070207000693,0.626148923771071
1284,0.0293502311721392,0.0856474310858176,0.251362393123701,0.656561322324237
1285,0.029356725242514,0.08643386267315,0.248692333744696,0.649808948397736
1286,0.0294864462948683,0.0868076161090918,0.261700914016587,0.660395762970902
1287,0.0293954215516584,0.0868591008743496,0.256801181207969,0.667440740158862
1288,0.0294613236888604,0.0868422650041213,0.252495735451289,0.682255596289212
1289,0.029351711596407,0.0861221415256932,0.258265984876849,0.648458719737584
1290,0.0294184890072105,0.0863071672462617,0.254971143409856,0.642578319171605
1291,0.0293421632786347,0.086177773290338,0.24592794950809,0.660787776903723
1292,0.0292981439380036,0.0866572419330326,0.257728847641394,0.659976007840998
1293,0.0293671335635355,0.086746350684929,0.262811771645762,0.689811772608917
1294,0.029366322771301,0.0860595339093321,0.256173225672041,0.652822405606372
1295,0.0294619333391887,0.0874472072375181,0.253206123620224,0.630644014691343
1296,0.0293066549060497,0.0861266574852556,0.250116235760835,0.654341733985763
1297,0.0294250370452992,0.0860030043607724,0.257080719429368,0.692256840423334
1298,0.0292956047965774,0.0859412695214375,0.254169867016151,0.655219710479532
1299,0.0293357477347888,0.0864160815083838,0.254246000187283,0.65972427449941
1300,0.029450699109254,0.0870785532729616,0.257331084816514,0.6967284396238
1301,0.0293735802904576,0.0865138772207344,0.253637515393046,0.618963573503284
1302,0.0294345027651767,0.0873637611686486,0.254027098024141,0.66562144302363
1303,0.0294371597359189,0.0869195014946177,0.25687064340964,0.614277648272632
1304,0.0293439762684724,0.0865730601508229,0.252580020389126,0.652113794255355
1305,0.0293954872877689,0.0876010452781836,0.24858109524756,0.650104575691718
1306,0.0294073213997214,0.0867778431149323,0.253698495894437,0.65542668190177
1307,0.0294047074451243,0.0868801942744317,0.251943738041929,0.636183882020574
1308,0.0294216306172461,0.0872939685740165,0.257599577778462,0.63823740217241
1309,0.0294443131679747,0.0865883110947036,0.260431243993744,0.660733261671744
1310,0.0294131132262848,0.0868219923338818,0.247919406021476,0.617553939036417
1311,0.0293086261071082,0.086097053070628,0.254129455709989,0.69532355456436
1312,0.0293553515857258,0.0863325319511468,0.251260162157785,0.65984637723343
1313,0.0293179398521959,0.0865635911275219,0.257066778433303,0.663540930655378
1314,0.0295099017695446,0.086032706622897,0.259131471123315,0.697913069356363
1315,0.0294076561509612,0.0873540073663975,0.255539540255684,0.696628504240962
1316,0.0292799927824524,0.0861876479105331,0.251439166445828,0.640988357691635
1317,0.0294019159568833,0.0865012584940764,0.254392275234238,0.66356878556084
1318,0.0294933286779917,0.0862825019468637,0.258519983569404,0.686800813249158
1319,0.0294001874146855,0.0869949871013502,0.262587283824592,0.645074979035103
1320,0.0294841500930995,0.0869175193092347,0.252056163381763,0.664891307953843
1321,0.0293922169129942,0.0860932465891772,0.248739139494735,0.615282920078664
1322,0.029436106968119,0.0864743936584178,0.258464228536554,0.640146427645479
1323,0.0293869470235299,0.0863308934504089,0.256829880402712,0.678973762476756
1324,0.0293863550661344,0.0871503991736636,0.251118945630177,0.652336075071937
1325,0.029341106971892,0.0867164583644066,0.253152818449752,0.657306883379996
1326,0.0294806099102621,0.0868049118485552,0.254371853031645,0.720609410751324
1327,0.0294146475381245,0.086371772832082,0.255343767528745,0.694122780241055
1328,0.0293409317769384,0.0866827267585749,0.257590330744751,0.65543665069099
1329,0.0294292593504808,0.0869442697430428,0.255040234671279,0.650516821016393
1330,0.0293676100530166,0.0869774213110252,0.253271992638642,0.678850957123143
1331,0.0293493391941407,0.0863987003227256,0.246438881053534,0.674898722613045
1332,0.0294134847272512,0.087567122531734,0.259724207725294,0.680489257686983
1333,0.0293289583296311,0.0863336588230424,0.247550604691897,0.640854578683394
1334,0.0294198321099054,0.0867866587772297,0.252325806182131,0.661611182075161
1335,0.0293954943811366,0.0868223019484028,0.259881323427149,0.697516816203727
1336,0.0294345349022371,0.0864005444896178,0.25519427929044,0.726906977545301
1337,0.029336834742813,0.0864491252540177,0.262055574331185,0.688351050800727
1338,0.0293403846967364,0.0864595332690095,0.256395057752708,0.655104479770678
1339,0.0293988703580083,0.0872222230506854,0.257687771579547,0.679934007355607
1340,0.0293840119762921,0.0865008205180106,0.255718018634769,0.664035834874127
1341,0.0293985608462454,0.0864142778035188,0.254589801617074,0.629332084306374
1342,0.0293279133015431,0.0865649585573507,0.255272958691659,0.641486512779055
1343,0.029347078553154,0.0866609778773641,0.25318537991792,0.637886502595861
1344,0.0294474951348655,0.0866105367227738,0.251462176993452,0.643414220886106
1345,0.0293774094275614,0.0864018355566455,0.253598080996732,0.62036277169034
1346,0.0294225449760966,0.0867482355720882,0.247441473371455,0.66251899883383
1347,0.0294002556129591,0.0868797260303619,0.253526445701111,0.645613781538817
1348,0.0294795857804173,0.0871371515431817,0.253218755559555,0.675665527254049
1349,0.0294433883562745,0.0868034009421192,0.252981641218164,0.675385295186584
1350,0.0293804037191217,0.0872011691838341,0.245954000605954,0.642437475461933
1351,0.0294739635923688,0.0864715557874925,0.25878326629552,0.688429415051099
1352,0.0293778915472316,0.0863355504796674,0.253307655175263,0.648240828054908
1353,0.0292934391661004,0.0856581808175501,0.253950698820778,0.664352370678735
1354,0.0294238972976579,0.0856619932269167,0.256035024347426,0.715862791902455
1355,0.0294034179909553,0.0860392170021713,0.261610137078209,0.660847762953882
1356,0.0292647192577343,0.0866079925621771,0.251823447231657,0.66327199961999
1357,0.0294848262973752,0.0864511046544619,0.255935701935579,0.652575133016882
1358,0.0293448917196723,0.0866740738486592,0.250284341148506,0.629913981347218
1359,0.0294541574053862,0.0869680289639757,0.254973106729069,0.638835030264934
1360,0.0293579088531456,0.0865748579434182,0.260366243666129,0.694511888013512
1361,0.0294537871842515,0.086670138162889,0.254606794431436,0.666445834182603
1362,0.0293349329443917,0.0864578293797043,0.256816122703534,0.68672747778415
1363,0.0293507358616789,0.0870013529665817,0.252102606623572,0.644592135551809
1364,0.0293631561355851,0.0866012507011146,0.254202472739349,0.631950499540761
1365,0.0293552722490775,0.087061135522839,0.258097786661886,0.677255345114313
1366,0.029531914528325,0.0872723202680722,0.255680044117004,0.667900224795618
1367,0.0293749001702015,0.0865649024687277,0.255616817441525,0.616131151844374
1368,0.0294550388480689,0.0863247250250315,0.254833617789657,0.6673146416955
1369,0.0293464376365337,0.0861580054943657,0.24680018617512,0.662931353634133
1370,0.0295254570011839,0.0874315920588195,0.256303547807581,0.702720963140359
1371,0.0293862362778892,0.0864038319397254,0.256305115691954,0.671315925033713
1372,0.0294415114405553,0.0869653296953162,0.255095086827913,0.618576890473894
1373,0.0293497518531835,0.0864706019702373,0.252389942963085,0.665133867273282
1374,0.0293810989902278,0.085902805539372,0.249791073892428,0.658049053984951
1375,0.0294293436204422,0.0869891980143057,0.253414281261224,0.639885074511328
1376,0.0293816839837139,0.0872036449652785,0.253351126061154,0.652532578545591
1377,0.0294144147723426,0.0863753677990249,0.249398514235062,0.657339561055873
1378,0.0293866457147185,0.0870325624091949,0.255824444801782,0.700970726512954
1379,0.029372715761072,0.0859280089429587,0.25198671728237,0.672787121585065
1380,0.0294640663747564,0.0864944528417367,0.258262461498635,0.658429368326668
1381,0.02929837694306,0.0869451539098737,0.247151725798992,0.63846076872983
1382,0.0294387770980009,0.0860110740413437,0.260811708633467,0.692979366387279
1383,0.0293577532399197,0.0865155922560648,0.256308378691171,0.648005587893109
1384,0.029445734093753,0.086701669747948,0.2535006310825,0.674376057275196
1385,0.0293309078277609,0.0868833138334629,0.257242392782493,0.684391434087381
1386,0.0293562008774974,0.0867371723999122,0.249623889847747,0.647024928552781
1387,0.0293830621142916,0.086328381983693,0.254846357516849,0.625661347128908
1388,0.0293672128557505,0.0861375260731267,0.252711975644775,0.682736197949076
1389,0.0293889587184676,0.0871209534151805,0.249329661869623,0.654232950815037
1390,0.0294425340891162,0.0877448247668741,0.256250346171262,0.654953396862538
1391,0.0294430879326533,0.0866423111734476,0.250672447394716,0.650465818837059
1392,0.0294040107142216,0.0862299872926155,0.251816867493706,0.664800552142348
1393,0.02935351607238,0.0873069932641932,0.250915566067918,0.652063079371128
1394,0.0295036684663366,0.0864283683165142,0.255730304203962,0.620284359289866
1395,0.0295111217249482,0.0870857268866704,0.249451588500299,0.682840091710993
1396,0.0293980118492953,0.0871351013473324,0.258507643911955,0.6484642207108
1397,0.0293494585799887,0.0864188102095217,0.252327454783281,0.6490998302606
1398,0.0292862313089754,0.0863659978975218,0.251568699103285,0.653146183195939
1399,0.029402566509293,0.08662244827159,0.250383303795188,0.648132304765352
1400,0.0294875193575536,0.0872907527082814,0.254208806963063,0.608119035981466
1401,0.0293729405903202,0.0860744927541181,0.248350700543503,0.644090229295908
1402,0.0294191945449578,0.0868394324166279,0.25556020580471,0.673403105835049
1403,0.0293577267700221,0.0864962905456832,0.254111544112117,0.63527377823025
1404,0.0294149440126068,0.0864004749463731,0.251521115373925,0.6844801765135
1405,0.0293665423757352,0.0857667008207196,0.249059730886735,0.633353553720689
1406,0.029356892621578,0.0873990868203063,0.257895153402953,0.680921487466929
1407,0.0294463247668779,0.0868377809133216,0.250400937555987,0.668365474091553
1408,0.029395744230077,0.08690470350848,0.256754814918354,0.673950995973946
1409,0.0294249528968037,0.0872397548106901,0.251159602134235,0.648575586552338
1410,0.0294019908493631,0.0865426033163927,0.259403522694957,0.652933192122516
1411,0.029420283713243,0.0861759757554843,0.251117372969389,0.670460237005624
1412,0.0293407752923217,0.0860545056649298,0.247280943087705,0.666463937536789
1413,0.0294774934966532,0.0873256736781929,0.25644002348281,0.653261609334563
1414,0.0293244077861137,0.086270847835871,0.254118039330059,0.628450906357673
1415,0.0293486619535749,0.085915419236706,0.253683800952869,0.671004856420819
1416,0.0294449071926059,0.0864621618470075,0.256631788161309,0.659679874236265
1417,0.0293637991636158,0.0868876680312764,0.257119799223762,0.660348235147183
1418,0.0294181489474353,0.0864183563147561,0.261087021208632,0.658376222711987
1419,0.0293964163503482,0.0870212884164794,0.262368075295666,0.691735176013699
1420,0.0294562784868691,0.0869316606988225,0.250631203534141,0.633888840223137
1421,0.0293501081618862,0.0868681874895489,0.254575150052767,0.688158453426981
1422,0.0293761526564997,0.0859960404922387,0.249490236999397,0.636101011602658
1423,0.0294033464553006,0.0867494248015343,0.25608587241274,0.645424204457362
1424,0.0294369280163609,0.0875697297298978,0.254654719380495,0.667912853521739
1425,0.0295051248788599,0.086913348914089,0.255919603786466,0.677978149123939
1426,0.0293846927818399,0.0874166783608712,0.258504053244335,0.648667002450382
1427,0.0293473412636048,0.0862489732942379,0.252239178091833,0.669492393882945
1428,0.0294798522733375,0.0863908800395178,0.254295006902871,0.645736765922243
1429,0.0293625109787214,0.0860942365995735,0.253764473396229,0.657895239296512
1430,0.0293392627157744,0.0858810470343547,0.256691970164194,0.697876627089208
1431,0.0293049647721133,0.0870909448660605,0.26190815511629,0.710968505843087
1432,0.0293424566360178,0.0861820194149757,0.252404314291404,0.671426080444652
1433,0.029464572097389,0.0871287576237965,0.254771652006935,0.678599793339561
1434,0.0293803694078778,0.0861290189188261,0.256354541525494,0.678442829125996
1435,0.0294083324676241,0.0863110279932094,0.260281202498527,0.689211363339871
1436,0.0294148830612759,0.0865211451445101,0.252413334218046,0.674228607997816
1437,0.0294209554126803,0.0872237496511926,0.256286431686316,0.646562648363993
1438,0.0294921141331842,0.0877525923668952,0.249615898888304,0.665025557370209
1439,0.0293795206352391,0.0865687316093657,0.259654449926152,0.639228430390581
1440,0.0293201542799925,0.0861405961358472,0.258316192017722,0.642378258307919
1441,0.029501836194839,0.0873188822842403,0.256834193535813,0.676023336015571
1442,0.0294005639965348,0.0872359641210143,0.250252389599083,0.666026577655089
1443,0.0294132494239566,0.087162512141143,0.261345868737522,0.676067752806748
1444,0.0293146241276748,0.086498967445897,0.256736365664979,0.704595657067223
1445,0.0293311851880021,0.0857111115450707,0.253725744387063,0.644151239203269
1446,0.0294515300346716,0.0868083278932334,0.24704916493525,0.628923359374189
1447,0.0293555853377668,0.0866789345035629,0.246323832670454,0.659516123912729
1448,0.0292660822783571,0.0864993764447991,0.256168423046868,0.658782116333738
1449,0.0293575002653628,0.0868423617604111,0.257332699991302,0.657836636973798
1450,0.0293968975994409,0.0867888787313583,0.257337887535556,0.644797831746797
1451,0.029418774347895,0.0868676544482369,0.25595171526092,0.681474033037919
1452,0.0293614989635379,0.0863294858092018,0.254837290729121,0.659631665758371
1453,0.029325915827363,0.0860566396723143,0.248855762833784,0.630526352825883
1454,0.029366357760966,0.0862859972568158,0.256057995512906,0.665552323374768
1455,0.0294068622747131,0.0861736344286012,0.256062582549988,0.66453976787643
1456,0.0293083093968683,0.085861149719473,0.250524654588644,0.688575197331187
1457,0.0294694837142611,0.087174563993021,0.247287190724978,0.683195044513418
1458,0.0293837277091211,0.0861347753141332,0.249375616020564,0.647402023774137
1459,0.0294478403459308,0.086399060939922,0.249912277539028,0.677332119823213
1460,0.0294921353803988,0.0873247863591529,0.258663059492227,0.669856861321799
1461,0.029411987292001,0.0869193362661024,0.255375588127781,0.678472651196331
1462,0.0294578859036048,0.0874139517200809,0.253502916895276,0.659388483389763
1463,0.0293946150507112,0.0865904042963734,0.253196606846007,0.651109265365697
1464,0.0294563650378134,0.0866914662338446,0.257026443003415,0.670026300275485
1465,0.0293470262819042,0.0861321309624923,0.254757855066139,0.64467887397175
1466,0.0294191826765301,0.0870145477539333,0.25319740285348,0.643274400928517
1467,0.0294918240402171,0.0873895242370008,0.25504983051098,0.650143532129915
1468,0.0294047513427107,0.0868497046862298,0.255299255610462,0.660263082552132
1469,0.0293393069743404,0.0856536055388973,0.251677547446342,0.64234581501551
1470,0.0293282736080036,0.0873650097299028,0.263730084082522,0.666142331143597
1471,0.0294393677945647,0.0864695626579319,0.249724889391992,0.697526587784768
1472,0.0293973845987811,0.0864123250857798,0.249413059057587,0.635910331354965
1473,0.029396467317256,0.0870625045594751,0.257062009271946,0.68641544942509
1474,0.0293796552134107,0.0867985202352689,0.256986774424152,0.652013678607688
1475,0.0294783825532789,0.0866471260419052,0.253895416374019,0.678634017336189
1476,0.0293435921728293,0.0869172524389009,0.253898209566935,0.668904809289011
1477,0.0294642336164402,0.0874193884083768,0.255615116483139,0.662335100199055
1478,0.0293175111170706,0.0855907816756086,0.25815193903037,0.672757676148512
1479,0.0294298748121995,0.0869040929761073,0.252474008601276,0.669269583358538
1480,0.0293536856992115,0.086495544907154,0.253162779197459,0.664748671831024
1481,0.0292867322110067,0.0861016436550855,0.259698418509054,0.666779483222209
1482,0.029438373274681,0.0860595210758491,0.254561375092127,0.664699183362628
1483,0.0293960167929349,0.0866090035689221,0.253205476986478,0.682524121095283
1484,0.0293777887388381,0.0861589179089529,0.251425923051235,0.675327685176853
1485,0.0294217538723741,0.0871907175447853,0.258520740567084,0.659702664035458
1486,0.0293868661726906,0.0864522725220173,0.255828147327484,0.654752725547
1487,0.0293322975590563,0.0869543783471977,0.26156452712583,0.665110575158832
1488,0.0293275979975305,0.0866506654380535,0.25234219601624,0.66847512389039
1489,0.0293673823068275,0.0869266173466385,0.250906588994896,0.652511629086362
1490,0.0294585219659514,0.0875451177509706,0.25570110561397,0.669455031793781
1491,0.0293775259107662,0.0866300078138531,0.246756415205138,0.654697789080096
1492,0.0293511489868772,0.0862922940682325,0.249960924676751,0.624368137542443
1493,0.0294158902304763,0.0874060498864051,0.249345286435601,0.616821280522339
1494,0.0293598616210427,0.0866807320708812,0.25659618908747,0.675190949535659
1495,0.0293107681606972,0.0863109784527467,0.255723773010041,0.676973458616398
1496,0.0293819754713604,0.0867267248332598,0.253506646101467,0.663929305358051
1497,0.0293556620453614,0.0866177417067185,0.24977025091095,0.688099604375782
1498,0.029546585088087,0.0875617406489905,0.260916848988842,0.654875418021535
1499,0.0293874093406834,0.0861881692863503,0.25611744058195,0.648990157452353
1500,0.0294865245708227,0.0869527560673505,0.251425991203256,0.679618834740799
1501,0.0293256318847077,0.0865274735729974,0.2527664519747,0.68590225868458
1502,0.0293389096271681,0.0861727531590152,0.251612693408085,0.724285877486243
1503,0.0294532837586608,0.0865304333461575,0.25961819480555,0.731282116783554
1504,0.0294354421059016,0.086769360839807,0.254666180813472,0.656945799132058
1505,0.0294749291620216,0.0873358225335273,0.248086106411863,0.686865502412043
1506,0.0293109874815,0.0869861873187549,0.259919256517206,0.654168648482047
1507,0.0294343238691645,0.08633960163936,0.255834390123585,0.663825185986808
1508,0.0294128999574943,0.0866840483029929,0.256339672039709,0.70375838718031
1509,0.0293350370648972,0.0873541802193143,0.254270990368015,0.648357097458974
1510,0.0294435570822409,0.0880006805031053,0.256957512879296,0.627527580308666
1511,0.0294286072849483,0.0863456804137497,0.25039465649459,0.680767104709499
1512,0.0294329588268116,0.0868129150050627,0.252706190646764,0.704693677153405
1513,0.0294479355716664,0.0865538201218019,0.253115731726244,0.631347514626581
1514,0.0294153589766996,0.0870584808219009,0.249878590825678,0.617528083220715
1515,0.0293497712120484,0.0863222402363636,0.254172847632018,0.631491513475164
1516,0.0294311931305085,0.0860082953402533,0.250797886722699,0.638040074199063
1517,0.0294171148611342,0.0870308764573313,0.249040619421034,0.657611447116091
1518,0.0294068852286914,0.0864048580837873,0.254144009421299,0.633199592254036
1519,0.0293847187115164,0.0864571426307974,0.257221069941939,0.662232549965327
1520,0.0293679482140226,0.0860991740336029,0.248491904680116,0.625377702174947
1521,0.0294857340643009,0.0870332177759898,0.258090315409137,0.652498460338673
1522,0.0294245466186551,0.0869812664676626,0.248555081251639,0.624265237199971
1523,0.0294083344728853,0.0867090761217694,0.248060219819789,0.647576344638642
1524,0.0294205911416783,0.0864978069393655,0.250391648034137,0.634340565250602
1525,0.0293981166328603,0.086344142528036,0.253322645085806,0.642110352641262
1526,0.0294064107370049,0.0878051000253251,0.25414816441158,0.689737216844092
1527,0.0293362990495978,0.0862660364306194,0.253170270883067,0.684757468466767
1528,0.029373121566594,0.0866499781908901,0.260227601800252,0.705321533961538
1529,0.0293989007421528,0.0873513958710955,0.256249843538716,0.655621113875483
1530,0.0294733916857399,0.0865315094428117,0.251410635882547,0.62899425507398
1531,0.0294526865040537,0.0868917178328907,0.256033938421384,0.66978558782108
1532,0.0294616893145287,0.0871300906297432,0.245427307279085,0.625702302678466
1533,0.0293709486114085,0.0863935986895463,0.252411465826232,0.646798739442895
1534,0.0294866426842334,0.0872224049241364,0.251791451538009,0.695353268596732
1535,0.0293397625493006,0.0865767988204183,0.261826787045364,0.650567328033088
1536,0.0294298009042085,0.0863487666492201,0.25461035374831,0.641827518217711
1537,0.0293917099260319,0.0863668946645971,0.255585250925926,0.649557294950593
1538,0.0294176752121828,0.0867247477762087,0.255413624206877,0.656895489556729
1539,0.0295489123163461,0.0866995455223039,0.255376113619094,0.656721217791503
1540,0.0293995900565913,0.0868610202620955,0.252945926172919,0.615080354533957
1541,0.0293803828928388,0.0869323768539245,0.253674558962736,0.638322168778008
1542,0.0293837916529228,0.0858803740962597,0.250122919968931,0.63898485667266
1543,0.0293154284776307,0.08596032536375,0.25204803835285,0.652644413171529
1544,0.0293706014637847,0.0866362682400683,0.253939602367084,0.641318903350424
1545,0.0293819793953079,0.0868803929666705,0.253370583398802,0.698747060198711
1546,0.0293898132408258,0.0872706423381695,0.259455966632884,0.665371385715862
1547,0.0293223655376754,0.0868019295546289,0.252201886585452,0.687214525686704
1548,0.0293604352108604,0.0861613674006014,0.25125318016239,0.686057193138835
1549,0.0294392935180354,0.0872179483111517,0.2507119175837,0.690899879930398
1550,0.0294677969214164,0.0862657742840934,0.254290977584406,0.635512344919275
1551,0.0293722421674134,0.0869126827858293,0.253616650093501,0.652343295819894
1552,0.0293665118611916,0.0872843333676989,0.254401749336543,0.67812818767411
1553,0.0294568603008273,0.0874226728333595,0.254064606805115,0.693663595474438
1554,0.0294368836079932,0.0866868433401617,0.249393878408536,0.646402116378496
1555,0.0293592016477226,0.0862323887664315,0.249725378791368,0.628164528622231
1556,0.0293901614365808,0.0864029073466519,0.251212504848524,0.648720497960425
1557,0.0293899383502915,0.0865528660986191,0.252865374661723,0.695091141115022
1558,0.0294931385805696,0.0859139159065946,0.254231968097122,0.654779974089885
1559,0.0293206559111513,0.0860238386790171,0.246879226395007,0.638371698006896
1560,0.0293732419864025,0.086383003710594,0.259234671877832,0.691880524216366
1561,0.0294094237239984,0.0863375795212816,0.256582960096783,0.647052233509583
1562,0.0294419096916573,0.0872965459304822,0.25929848084248,0.690889123536244
1563,0.0293364633582253,0.0867016134069919,0.259109540373126,0.68366173237481
1564,0.0293765209839818,0.0869271260962254,0.250024472025797,0.662846149123508
1565,0.0293590695703841,0.0868098242148826,0.256995630365368,0.686501013608211
1566,0.029477986683762,0.0873040886227297,0.259106559409164,0.686732446356735
1567,0.0293946489486093,0.0871156470243446,0.251403598637236,0.695064297607428
1568,0.029424128374876,0.0865206225638888,0.252016687624975,0.651032470267162
1569,0.0293534504794842,0.08705687782053,0.252666278078661,0.661896243239788
1570,0.029497916049973,0.087467262114643,0.254673565559221,0.66644190989879
1571,0.0294443144656275,0.0868809106167378,0.257378737070344,0.684961498418776
1572,0.029432257020214,0.087638181441187,0.251834206367935,0.666587518376475
1573,0.029364354962411,0.0859924666165835,0.24831669066923,0.660410595915038
1574,0.0293398220704278,0.0871359931282328,0.255497468007552,0.63687714511375
1575,0.0294532887209052,0.0863844861718184,0.251887883793384,0.696643667404993
1576,0.0293446184232576,0.08596479380413,0.256982343548829,0.647461727003617
1577,0.0293046893781454,0.0858712361748632,0.24866013938952,0.640276221081406
1578,0.029384067063918,0.0857136391831299,0.25512610729556,0.669830669658382
1579,0.0294075510653277,0.0862509440479698,0.254760255283748,0.671134509146027
1580,0.0294085011364657,0.087035849118611,0.254320347900235,0.691108765389681
1581,0.0293707668525366,0.0864293611291298,0.256507239433004,0.694831005341785
1582,0.0293843777161228,0.0868640044386425,0.260922341868577,0.6916015985169
1583,0.0294333128560979,0.0864163852256583,0.255304604655114,0.661497940585778
1584,0.0294538972919763,0.0870396840220799,0.252205151070135,0.634601887590204
1585,0.0294010888002057,0.0870767383670982,0.256703422715963,0.663017188624448
1586,0.0294112993827015,0.087344275887739,0.262297070976493,0.675816432711616
1587,0.029455437698769,0.0873908237172769,0.255181118905043,0.663655387187598
1588,0.0293503268762075,0.0865920701271585,0.247748043543082,0.647366045401213
1589,0.0293826831608865,0.08669915629144,0.252376883030743,0.685508906212339
1590,0.0293657039561564,0.0867408788010423,0.256744350061114,0.667372974666118
1591,0.0294817938188124,0.0860461793773253,0.254377826851124,0.677401741322058
1592,0.0293901922642912,0.0864223578960424,0.252486199544532,0.687093370130663
1593,0.0294510082903046,0.086915615740578,0.261352530464771,0.672728544772488
1594,0.0293464975137786,0.0859809914824241,0.260821417856208,0.675535896955288
1595,0.0294421757332093,0.0871778741562062,0.252100768990788,0.642368313680885
1596,0.0294474994318191,0.0880244096198612,0.261006670772167,0.641665825728771
1597,0.0293959753573636,0.0861020950428396,0.246539678980761,0.652307533997213
1598,0.0294582678286208,0.0874921550096387,0.257687785480538,0.62202107945731
1599,0.0293414562440313,0.0861712535207836,0.254931495355309,0.692759050421271
1600,0.0293741687422234,0.0866982300334007,0.251415324802503,0.638799824832746
1601,0.0293212371955013,0.0861958144734677,0.256136953502056,0.677152480348744
1602,0.0293382311897607,0.0861416997586264,0.253548692759974,0.667227979275654
1603,0.0293556666423877,0.0870395956705426,0.255873688991484,0.662520036779301
1604,0.0292986215549373,0.0865319363956559,0.251386022920236,0.653781304203387
1605,0.0293616391339651,0.0866542833536712,0.256103385811518,0.698170564772821
1606,0.0293263460232009,0.0855412355187162,0.253896718743045,0.678495899323103
1607,0.029320434357638,0.0870875070035231,0.255124268133314,0.664984150272746
1608,0.0293659930343458,0.086811990064131,0.252080700171694,0.645616577683741
1609,0.0293479496224228,0.0860550559135865,0.247739809729138,0.67960524752865
1610,0.0294389695756936,0.0862147354729478,0.25496842155777,0.700521210338004
1611,0.0294490237890393,0.0868812900229931,0.255468786325588,0.690044316036958
1612,0.029330855570084,0.0861540146300029,0.255104890606112,0.678966347077029
1613,0.0293687578102425,0.0871909649420399,0.259536795849572,0.706900557251215
1614,0.0294585418041701,0.0868830277441111,0.252034225852976,0.663572757896349
1615,0.0294077945194761,0.0865377028392169,0.248765927959016,0.631214174624422
1616,0.0294003164570639,0.0863673851308494,0.252408168832898,0.651487973649779
1617,0.0294235726118507,0.087789876177898,0.251102735474525,0.65413231938234
1618,0.0292595610719122,0.0868606057851855,0.260036607617117,0.659990908819087
1619,0.0293880845231986,0.0869353175044494,0.25833956949572,0.671094466748977
1620,0.0293579772156319,0.0864753215077083,0.254833902833081,0.690236692163639
1621,0.0294685008443204,0.0862736119317793,0.248047604808762,0.666850064628897
1622,0.0294122946220221,0.0865062179315121,0.253428688653104,0.63152282924431
1623,0.0293713890203239,0.0870206740806909,0.251590337651612,0.683794428505756
1624,0.0294411470844171,0.0864491016476042,0.250734788414674,0.654085542402056
1625,0.0293734915794434,0.0857529374338675,0.245948030211574,0.659946100663737
1626,0.0293134023838125,0.086681728514932,0.256020823491162,0.658545218712135
1627,0.0294123423313974,0.0864521310527952,0.257712941281031,0.645832055863487
1628,0.0294109028662527,0.0870856292133503,0.253541934869931,0.670744353837835
1629,0.0293555829590104,0.086442554454264,0.254865292281041,0.675766294537054
1630,0.0293559062639611,0.0858831042077217,0.249395775849174,0.653095552797589
1631,0.0293377190345164,0.0857895900583589,0.249511650526579,0.65244640742642
1632,0.0292963481820024,0.0872345497173169,0.254094937947358,0.69427861922757
1633,0.0293804274627659,0.0872578616722536,0.255886441946258,0.654518548202465
1634,0.0293748271924302,0.086704380385949,0.254783196249399,0.691854084551371
1635,0.029388591796994,0.0864724410400769,0.251878064040049,0.705414951663348
1636,0.0294322574473719,0.088064998205244,0.255970523438079,0.689030916691674
1637,0.0293920710607778,0.0874107231713435,0.252203053665382,0.664829633205665
1638,0.0294632257442283,0.086538725190262,0.247695229101911,0.675041984220497
1639,0.0293839018670917,0.0867550500430226,0.258792610722911,0.661016070040582
1640,0.0293930983177088,0.0861412494495437,0.25140577466134,0.72472464079159
1641,0.0293539169830271,0.0865057162733026,0.255061044832767,0.67425712752814
1642,0.0293533848417224,0.0859194226590666,0.249099513122815,0.673072231354879
1643,0.0293197387402205,0.0859873655655017,0.255584220882854,0.689681194393228
1644,0.0293156265221818,0.0865365024402039,0.253279263514421,0.646023624111903
1645,0.029384035542336,0.085559796856434,0.24604289521393,0.637227366138837
1646,0.0294200470633986,0.0858975433550125,0.251329535086419,0.640722739250653
1647,0.0293756559830735,0.086661425693613,0.252968844922441,0.625138532543725
1648,0.0293660507966656,0.0863730304549584,0.255145842743759,0.66450248921285
1649,0.0293590082211484,0.0861477940247895,0.249532476389189,0.657099521935826
1650,0.0293598282189719,0.0870165014941735,0.262164047252714,0.66629080439769
1651,0.0294015453128001,0.0860946833906819,0.245857816991298,0.649813944443914
1652,0.0293905964616274,0.0865982921942563,0.25957442875456,0.691462218308695
1653,0.0293807112804791,0.0864643444790598,0.256965989628874,0.667238500292932
1654,0.0294471937340246,0.0867654555417556,0.253003457040894,0.664929588888103
1655,0.0293789343644676,0.0868461667853105,0.254933773057675,0.642768665554636
1656,0.0294579768502127,0.0867668334125082,0.256983313356577,0.63234491027991
1657,0.0293538590587914,0.0871620586124069,0.254812121521204,0.688105227860352
1658,0.0293429455774128,0.085940838597516,0.252585176201754,0.619909490541914
1659,0.0294462951813375,0.0866494266781304,0.252565144673938,0.696591640388521
1660,0.0293625369032506,0.0865804226986277,0.248306867044645,0.653617905196181
1661,0.0293974637339659,0.0864964812490591,0.252365031875542,0.653966771769987
1662,0.0293597522419349,0.0870562497103843,0.260261312018149,0.623528330968078
1663,0.0293772454057641,0.0864456453687901,0.248305320217681,0.661944019286076
1664,0.0294240674127668,0.0871402004265946,0.25807946623253,0.698510692675145
1665,0.0294254951692492,0.0866555111533959,0.251142769580434,0.672456422416368
1666,0.0294138561536624,0.08712697878576,0.251041704967422,0.665184596191764
1667,0.0293660186827756,0.086235861240775,0.257381552226403,0.66818009303925
1668,0.0294045455692879,0.0872569856101876,0.255559672883384,0.644537892818446
1669,0.0293471007078989,0.0861173450759453,0.257316205534835,0.653279021045175
1670,0.0294107509174084,0.0860293905728018,0.250920007511784,0.66651526562359
1671,0.0294417163252714,0.0869024371744954,0.258308117731064,0.629446608191758
1672,0.0293758015953576,0.0880613330620859,0.260974401898074,0.686173283662136
1673,0.029276017857179,0.0857190565265066,0.250858828646207,0.627863129472162
1674,0.0293853892130197,0.0869028519445144,0.258889311622639,0.652419742269779
1675,0.0294731800214356,0.087052395471374,0.248416624003233,0.644542597412597
1676,0.0294088605938167,0.086454406256142,0.264948901374206,0.694218810759584
1677,0.0294799403468812,0.0869424010338286,0.251135546403375,0.687286471710173
1678,0.029494441739662,0.0866727587135938,0.255400538336042,0.653013452043509
1679,0.0293374737448772,0.086544318674031,0.253233844516967,0.662011896658794
1680,0.0293771468706355,0.0865828291495627,0.253055215820106,0.615148026575953
1681,0.0294099869324828,0.0860472459393857,0.255814964062732,0.640458720114325
1682,0.0293391110453357,0.0862235138439336,0.253379444933176,0.615438611935575
1683,0.0294572003264836,0.086731338796394,0.258053794186054,0.675688883680784
1684,0.0294263404678574,0.0869357185102438,0.249376618630805,0.680176530166503
1685,0.0294250280857907,0.0874492020763718,0.253735835196326,0.668912245816051
1686,0.0294594582932885,0.0869504807937067,0.259098148072666,0.664964065903964
1687,0.0293793543299506,0.0866499736315706,0.254231270831815,0.60649147987641
1688,0.0293318783518115,0.0863732800478549,0.252539398258378,0.6399540962261
1689,0.0293655007491811,0.0864284307517096,0.25387163927662,0.666247234396784
1690,0.0294717587133143,0.0869738504251479,0.251605715148756,0.689021567227577
1691,0.0293833657314134,0.0863493850152421,0.255561553454745,0.693041004954525
1692,0.0294095079549431,0.0866301850426911,0.258923193490808,0.653722273310733
1693,0.0293878295524627,0.0866936781547893,0.249854074450035,0.654078233671581
1694,0.0293428315540261,0.0872364902874611,0.258862427044756,0.655227999584058
1695,0.0294184896120303,0.0870669150974438,0.254530142972341,0.619363105066871
1696,0.0294453091090113,0.0875585855932377,0.253693138413043,0.657377662867373
1697,0.0292976889351025,0.0863038339491272,0.249422918209542,0.636862479569515
1698,0.0294953151643135,0.0868919626165477,0.255021467461201,0.641785754357606
1699,0.0293561086863412,0.086249315292713,0.255866636641273,0.703135024120847
1700,0.029378759439386,0.0867574566246056,0.252731886895694,0.664214612955642
1701,0.0293830655635635,0.0862521138057876,0.25691063981224,0.70420881240551
1702,0.029391191345698,0.0858869623203943,0.26198545132309,0.634979031662873
1703,0.0293294997198719,0.0860042842277092,0.255637604659495,0.660371422850668
1704,0.0294509557443582,0.0871343104768305,0.255109062977702,0.639800792040979
1705,0.0293383087159899,0.0858495632644572,0.248630179336212,0.636699874807013
1706,0.0293921281179128,0.0862582210928085,0.25557840330658,0.657467928037282
1707,0.029450335645352,0.0871935546194201,0.255448740824494,0.657010743946158
1708,0.0293765213830877,0.086525819402653,0.259384015589524,0.696615953441814
1709,0.0293762048327972,0.0865448623121749,0.262056599663041,0.707169773269419
1710,0.0293947867945711,0.086356242161171,0.249216540999344,0.637765548733434
1711,0.0293588051019832,0.0868066751610451,0.256139248961402,0.637598877511032
1712,0.0293885024463572,0.0874362804103676,0.256979154910505,0.696784015658744
1713,0.0294363470282104,0.0860294304606471,0.246870324966845,0.690273944711415
1714,0.0293718069909121,0.0865157623523594,0.252994306985799,0.660634738383515
1715,0.0292918195791499,0.0870240786008853,0.257119289208501,0.656995339514029
1716,0.0294172919822664,0.086845453015115,0.25394764465616,0.626977609903551
1717,0.0293738350402209,0.0872126605943963,0.253341257071256,0.653094932178326
1718,0.0295024602227171,0.0867410133629335,0.256113356873566,0.636865668315948
1719,0.0294235630247768,0.0869652006075256,0.252861112508509,0.642344404774195
1720,0.0293780091157379,0.0859447328986646,0.248932652768286,0.672827539425788
1721,0.0294209324833565,0.0872164728856917,0.256184329086743,0.665553170544743
1722,0.0294316176859594,0.0864964097012865,0.253863118335285,0.645426644722638
1723,0.0293578543929426,0.0866222133471585,0.249789283782127,0.624745096266903
1724,0.0293845880133751,0.0868569020380389,0.261626710336185,0.688809151880555
1725,0.0293758726127982,0.0871587506770607,0.251097914393308,0.692017900151905
1726,0.0294639706005312,0.0865849227881078,0.255281333342502,0.64899650512692
1727,0.0293172783821139,0.0862685219072503,0.245914270984557,0.692271409234969
1728,0.0293097819754639,0.0861577194644621,0.25319935349526,0.646649661503167
1729,0.0293886458523374,0.0869150574957774,0.252185375150833,0.656908923003713
1730,0.0293925536540371,0.0855274641784918,0.243350665982923,0.623377768709682
1731,0.0293273711892165,0.0861950430895923,0.253343159255944,0.680981028330568
1732,0.0293930463320467,0.08687900415244,0.254088783874425,0.642220394320576
1733,0.0294635723485924,0.0869549064092557,0.2583131587307,0.662411002681517
1734,0.0294250207964123,0.0866625550257435,0.249888295845196,0.669810917200975
1735,0.0294647561900691,0.0871383146063691,0.260773201001078,0.651319700596185
1736,0.029493229354987,0.0865978504077079,0.255083303105544,0.662997074405825
1737,0.0293702248462579,0.0858798293781252,0.253417701186531,0.696274467018319
1738,0.0293651203884865,0.0867866455205432,0.253543735852242,0.705057241181417
1739,0.0293799028247554,0.0868105502391739,0.24614038306415,0.646896462037846
1740,0.0294142583457377,0.0862726490360129,0.253010935361948,0.628429361253673
1741,0.0294292476971684,0.0867930481507736,0.255128558328824,0.680119149346252
1742,0.0293183203622027,0.0860052775662287,0.244754929013063,0.677496155171533
1743,0.0293825480060705,0.0862218572598555,0.258258814369544,0.665459570110936
1744,0.0294117982094526,0.0867149050411165,0.261290698649832,0.681662151504777
1745,0.0293838294681256,0.0871552318674483,0.256170604284404,0.645346585459993
1746,0.0293159663455087,0.0873593024349901,0.252444988027395,0.670694136218873
1747,0.0293401982074562,0.0863571422654562,0.252651342798138,0.70158571289959
1748,0.0294434569443056,0.0874441640786001,0.255973293431648,0.633189876323802
1749,0.0294513265426638,0.0865374931553718,0.253294481305761,0.674480549061302
1750,0.0293876582349393,0.0866139355043465,0.255696470230089,0.674469913266549
1751,0.0294162724591404,0.0860587682579343,0.251401020943994,0.649937439900811
1752,0.0293016375905986,0.0871406588423387,0.251148675991619,0.653773749537463
1753,0.0294179874909855,0.0874344823749481,0.259944734996844,0.652257837464013
1754,0.0293993707496143,0.08693311505925,0.256610401484308,0.649871694011989
1755,0.0293177099443981,0.0868528483925056,0.257001148685885,0.670042596323803
1756,0.0294048314464092,0.0870821447300505,0.24924436529721,0.652183454710153
1757,0.0293492249931578,0.0866228934327948,0.254613145534332,0.668927224724262
1758,0.0294166883737713,0.0875363738743488,0.257468672369692,0.684307611052675
1759,0.0293661819734321,0.0856293841106131,0.252974381502377,0.654698466890024
1760,0.0294263369392339,0.0865292424564623,0.248413683303866,0.676396144673051
1761,0.0293731625685016,0.0869528068401698,0.252442968723466,0.640371686777689
1762,0.0293009415960084,0.0866332018642793,0.255683036927274,0.646492626265705
1763,0.0293249959896245,0.0862650991598359,0.255125093339765,0.666423656725969
1764,0.0295011356277917,0.0865481033234441,0.254969866245449,0.673899219225972
1765,0.0293910774621421,0.0876295177993599,0.261808559393641,0.658830968043609
1766,0.0293385554504862,0.085748984960689,0.251470902969293,0.688137966256488
1767,0.0294415954656782,0.0865471865957899,0.253976550051657,0.653294569501915
1768,0.0294264867204107,0.0856673965515275,0.250499431829458,0.649252140426053
1769,0.0292889388053703,0.0860523753568763,0.251758857150876,0.624870530051183
1770,0.0294309527745689,0.0869445227495217,0.258182629092818,0.678611884320358
1771,0.0293776372529246,0.086780503455957,0.247304239203866,0.640130535425606
1772,0.0294097672009266,0.0867778205562274,0.253213575233967,0.65431798081431
1773,0.0294198058577066,0.0860340745851903,0.255646264272917,0.657323960141711
1774,0.0293756688777425,0.0868005984471217,0.255653476200867,0.671920610317532
1775,0.0294479861442537,0.0868836386578489,0.262931297342591,0.651228338826326
1776,0.029373709091326,0.08664300034407,0.249921720193366,0.644805601429246
1777,0.0294349803330009,0.0868377091936215,0.248732129212383,0.610069668647785
1778,0.029393703411678,0.0867818222396609,0.248852913822811,0.637511032248759
1779,0.0294466326452523,0.0868491740333966,0.255029141216495,0.724271964978594
1780,0.0293546321070538,0.0864733454671178,0.253068964014218,0.681500211992639
1781,0.0294528959624914,0.0870182678048233,0.259397434694881,0.700518094573796
1782,0.0294155405949463,0.0862090602652735,0.251290969905872,0.63274011561314
1783,0.0294425608736774,0.0860422149729373,0.252824051851983,0.705925165050452
1784,0.029383432215692,0.0869547287265091,0.258035200837603,0.650285161957654
1785,0.0294493200969566,0.0864889611256301,0.253815263762115,0.682064266430102
1786,0.0294036815232206,0.0866314935961871,0.257499805155753,0.700581245909091
1787,0.0293693059651932,0.0868760371659988,0.256687068865253,0.669024079236136
1788,0.0294422141828979,0.0863500957808924,0.255108301499066,0.695472390781181
1789,0.0293796494347803,0.0864365434293976,0.254024412471226,0.697675419948155
1790,0.0294093310852757,0.0873335856029513,0.249710286340065,0.66113039542371
1791,0.0293754130443048,0.0863749628855525,0.256626254239111,0.710302153365559
1792,0.0293905959008879,0.086355587672443,0.256549975946958,0.659102047071273
1793,0.0293373920195905,0.0865737275575715,0.26208463474913,0.694514231306919
1794,0.0293847087724823,0.0863564932913646,0.248180573728186,0.622660434926771
1795,0.0293381052005764,0.0868567370704681,0.256810839829218,0.644004639791517
1796,0.0293066754604479,0.0862083832843086,0.247724356337928,0.654419638884161
1797,0.0293652127596259,0.0867485385620252,0.251681989722986,0.662883724437015
1798,0.0294142581173529,0.0869662091795343,0.257510882278431,0.674488039426723
1799,0.0294064486524756,0.0868023840553243,0.256208242593598,0.656205342685726
1800,0.0294289094090469,0.0865454390490205,0.255347702219178,0.679783560852062
1801,0.029435098937346,0.0861067575593969,0.256955410860312,0.674569299430467
1802,0.0294038344096429,0.0862785277307205,0.249169085822673,0.672570647647215
1803,0.0293506667349626,0.086366844123631,0.253811767092725,0.65935480264254
1804,0.0293569264915031,0.087139230788029,0.255597835189165,0.715857531448401
1805,0.0293764527948045,0.0871400292814673,0.252636153726208,0.644366865694781
1806,0.0294453691256459,0.087223170782609,0.260822237048735,0.693878193922648
1807,0.0293048767601738,0.0861934499338268,0.262631581414383,0.683046260120134
1808,0.0293298145871808,0.0856584646422318,0.252786725082829,0.652630089097209
1809,0.0293170602972544,0.0860365980835668,0.252123558753272,0.656546006754279
1810,0.0293596617300627,0.0870557427484743,0.252616845037958,0.670607103322165
1811,0.0294699604224844,0.0867950838957281,0.258384734026101,0.678694063206772
1812,0.029328087353671,0.0866282179547937,0.254805821941992,0.666097623932317
1813,0.0293325244804501,0.086708472759128,0.251541187524055,0.64896556953559
1814,0.0294159203673614,0.0864064245425604,0.253833411070373,0.628953534921493
1815,0.0294045639871006,0.0861663915852713,0.256712701897139,0.655380761412921
1816,0.0294062348287285,0.0864360377690919,0.256096273572773,0.657914426784559
1817,0.0293798501041955,0.086324746174057,0.25262596520095,0.653931689327998
1818,0.0293754020620841,0.0862271695711405,0.256995404281632,0.653205775771337
1819,0.0293813608390275,0.0868142212275729,0.252398761493141,0.659056729813116
1820,0.0295260070254223,0.0875083604422754,0.256236882354828,0.65743364765342
1821,0.0293861232944706,0.08690498291211,0.250128198293978,0.653720210459253
1822,0.0294765131961561,0.0870174410411364,0.259485218640302,0.620112878172709
1823,0.0294353980884558,0.0864330258271885,0.253080391936453,0.663732421587352
1824,0.0293784308742502,0.0864217282269859,0.252544152211193,0.640933638134183
1825,0.0292934669486291,0.0860425813385704,0.244919306039176,0.667414461896653
1826,0.0293823719563263,0.0865360106800961,0.253392844168528,0.637136749843151
1827,0.0293586199925687,0.0863054242598713,0.253282580755523,0.6883968870594
1828,0.0293888590461994,0.0870528082975246,0.252116850987345,0.66238578620164
1829,0.0294378664536828,0.0857111631543952,0.248377152860917,0.652886852648298
1830,0.0293410694803768,0.0865446760454249,0.256554706149672,0.680675063741652
1831,0.0292918509619146,0.0857874290709611,0.254406322824672,0.67025866342973
1832,0.0293617118302096,0.0875421611354376,0.258547030376118,0.715529471764024
1833,0.0293645095132315,0.0871821960241795,0.258533452589213,0.670250782935211
1834,0.0293733856245638,0.0868678631961331,0.253857884273252,0.65038103526322
1835,0.0294801429962315,0.0873361832483101,0.259556392875677,0.631109669727733
1836,0.0295515838633363,0.0869846183010044,0.252329472313171,0.616989132819127
1837,0.0293650420304338,0.0869031706354627,0.250731797160959,0.617845822848364
1838,0.0294000141934819,0.0858201137515509,0.255822799420607,0.684930924742662
1839,0.0293342463273484,0.0865597244756911,0.254970843318009,0.678643227757723
1840,0.0294476741968416,0.0868377980260787,0.255916468596323,0.703289391778132
1841,0.029435182159418,0.0858691213191146,0.25160815031876,0.637513611250791
1842,0.029351692182651,0.0864576768014401,0.258301200504354,0.669890301409625
1843,0.0294223079058087,0.0866551395922533,0.251775640051388,0.644923976312565
1844,0.0293719166326729,0.0867279852333986,0.257972364989843,0.62263759967299
1845,0.0294201566283606,0.087031383522575,0.258571845488978,0.650355692453241
1846,0.0293749771638341,0.0865610021094411,0.247567366355583,0.62155781024914
1847,0.0293982330552921,0.0868367724308718,0.258193992976023,0.667105470842824
1848,0.0293999226808451,0.0867749694747213,0.252857373421955,0.702178113122384
1849,0.0294361585841801,0.0873401684496563,0.256685646402295,0.619840638713854
1850,0.0294483189490224,0.0875451115088632,0.260338708529732,0.677637623046688
1851,0.0293438342457528,0.0862920919333516,0.258179214126408,0.640137474442253
1852,0.0293382139766272,0.0859392246489781,0.248440954802922,0.657953902833314
1853,0.0294051686232459,0.0865907799881451,0.25763400844684,0.653314456641732
1854,0.0294126481559436,0.0859763170762592,0.256858497562463,0.658114987384911
1855,0.0294134356417942,0.0866345050028745,0.251714276804937,0.659507239315869
1856,0.0294546876380619,0.0869668473443621,0.262224290673801,0.65464133057862
1857,0.0294632730531364,0.0870969147771434,0.25147888327674,0.711328667669635
1858,0.0294474856358402,0.0876429306365451,0.255748426097548,0.647318094303648
1859,0.0294846694212364,0.0864249126720579,0.249585269106475,0.690400930646425
1860,0.0293441101077243,0.0861659940681719,0.250883935777667,0.622346220073722
1861,0.0293657329002622,0.0869467146808043,0.261499555676047,0.665124663693145
1862,0.0293852831198827,0.0870190484101355,0.254997997231657,0.658991873747274
1863,0.0293465432635628,0.086612915296278,0.254336850494095,0.694675850703597
1864,0.0294160888751813,0.0865864184248281,0.254132623105549,0.656149060144689
1865,0.0294410311828822,0.0866398504557969,0.2521962000467,0.693058103889669
1866,0.0293499455293577,0.085684813787524,0.25478211618774,0.651269750149918
1867,0.0293547091942078,0.0861471870975414,0.253274992782328,0.647170163470213
1868,0.0293326924610326,0.0868623609773279,0.251689982010134,0.717496885798789
1869,0.0294268560544731,0.0861220482634679,0.250026042878522,0.649947486121108
1870,0.029328626511558,0.0870544117306173,0.260541816507446,0.682264616920552
1871,0.0293302922828215,0.0866630857213083,0.24963357933348,0.664921908666811
1872,0.0294063461017475,0.0870969734335375,0.257189384115065,0.660740989815382
1873,0.0293410365654426,0.087010260988226,0.252244042065445,0.62496965811835
1874,0.0294223388894714,0.086675069081406,0.254061901043146,0.67100972000383
1875,0.0293996384723956,0.0867164546333436,0.252095836510518,0.620523100822729
1876,0.0293712103274443,0.0875743166745772,0.261501763185813,0.644398751962754
1877,0.0293385880636793,0.0861682520789024,0.259270630739943,0.639046978501826
1878,0.0293961787919106,0.086495691885979,0.253921469445042,0.677505835891552
1879,0.0294372325433321,0.0870293477711306,0.249145770513865,0.65062869761704
1880,0.0293997077890972,0.086355980047927,0.258771312773813,0.700837892714421
1881,0.0293673137618396,0.0859557251540298,0.25483712768931,0.669715258630967
1882,0.0293995341401107,0.087111442258881,0.254168489193144,0.629776780301221
1883,0.0294371868934931,0.0862479238737457,0.247925008306063,0.652373937315615
1884,0.0293165267174185,0.0864082727608324,0.255563573446215,0.685977097158822
1885,0.0293670294582588,0.0868218363939298,0.252247104855869,0.630234956790557
1886,0.029283311536477,0.0863104454919956,0.248450881566342,0.65530407483071
1887,0.0294399802946871,0.0863108661816187,0.252943688384546,0.625349761361091
1888,0.0293813634180814,0.0869158859093024,0.251576609723665,0.659324373383989
1889,0.0294662188236781,0.087026181693071,0.252007949223135,0.678009336755996
1890,0.0294404946221513,0.0871629702739651,0.253003786266697,0.626704390126191
1891,0.029414888613761,0.086175378350303,0.246193979540688,0.693444782268889
1892,0.0294439091700446,0.0868273086941355,0.254052936430312,0.719573442386557
1893,0.0294140168762055,0.0858629885478851,0.255326439787717,0.673143300298421
1894,0.0293453568286004,0.086815954221283,0.258408218604935,0.668995288225241
1895,0.0293828173371788,0.0869373317733232,0.252893845934495,0.640611299748621
1896,0.0293816485325213,0.0871471851100323,0.25659734990375,0.654122301549246
1897,0.0293774066779346,0.0863938966389109,0.254100833595934,0.643740944541487
1898,0.0293550392214326,0.0868915778232665,0.251528840202791,0.692165363283577
1899,0.0293277674940575,0.0868529308934966,0.263561755773991,0.668634059215785
1900,0.0293935473072507,0.0867651529988234,0.257804851977079,0.647503815087293
1901,0.0293730967280806,0.0863855925990172,0.249356862950149,0.653222884987466
1902,0.0294546411145142,0.0865393350375709,0.250445967963461,0.676289919174324
1903,0.0293704817932195,0.0862978891776615,0.249018611090941,0.634095194577591
1904,0.0293554766713002,0.0868793751385616,0.257633023556295,0.640601612476361
1905,0.0293786049593917,0.0862854710126629,0.252710298284835,0.667773028061021
1906,0.0294757735497135,0.087164653034322,0.250100118743398,0.639959747762628
1907,0.0294508006793654,0.087262676491856,0.254293135793636,0.672890913900824
1908,0.0294761857282013,0.0870731759603847,0.25006073579623,0.659303487334285
1909,0.0294664235594033,0.0872638068022842,0.260383576439846,0.659062598171891
1910,0.0292760741531753,0.0864234334957012,0.249350162403133,0.659430373564634
1911,0.0293406836755937,0.0865440517968439,0.255303829767356,0.68578434711713
1912,0.0293400616889186,0.086748844188064,0.25511433966442,0.636082252516526
1913,0.0292964805551786,0.0867635801322944,0.253940345691858,0.649654420440627
1914,0.0293927136601186,0.0862840850076967,0.248893479492714,0.621930680507378
1915,0.0294267501357129,0.0865378688761977,0.252313733271118,0.658219978055293
1916,0.0293042534702055,0.0866428173436255,0.252020707264175,0.650549189564698
1917,0.0293677455163119,0.086635320546262,0.257173834275609,0.659364271545545
1918,0.0292695171414993,0.085694994307368,0.252511903039352,0.636792261269162
1919,0.0294043437878566,0.0868173519932986,0.25789545006956,0.624292950477127
1920,0.0293689739557456,0.0868356311811637,0.254338000127486,0.6337337627315
1921,0.0294626614612273,0.086717015958803,0.25460658149197,0.645939115180993
1922,0.0293814299008097,0.0873803377632407,0.259552547966141,0.682968887874644
1923,0.0293410346651112,0.0863929571894219,0.255830742115531,0.636034546033943
1924,0.0294072743321681,0.0865985422630139,0.252024890014061,0.673857306743534
1925,0.0293047158312944,0.0857847269622379,0.251951166447929,0.685198236283367
1926,0.0294997339888121,0.0872470363116503,0.248903020381502,0.688353947629047
1927,0.029395744659702,0.0856147383673043,0.247592764538057,0.66948940014812
1928,0.0294711722087688,0.0874108557992457,0.257752200818135,0.623406276750066
1929,0.0294272330152139,0.0863076993715072,0.252677988934799,0.64491499480256
1930,0.0293236736500903,0.0857941754729254,0.251860958521224,0.65764143963908
1931,0.0293881908385385,0.0861597837556149,0.255522570484031,0.638086461024455
1932,0.029455014023846,0.0863508243021711,0.254882879776524,0.728185937367162
1933,0.0293687231441935,0.0869676102493035,0.251099006744554,0.659676931810596
1934,0.0293774878171439,0.0865595670074516,0.259218745359222,0.66645940294997
1935,0.0294173476638465,0.086701036102282,0.249508195157095,0.645272974513403
1936,0.0294048770382718,0.0869767232989217,0.257022865752375,0.634420732791168
1937,0.0294745433509155,0.0866695217653538,0.252285959187234,0.69245207694059
1938,0.0293708848291424,0.086523038508993,0.251491663700345,0.689591143491823
1939,0.0293528282927455,0.0869591585170262,0.261218166996917,0.676611492899522
1940,0.029351739254745,0.0874746724004213,0.25618404392638,0.683760171546586
1941,0.0293687873401752,0.0865278690006287,0.250079363971724,0.673958924078208
1942,0.0294001880333925,0.0868405773506077,0.250114221839864,0.639833000164891
1943,0.0293717535350806,0.0869787317182852,0.255130957118856,0.640648805800311
1944,0.0293293835658846,0.0861380011605623,0.253073306131964,0.630104458160866
1945,0.0294360473605665,0.0864161121990646,0.251568531587244,0.673764217623185
1946,0.0294053476053125,0.0857519277475045,0.25719161562159,0.700444991528113
1947,0.0293394423616278,0.086923489437426,0.260010423732119,0.678495908183671
1948,0.0294545831802832,0.08630232080505,0.254868756667865,0.667155958434921
1949,0.0293362365433271,0.0861237705763465,0.254974661210781,0.642149323974165
1950,0.029452255350569,0.0865623911351655,0.251311516279326,0.680074547302019
1951,0.0293821725511309,0.0857471249316321,0.255703612877997,0.648707850147693
1952,0.029389959511223,0.0864190426171567,0.256850114032094,0.709651022048983
1953,0.0294256197515906,0.0876353206499142,0.253452748543747,0.682236031752075
1954,0.0293997881278861,0.086145797493002,0.254599160657732,0.684315974430687
1955,0.0293482743903516,0.086922111919874,0.250797426405745,0.665949022374145
1956,0.0293610193333198,0.0859182312888089,0.253888231794447,0.673932166508804
1957,0.0293729281194703,0.0862480398075434,0.251733841379956,0.677980963613012
1958,0.0294668783968031,0.0873217492870932,0.256774334144799,0.660294456882964
1959,0.0294210050102405,0.0873233601701147,0.251838942374291,0.687989872339838
1960,0.029393631259767,0.0866255977535855,0.250701997748831,0.63616444652806
1961,0.0294269253330805,0.086866213340894,0.2544253684394,0.639184685257101
1962,0.0293630998328532,0.0871490440577611,0.258503539675646,0.630127152295225
1963,0.0293577804157402,0.086590330186843,0.25692468837372,0.672504323746494
1964,0.0293932540588344,0.0861417734433139,0.259224097659574,0.724988316720959
1965,0.0293586900683978,0.0870846160794004,0.252536694804557,0.710918348406555
1966,0.0293812832232461,0.0867446201615458,0.25349950817484,0.665392133632311
1967,0.0294026290246944,0.086577026532601,0.255270086378396,0.672400614067581
1968,0.0294480685190229,0.086944305828308,0.253774092946287,0.645842634135796
1969,0.0294159850145644,0.0869319117530977,0.254730495526187,0.664128394832268
1970,0.0293736631959899,0.0867027947091795,0.251982045914373,0.707619100402361
1971,0.0293641790908163,0.0867795587463479,0.253710906163859,0.665839771220944
1972,0.0293519243079482,0.0863110043385145,0.254591389344213,0.707681092328716
1973,0.029478715068234,0.0860037357783946,0.25132819322222,0.632142963695915
1974,0.0293248348337688,0.0862755448697309,0.257772780835334,0.648507378532497
1975,0.0293645489893626,0.0865096682921924,0.258403852774584,0.652967859457159
1976,0.0294361553560058,0.0858145085021596,0.255437976532536,0.654977290981278
1977,0.0293717416261253,0.0865288307828693,0.25088627432687,0.647186832335432
1978,0.0294043832407105,0.0860900294483733,0.256531053830188,0.633829634163262
1979,0.0294189764855127,0.0862532052019375,0.256570957090049,0.695126371661507
1980,0.0294063175458433,0.0867153147560538,0.25742781157005,0.651798955943495
1981,0.0293727190215155,0.0858786982971013,0.251000395071225,0.650511203756106
1982,0.0294200792652261,0.0862446748167158,0.246878577037605,0.67251316135689
1983,0.029368633190953,0.0869285391855625,0.254857156676788,0.664847796985437
1984,0.029416568263089,0.0867700049884275,0.248153972369574,0.672789696265791
1985,0.0294052998425598,0.0862716071427469,0.251975556521373,0.708146780024729
1986,0.0294066403758548,0.0857685775028681,0.247764732263532,0.628524709883375
1987,0.0293236467638246,0.0857513621799123,0.253053018868429,0.66863684238948
1988,0.0294378355268058,0.0867731443041728,0.252425193088088,0.663758905731041
1989,0.0293520405279736,0.0859959084492127,0.249140989871496,0.662603587260265
1990,0.0294510968160587,0.0866607830857608,0.250551577309875,0.638534497661265
1991,0.02949083141063,0.0864136151849422,0.259168602181939,0.653085904138239
1992,0.0293037040981847,0.0860898946402618,0.255320424500908,0.684400718139617
1993,0.0294011661956423,0.0868682592228716,0.250188638302312,0.670468672862727
1994,0.0292878543344415,0.0864418440364834,0.253836111748228,0.668377013487907
1995,0.0294507878734346,0.0870712616907361,0.253744487645406,0.634241205547479
1996,0.0293763783343206,0.0867468709876583,0.251666068128425,0.647701692254378
1997,0.0293754460913968,0.086475574402879,0.262275172502682,0.66687883125233
1998,0.0293360337153875,0.086799988471181,0.254351591296511,0.64145799016512
1999,0.0294251971838422,0.0863794099421073,0.255709317344597,0.654988111096982
2000,0.0294035011335562,0.0860532388469172,0.253135281132372,0.63996835165866
2001,0.0293463217092765,0.086460177321714,0.252222244718752,0.657074983298154
2002,0.0293754563110521,0.0859441686037325,0.249830976642484,0.643675278346999
2003,0.0293450427036554,0.0865441805278429,0.247118345095609,0.632904928603604
2004,0.0293908340532684,0.0875390187281419,0.258037699214554,0.674563845336347
2005,0.0294177877221542,0.0861380047943594,0.251542839878775,0.62974668691777
2006,0.0294085031838767,0.0857621821534464,0.253749246594465,0.65493227434126
2007,0.0293298136769382,0.0862395224462707,0.245852448590339,0.638145154822662
2008,0.0294098312976573,0.0870553619100748,0.249578770166551,0.656749709746964
2009,0.029358832122879,0.086391655735545,0.257783095534601,0.641837183259687
2010,0.0293193469389172,0.0865581787640041,0.252268274795798,0.643204503532789
2011,0.0294600277647959,0.0872304567097286,0.249111643368146,0.661862958574506
2012,0.0294571652038582,0.086885919124285,0.251969539051546,0.669839767646405
2013,0.0294618999902479,0.088051669917959,0.255688935683941,0.605777976792746
2014,0.0293642351654544,0.0866647112845371,0.253467174312903,0.628810392632903
2015,0.0293447670536312,0.087222314777698,0.256565395281361,0.628610139836141
2016,0.0294404000332724,0.0866003590737448,0.25748097074219,0.645722123392145
2017,0.0293887540870239,0.0874162867369477,0.258451490353345,0.637952167240405
2018,0.0295208055190414,0.0867083398057164,0.259037894987753,0.717341977698343
2019,0.0293691442473778,0.0866363838549819,0.254640736182839,0.663040203157818
2020,0.0294393666221634,0.0863079793632888,0.249281642084276,0.662415939372459
2021,0.0294076866083455,0.0865017239230186,0.247215554002117,0.621938991519579
2022,0.0294222315490802,0.0861102645800877,0.256673249871143,0.623096012662648
2023,0.0293789337534332,0.086449833048925,0.251377094874342,0.669872330184809
2024,0.0294459449115156,0.0862201048469464,0.254513302579771,0.707752050704763
2025,0.0294373589212235,0.0874285597545358,0.257342492749148,0.654831160899138
2026,0.029349247905733,0.0855914277236299,0.253630296069415,0.710081145809163
2027,0.0293387541648235,0.0872489906387666,0.25200063176932,0.637654068086067
2028,0.0293834615615339,0.086565067449562,0.247343707262517,0.63939635532567
2029,0.0292923627510168,0.086622967193183,0.254999130966502,0.643630574230413
2030,0.0294132155073713,0.0872238524110651,0.25152141120526,0.643900983715448
2031,0.0294022335285726,0.0862224821923038,0.256345070111834,0.673877195040668
2032,0.0294466128714828,0.0867709938863401,0.251224916156113,0.724746657405542
2033,0.0294033743658039,0.0869882439103657,0.26043839702771,0.656101071511124
2034,0.0293948139602044,0.086806810504108,0.250166104039386,0.690125777941563
2035,0.0293526191112029,0.0869288247447719,0.253712384755264,0.6705356565416
2036,0.029324331452846,0.0858267296026218,0.259774917790932,0.651755054639232
2037,0.029465603664555,0.0872028719438155,0.25494490922845,0.657729890566318
2038,0.0294041412390868,0.0873994800643576,0.260291945994193,0.681500226452153
2039,0.0295137176503447,0.0876420131393973,0.254872073023112,0.662870106773897
2040,0.0293329308331924,0.0865863564297303,0.25832378272403,0.671888013124623
2041,0.0293973562106974,0.0861652030131069,0.251331515488865,0.647726635681101
2042,0.0293358986411865,0.0871650379727816,0.257176411309977,0.639496764561264
2043,0.0294165081965911,0.0869612297124288,0.254322600649069,0.721051030937744
2044,0.0293583373852354,0.0867977326286399,0.249085622731262,0.677222088298642
2045,0.0293313567417354,0.0859555721959405,0.249508311251765,0.611189142170245
2046,0.0294391134157587,0.0870998969516805,0.255345450601405,0.654635000191782
2047,0.0294472182274852,0.0860156565034756,0.250356810122603,0.663990452162483
2048,0.0294486997798112,0.0870773513125948,0.260001736901047,0.649512899868371
2049,0.029394006845522,0.0870239849903085,0.257063982065387,0.657290726091109
2050,0.029372592660568,0.0860652635458629,0.252856575823212,0.626598577891352
2051,0.0293428286021193,0.0867371817280975,0.249545073931746,0.624674872507926
2052,0.0294416581438421,0.0869986971650917,0.250073479555777,0.671901031070512
2053,0.0294555759141828,0.0864781937616496,0.256479099309379,0.690038858781126
2054,0.0294043381584763,0.0870649746609028,0.260442655407925,0.661794435591697
2055,0.0294344213103358,0.0864127629560228,0.255214479588522,0.690913919580424
2056,0.0293731982679412,0.0861292004865829,0.249712868937865,0.627359871239268
2057,0.0293788778624939,0.086793697494373,0.256482751771695,0.635171952265018
2058,0.029443003092108,0.0865075043082671,0.25604919543724,0.648113428460857
2059,0.0294523479850113,0.0863870943136347,0.258679018410446,0.68040481714143
2060,0.0294030918220823,0.0858997317444177,0.259202878014247,0.674000710154417
2061,0.0293641068735556,0.086086653563199,0.251316423490221,0.704910744632416
2062,0.0293687597030197,0.0869152078416432,0.256489102260508,0.64806488551106
2063,0.0293909808867784,0.0866556750163786,0.260647327586602,0.653194530534198
2064,0.0293289082453406,0.0866634095336656,0.252753473812226,0.656721276238576
2065,0.0293951835313584,0.0871406677558139,0.254367254277886,0.636212619551481
2066,0.029406584511688,0.086156921236754,0.256052605936308,0.667900518263213
2067,0.0293077764089824,0.0870551683045295,0.256347093146712,0.629129494636077
2068,0.0293884273056882,0.0867652446313231,0.260086966868247,0.688413704499396
2069,0.0294128190795261,0.0869012186421331,0.258953397660926,0.679057914934834
2070,0.029412779198707,0.0872976017108695,0.261607166224174,0.652828567118559
2071,0.0294456510722879,0.0861904419697874,0.252728980733743,0.651064524655286
2072,0.0294127414860165,0.0863804991657088,0.254623655886011,0.681231994135015
2073,0.0294906452875979,0.0864218056852959,0.250843920436199,0.660652591982456
2074,0.0293910260854196,0.0865903946988075,0.255501517497846,0.632875623913778
2075,0.0294843304381597,0.0869360950860157,0.255270016154329,0.639074955330662
2076,0.0294823185246267,0.0865921802155694,0.254570260076397,0.652584678059663
2077,0.0293552985244946,0.0867054257373819,0.258667549083269,0.654464533591916
2078,0.029438328768537,0.0873842260562495,0.257554191719678,0.684976956869718
2079,0.0294227025575213,0.085630431159304,0.247334975711806,0.630933024320217
2080,0.0292932081019759,0.0869089171850846,0.257995790886392,0.71145875495281
2081,0.0294054283930955,0.08656835880736,0.249939157344397,0.689675726542824
2082,0.0292848403199047,0.0861179108825896,0.24665736252227,0.661309059366637
2083,0.0293914422665179,0.0871666591062389,0.250974081143386,0.673917435558012
2084,0.0293764321590209,0.0869452397212917,0.257784278745339,0.672003532298234
2085,0.0293766130317801,0.0867225270958406,0.258990094733717,0.651661960165191
2086,0.0294107158020644,0.0875235909093001,0.255177435167492,0.676034204785783
2087,0.0293615737134202,0.0857115390019311,0.248979511210054,0.632178760515302
2088,0.0293614334337412,0.0870055945670543,0.256606202804837,0.641312717594928
2089,0.029412386096969,0.0866300750261149,0.258742636685404,0.681095380443056
2090,0.0293619419900023,0.0868620363515046,0.25504204122083,0.671092537467223
2091,0.0293533063916692,0.0865410328076612,0.251738854084732,0.694259304220181
2092,0.0294900291879383,0.0864982071953144,0.249687595420029,0.63102148992972
2093,0.0293098217172181,0.0865323746957206,0.249181280878227,0.664221703189626
2094,0.0293966561076901,0.0866516105040736,0.255522365921819,0.70146134387638
2095,0.0294108405162881,0.0869562157891867,0.261114103807837,0.690154274332191
2096,0.0293026755138073,0.086827579108093,0.253519064665126,0.653558666765583
2097,0.0293055541401803,0.0862443447278974,0.244687960367021,0.642638155098086
2098,0.0293334945803297,0.0858232124624231,0.253082053825188,0.64104951011764
2099,0.0295032366911713,0.0869292220260801,0.250964124245958,0.65491877413418
2100,0.0293753233309216,0.0863047645887206,0.254424161230324,0.700597588313389
2101,0.0293493619627627,0.0858020987981511,0.258213656762535,0.660182937408751
2102,0.0294110232697656,0.0877378080147693,0.261515058993984,0.652487005161793
2103,0.0294398316617545,0.087012289827649,0.255889497433642,0.667051710565267
2104,0.0293211506954289,0.0870653242086587,0.252484776710802,0.680047341524737
2105,0.0294268392221952,0.0866389817889113,0.253341459698862,0.655603814389346
2106,0.0294533775767092,0.086435830975944,0.24713988391626,0.634237830987665
2107,0.0292968179227509,0.0872748123277696,0.258002750990045,0.687021286523547
2108,0.0292771661003653,0.0864566187675239,0.25281027038375,0.658575770697286
2109,0.0294407378407319,0.0865143807321369,0.256934751209859,0.663329945975798
2110,0.0294050217279645,0.0858199578090708,0.257831330589607,0.693558294435171
2111,0.0294887481320218,0.0868153184336278,0.257163225826993,0.641066604103569
2112,0.0293570083028974,0.0871105491169285,0.25995731579856,0.673517412106915
2113,0.0294080613014575,0.0863145498411231,0.263556008258849,0.680110718188052
2114,0.0294574031814179,0.0876636310810648,0.254154644786462,0.674951839303779
2115,0.0294125488241975,0.08643832248684,0.249055203795113,0.659423323150113
2116,0.0293352833324787,0.0861461993497633,0.251947273806048,0.650371284307352
2117,0.0294410205301612,0.0873292040596114,0.253260282703436,0.710541302080809
2118,0.0294902267968813,0.0865909929996661,0.257272342615771,0.654702688170292
2119,0.0294124028971243,0.0874379115945,0.255633960846407,0.678614871915858
2120,0.0293536267542611,0.0863862408728813,0.250357518812346,0.667355030232742
2121,0.0293246936112117,0.0858329984535663,0.255726122857364,0.647353115359103
2122,0.0294063051011901,0.086847877436357,0.262360182684623,0.682269015255997
2123,0.0293381857612506,0.0875577110270156,0.251327133856631,0.676923215750121
2124,0.0293607936842117,0.086237594793746,0.254264854206613,0.678852533991956
2125,0.0293773922516013,0.0868142916728353,0.253774248784465,0.657698324049465
2126,0.029408618461752,0.0871115259868561,0.255239342384182,0.634190112633152
2127,0.0292913563215423,0.0861169912100622,0.258274898303879,0.697754692271285
2128,0.0293475499014784,0.0859118393978345,0.249674201226378,0.662816012345659
2129,0.0293908016719244,0.0860860237227234,0.257290650526944,0.661967283600029
2130,0.0294564927746507,0.0864249340256585,0.254139810071026,0.689824075439882
2131,0.0293259614404231,0.0868205506264007,0.255183848945704,0.695158913012948
2132,0.0293038305008738,0.0859210574134925,0.253425626900067,0.649497089501064
2133,0.0292805954580825,0.0858219531997942,0.258349774884099,0.651561000301986
2134,0.0293387116015345,0.0864562511982826,0.25015903355347,0.697465116958947
2135,0.0294280011543598,0.0875038861680877,0.256252876348233,0.686387043476543
2136,0.0294097613079089,0.0868381814853687,0.255606839164392,0.670536060557139
2137,0.0294966839842225,0.0877102653095413,0.251449614956915,0.695846913916697
2138,0.0294058266687362,0.0872705798551499,0.253804780487884,0.672846662619556
2139,0.0293701662260719,0.0866399412274303,0.253911485510621,0.669415641486265
2140,0.0293977545122258,0.0876315445386106,0.264790394666975,0.705786794216404
2141,0.0294692738398768,0.0868674796807205,0.252458695713478,0.643263651217823
2142,0.0294015594765892,0.0865135696472094,0.250561119897398,0.67120498028263
2143,0.029416976194823,0.0867252921212136,0.256164865228003,0.707679610748909
2144,0.0293967498260313,0.0862196759570759,0.250295648730673,0.672796540170449
2145,0.0294956716993835,0.0865046573692354,0.252363417196353,0.672982223372299
2146,0.0292757197340403,0.0864982297950356,0.255199516260417,0.641978327653728
2147,0.0293753892226068,0.0866403280100708,0.251437890848787,0.656015946205239
2148,0.0294804543972638,0.0871627607161975,0.256543199263548,0.646042260125132
2149,0.0293100220560588,0.0865676869520739,0.252460173115454,0.638204629096917
2150,0.0294529320124851,0.0857096996201921,0.251402835333275,0.640159254473527
2151,0.0293544904266532,0.0865641091723285,0.251491720603163,0.695739758981337
2152,0.0294130514673695,0.0875706830091677,0.26036573398983,0.679147740340052
2153,0.0294496957297166,0.0876782836712328,0.258607229503995,0.691323572253223
2154,0.0294158907620515,0.0863939443500685,0.247116133888272,0.657226653875308
2155,0.0293353105631533,0.087119273941095,0.253645232429524,0.715923830075531
2156,0.0293863901368998,0.0863131298032655,0.25968111615814,0.680320339524394
2157,0.0293884865302627,0.0864225291044476,0.25567788409167,0.675430828275446
2158,0.0293432485888767,0.086925042349745,0.248017337937444,0.657562769481341
2159,0.0293323020425687,0.0870231673025349,0.257128369961405,0.659877529085494
2160,0.0293898308146348,0.0860957926219526,0.249843397267167,0.640753965574049
2161,0.0294031375343205,0.086271113183036,0.25028790856645,0.663309437441537
2162,0.029547722842807,0.0874355359774006,0.254730119625468,0.682862337963094
2163,0.0293815858410944,0.0872582868746982,0.255621403523482,0.682562952186936
2164,0.0294285295194897,0.0866421368292222,0.256729826396363,0.72929061213998
2165,0.0294626843858336,0.0869514689114242,0.262381209343347,0.641180995626337
2166,0.0294900396358482,0.0862185727587919,0.258884548618717,0.682072863602058
2167,0.0294454653563997,0.0860833163316495,0.253926247869865,0.684285063107511
2168,0.0294561744974836,0.0869634011848969,0.256895726511937,0.672569873040765
2169,0.0293350919252603,0.0867248114572775,0.256479528897829,0.633170099389673
2170,0.0294245545069458,0.0865726649190308,0.259474204487561,0.679706050792825
2171,0.0294370364594006,0.0871830829518056,0.260657394712725,0.68606626176276
2172,0.0293241318500833,0.0868952496794024,0.250426315563824,0.707886526301318
2173,0.0294064995162712,0.0862401693701244,0.250729675487519,0.673022068089205
2174,0.0293909575076557,0.0865696076232314,0.254599284842498,0.657095624481624
2175,0.029389471770449,0.0867547336305966,0.255116991091624,0.689981883937979
2176,0.0294145812181958,0.0865901656066893,0.259602507645304,0.627137944017679
2177,0.0293362099980324,0.0859710534635984,0.251489845780282,0.618121353419498
2178,0.029312910736721,0.086289907016193,0.252716758122133,0.627137373508539
2179,0.0293668100020254,0.0861524149387586,0.251733503042881,0.653833963138304
2180,0.0294590989676299,0.0867025879604097,0.256494320688055,0.669221778991175
2181,0.0293718173684172,0.0860506572618367,0.254202291594129,0.678344059116443
2182,0.0294286758538849,0.0875859716306788,0.25647060961066,0.686100027362925
2183,0.029435538669392,0.0859886506192719,0.251903175461274,0.699772553904742
2184,0.0294059683708345,0.0865481383395357,0.261364751835815,0.677679696735325
2185,0.0294001317461567,0.0861786350779608,0.252687511202428,0.662671790458544
2186,0.0293771031051191,0.0861152185241342,0.252255053273699,0.639645556715639
2187,0.0294070879471303,0.0877618862530068,0.254951699068167,0.625507338371121
2188,0.0293640325975587,0.0870579636224814,0.25513930522651,0.66245309957765
2189,0.0294358689989129,0.0858888372478228,0.253716555832897,0.67734699716899
2190,0.0295003711821378,0.0861306325242162,0.259294572586317,0.633043169065363
2191,0.0293706824887923,0.0869471745630996,0.252459568080264,0.641486403303901
2192,0.0294030103237279,0.0863798799682041,0.261786785589279,0.682433476501076
2193,0.0294920139872357,0.0863140945568434,0.247297347744098,0.683507088550485
2194,0.0293378459184864,0.0863991006984722,0.253094992935303,0.667791522204945
2195,0.0294285274130231,0.0866758770928457,0.254942836700149,0.660022408774338
2196,0.0293905228897282,0.0862691173413632,0.255953843725334,0.636264783714111
2197,0.0294079080763199,0.0871328218826669,0.256291944361113,0.692776583846689
2198,0.029432744241713,0.0860029999826668,0.253678093184268,0.641028687644578
2199,0.0293675027617894,0.0866414235074601,0.255568897546806,0.687304882902691
2200,0.0293184857050298,0.0869458455266002,0.250598324863399,0.637759428751147
2201,0.0293797204610765,0.0866757651167582,0.246727838722314,0.642103417752206
2202,0.0293767987386068,0.0875342976680609,0.257350775497281,0.70474461654997
2203,0.0293484176225738,0.0870603761184557,0.250588394535527,0.658759536257335
2204,0.0293873685251289,0.0865690440185613,0.258229743068667,0.676800407067548
2205,0.0293311676763921,0.0868182701560853,0.257429734934215,0.68232003466753
2206,0.0293905101992255,0.0860330386342809,0.251742560413721,0.688495970780387
2207,0.0293790519178515,0.0864023452034029,0.25542457699369,0.67412800896404
2208,0.0294793242185026,0.0863797415749123,0.259909248962867,0.697845111327055
2209,0.0294015602288392,0.0867626387358,0.251280984767334,0.645051229939758
2210,0.0294047343865948,0.0861897882810096,0.257011174882211,0.67275259994243
2211,0.0295033348093392,0.0861830477751576,0.255752504633532,0.658301425782388
2212,0.0293554548437088,0.0863379290052214,0.25264572641507,0.64026873980874
2213,0.0294014479150273,0.0865073895672981,0.254142548670848,0.635623237795013
2214,0.0294980400749181,0.0868070112017165,0.260208709866528,0.652267368385574
2215,0.0292845081402835,0.0870660927615841,0.251683818271373,0.679112835592871
2216,0.0293596329333558,0.0861115942576555,0.255392207192325,0.64003679065696
2217,0.0293371685396763,0.0869626422363691,0.25375399957653,0.638614844759708
2218,0.0294917065734642,0.0867394450860499,0.250840596814147,0.696316961033815
2219,0.0294396335912274,0.0876629773025304,0.26582498961731,0.727117363565285
2220,0.0294462155274125,0.0861999116788984,0.260447840411067,0.690770958065511
2221,0.0293757179951285,0.0866328792202716,0.252948743573529,0.641322251247863
2222,0.0293794930162708,0.0865092308418799,0.254223197132259,0.675200475384144
2223,0.0294562537098088,0.087348208059804,0.260861419327592,0.673181341238065
2224,0.0294335459078037,0.086982265045684,0.247507624524042,0.649059503803662
2225,0.0293951986961811,0.0860877596580005,0.25185372365056,0.672964142294674
2226,0.0295283660857457,0.0867717846899238,0.249316020090368,0.679808479134525
2227,0.0294410426286217,0.086128318196251,0.247451611988846,0.630784638217396
2228,0.0293698578488574,0.0874198434326031,0.260958402691957,0.670296647230909
2229,0.0293820968884782,0.0870891522325571,0.253806349589836,0.652057799700824
2230,0.0294857011399268,0.0867005952787752,0.253772422694401,0.612261651411563
2231,0.0293358958115436,0.0872138248407363,0.255193298997744,0.64200454223868
2232,0.0293334454043912,0.0864485411180366,0.254175341379774,0.662225065398033
2233,0.0293982103424066,0.0862396969779085,0.255200774830291,0.706253055172908
2234,0.0293710422161335,0.0864235049305941,0.24906631922465,0.655903163666333
2235,0.0294441326706793,0.0864831198715333,0.259664465232675,0.691676159740356
2236,0.0293628673057138,0.0859451638467689,0.24863098884289,0.665476088285496
2237,0.0292686974914087,0.0861413987012329,0.257686235440243,0.664261982348354
2238,0.0293616004282816,0.0870382566347857,0.254931744758099,0.688711369873148
2239,0.0293617362586484,0.0864500644804556,0.251840668399312,0.641029214453339
2240,0.0293947600189699,0.0865154904779516,0.261693708192057,0.69361865717238
2241,0.0293831230635809,0.0868993318647363,0.251909425541094,0.699515483264062
2242,0.0293537492430304,0.0864035961434972,0.250589233573195,0.656264595370601
2243,0.029450093715826,0.086427235720501,0.261489784573378,0.673034120211782
2244,0.0293938796899076,0.0875370162967967,0.256785634383118,0.612577894737913
2245,0.0293821401724559,0.0872660554581091,0.252448961049131,0.656193601554156
2246,0.0294352829097375,0.0864272007612669,0.249690091879854,0.659476357957202
2247,0.0294767883044027,0.086856097731366,0.250875255428514,0.639963358687174
2248,0.0294289421656295,0.0873664731227113,0.262454462112573,0.711924739953854
2249,0.0293955054720202,0.0869273774531647,0.254851194311213,0.669369131392054
2250,0.0294131806396959,0.0876828976375262,0.259818826388646,0.669164027467378
2251,0.0293739744050139,0.0867524708350302,0.257178990956836,0.656515086861964
2252,0.0293942204132622,0.0861840025085266,0.254330734376203,0.603016163847179
2253,0.0293475607463194,0.0864876451974499,0.251907559563635,0.667014444286165
2254,0.0295597835571593,0.0860998349905314,0.252655700995326,0.63842388157451
2255,0.0293590500945665,0.0871812253468276,0.25319522756687,0.658121949308179
2256,0.0293460321966245,0.0871793851427303,0.25333086637314,0.634206313296427
2257,0.0294061471243259,0.0872802107066905,0.259501793011812,0.634749300020727
2258,0.0293327560033572,0.0865208938658288,0.251172239516548,0.628471350171725
2259,0.0293743826631734,0.0864002742982074,0.252242743047106,0.621359128422306
2260,0.029498093801708,0.0870893350428653,0.258650945740907,0.707524417271008
2261,0.0294954693908612,0.0872515404256837,0.256721835271272,0.657835445174405
2262,0.0293861434826191,0.0866264057565782,0.249587290975304,0.650063767520362
2263,0.0294171775699918,0.0862571833880403,0.258260754187633,0.636063784024801
2264,0.0293912437298281,0.0864351674739288,0.249733696960231,0.635463111682598
2265,0.0295037346261062,0.0878763355271659,0.251098086117008,0.621436968565619
2266,0.0294228611615355,0.0858514950033441,0.253120303633902,0.649222039049406
2267,0.0293292439381688,0.0859540555202541,0.259107315739276,0.640492652913563
2268,0.0294419931352429,0.0865759840069166,0.25078561533928,0.626746858685452
2269,0.0294186041494848,0.0863219230464805,0.2519011154024,0.660874260060844
2270,0.0294043329551162,0.0871913112777442,0.257587675935666,0.687270991356405
2271,0.0293445352431108,0.0857278803331146,0.248184229268648,0.639161631323323
2272,0.029342487026182,0.0869681331998952,0.25092058621885,0.678620311033217
2273,0.0293561948346054,0.0858829305165989,0.25269347716419,0.630339203334835
2274,0.0293733685021263,0.0863054478000287,0.256122248700132,0.691569469754622
2275,0.0293746871495699,0.0866623694419248,0.253352460694015,0.67831619805325
2276,0.0294221070764075,0.0869010138886392,0.256959170580374,0.686555230633761
2277,0.0294563511022386,0.0861308085881589,0.254904984676919,0.666471261694639
2278,0.0292742844954436,0.0861709286666497,0.253433382178853,0.665795648689485
2279,0.0294604432824399,0.0866475845482107,0.252633007715539,0.666111465972551
2280,0.0294720285703746,0.0875299656567562,0.252564430658105,0.663691576565601
2281,0.0293818417460043,0.0863382458756945,0.250558729685676,0.64650809254847
2282,0.0294007404029104,0.0863046088810478,0.249446621523308,0.650283007597682
2283,0.0293874774223333,0.0869532346572413,0.257722825084448,0.661557965306138
2284,0.0294401278552889,0.0874989911017236,0.255881613484457,0.646284307052717
2285,0.0294208138812873,0.0864724672190596,0.259427179524566,0.649387035651262
2286,0.0293640376972845,0.0874282409643704,0.257459517871917,0.681084355394111
2287,0.0294443823706417,0.0859305381054623,0.259928760378228,0.676525467097588
2288,0.0293644424576073,0.08617362210843,0.249864976138699,0.642635430070564
2289,0.0294379709945498,0.086631780712378,0.255812635878004,0.697535004805292
2290,0.0293674208073802,0.086505567750679,0.254325742920042,0.660832022381936
2291,0.029315298878884,0.086366964084593,0.252687786271317,0.617797719998769
2292,0.0294190117548127,0.087212915133457,0.256027639237115,0.658888218424027
2293,0.0293791699151323,0.086415508323404,0.256974977131483,0.680032860164141
2294,0.0293639025120137,0.0870314275884193,0.256004135658884,0.666965348996907
2295,0.0293585109922901,0.0863513185708277,0.255724471905198,0.690200682863354
2296,0.029402991755564,0.0865921483272923,0.252117884108324,0.64245619670992
2297,0.0293259271244749,0.0869175366913327,0.251283110639704,0.625429108788033
2298,0.0294156315102959,0.0860125293004127,0.250101881417327,0.660042168478626
2299,0.0292895200368048,0.0862714379422389,0.253787245690321,0.646886975884874
2300,0.0293612316387,0.0868139311472364,0.253291944326564,0.661742611735156
2301,0.029273935365055,0.0858559307656611,0.255406187952219,0.658927970836002
2302,0.0293335844395342,0.0867731722019308,0.259904518100669,0.686360464691786
2303,0.0292471037420394,0.0863905767159345,0.252319967827661,0.655806975199166
2304,0.0294005676384994,0.0864112778826821,0.250248784755741,0.669213965170125
2305,0.0293793307006116,0.0864780120941804,0.254203207943302,0.641047446791491
2306,0.0293574501864874,0.0863756433016722,0.257474187494144,0.63772431469017
2307,0.0293832081593268,0.0869333664096343,0.25218825579769,0.677538750192159
2308,0.029460253941129,0.0864338473301566,0.253370471402883,0.646167595394887
2309,0.0293462350709989,0.0866635241594266,0.25334290347411,0.611228782232186
2310,0.0293864301389968,0.0864781681831739,0.249392273698402,0.627085663933717
2311,0.0294661907011414,0.0861427859814081,0.247430905497795,0.5986273347023
2312,0.0294104199611392,0.0875032059622205,0.256346590515128,0.648875233838813
2313,0.0293486087753731,0.0870697440730179,0.257815435450728,0.665777771410434
2314,0.0294231254956643,0.0865759500955995,0.250564639789411,0.647631375484837
2315,0.0292996067162065,0.0863787927282952,0.25583200388853,0.617921019512643
2316,0.0293755633402733,0.0866439544317738,0.256638703040005,0.658748847917549
2317,0.0294219489545378,0.0861083684045865,0.256087183767822,0.671660427327103
2318,0.0294105895307639,0.0862675181901734,0.25865776916511,0.677937342966039
2319,0.0293339014882605,0.0866623482890511,0.25208739958573,0.650581293339726
2320,0.0294175714202729,0.0875008505978424,0.257600664306523,0.628175947593081
2321,0.0293447870650761,0.0872428862827498,0.262420190900338,0.673603183388244
2322,0.0293918622193416,0.0861990339612447,0.247318869970075,0.671195882816339
2323,0.0293744393217618,0.0864384447009339,0.248310608115226,0.669714054505851
2324,0.0293933074749156,0.0865392688731246,0.260589902768568,0.655933832512425
2325,0.0293469980778391,0.0864648431343324,0.25506450736657,0.638833214294946
2326,0.0293967377251075,0.0860201027412055,0.251859095660424,0.634829211962352
2327,0.0293261403684666,0.0870620800246925,0.257164934887561,0.638811118488442
2328,0.029419338259434,0.0870153542879461,0.251944713448849,0.668173952058705
2329,0.0293973978680191,0.0863962167967191,0.25668718989456,0.672150155287087
2330,0.0294417285684849,0.0865881723545634,0.255255637519965,0.661458677363589
2331,0.0293591839052901,0.0864109513724382,0.253879157724971,0.694301709916737
2332,0.0294613547327463,0.0864432778668986,0.251828372426629,0.667946344034934
2333,0.0294698369686855,0.0869732718972916,0.249916764948669,0.633788300790036
2334,0.0294560419438092,0.0864864566475821,0.250299115766558,0.621793783916263
2335,0.0294155691979434,0.0868212215828714,0.259940954819618,0.666981686894196
2336,0.0293602336397122,0.0872836539671187,0.251414594814402,0.664641934388146
2337,0.0294123357134074,0.0870530041140761,0.25928488260309,0.693534799321003
2338,0.0295052248048653,0.0868087961582373,0.249095863597141,0.63503120187821
2339,0.0293727116397706,0.0871143922446591,0.249111047344759,0.622459307436234
2340,0.0294306370253281,0.0873162275631776,0.258367801146262,0.669685063450419
2341,0.0293844736563731,0.0860650481095148,0.250507510736802,0.68153059457579
2342,0.0294197453175464,0.0868594716784474,0.252854657663654,0.652195616481154
2343,0.0293430006555115,0.08703436491766,0.251044022583142,0.666128056332599
2344,0.0294056392937406,0.0871481063555367,0.261126305906908,0.628320087925206
2345,0.0294549389156356,0.0866788533581147,0.253485437051837,0.667237559014866
2346,0.0293398491304376,0.086440661878298,0.257717103991872,0.677036771673029
2347,0.0294045110747076,0.0861635277188462,0.258059007992066,0.673976844469169
2348,0.0293279444765215,0.0870054492300472,0.261516045098678,0.637469204040719
2349,0.0293141325510483,0.085520423561141,0.250978308842245,0.66941457790436
2350,0.029499754482583,0.0867305163529094,0.263020700895712,0.687505275316286
2351,0.0294271834144411,0.0867452402125906,0.253672439804172,0.67713988625469
2352,0.0293513169898827,0.0865927494655121,0.25249950912668,0.656439492245567
2353,0.0294475663393404,0.0870000598801109,0.251803911711799,0.667345862837369
2354,0.0294031175445258,0.086495788006325,0.253326810971183,0.693054228184931
2355,0.0294645177633007,0.0864204687062404,0.256831802491469,0.664333375042804
2356,0.0294113364649898,0.0862261523445648,0.259003044207548,0.647532548787624
2357,0.0294060893493273,0.0860759482897233,0.249892834916291,0.651926326157263
2358,0.029472911888275,0.0866739280386045,0.253447495602794,0.669251399483988
2359,0.0293686264323162,0.0864713641201185,0.250641805694214,0.634460316057645
2360,0.029399762149562,0.0870817810792303,0.25312379942445,0.62970590032729
2361,0.029399055694397,0.0867512652834759,0.252618022281096,0.666667625666816
2362,0.029491996673177,0.0864322595065248,0.253215828923122,0.622175895760131
2363,0.0294664039132825,0.086798021447278,0.246728530226147,0.690009338541104
2364,0.0293027156576955,0.0863246827973524,0.254913009765128,0.653078731881912
2365,0.0294097255675655,0.0862538245457259,0.255656513491303,0.660844046247008
2366,0.0294427632654017,0.0867204828930622,0.25708810479259,0.658440293628625
2367,0.0293874746315358,0.0859886749847692,0.254483452558616,0.661232202478553
2368,0.029382376046276,0.0866300096779041,0.254011978414343,0.688018386647409
2369,0.0294502989572754,0.086984789981989,0.254641367028879,0.667853721256501
2370,0.0294575140279553,0.0871363478435325,0.256498259498119,0.647104805637078
2371,0.0293625976855044,0.0864300503456188,0.254935457747674,0.67936322044849
2372,0.0293624916488623,0.0859339382542039,0.252892383725766,0.659080226268125
2373,0.0293674697775261,0.0864521420932892,0.255804897421848,0.682964750179482
2374,0.0294315257862815,0.0868877567173907,0.258673522325094,0.6704934651766
2375,0.0294140769144076,0.0862325119652113,0.253550049791665,0.65167543051159
2376,0.029399145022984,0.0871389881489371,0.260158016768543,0.671802059238269
2377,0.0294514141530825,0.086925913510985,0.253499869856835,0.692998340164867
2378,0.0293542582340106,0.0870867758614675,0.254064421331943,0.664727022620845
2379,0.0293969831855045,0.0867291035277672,0.25294301509801,0.642947119361627
2380,0.0294450088818256,0.0868627116942213,0.250897097553354,0.638145924438169
2381,0.029442310651858,0.0870751794160396,0.25593461443019,0.686101709269552
2382,0.0294820481253698,0.0870510114051763,0.252259087951965,0.68507155819968
2383,0.029426186740105,0.086024491729474,0.249574797695534,0.654966384461828
2384,0.0295057124368284,0.0871445841507234,0.25314128226297,0.654685192800423
2385,0.0293727467205115,0.0868156325103563,0.253151347801082,0.627082193156264
2386,0.0293557477967049,0.086615846543869,0.252108542561635,0.663708199592628
2387,0.0294329499762799,0.0867672395454616,0.254515066032016,0.697717248054327
2388,0.0294064654526391,0.0866429678377518,0.259244220809571,0.719527995535428
2389,0.0294167827777222,0.0862775627909051,0.252911989305252,0.6801481068157
2390,0.0294355796376025,0.0874860364461032,0.25307845558896,0.629084616100976
2391,0.0294432915121813,0.0867580993322898,0.262810147579167,0.65814837402297
2392,0.0293559402803685,0.0871590056970482,0.251809579987086,0.665477511346197
2393,0.0293308735034574,0.0868713386759745,0.255932592955854,0.684347841767463
2394,0.0293839902296679,0.086587585401956,0.254294882828674,0.653722741595785
2395,0.0293794962207333,0.0875104471263929,0.259837638477037,0.71793552785673
2396,0.0293499725936324,0.0863806269879491,0.252676086024016,0.656284214322262
2397,0.0294226607060099,0.0862521359191772,0.252035009087772,0.610425972786523
2398,0.0294749760579063,0.0864473219906672,0.250183801508494,0.672951584584259
2399,0.0293803351583257,0.0868471834096507,0.254464312605353,0.650961251552752
2400,0.029439867147187,0.0858687737721177,0.251544749395241,0.66739561945631
2401,0.0293713612945657,0.0867585653224085,0.257819322031983,0.660575433076971
2402,0.0295170595877432,0.0864920372050616,0.256242436149958,0.646507563401457
2403,0.0293959604419763,0.0866878485054417,0.251091158880831,0.648932996021324
2404,0.0293588407113333,0.0868731074310409,0.259137426609567,0.664914681795414
2405,0.0293589417026528,0.0862532471166492,0.253961149858002,0.618836689707802
2406,0.0294157321747007,0.0866504234272348,0.259184961817369,0.682224850797602
2407,0.02947791481779,0.086788140423711,0.252110682025932,0.661508086818603
2408,0.0294205154453595,0.0867081595093367,0.250934921654816,0.613458995890728
2409,0.029336069691997,0.0868137343905105,0.247705183104356,0.663351055002445
2410,0.0293969310691983,0.0871604052624446,0.259906403401455,0.645075824681456
2411,0.0293103866003958,0.0866264445124601,0.255391449836076,0.660135295164477
2412,0.0294214390192883,0.0867250147350777,0.252004064535958,0.64170276178271
2413,0.0293796336049523,0.0863707970192051,0.253957482017738,0.643923567073659
2414,0.0294095735810264,0.0868899310114158,0.249457598058913,0.641540288904119
2415,0.0294149111038425,0.086550279212179,0.250462123909297,0.647669972185378
2416,0.0294369332165874,0.0864781155814991,0.254757711998945,0.681045934253765
2417,0.0293920608905876,0.0869981010739736,0.258877788531521,0.702044980642339
2418,0.0293703407683907,0.0865086569738008,0.254592517784426,0.647879521355587
2419,0.0294161353264287,0.087047015996196,0.257539489786369,0.69013353826885
2420,0.0294002335534689,0.0872242341899339,0.260666543252508,0.667570429683748
2421,0.0294321661775832,0.0863346615307243,0.251960508276655,0.673370804966979
2422,0.0293168067457924,0.0859639918219622,0.251581192579227,0.674237822556039
2423,0.0294167948823496,0.0866898044715447,0.257288494510729,0.658196064303731
2424,0.0295369625610332,0.086504375127143,0.250442959594208,0.677442113544766
2425,0.029412647370431,0.0878469056229871,0.257816924962092,0.658384385895417
2426,0.0293544544464666,0.0860489861143195,0.250577932025407,0.705605497899403
2427,0.0293815466223103,0.0865100056678812,0.251123134682903,0.6693409479115
2428,0.029470368475179,0.0871363039601067,0.248980005804583,0.634485041435187
2429,0.0293081372184514,0.0865180410512119,0.255726102666189,0.669172442359692
2430,0.0294496438643794,0.0868195197820653,0.256518347107175,0.69280056479026
2431,0.0293999003916865,0.0868895079587335,0.258801253506211,0.660000616876129
2432,0.0293860756844621,0.0862438597070856,0.251661977161629,0.727909977855764
2433,0.0294134929458677,0.0862571650154082,0.25828171816245,0.66630840756474
2434,0.0293409385965197,0.0861757095609476,0.254429795036675,0.662812789286131
2435,0.0293917832962677,0.0872664269819123,0.252539183753583,0.65919496570434
2436,0.0293944433805578,0.0857044867831634,0.247944526782567,0.653145884538965
2437,0.0293007601568986,0.0859080102007779,0.247067913722808,0.656775252342554
2438,0.0293734413567804,0.0860422757824086,0.254651974666264,0.674445531902953
2439,0.0293605253627127,0.086714786666291,0.254447586848312,0.64798800789455
2440,0.0294061405756057,0.086654711243905,0.259692109847205,0.643103458295673
2441,0.0294295024579744,0.086617243555271,0.257003642233854,0.646203218717318
2442,0.0294137347551907,0.0869678877754045,0.257540639554104,0.641347420606504
2443,0.0292839611504568,0.0865530179829367,0.257759699564401,0.62306381205501
2444,0.0293773958777525,0.0864989842132491,0.255078591314399,0.610782663878667
2445,0.0293852012873295,0.0866896871262508,0.257353917068326,0.695912938766442
2446,0.0293067299441846,0.0863379159578976,0.250268059769663,0.636884082726144
2447,0.0292774572698702,0.0867311043536789,0.251578521247415,0.668664765066424
2448,0.0294480840670308,0.0869420389682603,0.261653786630467,0.671227492102023
2449,0.0293695176772681,0.0867876657424358,0.25135847614561,0.617348020589098
2450,0.029419539327939,0.0865786386241416,0.259181793037736,0.648763176051072
2451,0.0294169348103949,0.0864267101094356,0.256817400449712,0.672350113157809
2452,0.029378679314481,0.0860992703352115,0.25616571208389,0.651776260084951
2453,0.02938396626768,0.0869834318508464,0.261953543791567,0.677241465134615
2454,0.0293676163338943,0.0860708005752359,0.25568463888061,0.675656641669606
2455,0.0294721576291584,0.0872507740884995,0.258514442830152,0.663175387978033
2456,0.0294563319435145,0.0868250005757854,0.254822293676229,0.639472055715585
2457,0.0294271124248629,0.0864431503922968,0.259138939930913,0.660053009018931
2458,0.0294072684676521,0.0868338908208437,0.252565180275629,0.69834233342825
2459,0.0294450469353626,0.0867992436594681,0.251693659105945,0.663240824435209
2460,0.0293701496289473,0.0863354681869997,0.253531409560357,0.65783025719207
2461,0.0294219984293661,0.0867886399329001,0.252333370051882,0.6544345135568
2462,0.0293544712732536,0.08679467992441,0.251381251429603,0.644635127709653
2463,0.0293983103055743,0.0862187464409399,0.25102825827798,0.649881379749484
2464,0.0293306910426487,0.0865506527178088,0.26008351205112,0.68235785561836
2465,0.0294741853194595,0.0869606535003341,0.257252494998303,0.660658838661127
2466,0.0292742125799158,0.0861725107438321,0.257918859052699,0.663221576055853
2467,0.0294346337233672,0.0864822574353765,0.254064031698364,0.676894108983208
2468,0.0292880590495613,0.0864178871159933,0.252596733735301,0.696195809206969
2469,0.0294327310348127,0.0867599185057088,0.248445614300249,0.618521577197781
2470,0.0293767820527449,0.0861537057834355,0.250709278453071,0.637400151963592
2471,0.0293411889557811,0.0875888802135576,0.257990838874338,0.646567930300344
2472,0.0295237214167505,0.0864213613722021,0.248881188522177,0.649663174428729
2473,0.0295012604657607,0.0870786240911701,0.260295156054255,0.667735391335561
2474,0.0293756676280204,0.0866907265210281,0.254080362584309,0.650652609881746
2475,0.029465655057066,0.0869714768850416,0.248274981075085,0.678012760132434
2476,0.0292859160839638,0.0857968747097071,0.255182900434191,0.623962246168553
2477,0.0294521683667228,0.0875561250696935,0.258051536578769,0.660181258808014
2478,0.0293486341996521,0.0868090447555654,0.253060196272128,0.638377251531109
2479,0.0293948405486134,0.0868177009560488,0.248569644846681,0.666564114252786
2480,0.029465543656635,0.0877274533190278,0.263138613206986,0.701872102003671
2481,0.0293959067618348,0.0864986708793276,0.249469151479744,0.619431491244402
2482,0.0294559425770235,0.0871276982435367,0.251057933276105,0.649642613669077
2483,0.0294065129676725,0.0871930633463814,0.2556248054954,0.657909298001677
2484,0.0294014164595573,0.0874715990516625,0.252805632107062,0.65704590589378
2485,0.0293324629787885,0.0859102408193277,0.248958824154993,0.679006010116225
2486,0.0293651618064281,0.0868713220984651,0.258622291210714,0.644569465246253
2487,0.0293503965630196,0.0868589118011921,0.259324979138481,0.701375783247215
2488,0.0293269847968533,0.0861843700497707,0.254143142767231,0.666799524252314
2489,0.0293321428976018,0.086375078317533,0.253557053066629,0.644629382669922
2490,0.0292736769833717,0.0856812276589166,0.253787688012836,0.698312809657343
2491,0.0293705458728946,0.0862864897453903,0.252736015749505,0.630863100428851
2492,0.0293147512095426,0.0859742342376692,0.256580699289116,0.644938901398971
2493,0.0293473846806469,0.086500729611112,0.257429164980051,0.687392465794753
2494,0.0293594487509464,0.0862298644306052,0.253024933373205,0.676530893083599
2495,0.0294262082279005,0.0869565735450345,0.258900046823984,0.638205966163703
2496,0.0293524268172168,0.0871030278404622,0.250840713704634,0.65464835414256
2497,0.0293110722276163,0.0860199251817448,0.252897339858681,0.66154245537576
2498,0.0293748507733353,0.0864363156052333,0.254897683511207,0.634428811660967
2499,0.0292941519299254,0.0865965240608814,0.258519846290866,0.670553584597989
2500,0.0292992170154258,0.086187829259508,0.259659619300344,0.653528243732245
2501,0.029388448744666,0.0871768591480844,0.25493662282775,0.640180168969249
2502,0.0293615144231252,0.0866532419427067,0.250838887663025,0.667943169837135
2503,0.02943523990209,0.0871674214017452,0.261709934220877,0.66442497420451
2504,0.0293612827015632,0.0870489864238898,0.253121235242811,0.65012745286189
2505,0.0293526523566512,0.0858385990882189,0.252418566231813,0.699191695025781
2506,0.0294174027715563,0.0874863962710195,0.263435121818682,0.716848908695624
2507,0.0294008081849417,0.0867368332271101,0.257582602515206,0.674411913737546
2508,0.0293831716929154,0.0873489957169513,0.257573386479323,0.675737783509413
2509,0.0292744215718381,0.0865467949014821,0.256598931582801,0.657096541059378
2510,0.0293991475350276,0.0865543989830271,0.256621335765323,0.669500267580661
2511,0.0294524752188748,0.0868017916930118,0.256348024556236,0.665068190639063
2512,0.0293845623376929,0.0863548766194022,0.2569004127826,0.674045585668671
2513,0.029401927916886,0.0863646075307627,0.254424041491729,0.690337055868785
2514,0.0293631075690754,0.0870503666269036,0.256921437872115,0.678806702758024
2515,0.0294324278106833,0.0868282238451315,0.254892006603103,0.65554737959211
2516,0.0293693153319527,0.0861763967880992,0.255321486690459,0.625667037043383
2517,0.0293923396028957,0.0863063186917116,0.251970655874279,0.656357203262816
2518,0.0293716602658582,0.0874044820954238,0.263079048198735,0.665822234662768
2519,0.0294358505507922,0.0877395623000974,0.257243974787476,0.636857934234709
2520,0.0294860630078019,0.0867467449640707,0.259851557341478,0.676612661110001
2521,0.0294478523895285,0.0862191025785159,0.249861325002976,0.690175170278583
2522,0.029361021995453,0.0864224871063636,0.248191134092304,0.61213284220719
2523,0.0294642063725151,0.0868060177152941,0.257636413818971,0.666483380365385
2524,0.0294090002172801,0.0871739796015447,0.257955344754891,0.668957233501527
2525,0.0293146914719119,0.0861792888843316,0.248655170447767,0.619389713421842
2526,0.0294768004588432,0.0857333996809336,0.245829401515743,0.63003406045995
2527,0.0294055422425655,0.0864225081587432,0.25067526055315,0.643713348635096
2528,0.0294081941051204,0.086059765011691,0.258696182862024,0.666296949364451
2529,0.0294268970229071,0.0876935374206363,0.249672785242029,0.654233589000552
2530,0.0294718534752643,0.0869032249241993,0.254070723112299,0.661521125966795
2531,0.0293487070059866,0.0867843947168958,0.257900190764307,0.680429647528541
2532,0.0293537014209392,0.0868206029928548,0.253945679562009,0.711187367777209
2533,0.0295083329020601,0.0864087926002919,0.254235949006974,0.645585891155721
2534,0.0294227296319252,0.0863917786143288,0.254977764237109,0.693187252187637
2535,0.0294496304661395,0.086558326850745,0.250701851621616,0.654442879898996
2536,0.0293311400477486,0.0860957726983857,0.24924640844443,0.633351226349342
2537,0.0293673140070041,0.0871261821265122,0.254423827245896,0.650462718502783
2538,0.029453342983904,0.087117137676288,0.261099431850861,0.647238846295047
2539,0.0293459727273288,0.0871084309874988,0.257784701469006,0.701310808988872
2540,0.0294434124492492,0.0867334223462413,0.256394494174747,0.670204962270184
2541,0.0293409185337045,0.0861222568588,0.255925508462148,0.694305410717908
2542,0.0294032919549295,0.0862321871825162,0.256203592412508,0.68846858459682
2543,0.029386618561802,0.0875502179563514,0.252500404729091,0.674930860406617
2544,0.0294060916226159,0.0868328082101973,0.253237725480435,0.660175478121034
2545,0.0293467580586696,0.0865731998677717,0.248756954927334,0.669015514386141
2546,0.0294476053807045,0.0866757627030089,0.250636320899747,0.624510158825909
2547,0.0293386509280216,0.0872275034734299,0.253350293114283,0.701082869058031
2548,0.0294406758450202,0.0865929164579125,0.252783189694503,0.656335891140331
2549,0.0293497300234333,0.087091736094385,0.255253032914576,0.652081571592658
2550,0.0293326739812081,0.087153755750333,0.253954863174503,0.681789586875834
2551,0.0293907760395565,0.0869461516362904,0.261368229064279,0.687544391888722
2552,0.0293129674990352,0.0870886717301626,0.256849593997851,0.726170809529646
2553,0.0293519692999513,0.0875913025169162,0.264398373887552,0.692191271695462
2554,0.0294025971850696,0.0870392132052116,0.257059772469791,0.647788927817442
2555,0.0294544069545336,0.0867258460030527,0.247871085404657,0.648655241896141
2556,0.0294178152039371,0.0861749701801123,0.258511038354027,0.671253430203158
2557,0.0294444186524321,0.0867429605192971,0.254302676095727,0.636123426024591
2558,0.029473769609227,0.0869179793221514,0.250607437640807,0.656188043000067
2559,0.0294220625651005,0.0869902534705717,0.256875188577618,0.671354725396239
2560,0.0293107514175119,0.0866169908851722,0.255340708341985,0.643423295040526
2561,0.0294156270741914,0.0871056276861574,0.250010833026355,0.647082145572722
2562,0.0293666316948671,0.086961348717384,0.25742737345036,0.67147141286741
2563,0.0295067513460566,0.0873736899101365,0.253245358692672,0.685126302367563
2564,0.0294527189036401,0.0866009781729143,0.251753329673348,0.659782695534796
2565,0.0294901452217615,0.0869605581636917,0.260724786289987,0.667236851165955
2566,0.0293564519523302,0.0868724448152031,0.254728782488185,0.665984080716812
2567,0.0293604854257105,0.0870980112142223,0.25417536221095,0.68240513164769
2568,0.0294145221043021,0.0865434911886912,0.249630944790441,0.653327315173187
2569,0.0294862803681039,0.0867623156479092,0.256264787120013,0.669580702650747
2570,0.0294683712695104,0.0868940513674901,0.254310419982342,0.657414451522275
2571,0.0293994645609434,0.0863734350244818,0.254358923190483,0.661883267504398
2572,0.0293578139309522,0.0859430172901294,0.24934069224442,0.622627821089598
2573,0.0294184520718266,0.0871557162385345,0.257107361218002,0.672997783978866
2574,0.0294059648767176,0.0864775970535179,0.250655095889393,0.662015492891963
2575,0.0294304236568871,0.0870848257138217,0.254961379668579,0.629053971927907
2576,0.0294821167034695,0.0870577480152799,0.257360381931333,0.675225131097682
2577,0.0293670966742578,0.0876751091460641,0.25611558602233,0.665770349769901
2578,0.0294173813558675,0.0871636142100369,0.251160438847777,0.683671776323107
2579,0.029403936693994,0.0869097023494302,0.25605969831311,0.652841109288784
2580,0.0293954911197925,0.0869495083088194,0.252693636835437,0.644025583374226
2581,0.0294773317368159,0.0869318485888139,0.253850193321239,0.66906602042635
2582,0.0293565946852729,0.0863415461811791,0.251635243863986,0.678236349530401
2583,0.0294544549004351,0.0865749913367223,0.251884474630693,0.682326580832191
2584,0.029487242129767,0.0867359773931554,0.251248786411124,0.639918368345461
2585,0.0294134470531583,0.0864526819474189,0.25432698640506,0.617810512669825
2586,0.029424143734708,0.0857439749599795,0.248411308928841,0.647962833401707
2587,0.0294453367632669,0.0874382179956558,0.259681274155975,0.647100293202834
2588,0.0294140492966476,0.0859358486749666,0.251229402660579,0.695454356769941
2589,0.0294002249510359,0.0870908827825498,0.256496938711793,0.652676468477308
2590,0.0294171530850307,0.0863452838262549,0.247510581971218,0.650140863090375
2591,0.0294173966787353,0.0861263169239765,0.247545864662594,0.627452078707543
2592,0.0293634594489792,0.0867895797537951,0.253841550043151,0.695496505260466
2593,0.0293773551733718,0.08567579458245,0.254729886978857,0.701172885486289
2594,0.0293449666749025,0.0866677284042974,0.248730235862715,0.651932948821754
2595,0.0293794104560883,0.0860926353464505,0.260887811368402,0.680886357147552
2596,0.0293934497986097,0.0869368484504412,0.261617886667554,0.655713468084696
2597,0.0294618253683611,0.0864624640053828,0.258633901707034,0.657559042958163
2598,0.0294034802392438,0.0873678155538632,0.262798989765734,0.662376104330142
2599,0.0293365126409854,0.0870637265814666,0.255648711174124,0.622682188077946
2600,0.0293727923611466,0.0871065076152415,0.257754041931262,0.656993720598435
2601,0.0294425443207741,0.0864564202710877,0.255006649737349,0.656286967230639
2602,0.0294017892051401,0.0868604025613385,0.248231785425215,0.661135036434315
2603,0.029367348735919,0.0864534104378281,0.24809055553796,0.66150047338207
2604,0.0294599988866913,0.0863657907671687,0.252548041241884,0.65429452890712
2605,0.0293760434105149,0.086704776125007,0.254013298543148,0.632785787580624
2606,0.0294341703920313,0.08760126636718,0.254606717361921,0.627491944173711
2607,0.0295026467338494,0.0876823462451329,0.258994581782763,0.661533181404874
2608,0.0294885232831937,0.0864688269648474,0.251204661259362,0.654746728514787
2609,0.0294023236569754,0.0868041251344237,0.254158850265187,0.632139195972261
2610,0.0293845153603917,0.0863836995093406,0.250200784814451,0.688183879867356
2611,0.0293390802176714,0.0869513325736581,0.251882595692467,0.636907666707884
2612,0.0294469365395584,0.0867168730443058,0.252499203315888,0.672214201467379
2613,0.029400977857854,0.0861311803618828,0.255256286153814,0.665868407992986
2614,0.0294232898740101,0.0859641601472796,0.249394691865728,0.659593966953982
2615,0.0295132604490556,0.0871187945020075,0.254544033410001,0.685509677887082
2616,0.0293738684785997,0.0873837142608185,0.254733826830932,0.676741841484677
2617,0.0294245470867021,0.087098526070931,0.257154107604409,0.645467693308992
2618,0.0293862440998569,0.0862217234294516,0.248293875901217,0.621988636721062
2619,0.0294698484879587,0.0871574098193835,0.255724074708218,0.682609570369917
2620,0.0294770972769871,0.0860832671812169,0.248172640316837,0.664482275823072
2621,0.0293384426161168,0.0863595529998338,0.25221673628901,0.654914116643105
2622,0.029446629216168,0.0867368322121829,0.258145274637828,0.648444846862028
2623,0.0294438985233409,0.0871658002420833,0.258085361955766,0.653070554407304
2624,0.0294239142803144,0.0867655308896219,0.253908773312543,0.634981852101884
2625,0.0294467605714876,0.086641554910078,0.251855496852536,0.691823601207668
2626,0.0293907773051739,0.0859539777507656,0.253325290903378,0.683761359333324
2627,0.0293834457095038,0.0862739021006279,0.254725802619427,0.642006142915422
2628,0.0293727584458917,0.0865936107522501,0.249404584591169,0.679516736670361
2629,0.0294141642214031,0.0866511757577251,0.247323541079841,0.650631812979607
2630,0.0293840874007057,0.0865092200015178,0.254867422013781,0.678976963717663
2631,0.0293703824686619,0.0868529458417661,0.256888266606641,0.663515748454041
2632,0.0293509574372415,0.0865381054704695,0.259196622715255,0.654857060318882
2633,0.0294210435116834,0.0875663585881137,0.256427906205237,0.617644719012988
2634,0.0293382571643317,0.0866932465215161,0.252607793238049,0.690998854271133
2635,0.0294713297977039,0.0867690713264814,0.254865457473215,0.643794349953992
2636,0.0294515264421709,0.0869456924037268,0.251990292559662,0.676271716331649
2637,0.0294409808857769,0.0865544739923754,0.251591085444444,0.645487873202115
2638,0.029469179398277,0.086091095562087,0.249453909566894,0.635583696245862
2639,0.0294196343430228,0.0875837051393615,0.257753753589804,0.666869584148493
2640,0.0293464835843935,0.086677530063974,0.25401034237294,0.690008248426314
2641,0.0294330910540103,0.0862503690226189,0.25336560045356,0.633927887641261
2642,0.0293681004368953,0.0870133382859729,0.258191130697128,0.684299710524935
2643,0.0294125665997783,0.0865160820817265,0.254001962334907,0.6535845245446
2644,0.0293648296962292,0.0865235297582923,0.254731527929392,0.65309284495582
2645,0.0293272294643403,0.0865115884628755,0.254664951869702,0.650206507943395
2646,0.0293501592250971,0.0860343834653651,0.247816136880757,0.653045522746226
2647,0.0294154247923113,0.0871950608916708,0.259984032989648,0.653053055846332
2648,0.0293786071733771,0.0866257962836738,0.255486738064324,0.652605504639052
2649,0.0293120715120842,0.0859493740263857,0.251764743039522,0.668341710336114
2650,0.0293764813740003,0.0867666800787943,0.255109672396764,0.635196254131898
2651,0.0293786350399043,0.0867203408819092,0.249449791215813,0.66897955555985
2652,0.029499777092371,0.0870240784347393,0.254959510674024,0.656144467736417
2653,0.0293915495581582,0.0863672341770976,0.249267670412201,0.665105537208473
2654,0.0294108675106397,0.0873943176728383,0.258707658496017,0.65841661199079
2655,0.0294266023211074,0.0873426636249921,0.253837430140918,0.641953029468423
2656,0.0294639451324587,0.0870746998549851,0.255770171873104,0.709849763199623
2657,0.0294211932006325,0.086486801452876,0.258664040117122,0.634198899256225
2658,0.0293463355084889,0.0857687984284704,0.250137658334821,0.660747494368669
2659,0.0294233049575073,0.0874033277920465,0.250791936036553,0.645029310666351
2660,0.0293988657198817,0.0871271947817111,0.261130862946884,0.703106535899819
2661,0.029430413413047,0.0874460963227593,0.254120830516039,0.668026243220319
2662,0.0294064006141538,0.0869586348907233,0.26094769656942,0.637940267000546
2663,0.0293581229622405,0.0865798290035652,0.25134108784982,0.677633620122188
2664,0.0294047739180449,0.0877412358213447,0.263223454192221,0.636586962242162
2665,0.0294049288774832,0.086131223765654,0.256399164254895,0.625306762487202
2666,0.029421161938157,0.0874170724993216,0.254181230983296,0.676233320084888
2667,0.0293760387017218,0.0871362138352714,0.253835051252857,0.63961158331729
2668,0.0293544358383532,0.0864099403284964,0.258194551196926,0.669958094225137
2669,0.0293706746668447,0.086770640946874,0.257683250154872,0.691890509769733
2670,0.0294605245458938,0.0869231134069377,0.256026456193626,0.672389388822612
2671,0.0292999051498431,0.0858912214197924,0.253691229368593,0.691061734550498
2672,0.0293879358124042,0.0869698868035305,0.248198533493291,0.676816322291601
2673,0.029329071504347,0.0870189261717559,0.257001187943226,0.677039173302595
2674,0.0293574310121908,0.0866054074020876,0.259176661289198,0.679011476794947
2675,0.0294526973466984,0.0872943291201695,0.260174982492653,0.658067769702705
2676,0.0294071673761157,0.0862043298685994,0.255333550309519,0.666023587581952
2677,0.0295396168229782,0.0869854682053286,0.245895347554103,0.665316185456678
2678,0.0294406702068309,0.0861625650829556,0.256640876990546,0.634557675147845
2679,0.0293300001798352,0.0863073536681715,0.251764926364087,0.625057810938119
2680,0.0293678892052119,0.086679350774891,0.246337260811059,0.668574250151944
2681,0.0294451930005402,0.0872156864658337,0.25140891936964,0.642051004291588
2682,0.0294397888166473,0.0861105652463276,0.246889596451083,0.634290500999838
2683,0.0293718504535014,0.0865166532817969,0.259652126579865,0.656848746786373
2684,0.0294224044408776,0.0860505751004249,0.250012338561687,0.649815692012624
2685,0.0294479689551692,0.0863467654303426,0.253714066567367,0.664299194404763
2686,0.0293425403085098,0.086749180043563,0.252095383215005,0.649863752772266
2687,0.0294253805033874,0.0870790192899975,0.257846950580023,0.655720033692026
2688,0.0294440565886325,0.0861508580808037,0.257888494804794,0.661982381724438
2689,0.0293209119961949,0.0867156821133386,0.254766875849953,0.654796076152914
2690,0.0293557335386393,0.0866886637098094,0.259878256551718,0.6710507911211
2691,0.0293283598778735,0.086500085883511,0.253988465215905,0.671755017365553
2692,0.0293415189384954,0.08515361308065,0.249284996180291,0.659927048260949
2693,0.0294409346792116,0.0875686395470476,0.255324503891629,0.632094655688245
2694,0.0294593685702953,0.0864135591313233,0.250437357553942,0.684780253204822
2695,0.0294137946052258,0.0875209848501745,0.256074359797348,0.641622494465864
2696,0.0293971782652619,0.0859387773701519,0.249436403383472,0.680988982460363
2697,0.0294459304296258,0.086702522257121,0.255119612037544,0.647476300697029
2698,0.0293891383278242,0.0870037752053474,0.250416490762227,0.63431877528827
2699,0.0293684503850243,0.0864835843188175,0.25799803089143,0.645141877718849
2700,0.0294508794828445,0.085996624096618,0.25644949726353,0.684475168901627
2701,0.0294201528205809,0.0864879086752903,0.250761991834052,0.664142377759453
2702,0.0293305183652012,0.0866502957813141,0.25287673898657,0.64494653385397
2703,0.0292967231407962,0.0859270921970694,0.246505096866801,0.645319396389982
2704,0.0294533643755884,0.0868006339848245,0.256627742000287,0.668474056856862
2705,0.0295172613932967,0.0869808821664108,0.256230586999823,0.68199046842757
2706,0.0294735779294679,0.0872237766354844,0.252838720820786,0.66040350583571
2707,0.0293879872409745,0.086996729131558,0.255689463051056,0.616261664483955
2708,0.0294295878144124,0.0860695789202498,0.255778730265081,0.625659149467932
2709,0.0294143713492256,0.0858976145109503,0.257800655427638,0.723740431319609
2710,0.0294180106129436,0.0873493596090533,0.25883471797698,0.690138989580607
2711,0.0294404601844094,0.0865319342047844,0.25079307426354,0.672379624209478
2712,0.0293269051432723,0.0867827594093236,0.251601439567607,0.658449886253328
2713,0.0293771781846397,0.0867298978444068,0.255859498529887,0.672534592270731
2714,0.0294375333772906,0.0865910853153679,0.250591536157857,0.711076785867554
2715,0.029426151402811,0.0862495539331255,0.258027119519236,0.639723146007748
2716,0.0293801916606422,0.0875299017936664,0.254839016552284,0.658283067523653
2717,0.0293168960690427,0.085931088673497,0.246886901897406,0.676666398872217
2718,0.0294352961998525,0.0877790786597387,0.253372234959718,0.651502612131897
2719,0.0294314855177138,0.0874193926199289,0.254548228077607,0.63854179457255
2720,0.0294397158199511,0.0876328336658276,0.258215846802076,0.677033509868223
2721,0.0294321664736236,0.0874425725818743,0.259202143327106,0.63784131771025
2722,0.0293495444498989,0.0867046018604413,0.250860421730244,0.638781988811378
2723,0.0294224624489859,0.0863110624076962,0.254068255869205,0.681495009384664
2724,0.0292598026010659,0.0859912363498629,0.252687305130719,0.633055468764633
2725,0.02944992917028,0.0863435660379347,0.254449392421817,0.682378655285546
2726,0.0293856988598042,0.0868405775331363,0.256813365601497,0.648888699876768
2727,0.0294002679577588,0.0858936637213315,0.254835789201167,0.656612789665723
2728,0.0293337085277992,0.0859755393676024,0.249492983026549,0.64276536225608
2729,0.0293669244181393,0.0870411216793374,0.257294944319484,0.678543964124391
2730,0.0293276777285714,0.08691838875415,0.25549236491868,0.645219885185001
2731,0.0293525855105871,0.0872793835117799,0.254101213609603,0.621638178180906
2732,0.0294218594159851,0.0872759860932508,0.252926603025399,0.68776466399081
2733,0.0292738463234535,0.0860893653016558,0.253053231380425,0.638076348429388
2734,0.0294209428756057,0.0856995230188481,0.253530102180649,0.676590808237534
2735,0.02948741417227,0.0872689351481652,0.254486946741421,0.691964766550178
2736,0.0294278629141421,0.0873981539952554,0.258621571828232,0.641560838243671
2737,0.029330415320173,0.0867938549963184,0.251667421296559,0.65100003344609
2738,0.0293629572864635,0.0873961008461325,0.262035336408999,0.717893043196685
2739,0.0294527482383419,0.0872592396256539,0.264337219336921,0.647940066022505
2740,0.0293180597651314,0.0866151634909182,0.250697499899467,0.681340822190057
2741,0.0293409933307795,0.0860925983427502,0.252591015433736,0.680602492549773
2742,0.0294387040873433,0.0856606649342572,0.250763289587524,0.632696871667982
2743,0.0294312527524432,0.0862715463265653,0.248903933387413,0.671366766382202
2744,0.0293586623796816,0.0869144770672595,0.252897239655732,0.647832623159309
2745,0.0293955604583616,0.0864086510916889,0.258956022722184,0.686855501200883
2746,0.0294189547311134,0.0866499212921752,0.25912052558144,0.701063337284982
2747,0.0293392578757432,0.0870045797834406,0.254521235665393,0.661828730401509
2748,0.0293521889970226,0.0865738248814013,0.254771231387115,0.682958614653395
2749,0.0294228183932359,0.087074065708592,0.255917723913994,0.649074298433547
2750,0.0294195430105174,0.0873408064112376,0.258819369081743,0.686544461745838
2751,0.0293996314972263,0.0863716858876277,0.254324657096231,0.624614525639264
2752,0.0293803220910862,0.0867610859487849,0.250360195952659,0.664631464053746
2753,0.0293688340452326,0.0859124217861946,0.251076751071158,0.639466757412212
2754,0.0293151367277524,0.0864836778546852,0.259254271768111,0.644859955700907
2755,0.0294157194291339,0.0866420023955463,0.257570611485546,0.644577520186794
2756,0.0294151343348859,0.0869312351429167,0.251843922461799,0.659951836072185
2757,0.02938743248043,0.0859205053955776,0.252863429471563,0.649489637966333
2758,0.0294334291115299,0.0870930654962674,0.253582378242468,0.670452165095081
2759,0.0294000785241711,0.086513250652537,0.259823557762071,0.675357031504484
2760,0.0293757732530157,0.0864209823131447,0.259291981760001,0.66025589065591
2761,0.0293636568911123,0.0870064123508759,0.249466756033497,0.662071097074555
2762,0.0293457229318595,0.0861501186514874,0.251028543553166,0.654521497562199
2763,0.0294883731141472,0.0859333000359346,0.254121659207634,0.647936853017157
2764,0.0293658477750146,0.0861195768205648,0.253890435539548,0.64896124438316
2765,0.0293639647849527,0.086373572967063,0.259794059814369,0.687781691180293
2766,0.0294190860694197,0.086738625039606,0.252557269866383,0.654960491866745
2767,0.029434251810167,0.0861075799434314,0.251101260336691,0.641315867766162
2768,0.0293783865691625,0.086521250638731,0.262923427734506,0.659645585986404
2769,0.029511369845716,0.0873693355397184,0.255612295331192,0.698252006641958
2770,0.0294575811511376,0.0860342410720583,0.255200173985452,0.659969193780825
2771,0.0294101827661937,0.0864435803704174,0.252541181413137,0.661987423564315
2772,0.0294661972737309,0.0876221292073679,0.260881176549809,0.658890872341233
2773,0.0293923682532476,0.0872517966461323,0.255830798052775,0.682169106318974
2774,0.0293812414352317,0.086428677062291,0.250939072745637,0.625391580290805
2775,0.0293387176816977,0.0866592915789447,0.25224662274242,0.623404105885552
2776,0.0293621008781029,0.0858086620673621,0.260081278447912,0.709613392871962
2777,0.0292845907669941,0.0870994578808695,0.258464658780376,0.662138742389423
2778,0.0295054315217639,0.0870298820776179,0.258703197315336,0.652212155565727
2779,0.0294834482805352,0.0865848989173909,0.249964002225249,0.66717169964923
2780,0.0293380994781264,0.0856267204714619,0.254309349052988,0.64288530395931
2781,0.0294653684807515,0.0869029138526987,0.25382566906648,0.67391156845659
2782,0.0293531489090694,0.0859721408894435,0.254182043870745,0.691865404532004
2783,0.0294695860155689,0.0868059099890706,0.254344783569422,0.613617415389021
2784,0.0294180963704606,0.0856616714139664,0.252748074006036,0.645569457428834
2785,0.0293819046643851,0.0870902457686679,0.257427477424221,0.629340897059791
2786,0.0294068193376985,0.0865924461270374,0.254666519957838,0.685791574170861
2787,0.0293947468881544,0.0875320439969005,0.256109454125083,0.649530486194141
2788,0.0293694897241274,0.0870867847224757,0.253135291085969,0.63505730078601
2789,0.0294066438911069,0.0868062347893749,0.250586438845376,0.657945802435247
2790,0.029449656641789,0.0872805528938168,0.259359607093606,0.655371651615691
2791,0.0294130177850596,0.0866418540764479,0.256109156541153,0.709012851505095
2792,0.0294062400201975,0.0868474117680674,0.253935120496763,0.652697118115503
2793,0.0294723261345692,0.0865323692066051,0.250436124350963,0.634126148218628
2794,0.0294170641809066,0.087330732720359,0.259532900604717,0.634550755208635
2795,0.029404535039328,0.0863959347113489,0.24885136296268,0.616459530929448
2796,0.0294210284438588,0.0865590860691221,0.258868780918161,0.673909369369138
2797,0.0294446984332541,0.0875547183011882,0.261624043406505,0.707707836900933
2798,0.0294141899872821,0.0866242816416737,0.254129282241109,0.630376024232034
2799,0.0293944919576566,0.0869121230152922,0.260620325754956,0.670259601573308
2800,0.0294259705939489,0.0868962002276591,0.256402355369786,0.639437151831528
2801,0.0293590561255372,0.0861513119154718,0.256425120746402,0.685062126581261
2802,0.0294285640790706,0.0878990005976383,0.260543749486845,0.66602794785182
2803,0.0294367305734248,0.0865962229933648,0.257570997832455,0.656576792351015
2804,0.0294069193375139,0.087708330444459,0.251401565810281,0.640814191827917
2805,0.0293524917667065,0.0873452940550161,0.251507718168945,0.681224399863598
2806,0.0295165726564228,0.0871937628430023,0.25901893349315,0.738735082221953
2807,0.0293926794070833,0.0865003247387421,0.255451444485199,0.684686467047653
2808,0.0292996092270794,0.0856276405685259,0.24666974860949,0.63861476036772
2809,0.0293715512636813,0.0862227734128621,0.255783188386448,0.692878705109383
2810,0.0294579899941636,0.0867475202629454,0.250961214683079,0.675171280096928
2811,0.0294845232898902,0.0867778870908841,0.254413116333081,0.686128100875267
2812,0.029422775878546,0.0864081635979684,0.253829794401839,0.614373977049015
2813,0.029316343288517,0.0858727683363704,0.256376244412045,0.648657030658365
2814,0.0293463112942258,0.086037485525061,0.256120217113232,0.684375180800276
2815,0.0293693169134654,0.0867627457937647,0.252268088506961,0.666435914461662
2816,0.0293946513055434,0.0864186998590238,0.254765977894411,0.644690920789989
2817,0.029368519416769,0.0860047991403268,0.256849866875417,0.64575001184975
2818,0.0293839531253646,0.0861328474853017,0.250311726135444,0.634059778615668
2819,0.0293219990879326,0.0863518762407868,0.252319512173342,0.662212617367407
2820,0.0293741106763104,0.0866401060309562,0.250868328848153,0.666329997835901
2821,0.0294820980328796,0.0871892807751564,0.255869821754622,0.652355795491456
2822,0.0293755125801343,0.0871007433417642,0.252668824118434,0.656215311025247
2823,0.0293907355780381,0.0864983422459617,0.247994038319043,0.627322732873616
2824,0.029517391373945,0.0865344266321793,0.250005043914211,0.650325812363496
2825,0.0292895666126407,0.0874513136810675,0.252325723992162,0.652986860971363
2826,0.0294225192436173,0.0874561641956275,0.255383286012382,0.662676893728248
2827,0.0293767849384986,0.0867109492643746,0.255782386746122,0.694266611598281
2828,0.0294454262759892,0.0870458235747543,0.259262814163713,0.634700205900777
2829,0.0293368425591443,0.0863851801975375,0.253123445007149,0.634990659742734
2830,0.0293787260148948,0.0869148458444613,0.25120860153698,0.636491400657966
2831,0.0294319263892915,0.0868252359443401,0.257386101624248,0.680277802491146
2832,0.0294425540416533,0.0865767720728944,0.25810112665028,0.652425848324393
2833,0.0294280228830127,0.086979159896649,0.25665905010049,0.686999983202778
2834,0.0294429927360367,0.0871021100331927,0.251470147654127,0.715915482820953
2835,0.0294594052518293,0.0865643110671381,0.254420611091634,0.676260072259962
2836,0.0293289033515607,0.0863096361446528,0.24842691659946,0.647790560446716
2837,0.0293534905021609,0.0865009727459529,0.249909244622761,0.699966642997797
2838,0.0294144919923292,0.0865263513892204,0.258027705030419,0.653248881815805
2839,0.0294330040001166,0.0871236909671055,0.248739689766556,0.630705342292303
2840,0.0293212330622781,0.0859426975023866,0.258805132693012,0.650499742888489
2841,0.0293379667963662,0.0863782522210229,0.254783035122521,0.656086771499261
2842,0.0294651702447357,0.0873029285685931,0.257782717308553,0.658614094605459
2843,0.029347642483044,0.086220857295694,0.248168157463505,0.632645682896429
2844,0.0293734550556736,0.086758871522939,0.253768887489799,0.657466701188032
2845,0.0294148563737234,0.0865162461696773,0.255687692706933,0.684821313056643
2846,0.0294385696913928,0.0866841689512157,0.254200951846401,0.688956127340587
2847,0.029451958647515,0.0863653728711394,0.256475305922133,0.648769302518264
2848,0.0294481782150187,0.0868439675563508,0.258080690626543,0.664816491511052
2849,0.0293484588284045,0.0867966271473003,0.2494290557316,0.627134081896503
2850,0.0294106637032368,0.0867787619614358,0.252973584100492,0.664548662610406
2851,0.0295223235793636,0.086941874504448,0.25264099832784,0.646748970116568
2852,0.0293255253754263,0.086715965921654,0.24792497454845,0.620466748013301
2853,0.0294967865239228,0.0872391608469106,0.245517894502708,0.646484130847262
2854,0.0293401408761029,0.0862984947224807,0.251722813899481,0.6270914292709
2855,0.0294775312471249,0.0863111957814942,0.251106490189515,0.645176420340401
2856,0.0294095647229428,0.0868584764517476,0.252844145193722,0.628239205877542
2857,0.0293553178426293,0.0867228946919428,0.260177008836441,0.655839329081294
2858,0.0293526493184162,0.0860691950916294,0.255748919825173,0.618152781855848
2859,0.0294812913426478,0.0873796447239105,0.253985082852734,0.669978172980529
2860,0.029432328339066,0.086664576296966,0.253460763937838,0.640192437599089
2861,0.0293772036390258,0.0876252650769012,0.257558556152148,0.637481872037705
2862,0.029330542525424,0.0873646226889157,0.252976186236806,0.627706275158982
2863,0.0292847128706074,0.0860012289950957,0.25298446213343,0.613948839693849
2864,0.0292721351502925,0.0872619811797151,0.257479165365376,0.719272990956881
2865,0.0293188192136865,0.0861027304819241,0.251743565935629,0.668553881102234
2866,0.0294358358163616,0.0866619457738239,0.251136383059654,0.642451733858346
2867,0.0294328113090387,0.0864546310730906,0.257649926605769,0.685148443491143
2868,0.0293405348205806,0.0866836179811717,0.255661297035123,0.680827427959314
2869,0.0293421933666791,0.0871935673589959,0.255572326563335,0.707142952997054
2870,0.0294343221143481,0.0867289479955124,0.253546325203972,0.625647511496566
2871,0.0293205644856232,0.0867198570399966,0.253974994009413,0.668435073923494
2872,0.0293159104531739,0.086024976688759,0.247535321655727,0.66951211293633
2873,0.0293563924755848,0.086567765247524,0.251203757408647,0.646395087691525
2874,0.0294845080322601,0.0871025423727377,0.258629020740982,0.663980774063759
2875,0.0293406685862357,0.086632600943278,0.252644278831581,0.641771988904943
2876,0.0294757694816546,0.0877098602686887,0.253701337531436,0.693776732245841
2877,0.0293550051459481,0.0861631157357608,0.254289219989029,0.687132216481445
2878,0.0293156921722423,0.0867417890032033,0.247096436837272,0.623760100235919
2879,0.0293873317740433,0.0864504197699845,0.248627990418754,0.653275465825536
2880,0.0292741374517948,0.0865920867458917,0.257752781783158,0.683312068151026
2881,0.0293965186208559,0.0870397493272808,0.252921199939248,0.683819255844912
2882,0.02935970806007,0.0869192880093131,0.257721687900195,0.668530803886725
2883,0.0293480214544592,0.0873141322465992,0.260591504185209,0.688973050058125
2884,0.0294888956398617,0.087091802487704,0.252365692736078,0.634670314853802
2885,0.0293898189401779,0.086100894605977,0.249578248147801,0.666542931140882
2886,0.0293272348742282,0.086698480565372,0.260031856693731,0.658078095783542
2887,0.0294478726480044,0.0868815701846187,0.254789810364657,0.68557659165394
2888,0.0294335094497406,0.0869216432224488,0.256321844515192,0.685727565955657
2889,0.029403355517834,0.0862019566569656,0.256543839453485,0.642976422381917
2890,0.0293355331410777,0.0863243468301645,0.249884247081276,0.633123770891267
2891,0.0294153719350318,0.0859509434651244,0.250149455619836,0.660982519975089
2892,0.0293358219225637,0.0854029655341403,0.257986965793485,0.676250148788582
2893,0.0294658136322118,0.0865027197454385,0.249680379218542,0.642175698847013
2894,0.0293481874974158,0.08612952506312,0.252888636401576,0.700011042320765
2895,0.0294746440980252,0.0867627616694592,0.25625768706669,0.633007535408156
2896,0.0294369571330467,0.086754236561044,0.256035094996841,0.646444455748679
2897,0.0293193668998857,0.086631847604741,0.249320610271655,0.644660219543451
2898,0.0294104547042896,0.0867871528200115,0.255773024731448,0.622368405515861
2899,0.0294938510019014,0.0865372324381585,0.251692410750193,0.671894809190346
2900,0.0293930491813729,0.0858117961824787,0.253966133080046,0.656006641786335
2901,0.029350237893084,0.0864018184485319,0.250354487985391,0.664504945267412
2902,0.0293609798451674,0.0862688099836041,0.25581612920507,0.67290452259889
2903,0.029397683586209,0.0875148255748074,0.255426288788103,0.653516160862144
2904,0.0293690434877499,0.0870298256389388,0.248128102090102,0.656070428368187
2905,0.0294951278843252,0.0872411573027127,0.257095996528772,0.670315971777493
2906,0.0293934758246558,0.0866927987365406,0.249384788411403,0.674696076683798
2907,0.0293144851931834,0.0870038846908864,0.256119697926504,0.667883633595612
2908,0.0294362361326013,0.0873230261007269,0.254971695867904,0.663461630478076
2909,0.0293088794282259,0.0865427854457515,0.248707486541714,0.64772335421456
2910,0.0293859220589241,0.0871067705972578,0.252857175750762,0.691827292747895
2911,0.0294997564023569,0.0866478444460809,0.258322087021444,0.693850058018086
2912,0.0294261446527683,0.0861768365877811,0.254941273170079,0.643770401968268
2913,0.029393882981588,0.0876621604675647,0.258638019311023,0.666357828262344
2914,0.0293421481901258,0.0866703432816183,0.254400767585869,0.67787912262469
2915,0.0293685062389723,0.0867721750717865,0.252055773480598,0.641013124048741
2916,0.0294690780189475,0.086554143766246,0.256301603421682,0.648578724766417
2917,0.0294126622033867,0.0867518771618406,0.252898818917715,0.68026895015947
2918,0.0294008307442236,0.0863915710988518,0.248651647621892,0.630429194624991
2919,0.0294030879018772,0.0863953235022212,0.256371379910654,0.677369127231873
2920,0.0293477163306519,0.0873586478420798,0.250691094839534,0.629777972912847
2921,0.0292681942337906,0.0863189742160111,0.258719544910737,0.662886482134263
2922,0.0292998695016583,0.0865202503063222,0.255724052137876,0.650462011517779
2923,0.0294486721227333,0.0868699194972734,0.25128771640557,0.702852696801003
2924,0.0293728694285273,0.0863544934368174,0.251796052627433,0.692698370494318
2925,0.0293723982844454,0.0868811958708476,0.250004953963293,0.621255823729637
2926,0.0294137286267424,0.087281541031665,0.25187178344107,0.684528251566432
2927,0.0293217529700473,0.0862915824449015,0.255644817842993,0.669393236314826
2928,0.0294056438762159,0.0864238069434003,0.253691561281335,0.641309790731823
2929,0.0292791658193175,0.0866533404360735,0.256759965776161,0.67684545310336
2930,0.0294256482912697,0.086683079472776,0.257486339279766,0.647982098255471
2931,0.0294371035985321,0.0869968821759721,0.255535878052963,0.64055747920361
2932,0.0293758475352074,0.0871974506981527,0.253397612388559,0.652738444868
2933,0.0293890495302503,0.0862121944153207,0.25470542770055,0.651446685021137
2934,0.029427302976296,0.087596680620438,0.251151029876544,0.672105755180658
2935,0.0294017778278368,0.0868194044061008,0.254292962841751,0.640120937265197
2936,0.029355427604373,0.0867191121926441,0.246629313176575,0.622521313499627
2937,0.0293270462008991,0.0860265184429865,0.253719769911128,0.651716001260482
2938,0.0294121253796125,0.0864844541096736,0.255138078058632,0.701760279585199
2939,0.0294752568527909,0.0865815298459338,0.254036379663003,0.653077808094934
2940,0.0294223985069152,0.0863426508539308,0.25205613792136,0.646074670517319
2941,0.0294619979617493,0.0868007001256623,0.255822129445025,0.638015688000264
2942,0.0293740458731491,0.0866371479529716,0.256306109505501,0.62652987014953
2943,0.0294358267637722,0.086743775642937,0.246943984353626,0.630375898633838
2944,0.0294384418263703,0.0865356099596482,0.26398474038629,0.676782323563617
2945,0.0293554791996923,0.0869278259749606,0.25989801991426,0.699487946338998
2946,0.0294049199172983,0.0865909524452285,0.253785566244292,0.685912476558803
2947,0.0293158591003046,0.0868168003347106,0.255201319819406,0.674123057352111
2948,0.0294282512555721,0.0872495569868759,0.260078642644076,0.693326345966678
2949,0.02945912226217,0.0869471866746478,0.251737292966316,0.629609851490634
2950,0.0293213259424658,0.0858461359881042,0.253033546411659,0.673134378973706
2951,0.0293090879935886,0.0869037966471794,0.256318674436703,0.651131627737086
2952,0.0293338538983207,0.0869131478182279,0.247139496861757,0.663660300467845
2953,0.0292809061062979,0.0866649422820774,0.250396978424781,0.658286827012279
2954,0.0294892856438132,0.0867237089280672,0.251680486893432,0.663218413364356
2955,0.0293287449108145,0.0865441986142721,0.248656223080323,0.607103320603123
2956,0.0294143817907207,0.0874092959672495,0.253797053924522,0.699084345708255
2957,0.0294546998387038,0.0872641287453586,0.253784576744389,0.641378200885651
2958,0.0294684037012519,0.0861924731260406,0.243299261658256,0.693769667430424
2959,0.0293813673997327,0.0862517652142588,0.252720461728913,0.624521933197605
2960,0.0294611089952795,0.0859463251445159,0.253954199929326,0.693980217287655
2961,0.0294523749011125,0.0867837195372035,0.250720285140785,0.62671117446699
2962,0.0293407580932787,0.0869939557107934,0.256025383074237,0.669805315792728
2963,0.0293430518570389,0.0857295737067477,0.254628635217828,0.643173872674254
2964,0.0293961958450344,0.0871517919919807,0.254997262641264,0.656992229496104
2965,0.0292957439358627,0.0864648804794604,0.25568452941585,0.689959233734419
2966,0.0294740894147927,0.0871201086321175,0.254396410160225,0.672684892317492
2967,0.0293301851895809,0.0863820394913169,0.250629402777245,0.705766208746498
2968,0.029503584513341,0.0862137412064916,0.248968573505415,0.629587125808851
2969,0.0293953044829222,0.086928242477439,0.262688737353823,0.69651991524565
2970,0.0293815956357728,0.0866731003163335,0.254999646464119,0.648651765158478
2971,0.0293681784046475,0.0865399144900236,0.253593068134251,0.67496223209819
2972,0.0294218769281956,0.0867106967288926,0.254686687583115,0.633082088558814
2973,0.0294732392959246,0.0869788715434277,0.254377506078204,0.672656043192818
2974,0.0293797199269077,0.0861826689842049,0.254484641046112,0.681607736256697
2975,0.0292708574399916,0.0857852581337815,0.256559671298991,0.670005019298944
2976,0.029372671711562,0.0864600137184668,0.252638113693786,0.650796394578554
2977,0.0294956507691736,0.0866330049544355,0.257394639608818,0.674483436488837
2978,0.0294393189780405,0.0860791330557979,0.252538008043765,0.667869191267785
2979,0.0292953268602797,0.0862554912809472,0.249394817106243,0.620307442120752
2980,0.0293457443218143,0.08705054396182,0.249981249800964,0.672255068583846
2981,0.029437875019194,0.087561473966191,0.256195136378621,0.673635439316484
2982,0.0293954124764721,0.0865583871940124,0.250644187635569,0.654330286116957
2983,0.0294219348751888,0.0863034448940194,0.253727844926195,0.657570451963896
2984,0.0294198044686481,0.0871510223061896,0.251022419157964,0.653719791475979
2985,0.0294091513243007,0.0865802164563036,0.256231487149005,0.65061780317429
2986,0.0293898212620173,0.0869184332414288,0.255197123423626,0.677243948182474
2987,0.0293232405694273,0.0863345286902932,0.256219871938116,0.658917625674549
2988,0.0294122117183164,0.0869367584626562,0.254785199375485,0.676847827053738
2989,0.0294497691085784,0.0869884089996298,0.252724773411569,0.701567524125816
2990,0.0294583594053149,0.0873133536702276,0.25906674091151,0.691595756892013
2991,0.0294424642089878,0.0878529521811683,0.254480371155506,0.66648937429327
2992,0.0293970537163959,0.0867486874697353,0.255863664817894,0.64978399813095
2993,0.0292974390841849,0.0859493456704026,0.262814184103337,0.648023526149377
2994,0.0293856563666921,0.0863093586094122,0.251710053220317,0.644925464464457
2995,0.0293399595647108,0.0865173836834004,0.246587838406969,0.653785269927698
2996,0.0294647231300023,0.0862635505529995,0.251060667278574,0.640227679804377
2997,0.0294130685182829,0.0866555218902446,0.258188110741245,0.704552119000571
2998,0.029457050677381,0.0868985610419262,0.257811189531547,0.691277832909866
2999,0.0294058208074519,0.0869195104822682,0.260117529343674,0.674509962950102
3000,0.0293013171518156,0.0860298351647402,0.253983703933686,0.675762532210743
3001,0.0294091108228466,0.0863692914994766,0.251620739698323,0.686126526380335
3002,0.0293650941294197,0.0869825812071985,0.25202510640577,0.64655531876069
3003,0.0294491263145548,0.0865365540412888,0.258262118957305,0.653004304433788
3004,0.0293113748849043,0.0872381946908028,0.262309151462416,0.671902312325256
3005,0.0293991042682113,0.0867325010629881,0.247130208379985,0.608401329521703
3006,0.0294474796656532,0.0859775344720087,0.248503619322364,0.656106050992749
3007,0.029348598436855,0.0866794074278655,0.259847291026806,0.709491551468331
3008,0.0293994501448632,0.0862034235897004,0.251571376076809,0.711896876281409
3009,0.0294358271351114,0.0863399984695953,0.250966897763628,0.67598391348484
3010,0.0293177673436513,0.0862637105812316,0.247534879420645,0.631445216477205
3011,0.0294019654872152,0.0876636763065557,0.257802888973714,0.645789572778367
3012,0.029435709036225,0.0882181436604939,0.250789279118905,0.678488229388761
3013,0.0293233045941632,0.0866563934845499,0.256200795101237,0.666984911959244
3014,0.0294338774499949,0.0872155476181354,0.256771722031081,0.674289836780608
3015,0.0294005505447366,0.0856635355696005,0.257786662307587,0.632502565854904
3016,0.0293789291353618,0.0871860178479984,0.260153478562246,0.669830980722256
3017,0.029404286297193,0.0867712203840197,0.255204910996107,0.696396181582436
3018,0.0294355586831244,0.0869933062812739,0.256402398857478,0.669935316034355
3019,0.0293846407336903,0.0860577785313458,0.251889256553168,0.64206614126411
3020,0.0293342947583052,0.0865081851385263,0.255033464190545,0.648164393313612
3021,0.0294081695533039,0.0859857329263679,0.247005171407722,0.615358124725947
3022,0.0294461894786736,0.0863876551573086,0.252062030599196,0.636322092676234
3023,0.029430048973959,0.0875582390103314,0.259995373718765,0.661709299581133
3024,0.0293997697821656,0.0864772917970945,0.25964184862091,0.682251555839144
3025,0.0292587480423342,0.0854468462594863,0.255427850312561,0.651566621967178
3026,0.0293794107554144,0.0864239488294086,0.258427752095831,0.693643572478288
3027,0.0294154200340183,0.0873268913280985,0.260795641881741,0.675545156246157
3028,0.02944985932168,0.0866979773784972,0.258194776970275,0.668851668018776
3029,0.0293908468105437,0.0865591039598088,0.254541880930724,0.66575791677237
3030,0.0293190050084301,0.0863783965200972,0.250482822108994,0.663814922507937
3031,0.0294373379805271,0.0876580207206897,0.260991798386994,0.730261285094741
3032,0.0293415149113303,0.0865317144269197,0.257870745321106,0.693197209825192
3033,0.0293179720207939,0.0860574083250296,0.255812188066747,0.69559674907841
3034,0.02945192902263,0.086847003469846,0.250357484478919,0.666874588816032
3035,0.0294247801702256,0.086225131378408,0.252352039558346,0.629097075671403
3036,0.0293772888805523,0.0867027778401867,0.250092293844056,0.674960638852207
3037,0.0294650769242803,0.0864304700801095,0.258826519962676,0.680705256871949
3038,0.0293364490610688,0.0855857815517123,0.250721327509846,0.655025065805348
3039,0.0293641349223061,0.0868698525695308,0.255599842551504,0.674840408377117
3040,0.029445243154965,0.0873821401565295,0.250705560750937,0.660832202422754
3041,0.0293665502190633,0.0867908475608305,0.252332164009252,0.668395162761808
3042,0.0293089046584547,0.086772962156613,0.253073234258346,0.666901658955414
3043,0.0294953550827845,0.086667730147902,0.255043944573236,0.671671350551115
3044,0.0294450907975297,0.0864253335052726,0.258049247307962,0.678811445419845
3045,0.0292988007079289,0.0859524114081906,0.253812745747491,0.642095614882951
3046,0.0293680087504683,0.0859055401150416,0.252987433027887,0.666854598833566
3047,0.029375921931301,0.0865153548671982,0.261387320175867,0.637862026505529
3048,0.029412368859952,0.0867464224341212,0.254041185194315,0.667637445508855
3049,0.0293370911204642,0.085840582577363,0.251977346176386,0.699533549028115
3050,0.0293860675725202,0.0873063159582295,0.259167177582364,0.702573261066209
3051,0.0293506863623883,0.0864740753250846,0.254389855775502,0.677791972579497
3052,0.0294489954365618,0.0866864446337152,0.255358024223795,0.688323829313317
3053,0.0294223049501735,0.0867434573779066,0.257679477062101,0.658268347326088
3054,0.029421541260967,0.0868575314323339,0.252498960498667,0.71915880819685
3055,0.0294367134711473,0.0869945954994737,0.253397883950464,0.668870804309543
3056,0.029399396794804,0.0865075667846339,0.256007406142852,0.644316891557061
3057,0.0294047609428953,0.0858078637700377,0.255366889583603,0.683368776311213
3058,0.0294317219649609,0.0878982657770456,0.260192899555476,0.63949415674093
3059,0.0293405031114226,0.0861575833317653,0.252116854428099,0.62967747439168
3060,0.0295487361951907,0.0869500025928857,0.256330638492978,0.655430042153746
3061,0.0293114193179859,0.0868376870689867,0.246756696741745,0.654667662695078
3062,0.029537655227198,0.0867962839284421,0.257407712540922,0.674734518408561
3063,0.0294255911177971,0.0867460468567995,0.253579907258968,0.627859074387339
3064,0.0293365541461038,0.0866590428747685,0.251486254044371,0.675439308464937
3065,0.0293003673118111,0.0870501426652862,0.251502270965074,0.626155580363565
3066,0.029392385024147,0.0870861394169786,0.255520426332998,0.646861941767942
3067,0.0294098187084325,0.0863848583227329,0.255093728282566,0.652002799352716
3068,0.0293852170281887,0.0867860111148691,0.251108585135048,0.64091214110106
3069,0.0293615850481434,0.0864586293555124,0.252135809850328,0.657701370445295
3070,0.029444230972158,0.0864789956808452,0.255499472205128,0.68409373175268
3071,0.0293332746909209,0.0862245977592999,0.254344740894953,0.685487591718513
3072,0.0293867386167359,0.0874176433407029,0.254190438131792,0.653427505124149
3073,0.0294301021821204,0.0874649420435822,0.251875743270201,0.686605661892719
3074,0.0294016141477174,0.0863309052998445,0.260017916662881,0.65911839084764
3075,0.0294129933856442,0.0871044377558252,0.260115323375768,0.67789406881274
3076,0.0293722526562853,0.0861157072176844,0.246326610816321,0.64386099887459
3077,0.0294094940406097,0.0868797349036061,0.253267082589719,0.655657106369348
3078,0.0294822105650863,0.0866592385029781,0.253879993084134,0.693889895793788
3079,0.029405014234661,0.0864261032974114,0.255620689682741,0.631244710148501
3080,0.0294681917019719,0.0874565980968028,0.255853876143709,0.692729866944717
3081,0.029366191716216,0.086164534100968,0.253766616601946,0.666311899900542
3082,0.0293665274183916,0.0872405028315385,0.249784201870736,0.647225275860506
3083,0.029357784817655,0.0869340870343256,0.25567746503815,0.687680001767904
3084,0.0294385140828208,0.0860984666020653,0.251507726401387,0.673890530034176
3085,0.0294411814538091,0.0867362217354919,0.257577071070072,0.648098694866277
3086,0.0293875802692154,0.085714069091241,0.253697644786013,0.644859573236458
3087,0.0293356103700764,0.0868881315135684,0.257123456564078,0.697899767364496
3088,0.0293393885712912,0.086925414648857,0.261865457755922,0.67293718323813
3089,0.0292616791119179,0.085631158373581,0.258797548929593,0.645229924549859
3090,0.0292838761175624,0.0862340310629106,0.251122177440972,0.633749041239222
3091,0.0293481706065647,0.0865849492565087,0.256578001952183,0.650694872790192
3092,0.0294274626273415,0.0867155663152862,0.255101547836521,0.65701616782966
3093,0.0293135038284204,0.0869758730048037,0.252026209120381,0.635060112972064
3094,0.0293493408859098,0.0868221777966911,0.252515517067805,0.654152931791487
3095,0.0293670451159639,0.0871517799459345,0.248633854966831,0.691304816141995
3096,0.0294031353273837,0.0872338104445166,0.25941387941658,0.647647444859416
3097,0.0293222690546474,0.0860354478364676,0.256358671986056,0.656708660573547
3098,0.029462854835686,0.08682229885253,0.256291131262247,0.708606956835228
3099,0.0293964324797536,0.086483448360078,0.25270992182786,0.622175793903139
3100,0.0293916992006531,0.0863487461040064,0.257783249293502,0.642709027250391
3101,0.0294657047665635,0.0867739999349443,0.254496232267968,0.645645285195031
3102,0.0294537935709136,0.0868326434965308,0.25546875842787,0.644035379267184
3103,0.0294313987441907,0.0874320189672555,0.253404744532141,0.670492964782932
3104,0.0294725376984746,0.086657128388205,0.254077486962917,0.66048201976104
3105,0.0293629587906913,0.0864468737439804,0.254811859601729,0.675036422689165
3106,0.0293392700665969,0.0865193319487902,0.250420947573087,0.658470348134006
3107,0.0292700768351866,0.0872494965523632,0.25837707391255,0.666644304630916
3108,0.0294468353749744,0.0870393747016182,0.251265936825745,0.681939155571238
3109,0.0294294293686697,0.0867281683379822,0.25125502898788,0.686330282321097
3110,0.0294045351007968,0.0858676736089898,0.253206271750223,0.637125269805973
3111,0.0293788430757597,0.0868485052564057,0.253215841455636,0.650463570677142
3112,0.0293682831379693,0.086538552141838,0.251751313066577,0.630102100524531
3113,0.0294095799303021,0.086998379633798,0.256249125569658,0.654686111611764
3114,0.0294402663058773,0.0872008967889914,0.259582682649061,0.658864138613302
3115,0.0293462023107072,0.0864638533437206,0.256332974381879,0.677535520433573
3116,0.0293906787782474,0.08643697327105,0.258959528701194,0.667122233429385
3117,0.0294395015482679,0.0864477666350757,0.252678044673589,0.661491679260221
3118,0.0294262161351821,0.0870430229714568,0.250285139306349,0.668028879712925
3119,0.0292952044927561,0.0863637362963973,0.256315915902357,0.663054648189531
3120,0.0293162464820941,0.0866243192655377,0.257357979000273,0.665506576000565
3121,0.0293356328975827,0.0866096664331955,0.250139509556614,0.639588483884496
3122,0.0293669643941045,0.0868524352787553,0.251258669303101,0.628360915798232
3123,0.029359132618793,0.0864284252902953,0.248816567322215,0.658236093331499
3124,0.0294583035892134,0.0861583401676035,0.251978861719494,0.645092671555067
3125,0.0293605859715143,0.0859437144938954,0.251691823154669,0.621363774868593
3126,0.0293734496463646,0.0867449169025409,0.256018777297554,0.688362706203064
3127,0.0293811525405205,0.0863760158081602,0.258458533684964,0.724621757651372
3128,0.0294328869162499,0.0873442834305284,0.256725255745609,0.670172638176935
3129,0.0294661043526038,0.0863311238543691,0.252412312326872,0.648937116478607
3130,0.0293694338400172,0.0864913904797745,0.255960839597471,0.708026961457098
3131,0.0293019208913336,0.0860930690830277,0.255179773296208,0.62677416033032
3132,0.0293986623690978,0.0861706388565622,0.250072295539266,0.695147676751336
3133,0.0294098838100889,0.0870312810985873,0.254472686572814,0.649561013552809
3134,0.0294782825271013,0.0871313198309971,0.259176062831848,0.697606217819433
3135,0.0292950523317303,0.086116760352148,0.251880443034481,0.627567359393964
3136,0.0293956486346313,0.0866236583763316,0.252831032919685,0.643428833395992
3137,0.0293916365202731,0.08665243676135,0.251749650897139,0.660680806495602
3138,0.0294668680912933,0.0865976127735786,0.253659902426936,0.660395882385009
3139,0.0293341786342164,0.086667134906041,0.257384451508148,0.702490989404051
3140,0.0294170950471347,0.0867693567014364,0.255692094579503,0.673913523878599
3141,0.0293853794804321,0.0869897361155227,0.255019599809518,0.637593884008192
3142,0.0294547724084201,0.0873059101907259,0.256690812374394,0.661326125709558
3143,0.0293801631151631,0.0857689827026328,0.252164811387474,0.638650602839604
3144,0.0293424902032298,0.0860159243502144,0.258517992323636,0.669453121961599
3145,0.0294310886684948,0.0868324745290233,0.249384343795185,0.661152207053728
3146,0.029423262847068,0.0864960206588824,0.254718254467271,0.648115081796099
3147,0.0293948118552862,0.0860807078416835,0.255422121457514,0.643819927082102
3148,0.0294577357060338,0.0864342070103958,0.251871995075449,0.665797703126293
3149,0.0294187402194989,0.0866250917352623,0.247682522882547,0.642445464063689
3150,0.0293709295301601,0.0862526445879608,0.257038942025945,0.673437732235255
3151,0.0293408078483027,0.0867391442812094,0.250275872827446,0.696373182123764
3152,0.0294354717620604,0.0868912845830262,0.247698484612515,0.656865817707408
3153,0.0294583513274604,0.0875330095524658,0.253815756500606,0.65431078574171
3154,0.0293866167073487,0.0869240391304205,0.251614105760218,0.653512961259063
3155,0.0293281350015554,0.0861699390582466,0.250986858960706,0.606002025924358
3156,0.0293419670782219,0.0860118006030118,0.254347924825515,0.635103664375168
3157,0.0294441742497927,0.0861372588799311,0.25470082375298,0.658949183192993
3158,0.029407077939755,0.086425452472054,0.257416795966498,0.676897207999173
3159,0.0293961089508301,0.0873188679868304,0.255918594459239,0.635750154281877
3160,0.0294497565946469,0.0866787994665506,0.251425995657996,0.640270325541504
3161,0.0293748775934282,0.0865628605245566,0.257026405581905,0.674739473101182
3162,0.0294293705478691,0.0874257847294255,0.25393005495474,0.633986040708414
3163,0.0293970019446715,0.0870881393504679,0.256403152412254,0.666112214552376
3164,0.0293279718450776,0.086156463905263,0.247523655467011,0.647406974185605
3165,0.0295150738945983,0.0864645613045073,0.258451964537356,0.675296409590671
3166,0.0293677599933523,0.0862245636477728,0.249927792914111,0.661645585368545
3167,0.0294372604483465,0.0866140585138347,0.251424818283068,0.687333385155598
3168,0.0294765531242506,0.0863578776041519,0.254145899618091,0.677334203647205
3169,0.0293905157902545,0.08703457940898,0.252481457527114,0.651213778971244
3170,0.0293528873854994,0.086735505351644,0.25404050812833,0.687673329106647
3171,0.0294254562795514,0.0864543826506574,0.246208629031601,0.663445596504728
3172,0.0294180884558617,0.0873217425721105,0.261643532733402,0.676641576115546
3173,0.0294909168530317,0.0869031793310868,0.261215556499954,0.672129954227434
3174,0.0293874513789332,0.0866213259926279,0.256708674722734,0.663546542858978
3175,0.0293924240135448,0.0857448670703065,0.249288526324962,0.647183276358799
3176,0.029446538584523,0.0869903278778957,0.259583217260224,0.719998429129958
3177,0.0293749553210442,0.0871964248263666,0.257453781329708,0.657849551031752
3178,0.0294423699674478,0.0863286936527266,0.258099385847192,0.719521692222511
3179,0.0294294533099531,0.0866458977995249,0.2550942351212,0.641230205751479
3180,0.0293831683125978,0.0867396749939052,0.256732165628382,0.662088554503827
3181,0.0293778194862524,0.0866085080025218,0.255070641759466,0.620506560327866
3182,0.0294261101104101,0.0861295976625467,0.249963699785689,0.633232030979481
3183,0.0293329855033142,0.0861784427650544,0.253760838306576,0.615935968238408
3184,0.0294161261666459,0.0870940832712992,0.25922227480963,0.689236862524528
3185,0.0293853527094669,0.086648843684273,0.254138102840835,0.666722369444291
3186,0.0293820380758368,0.0862778261172361,0.256982904880434,0.636644652428117
3187,0.0293572734639303,0.0868220317775147,0.259822411101894,0.660176814200744
3188,0.029415051464467,0.0868700035963821,0.253498510968179,0.672217838333787
3189,0.0293696252237411,0.0872263240805723,0.253618536673185,0.656298492398168
3190,0.029383350728769,0.0865595586481831,0.253961959484353,0.667918442905428
3191,0.0294067687084928,0.0869622442967685,0.252407407775676,0.684064500635659
3192,0.0293787131746153,0.0865153291715175,0.25975913468696,0.70564194788489
3193,0.0294627727280397,0.0864255308609687,0.257484106766866,0.656380672649551
3194,0.0293953673026741,0.0871084184840797,0.256965255989235,0.678373270157061
3195,0.0294159834730388,0.0863999544707891,0.258331722780263,0.657524108069191
3196,0.029394441134731,0.0861967645174498,0.250672252110445,0.646294952248495
3197,0.0293671534997634,0.0866397736253785,0.24882502079197,0.667143022394388
3198,0.0294706455697124,0.0860551268442492,0.255388554319943,0.67300022090095
3199,0.029352997541676,0.0864342126243775,0.250923788960098,0.669534392242327
3200,0.0293181395537126,0.0855875524922011,0.243822661669962,0.633699556638945
3201,0.0293020509380169,0.086391931207699,0.252449525987774,0.670368299700958
3202,0.0293618786173042,0.0866659899546709,0.253401667247306,0.608035645774055
3203,0.0293620901269155,0.0873611263116559,0.260133728070768,0.648453028728037
3204,0.0294479099351006,0.0862681792648424,0.249834359074461,0.669221905404505
3205,0.0293996593239715,0.0859254276487224,0.251316507012794,0.664569168304861
3206,0.0292861309214626,0.0866485052436579,0.257171875634888,0.660538107852936
3207,0.0293454511378954,0.0861781286240002,0.258526088454082,0.704441159084478
3208,0.0294547782133352,0.08734938632593,0.260407040586502,0.691219131923596
3209,0.0294546349352525,0.0871466531728403,0.252216198898837,0.629660147313729
3210,0.0293858874450382,0.0870176537346086,0.25054836679565,0.639724958612796
3211,0.0294575148677561,0.086265213907044,0.249758273260447,0.673507946513547
3212,0.0293351376083685,0.0867443484651312,0.25005750743893,0.665091206801498
3213,0.0293816526275383,0.0870812405701622,0.252257281416654,0.629142662609502
3214,0.029323282656245,0.0864577175069353,0.258961708178364,0.68007952864095
3215,0.02947335934286,0.0868238349587554,0.254667603728939,0.655273431601444
3216,0.0293964970176778,0.086585212947594,0.25015825090919,0.670256167523477
3217,0.0293727703689394,0.0864857314113146,0.254435867344479,0.657318138941941
3218,0.0294205680092671,0.0865658037447782,0.256364240434613,0.665509316020245
3219,0.0293614246278597,0.0858707269655059,0.253936225377851,0.686440236130465
3220,0.0293545647149852,0.0869723304539489,0.246594202387999,0.653211346228226
3221,0.029378861433339,0.0861137362003368,0.251862154329452,0.688406111929265
3222,0.0293703318153113,0.0866328321601567,0.247815887415413,0.661942258690248
3223,0.0293934103627417,0.0866143268099191,0.257537627726236,0.651916731944841
3224,0.0294518476624696,0.0864696232126152,0.252258129228127,0.643005293652374
3225,0.0294525109690058,0.0869659156686531,0.254016014836646,0.69627021486745
3226,0.0293099496523561,0.086266098744054,0.248102995921519,0.643932482834057
3227,0.0293181102854481,0.0866858586919514,0.260926549604701,0.654540787217176
3228,0.0294458539980157,0.0864568705779747,0.247207128060034,0.648159510994669
3229,0.0293060871606957,0.0867921218896841,0.248666880924728,0.627517426479212
3230,0.0293139854533322,0.0856335715129758,0.257100058938873,0.722189814364757
3231,0.0294835039634754,0.087746100051289,0.25267244275463,0.649394541383763
3232,0.0294324998036987,0.0866053296038116,0.254890889392768,0.631657453859516
3233,0.0292911894307556,0.0869744098448129,0.255374342209459,0.614103898569737
3234,0.0294196694079026,0.0872242366498787,0.259804315802801,0.674560334750134
3235,0.0293750894282326,0.0866611078509796,0.25846919968276,0.668354396204856
3236,0.0293564286645285,0.0871358270238604,0.262027687456917,0.671058926742853
3237,0.0293278836127102,0.0870761417484869,0.256137495422218,0.695149721146432
3238,0.0293323939543823,0.0863871283429827,0.249583365925577,0.651914899978396
3239,0.0292966383424607,0.0865223250478611,0.252822270526312,0.654011828741568
3240,0.0292933341629493,0.0865195842636101,0.252914506913294,0.648071132986903
3241,0.0294084197854354,0.0860803412970332,0.252047127338358,0.681765899140964
3242,0.0294310247114227,0.0863558293420028,0.251416879778619,0.687259269184731
3243,0.0294145789585242,0.0863795433062765,0.252217964643657,0.628221027870358
3244,0.029456112970131,0.0869818876186362,0.254437264663181,0.643513012758619
3245,0.0293978757953905,0.086671973266859,0.256167789296958,0.65741591032014
3246,0.0294035241465489,0.0863984948557058,0.24928082561154,0.644064585846371
3247,0.0293087031514845,0.08677332486398,0.249717876078764,0.642628620360575
3248,0.0294320891851208,0.086248035403938,0.254031633837502,0.661276868378562
3249,0.0294502665360562,0.0868976407751872,0.255922488432774,0.662646650771522
3250,0.0294622935218613,0.0867226126908858,0.252232870429099,0.642341212123531
3251,0.0293392908352505,0.0873042599049654,0.253807788834625,0.656471578658317
3252,0.0293831623941249,0.0865797710418151,0.257211424772438,0.656660427387296
3253,0.0294700363814064,0.0868980821115615,0.257359336677161,0.670679906837804
3254,0.0293864313425679,0.0861260743713986,0.251627885998946,0.641286640611518
3255,0.0293823381989264,0.086564278792931,0.261735806253911,0.714487392634594
3256,0.0294375802896214,0.0871409212907686,0.25709455503307,0.673119564848046
3257,0.0294103147366896,0.0868438018863923,0.259744262423357,0.676199220345146
3258,0.0294976692342989,0.0865735400788002,0.256351972260935,0.63732520204944
3259,0.0292907685665589,0.0857926070610147,0.254219461435315,0.693188487745406
3260,0.0292871113071813,0.0868697430082577,0.248412320559648,0.657338785187258
3261,0.0294112613208883,0.0864796020830426,0.252418912901542,0.622605914124516
3262,0.0294169992585665,0.087328251119653,0.253965530567856,0.684312640811888
3263,0.0294225707544891,0.0867435197588612,0.250506690585812,0.635284496560868
3264,0.0293625132303882,0.0871206751707114,0.257087464123946,0.668111185129356
3265,0.0293458970685431,0.0868414884128324,0.254102669629272,0.636077135762789
3266,0.0293743300918931,0.0864692100196435,0.261108922192251,0.685532755414752
3267,0.0293966244552437,0.0863974405506951,0.252282229119872,0.669776875677808
3268,0.0294075040626088,0.086443544689529,0.250702396350009,0.626553941722422
3269,0.0293072805410482,0.0867144008513366,0.262372265975966,0.685506035680539
3270,0.0293863220804642,0.0857950028811705,0.259009285366595,0.644946670824229
3271,0.0293324882009503,0.0864976771814345,0.252464344024834,0.662647032684024
3272,0.0293729981517262,0.0860082260595441,0.253453221516435,0.638446697123828
3273,0.0293975948113151,0.086791391342887,0.255065231918678,0.65367743112844
3274,0.0294338178481759,0.0866669629247734,0.254836609315525,0.640231287563102
3275,0.0293290757514718,0.08666578079852,0.251372003276166,0.654347666911484
3276,0.0293935886952289,0.0871165160132716,0.256265333165018,0.696857698672605
3277,0.0293350071776895,0.0861905332009141,0.248562562602023,0.657899566040352
3278,0.0293950054506846,0.0860225927888258,0.253826206933955,0.633856507020555
3279,0.0292937125133046,0.0859256152762662,0.248584939326514,0.667117932764725
3280,0.0293239563907383,0.0874132190334495,0.258726685528612,0.647607993042454
3281,0.0295027159275973,0.0860687353000413,0.259551673091064,0.655007668938799
3282,0.0293097945801208,0.086445709172668,0.251487561847132,0.636763708009468
3283,0.0293957959022333,0.0860109173222188,0.261940247669764,0.616967687801608
3284,0.0293592367475366,0.0857331881317937,0.252976590383491,0.624728840787897
3285,0.0293364194387255,0.0868724462026922,0.252716590175794,0.67718176003646
3286,0.0294470481315736,0.0872639304915724,0.256298367201014,0.655097618315434
3287,0.0293992326883636,0.0870968131224423,0.254593526504471,0.632135064162882
3288,0.0293574545379765,0.0866455222330656,0.258019568465516,0.684500915999045
3289,0.0294166812919083,0.0861525947568125,0.254573096096687,0.625842148122653
3290,0.0293864507631323,0.0866642871850554,0.259165983615353,0.630527506224066
3291,0.0293605953879623,0.0863261861203875,0.249897171904818,0.622182833889705
3292,0.0294121959872036,0.0866313249609988,0.252569322992513,0.64596787600169
3293,0.0293758165583739,0.086830099440474,0.25805927312661,0.688898408903812
3294,0.0293986465684582,0.0866446759872112,0.253536467226074,0.667362105263378
3295,0.029398757906035,0.0860124163571992,0.247579910655467,0.645188175272474
3296,0.0293849914612001,0.0870267930818629,0.260615865739285,0.680452787057509
3297,0.0294760833572188,0.087139156661523,0.255636969954283,0.697393432022227
3298,0.0293704662657978,0.0871991570831752,0.248023964940501,0.654821060896843
3299,0.0294590771269822,0.0870401963060282,0.257270539109789,0.69053461456952
3300,0.0293618775050552,0.0867127935048898,0.254052768022145,0.679018635707714
3301,0.0293720443563369,0.0861816845590592,0.261388118470708,0.61356146010612
3302,0.0293353866596734,0.0872636631958426,0.253367450988602,0.66589839699617
3303,0.0293594071443973,0.0867473532509441,0.259315557146657,0.675808727357814
3304,0.0293478112260618,0.0864929098040634,0.253700608047553,0.646774343719189
3305,0.0293733661110459,0.0867715311545558,0.246852217898057,0.613249111204729
3306,0.0293895702241761,0.0867661545868322,0.25571530356107,0.698368585736077
3307,0.0293357152357181,0.0863000257279482,0.248561277221219,0.689830154550471
3308,0.0294409413274054,0.0864691784814548,0.249350748340315,0.631389270431316
3309,0.0293798711640277,0.085998421181128,0.248441767706272,0.701974339658994
3310,0.0294603861552061,0.0879633366919237,0.253286207125162,0.700169245092543
3311,0.0293861603714913,0.0862146722854135,0.252366413425948,0.66132373453185
3312,0.0294415247829887,0.0861232643159877,0.253864183176467,0.646530916298098
3313,0.0293870834099792,0.0868945733129793,0.252369036043718,0.671958758926595
3314,0.0293181070434281,0.0863163563645934,0.251381052331477,0.641716730479195
3315,0.0292965136546757,0.0862438366380678,0.255127288349688,0.693879781526059
3316,0.0294011046095718,0.0862884464097474,0.256933049061164,0.669171014273305
3317,0.029330846493535,0.0865544756318635,0.252399568184913,0.685857848035644
3318,0.0293761478352769,0.0871866225426133,0.259104258130838,0.668681620123024
3319,0.02933412365891,0.0863226652703662,0.255618398156835,0.67081186584842
3320,0.0294254992266169,0.0860817585246983,0.249047159450263,0.664283374495698
3321,0.0293597338106395,0.086028190893127,0.250381830207866,0.642931360816996
3322,0.0293676707536663,0.0864761576151318,0.255018234780449,0.661928937021456
3323,0.0294338945703512,0.086488268305162,0.254111594718851,0.67359626880695
3324,0.0294331427666184,0.0862835271952582,0.247763561490754,0.641865796656517
3325,0.0293441699097883,0.0863717777512846,0.250488970009394,0.678469934988447
3326,0.0293636229977857,0.0861560598098742,0.248546996340733,0.629579725746534
3327,0.0293470124910494,0.0863622883540873,0.255259549318865,0.648720127410524
3328,0.0294880138460783,0.0878915141552975,0.257124458037405,0.657481362752697
3329,0.0294236165058757,0.0869901398670114,0.261962826699757,0.714865250220633
3330,0.0293644820495686,0.0858015571040813,0.25226228247681,0.648970508929378
3331,0.0293571567641185,0.0863501055344436,0.251478657010244,0.640370147887858
3332,0.0294095023474357,0.0868169230537214,0.256586472123802,0.670553397657484
3333,0.0292913335313321,0.0860589235444223,0.25157819563404,0.62384491732109
3334,0.0293663961984672,0.0873098403040598,0.255907308598907,0.678874164748235
3335,0.0294487929777369,0.0870226207372088,0.248905190541062,0.62279824691462
3336,0.0293826611672246,0.0868498879123793,0.252120587056886,0.667035410754342
3337,0.0293405899287032,0.0866610849877678,0.250238695690557,0.649929972988012
3338,0.0293719134125546,0.086333588517302,0.260135217990518,0.679194141617162
3339,0.0293428848830184,0.0867429652812225,0.260968815053354,0.67423525678382
3340,0.0294613088425196,0.0876816405270337,0.255604788223526,0.678154986818139
3341,0.0294494406574789,0.0867289981259547,0.256079869032815,0.670365469104516
3342,0.0293148589213195,0.0862474156965805,0.249870531198151,0.616567139253862
3343,0.0294488643194885,0.0870121599991516,0.251639458632477,0.64113259774806
3344,0.0293712956105291,0.0868320454729634,0.256739410328921,0.661514427434454
3345,0.0294656719187222,0.086140794212464,0.249191430702061,0.638003879542191
3346,0.0294065674672302,0.0863018801462276,0.255592211509445,0.695980893251203
3347,0.0294944678743712,0.0869882153457183,0.264138170118396,0.661318585756864
3348,0.0293841628826917,0.0858422406222776,0.255368704556178,0.661353257786606
3349,0.0293926913806779,0.0858425668132069,0.24798214322397,0.638503656152225
3350,0.0294370722978326,0.0863475620706962,0.250065620748862,0.640140820397807
3351,0.029345901532753,0.0864406538838037,0.252803057571054,0.658764234251158
3352,0.0293784940622639,0.0871046981972327,0.256401557208128,0.635373217952575
3353,0.0294462667544654,0.0865478876405112,0.254543142338532,0.643555633184729
3354,0.0294319070709779,0.0867334067942776,0.261868013365393,0.664647569231395
3355,0.0293416175083111,0.0864313024607369,0.255279325819856,0.641011119878883
3356,0.0294708479044172,0.0867592409730667,0.253792084105314,0.681106281272271
3357,0.0293447942739597,0.0863960884079734,0.256969817541159,0.682057233492671
3358,0.0294416570152229,0.0871141683308602,0.253329716078796,0.634588188911896
3359,0.0294197555745544,0.0861539487297827,0.252772155817662,0.672999606555427
3360,0.0294372059154187,0.0869083089985904,0.253995155035191,0.686123398709655
3361,0.029288816618038,0.0863850187277976,0.256801536277946,0.68574078091563
3362,0.0293875727027345,0.086380674234997,0.249947773610474,0.640205614226064
3363,0.0294680202789781,0.0864413289937794,0.254645384730522,0.68452618661735
3364,0.0294673452616142,0.0871446072841685,0.255389474453427,0.645292712327233
3365,0.029491272428505,0.0865921605825041,0.251023256291502,0.682606385410286
3366,0.0294060684220629,0.086689965270089,0.257683866091087,0.693099651828859
3367,0.0294559339929245,0.086246699202536,0.252799483665228,0.643067946163788
3368,0.0293090971930021,0.0864228071835593,0.249842335472086,0.65107976910764
3369,0.0294715432889748,0.0870851671560356,0.248052159371769,0.657215631870915
3370,0.0294445526541451,0.0856794771259618,0.249768191659937,0.696277943160275
3371,0.029399564532064,0.0871724481070471,0.25515316712842,0.646902656888908
3372,0.0294216384524557,0.0870449788561553,0.252979271921615,0.628235192326416
3373,0.0294614113734127,0.0865699755034776,0.25017441901815,0.69738940264997
3374,0.0295131950629089,0.0869966954941575,0.25808830085313,0.641478765917635
3375,0.0293223622931942,0.0864886954582464,0.25376379683156,0.678284366904114
3376,0.029380948397315,0.0866151193960079,0.253380836389205,0.635243273816529
3377,0.0293642079874617,0.0866745915375846,0.24780471528121,0.651419511929302
3378,0.0294152497752487,0.0865398957683311,0.253323955452166,0.652632719126375
3379,0.0294272402164536,0.0869098926417719,0.252490142166935,0.652903012318651
3380,0.0294814463469417,0.087450594532042,0.268108906984598,0.674964843932178
3381,0.0294271083077907,0.0873028666918805,0.259600206153295,0.700838127517803
3382,0.0294152246232614,0.086100017810268,0.252203359647715,0.654970502461469
3383,0.0293867280787493,0.0860516715928497,0.24711944583287,0.598241152162761
3384,0.0293311122212304,0.0869406454924003,0.252412724094575,0.703948816256983
3385,0.0294303953799032,0.0872756826061398,0.254972829923355,0.649834301305274
3386,0.0294254040952255,0.0864405362436948,0.257308739124525,0.656248350503471
3387,0.0293728911650155,0.0860848362268368,0.251888979433245,0.657451177302526
3388,0.0293761849743812,0.0868217279134198,0.257484070573184,0.672798761542185
3389,0.0293838316044657,0.0870485270212273,0.254283833214617,0.6711311407875
3390,0.029363268306259,0.0863724976064587,0.254399002553749,0.706002576274604
3391,0.0294567108038718,0.0871874959565699,0.254739988506318,0.64236927766081
3392,0.0293789568186734,0.0867515739028083,0.258652399999375,0.713609868278137
3393,0.0294048930335131,0.0866427294042438,0.254250145273733,0.649113613983708
3394,0.0292914167289619,0.0856897190405214,0.245561584626872,0.630931664986759
3395,0.0294084877191316,0.0870644292025072,0.254166787589849,0.684460722960621
3396,0.0293508198803578,0.086585347324839,0.252800221716423,0.637063828640287
3397,0.0293987062331902,0.0868656267222642,0.254722336300593,0.652548420875625
3398,0.0293589681387096,0.0871169405766057,0.253546395309092,0.641771989462419
3399,0.0294436956647175,0.0870839624448878,0.253953049812427,0.649730277769301
3400,0.0294118585859508,0.0870615972552961,0.258660606082449,0.648833051983554
3401,0.0293609876524662,0.0868980541508997,0.255121459419908,0.646299825383731
3402,0.0293367286385344,0.0853316976942537,0.249450652196197,0.671280746342985
3403,0.0293924426762953,0.086848524797851,0.254743628687633,0.644038257454788
3404,0.0294535021623144,0.087008467878114,0.254626557420307,0.654311880054912
3405,0.0294210407542378,0.086463656022151,0.25301006365751,0.634240185271388
3406,0.0293148625438306,0.0866713916237514,0.255049952131741,0.652827320663982
3407,0.029412283850346,0.0863550813327994,0.257082701219473,0.661933491004461
3408,0.0293934298802125,0.0863557904987546,0.253985818407592,0.668241708949772
3409,0.0293157771581142,0.086123477329987,0.251429561805277,0.662976979387385
3410,0.0292657677871196,0.0865968250388568,0.259054842148292,0.638553378332162
3411,0.0293852801098943,0.0868215089256196,0.248413176038016,0.658343849609219
3412,0.0294378787832477,0.0857694191998693,0.25482306313421,0.627206281447066
3413,0.0294445336978776,0.0874670439997788,0.252904456019315,0.640094969504982
3414,0.0294680919566627,0.0865848190805519,0.26080274068669,0.634599618786343
3415,0.0294011779246505,0.0872740600567117,0.251072288628877,0.667348204208831
3416,0.0293869747741293,0.0863165373216833,0.247367502991937,0.630979623276995
3417,0.0293807779067468,0.0857591971333537,0.248004859068469,0.654694477848968
3418,0.0293635177558704,0.0871743657560067,0.257998341613504,0.619451095576302
3419,0.0293865318681873,0.0866287873276889,0.252828630204977,0.641573695180952
3420,0.0294298976096047,0.087051489056977,0.251711926197829,0.648983412686684
3421,0.0292587861538965,0.0860311257636375,0.254857926375719,0.66538759788124
3422,0.0293854809163312,0.0864506952124757,0.250330315763362,0.671829134091353
3423,0.0294029342083356,0.0867407686349182,0.253263858484345,0.627262533577665
3424,0.0293790033835059,0.0866421473632924,0.253124570618976,0.623549569488791
3425,0.0294333523735353,0.0870016174709114,0.255784277320071,0.665685710147333
3426,0.029295491027147,0.0859297424700646,0.25292075342817,0.671156184378869
3427,0.0293155464867004,0.0861815658683447,0.254769432857302,0.662117248870295
3428,0.0294535864941914,0.0874234518152316,0.259596168293766,0.655702161785096
3429,0.0293304607424704,0.087098225880567,0.251698047781228,0.655625386666942
3430,0.0293627100341387,0.0863188582543297,0.256956808789587,0.63699101804462
3431,0.0293904660532841,0.0859273505174367,0.254848716181089,0.67349129821486
3432,0.0293552391603544,0.08594633771375,0.243836804834935,0.643456871434366
3433,0.0293756613005136,0.0857638265256952,0.254197807984543,0.650121734365797
3434,0.0293295207529515,0.0865966239802843,0.254319473968905,0.672495317255968
3435,0.0293715446057763,0.086745552154024,0.255500375111163,0.63813996800085
3436,0.0294495416621461,0.0872955281503452,0.254018208840151,0.69923683073444
3437,0.0294814950276999,0.087650224281966,0.248780515293742,0.648725989341107
3438,0.0293866288963493,0.0862664155664203,0.250504059756643,0.621645196218814
3439,0.029414095150903,0.086769182753685,0.252439176906017,0.6506642494572
3440,0.0293491648378182,0.0859394011575024,0.256745017749932,0.673734923502659
3441,0.0292880114893533,0.0865694924489741,0.249779186641638,0.65344760440045
3442,0.0294351765545442,0.0868298736934232,0.251454311934995,0.626761244230782
3443,0.0294010110298559,0.0872845517266403,0.254630032592799,0.650487332305386
3444,0.0293988633692276,0.0857398575134952,0.255069140935007,0.67591978660122
3445,0.0294297465142593,0.0861507928411269,0.246741494578161,0.657991663802561
3446,0.0294594176394605,0.0874770576159412,0.253059855843679,0.619206314555716
3447,0.0293747764294496,0.086433485303781,0.262127292531516,0.656412186427547
3448,0.0294489080242289,0.0865330511076124,0.252758684603453,0.674397963234263
3449,0.0294405942474138,0.0863934271939496,0.25606424614144,0.66560706774964
3450,0.0293810305148749,0.0866222377192185,0.256823528424645,0.698114857868026
3451,0.029400578316314,0.0860212851740516,0.24877446310455,0.68082440210854
3452,0.0293562376483046,0.0869087273056575,0.259426601598402,0.661939245110024
3453,0.0293576886557665,0.0872439045617261,0.259979517521219,0.642816122164313
3454,0.0293816568291424,0.0862640408773949,0.254615547199659,0.67518904114377
3455,0.029418475188364,0.0861215272488868,0.254681396064109,0.638924662182601
3456,0.0293486350776548,0.0861488949297495,0.251478494320429,0.653576506012065
3457,0.0293567146099218,0.0861163453726956,0.258600411947433,0.679604830448162
3458,0.0294641699571054,0.0871086462711117,0.252084605916134,0.673441709952542
3459,0.0293561275530245,0.086220010493286,0.251113113403402,0.621293160546341
3460,0.0293857510447591,0.0876000596979067,0.253879377175617,0.65637280441401
3461,0.0293352342286711,0.086763268327519,0.255692136499068,0.676855612213912
3462,0.029379048580255,0.0871373593924193,0.254243204360714,0.705007279550206
3463,0.0293527845061987,0.08669628864632,0.253386733630224,0.671861058619605
3464,0.0293847066087042,0.0865842403323731,0.251510067981791,0.645940112486993
3465,0.0293506888586982,0.0863919238818031,0.257093561418868,0.63535036205213
3466,0.0293838096298446,0.0864909263990597,0.254516337856595,0.668625437346522
3467,0.0293914406886735,0.0869533877743687,0.263215079519252,0.680831111653267
3468,0.0293843763841043,0.0866243066498156,0.252677739562528,0.616891689865804
3469,0.0293610325768929,0.0867539734475452,0.259656372246435,0.68937820684458
3470,0.029342362199138,0.086593043010489,0.255733528106196,0.662925254298221
3471,0.0293354062397379,0.0867918236634316,0.256766766543022,0.656577948138234
3472,0.0294369032855117,0.087491727093119,0.261457898995458,0.692854327375508
3473,0.0294143940711701,0.0865656998621737,0.254454792374002,0.62589498874287
3474,0.0293750466404607,0.086771767628865,0.252540392380697,0.643855542579726
3475,0.0294145943314976,0.0871734007328228,0.254681997001709,0.621755820954194
3476,0.0294111749926108,0.0873979363417183,0.256242215266045,0.675244661759987
3477,0.029259998749328,0.086270018682806,0.254909597796972,0.664937508484212
3478,0.0293685883734791,0.0868540831344613,0.25725652125713,0.688783509341423
3479,0.029461222628035,0.0860766464889288,0.25580830060144,0.655153085439725
3480,0.02940303983888,0.0865005640936206,0.250365659592796,0.642606990591932
3481,0.0294495125116065,0.0866834605881835,0.252873897312863,0.694474096790863
3482,0.0294059304627954,0.0874503408159042,0.252476190301384,0.635722626714551
3483,0.0295099534356642,0.0870122562570166,0.252471100127406,0.656597147161257
3484,0.0293224742988397,0.0862954862733453,0.25755974688176,0.700604206473099
3485,0.0293824305067803,0.0873977246674975,0.2588187751075,0.690056386408483
3486,0.0293447730081681,0.0867167380265168,0.257655891745963,0.680660404642864
3487,0.0293263927440459,0.086005158205294,0.25008195112362,0.65136069252388
3488,0.0295153531186834,0.0872978911628006,0.258590837511057,0.639893015568452
3489,0.0294339499958599,0.0870220866630721,0.251682982241465,0.653726287680175
3490,0.0294074170461236,0.0868393882849679,0.256367688043083,0.673865706317503
3491,0.0293729269135741,0.0864303875271424,0.257390349242128,0.636679613720451
3492,0.0294748759576008,0.0879252973130068,0.252138082882952,0.678685129722847
3493,0.0294650105241438,0.0874564262951436,0.26135784664106,0.65057460292125
3494,0.0294202288841621,0.0871917948324834,0.25702324723483,0.696486908921692
3495,0.0293257233866558,0.0855995340746234,0.252869940176359,0.690441668258247
3496,0.0293593514116536,0.085900939208174,0.252240915777919,0.660968395475319
3497,0.0294283909361679,0.0866716744429006,0.25385156575977,0.613168151880817
3498,0.0293704915587243,0.0863830486833698,0.260164559682763,0.657529952478076
3499,0.0294071550815877,0.0859602716233333,0.251261773694748,0.607854802422877
3500,0.0293003347122363,0.0863882776948012,0.260176466690575,0.658122462182812
3501,0.029482486994546,0.0868360337558117,0.25043779684463,0.665945672108401
3502,0.0294009669473981,0.0869378587564006,0.249711249254079,0.638139318746132
3503,0.0294366406034414,0.0865623832473606,0.248608662423724,0.687488088660003
3504,0.0295029358072886,0.0871071753506628,0.254526237360782,0.651046096599796
3505,0.0293230876380237,0.0870324825358342,0.250234467164536,0.650950810086991
3506,0.0294633498288751,0.0865390677232022,0.250613985095103,0.66098401632512
3507,0.0294352763851842,0.0860721110761187,0.253292581319639,0.685186477229691
3508,0.0294345008090197,0.0865659436637124,0.250313304776858,0.649992655450217
3509,0.0293766087958933,0.0859477115614449,0.254206719490934,0.657326754613858
3510,0.0294311418360434,0.0867370917534521,0.257750920490023,0.656001084369147
3511,0.0294437096618757,0.0860753779855797,0.257038540768567,0.66402210920351
3512,0.0294283261673133,0.086902802139953,0.251653160993775,0.687414917654976
3513,0.029418010030451,0.0879231311831085,0.253532471928136,0.674013295532243
3514,0.0293713637986785,0.0871136263296152,0.250866724814596,0.688023850655375
3515,0.0294230056648662,0.086471524304647,0.250219535514003,0.648908441251794
3516,0.029465919041675,0.0865485223974368,0.255079372443763,0.675695525945169
3517,0.0294031664196009,0.086503022948158,0.257892168706178,0.648688532379637
3518,0.0293729573401285,0.0865109472958593,0.251214784817203,0.682220050252123
3519,0.0292841684921447,0.086470495929952,0.253247887642053,0.629196248465775
3520,0.0294157908384282,0.0867997406096284,0.262107228404124,0.693448299174158
3521,0.0293699099695303,0.0868546639497658,0.257503533742937,0.672237405020547
3522,0.0293726985276249,0.0866933823502346,0.258572887254668,0.672344255765946
3523,0.0294208267544903,0.0867488990462754,0.251888971211875,0.650063139812268
3524,0.0294535247573908,0.086442942114171,0.258094667366596,0.706471942282665
3525,0.0293511088842662,0.0864168499520208,0.253181740293654,0.67406454594224
3526,0.0293705427802074,0.0863232587281453,0.258259300557795,0.676542914766221
3527,0.0294657090608102,0.0876914225641815,0.255226771257923,0.664495001079816
3528,0.0293798397516067,0.0870805085833924,0.257644854165211,0.666157858454162
3529,0.0293045332057804,0.087042422768073,0.246704283406969,0.658451954308423
3530,0.029431552307554,0.0871360379537203,0.259774676126898,0.687733203275027
3531,0.029428301293787,0.0868623632984632,0.253084624820705,0.675751467033668
3532,0.0293297078150885,0.0865171191120996,0.25581528509993,0.649815477350927
3533,0.0293244697574266,0.086546153052498,0.257345100667036,0.701074300079813
3534,0.0293981742845732,0.0870702766124317,0.248621401357084,0.674639670756891
3535,0.0294346463579104,0.086606145852106,0.252285597754573,0.65584649934106
3536,0.0295060062287762,0.0874829157267877,0.255522198038941,0.662717631746384
3537,0.0293175736304687,0.086110502442153,0.252951543654316,0.678651658874464
3538,0.0293905304114909,0.0868132122032274,0.264119848149336,0.683771520578827
3539,0.0292775074638433,0.0865915125507729,0.250361406849656,0.660323142833099
3540,0.0293896897049463,0.0862731286889544,0.255404410634737,0.708840033332493
3541,0.0293781864650081,0.085793376626039,0.247217780761523,0.637108385892347
3542,0.0294215016328118,0.0870837881446974,0.25960519480842,0.687472744351169
3543,0.0294574099658605,0.0874974378796556,0.260844139637648,0.664689532253869
3544,0.0294086558980425,0.0872315369267601,0.260283331213521,0.626081541402463
3545,0.0294146528582754,0.08637284771348,0.254131555854794,0.631880602037666
3546,0.0294769143278078,0.0861947023504127,0.255179952179524,0.69378916045527
3547,0.0293716310977364,0.0865875011282721,0.255215114426308,0.670554371014387
3548,0.0293023879947615,0.0860969901443662,0.260513673053123,0.686343864969814
3549,0.0293954083824554,0.0862529585093522,0.256825722558973,0.697605275028125
3550,0.0293563053868509,0.0868550991144259,0.251185365944999,0.673615930610905
3551,0.0293143599788854,0.0867716450050469,0.260760243581211,0.702482074198382
3552,0.0293297677633165,0.0865662053791077,0.248310717083884,0.68974374549638
3553,0.0294953427756047,0.0877920904017702,0.255964608610225,0.717584912530187
3554,0.0293301794966427,0.0866952380482523,0.252242236626935,0.620983562788714
3555,0.0294817907339388,0.0871084651949926,0.254553858371566,0.683480395771983
3556,0.029359101438712,0.0866148365206055,0.252730518078181,0.680081065670854
3557,0.0293660757709615,0.0859541981432163,0.259157123567857,0.690835924525797
3558,0.0294846771636669,0.0868856231091499,0.24955374066112,0.67438971634505
3559,0.029453932088714,0.0860599618709482,0.254446973988468,0.694065887334063
3560,0.0293358510815116,0.0867170959266258,0.250583310186317,0.631935695501196
3561,0.0293679834874055,0.0868742985716149,0.252313524257065,0.654717970755714
3562,0.0293927866030874,0.0868612100149683,0.256852189104458,0.64469849222505
3563,0.0293267145601544,0.0865494698117329,0.247949876870197,0.691100569512084
3564,0.0293068880673923,0.0865700542748179,0.255142822051082,0.686815015874502
3565,0.0294295505910291,0.0865842508923844,0.260395507430554,0.638594941091831
3566,0.0293647148286515,0.0874540729075406,0.261313865317495,0.662953341403771
3567,0.0293754880722563,0.0866559193714867,0.253038369221945,0.694742659751828
3568,0.0292961559384969,0.0864487592272636,0.247751814908705,0.649113268993084
3569,0.0293856643400838,0.0873292614430569,0.252754290606487,0.620355164184199
3570,0.0293291323384993,0.0862204000772074,0.255633119578541,0.652382890995974
3571,0.0294211845440785,0.0867847301323592,0.253736671713984,0.682363772913455
3572,0.0294766899249393,0.0865245524139592,0.254195163054286,0.615437978074717
3573,0.0294219721949154,0.0873502424832585,0.258752919928684,0.623587524827139
3574,0.0294185217441914,0.0871693696082984,0.260469955637049,0.650717879005483
3575,0.0292717876477106,0.0863233096730563,0.253878278019307,0.680076768751453
3576,0.0293842950830975,0.0857090508549936,0.248852691254813,0.677266748301303
3577,0.0294807829417659,0.0873330261988264,0.258844848943129,0.681068003461538
3578,0.0293390682860788,0.0862502679113029,0.256040618071232,0.646348485967203
3579,0.0294689933076268,0.0863249174571291,0.250705332395079,0.627653220132059
3580,0.0293765109458388,0.0863184156706964,0.254153902082297,0.663568095817015
3581,0.0293991480567449,0.0865534975723821,0.259016958202187,0.674314156328819
3582,0.0293647335798751,0.0867201909688463,0.24930352957041,0.649406365411151
3583,0.0293378090364701,0.0852155072444485,0.250713475083682,0.648488882628593
3584,0.0293921532496502,0.0864915291664187,0.260629823562794,0.65025161461613
3585,0.0293543981033331,0.086550889979696,0.249825425716924,0.649485053451567
3586,0.0294325646036389,0.0862853944851615,0.254067710297036,0.670662822006716
3587,0.0294032526879627,0.0864075339061928,0.25325799399781,0.669255836341564
3588,0.0293496169702446,0.0867801399606393,0.254467980667398,0.654465166053965
3589,0.0294938378472787,0.0878883556202908,0.254838892157543,0.659108491876845
3590,0.0294050398196084,0.0862054622769761,0.256470115461568,0.659306665545909
3591,0.0293928330664785,0.0868583319869223,0.255499965898013,0.642170054878786
3592,0.0293740862411751,0.0866128504137295,0.258924241503953,0.637723287286663
3593,0.0293936600822051,0.0858563480608368,0.245926860537228,0.641034328421955
3594,0.0293063581057936,0.0873631148111778,0.253487407407675,0.668224939780695
3595,0.0293634163742637,0.0866904942100481,0.258499045758246,0.670938294049001
3596,0.0294210435744919,0.0868829888183856,0.258194249629098,0.682268500590729
3597,0.0293633212376676,0.0858265189168373,0.254173123615094,0.666869828974536
3598,0.0293603071977338,0.0867789564366228,0.251212194910589,0.691203962694798
3599,0.0294203187157368,0.0868666438752948,0.256548381053263,0.635917156640367
3600,0.029406905613541,0.0863287630281165,0.258332616557377,0.677051580456283
3601,0.0294010819611506,0.0862642383407754,0.253769701576736,0.676990823864547
3602,0.0293382588051281,0.0873169899098946,0.254211651243914,0.685729451206191
3603,0.0293742775568194,0.0867754964350968,0.259417652553005,0.674334378395569
3604,0.0294407619560738,0.0869640133522514,0.255231274881475,0.651261996824165
3605,0.0293715350152147,0.0866139683129052,0.253084929862649,0.644818269632544
3606,0.0293994642829446,0.0868337496304602,0.254391689216576,0.71983269224795
3607,0.0294734544790173,0.0875823839391786,0.259478045782123,0.663577735994617
3608,0.0293817208342055,0.0866903009442257,0.255346876046381,0.630177974846482
3609,0.0293331415633344,0.0863494780949495,0.248388473809548,0.664986355766109
3610,0.0293446486382712,0.0864236354427004,0.250591613120001,0.645850808897372
3611,0.0293639641847413,0.0866558707509491,0.251733856649949,0.671156343155229
3612,0.0293756248959022,0.0863555507698304,0.255135013144341,0.673070249285742
3613,0.0294276233144447,0.0865944843995166,0.259538715875102,0.666724079310536
3614,0.0293120260961684,0.087019060853461,0.256195393954515,0.702122087060284
3615,0.0295518512384344,0.0872728649656898,0.260129338444254,0.653707240784509
3616,0.0293591779493649,0.0866691972159453,0.25167173673401,0.683978580234268
3617,0.0294386749130879,0.0867453785825606,0.25637977238901,0.680466968087661
3618,0.029401427997222,0.0869941982605166,0.261528112093844,0.671234518780154
3619,0.0293406862510764,0.0868767648287476,0.254234171267194,0.684954203664377
3620,0.0293738569876646,0.0868243234746043,0.249700265018152,0.647877991250804
3621,0.0294916818734615,0.0869298267471519,0.25728172980912,0.648914405362921
3622,0.029431004984519,0.0876186013265845,0.259778938675737,0.711997824820288
3623,0.029397783836081,0.0859864359074495,0.255819743810576,0.691237836949458
3624,0.0292866282223621,0.0863064718351025,0.250270558704777,0.666703263944814
3625,0.0294139082252448,0.0869272626146119,0.258960705814751,0.693916493045222
3626,0.0294194983144574,0.0864546506691362,0.250085523767469,0.642662962908099
3627,0.0293248870576797,0.0873746802903305,0.255691401938907,0.659002311208692
3628,0.029415439661195,0.0868080993807375,0.258375163746973,0.644271683706919
3629,0.0294377636446359,0.0871847165928921,0.255576859819446,0.654715608749925
3630,0.0293452854633259,0.0866428171607978,0.256151427363854,0.64044403998988
3631,0.0294359560908122,0.0866085638978155,0.255164363150821,0.665655954580686
3632,0.0292794501772109,0.0868832937809828,0.254051932694685,0.699934885065246
3633,0.0293674400856365,0.0876500949083809,0.263125900268388,0.674299954985695
3634,0.0294066886635893,0.0873372817197581,0.261554573982866,0.65101643902381
3635,0.0293713088295451,0.0866521603765535,0.254474489548106,0.669185797628163
3636,0.0294185748639459,0.0870208657521702,0.253183748630366,0.67845327861234
3637,0.0294211698312705,0.0872727821929748,0.259539298140355,0.725145660599386
3638,0.0292929741165134,0.0862817525756348,0.253838940226374,0.674170658803569
3639,0.0293795807991912,0.0867056978427501,0.253828266157327,0.6494985528995
3640,0.0294281155071455,0.0868555456793284,0.252297370602952,0.65900447537127
3641,0.0294268185276599,0.0864956266702844,0.257270734189497,0.673444640888451
3642,0.0293678307890961,0.087017725718634,0.255529713872466,0.686524289643974
3643,0.0293283776741475,0.086671470781707,0.255191055117861,0.676256295103165
3644,0.0294224883058786,0.0879609224565608,0.258944960264982,0.639699378166318
3645,0.0293311726538376,0.0870409088238714,0.252952171578466,0.661208754727912
3646,0.0293970445267576,0.086243049545294,0.252372166448017,0.638392285303824
3647,0.0294309162452262,0.0861272522195805,0.2518641791967,0.66698162260764
3648,0.0294506986740436,0.0869968908982218,0.247493331702754,0.662380257202853
3649,0.0294323885864092,0.0871236879052067,0.254985145263839,0.674132774643585
3650,0.0293413434993205,0.0861570880164665,0.253758484464406,0.623983707568891
3651,0.0293991988903977,0.0873530238809403,0.258466492839275,0.677369195266678
3652,0.0294716848375657,0.0875317906225462,0.257571208691863,0.618051767794126
3653,0.0293590632222112,0.0864438666951976,0.254819942223369,0.661580788802666
3654,0.0295216632799111,0.0867069608164769,0.257127068006319,0.648272033734233
3655,0.0293715357878966,0.0863956998674044,0.258586060096415,0.670871606559135
3656,0.029366344505358,0.0857119057764248,0.249648524971558,0.663945809542046
3657,0.0295067668653453,0.0867473178534193,0.260105673970676,0.684652972690331
3658,0.0293637660291555,0.0860909604468738,0.256252595109819,0.637232788100427
3659,0.0294040699864233,0.0871251764674794,0.253152438789117,0.662387143195038
3660,0.029371743645719,0.0866631633583871,0.256820577834033,0.669682600954991
3661,0.0293816475565274,0.0869627855377404,0.26212905238787,0.664096590534231
3662,0.0293579799094374,0.0868676713576901,0.25384760718468,0.674791564890747
3663,0.0294583969693881,0.0870188932646336,0.253733054030579,0.628457466006853
3664,0.0293582793663461,0.0870723459079136,0.257703990366025,0.648619393920997
3665,0.0293894907211686,0.0862644366760981,0.255220440764452,0.644128680197257
3666,0.029398767355642,0.0870819216090689,0.249571486011039,0.628526021856701
3667,0.0293431917686262,0.0865177778568358,0.254897935061445,0.658612285813129
3668,0.0294481095546751,0.0869668181242296,0.252791815064356,0.648330529466256
3669,0.0293356798379601,0.0875190774573791,0.26324422018706,0.677188270994112
3670,0.029351167097056,0.0864907109259717,0.25502660566482,0.668762361943147
3671,0.0293716022111824,0.087405291068684,0.254751870055202,0.673795875942881
3672,0.0294904018367621,0.0866728765309566,0.255963155641898,0.680343745677578
3673,0.0293893172456784,0.0867974934486251,0.26289618725349,0.70184224993525
3674,0.0294563527174469,0.0874155992930773,0.259267793653793,0.670661940826061
3675,0.0293749309218091,0.0866751427901253,0.25809375576658,0.655538982184433
3676,0.0294150229859353,0.0861970010064028,0.254791635445005,0.670033824386639
3677,0.0294098971716591,0.0859168221618285,0.252492072683844,0.669109323607195
3678,0.0294154442570369,0.0870650736793531,0.256946084808129,0.645536691005814
3679,0.0293832433038154,0.0862286605227209,0.252814662225022,0.640696847312375
3680,0.0293462992645322,0.0866055226349645,0.256058980125896,0.653941603867864
3681,0.0293004591327065,0.086072566802628,0.260976472200955,0.662875202421549
3682,0.0293425148582018,0.0862561223934683,0.250327046206411,0.656479415114597
3683,0.0294815122665502,0.0864430077944997,0.2525270729412,0.68284818765927
3684,0.029377249225007,0.087436658329277,0.252910590176893,0.63621129218174
3685,0.0293607896613295,0.0867175030831799,0.258836749933875,0.647816124576393
3686,0.0294371234715412,0.0868522973965072,0.252659852709992,0.71821336613139
3687,0.0294550588191235,0.0867239041815078,0.251343719196088,0.661828467945105
3688,0.0293468132477897,0.0872494148889191,0.260696950284069,0.662036132659303
3689,0.0293676185886853,0.0855370877195909,0.249741378032658,0.690246427694697
3690,0.0294626596929368,0.0873172291596039,0.249658690726554,0.64557731497242
3691,0.0293513682859014,0.086181251901359,0.253179067217267,0.651803996078894
3692,0.0294390882946413,0.0872983569400476,0.250207292402989,0.64616946378369
3693,0.0293976837818963,0.0862209400763299,0.253976321921752,0.673364159636513
3694,0.0294311174754937,0.0865611051473573,0.255562849563847,0.656518062027749
3695,0.0293603863077159,0.0866002736678383,0.256659823841666,0.666404096526102
3696,0.0294185881805696,0.0866813137777529,0.255272641286653,0.673938142503624
3697,0.0293526031912113,0.0867106955120563,0.262619190120734,0.665729306708908
3698,0.0294332944136851,0.0862154057986231,0.252083311204349,0.659803393188321
3699,0.0294114372742802,0.0867928350041784,0.256019759071083,0.682825073893848
3700,0.0293879822297374,0.0862316408328241,0.249305891662378,0.690594580815802
3701,0.0294028421152774,0.086423948052647,0.259907594633549,0.674670488566983
3702,0.0294667010295096,0.0868670563920429,0.255344337296906,0.655414962578878
3703,0.0293437933738006,0.0865890961089052,0.253832507241976,0.656113428050203
3704,0.0293815159287725,0.0858887158760459,0.252082064631745,0.688291179927589
3705,0.0294467647829607,0.0875954828280131,0.25541534935175,0.638061428659815
3706,0.0293917170246323,0.0873199368931779,0.258090323099843,0.691842146385281
3707,0.0293664375323882,0.0860193329422661,0.247788370851894,0.608883669958338
3708,0.0294154040386956,0.087307877452417,0.248026377774031,0.639215916769808
3709,0.0293189182754654,0.0860338262674672,0.251403262958095,0.640432915528298
3710,0.0294586477168733,0.0865167845644246,0.252634696139526,0.639738138545401
3711,0.0293917699777703,0.0863397005451753,0.254777575064853,0.673048458325822
3712,0.0293292239480298,0.087119998518089,0.254512492681859,0.665489878665835
3713,0.0293648542924503,0.0863357176908099,0.258434840310034,0.674143390972611
3714,0.0293442990100468,0.0858227751917567,0.249084494139381,0.644929191296874
3715,0.0293456116528515,0.0862763115891974,0.249522893527525,0.65436932958
3716,0.0293728466126308,0.0864058559397326,0.251599803550765,0.639961256588414
3717,0.0293732347588942,0.086266535202502,0.252423045868398,0.651465429499293
3718,0.0294250840140284,0.0870076529138593,0.253903271345842,0.666372323699102
3719,0.0293818117378073,0.0867052622935976,0.252976869027423,0.694223249234302
3720,0.0294399097291463,0.0864377481576263,0.257601931484154,0.663023913492418
3721,0.0293846907657177,0.0868634940979702,0.248478378007919,0.629060723591638
3722,0.0295258415086634,0.0874359517433186,0.257822662641535,0.685622154513476
3723,0.0293298105975645,0.0856239678073339,0.257813244508995,0.670848236435395
3724,0.029362403517471,0.0863727193595713,0.255724256262363,0.635551795207674
3725,0.0294029114075492,0.0864146541441114,0.262934319555905,0.649703634358812
3726,0.0293302850776837,0.0860651965836648,0.257568668359721,0.673664983810693
3727,0.0293616356084934,0.0866052341224401,0.256407525316252,0.627940223221169
3728,0.0294164339741744,0.0865606643257783,0.248020979219866,0.674312754288304
3729,0.0293824838917019,0.0861743768385945,0.255938173724285,0.648885319626126
3730,0.0293572047124155,0.0867424085513659,0.257422197846961,0.674176907660936
3731,0.0293615079679156,0.0863485083142261,0.255287910623331,0.647057270990134
3732,0.0293194574682491,0.086062991443231,0.252601848652352,0.629725348809933
3733,0.0293716033828825,0.0871268526969399,0.252320035437034,0.623256788037047
3734,0.0294054010205917,0.0867494465597533,0.253935824337091,0.661435261792918
3735,0.0294271187977713,0.0871519088089581,0.259788513801377,0.67171315214198
3736,0.0294672421548372,0.087066006475223,0.257929144807327,0.660065446051846
3737,0.0293726715320031,0.0867778201439416,0.253132664209496,0.658032197029955
3738,0.0295199156849679,0.0866126567730521,0.250169377025649,0.665696267245676
3739,0.0293227766403962,0.086090100391839,0.254145421125914,0.71405902317347
3740,0.0293870700612451,0.087080544985012,0.253675093382303,0.629935658854998
3741,0.0294900827140105,0.0869366400254965,0.258026783315518,0.626394829243741
3742,0.0293617624978381,0.0865029007893726,0.257564414495003,0.655332267381259
3743,0.0293931586641085,0.0866845918284393,0.25310086566384,0.658067665594502
3744,0.0293880602959485,0.0858780189783538,0.254319102035503,0.639198989237446
3745,0.0294087766602662,0.0869255509228438,0.25362803844162,0.678642498416886
3746,0.0294562366232881,0.08646908026663,0.250336239558183,0.64762162394905
3747,0.0292679126913126,0.0860378799748933,0.253249224183356,0.646741929204218
3748,0.0294437581664856,0.0872344685663413,0.257727517008806,0.655839008039007
3749,0.0294392837361522,0.0864020810280602,0.253211771368897,0.681778406097642
3750,0.029386213444469,0.0868764894326835,0.254424907621047,0.647624891159408
3751,0.0293710701948525,0.0866302881229175,0.253951704056258,0.639705707384556
3752,0.0293100531472375,0.0865681758703705,0.252775203553586,0.631326468554289
3753,0.029327848425248,0.0860129234170516,0.248233899319341,0.677009717812675
3754,0.0294104028946149,0.0874175425621161,0.262800254687306,0.709441520435506
3755,0.0293887723531339,0.0861537964069181,0.252737763820264,0.642673269526432
3756,0.029335541537696,0.0858062650370816,0.251363880345248,0.665711925402092
3757,0.0293094921483606,0.0857623044181339,0.250732977351309,0.652356744971432
3758,0.0294380610788491,0.0861649265985966,0.255410589741101,0.663794346533473
3759,0.0294129608226417,0.0868501741354625,0.254915327953132,0.669217053661406
3760,0.0294361749344792,0.0866727210289979,0.255155289138605,0.659423284148285
3761,0.0293680748933703,0.0868941686218512,0.246298544275059,0.650867515402599
3762,0.0294068444024252,0.0867740100554188,0.25370215009794,0.67712059790701
3763,0.0293351738078563,0.0869070707689373,0.25689166300276,0.658373314508777
3764,0.0293523562037203,0.0871623185243032,0.254129996122068,0.647189635786825
3765,0.0293404258305348,0.0867171072296696,0.258628521989529,0.685778214407621
3766,0.0294227414864666,0.0864037989418067,0.255651357391954,0.667818571366224
3767,0.0294418960555424,0.0861996038563257,0.255807903933362,0.640139096662915
3768,0.0293679674959534,0.0868004595972795,0.251729492430239,0.661403687858162
3769,0.0293846041631751,0.0865966546061537,0.258515054366061,0.64272175791206
3770,0.0293471183520971,0.0868595997905782,0.257430936976137,0.665177607308578
3771,0.0293729066786756,0.0857750189311338,0.249477148655582,0.653219091427819
3772,0.0294365408439705,0.0863860093273666,0.254471882312631,0.645714640559257
3773,0.0294260530235904,0.0860441954724908,0.252580746345242,0.641052300677875
3774,0.029362131618603,0.0862897795433017,0.250512818879634,0.681493108948644
3775,0.0294359596008653,0.087592730715061,0.254713013971888,0.651939088777071
3776,0.0293078332195667,0.0866903384026419,0.2488203296945,0.655912851018704
3777,0.0294050997527967,0.0869740483070382,0.26075204187241,0.687985656968854
3778,0.0294428515145791,0.0873237700697706,0.255033456687642,0.680978290958706
3779,0.0294497003971773,0.0880590095098218,0.256227549118838,0.693436128816015
3780,0.0294424874323009,0.086804276634873,0.259176497303272,0.670450324596613
3781,0.029382506863594,0.0856908870018077,0.251881580938721,0.689856383776314
3782,0.0294107888282565,0.0867396644253013,0.253349238683315,0.616250358985058
3783,0.0293898100244189,0.0858519019731664,0.249748532367124,0.637569701285006
3784,0.0293921640785961,0.0859696397729702,0.254075456509901,0.663385208638202
3785,0.0293602903834273,0.0863087671283599,0.253614403121262,0.68480468569481
3786,0.0294364745012879,0.0874976194440869,0.253986798969208,0.662464606798299
3787,0.0292580454039587,0.0853886340510051,0.250629951612502,0.639359512097187
3788,0.0293993389639819,0.0869420911895659,0.26194277247242,0.647212590225105
3789,0.0293244619857199,0.0862581858512235,0.255625043997395,0.696876297042173
3790,0.0293750156895569,0.086407550401008,0.253489089256673,0.646520512543152
3791,0.0294240979127235,0.0873138789537241,0.256986952561802,0.623960504205488
3792,0.0292818628365569,0.0861156199838561,0.246985774873405,0.62890445248445
3793,0.0293662201061148,0.0857089328421469,0.249293740372827,0.661901807058822
3794,0.0293017491498105,0.0864099919373223,0.258744515362229,0.702699876713207
3795,0.0293438647592684,0.0870942107745172,0.253852129349179,0.632718015460844
3796,0.0293974478365653,0.086245355615408,0.249854222474195,0.702393331489052
3797,0.0294049833140859,0.0867921691497808,0.258666782293223,0.647954859333557
3798,0.0293481405727779,0.0869080539947685,0.25514771945724,0.698586015257192
3799,0.0292996132494251,0.086300163776574,0.254582390021975,0.631927152752358
3800,0.029357223238921,0.086066685303684,0.248595851727832,0.662727162562283
3801,0.0293317399914546,0.0871272115807382,0.252803645233515,0.69527466593898
3802,0.029387882056128,0.0866904737974937,0.245489061952748,0.62064196667437
3803,0.0294662539739269,0.0871585479531713,0.257840428236122,0.625155443566916
3804,0.0294850367997101,0.0868563559815398,0.247302313963185,0.637575511520694
3805,0.0293501457180288,0.0869228172876131,0.25599550959576,0.668269449685837
3806,0.0293478204413746,0.0857783111259171,0.253703020865611,0.674699930834773
3807,0.0293305851995541,0.0863901742017883,0.250420564142065,0.656007211294961
3808,0.0293589876543789,0.086967088535359,0.255543748584136,0.65406949191234
3809,0.029318244008432,0.0865939525972145,0.256214876908712,0.664411319558899
3810,0.0294325672393318,0.08630860890721,0.253420483823635,0.687476816996148
3811,0.0293440389269391,0.0867609718089,0.255359395594085,0.647197859042692
3812,0.0294372296594267,0.0861341153227944,0.253781965033304,0.689327012219753
3813,0.0294796321629333,0.0873998841942715,0.260667588212343,0.630709866657682
3814,0.0293516268668398,0.0871507031279054,0.258729533925386,0.688191740092497
3815,0.0293421332824052,0.086798333952488,0.254529342907789,0.677436454217112
3816,0.0294315998896437,0.0862772863098602,0.255733154364005,0.679918589916208
3817,0.0294344695380015,0.0868877735684881,0.250356059841029,0.657575938706629
3818,0.0293894702144494,0.0871911700089787,0.258087862687947,0.663326465532601
3819,0.0294604697254915,0.0875415027312213,0.25669187671305,0.627307413514265
3820,0.0293336956477739,0.0867587058971631,0.25366161648188,0.662469742550183
3821,0.0293666743529783,0.0872278704407338,0.26147077354786,0.654922321591581
3822,0.0293972289208329,0.0864176532649027,0.251488207505931,0.656420390903688
3823,0.0293719465186296,0.0863788713247089,0.25364684390271,0.646544309973707
3824,0.0294766047237622,0.0877443440096152,0.260563617951316,0.6660317314466
3825,0.0293560526949323,0.0875449778759505,0.263872946009872,0.672671966886493
3826,0.029320661457663,0.0859473310623235,0.258377453820781,0.651202662476952
3827,0.0293847576010102,0.0858946465436002,0.251606692817714,0.675218123711895
3828,0.0293018051076954,0.0862022484449747,0.248845894458483,0.626305072634162
3829,0.029312326292111,0.0865420246238995,0.253142031825034,0.646022360163118
3830,0.0294386133746783,0.0870335082830818,0.261322070265202,0.704793548556877
3831,0.0293071444146415,0.0858745856550913,0.246047669569044,0.653414078263579
3832,0.0293819507756071,0.0864671574205122,0.25477715228736,0.675007486029785
3833,0.029446583560533,0.08639486257563,0.248402585400482,0.67528590590559
3834,0.0294253397502169,0.0871326845263089,0.256991809860242,0.645246517672922
3835,0.0293377512486924,0.0874047371972179,0.256127891739699,0.710839420972436
3836,0.029420009071825,0.0870018312329442,0.25321402873188,0.669741322976587
3837,0.029450808966353,0.0865627982794709,0.253666907344154,0.633210685020596
3838,0.029514845700554,0.0864163506837769,0.256230603793444,0.630603038527678
3839,0.0293982497066298,0.0863109151210806,0.253628926874784,0.65244136702608
3840,0.0293305008126332,0.0869022576920655,0.254986864770783,0.645970899014328
3841,0.0294464030694934,0.0865335438961257,0.252453491678853,0.659908199373585
3842,0.029396640978369,0.0861812159699305,0.244714827679275,0.624469960459625
3843,0.0293957690943666,0.0872587203528069,0.251575089158608,0.635292803128152
3844,0.0294006113077499,0.08644310938552,0.253516356957816,0.697702777416686
3845,0.0293486049926555,0.0856950912502472,0.249408014599519,0.653519781463323
3846,0.0293500025680105,0.0862725435383148,0.249872091111548,0.64195037664103
3847,0.0293346914603648,0.0859444758790578,0.248434813956013,0.634000859180707
3848,0.0294180013885523,0.0864818232602718,0.256025989476872,0.696306757750299
3849,0.0293794332568758,0.0868910875371895,0.251148489324789,0.63553978040374
3850,0.0294024618719948,0.086825618238839,0.254117783220857,0.649141898556607
3851,0.0293606507936152,0.0853317294323301,0.24832221604397,0.670392875070667
3852,0.029399315584063,0.0873262936007212,0.251683332069357,0.65381594277447
3853,0.0293742500612419,0.0871536128098517,0.252192882090166,0.680409394053586
3854,0.0293222891902399,0.0855088092216884,0.24759820418594,0.657350487782548
3855,0.0293950229417683,0.0866165718160229,0.257525158392958,0.633116920920826
3856,0.0293415827831199,0.0871880663537953,0.250029025677714,0.634941540430192
3857,0.0293956223651817,0.0866907545711773,0.258715515462409,0.612335288995825
3858,0.029437487061677,0.0872691518743047,0.252187091111981,0.654944516897313
3859,0.0293923399548939,0.0864243041824881,0.253854603999312,0.63558014400569
3860,0.0294581075738176,0.0869043844554495,0.255266848463496,0.700685602002889
3861,0.0293278636204257,0.0869199738942684,0.251192845483088,0.621722840337322
3862,0.0294739134213441,0.086850782580284,0.254019266604168,0.652606977497781
3863,0.0293732011766773,0.0866048493815067,0.254708039595472,0.686418645735114
3864,0.0293582225347694,0.085642274241321,0.250818770782956,0.667578180198324
3865,0.029395725209851,0.086556592139348,0.251147568947598,0.669897308841842
3866,0.0294648271728603,0.0868201642691622,0.254391797035173,0.698543133284195
3867,0.0293893611315641,0.0870806134758416,0.257778733697747,0.714442341160402
3868,0.029400937374901,0.0862906063823106,0.253363912976138,0.641988200775568
3869,0.0294353076117179,0.0872385074486001,0.255822547710732,0.680085160157266
3870,0.0293696982253392,0.0867067576676292,0.257123929356853,0.654368813418614
3871,0.029355500471062,0.0867792821959774,0.252595870792772,0.672954778946492
3872,0.0293105404746044,0.0861347797995172,0.250399052082515,0.650131674820543
3873,0.0293490091404264,0.0864161482647356,0.247917269030963,0.616198221172879
3874,0.0294403013431583,0.0871702886550924,0.25613752298067,0.645154886898424
3875,0.0293337991830597,0.0867923724945964,0.255228630152333,0.639906774796184
3876,0.0293277921805339,0.0856719072650335,0.253908164069813,0.65790693211036
3877,0.0294347718748523,0.0874838395430853,0.265093803167608,0.6940293765351
3878,0.029396474152555,0.0858474150722384,0.254421600572563,0.673442876291089
3879,0.0294037605293944,0.0865066186959424,0.252849140646279,0.647585619314114
3880,0.0293200383726278,0.0865770255986652,0.254910486674383,0.655867546911292
3881,0.0294085403045643,0.0867807496216056,0.255695851955962,0.676305493165702
3882,0.0293917672726241,0.0873818995787963,0.257198079042541,0.642581089977844
3883,0.0293912332907006,0.0862576533791555,0.256792726890315,0.732446561143811
3884,0.0293969888454011,0.0862197271318571,0.256256801835937,0.663109779869507
3885,0.0294185026967127,0.0874801449218608,0.253708844764362,0.703292166152331
3886,0.0293311188220619,0.0867398897978153,0.253593833610422,0.689338309701242
3887,0.0294004553332784,0.08650877073848,0.259187921628368,0.663906745662785
3888,0.0294295348785149,0.0860995520999005,0.256298783619831,0.636720822054291
3889,0.0294412032716519,0.0861015426975547,0.250584131617578,0.655959304233538
3890,0.0293832054322209,0.0873888852132986,0.251658747438864,0.676054435377884
3891,0.0294711842069723,0.0868862451484227,0.257594609842674,0.664563579750077
3892,0.0293637663769722,0.0863361958350457,0.25629382604001,0.610761891294039
3893,0.0293621677134425,0.0868246147141073,0.259032885142766,0.658708282901654
3894,0.0293215162367726,0.0871989488467954,0.261301323943349,0.656362276360521
3895,0.0293844388981762,0.08643784115136,0.256125816820427,0.685127831532531
3896,0.0294415055319425,0.0873949236047693,0.253899552671808,0.652574216380011
3897,0.0293289325563082,0.0865751566704854,0.251223353033784,0.626579030872602
3898,0.029343379806222,0.0867492030487644,0.24842724911209,0.635616943580199
3899,0.029309855275077,0.0872961010608434,0.250377430715008,0.652399683262032
3900,0.0293507075269156,0.0862981224544209,0.25190603077734,0.624708376009087
3901,0.0294014385545908,0.086514832030185,0.248307453083633,0.639124757934417
3902,0.0294599757003452,0.0865320753937925,0.259497833541929,0.699528241405979
3903,0.0293808257190942,0.0861129315627077,0.253197825244698,0.660494675461723
3904,0.0293793848466613,0.0867139094601023,0.254814061733677,0.635437257232571
3905,0.0294579575854926,0.0863646532710079,0.25106949673505,0.646348171457805
3906,0.0293522742168453,0.0864770336147855,0.251926664332543,0.640375880275273
3907,0.0293411481882769,0.0868905150825503,0.257097364340348,0.648837131851574
3908,0.0293830533430618,0.0860710201403884,0.256400392904409,0.674208275766864
3909,0.0293898173796028,0.086879428988278,0.257032209902878,0.639354253892801
3910,0.0293817828383955,0.086760259873102,0.260426647972226,0.662550116558464
3911,0.0293707359851849,0.0869518075080612,0.254402447707782,0.65598097520665
3912,0.029336994234071,0.0866374067031224,0.253852586004891,0.641059566215366
3913,0.0293277817965834,0.0870988591487997,0.252016823215698,0.649426531818049
3914,0.0293407663238612,0.0860823304903172,0.251040403129993,0.687250590008995
3915,0.0294315160608027,0.0860401536826622,0.254912045954018,0.68237135228849
3916,0.0293915798274543,0.0866832567470674,0.253827756866488,0.637871557586284
3917,0.0295305482573353,0.0870887066204283,0.254569145127132,0.679435827832729
3918,0.0293877087130347,0.0872837514377335,0.255675399849992,0.667398109599589
3919,0.0294112294100961,0.0866082223133455,0.258435603926737,0.653929548953465
3920,0.0292896279256467,0.0860726434090344,0.253312119959023,0.671033816410099
3921,0.0293884520891975,0.0869525824366113,0.247607388561163,0.621362566249989
3922,0.0294323062360174,0.0870586110018991,0.255800362649402,0.640632089115527
3923,0.0293890153351993,0.0862511141710109,0.252033396383266,0.70440661423479
3924,0.0294586768236212,0.0873593932159,0.261496997157561,0.678248854427885
3925,0.0293842787414699,0.08751287728348,0.258784928831435,0.656645482244718
3926,0.0294600210233091,0.086680092856452,0.252862868466142,0.63362569788079
3927,0.0294142672050994,0.0862791020669485,0.25653077157775,0.661947029831515
3928,0.0293842357418893,0.0866800952284933,0.256379190427343,0.681186021871128
3929,0.0293100636805682,0.086341589586224,0.249604074854492,0.637646342186143
3930,0.0294618138129764,0.0865945568047175,0.255316444226759,0.658100770999468
3931,0.0293132935665343,0.0861164655130023,0.254682874176632,0.630012020573177
3932,0.029387646313455,0.0867544695400245,0.250755856127728,0.654675485891646
3933,0.029387657659202,0.0861808205258143,0.257677556190031,0.665023570760912
3934,0.0293374380268201,0.0864229403658984,0.25275608028744,0.643507824998312
3935,0.0293375393094972,0.0866773457746549,0.256392765831573,0.687047308813983
3936,0.0294158860461993,0.0864928243707146,0.255708720209085,0.64254204973391
3937,0.0293846485565783,0.0866818598637924,0.25796841309259,0.702855884754517
3938,0.0294197206175945,0.0863865501319659,0.255162197978237,0.630342873772919
3939,0.0294355774558198,0.0866716344939849,0.252808364454217,0.624868627513371
3940,0.0294541141540255,0.0879943401637314,0.265877231537173,0.698900796591292
3941,0.0293155466425197,0.0871270316952288,0.255067556724781,0.66007716736106
3942,0.0294665011494949,0.08671217353448,0.249630010697281,0.673208714783493
3943,0.0294126322907183,0.0868685827178334,0.254596157199753,0.668444527810894
3944,0.0293956128153161,0.0860688609476296,0.252386494406903,0.638291365425794
3945,0.0292954912358634,0.0869404066387122,0.256411461455724,0.671479037174888
3946,0.0293733636604404,0.0870288608191841,0.254953399818357,0.663946427116189
3947,0.0293659861052259,0.0870925189457866,0.261701806075138,0.708516700769067
3948,0.0293799825620831,0.08644654333875,0.254626308200832,0.64595967648781
3949,0.029476824724345,0.0875316684615948,0.266281205592948,0.672369121814306
3950,0.0294314356855393,0.0865749782346524,0.254810895890664,0.635920333853704
3951,0.0294216181825545,0.0866940135132419,0.259012783843402,0.665488470904999
3952,0.0293052504089637,0.0866118708471656,0.25365869758156,0.617824395575293
3953,0.0293920498694776,0.0860333550703848,0.257393946438974,0.679233056977273
3954,0.0293870846371281,0.0862758973795683,0.257136761816963,0.671207877797813
3955,0.0293972774692157,0.0869104987194661,0.249391976605368,0.67533062472629
3956,0.0293516530306165,0.0861211609930771,0.248815060915689,0.672309544254114
3957,0.0293199355123491,0.0859065658550383,0.260028663628903,0.673081237803883
3958,0.029426850728133,0.086379694087574,0.257151746597112,0.656751435584068
3959,0.0293718996795093,0.0860195207671585,0.254077077477362,0.666961128913698
3960,0.0294686779787418,0.08663061773557,0.250465120800866,0.651832932042409
3961,0.0294123599274452,0.0863952452445071,0.253520534481646,0.675642038511473
3962,0.0294354213941301,0.0865517304146588,0.259759915666788,0.637815940446466
3963,0.0293803316997529,0.0863823417958758,0.250560143909989,0.655237048951025
3964,0.0294982131205095,0.086724970248318,0.254212404691721,0.678842681640083
3965,0.0293295563056368,0.0867341428777245,0.253698822210071,0.648243254256589
3966,0.0294003524508691,0.0865195267044483,0.247884630909446,0.655940434601
3967,0.0293698461791184,0.0868883644365947,0.256748178864049,0.642489917069556
3968,0.0294022169488489,0.0872443737492185,0.255631220706753,0.67915288042594
3969,0.0293609153508672,0.0873274359031078,0.263837370641718,0.647828389951565
3970,0.0294571978308517,0.0870295783798425,0.253971298533512,0.66854109753117
3971,0.0293523677378241,0.0869070065610865,0.257318486101723,0.660050165872218
3972,0.029447433779364,0.0864212835673712,0.255559100238025,0.644552165998489
3973,0.0293936352941859,0.0860623798580114,0.252604556674895,0.672444617808109
3974,0.029455705072687,0.0868652439748882,0.257519011056309,0.663904638661183
3975,0.0293924728058328,0.0869717209450897,0.254044267093836,0.652948256606434
3976,0.0293029933198467,0.0865229856078113,0.257517900728738,0.688402474966622
3977,0.0293845489370264,0.0860589059303233,0.253138369715765,0.685695007979131
3978,0.0294530736550873,0.086960225478024,0.259591893778964,0.641055041800626
3979,0.0293401163450577,0.0864475580433754,0.254403233384989,0.666565105362996
3980,0.0294928868803173,0.0871348643504374,0.254406377936611,0.656141543163081
3981,0.0294315494724171,0.0863208735322272,0.259159013628824,0.689158850113277
3982,0.0294246924146292,0.0873142954959094,0.263805467198537,0.668413781675709
3983,0.0294605522993337,0.0869782650793166,0.256776250615458,0.661069522110987
3984,0.0294257262813398,0.0865480317693729,0.250324281025502,0.63444980432539
3985,0.0294702066303431,0.0867295061923116,0.254549085162028,0.636321333683588
3986,0.0293981878808517,0.0867713147298442,0.252959449424939,0.670681308135267
3987,0.0293787492936422,0.0860411300733443,0.254407784519421,0.655957103968088
3988,0.0293771409627481,0.0860734424633413,0.254184323075761,0.688068205422767
3989,0.0293890717174596,0.0871943920832851,0.251895044450833,0.650616358341072
3990,0.0293972452740435,0.0868101485198081,0.25336151868542,0.671260340704276
3991,0.0293607868316942,0.0863379791621042,0.246865085061217,0.640032469895842
3992,0.02938296206496,0.086434880504747,0.249678846434197,0.654658276999748
3993,0.0293669088458572,0.0867711219256614,0.253880884033638,0.622779065698297
3994,0.0293028087406189,0.0860021101718042,0.24889629645173,0.658365091282513
3995,0.0292735103428823,0.0867726912133926,0.256952365515414,0.712080977758312
3996,0.0293475322375299,0.0855247755791608,0.251410586369801,0.653609713370371
3997,0.0294925658882845,0.087331013259062,0.25956837111808,0.672958044167388
3998,0.0293799943199916,0.087171981753364,0.259046258988405,0.657023712374053
3999,0.0294212649415117,0.0867750439540061,0.254185471569128,0.660668979197934
4000,0.0295155592695617,0.0872555494301,0.250593349458211,0.690803237120791
4001,0.0293900071259994,0.0862719082610173,0.259814326454841,0.689105177271003
4002,0.0294583461664018,0.0872922203441761,0.261751863752607,0.697000556373668
4003,0.0293464137922723,0.0860016536134483,0.250752165735883,0.616602510286566
4004,0.0292675379991038,0.0860220954200442,0.250248695345116,0.684297138980102
4005,0.0293111306596822,0.0865559433970338,0.258022354339134,0.662579418594644
4006,0.0294180655403365,0.0865167859868931,0.259380047612982,0.672106657188973
4007,0.0293154466186866,0.0861921541785789,0.249879263124358,0.621939637441348
4008,0.0293981085329258,0.0869182511090067,0.25200848444188,0.655300374689571
4009,0.0294326110167949,0.0866411921784407,0.259434120248136,0.6637480909928
4010,0.0294322292049821,0.0864705647733358,0.258798760187388,0.714357660192345
4011,0.0294231017567121,0.0863372860536987,0.257871223824185,0.649803001867539
4012,0.0293777976670304,0.0869811582281545,0.256212361701992,0.63545467693748
4013,0.0293370138412821,0.0874291608314964,0.260540496882432,0.622959592396027
4014,0.029377406123037,0.0865043720752152,0.250621473400048,0.691060543581219
4015,0.0293754501439693,0.0870299458663316,0.260536240635408,0.714169077297902
4016,0.0294463990708352,0.087286402844947,0.261497557354205,0.639359972649914
4017,0.0293616657115683,0.0869816742478276,0.257018961393668,0.648803064230362
4018,0.0293606852051414,0.0872756782009001,0.250100444751572,0.626162666954906
4019,0.0293823926063701,0.0867302624202975,0.251980240493812,0.682263985123897
4020,0.0294659519880359,0.0871512560655745,0.252417795200293,0.694841935271453
4021,0.0294192083622036,0.0868944052910198,0.24805359024158,0.639778797616701
4022,0.0293623419368452,0.0867375543139565,0.251552960715567,0.644969126817623
4023,0.0294266999845802,0.086487862007603,0.248638097230943,0.66405378844591
4024,0.0293880429131758,0.086594221515034,0.24948369623336,0.653675795159991
4025,0.0293844155933375,0.0868091735667367,0.252600665014784,0.67512190036008
4026,0.0293537904182956,0.0863005934208369,0.248151336348088,0.619826128749066
4027,0.0294963868555819,0.0870676663982177,0.251872064266985,0.70104435604433
4028,0.0293332887637686,0.0861862777832027,0.261471178332821,0.699647134229061
4029,0.0293639666614099,0.0868027982359005,0.253883640003105,0.644581197773517
4030,0.0293616757627499,0.0865042332737768,0.24861764974502,0.672023395542159
4031,0.0293850256933767,0.0866349036301336,0.252723493312763,0.62760014820548
4032,0.0293638365414429,0.0863363896253613,0.249832643421737,0.635000715409141
4033,0.029442014917916,0.0870376861845659,0.249138332635294,0.647151466656809
4034,0.0293722069732886,0.0867359602888303,0.246872410609743,0.66856359251959
4035,0.0294344387136762,0.0868181397604859,0.253571457897867,0.640196908121693
4036,0.0293983449314344,0.0861044835372776,0.254273681263383,0.685324828107183
4037,0.0293725582742089,0.0864124445193643,0.256202168445027,0.697014512823499
4038,0.0294225238802934,0.0873415971002017,0.248755659340385,0.667984925519561
4039,0.0293450027337874,0.0867506133196312,0.255222734660692,0.652009649942261
4040,0.0295386446030059,0.0869032481619852,0.25024283110669,0.659251968611387
4041,0.0294246061043983,0.08780283917416,0.251979510526634,0.641524230316107
4042,0.0293970562580948,0.0880964725849861,0.259136789821873,0.687525747436674
4043,0.029423535806086,0.0871224965255095,0.257349827999597,0.63925625533535
4044,0.0294430204228427,0.0865101366783079,0.254123079049633,0.682909650834145
4045,0.0293995430492102,0.0873175331962782,0.261309742291157,0.699739802156494
4046,0.029432150846531,0.0865652349674114,0.262858797306378,0.645045701207252
4047,0.0294532761303904,0.0867513146082572,0.255144685785772,0.684477707716302
4048,0.0294600668299943,0.0873505192773889,0.249384845132142,0.661937448740861
4049,0.0293628735118225,0.0863637073462024,0.247177277780062,0.654680212207885
4050,0.0294249943144899,0.0868750509059063,0.249544790112166,0.627978011170495
4051,0.0293659137018668,0.0860094221043207,0.248224366027982,0.625720901051337
4052,0.0293170691233202,0.0860677738068353,0.243881260931893,0.662881538266418
4053,0.0294573724310313,0.0875743677781408,0.25320211205657,0.641862020051889
4054,0.0294195985427606,0.0868183565447177,0.255271517116653,0.673613745074245
4055,0.0294269932563747,0.0871712477095141,0.253662236310407,0.655917602562424
4056,0.029383667140846,0.0863946164023044,0.24794248879636,0.677073204274422
4057,0.0293885137002308,0.0868104039012495,0.258169933565058,0.658663822740416
4058,0.0294644190830605,0.0865811176928323,0.253674066455949,0.642288874191202
4059,0.0294231716778683,0.0864727472156516,0.245662947461719,0.646129045840707
4060,0.029484290627711,0.0875704913126618,0.261007958355285,0.648604961865506
4061,0.0292615272313652,0.0867225731964548,0.253272709383073,0.678635465765097
4062,0.0293775545746525,0.0864299882588748,0.247327780063431,0.686372939700757
4063,0.0293643071088384,0.0862729337848508,0.245179000187995,0.652802165622735
4064,0.0294200105578861,0.0864613803040832,0.253412315401532,0.656270335230088
4065,0.029427577917755,0.0868368724387778,0.258256076465143,0.680424161733188
4066,0.0295027284201621,0.0874186827891142,0.255929831951254,0.654691187183401
4067,0.029371288038002,0.0864794014461473,0.255292526252636,0.646182502581803
4068,0.0294042440109992,0.0863487664269366,0.250494355294547,0.689841027999898
4069,0.0293102754185394,0.0864584251375931,0.253497316447304,0.658604378405774
4070,0.029442019648658,0.086349243015381,0.251141417671917,0.68693401018602
4071,0.029446395216581,0.0866807956596896,0.260295963046582,0.646040053899759
4072,0.0294577589473038,0.086311725959771,0.257640203742311,0.666213764893695
4073,0.0294090586196416,0.0863773045254398,0.256835019009689,0.679202121047294
4074,0.0293575792354143,0.086131508603203,0.261000663182932,0.712786263627323
4075,0.0292997839158941,0.0861400801975097,0.253628721310893,0.654887247164653
4076,0.0292597095708112,0.0866973111312675,0.25806012761965,0.651856366347803
4077,0.029358427543233,0.0861697696041302,0.248636337058887,0.638357262490592
4078,0.0293879045176353,0.0864780972832317,0.251450755054553,0.674483231223465
4079,0.0294346080882092,0.0869275657363096,0.243294024326121,0.658719725143094
4080,0.0294244217923416,0.0868686387855027,0.256028262817301,0.672349629817904
4081,0.0293239140158039,0.0862330727545797,0.258134289266006,0.695064642263996
4082,0.029343965671584,0.086614962596537,0.248366032823042,0.651296950583734
4083,0.0294295687444449,0.0860326432807049,0.254553591719925,0.656223073248902
4084,0.0294747055193251,0.0870964311250146,0.247848484998799,0.657744371830273
4085,0.0293057767427591,0.0862580387687514,0.262148122298739,0.700049937106612
4086,0.0294360290846589,0.0871311315486683,0.253528989004111,0.671542180313748
4087,0.0293751713292362,0.0872963679105384,0.259983063040968,0.636900247080867
4088,0.0294501993325786,0.0865813162598233,0.261921096860177,0.69615501597255
4089,0.0292913663247583,0.0865707294328496,0.252144949749394,0.713628845785695
4090,0.0294078808381515,0.0868591094870426,0.254215874789525,0.643986571513933
4091,0.0293762859297279,0.0863215404268137,0.25021114659727,0.640488947025962
4092,0.029474860958138,0.0868680339989637,0.259437192389262,0.674547294163623
4093,0.0292962197332593,0.0863092479606954,0.249463620451215,0.618778165223556
4094,0.0293925182055758,0.0861116108451496,0.252052282256666,0.682620324071431
4095,0.0293849356641547,0.087147180958433,0.252170285405972,0.655042153048954
4096,0.0294550537534212,0.0861811351150887,0.255973922894345,0.646308090836395
4097,0.0294526967247069,0.0869250129705704,0.25420487800701,0.648593432173288
4098,0.0294419846034646,0.0873568685054694,0.259994444728614,0.694417616531264
4099,0.0294695845094685,0.0871825643227082,0.252344504230492,0.653576098737768
4100,0.0294324766304021,0.0870365802526168,0.254961232796606,0.678876079491357
4101,0.0294147374283134,0.0875454518305681,0.252394298499829,0.676579539161145
4102,0.0294135723154641,0.086546121593553,0.250392405604875,0.672827169208933
4103,0.0293792142977257,0.0869808787101769,0.256118737218944,0.637198077525298
4104,0.0294120860830612,0.0872001503525592,0.260510269412969,0.660822727564764
4105,0.0293273284230765,0.0862757603990836,0.248949865791448,0.667744636102115
4106,0.0293159946871245,0.0869224402441413,0.25217171414054,0.665785499677434
4107,0.029395018640653,0.0868350247465558,0.2544347795633,0.666268435008778
4108,0.0294088922575524,0.0875481496078012,0.251739063706283,0.687135924482714
4109,0.0294319238823279,0.0871082736845493,0.250973365937927,0.682293493688412
4110,0.0293566400130757,0.0869593015750026,0.25093284319179,0.672775208174004
4111,0.0293687256844332,0.0870048305007195,0.257486610616699,0.658947709694351
4112,0.0293779501670627,0.0864766629909118,0.257098946209879,0.634383844128929
4113,0.02934643833961,0.086914772077975,0.255201491493527,0.664770223016184
4114,0.0294558771663743,0.0879127913921493,0.254962674391506,0.644525228708866
4115,0.0293604212557029,0.0869386680761755,0.263989569331793,0.69901963678317
4116,0.029337549908617,0.085857359165437,0.254307930774075,0.682260041940652
4117,0.0293815964136787,0.087085002493555,0.257803880682117,0.65070758470965
4118,0.0292845964351681,0.0866469083669155,0.248906005213743,0.648482960538155
4119,0.0295031042067592,0.0867314083429383,0.252744789630589,0.686892021848135
4120,0.0294187487584096,0.0868686851569586,0.249675240881791,0.66180025808463
4121,0.02934348553135,0.08635985499909,0.248498395538033,0.655890214219953
4122,0.0294639805323925,0.0876283083618685,0.260970712138771,0.627885385684979
4123,0.0293487118639621,0.0855836440863911,0.252861129382131,0.630373329708526
4124,0.0293803491628388,0.0870587893662256,0.25063777283485,0.639382986216631
4125,0.0293287544815269,0.0863218089787934,0.252717375043905,0.636903249573584
4126,0.0293495099806781,0.086106753896941,0.252924533143771,0.641002645104309
4127,0.029361078993732,0.0862932003722425,0.258563480529661,0.69888384413177
4128,0.0293884949034403,0.0859427529939214,0.253789929426128,0.636571357109413
4129,0.029372572517295,0.0869730517796586,0.259732026399754,0.669369318230142
4130,0.0293065656431712,0.0853658890484042,0.249811620824277,0.656652830934266
4131,0.0294410715090121,0.0870618313621475,0.250835380379346,0.634966002341155
4132,0.0293656874226436,0.0865748141003206,0.256344288110514,0.647436574525584
4133,0.0293400577917432,0.085410765513785,0.254331560886231,0.642089217465819
4134,0.0293752204994748,0.0869867884996967,0.256731892131566,0.654798912968721
4135,0.0294532607504758,0.0874658710593895,0.251652609458839,0.683793042558057
4136,0.029369961528506,0.0868529963847656,0.254534414811032,0.66752960603515
4137,0.0294176696009217,0.0871286813190402,0.255227131181096,0.623739549589751
4138,0.0294962803212407,0.087286849907142,0.255087005049111,0.656820687101484
4139,0.0293024650538773,0.0870813296236925,0.260286544361349,0.661052049767294
4140,0.0293817846013994,0.085574144004687,0.248878791137135,0.676497579183946
4141,0.0294266895436406,0.0868769241262896,0.248882897476331,0.655878510153964
4142,0.0294488495702483,0.0868193569206707,0.254941574982979,0.653071510574617
4143,0.0293045647722846,0.0860219030865485,0.253938909814984,0.686482839017454
4144,0.0293622006861472,0.0867390512938748,0.258603456057201,0.649474302831967
4145,0.029449475936549,0.0877947120801336,0.25660757278418,0.704463533812598
4146,0.0293852212413381,0.0865571251672508,0.255711118248954,0.651220612384642
4147,0.0293945118057807,0.0870308338976285,0.257442846435766,0.661019911142731
4148,0.0293783044797662,0.0858820599550712,0.259879596965299,0.668307111747088
4149,0.029470172693435,0.0868390020381915,0.252614781552388,0.656480199724773
4150,0.0294438740762789,0.0865068217259471,0.258300867750263,0.69460483835675
4151,0.0293415868428674,0.0862659636819329,0.252516275512061,0.696319289122262
4152,0.0294243088931614,0.0865578689123163,0.259536820336937,0.69032613477004
4153,0.0293147658909319,0.0863331848002254,0.255271763753495,0.67648680230847
4154,0.0294326758095379,0.0873066892685791,0.258323247302783,0.65395352519458
4155,0.0292995551494403,0.0863805441517804,0.252346815051954,0.675888978086924
4156,0.0293118708018643,0.0871513329509762,0.253792837719462,0.662773214028556
4157,0.0293945894727844,0.0864400551506705,0.253019514769063,0.688388802502178
4158,0.0293190442254727,0.0866327028423075,0.253613485015858,0.691890277599936
4159,0.0294004265034569,0.0862693746047453,0.249135234012126,0.648218509415641
4160,0.0293823602076321,0.0863103179418842,0.257946322564213,0.639578692871149
4161,0.0293487928047317,0.086262456431204,0.25048338075385,0.651149429267128
4162,0.0295018524593612,0.0863947155462601,0.255835523553051,0.647963451556394
4163,0.0294896190669955,0.0870202121000074,0.252481959991743,0.668721113339469
4164,0.0294373496199273,0.0873117211019502,0.255730366317943,0.689571507935267
4165,0.0294407438755196,0.0863800823781138,0.252022552341065,0.663430864839713
4166,0.0294059208253346,0.0862312630889684,0.25160002913006,0.720072720376178
4167,0.0293540055522376,0.0868646141520389,0.246670124570162,0.621047741810615
4168,0.0295042630426121,0.0866680785448884,0.256086591919064,0.680259988227645
4169,0.0294644047676294,0.0874423673587093,0.259593681951171,0.669384312730935
4170,0.0293814080997262,0.0859016269616187,0.254923955204138,0.666706716273478
4171,0.0293397133554866,0.0871662390691127,0.254437392062341,0.648797060547968
4172,0.0293737576216751,0.0867965719940439,0.258600306117871,0.652854423812561
4173,0.0293553998164653,0.0868107162099134,0.251773023692696,0.627901079805947
4174,0.0293635936608313,0.0871245467327419,0.260586527021305,0.645941589413024
4175,0.0293799368148388,0.0856920269808451,0.248248855915765,0.693806152736022
4176,0.0294148514470162,0.0870299647451343,0.248817639146501,0.64199390037835
4177,0.0294251269539417,0.0864492256535147,0.254183134642769,0.657911939047243
4178,0.0294268739922292,0.0871062623833697,0.252586225549634,0.698432738824653
4179,0.0293368507468631,0.0868712429339018,0.255594313470034,0.651441754206767
4180,0.0293756358849856,0.086294155140939,0.249151776833539,0.643002298304492
4181,0.0293106080793585,0.0859485474698723,0.256621529456099,0.667082512764834
4182,0.0293617391274438,0.0862492966412474,0.254996434734814,0.666402419095073
4183,0.0294189509620191,0.0869976026508522,0.249554458263837,0.713031277559147
4184,0.0293690236078967,0.0871125721277687,0.254795444185263,0.65518862856721
4185,0.0293648939050469,0.086047009749809,0.256338256644585,0.676350640900146
4186,0.0293729459373506,0.0868275310551121,0.254490555987984,0.64170155019306
4187,0.0293769198358927,0.0870467242463148,0.256718665514707,0.653247478006024
4188,0.02938503518427,0.0859162977163928,0.251274635018948,0.678734653793027
4189,0.0293579873807694,0.0863122767954456,0.25661980201375,0.648438450609607
4190,0.0294761363530577,0.0865803342918634,0.254609165021085,0.62449263295248
4191,0.029445603960572,0.0864334588749582,0.25674838437335,0.651122852778997
4192,0.0293202800110693,0.0859865360218701,0.249991306801657,0.652775779049415
4193,0.0294520347792278,0.0859999472541057,0.249317036345662,0.641513406095076
4194,0.0294779298658678,0.0868253767859004,0.259229025962708,0.672251725920557
4195,0.0293861650191267,0.0870079537700541,0.257517082130641,0.638814997833705
4196,0.0293106148074977,0.0863709380934356,0.253859577717071,0.665330642147437
4197,0.0294487235507622,0.0864014830166062,0.25370757887688,0.654495415498341
4198,0.0295344831114718,0.086507960712398,0.251201813559667,0.622220295781296
4199,0.0293984998974809,0.0871822983774048,0.250211920397596,0.693774589073049
4200,0.0293505832659801,0.0859414327706715,0.258005496903099,0.653884276446115
4201,0.0294838675105619,0.0863665211611043,0.257510322159058,0.63364792967277
4202,0.0294090351495905,0.0871983060438059,0.25317738738671,0.653828521121358
4203,0.0293391607144926,0.0867800620607119,0.254905157182101,0.648125623433938
4204,0.0293969844904954,0.0866885259148777,0.254021588333485,0.667755887271549
4205,0.0293751532611689,0.0870849478162146,0.248601561286389,0.687466923650079
4206,0.0293422177836767,0.0868880454211745,0.254636044937406,0.686076126936438
4207,0.0294266456517588,0.0863829362425787,0.257261279298377,0.622579301000363
4208,0.0294775788519534,0.0863895676730525,0.247548003524273,0.650903903458211
4209,0.0293688190227656,0.0855738031238679,0.254087561446072,0.654980840959232
4210,0.0293686685837393,0.0872107582405467,0.253741604365721,0.675537070225771
4211,0.0294667833097428,0.086529823121382,0.258868949953299,0.654632727506173
4212,0.0294335280045031,0.086235907752043,0.25009642417784,0.65839459930823
4213,0.0294077989265455,0.0860113408854847,0.258760901022352,0.668051578890632
4214,0.0293728997905224,0.0869887515747304,0.256218557393694,0.6832937005436
4215,0.029443569541579,0.0863487478770839,0.253775629102939,0.653506307502765
4216,0.0294806500151901,0.0867486801077301,0.258654712624156,0.664620660723382
4217,0.0294452449044444,0.0872082018207442,0.257430843305728,0.673582382130395
4218,0.0293955322113166,0.0871139428651035,0.259947889501972,0.665310699654894
4219,0.0293845627122446,0.0866770363917126,0.252164219072368,0.671734924652536
4220,0.029389555328701,0.0871900476536074,0.252701692929023,0.66616898188512
4221,0.0293256308023214,0.0864281203528755,0.255316389347493,0.672706869908175
4222,0.0294053327146453,0.0868617265116556,0.260444841280669,0.708686665822397
4223,0.0293209651371861,0.0867293885650751,0.249323022599451,0.626653515854386
4224,0.0294077081959202,0.0870634791522966,0.252745783079192,0.654088177701921
4225,0.0294549130914871,0.0868903416128072,0.250469772828554,0.657387026242527
4226,0.0293633941725541,0.0857538395514281,0.254042628795333,0.674588496351712
4227,0.0294037736861628,0.0865933869248053,0.250588613854015,0.652125584256326
4228,0.0294264238613318,0.0872633909706081,0.251625467354848,0.640589926054224
4229,0.0294105027349245,0.0863014696847015,0.25364149061326,0.654394511195812
4230,0.0294333608305821,0.086964925373313,0.252230177665455,0.618028092788032
4231,0.0293968174414796,0.0872873117344999,0.253094533863635,0.635441500506949
4232,0.029424891943945,0.0865662631079323,0.255228928491652,0.671461054769032
4233,0.0292996259255914,0.0865007608498373,0.256127261796056,0.659981031461493
4234,0.0293612909993932,0.0864021336726705,0.255205862399752,0.641764462362468
4235,0.0293786593227958,0.0869724241238415,0.257560298918641,0.686070364416156
4236,0.0293654372179649,0.0874944664722124,0.259106967067064,0.624918978179024
4237,0.0293432211064383,0.0866710476642245,0.251018815140691,0.6366056048866
4238,0.0294399532324804,0.0866219865398574,0.260142103747804,0.732418642298061
4239,0.0293650618114321,0.0872408862871314,0.259565162963811,0.660479801297287
4240,0.0294416079511418,0.0870985382326118,0.260015563055686,0.668421616405671
4241,0.029356167947071,0.0862134941668633,0.252874132927247,0.679671908898672
4242,0.0292984508833126,0.0862258786204267,0.256554781216411,0.666520922031667
4243,0.0294331610135904,0.0860391806412712,0.248153119661137,0.667846085215258
4244,0.0292959589077319,0.0857463404373125,0.253918503056736,0.67324763827308
4245,0.0294742243615768,0.0872865725084898,0.250131124760379,0.674716837479706
4246,0.0293808317127381,0.0865944128453069,0.257121755182559,0.70447852053781
4247,0.0293663435396581,0.0862165207025716,0.250059181239015,0.652379186899151
4248,0.0293638643088473,0.0864330112527082,0.253311087042012,0.65960771378312
4249,0.0293112046975606,0.0861435584353035,0.247456671310059,0.631613872189883
4250,0.0293322194240231,0.0866902472680479,0.25101964423169,0.661369038916441
4251,0.0294108001955852,0.0877333488459669,0.25916110359907,0.662122738287293
4252,0.0293538385633566,0.0865435202982134,0.255485443773423,0.667913120068028
4253,0.0293712727467178,0.0868134402667871,0.25610259974053,0.673604956663954
4254,0.0294189204019634,0.0870319287819651,0.256966057685229,0.662460000853078
4255,0.029365528394904,0.0868815611161142,0.251915585716708,0.656576997575321
4256,0.029386912558285,0.0863082664351757,0.254678758827871,0.688998239066045
4257,0.0293299166710252,0.0860747053664453,0.252030785524255,0.641594580954402
4258,0.0293653121729739,0.0859776416922034,0.256671297729205,0.675539058808183
4259,0.0293965997858791,0.0860887918432453,0.248088376483882,0.647793685426469
4260,0.0294373032165181,0.0866322950328074,0.261372430067418,0.656746236939838
4261,0.0294121666314062,0.0863826464614745,0.247393317900071,0.681855316417386
4262,0.0292935667447431,0.0864901746548963,0.253750443506716,0.652339757897062
4263,0.0293701352270164,0.0865474172188922,0.254775427622296,0.655899102166427
4264,0.029313726228269,0.0862429691967968,0.251169784097542,0.673725372929536
4265,0.0295282876540736,0.087180237883696,0.256028455362627,0.659481754324053
4266,0.0294167938421128,0.0870697914108244,0.252606657581491,0.673904870449306
4267,0.0293906385589594,0.0872970825360106,0.263347244550176,0.715671956178198
4268,0.0295320493595316,0.0870998548405223,0.253655673556409,0.680992564238461
4269,0.0295234275822583,0.0867209408299473,0.25379781507189,0.647695785241879
4270,0.029350307067012,0.0875788021966454,0.256308399086034,0.629488329425939
4271,0.0294540988272524,0.0868956953555726,0.250649062053066,0.651883643161319
4272,0.02938819367002,0.0859599066594387,0.254283677737788,0.660946610997368
4273,0.0293592408611037,0.0871763189424632,0.25717155391865,0.643172695914872
4274,0.029307822874858,0.0867379004589159,0.248583564499722,0.658730526564419
4275,0.0294210373924325,0.0863480265949057,0.251564470277147,0.68808707689514
4276,0.0293578759571625,0.0866402664696891,0.251247377306982,0.712418196033478
4277,0.0294113040634418,0.0865713600014702,0.258792890023776,0.646046042502057
4278,0.02931827507405,0.0863855074398609,0.255110035915486,0.673608021069697
4279,0.0294502334482789,0.0865677867191353,0.252518638694359,0.67801079153697
4280,0.0294139069731886,0.0865420175273937,0.25533511310075,0.663700079166803
4281,0.0294249822707225,0.087145833178015,0.260893838427877,0.678348115724362
4282,0.0294340554631357,0.0866973780846177,0.259164315757293,0.686802443501503
4283,0.0293358123193411,0.086387561432543,0.251045558173611,0.625808800776746
4284,0.0294108023222646,0.086679946947193,0.254682579573048,0.682567896182705
4285,0.0293105758967328,0.0865464897428013,0.258451792392822,0.67443439693517
4286,0.0294240891366387,0.0867457165247696,0.256725816302896,0.654560549670303
4287,0.029448565254622,0.0874062476802772,0.260532512404274,0.688497919901264
4288,0.0294074980278288,0.0862302281633385,0.255180738060992,0.66858801998411
4289,0.0294889247255277,0.0867204044593486,0.259423953308288,0.705122713094548
4290,0.0293736798598227,0.0866637434004427,0.25551816730333,0.683270420541889
4291,0.0293822103817267,0.0867138716013452,0.25150607429454,0.636499217495063
4292,0.029404161607566,0.0869654373198847,0.250710895651195,0.635870928732515
4293,0.0294481366709626,0.0871191394200287,0.250991261044619,0.662899179437484
4294,0.0293577488941849,0.0862979587144547,0.247889891748913,0.628196397045984
4295,0.0294131923654095,0.0861520839045881,0.253760425616939,0.669880717514394
4296,0.0293340704035312,0.086400766148781,0.24906338100091,0.624194746158615
4297,0.0293934447173091,0.0858300304495651,0.243618323668247,0.628305336893758
4298,0.02936685796494,0.087539807741793,0.260746651034055,0.665316125351365
4299,0.0294255175319193,0.0867141486961343,0.260182833444585,0.679159680514708
4300,0.029373171189401,0.0866658408183289,0.260527308958922,0.65608588214743
4301,0.0292759462172418,0.0865663139898194,0.250871941032512,0.647639796010045
4302,0.0294146388465648,0.0869859093842913,0.252021404225123,0.661313744018496
4303,0.0293473839600837,0.08581630348135,0.249758384116397,0.633175265654002
4304,0.0294097154350102,0.0865909198995616,0.249032335086053,0.682168776857234
4305,0.0293588539044166,0.0869268532435891,0.256196907083473,0.655000813872341
4306,0.0294420433895783,0.0867936748589238,0.253074806400029,0.671003288855992
4307,0.0294831302874251,0.0876276453571133,0.254358559866326,0.652339866093922
4308,0.029400843162006,0.0862389572398472,0.256603888008488,0.652631324671104
4309,0.0293595047687941,0.0867236147547838,0.254834175564473,0.668551956557694
4310,0.0293384174417231,0.0858675945424204,0.257794685124131,0.643525761218706
4311,0.0293976898635407,0.0871265691474663,0.253065552010877,0.675734217932167
4312,0.029413469738239,0.0864225536660613,0.250631709913987,0.719710124457517
4313,0.0293502934910654,0.0861195753004522,0.250386998604539,0.68418900558381
4314,0.029526484112349,0.0864689418498942,0.250030874478922,0.67360158200609
4315,0.0293110310531696,0.0864575379637013,0.253687304055031,0.633108049231696
4316,0.0294335974972445,0.0869634233221921,0.255322713432003,0.65327161418276
4317,0.0293503023542847,0.0864828983899935,0.253547103368358,0.675870727963296
4318,0.0294056504242174,0.0864275498936224,0.253714678534519,0.658514657769046
4319,0.0293416910502622,0.0860643311541923,0.254719685991463,0.649323235822685
4320,0.0294777282821546,0.0867799781189002,0.251028029874008,0.624596950671442
4321,0.0294000046596644,0.0864380257257805,0.254742216447171,0.688851208320275
4322,0.0294114220540448,0.0876633685453338,0.259284045772941,0.716538013308428
4323,0.0293539721778149,0.0859977866773669,0.256296288459012,0.668894964874858
4324,0.0294596160805166,0.0870191329651857,0.2520362009251,0.647349327343087
4325,0.0294601031949208,0.0860267071933209,0.250170805902483,0.684625172660424
4326,0.0294253109910935,0.0861461793263912,0.25550567469586,0.676690535694181
4327,0.0293872249071512,0.0855907215210468,0.250246800246482,0.621314306702104
4328,0.0293430571035069,0.086414351258938,0.258835510725041,0.668112301333978
4329,0.0294102272985665,0.0869461697284701,0.256644727611719,0.627788998778984
4330,0.0294513444326034,0.0872116794160017,0.251187384127208,0.631636296803557
4331,0.029414628141544,0.0867047775565292,0.262265861565694,0.669483233679684
4332,0.029359901775223,0.0862720303707429,0.253577106180057,0.665212893001006
4333,0.0293780703328593,0.0861953365149188,0.249537948151517,0.672308489412086
4334,0.0295003852968643,0.0873434805112002,0.250841359833988,0.683918568941355
4335,0.0293832873663965,0.0867679728759553,0.254822456767232,0.644063583731646
4336,0.0293767351476429,0.0871686275172135,0.24766180871804,0.66857564507387
4337,0.0293319423106542,0.0857700306406666,0.245808472894324,0.630834197571392
4338,0.0294595030722602,0.0866675070187095,0.251931989764841,0.672911823197151
4339,0.0293653083430047,0.0858068893722734,0.245347219207302,0.613310599457973
4340,0.0293986663418929,0.0870121308387541,0.256939615323314,0.648991392697688
4341,0.0293298342376996,0.0858286915728085,0.251382302604173,0.646854049105114
4342,0.0293725836690469,0.0869879223732317,0.251266321810575,0.695451743782554
4343,0.0294014042942716,0.08644640463446,0.256258324648259,0.639447324350337
4344,0.029359955847674,0.0861647451516794,0.253014036944371,0.637205284580675
4345,0.0294383996094937,0.0870308376071954,0.252939622278805,0.647083704214535
4346,0.0293860388884116,0.0863736814324502,0.255194048324781,0.653783462764977
4347,0.0292986295776596,0.0868422796469558,0.25300075896459,0.676083079485549
4348,0.0294007708060771,0.086521853612417,0.252124117907447,0.64956893813263
4349,0.0294142335232387,0.0868415262645345,0.248753617290844,0.672719526829963
4350,0.0294190282210575,0.086770976308695,0.249062738659521,0.633709738758634
4351,0.0293560705916942,0.0868830104466085,0.259700772834941,0.721823695213809
4352,0.029438067653385,0.087232997844408,0.257649787265461,0.668798435242478
4353,0.029427860952798,0.0863823443835231,0.250656764016638,0.69534538510885
4354,0.0293928887380657,0.0861158336080943,0.24755872809756,0.62567107531587
4355,0.0294384621943339,0.0868905274216214,0.253893649922564,0.697820764131526
4356,0.0293836473544786,0.0865615026103704,0.250693761450897,0.678452279602434
4357,0.0294491720387275,0.0870325854008872,0.255999645549103,0.637610626158874
4358,0.0294097560991155,0.0866501684633172,0.259371538924834,0.627642724101997
4359,0.0293485602246881,0.0867565354057133,0.257334152153149,0.692836668171914
4360,0.0293594705888147,0.0865069383902412,0.256583649832596,0.689074564457012
4361,0.0294073926362561,0.0870654898508854,0.253183291798335,0.619274037898505
4362,0.0293600242529651,0.0861608454534803,0.252823848520248,0.701640169595992
4363,0.0293508919037128,0.08602948282694,0.254473219515812,0.647009577234842
4364,0.0293298493097064,0.0869633078843516,0.258776043496516,0.655226564975608
4365,0.0293703991842046,0.0864101188270585,0.252823487968343,0.652573181289866
4366,0.0293003916865558,0.0867091425669981,0.253746174615312,0.693414253501587
4367,0.0294790685919612,0.0863427737699378,0.254648285995804,0.650608650705044
4368,0.0294516689507834,0.0871647235899281,0.25671030927581,0.658027137968693
4369,0.029492025788829,0.0869812868245968,0.259483708233897,0.676399370265866
4370,0.0294120722032505,0.086536731480899,0.257384719063733,0.64671776375412
4371,0.0294435626928605,0.0862738754653553,0.252715064120445,0.631904535340509
4372,0.0293922641167636,0.0871070712965381,0.261572767555242,0.694695597185661
4373,0.0294308786492174,0.0868687270636427,0.257060686108167,0.661067655023148
4374,0.0292766746649489,0.0864813224718867,0.24951275437922,0.662311663645895
4375,0.0294321148734738,0.0872176821472415,0.252981053526845,0.658412647325202
4376,0.0293795600948459,0.0863442171466762,0.249378430665956,0.636955126901298
4377,0.0294750453597827,0.0866810076953538,0.253979449492782,0.669285495528249
4378,0.0293091458563688,0.0861452263197377,0.255805247749762,0.667526972639065
4379,0.0294503684856873,0.086804483985677,0.25952427706905,0.661825929567394
4380,0.0294136177688692,0.0860034022224484,0.245607473992319,0.642146138608164
4381,0.0294738770139794,0.0866038924241041,0.256717410225344,0.707395815018684
4382,0.0294451301191376,0.0859966834937333,0.253416494044627,0.633396085360226
4383,0.0293699131634724,0.0866177728403996,0.251880515720753,0.654293744017837
4384,0.0295005974052095,0.0871787187702836,0.251175146391895,0.670465234290636
4385,0.0293526568550049,0.0868684711792772,0.253533763310599,0.651875960243557
4386,0.029477291151573,0.0872002426621685,0.256622279870175,0.700691316837706
4387,0.0294917741527667,0.0870682728369699,0.262558260844361,0.643274320273832
4388,0.0293776376053089,0.0868797274426324,0.256045872129053,0.704758236935963
4389,0.0293685259145693,0.0861641793778563,0.253732737553845,0.662436806710608
4390,0.0294172019144922,0.0866732148843879,0.25664478933582,0.622180737089846
4391,0.0293743710816727,0.086451374344946,0.258621762823344,0.642412634820269
4392,0.0294237146736812,0.0859915862772159,0.257241846925918,0.61884889765034
4393,0.0293619480583296,0.0865160767944869,0.254983718727204,0.647613905926395
4394,0.029461449317422,0.0866120778120036,0.254943095291325,0.640049565208325
4395,0.0294264927635243,0.0866735206176715,0.250845000418291,0.659530455990648
4396,0.0293951582969903,0.0865658442488274,0.256694274193737,0.661620518076394
4397,0.0293779341729078,0.0866127583206589,0.253694625438522,0.655269674804811
4398,0.0293849060996512,0.0866326585083463,0.256226656684182,0.6657718750027
4399,0.0293667881411343,0.0867929832016788,0.250826452982311,0.659770257262453
4400,0.0294172683356473,0.087231821134941,0.2579907051126,0.634981193994647
4401,0.0294190949973367,0.0865315331909933,0.246400032076674,0.671787694661835
4402,0.0293562758714025,0.0868408490226974,0.259331985315825,0.657533160563117
4403,0.0294477752429788,0.0874458129000265,0.257721310139125,0.71370525842284
4404,0.0293891935165564,0.0871150704412193,0.255672857635408,0.649983702121618
4405,0.0293514460386824,0.0862101919521296,0.251695390366734,0.675213846595342
4406,0.0293223538260228,0.0860972116744907,0.254881908184341,0.644010242458633
4407,0.0294060953800637,0.0858696490663652,0.252934104399263,0.639747450375153
4408,0.0293727832205315,0.0866674057761541,0.252755157777477,0.672370595286123
4409,0.0293542303689844,0.0863972059197599,0.25123862143274,0.641663689813588
4410,0.0294460355534804,0.0866532347562343,0.255165181885506,0.654608827388128
4411,0.0293420982170288,0.0857704086826445,0.253089434546241,0.661781363050784
4412,0.0294645555584167,0.0870679293318745,0.250435650765763,0.641352803766105
4413,0.0293009487800666,0.0862186589826657,0.257382770974634,0.62223737662457
4414,0.0294184076903136,0.0863990722536692,0.260423989129222,0.675264093928408
4415,0.0294122692883726,0.0866761656349267,0.252536818159314,0.651509374864405
4416,0.0293719912127762,0.0869981713034431,0.255198092256507,0.666265400968676
4417,0.0293971950554604,0.0871649708097068,0.253181738030293,0.661073254089704
4418,0.0294700419758588,0.0865540279537214,0.25849041028188,0.657348945358582
4419,0.0293581126140024,0.0864580072400873,0.251371141865646,0.649763319414775
4420,0.0294091115198936,0.087030108123173,0.255701394961391,0.613873098395648
4421,0.0292634666609252,0.0860626643486582,0.247660481632478,0.674172371109117
4422,0.0294315680462094,0.087286767118237,0.25524230972132,0.656211366947879
4423,0.0294298225588739,0.0866894471941458,0.25058278119493,0.657319089680268
4424,0.0293103823814344,0.0867192187900619,0.255665647324941,0.647092759365685
4425,0.0293691602738692,0.0865729019551388,0.254309465404324,0.631358021368735
4426,0.0293720198676877,0.086961447761873,0.256267462753088,0.662080101373129
4427,0.0293050750042813,0.0865140924948808,0.250842992938497,0.683793521364752
4428,0.0293467798525299,0.08675896535891,0.249862869061206,0.687039794086668
4429,0.0294194384564527,0.0870336850752201,0.256037799749871,0.664435217249812
4430,0.0294033873773331,0.0869557546601037,0.254154775593169,0.671818110789647
4431,0.0293192695553293,0.0859426185379087,0.254850860630013,0.654934042524433
4432,0.0294143642276264,0.0862130121346185,0.253094508206417,0.705141483320728
4433,0.0293790371476845,0.0872397887040949,0.254582401290976,0.662930259828871
4434,0.0294665516018838,0.0862197807750497,0.253898152754154,0.64635497654641
4435,0.0294766106275906,0.0861097738832569,0.255262300730847,0.661366796277757
4436,0.0293916295109426,0.086415541141817,0.25679190351779,0.669801696995293
4437,0.0293053426438496,0.0861129789208369,0.249917321073231,0.681224374718858
4438,0.0294425093551699,0.0864188797357784,0.25280764781311,0.642002118851234
4439,0.0293721587512765,0.08644788406255,0.257357818428918,0.677541681114909
4440,0.02936411547851,0.0869724280880821,0.255721891379094,0.62345886645212
4441,0.0293868213597921,0.0867047980990959,0.252412184227515,0.657277396216958
4442,0.0294862577327281,0.0864280451988832,0.246557594779792,0.647099854046708
4443,0.029408046521159,0.086816793446504,0.248298783110526,0.65492000302436
4444,0.0294826883272505,0.0863865013722092,0.255544991594513,0.692898280340939
4445,0.0293524921748611,0.0859846861756176,0.25077042434806,0.644014077178885
4446,0.0293208981946737,0.0868641112432469,0.253801522960026,0.642679612372455
4447,0.0294200996222041,0.0859439399141635,0.248638846010029,0.648816105704823
4448,0.0294557217627253,0.0864350579774395,0.252340670562675,0.644891350704584
4449,0.0292727717960222,0.0860289126241215,0.255621233316937,0.704120105644477
4450,0.0293454725565504,0.0862206146236031,0.249402352568577,0.635738642330757
4451,0.0293604093407429,0.0866951884282083,0.254225974781221,0.621766176422458
4452,0.029342971671761,0.086415028331853,0.253255585526371,0.657701090205163
4453,0.0293768113307027,0.0866206679564943,0.256599843100753,0.639656987858852
4454,0.0293626999887151,0.0870975885912395,0.250734504591664,0.614351625012747
4455,0.029440165687761,0.0870445281300412,0.261404883872681,0.673911472665872
4456,0.0293473375051078,0.0866108455897833,0.253028613450661,0.702417230655477
4457,0.0293037980415659,0.0853791969835323,0.247704216778355,0.683259011035803
4458,0.0293266991158624,0.0867024785290208,0.247802877224676,0.60978101651835
4459,0.0294168007903662,0.0868044654423302,0.258747890689344,0.639288544060342
4460,0.0293590791863064,0.0869166358957508,0.24687172480744,0.615525994674299
4461,0.0294752344564001,0.0864811199360344,0.25319595508938,0.654207186608846
4462,0.0293691365339716,0.0865297791745173,0.252712922603966,0.696769690876815
4463,0.0294141332080829,0.0868100433981251,0.253109523657918,0.661428702718612
4464,0.029383092956306,0.0868196744013466,0.250011096424305,0.637252408064441
4465,0.0294330722889899,0.0872108363464052,0.252021477891524,0.639160946171488
4466,0.0294062293323674,0.0864295421507735,0.250976196199672,0.640025441477011
4467,0.0293105115046163,0.0863870961873828,0.249555498865453,0.675274935147707
4468,0.0293728033531401,0.0865859247726024,0.24951692715845,0.700090967694855
4469,0.0294393613419658,0.0865838765973882,0.254544637899514,0.661180617255291
4470,0.0293501160413232,0.0862779451410845,0.257549981376605,0.661962279458435
4471,0.0294864907370787,0.0870803508410258,0.255624248567859,0.658383070546838
4472,0.0293022275592243,0.0868305341513335,0.255564313216232,0.634561414142225
4473,0.0292952657155324,0.0867927515131673,0.252200368591909,0.633560350834416
4474,0.0293873550545321,0.0863165293238296,0.253241262309046,0.646969937082958
4475,0.0293942642548809,0.0867682695039033,0.247071199056988,0.624766248323732
4476,0.0294584725302986,0.0859388407798411,0.250474048232773,0.624140440160365
4477,0.0293956603689491,0.0869331565026393,0.261933699101105,0.645854389591913
4478,0.0294327112312348,0.0861543953004045,0.25023162986557,0.64248837325311
4479,0.0294141473804193,0.0867970314348294,0.261663340382,0.658911994854186
4480,0.0294319100022298,0.0863599185191714,0.259585973327509,0.660473693087292
4481,0.0293997038325643,0.0867289628149489,0.253184828311242,0.662734987897882
4482,0.0294241243764626,0.087510216433581,0.257178748950676,0.686684061905762
4483,0.0294168315396916,0.0855863705726045,0.248964549964703,0.695303775617638
4484,0.029399107511587,0.0870639695564104,0.254923087365661,0.66955641560547
4485,0.0293721985532918,0.0867546820667534,0.254271448720618,0.694028384580023
4486,0.0294049353525604,0.0865472646846275,0.257917502244129,0.675783011152667
4487,0.0294419045035488,0.0865254269861782,0.250653100510102,0.633179532703835
4488,0.0293818198522201,0.0867134647753402,0.256950223751341,0.642146981290276
4489,0.0293566799451303,0.0869777280314872,0.259036159563822,0.649665507063212
4490,0.029396720031062,0.0864018682721351,0.25596031803729,0.69686025484421
4491,0.0293477137946133,0.0868662196917833,0.251236136348858,0.610348642354389
4492,0.0293628264245707,0.0863616509076317,0.248841283738756,0.644126776612605
4493,0.0294425064218115,0.086571248872392,0.25691110636313,0.675562739157419
4494,0.0294618076367929,0.0858594421965467,0.252557621156116,0.673433902741952
4495,0.0293790254057754,0.0858416565571979,0.256816546269368,0.672189584488491
4496,0.0294058128814065,0.0865128745240999,0.250756985234436,0.637289644686119
4497,0.0294302263489286,0.086623474436641,0.255835217499328,0.666893221623326
4498,0.029499524505179,0.0864851580049573,0.251518977707092,0.695608129106873
4499,0.0293792783452669,0.0860762998207761,0.254104304766448,0.648638544498361
4500,0.0293336159062302,0.0863991001220381,0.258741867143594,0.661039241804609
4501,0.0293872050874795,0.086864082141889,0.25147534557369,0.664475812424987
4502,0.0293679952802063,0.0871336959614187,0.256780676246418,0.668403653164129
4503,0.0294141204653651,0.0872386393070691,0.256515203714875,0.666716858565342
4504,0.0294015872878659,0.0869966594590299,0.25121050385118,0.638541533563731
4505,0.0294200604055929,0.0866112029273286,0.248806026889367,0.634744208905129
4506,0.0294299016797407,0.0862939590062706,0.253960319085928,0.698694376364863
4507,0.0294169729892161,0.0865033490114225,0.261140168194503,0.672692673322568
4508,0.0293617655676937,0.0866731399087088,0.255762026690602,0.703662479827457
4509,0.0293628456044755,0.0860197515175642,0.245834439535764,0.649274042179309
4510,0.0294488589363704,0.0863961528181163,0.24772012464502,0.664429134606062
4511,0.0293277926574299,0.0868505849552022,0.256625717594692,0.644836861417254
4512,0.0293762403266146,0.0858617033782384,0.247317200617152,0.638250140012046
4513,0.0293804875940153,0.0873111880012578,0.252008937800245,0.685687054028248
4514,0.0293945767989985,0.0861031877489093,0.250623249516392,0.667035872568785
4515,0.0294072187715492,0.0869115055020344,0.254116131880724,0.687588563050634
4516,0.0294125154563,0.0867298614327383,0.257719187030669,0.666730668494585
4517,0.0294862535197376,0.0880524065666475,0.257300528024503,0.685283356722415
4518,0.0293838408815589,0.0861325693430925,0.258056092513739,0.666819238969601
4519,0.0292301008843159,0.0862003034224249,0.253612526478607,0.651213943825564
4520,0.0294067767390717,0.0872606110611515,0.253574872771239,0.642520103048617
4521,0.0293778075865716,0.0857626876009547,0.251188487932767,0.689964234388453
4522,0.0294017114330852,0.0867805961760639,0.257496454138067,0.630575836844349
4523,0.0292936782216599,0.085906943843014,0.25104084813439,0.642585748185134
4524,0.0293451859272236,0.0854878586639487,0.253972818140494,0.671124698500486
4525,0.0294204019665463,0.0865852525084127,0.25553027221225,0.664351702137398
4526,0.0293418023425619,0.0869878015921179,0.254540072950813,0.669553127914677
4527,0.0295021131187042,0.0865949449693349,0.258400876898682,0.632223269760164
4528,0.0293676660355012,0.0866210729351982,0.256620349273433,0.663487006287543
4529,0.0293945728831827,0.0873168848654406,0.256484413558035,0.690052826858418
4530,0.0292974099894753,0.0867726446214585,0.252677364194678,0.647234870683658
4531,0.0293974688635756,0.0866765521421231,0.254083573661251,0.658225764586881
4532,0.0294669283270806,0.0870491917883274,0.254076594206631,0.689176295498848
4533,0.0293503979752218,0.0857601600552092,0.246863845511796,0.659552751395223
4534,0.0294019961917059,0.0864792797727905,0.248353459164363,0.639539760396097
4535,0.0293616839474238,0.086744026372229,0.259961969861995,0.672629015655241
4536,0.029395601122003,0.08768388848354,0.254499192938636,0.64817829860761
4537,0.0294042678950796,0.0871426653523154,0.248955146854069,0.65025296381061
4538,0.0293598547694718,0.0862026885092979,0.249928135650138,0.621354938287953
4539,0.0294028753424897,0.086927373600161,0.252253055604446,0.633059497418905
4540,0.0293587979406771,0.0862658457480142,0.253093169361878,0.64009187003854
4541,0.0294335058216093,0.087035771902375,0.256949471266051,0.652179806295824
4542,0.0294027205187583,0.0867878533121038,0.259130340206431,0.652006595177257
4543,0.0294567677012201,0.0872519192097111,0.262123872429112,0.644368761261244
4544,0.0295372943751635,0.08677803937976,0.257997584800061,0.695021591699423
4545,0.029381100808368,0.0866675335433524,0.25294247141721,0.695774380478192
4546,0.0293615027139271,0.0868847465457588,0.249406163476767,0.635693871038751
4547,0.0294665585913351,0.0864588586732257,0.255007162366514,0.621108872815363
4548,0.0293794620281502,0.08696997338601,0.25297842135118,0.655280304003007
4549,0.0294079503064928,0.0865700841400389,0.255956431873955,0.652117086965748
4550,0.0293809693297242,0.0861910817628545,0.24858586841492,0.628296763424364
4551,0.0293624248241513,0.0860832586818265,0.25672794656625,0.667552584378369
4552,0.029396557167733,0.0873175371913197,0.256833649779826,0.628982174162067
4553,0.0294480486774229,0.086218856759035,0.251016252764042,0.68199882076724
4554,0.0294302625513373,0.0862088926743129,0.247569315624529,0.680187482820611
4555,0.0293933960634853,0.086846371613416,0.253770322194832,0.675135759598138
4556,0.0293827542105198,0.0861867453989637,0.253404720045332,0.661107105705836
4557,0.0293539614438964,0.0877665048339461,0.254918574316011,0.693557641139287
4558,0.0293913803793797,0.0867551256178123,0.256518511482987,0.661301240743599
4559,0.0293718013940193,0.0862809498722407,0.25802544164992,0.653017740254672
4560,0.02942773810346,0.0865012870434813,0.253720425007227,0.700614679060347
4561,0.0293984669907348,0.086908928191289,0.257947120815918,0.675474201755914
4562,0.0294363353508523,0.0866422638351382,0.259415441348394,0.695295185565565
4563,0.0293588030569171,0.0869146811446919,0.261492346105322,0.666763247618527
4564,0.0293678676270822,0.0874264939155647,0.257506139483687,0.686427737077015
4565,0.0292695160717988,0.0867834530707616,0.257823271169461,0.69750016283014
4566,0.0294971132262928,0.0872638382359321,0.251767620843105,0.661269930511084
4567,0.029354731894491,0.0874306816186385,0.256212893079101,0.60691930574384
4568,0.0293456637305741,0.0866166334539393,0.254755463125065,0.615525495584925
4569,0.0294449812842341,0.086831461844337,0.257621001335673,0.643645847617827
4570,0.0293513565089688,0.0868288421647494,0.25968549677158,0.664712883442273
4571,0.0294194847962839,0.086193911956045,0.254182700022513,0.655551431912151
4572,0.0294420854385318,0.086799058236159,0.253211012102138,0.660493170880635
4573,0.0293935284382849,0.0870412636655042,0.249727259199444,0.625355001718047
4574,0.0293879156707301,0.0861212339762322,0.251893566328979,0.680324967499027
4575,0.0293900944957305,0.0873017826298329,0.255773856342942,0.676638916046952
4576,0.0293852116606426,0.0867291264633629,0.249349604524259,0.647172544496483
4577,0.0293291234855028,0.086588040640014,0.253040610978583,0.665788678122568
4578,0.0294038145273933,0.0862286777698435,0.248716281626573,0.657152423364959
4579,0.0294535179708345,0.0868647771110713,0.258620069190577,0.683299737788836
4580,0.0293413429948681,0.0868657350508551,0.255851704429311,0.679167128220469
4581,0.0294810790522188,0.0860802666219621,0.248766036635697,0.665082870120226
4582,0.0293153981750518,0.0864681729162044,0.250869909352208,0.696321564362365
4583,0.0295198160973947,0.0873768256389928,0.250578823602015,0.660107439123516
4584,0.0293781689399637,0.0868671312144801,0.259197515757183,0.673182673312335
4585,0.0294442578526951,0.0873592386524157,0.257144708436292,0.650786658161685
4586,0.0293252729693236,0.0863990817776139,0.258408281183629,0.683302377464615
4587,0.029343683389072,0.0864300274073927,0.246517495983812,0.646243818369689
4588,0.0293960064731899,0.086313812765871,0.249038885926571,0.602917882260267
4589,0.029299591459596,0.0868643071970959,0.250176648396044,0.644841964907062
4590,0.0293197567965649,0.0861973543043318,0.248668327317141,0.625587651718536
4591,0.0294980749556546,0.0873170241410346,0.25972795160422,0.663552037854997
4592,0.0293568621587422,0.0863491460312893,0.254659678385616,0.681635023470514
4593,0.0294649229891786,0.0866965799773009,0.251302158628551,0.648272756712404
4594,0.0294163067859963,0.0862625583619624,0.256668007467337,0.65257339727622
4595,0.0294166788761704,0.0876379924065026,0.258318198333814,0.632456066910934
4596,0.0293691387045573,0.0868954353417885,0.253775476035685,0.63183683080917
4597,0.0294993820990216,0.0871721727609031,0.25070168314558,0.665816582077346
4598,0.02942471989083,0.0858589125962137,0.247748396570421,0.693350456876748
4599,0.029343555617946,0.0862953211938768,0.250564687799281,0.685229536428976
4600,0.0293940987075177,0.0861675699962568,0.248499981416697,0.606318913339422
4601,0.0293950111059399,0.0873378603085657,0.252033581222849,0.672631172513948
4602,0.0293621794327218,0.0872948299165154,0.257259471401745,0.646898045899091
4603,0.0294163421829976,0.0877379690943526,0.257041528189145,0.659464226710557
4604,0.0293617291379114,0.0857874792732022,0.251631776503701,0.651660622825882
4605,0.0293879950440811,0.0862992966783985,0.254835582297145,0.642165925551377
4606,0.0293235166389911,0.0860161221355574,0.25124265410994,0.645165784005271
4607,0.0294304260084901,0.0863066400830302,0.249330852448127,0.643975684444595
4608,0.0292989924762022,0.0869978569735771,0.258527906133505,0.685462061771292
4609,0.0293595570336723,0.0868490412352326,0.249174083584412,0.633472467050522
4610,0.0294443452040869,0.0861253525617181,0.256731853333051,0.658610665790171
4611,0.0294739592627076,0.0873615731731614,0.25990562991321,0.674542041068094
4612,0.0293710619937363,0.0867801174957114,0.249444683249328,0.642598454864733
4613,0.0293090014574399,0.0864869467472316,0.251584674635422,0.642194535871034
4614,0.0293550345281681,0.0863053697584332,0.257378775159102,0.657698888103205
4615,0.029403124437549,0.0880008570293977,0.256975191020026,0.653842327892834
4616,0.0294408564274507,0.0867383137178532,0.253074356036087,0.654868386190982
4617,0.0294458360207843,0.0864715549709304,0.256837666237466,0.699865919383792
4618,0.0293197441733695,0.0859218170250757,0.257102125989456,0.656802466149763
4619,0.029399566533481,0.0872512546643589,0.25840321145567,0.641003122819991
4620,0.0293095404172238,0.0863096607702767,0.250158683879329,0.670799952885194
4621,0.0295113730409128,0.0868685553474521,0.257289852134837,0.660097981672672
4622,0.0294176158748104,0.0862116720461804,0.246605088373155,0.658543702770288
4623,0.0294293799631022,0.0865386506107052,0.261820642411173,0.696106371735583
4624,0.0293700300778283,0.0863429599646561,0.245235035630593,0.66981076942204
4625,0.0292701552434033,0.0862866885626368,0.252497071697398,0.662009090993924
4626,0.0293114380085492,0.0863068074873983,0.250542618780177,0.689012204645855
4627,0.0293859599336606,0.086661797922727,0.259442871585133,0.685422952264845
4628,0.029325624637787,0.0872133497017781,0.256248090426365,0.664297000230105
4629,0.0293972931100957,0.0870167074506302,0.257215453159859,0.648574354121737
4630,0.0295145780461576,0.0862360100696995,0.25139068984127,0.67563124667425
4631,0.0293765662810085,0.0866468995031618,0.256620282496964,0.700362074812412
4632,0.0293692583720705,0.0877402730841744,0.264520791522962,0.677286961414572
4633,0.0292771896603907,0.0866612185418192,0.253649759134476,0.640575811991065
4634,0.029392375703561,0.0865439990975687,0.25088194818435,0.635219043098838
4635,0.0294049936973854,0.0873335125799086,0.261878689892859,0.664450127043778
4636,0.0294107157983604,0.0864303823772701,0.255646686822246,0.7013837250781
4637,0.0294920240587637,0.0865784323674043,0.25438043803256,0.701809944453786
4638,0.0294204639904528,0.0863057472409987,0.25454662317049,0.696220090305145
4639,0.0293501379731309,0.0866133787918871,0.254271407671572,0.661924343842724
4640,0.0295053510820032,0.0874278557876506,0.255627396174582,0.660998295575181
4641,0.0293408538064668,0.0866475859117008,0.254482961505482,0.658452464553459
4642,0.0294468653422335,0.0867220243233086,0.256526787612585,0.683359665372836
4643,0.0293822992921468,0.0867741269819514,0.253188040473337,0.660835145952801
4644,0.0293809532317716,0.0876110592501307,0.253952152661216,0.672929370910947
4645,0.0294164369740271,0.0857247356758275,0.243626277976311,0.641295507670167
4646,0.0294789265236467,0.0866869044469692,0.257829392672099,0.668176891772011
4647,0.0294810107143581,0.0863211397438535,0.253899963405073,0.678444781786267
4648,0.0293684595844703,0.086986496081018,0.250466931298657,0.677194922570604
4649,0.0294019049251381,0.0858770632981675,0.252365576468012,0.676555592705723
4650,0.0294104937632945,0.0865155995084118,0.255077603780243,0.664897556020152
4651,0.0294319090595333,0.0861425302834901,0.251291369917506,0.690036277578916
4652,0.0294198534435425,0.0866100351068845,0.257982703817311,0.708436370576384
4653,0.0292612253553741,0.086699129795643,0.257564433992594,0.657971539322864
4654,0.029420374258478,0.0857734394801103,0.251636616550943,0.681156941324345
4655,0.0293492421921294,0.0863128702553645,0.252194104588375,0.672396256747221
4656,0.0294338823980017,0.0868510313362899,0.254924667424032,0.646136500533797
4657,0.0294292371281112,0.0862720712162706,0.25297335949919,0.647360269280342
4658,0.0293948385680449,0.0864857287024534,0.255918803687196,0.650706510169036
4659,0.0292897527431295,0.0871637499938882,0.254855847474456,0.650124310595038
4660,0.029420921537929,0.0867666708711461,0.253638262567839,0.649763774358488
4661,0.0293268404606379,0.0870045072720895,0.253393862459249,0.65242352095874
4662,0.0293818930685907,0.0870099371307524,0.252443836737479,0.659509750628948
4663,0.0294054350151283,0.0873155127540935,0.252791859965427,0.658243666745861
4664,0.029427306613905,0.0863002412560452,0.254795374790428,0.688393119187069
4665,0.0294170514424824,0.087519543594492,0.253791527039652,0.657485524040242
4666,0.0294506347066459,0.0868065995321371,0.255733926011756,0.709080317551842
4667,0.0293356648778505,0.0875152639155561,0.263013285335733,0.698043239777158
4668,0.0294204953821192,0.0865189080802878,0.248114123140158,0.651632810256455
4669,0.0293679338679289,0.0863846277212094,0.250600990192921,0.617702361760026
4670,0.0294198515717719,0.0866858352324191,0.249480927568015,0.631294428428162
4671,0.0294645341746484,0.0870120974543647,0.256740647149197,0.656102344095796
4672,0.029448492646202,0.0862434767487547,0.259697971690849,0.714200946183028
4673,0.029344451858562,0.0874991980380319,0.252069369139098,0.672087147835732
4674,0.0294930804066097,0.0870996918252954,0.258168559399977,0.647762208119073
4675,0.0293962781956565,0.0868088447902401,0.252031936253633,0.639158628202329
4676,0.0294261408732095,0.0870642428699836,0.25256737453272,0.686879944530244
4677,0.0294051495105054,0.0869395990240475,0.251586632534751,0.659848581745901
4678,0.0294393015027976,0.0860234989037219,0.255200844969585,0.672184155994123
4679,0.0293906334869151,0.0855747526896923,0.259514775823012,0.671528381748833
4680,0.0293918885144362,0.0858377694982844,0.253217731693476,0.64219408121542
4681,0.0294170848131702,0.0861450313501186,0.248886641740544,0.679484236869463
4682,0.029335523744125,0.086561400063111,0.255384103838895,0.635986229174885
4683,0.0293244930747848,0.0856360305976527,0.256865532266425,0.657316548732311
4684,0.0294778319224417,0.0872820255698633,0.257074185233001,0.680961692432661
4685,0.029389458506297,0.087208597834413,0.258299934614714,0.668131003656559
4686,0.0295155602498832,0.0874637980850686,0.259007007225426,0.66686756523326
4687,0.0293425447733915,0.0869000956966662,0.252008054778502,0.676325584814489
4688,0.0294784385322619,0.0863285356122336,0.253085429864894,0.627746529430945
4689,0.0293776846041871,0.0865933517917036,0.251928099463256,0.655947201951808
4690,0.0293603849696833,0.0861239983023126,0.258007590301832,0.695449791995722
4691,0.0293510793138858,0.0862735569257048,0.253029775735848,0.627822371071829
4692,0.029414826812578,0.0865615097798996,0.254240456870089,0.663250042453116
4693,0.0294042277196852,0.0872279857323076,0.254058866414496,0.696663431712743
4694,0.0294552475741673,0.0868516011090965,0.253445960133427,0.641071795139148
4695,0.0294712890544752,0.0875033897847534,0.258274130881491,0.630015169518193
4696,0.0293757677968538,0.0865210226566336,0.252326738516176,0.632943887517521
4697,0.0293950196489817,0.0865915139231697,0.253202698594864,0.631909575361567
4698,0.0294080287801766,0.0863478137302413,0.250571817715141,0.67679232146772
4699,0.0293842542694296,0.0865516655650421,0.254529211640245,0.696895047736318
4700,0.0294327054904056,0.0873934269680063,0.254054882999921,0.664539460143823
4701,0.0295055349208069,0.0869205955299217,0.26112042459865,0.634059959874677
4702,0.0293806431390954,0.0861344639776554,0.252180963598122,0.658718424300999
4703,0.0293729758726459,0.0860800674825579,0.259752575210484,0.661335262533628
4704,0.0293538033036691,0.0868411915463192,0.254436964113101,0.699675453211874
4705,0.0293781173897123,0.086603790860222,0.252558651031535,0.672156225405243
4706,0.029439134582134,0.0870052493555342,0.255220980379669,0.692171875536859
4707,0.0294419786123336,0.0864037852144518,0.253973520748177,0.672077544847653
4708,0.0293249661701856,0.0860009001781425,0.2538738538917,0.64480427486311
4709,0.0294062578699884,0.0860376043727272,0.253394440429007,0.697680603688882
4710,0.0293248146898243,0.0860891808649439,0.25624457372713,0.673598568242688
4711,0.0294242178432265,0.0870003665531203,0.256963000495997,0.691170829988883
4712,0.0294588084297249,0.0866981543710762,0.256707804683557,0.687635027074583
4713,0.0294492215010695,0.0866780699150926,0.256845957922243,0.638105608363847
4714,0.029386898827038,0.0865052674250892,0.250850616460659,0.65546537093174
4715,0.0294646105760398,0.0876307243020725,0.255574831985137,0.635912990066902
4716,0.0294426378954251,0.0861731122112362,0.257654415117402,0.664656045318487
4717,0.0294135758222962,0.0861207145238958,0.246973989032234,0.675431703698874
4718,0.0294567600179443,0.0863286868161364,0.254389289041473,0.678544256410918
4719,0.0293825014145636,0.0864636361485553,0.254689192653763,0.646163004759306
4720,0.029383221248942,0.086256682968066,0.25208547930598,0.659398036492758
4721,0.0293132287182086,0.0873316194946916,0.252542062124672,0.666177740168825
4722,0.0294745320345088,0.08714489331497,0.25755720201285,0.664200455218365
4723,0.0293700103461762,0.0872381295904479,0.262598485912795,0.682507881122886
4724,0.0293209919663386,0.0866688043417381,0.256006797203836,0.642560838287634
4725,0.0295076810317262,0.0867416485771154,0.259156781947929,0.635832490483392
4726,0.029401616902058,0.0863652414245291,0.24801552883813,0.638888533474533
4727,0.0293508560921076,0.086630375793994,0.256781131506461,0.657827821509117
4728,0.0293479844053836,0.0858271090923251,0.246487415296803,0.649431668715665
4729,0.0294071417486917,0.086752497789109,0.25542394559444,0.691533462111735
4730,0.0293832440859202,0.0858509671257684,0.24739206359463,0.657773870100515
4731,0.0294871120943546,0.0875667922735946,0.254755484751405,0.678511278178295
4732,0.029411104674045,0.0861061065585744,0.255319598427857,0.708242756741135
4733,0.0293639484869908,0.0862363770674551,0.249088573145977,0.693715958371938
4734,0.0293618121529244,0.086580199889511,0.25917058516482,0.662199354463407
4735,0.0293420162092546,0.0868990963835916,0.260509717787875,0.731973898939553
4736,0.0294358923188132,0.0868661669227187,0.255536390736756,0.676315672308319
4737,0.029364016571418,0.0867523350523188,0.250759970532915,0.661508380527941
4738,0.0294029453253188,0.0869559833710888,0.259437498894175,0.668536845979816
4739,0.0294366995572748,0.0869669867429427,0.249230198344918,0.665413115489791
4740,0.0293555602582145,0.0858028187226749,0.254868304612168,0.659399315727617
4741,0.0293704686479232,0.0870859780498676,0.256971915726802,0.674812245739685
4742,0.0294141517765213,0.0875491035425944,0.256018485374344,0.688858425600108
4743,0.0294510919552085,0.0868765545236418,0.254418048985417,0.696190454015655
4744,0.029430496316206,0.0861470665871938,0.255882938190234,0.652955857819841
4745,0.0293469537728376,0.0859333954980827,0.249211381711732,0.631811241682078
4746,0.0294097519421037,0.0864482488652968,0.259102066601613,0.667943341828319
4747,0.0293409858283068,0.0861361092827328,0.255175435693922,0.694433387971969
4748,0.0293803214939027,0.0872980767135877,0.25544951977108,0.689582961558723
4749,0.0293303324601277,0.0865665610359053,0.260561973432851,0.638465780511957
4750,0.0294157535406831,0.0873723916722652,0.262971608651432,0.640671938956533
4751,0.0294005869560108,0.0870318135316404,0.255889580905647,0.679363958062029
4752,0.029419409222905,0.0869987854570669,0.250645482304175,0.634132631080015
4753,0.0294185131843953,0.0868933551519668,0.256888329996537,0.62832480078322
4754,0.0293134790165554,0.0866441425455462,0.250808199705673,0.686262191017107
4755,0.0294752758066318,0.0870441414066563,0.253760787400515,0.683952942881195
4756,0.0294838417389582,0.0859621359044408,0.253146440886679,0.659759253863218
4757,0.0294437147859899,0.0870895616199077,0.257250432107181,0.651606225986307
4758,0.0293496712135463,0.0863206640548544,0.252574714765606,0.663319506079755
4759,0.0293741549418963,0.0859221680436772,0.257857456748831,0.680917420115939
4760,0.029331485002778,0.0863990825471481,0.252430271519886,0.660921454377123
4761,0.0294129147621506,0.0867451475339079,0.257774840171463,0.634792171441655
4762,0.0293579549052786,0.0865531169034813,0.258510803170954,0.669884200281878
4763,0.0294585614537239,0.0871709410904059,0.259834906334507,0.635695032015243
4764,0.0293417263347082,0.086147620299064,0.254819451326769,0.698668412478064
4765,0.0294178143123228,0.0867657493604841,0.25379483988572,0.651026041724511
4766,0.0294001438724465,0.0861582712724811,0.25527415285411,0.682440320532395
4767,0.0294694566653051,0.0873017646685968,0.253593493215534,0.67549310642988
4768,0.0293462216269725,0.0870297406102573,0.256744273068296,0.679889330325412
4769,0.0293341830643412,0.0865087784925068,0.24796595553744,0.624189720687242
4770,0.0293596221509829,0.0866990237690649,0.254880387913367,0.676528374085855
4771,0.0293562760370776,0.0873773022685171,0.259813132168572,0.68944746113939
4772,0.0293645680043148,0.0862233444422261,0.254372281475941,0.693791178181573
4773,0.0293794699555942,0.0863853318711623,0.253154864752354,0.634101841719457
4774,0.0293873331190615,0.0877099795713261,0.254721114566116,0.681387778391559
4775,0.0293891961141927,0.0859332773019707,0.257841226422533,0.662677494093365
4776,0.0293355930386369,0.0875848026353054,0.260049151833528,0.687082801139622
4777,0.0294059091187642,0.0867192911143912,0.256173027651106,0.689027309372359
4778,0.0294211599263956,0.0863561883694116,0.25366490149863,0.663619101116013
4779,0.0293569098805294,0.086687984411431,0.254222704395078,0.64042824166635
4780,0.0293492639147981,0.0863227662395563,0.251616858119684,0.658662861505966
4781,0.0293597676848044,0.0865040176028609,0.25097256606495,0.65481861835858
4782,0.0293966349132541,0.0863695594573312,0.251321600438533,0.678082904404793
4783,0.0294488556278251,0.0866074000057568,0.255456432309149,0.673181775652531
4784,0.0293540100193816,0.0866693428843431,0.251062989236994,0.660735875227347
4785,0.0294146546312263,0.0863299864116815,0.248406618866891,0.635765424323948
4786,0.0294074362422384,0.0862924344555818,0.247273151449276,0.630084042012223
4787,0.0294012597789202,0.0865501488512646,0.249119969379852,0.596987528275309
4788,0.0294230642115152,0.0867765932448564,0.260379485694486,0.682819703977811
4789,0.0295211567207905,0.0871053647896022,0.256877743235114,0.636544071932407
4790,0.0293175742886656,0.0866943876407103,0.255388996340436,0.632917263505551
4791,0.0293979364043232,0.0863628088043867,0.261302506757127,0.671461125493825
4792,0.0293976709036064,0.0859726880061901,0.24908203800678,0.691396813792057
4793,0.0293842459093617,0.0873710875776195,0.25710350922011,0.680413113324111
4794,0.0293517503987058,0.0863131871092451,0.249661970064692,0.632505657957169
4795,0.0294358915912826,0.0872624796945039,0.256610263993054,0.661777242440433
4796,0.0295292852042291,0.0869446104209168,0.25817769005867,0.7047637730511
4797,0.0294737849471852,0.0862287384690558,0.246255095426312,0.651023793592969
4798,0.0293390233646076,0.0874310966389394,0.254756004126624,0.668619346946431
4799,0.0294158463027462,0.0871412053292292,0.258364433012724,0.632569690586139
4800,0.029474164002418,0.0871576650301675,0.247545397582767,0.633520655163928
4801,0.029410529193011,0.0864447029394473,0.242409493724466,0.640912134354522
4802,0.0294778957976741,0.0869360636410753,0.256589957084312,0.638439964259575
4803,0.0294023520447271,0.0871677075984377,0.258243075054158,0.668287173822878
4804,0.0293643122202694,0.0857076334433182,0.249320082427123,0.627670410068012
4805,0.0293857820374619,0.0873277972823697,0.253433248033382,0.629507451053118
4806,0.0293525767762496,0.0876138423404433,0.251457441332483,0.694963646093494
4807,0.0293975483867737,0.0861018798112025,0.254641164991789,0.649550169249159
4808,0.0293074910001226,0.0869631924599381,0.252529621579087,0.666944800508019
4809,0.0295105544633504,0.0874850808107343,0.253635760240804,0.644982426554004
4810,0.0294453206431653,0.0873246203848519,0.258375411639476,0.661451251354987
4811,0.0294546718293187,0.0865689901756109,0.256604844314269,0.675123103091822
4812,0.0294065315244337,0.0865533412899279,0.25311548904194,0.647855887851155
4813,0.0293816313859839,0.0874201267017978,0.262743742192645,0.656083784206849
4814,0.0293747433155302,0.0871397813833267,0.255339231731599,0.68271620236706
4815,0.0293576824220464,0.0864079866535851,0.250555891079528,0.641379184950635
4816,0.0294575308786988,0.0876623804203573,0.252080589232302,0.63352669554433
4817,0.0293433944163723,0.0874079885343812,0.257061619698766,0.647375040947488
4818,0.0293615223959648,0.0869916079501563,0.253175043417405,0.65720145602386
4819,0.0294629108595328,0.0869994563158539,0.258240768824256,0.665799423569945
4820,0.029432819292604,0.0859921468770467,0.242793601976634,0.640504252424426
4821,0.0294553086844286,0.0871820258760228,0.259868445727817,0.633917130900113
4822,0.0294603129987263,0.0869489144088089,0.25643369788491,0.680064523046916
4823,0.0293630860439054,0.0872498320153116,0.259297378396483,0.661004645867164
4824,0.0294018499927355,0.0865713321110862,0.25901648684083,0.655484791658519
4825,0.0293551534389317,0.0863994586631838,0.255465867722979,0.645609785911859
4826,0.0293542757027873,0.0862858375535565,0.256203817344154,0.651352361485515
4827,0.0293932354319094,0.0863495027179261,0.253715004763876,0.624563309736488
4828,0.0294141119022284,0.0860580136363173,0.256483583770944,0.640577629198128
4829,0.0293225282659019,0.0861405844089791,0.25579245665135,0.652407350073838
4830,0.029440195288421,0.0877381779943383,0.258483807612413,0.63681165620289
4831,0.0294308122447787,0.0868815269249704,0.25604203389714,0.650113641852298
4832,0.0293435244066007,0.0867150270849054,0.250294511196784,0.669999897140785
4833,0.0294071154353664,0.0874918069618484,0.260709394351599,0.651308126988386
4834,0.0294103079505188,0.087590342872413,0.251114597473334,0.646452826546408
4835,0.0293506735512998,0.0867735441258121,0.256062377274219,0.673525491038937
4836,0.0293373231551216,0.0870038958868005,0.256771418875681,0.679539527743244
4837,0.0293535203887036,0.0858670061327457,0.257465238357321,0.693877384263254
4838,0.029309789867204,0.0868222784697869,0.25868075502218,0.682345003836274
4839,0.0293478772463825,0.0866053141284054,0.250145218811274,0.611003128432962
4840,0.0293880576974392,0.08650270704934,0.255213447312267,0.672440845875148
4841,0.0293534705119701,0.0868765551116101,0.255809450854045,0.7079454542555
4842,0.029329017170275,0.0866712053128902,0.255755550113142,0.644255209437003
4843,0.0293508601615535,0.0862702383727961,0.247976676313446,0.635717546760133
4844,0.0294065755353574,0.087231413605087,0.254904861126088,0.656628632033709
4845,0.0292833283612052,0.0862353847737106,0.25254846217369,0.699031013681056
4846,0.029441481475085,0.086936176668954,0.248485091218041,0.665933749520835
4847,0.029358657506801,0.0869267021028415,0.253484747014801,0.680047767886795
4848,0.0294068704406906,0.0861278507418125,0.252911276751785,0.668712695183156
4849,0.0293767598474818,0.08595124206656,0.255918832491257,0.647162451770467
4850,0.029464547192846,0.0860884680304542,0.244130628710387,0.645569865461832
4851,0.0294062082847308,0.0870173875043579,0.256575403367553,0.686243934533952
4852,0.029468667428917,0.0874590055807291,0.253892262583231,0.64559513762261
4853,0.0294205449770667,0.0878961407744332,0.261956210012287,0.648926418291707
4854,0.02942983513818,0.0873350027959254,0.257444317893548,0.677610971550306
4855,0.0294508889454925,0.0857716047621496,0.249527656995898,0.626062044431362
4856,0.0294552001887176,0.08653460990646,0.259995482861386,0.677176948228002
4857,0.0293574966667695,0.0860203555320218,0.253274757313667,0.636562076218701
4858,0.0292861176483526,0.0863209393274559,0.253779871736924,0.652703187208357
4859,0.0293428704118954,0.0863961968187275,0.245827428529209,0.634979499276989
4860,0.0294757155684907,0.0874010641808765,0.253506748231199,0.692045938558363
4861,0.0293664773782364,0.086849109635375,0.255553198311916,0.656440072235631
4862,0.0294794098637022,0.0875064866014356,0.255917397757193,0.65912173358113
4863,0.0294439759780514,0.08662975216323,0.249600875732942,0.656825141813323
4864,0.0293424875410828,0.0863090071293351,0.254805321498464,0.62902170863585
4865,0.0294050240270027,0.0868321033714888,0.251588783601241,0.610481529320201
4866,0.0294383160298499,0.0863829138002359,0.251166458936436,0.658276168857691
4867,0.0293888099990072,0.086819492495094,0.254796484306802,0.635602936546411
4868,0.029447525884855,0.0865276080168379,0.250323231035201,0.660581988382641
4869,0.0293856763031601,0.0869875726870446,0.2555058906201,0.661315086799046
4870,0.0293844896848249,0.086552198871784,0.25032757041189,0.674532221524271
4871,0.0293430454153212,0.0861383026315125,0.248579363086695,0.645646774128114
4872,0.0294426601427258,0.0877936554088648,0.254055515099885,0.65847887444527
4873,0.0294225829979217,0.0868387975758045,0.255607513019082,0.683622227873328
4874,0.029515931282532,0.0870146023085835,0.260472366894535,0.696799452808844
4875,0.0293655760217183,0.0864081855428169,0.255153357992356,0.674861171293606
4876,0.0294255803958869,0.0858104456507856,0.250907299065381,0.641760744259348
4877,0.0294253319089818,0.0869673336542779,0.258799531183186,0.66344167023767
4878,0.0294365259758106,0.0872323316626149,0.262670503977683,0.677156499109243
4879,0.0292880279725315,0.0860379243004618,0.254003336672447,0.648470792611328
4880,0.0293699823230124,0.0866486291496771,0.249468562475136,0.608229993150224
4881,0.0294033328389203,0.086454608090211,0.25510822247003,0.691136549893017
4882,0.0293854710525983,0.0866354557485621,0.249351257081757,0.662593556234358
4883,0.0294560139576756,0.0866968612348915,0.252779023803615,0.674158372359668
4884,0.0294153240026618,0.0862556512608517,0.24705789425236,0.627521709665529
4885,0.0293969823686554,0.086480507520226,0.255940611759574,0.653367699841316
4886,0.0294043196779506,0.0873060636333533,0.251231488336926,0.661245177479074
4887,0.0292784691312008,0.0859524376339529,0.2580176685971,0.635257482681063
4888,0.0293681915973057,0.0870509108731912,0.253143702031084,0.665738330695879
4889,0.029387107637577,0.0867355822100488,0.254062257028906,0.664222469648633
4890,0.0294646154348243,0.0858516522124632,0.253834061616491,0.641923158135514
4891,0.0293885625941613,0.0864699183060613,0.25623033134023,0.642730931909404
4892,0.0293911774925502,0.0865142752562138,0.256745407708701,0.654331282412339
4893,0.0294519996635111,0.0869203344368033,0.261502924311247,0.651858843808105
4894,0.0292427180629027,0.0858836577521605,0.255550399293044,0.649082816223431
4895,0.0294613140259296,0.0870793149051259,0.256998670689266,0.624283355012662
4896,0.0294023398795801,0.0861926159500353,0.258213970998631,0.650640428051878
4897,0.0293357642234581,0.0866256010332742,0.254389161098654,0.671737573248097
4898,0.029376082001003,0.0859000420077101,0.254421510919462,0.666795820812787
4899,0.0294105731702327,0.0868217793549286,0.253531802115474,0.623427961607436
4900,0.0293536867946912,0.0864510828448765,0.253343087698652,0.65288882183235
4901,0.0293950069762962,0.0853199644338185,0.246185016328983,0.657994451248368
4902,0.0293557619553215,0.0865130291871235,0.247706118155864,0.690449848641332
4903,0.0293629447847485,0.0865140185441294,0.25500049929424,0.675193144687161
4904,0.0293650565255014,0.0860958373875059,0.257741225205352,0.657249689534243
4905,0.0293741478733606,0.0862241904761643,0.252874044306921,0.645500944558928
4906,0.0294435630672572,0.0863074438650732,0.259219931005754,0.690487830041559
4907,0.0293456296039031,0.0866760136735427,0.253728043403752,0.658509826381718
4908,0.0294099180114823,0.0870365135920229,0.253628865905243,0.643195186210358
4909,0.0293813494851649,0.0871582137109608,0.258020703490544,0.651569622338366
4910,0.0294134622116336,0.0857283783081947,0.244210270525352,0.645927049388754
4911,0.0293690649673176,0.0870456558517747,0.254148289857091,0.678004257923186
4912,0.0294273428990945,0.0870565206305343,0.260771417422911,0.72995222607092
4913,0.0293379169421319,0.0854735325992042,0.245943355346023,0.621912707414108
4914,0.0293742696033082,0.0862664461018802,0.257158843437881,0.68594729746366
4915,0.0294693957818259,0.0865836370942968,0.262250009453294,0.654001890524429
4916,0.0294125318694262,0.0867651128494932,0.253434853024328,0.629166170057185
4917,0.0293394948555791,0.0872065653105297,0.262332763245106,0.694412342792092
4918,0.0293971537481666,0.0867203008754185,0.259183959697894,0.694409578018402
4919,0.0293857527606694,0.0857171828465357,0.249104843617057,0.647955321636105
4920,0.0294346177691133,0.0865087214595626,0.250384595737572,0.643176649924071
4921,0.029317775821707,0.0865780239912304,0.256800583559983,0.705038384796169
4922,0.0294446982033473,0.087262343792451,0.253111115320214,0.682085774136755
4923,0.0293202607466045,0.0865583063364229,0.250116265905527,0.639520804475985
4924,0.0294023947353546,0.0863718869429789,0.252887231552503,0.655884585971583
4925,0.0293672639691355,0.0874925427039861,0.259736401184439,0.633746214311451
4926,0.0294291052030681,0.0869557962535071,0.247563584274307,0.653045231794797
4927,0.0293480827159177,0.086907135945325,0.249841316294509,0.630379749049173
4928,0.0294007731049876,0.0868461524171353,0.256098832234125,0.663469636739033
4929,0.0294265821049294,0.0866029483403419,0.256492981678885,0.64682929200592
4930,0.0293054859043671,0.086353526904692,0.250311525354569,0.640128455185301
4931,0.0294041649230314,0.086588838883815,0.250726233280146,0.633650207799845
4932,0.0293381884470664,0.0862867486310162,0.259070562768947,0.699563032015238
4933,0.0293331132652991,0.0858437488799042,0.248575600383263,0.662870179644487
4934,0.0293777653636432,0.0869848988894701,0.261013349185257,0.66821681074291
4935,0.0294069744859043,0.0871341326027637,0.254798324010973,0.649981907422056
4936,0.029347483662246,0.0867876705665964,0.258192146265425,0.618860242053234
4937,0.0294869472498063,0.0873250136942076,0.259355334417162,0.673786947685369
4938,0.0293793355345788,0.0865628165491782,0.258567964342304,0.694798308868769
4939,0.0294890199512791,0.0870951130062629,0.252614033395089,0.664822475483079
4940,0.029368506692756,0.0863823200977711,0.255320937316456,0.663196310190386
4941,0.0293749612123615,0.085833322344816,0.25218040414149,0.602182164982006
4942,0.0293648600601647,0.0864966456190845,0.25048310611373,0.656853706726768
4943,0.0294927317403905,0.0875959997423741,0.259998199201524,0.653223333920218
4944,0.0293825916413995,0.0865094134730235,0.257405135054956,0.649520787723947
4945,0.029399159714534,0.087606230151399,0.255343356545181,0.661446188211858
4946,0.0293837050436864,0.0872728204354249,0.260828996097256,0.661499101238184
4947,0.0293573568305431,0.0860212587808148,0.256341457994012,0.682453604049617
4948,0.0293310029499891,0.0862570977301188,0.255447436652664,0.691858585420352
4949,0.0293493415560307,0.086700707036276,0.253623091961493,0.633647593178299
4950,0.0293698383071991,0.0865292349228416,0.253979742162709,0.660521430997787
4951,0.0294778998147274,0.0872783283727445,0.258314437501642,0.713614102923284
4952,0.0293730015602695,0.0862502398894706,0.254886854212392,0.666675217882906
4953,0.0293650193750151,0.0861336947851738,0.257815612099817,0.684757631089289
4954,0.0294431914061092,0.0865308265601657,0.253589740075174,0.653123360891975
4955,0.0294111976192437,0.0874316826672615,0.260700854559398,0.685246803386001
4956,0.0294197402778539,0.0875653465138611,0.254380689292406,0.672889392624315
4957,0.0293640991045242,0.087065704046341,0.25476009189861,0.660792318749654
4958,0.0293337968682446,0.086262237931315,0.254672975512725,0.664401726956181
4959,0.0293538847575139,0.0860833592713497,0.248912246483286,0.631112129133688
4960,0.0293161438711734,0.086594978702054,0.254292430168148,0.67460230935422
4961,0.0294649568911336,0.0862101977415169,0.254723865378263,0.642216640801117
4962,0.029415780248756,0.0864372313231302,0.249219984124387,0.624982555435407
4963,0.0294403477409171,0.0859619989799516,0.254633425981592,0.680190877563279
4964,0.0293387331562342,0.0866841174836872,0.25213846362117,0.615209267654549
4965,0.0292975742229782,0.0862895022095709,0.252762350698257,0.637159392686001
4966,0.0295112355126222,0.0873898318584436,0.254993913965502,0.694928458742272
4967,0.029394628575534,0.0860185577356019,0.249097183241028,0.614017893373542
4968,0.0294214000388258,0.0865578815120457,0.255824630740415,0.627749341654091
4969,0.0293728160981403,0.086567537834454,0.258126930926584,0.660325770271714
4970,0.0294210918855965,0.0864364365026453,0.256859528117803,0.691117299604666
4971,0.0294469771283433,0.0862978746119223,0.256713154036571,0.651189170026707
4972,0.0293524604194917,0.086905356239811,0.255027083931113,0.624057781552127
4973,0.0294426221476393,0.0870592494727187,0.252396289941255,0.661898233538097
4974,0.0294122682942654,0.0866143136563666,0.259004749018199,0.681801899215977
4975,0.0294334638678335,0.0868668726690703,0.260883315315936,0.646069887656213
4976,0.0294596271466863,0.086858246925985,0.254396393499361,0.656623039320107
4977,0.0294377881857161,0.0875215260882835,0.254724286960965,0.663431884769392
4978,0.0293769374351403,0.0864507064233181,0.249390556661018,0.685239223169787
4979,0.029444727402224,0.0871535165344811,0.256369944744354,0.682064514077363
4980,0.0293580737862029,0.0867185131672446,0.253344813837993,0.659503201795601
4981,0.0294131417581956,0.0862820182099264,0.263670742273373,0.646136493785887
4982,0.0294530445260168,0.08679257046671,0.255585758599436,0.693186693321059
4983,0.0293426498820378,0.0862537787275388,0.256097625453869,0.639348262720615
4984,0.0294035064882723,0.0870004177640903,0.25948572101471,0.660305259473065
4985,0.0293380698626351,0.0862795422575933,0.255906964788336,0.693247300749233
4986,0.0294114205672462,0.0870099685749036,0.252471509290299,0.70820436356515
4987,0.0293667494335871,0.0873847737339947,0.255567570252647,0.642345455873494
4988,0.0293586192870472,0.0867469603246283,0.255431237397584,0.637270160713048
4989,0.0294246712169644,0.0868103178145589,0.255642456809032,0.660973473089891
4990,0.0293671857538229,0.0858436652138448,0.249647829480999,0.66171055192828
4991,0.0293628904410727,0.086969620656944,0.257017051874644,0.678579086870635
4992,0.0293582886569448,0.086176648265166,0.252277093126758,0.648371657158572
4993,0.0294328095284667,0.0875038041832654,0.255118057856905,0.683908051303243
4994,0.0294058084390324,0.0866042994987194,0.259887130422061,0.681701534920895
4995,0.029356461188922,0.0860276205213686,0.255331148229898,0.667961372553894
4996,0.0293646575966417,0.0868917252371288,0.258386445754258,0.67953412239626
4997,0.029298342733969,0.0871933609181466,0.258995179079115,0.682587181465502
4998,0.0293647210744929,0.0867619540067886,0.257580515704728,0.717234395703102
4999,0.0294554924560259,0.0869094598387159,0.252414941927038,0.650530596655946
5000,0.0293780824924448,0.0861645384075062,0.259794936279038,0.644338150590115
5001,0.029495543537588,0.0868141489933595,0.248361283364902,0.642216257498218
5002,0.0295084126870551,0.0869520318001334,0.247968292145984,0.598762209902973
5003,0.0295103967702122,0.0865493527023236,0.258524489259447,0.637902387444436
5004,0.0294148410017443,0.0863976741494472,0.256161065856523,0.621931349461385
5005,0.0294526137946696,0.0871758983627836,0.251755891524183,0.629492917906836
5006,0.029371617924728,0.0864014144010175,0.248576484556179,0.673059887459026
5007,0.0293604511910075,0.0869656815813569,0.259821802219655,0.672141060081834
5008,0.0294492254922726,0.0865649129953764,0.255473395805182,0.670820790695804
5009,0.0293301971414639,0.086156305429665,0.254916299462741,0.620803283058553
5010,0.0293477864021675,0.0870675398825835,0.255486068380921,0.638764426769351
5011,0.0294642929273398,0.0865387173216583,0.252840373568739,0.650407499217239
5012,0.0294889658171843,0.086881838608053,0.256508173237232,0.645124152306761
5013,0.0293841733092517,0.086461770462634,0.250803638662723,0.671556432291717
5014,0.0293650917736446,0.0869966316879486,0.250287753455741,0.65969075205275
5015,0.0293767674541516,0.0863820366631314,0.254671954884883,0.651952839836373
5016,0.0294882096452763,0.0876342416288534,0.252348664596852,0.649331171029878
5017,0.0293403675916775,0.0867854322032244,0.25532077153688,0.661612019153259
5018,0.0294442135061856,0.0864680719058285,0.250596183107598,0.61042529234959
5019,0.0294342225899502,0.0866634448825338,0.250341281261921,0.64436923798275
5020,0.0294084791342013,0.0873785575074417,0.260397881298251,0.652944585170202
5021,0.0294010887454542,0.0867210625323415,0.247495422049842,0.665134945403173
5022,0.0294257108284691,0.0871084027157173,0.25689741271408,0.675140618058798
5023,0.0294137427693172,0.0872138534759072,0.256751694205203,0.654808755185537
5024,0.0293644856899943,0.0860784789698081,0.255096974152531,0.664053510324745
5025,0.0293832639555827,0.0867900936099921,0.253680974748794,0.659115788023181
5026,0.0293989863509697,0.087114211064559,0.256361267908513,0.676735497167436
5027,0.0293005637518777,0.0866483149595975,0.25469617619884,0.65639978074117
5028,0.0293893315345217,0.0859422678134063,0.252767785790366,0.65789609088841
5029,0.0293579405626353,0.0864258306310064,0.257932441362005,0.649712472911052
5030,0.029387528970145,0.086491303889857,0.253423532523897,0.701069296733133
5031,0.0293997606118797,0.0868229791873062,0.255629352549866,0.631125693323277
5032,0.0294683975216589,0.0873045233708506,0.251290014868006,0.631688266159692
5033,0.029424236260685,0.0875871530581004,0.261398967104814,0.655693828113195
5034,0.0294355332128843,0.0865815714087092,0.258678995338721,0.667681699794348
5035,0.0293662758298255,0.0864383947895567,0.255231500706731,0.673324932518019
5036,0.02944678422258,0.0863815045900677,0.25247669493447,0.635285341711754
5037,0.0293550656912884,0.0866334031391895,0.247370321662318,0.669474714408185
5038,0.0294226046113673,0.0860846854333231,0.254197958333559,0.644324917348953
5039,0.0294252841202759,0.0872466507464017,0.25792698761179,0.696790081636815
5040,0.029438046756672,0.086668710219907,0.250231067587436,0.645771347682579
5041,0.0293999338415641,0.0867512953330732,0.252158578576204,0.656407784846828
5042,0.0294406474982236,0.0863093880830197,0.248463779150175,0.647772950389165
5043,0.0294052003374837,0.0860110571537019,0.256087035638754,0.649253406597855
5044,0.0293885589653587,0.0869134301170907,0.253460902739347,0.684333003971724
5045,0.0293694139349555,0.0866509218909974,0.258018426943737,0.651713517690281
5046,0.0294640265108625,0.0866207497761368,0.256308285809188,0.624537821833719
5047,0.0293645421843032,0.0870642861614698,0.250131034277835,0.627266297764661
5048,0.0293821723565867,0.0864338086800834,0.255404763333737,0.642980517553342
5049,0.0293651535075038,0.0861083486342392,0.249164661517918,0.640777154785446
5050,0.0294409217434641,0.0873183148070237,0.257641142342144,0.705899556304966
5051,0.0294119045630211,0.0869795698799854,0.248956138703242,0.665864584258523
5052,0.0294047176604037,0.0864930988020812,0.250013056899825,0.675667295088865
5053,0.0293710155439337,0.0862132350067698,0.258293624678144,0.671892267647114
5054,0.0293838183481539,0.0865935607662496,0.257196037625164,0.687168802884793
5055,0.0294016156464787,0.0865632724290474,0.253733061953304,0.679817443664897
5056,0.029416315617344,0.087258986470082,0.261311332869007,0.69747294855316
5057,0.0294108477373204,0.0863703085398387,0.258025137550956,0.678764170317243
5058,0.0293634906026752,0.0860769821338146,0.253423964172875,0.664200052218456
5059,0.0294071542635209,0.0869187025160768,0.255818956149792,0.700153105845726
5060,0.0294048667226242,0.0865282727520429,0.251147091282545,0.626762830590843
5061,0.0293351811132067,0.0864594619610769,0.255939463086644,0.695869424524089
5062,0.02942187587656,0.0863431457431788,0.251343998182723,0.675965763806486
5063,0.0294295141339772,0.0868805370654656,0.261129192537209,0.696034607742035
5064,0.0294685250999177,0.0867834034565466,0.253761795957875,0.681255203206528
5065,0.0292866876577983,0.0861908512914094,0.259355176873084,0.648767451811688
5066,0.0293193998919541,0.0863259384920791,0.252944376766737,0.641522001509174
5067,0.0293921786337745,0.0871574935154859,0.250263843329541,0.641297309735149
5068,0.0294172549593234,0.0861392344986216,0.257492798251786,0.646737710920467
5069,0.0293595540848529,0.0868097549090848,0.25019080934345,0.642749641073999
5070,0.0295315243669249,0.0871460002025824,0.258400437383599,0.67612713377902
5071,0.0294089240236003,0.0866750426366296,0.258971523735491,0.642111695452514
5072,0.0294706796932779,0.0871203643509217,0.256484292614682,0.645397893956385
5073,0.0293726166382537,0.0862492098085339,0.252082453726474,0.661790060324367
5074,0.0293120441611859,0.0868193499809447,0.255699426479295,0.663342037977144
5075,0.029348303020383,0.0865140523534237,0.250391518465639,0.647894796620944
5076,0.0293896598909665,0.0870528749583456,0.260702545403074,0.704483371123808
5077,0.0293613779114305,0.0862479528272126,0.250525562220627,0.647760148300675
5078,0.0293985916974493,0.086918468363499,0.253154231046026,0.669875456151111
5079,0.0293127632023655,0.0873298513454882,0.261275303310261,0.656368345321033
5080,0.0293784048809033,0.0865948595814075,0.25618040058966,0.69682318866619
5081,0.0294662691873836,0.0865539839274304,0.253506766762411,0.704592838460196
5082,0.0294049880244037,0.0865925570602104,0.25428239573875,0.669014339973175
5083,0.0294462868122433,0.0866346772173115,0.250304357270633,0.656851423974805
5084,0.0294085613020054,0.0869019106181779,0.254923263152243,0.662798343202434
5085,0.0294672549698399,0.0872015709766294,0.258743097628514,0.709550732462058
5086,0.0294184676403728,0.0864374332104495,0.258620395438111,0.642475431738285
5087,0.0294640233920148,0.0868308601478593,0.250841230016857,0.663024273573227
5088,0.0293939180961939,0.087416974837815,0.255263888461379,0.665019278566094
5089,0.0294233845360265,0.0869381959180643,0.259067353955491,0.669061100596003
5090,0.029372552599953,0.0859134911013088,0.251381931650889,0.680949109295078
5091,0.0294757632007494,0.0860773544774699,0.248812964638264,0.672771925058315
5092,0.0293967506929648,0.086880592579086,0.253698436296943,0.63435896123199
5093,0.0293134862782431,0.0870346432948295,0.249066091332666,0.662447274113995
5094,0.0293964598196517,0.0856844291008681,0.24788932814789,0.634303341115015
5095,0.0294190396445523,0.0868254202709327,0.252219563396683,0.672711144288784
5096,0.0294293674792171,0.0871155326294166,0.25768489858473,0.673066138730389
5097,0.0294519055651669,0.0868536793100923,0.248089379541891,0.666908250375651
5098,0.0293612027831861,0.0866690506739601,0.258410584329467,0.690550954126944
5099,0.0293922348046153,0.0863647727564341,0.255608163978476,0.664515846008804
5100,0.0294482818539776,0.0873188840157742,0.253546689576038,0.627982769068764
5101,0.0294085712896667,0.0863134027675136,0.2546599587687,0.655795297214089
5102,0.0292856130777732,0.087117127194433,0.250175744880522,0.641496782384187
5103,0.0294534627095425,0.0864239601854085,0.249141924447267,0.653901241348451
5104,0.0294104305909151,0.086436965022491,0.261335458464115,0.663299200277569
5105,0.0293726851715706,0.0872539213298769,0.260277909739151,0.69471636344372
5106,0.0293862336736906,0.0857304862769067,0.246521528178655,0.663505929654575
5107,0.0294623750532803,0.0866353367434906,0.25963727307597,0.653271630540546
5108,0.0294062448162686,0.0859780930204349,0.255700237910953,0.622428982335663
5109,0.0293790555459954,0.087238646031282,0.263501684975964,0.726090285731361
5110,0.0293826033678024,0.0864676869675191,0.254802235118472,0.651619633988452
5111,0.0292789458811274,0.0862162317195436,0.254616007308533,0.669492133775704
5112,0.0294720064405762,0.0869590105935874,0.251010741931066,0.657138271387796
5113,0.0294808911652938,0.0858212155425513,0.257319472735819,0.668467586926314
5114,0.029414564263113,0.0863230697384437,0.25136143699735,0.677218091346344
5115,0.0293172905810506,0.0869113160920975,0.257493819901507,0.652164341133458
5116,0.0294765310998359,0.0867289402506949,0.25456115409088,0.6506345463608
5117,0.0293971425042202,0.0864692562067845,0.249910156059412,0.672724891462406
5118,0.0293841051062216,0.0863478579895426,0.259064196724373,0.669137466354666
5119,0.0293554830173282,0.0868023802062406,0.249248157303686,0.638231338031107
5120,0.0293436296395915,0.0869785514966552,0.251232023393171,0.642556238455061
5121,0.0294123090241573,0.0868144246418911,0.248476870536375,0.635928970520297
5122,0.0293495965035792,0.0871755024123255,0.255440424965482,0.648235190296923
5123,0.0293909578371717,0.0858809320817357,0.252477111007629,0.674027974103531
5124,0.0294018472048093,0.0868875747900107,0.258781289562932,0.659798915034665
5125,0.0293372285950219,0.0872564022419952,0.253852164641262,0.6821828656345
5126,0.0293662968402082,0.0872460414748052,0.261356106797303,0.702272971613234
5127,0.0294130047120908,0.0867312408244882,0.263099532971723,0.650231078231753
5128,0.0294066378506962,0.0870744655154057,0.246072551503781,0.620216490749848
5129,0.0293653821336824,0.0860770391923428,0.252343830964288,0.697511181808652
5130,0.0294132699609439,0.0866774613711953,0.254010123685001,0.694265805849279
5131,0.0293385831687779,0.0874661544483307,0.260424712455951,0.660893342212034
5132,0.0293625329547363,0.0861233904753501,0.25585146540051,0.70410466745718
5133,0.0293806468241794,0.0866165119751241,0.25445387978511,0.647877012028626
5134,0.0294235304680885,0.0866697911079581,0.252563545607832,0.62388260428336
5135,0.0293482922938911,0.08684556136849,0.253878476981329,0.631116543428838
5136,0.0293512306061461,0.0862483138340924,0.256457373995539,0.617578300589194
5137,0.0294124841877225,0.0863283943749829,0.255114404160416,0.685558558543289
5138,0.029398744844085,0.0867359626428961,0.256989416482802,0.674528790009814
5139,0.0294209511110481,0.0866392553729511,0.257009999569884,0.642955499204563
5140,0.0294023885926927,0.0869074672378741,0.253950495871054,0.654459008031864
5141,0.0294030165617955,0.0875369606295876,0.255682224853957,0.62510793296112
5142,0.0293437789095879,0.0866567589829068,0.254462293179754,0.699881464903509
5143,0.0294085202320896,0.087198700198495,0.251172575561572,0.68486544038719
5144,0.0293559983228341,0.0864241118056907,0.258155925649178,0.638346053818222
5145,0.0293112254715945,0.086418699182354,0.249111648942916,0.651092593351423
5146,0.02933637605964,0.0862568949650148,0.255304580802494,0.650524259126061
5147,0.0293416524322769,0.0867662004822455,0.261693025774262,0.65722503240657
5148,0.0294582816277404,0.0870477266898906,0.258573547406648,0.666450577390146
5149,0.0294219546443158,0.0870832992586833,0.252538018601362,0.667164817133146
5150,0.0294601999935999,0.0874015605761373,0.25369429356167,0.661535864115461
5151,0.029413931685152,0.0861334005871837,0.257730004028501,0.646524782473491
5152,0.0294272776845807,0.0858891032179442,0.260448163875531,0.626768264875453
5153,0.0294660872353081,0.0872643997272145,0.252311140867885,0.64355143370271
5154,0.0293522267296138,0.0871372592608991,0.251781532574194,0.627923044761227
5155,0.0293334098911609,0.0869934993271162,0.260629527856346,0.673736851917161
5156,0.0292820462818412,0.0865277021976397,0.259566750510047,0.647031032314554
5157,0.029440793026233,0.0864080368003523,0.25522488467244,0.647401020145526
5158,0.0295167571554481,0.0866184614491908,0.254132060136981,0.677309007868755
5159,0.0293967718116395,0.087329665625212,0.254775764205368,0.662562767074995
5160,0.0293289835309615,0.0866162339449619,0.24847214714339,0.688277327051901
5161,0.0293662291125684,0.0865461325698224,0.256865033368065,0.668270526033656
5162,0.0294134445155007,0.0871639083430978,0.252757552428049,0.691605375693949
5163,0.0293811222822881,0.0863994028627541,0.249860469889956,0.657995326252669
5164,0.0295103506404802,0.0865599510461538,0.251274495587646,0.709544774508649
5165,0.029466329010479,0.0865026818401448,0.253630741053316,0.652296960776345
5166,0.0294721296322776,0.0869895404191998,0.252348109476013,0.6487878565561
5167,0.0294851763955936,0.0866010151716881,0.254655833712953,0.654606036233324
5168,0.0294662125723888,0.0869626720077806,0.258051312063324,0.64904562448884
5169,0.0293921760550487,0.0872498115563898,0.257861644265793,0.713359472718929
5170,0.0293744072793838,0.0866575440072428,0.258690755613761,0.642351714185908
5171,0.0293509402926831,0.0860954275523987,0.257337989897879,0.651529073695173
5172,0.0293812719046354,0.0869264946316646,0.260000507132584,0.653356327768758
5173,0.0293803743192328,0.0867051466563028,0.261000057455365,0.665130029505763
5174,0.029282959774703,0.0863446236077657,0.256292772163607,0.628692608137357
5175,0.0294473362916996,0.0871716051498311,0.250424144069018,0.661832127678981
5176,0.0293785372929885,0.086735967139539,0.258928158473132,0.677973123857067
5177,0.0294563177849587,0.0862470311791546,0.253929430881593,0.644219478987853
5178,0.0293504589242198,0.0864263590837013,0.257040159152013,0.653906051574383
5179,0.0293105146372425,0.086417762439009,0.249056024121967,0.655119869871305
5180,0.0293119889857979,0.086649915038182,0.252858383722158,0.669487212658879
5181,0.0294497238671298,0.0875213895920396,0.259432398285348,0.656986450683665
5182,0.0295110759099458,0.0858372193254667,0.257968768059649,0.661943920195547
5183,0.0293976223706109,0.0861183609372543,0.255273439491326,0.67380684329578
5184,0.0293508495428941,0.0868911918585079,0.255403452428877,0.669020707918945
5185,0.0294711156426614,0.086785322829428,0.251411740205922,0.64283439942708
5186,0.0293256651186084,0.0864063600511404,0.249836357020398,0.656085471839182
5187,0.0294056252701113,0.0867371552291211,0.254990835651939,0.679546996327507
5188,0.029406761150563,0.0863421439221159,0.254547943230281,0.661544968582488
5189,0.0293846036051295,0.0868959436276768,0.254362093857391,0.667079811655246
5190,0.0294225474793553,0.0869432676565152,0.259658207884839,0.660175073871639
5191,0.0294436963751052,0.0867528709779175,0.250034721920486,0.682792414212836
5192,0.029467927941238,0.0868956918676738,0.254763844518082,0.636187418245409
5193,0.0293089648444068,0.0866056944610231,0.257434468806333,0.638197527836945
5194,0.0294459352331115,0.086068411327506,0.253493419100956,0.65554330092272
5195,0.029397706763213,0.0871121818342918,0.256872452425842,0.670246803159153
5196,0.0293816051091002,0.0861162271953899,0.255025557403921,0.678588511879476
5197,0.0294305375231526,0.0875128603252003,0.256604757788277,0.638618539835037
5198,0.0293548752233114,0.0864106868363371,0.255062167187336,0.624487483409653
5199,0.0293267769309879,0.0872947278972694,0.256639638524081,0.72768346458391
5200,0.0294320411458554,0.0864531028031636,0.25126836994917,0.688428731987173
5201,0.0294643860476059,0.0874114887799555,0.255045370451988,0.671394680520505
5202,0.0294572000731494,0.0869243528028767,0.263530682264691,0.661400572198026
5203,0.0294413907824208,0.0863628253278194,0.254981837695325,0.651983660085211
5204,0.0294470001537704,0.0870914952547944,0.259482670940573,0.683155030922363
5205,0.0294464472271685,0.0866004327081084,0.250406373066432,0.643865017138934
5206,0.0293468906362302,0.0867477597358045,0.250969661240483,0.630308305104497
5207,0.0294463885886373,0.0874466879369808,0.255448687616912,0.677862862608166
5208,0.0293885630632366,0.0872606072473926,0.26012039982227,0.65569064726195
5209,0.0293397874038556,0.0868570649800232,0.255276276310183,0.674597040036695
5210,0.029409467224564,0.0863894599800813,0.247483769625649,0.619051695099768
5211,0.0294164728207054,0.0867782207316428,0.252218866879043,0.658952708380121
5212,0.0292694839670087,0.0864360670776449,0.253674907117912,0.689959105300185
5213,0.0293314413419073,0.087170732247268,0.255162349862268,0.680918242988654
5214,0.0294400192803793,0.086564461482875,0.252862179850155,0.635837106054688
5215,0.0294646891148669,0.0870531040960367,0.255960936456287,0.651708920405289
5216,0.029522857546303,0.0874404568299861,0.257294483362106,0.642141456210041
5217,0.0293790007260845,0.0869202558256417,0.258602852699767,0.642960928627679
5218,0.0293798888078146,0.0864598393683698,0.249032482140921,0.662817484055165
5219,0.0293487351136867,0.0873537744787602,0.264100990397528,0.705296794593917
5220,0.029414396699422,0.0863911253801648,0.257993795861643,0.675969487753576
5221,0.0293538104414499,0.0866025434107181,0.250498069777356,0.643867389919425
5222,0.0294277353974221,0.0865776587243225,0.259776563003879,0.686674150232774
5223,0.0294005359462095,0.086051558631183,0.247427023997699,0.654390283941049
5224,0.0294052008609514,0.0863104985863049,0.253247769678888,0.641705392638813
5225,0.0294084815852699,0.0861464254557913,0.254807973434195,0.68750716678903
5226,0.0293526158375478,0.0873867522743966,0.254133014676778,0.658968142491026
5227,0.0294425144127365,0.0870826803333753,0.251774199645763,0.645215990748934
5228,0.0294185747944221,0.0871910087039338,0.258791700089144,0.639160244932181
5229,0.029424967526191,0.0875664973931302,0.251931665821124,0.659279601170511
5230,0.0294688366691301,0.0871662231438249,0.261107642193017,0.66559013651751
5231,0.0293727085421752,0.0869075446772132,0.255990682923641,0.65858477865242
5232,0.0293200876391572,0.0867257707203038,0.257394114555731,0.697435601915765
5233,0.0294981626658387,0.0864654571337971,0.248511551326065,0.626975261163334
5234,0.0293499610210143,0.0859420175111012,0.24966441981711,0.640637354873516
5235,0.029302707175513,0.0863114439119234,0.252644619673199,0.669181312744028
5236,0.0294770230997842,0.0866518224537552,0.260863750844623,0.709677925591647
5237,0.0293804674666538,0.0864062664878768,0.252807604704285,0.629732903918501
5238,0.0293627994069095,0.0864681480420918,0.255231689735068,0.689809464449863
5239,0.0293546895711087,0.0863901797586457,0.26098019547697,0.671541482764576
5240,0.0295005490161672,0.0866872891655562,0.255587277267143,0.645400385194194
5241,0.0294743961781579,0.0871344976773567,0.255960527192815,0.68308014092207
5242,0.0294681255411038,0.0875884122041972,0.261254861167294,0.717424129602603
5243,0.0293786984091681,0.0867564258641082,0.248487972437676,0.683024168856112
5244,0.0294075125889651,0.0863641197099622,0.249272125183236,0.649332037682242
5245,0.029385799455596,0.0873858722751709,0.261385139071079,0.674121321750507
5246,0.0294251953125646,0.0870956046062213,0.246307307389036,0.625916248734208
5247,0.0294777888879762,0.0869660072412313,0.249708288498958,0.662405402015712
5248,0.0293968366975599,0.0866195511169622,0.249368358273304,0.644092481779809
5249,0.0293786857517554,0.0865092787376719,0.251918520578795,0.643914732412354
5250,0.0294303854484301,0.0861677626827248,0.249865091697162,0.665078711872118
5251,0.0293817005277942,0.0865714154214085,0.250828136264851,0.630241954655223
5252,0.0294259792779629,0.0870388756477973,0.256980686781048,0.691367366228098
5253,0.0294549088157175,0.0863905219242697,0.253832847260379,0.716150462646611
5254,0.0293819951924681,0.0869942201379035,0.247799283048219,0.628185268504983
5255,0.0293985034094677,0.0858424972071945,0.247342438394018,0.650930150474424
5256,0.0293728372489315,0.0866011665763981,0.248747910576833,0.677009375269276
5257,0.0292980225294293,0.0862054680836481,0.253950328000827,0.648698852710709
5258,0.0294131475607354,0.087369403253698,0.252790553962716,0.619876404218896
5259,0.0293554875962806,0.086412768023081,0.254404874262233,0.64850153044531
5260,0.0293686970141333,0.0869622508858088,0.248939251987822,0.629821535373375
5261,0.0294397884144409,0.0862410197056652,0.256738757578236,0.662150105403436
5262,0.0294592551545949,0.0863748491296795,0.259584943481854,0.688277295109801
5263,0.0294366829152799,0.0866670761806591,0.252705764307066,0.667035556996223
5264,0.0293512015650224,0.0863052028217759,0.245177095973075,0.626245737411711
5265,0.0292988164690898,0.0868156383109896,0.255821246109541,0.648497867092108
5266,0.0293928320666957,0.0862986467690184,0.254324397700901,0.685032990059045
5267,0.0293335028783871,0.0865150224747808,0.252351549303318,0.666283299857424
5268,0.0293909640080688,0.0865764155451411,0.256352230236312,0.697206484439506
5269,0.029451602264558,0.0859969843682589,0.251962390481907,0.632557860091594
5270,0.0293869998330066,0.0868659151099476,0.250777318965129,0.641491982354548
5271,0.0293322244585011,0.0857302550169862,0.250095174811614,0.670902763263718
5272,0.029389477565271,0.0872693512194056,0.256393414384469,0.642971521094368
5273,0.0294056748382579,0.0874662445483932,0.251260701833724,0.683018317348292
5274,0.0293671142632697,0.0864300546932347,0.252322338301049,0.686965979454813
5275,0.0293038181627062,0.0862858787617571,0.255199775988846,0.651102063369267
5276,0.029366952562776,0.0862484678142352,0.254682527437725,0.665197668440344
5277,0.0294489023662389,0.0874597674017204,0.258165835672411,0.649847277729806
5278,0.0293842652010547,0.0870378583408986,0.250904953382338,0.672472673536197
5279,0.0294728957662391,0.087190204742303,0.256773532331767,0.690112078217958
5280,0.0293660868161146,0.0861254345692443,0.24789180265817,0.634433757004045
5281,0.0294032591833498,0.0864469061673429,0.255707995288683,0.686894057292966
5282,0.0293931693184767,0.0858497115898701,0.253143415279785,0.664537373055335
5283,0.0293695562536622,0.0865293898726098,0.259503633559696,0.705071058098066
5284,0.0293810189590815,0.0859900138930752,0.254507083923902,0.661962909264241
5285,0.0295326934647201,0.0867739118450779,0.253763420315862,0.666819327273262
5286,0.0293780863492721,0.0871669695101589,0.256361240461873,0.657440472403621
5287,0.0294646337864347,0.0864461287400814,0.255077693374275,0.660586861947664
5288,0.0293321837824504,0.0856565618999049,0.253660272630142,0.688539530672368
5289,0.0293641545874573,0.0858314286623081,0.252665772842696,0.669032776375276
5290,0.0293336386716979,0.0864962283015989,0.2608010823545,0.67655643844416
5291,0.0292877156044699,0.0863512459987315,0.251236764562316,0.636873243014926
5292,0.0294262622197093,0.0874477168473599,0.254043548960938,0.655346456120366
5293,0.0293641199371161,0.0867010457384876,0.252274405317309,0.674684766049712
5294,0.0293131629314451,0.0859541811560427,0.255083936841936,0.604422943171887
5295,0.0293578060201166,0.0859921619156167,0.256876544085094,0.685888964951884
5296,0.029358140378411,0.0862909452893861,0.250933757345303,0.643150485396592
5297,0.0293618757483125,0.0856227003351778,0.244240255247814,0.613751472179062
5298,0.029375782372637,0.0863176928168279,0.256857863750316,0.668925400495078
5299,0.0294162338114271,0.0862351304433363,0.248529391358968,0.640020803164795
5300,0.029416318774874,0.0876189038139803,0.256205945679463,0.65250192156715
5301,0.029432450803971,0.0868066626542504,0.252262535735484,0.66265385425987
5302,0.0293792618806153,0.0867310876859111,0.258129066267817,0.688664796015701
5303,0.0293875931552526,0.0868192212887429,0.261171695378171,0.651148123442537
5304,0.0293860527399109,0.0864490265066101,0.256039504437131,0.649358087343095
5305,0.0294293619348681,0.0864663381977737,0.26222616897246,0.683005646257516
5306,0.0294181732762393,0.0862322681826732,0.254631406262686,0.693729829284851
5307,0.0293772699355868,0.086568391260059,0.248290948575611,0.634793941954595
5308,0.0293587035642237,0.08653178331387,0.251031310921401,0.667689423989227
5309,0.0293632015920992,0.0862646694752928,0.252979896374225,0.639511166193032
5310,0.0293532505096679,0.0859987567303521,0.250261063224469,0.637160890548431
5311,0.0293804639667066,0.0864190148272958,0.25475024442092,0.674960198872049
5312,0.0294783533976119,0.0867330776931215,0.254755210840491,0.679233349257832
5313,0.029431515592161,0.0863545414809348,0.254106810511392,0.675707537469712
5314,0.0293832644001857,0.0863171607305952,0.248038800805483,0.647042569039362
5315,0.0293490774977983,0.087019287489434,0.255873695109041,0.675211800835145
5316,0.029507767894194,0.0865842352620742,0.255986405921952,0.644641169745566
5317,0.0293601513292867,0.0859908185945471,0.253489006687427,0.68812002456448
5318,0.0293020344337247,0.086324684182033,0.254301757811488,0.697143686696792
5319,0.0293363967225013,0.0865761292536039,0.252447103862,0.662707668255285
5320,0.0294474210938855,0.0869307939340577,0.254418143066176,0.651516437020555
5321,0.0295357547274153,0.0872110435649872,0.261231367304073,0.681191041646833
5322,0.0294126040388812,0.085897945916708,0.251781728396346,0.664405692364595
5323,0.0294518156445148,0.0871135309372244,0.258431875258937,0.701040919105975
5324,0.0294080342416177,0.0866828862428489,0.251357174211281,0.644197123217731
5325,0.0293941304402371,0.0865628136070149,0.25892700404695,0.65270521112657
5326,0.0293365597586415,0.0864949436530299,0.255437196290835,0.669481282223812
5327,0.0293931930319757,0.0862120562079316,0.250714726075177,0.626172960401011
5328,0.0293412903883304,0.0868930064452212,0.255715686506671,0.655643744923887
5329,0.0293273428617153,0.0863357460468837,0.257135363418377,0.676658239185773
5330,0.0293312785916507,0.0864449551741533,0.259060255546414,0.68698728189275
5331,0.0294858232947802,0.0871665130244199,0.256499573278281,0.659848163660806
5332,0.029358892975052,0.087690656505408,0.255982177779638,0.695779320612192
5333,0.0294003570117727,0.0865732204089792,0.249378864201868,0.662183159601438
5334,0.0293272701807275,0.0866761166871461,0.256178294374278,0.645879941043037
5335,0.0294385031038968,0.0861655477773991,0.251010784063708,0.626018659652654
5336,0.0294694690117517,0.0860755426286639,0.254041051714738,0.627170544393499
5337,0.0294050824634753,0.0861197354386725,0.25215456240205,0.642896211839247
5338,0.029396573981241,0.0861325895859634,0.254673283493428,0.680989796273419
5339,0.0294995427319642,0.0873071274435952,0.262183611379789,0.650439524510284
5340,0.029433481543235,0.0862786018777552,0.250503691997327,0.648652720434924
5341,0.0293405227073272,0.0863464860132231,0.251658616501983,0.66045525910292
5342,0.029462897841886,0.0869296980042336,0.257202041041809,0.6430739071785
5343,0.0293986586888511,0.0863064213019348,0.253489591637959,0.634080184139552
5344,0.0293746985420217,0.0861699678023655,0.249094789316258,0.670927188285512
5345,0.0294207321827268,0.0873757757323645,0.253409321261278,0.640650417824936
5346,0.0293215542935637,0.086855378242249,0.254219354877906,0.621108708200962
5347,0.0294152773093356,0.0868864444053716,0.252805370790384,0.654085953649741
5348,0.029500547584936,0.086859464973732,0.24760236603388,0.669525629899991
5349,0.0293086539357869,0.0862533905127507,0.253321954375575,0.694889980188292
5350,0.0293594735282844,0.0858668771975142,0.253679345408326,0.654122800112434
5351,0.0293713925535827,0.0865583178304407,0.256928477488255,0.650378876255307
5352,0.0294628865394655,0.0860278391419532,0.250388332222756,0.661603102250091
5353,0.0293904916127629,0.0864016551947984,0.251888418769738,0.670560582641813
5354,0.0293845705030976,0.0863616566223904,0.250505799631242,0.635398308399192
5355,0.029384769507606,0.0870230316647397,0.256956308013691,0.661790963668752
5356,0.0293887540340476,0.0863241719944063,0.260876397286822,0.695005505587016
5357,0.0293393959425521,0.0861762652790294,0.261390106249511,0.740927494180266
5358,0.0294837384817979,0.0872503665049922,0.258319106769484,0.639391786506528
5359,0.0294275350899942,0.0867030221951602,0.260256120204269,0.674073032061252
5360,0.0294176122958643,0.0865675414368162,0.254708677320081,0.648608428536714
5361,0.0294934636311039,0.0866615758975176,0.254603568718913,0.658275293047265
5362,0.0293109754705685,0.0863245340103707,0.254846373339341,0.635826984079291
5363,0.029292601971501,0.086917646030781,0.253911998881164,0.660339625996944
5364,0.0293785786884164,0.0864154868688555,0.250119662708745,0.685213550578188
5365,0.0293189874798688,0.087003240914041,0.258272874210046,0.659055981275863
5366,0.0293902553745172,0.0863967617966115,0.255198368329871,0.67560604704718
5367,0.0293884712323252,0.0857600372304302,0.252288008882378,0.629153796122468
5368,0.0294451228547897,0.0866230672972098,0.255948844112288,0.645504580269909
5369,0.0293650030161596,0.085683049669113,0.246589535495092,0.655147394732606
5370,0.0293406759610539,0.0860456313915335,0.25166900618608,0.664060686193084
5371,0.0293310922380877,0.0864361110986182,0.250863422534295,0.690219489007483
5372,0.0294190485471491,0.086747180665642,0.261843406436219,0.68725083501975
5373,0.029345601087004,0.0861494916624285,0.248973397578563,0.678529226941733
5374,0.0294499372755266,0.0867273029236946,0.258700479824916,0.654219860646015
5375,0.0293450180503976,0.0865476959117434,0.250358028910566,0.688839356393818
5376,0.0294018183488224,0.0865375913273758,0.250293591407457,0.642377975129792
5377,0.0294109660445993,0.0868437840853029,0.252784525173164,0.659505582962493
5378,0.029288563818687,0.0860504981422754,0.248616501021658,0.639868759228027
5379,0.0293300032220316,0.0859469523360049,0.25629603236672,0.663001373815069
5380,0.0293282286879652,0.0867018001561046,0.250046238658998,0.622844840887479
5381,0.0293792819129637,0.0863192828738645,0.248032196273529,0.653654063652765
5382,0.0294165912920404,0.0867003062416021,0.248215912307978,0.624532685633522
5383,0.0293614792139495,0.0867375629334811,0.253202552736221,0.653823331075496
5384,0.0293339566199095,0.0850356374568014,0.251310397620109,0.648509536177482
5385,0.0294803679559452,0.08769530061576,0.253929479643008,0.635833829676058
5386,0.0294298909086048,0.0860449017198288,0.25361747565148,0.639380791520251
5387,0.0293511968938136,0.0864764855894301,0.254097084891945,0.664878004729623
5388,0.0294836805569271,0.0864119245543444,0.251280286229595,0.686775051407865
5389,0.0294897745320845,0.0876581650365408,0.248154848083123,0.640980889945421
5390,0.0293681272571347,0.0865254270369558,0.253296246412515,0.643977028502851
5391,0.0293314124373692,0.0867705059738773,0.260544124008705,0.644608856284084
5392,0.0293955638342299,0.0862629452304958,0.251552799976733,0.653300845291184
5393,0.0294300166098375,0.086316100809871,0.248109623228298,0.696795133232731
5394,0.0294254015824987,0.0870995348278372,0.252747544506341,0.640103198749195
5395,0.0293661233556414,0.0865508855733707,0.259816796896504,0.697657364700028
5396,0.0292833639505756,0.086285006480647,0.254974183038445,0.64560127364289
5397,0.0294681795149217,0.0864894299008487,0.25417719022571,0.678278781685037
5398,0.0293774820907677,0.0869161563312097,0.252635297264888,0.630926320894188
5399,0.0293662728713505,0.0873936773812548,0.255414011661402,0.688299251430437
5400,0.0293958630885392,0.0867510717589495,0.251201090995419,0.649721897585449
5401,0.0293147783025971,0.0868484929461687,0.246543883976787,0.63118161573988
5402,0.029364497665594,0.0862312363396343,0.257745562633828,0.691281493817378
5403,0.0294227447128543,0.0861914481046347,0.259961542921493,0.714236983583401
5404,0.0294074585925928,0.0865910730083088,0.257621689292844,0.639456560418463
5405,0.0293386422591272,0.0863241237577815,0.257377234264033,0.670126058160747
5406,0.0293428782951884,0.0870025813523836,0.252376816777787,0.651174824197014
5407,0.0294065560110739,0.086237421561174,0.250606353416551,0.726314603012459
5408,0.0292984496647619,0.0851908636069026,0.251207205230157,0.644597612359477
5409,0.0293745984873498,0.0867789947961261,0.257908404209144,0.678484792776554
5410,0.0294085132783455,0.0866394500388622,0.252953124752389,0.628942070396761
5411,0.0294415603559348,0.0865873864241525,0.254638376772403,0.65878491913599
5412,0.0293679786665732,0.085988362447909,0.253136753049099,0.662795188182151
5413,0.029481823185789,0.0866625646897611,0.259286363593479,0.645828027578151
5414,0.0293000043411293,0.0865713814359887,0.246956981642012,0.658636280741563
5415,0.0294545191332215,0.086462282885233,0.251045747930531,0.614469060916208
5416,0.0293832001228354,0.0866384097774477,0.254019210345112,0.675608995335172
5417,0.0294384689130125,0.086994480856193,0.258062650405508,0.631643976021286
5418,0.0293165742982143,0.0867265013116134,0.255481727338924,0.669837644843316
5419,0.0293861788979753,0.0869141840879236,0.248591179903977,0.709837834883614
5420,0.0294250164924506,0.0865534041027613,0.25166138864284,0.65281209410031
5421,0.0293914721874768,0.086883352394254,0.253319127158833,0.628268751692323
5422,0.0294288441663878,0.0869866126875138,0.249911617999943,0.616660595554205
5423,0.0294116291985296,0.0876505051591779,0.254199931583371,0.643534839818201
5424,0.0293379944132086,0.0869011097428392,0.249879556579455,0.641204522991019
5425,0.029407798272352,0.0860899519055395,0.255898050527072,0.628481017994541
5426,0.0293836842300679,0.0874242152365787,0.256095451028312,0.619430822254827
5427,0.0293565835971543,0.0866078129582264,0.25146089358383,0.678049249340194
5428,0.0293616033020455,0.0858776997743126,0.250544553869856,0.650586015472078
5429,0.0293422184991284,0.0861283242907687,0.257154858135763,0.6448980538822
5430,0.0293926648053632,0.0870451158494366,0.252369993344444,0.669551916173572
5431,0.0294722195864403,0.0873808397525311,0.263608373488672,0.651313651200565
5432,0.0294607512733229,0.0875305378057762,0.259423337951032,0.644522742273263
5433,0.0294320921872455,0.0873041472527934,0.257160261607668,0.693265213219242
5434,0.0293613481863408,0.0865107947658549,0.252387273545498,0.621515154624275
5435,0.0294062658286606,0.0861126411153506,0.255824312034843,0.626470684532775
5436,0.0293439429457859,0.086689605637114,0.254149648044603,0.62548501228095
5437,0.0292904604712793,0.0862028533544496,0.255252723816052,0.650647123379786
5438,0.0294078354502593,0.0859931034328605,0.252193975897979,0.632421293953079
5439,0.0293274014601333,0.0863497758077952,0.260515675627946,0.719418797097679
5440,0.029372014287328,0.0868158488614662,0.253122839611446,0.640867998979079
5441,0.0293478494850645,0.0871123880032039,0.257100131878871,0.644670545970356
5442,0.0292750807100644,0.0860681697565828,0.250364331579004,0.639741951744808
5443,0.0294235108143335,0.0869194441437094,0.25970678581516,0.649502796755405
5444,0.0294258051747105,0.0864280599005205,0.249033304735219,0.647068826382435
5445,0.0292548012541755,0.0856523110255425,0.248872348811111,0.633099155463341
5446,0.0294568570268996,0.086809283592503,0.257459904202639,0.624910547285074
5447,0.0292901742656244,0.0863603622720766,0.250665254469359,0.687498697614317
5448,0.0292538751551783,0.0868402528682526,0.258013544539893,0.657294354764027
5449,0.0294027410093687,0.0874900993181748,0.255396885905758,0.645749984208034
5450,0.0294043280391556,0.0869105469566202,0.258364692602273,0.650741645687108
5451,0.0294214781104848,0.0877392470211543,0.254180858985029,0.694400199049518
5452,0.0293841223293981,0.0868965241124725,0.255211634473911,0.692799800597471
5453,0.0293783701439424,0.086585617268332,0.2513682666554,0.666269338309961
5454,0.0293788086918282,0.0866207950144356,0.259660022239128,0.653784671257728
5455,0.0293702824794368,0.0868034720390373,0.255160075291526,0.67017403333037
5456,0.0293935094705337,0.0864904162896237,0.256289809548598,0.703684473600417
5457,0.0293321687191561,0.0858831002230695,0.247272273291087,0.624590880556248
5458,0.029423783482933,0.0877618444011311,0.254245985398213,0.664003826471555
5459,0.0293701606156465,0.0859235466625328,0.250812403265808,0.634406945534193
5460,0.029422891427275,0.0869689080580943,0.253622199245993,0.635067088288212
5461,0.0293259184105432,0.0863234811056966,0.255690656947449,0.666973643862597
5462,0.0293847477567164,0.0867543697216324,0.256465124214385,0.678343282423273
5463,0.029371568629392,0.0859001049403941,0.256192818971223,0.654164129255451
5464,0.0293849261130034,0.0863248309953323,0.252781069799116,0.658869069152143
5465,0.029441446260603,0.0861549829798989,0.252718286078638,0.657392304973381
5466,0.0293399235770392,0.0863117010954635,0.251020338170656,0.611168514722693
5467,0.0293926852373902,0.0880074957068879,0.258808937021841,0.642938650918896
5468,0.0293862771758258,0.0861456634033677,0.251004701228262,0.650655835840313
5469,0.029357997790539,0.0862551866900674,0.261437998249103,0.675520660414842
5470,0.0293990271812737,0.0863516497375818,0.256404696889862,0.677034547104992
5471,0.0293580944919141,0.0863427290432904,0.251409444927204,0.646945924065933
5472,0.0293584727098401,0.0857218716506732,0.252217715391075,0.660040348462006
5473,0.0294246703135561,0.087175690550429,0.259220593880914,0.697708267281685
5474,0.0293652999665782,0.086756394845009,0.25400773505242,0.638761892710669
5475,0.0294435579671339,0.0860136061126819,0.246366833395745,0.630447177130377
5476,0.0293068936927964,0.0863067891503973,0.257012387171611,0.68104116452006
5477,0.0293906252986675,0.0862154877444843,0.249628297214591,0.653887203341942
5478,0.0293014513099653,0.0866851123988036,0.25008793059421,0.632936958083259
5479,0.0294464158809958,0.0868236618092021,0.252310670957935,0.656360157967927
5480,0.0294331107556498,0.0874626164121015,0.26177398916134,0.671568106121253
5481,0.0294148197613625,0.0864588053377751,0.250386633777587,0.598319794075026
5482,0.02940357683996,0.0869659858948233,0.2612235617123,0.664004019663689
5483,0.0293219919438976,0.0865210121032153,0.251369473091052,0.619149094352432
5484,0.0293655360722131,0.0869097857339771,0.260413571335014,0.681579942608708
5485,0.0294628083536814,0.0868778453037565,0.257353751798816,0.705432228206268
5486,0.0293731634546692,0.0867519669917823,0.251416565242727,0.661097988761048
5487,0.0293151617046137,0.0864372143932988,0.261093364569961,0.687933681420381
5488,0.0294564626074352,0.0865746969226963,0.257398396781408,0.687863418118774
5489,0.0293413052455743,0.0861706569802071,0.252501023229723,0.689269428122966
5490,0.0293623455009982,0.0862752259797978,0.256983260422149,0.695319778300647
5491,0.0294648522671768,0.0863098578838434,0.249117785549283,0.613811170852071
5492,0.029409515643884,0.087349472353585,0.255882261815659,0.654070765445504
5493,0.0294686273222897,0.0865147745944357,0.255067896131402,0.677975176940741
5494,0.0294050318974819,0.0875633145833093,0.259422177402142,0.706117710538469
5495,0.0294512509793513,0.0867948643360926,0.253256453146663,0.660749157385403
5496,0.0293693732738962,0.08730970406905,0.25810966209114,0.636377151826287
5497,0.0293711507136351,0.0863318486391547,0.251451985585383,0.659935239939873
5498,0.0293553108807292,0.0872262668138312,0.253006026404136,0.667167823690226
5499,0.0294106290768754,0.0869458550402136,0.258010664391034,0.659429027244584
5500,0.0294606787108016,0.0863503078516152,0.259236767192823,0.684325864840429
5501,0.0294285038580667,0.0870393530619825,0.256876201552139,0.661368668346697
5502,0.0293440238488834,0.0864146547299685,0.249610949124087,0.637044500596772
5503,0.029357504961978,0.0875995125714611,0.257255226729109,0.675784991570239
5504,0.0292944382029569,0.0861236119842471,0.247413621064779,0.647695007074194
5505,0.0294061348584417,0.0872390812916264,0.255626525605127,0.680647306993906
5506,0.0293750787169151,0.0863529617232135,0.250049180956113,0.622038343233078
5507,0.0293988493026812,0.086507533299616,0.253195870652989,0.679335305617136
5508,0.0294312335381448,0.0868475763525434,0.250442417375259,0.613902592646114
5509,0.0293562690611178,0.0871187513593657,0.259164483087551,0.677709228547218
5510,0.0293367389428871,0.0856283429519789,0.252644762659022,0.680846691596103
5511,0.0293249482406457,0.0868837738039988,0.258214565519971,0.640289093799549
5512,0.0294158937266733,0.0864770237037918,0.252368107888984,0.659951436898073
5513,0.0293836242994839,0.0868708134573608,0.25581027797502,0.692707700505484
5514,0.0293904978222729,0.0863975237066279,0.251000390244443,0.670185707764083
5515,0.0293938522780189,0.0870022175979979,0.253700705581556,0.672644723723822
5516,0.0294877109370367,0.0877777786686774,0.255711544147885,0.635754059717716
5517,0.029327400780303,0.086453064123881,0.252476550138214,0.65459184662103
5518,0.0293199423764064,0.0860018386232634,0.259917382806913,0.694675840418202
5519,0.0292879913688928,0.0861986941277789,0.253342007775021,0.691987663034865
5520,0.0293973727954322,0.0858728838827195,0.25218173479718,0.681295473544096
5521,0.0293254396119289,0.0866017881468532,0.257362586387972,0.692928924397873
5522,0.02941558295979,0.0865852012164806,0.251549681490462,0.670911209738415
5523,0.029369036390917,0.0866301765649055,0.251985054090708,0.665310676302102
5524,0.0293010724332083,0.0869205607681817,0.253160277828558,0.657940747022897
5525,0.0292908510125075,0.0861159012323167,0.252056701715365,0.688814172020142
5526,0.0293827519026476,0.0872440420353772,0.256487657940608,0.62929936512934
5527,0.0294180953362292,0.0866134848066635,0.255504949690689,0.657330575944117
5528,0.0293582230167886,0.0868738000414623,0.264803986661478,0.662626936518249
5529,0.0293644570499253,0.086370636622078,0.257500524861495,0.679070450481429
5530,0.0294747839479393,0.0872558786790131,0.254281095541826,0.627999599620553
5531,0.0294275572772496,0.0856632693613713,0.259606087713224,0.636483464721385
5532,0.0293701486884786,0.0868687238256671,0.256823271051303,0.652337513241381
5533,0.0295209004264159,0.0871433941730751,0.255782563568507,0.682170562535078
5534,0.0292887851745959,0.086202638213341,0.254069660252852,0.655975019188565
5535,0.0294826426083127,0.0867963140173326,0.261635872921199,0.650427256354607
5536,0.0293741787116961,0.0868528219601645,0.260309427035576,0.681269324964547
5537,0.0293254196738506,0.086175363594322,0.255879766285189,0.672464052114945
5538,0.0293084224872165,0.0866799170048857,0.254853195713635,0.658265461051128
5539,0.0294946242638061,0.0868626910089762,0.256943706423244,0.618174872861393
5540,0.0294036207237825,0.0867986983073928,0.25911017633003,0.700061037714046
5541,0.0294236765948223,0.0866256224419082,0.254040252866343,0.645248527618579
5542,0.0294370366824761,0.0866452460077825,0.253123386838867,0.672097744540702
5543,0.0294659337996016,0.0875739026383401,0.256540250839466,0.659410774680537
5544,0.0294233973314007,0.0867014421616725,0.254100370909911,0.64757191903464
5545,0.0294713504873788,0.0861113231135148,0.256276814425141,0.669634703737876
5546,0.0294634059281293,0.0859985160842761,0.259770996503149,0.631383599471358
5547,0.0295058641625501,0.0874767370035712,0.252983818336651,0.611792718402866
5548,0.0293932732425794,0.0865778940836198,0.254838434711803,0.688363757427475
5549,0.0294126032449847,0.0865124761167309,0.257385417985208,0.676939176626876
5550,0.0294514264021404,0.0868543300505238,0.257985159203077,0.662493293519004
5551,0.0293591215267617,0.0852686242286729,0.245162719930838,0.680633965703491
5552,0.0294884873460023,0.0876121653003106,0.259100525217669,0.666372281729506
5553,0.0293863080290635,0.0866371534918214,0.246247755245922,0.629678130558993
5554,0.0293587378770251,0.0861215514491353,0.251594550936188,0.642948131640754
5555,0.0293977145606298,0.0860384304985734,0.255224334034837,0.636957563770658
5556,0.0293467068031745,0.086502823874984,0.251721822684305,0.648450344263313
5557,0.029373095597781,0.0865978153456174,0.256636824722568,0.671101458902328
5558,0.0294718121876185,0.0866983383398633,0.259891075574487,0.69999440483217
5559,0.0294127725779651,0.087638322116905,0.254748526126958,0.684112702300153
5560,0.0294344054198026,0.0866798334025637,0.264801894039844,0.667392376139512
5561,0.0293823955804189,0.0875043500313572,0.255296404378158,0.669865517416362
5562,0.0294106851742859,0.0869148205811733,0.255757492198718,0.65975112859077
5563,0.029382480896331,0.0863890716383934,0.254561820635983,0.618640429053051
5564,0.0294868515202251,0.0865527384944327,0.256633003185075,0.674861720935235
5565,0.0294136823980114,0.0869818253249127,0.259066805518503,0.688082784038603
5566,0.0293782850932107,0.0867228702242185,0.250765617324964,0.652559824836035
5567,0.0293699538126833,0.086636999911983,0.249186598127073,0.635145966443201
5568,0.0294146297518268,0.0870580438645711,0.249046720093089,0.663056816765947
5569,0.0293766757261103,0.0863205714559949,0.255758470689308,0.688415264419998
5570,0.0294100965771071,0.0863033283841553,0.249282746264017,0.632049672547756
5571,0.0292618584566843,0.0861178657884436,0.255070120814158,0.643168009466165
5572,0.0294151122406808,0.0871931285400296,0.252435168351783,0.659508138001108
5573,0.0294017255378909,0.086809228045625,0.253789636877888,0.63945627466204
5574,0.0293697033965262,0.0868877615921121,0.259467385869157,0.704775602209007
5575,0.0294184406035831,0.0864294780843625,0.251929128953561,0.622628579472715
5576,0.0293613076765151,0.0865730274981704,0.253696027636518,0.636860254611456
5577,0.0294285564370166,0.0871122280174101,0.256710089751213,0.6547042220196
5578,0.0293936339871678,0.0867881464528504,0.25473814573102,0.67042794595343
5579,0.0293870838163604,0.0864308647023268,0.255720548274435,0.637249935335901
5580,0.0293629190614443,0.0857531080525981,0.252479188585286,0.669887790865045
5581,0.0294958243677783,0.0863412134051178,0.255985593718478,0.722292154474504
5582,0.0293997876063506,0.0869273312145071,0.255795878535491,0.696586934231704
5583,0.0293644890170803,0.0863438440519763,0.261054618941759,0.701272020057336
5584,0.029375478035488,0.0867451717191647,0.259439526770854,0.681867543300398
5585,0.0294200119820551,0.086713073700465,0.260533499997422,0.657384470153152
5586,0.0294303672116318,0.0872865515350036,0.251270202296106,0.625691838440442
5587,0.0293759015252233,0.0858505393235768,0.249789760940001,0.652190931567768
5588,0.0294393463049031,0.0863727434769871,0.251572993459799,0.691015492396292
5589,0.0294003208937913,0.0863403415311279,0.251235699575862,0.661697072325833
5590,0.0294342055893498,0.0864161488978699,0.252054561729839,0.656276627870242
5591,0.0294654117125215,0.0873223477678581,0.250803634730952,0.667585834347355
5592,0.0294317100805731,0.0866695342004234,0.251630399524555,0.608885383445883
5593,0.0293728200718156,0.0860630687954326,0.255703619490741,0.636321328626407
5594,0.02942661857032,0.0872103887767297,0.252975221121181,0.665365669858211
5595,0.0293219444144337,0.0857961271696679,0.248794424433126,0.60733803275214
5596,0.0293986822584662,0.0869582298299285,0.251195643439255,0.63261156769113
5597,0.0293703815885982,0.0867212749635041,0.255771276373041,0.677623059908969
5598,0.0294490468341852,0.0861328752632164,0.251991205892735,0.668909199532855
5599,0.0294307820952793,0.0861327216439146,0.25067510222025,0.645053123994751
5600,0.029461609307999,0.0867635062686125,0.258674750312249,0.672942649139462
5601,0.0293747911172028,0.0864215271365913,0.255649664974893,0.681642541479323
5602,0.0294428951870262,0.0867642518857309,0.249974501973446,0.66905117787011
5603,0.0294223221848612,0.0873413904281963,0.259101287434631,0.65807972171083
5604,0.0295003311707846,0.087064927134358,0.254977594529773,0.697965893637534
5605,0.0294668093073256,0.0866940514317704,0.25449980023131,0.649794261182945
5606,0.0293933514954666,0.0868646291735426,0.254614998351712,0.704677810290349
5607,0.0294358544774596,0.0874019487951348,0.259447366845861,0.70758048507737
5608,0.0293655910012622,0.0858246933140186,0.249919144241138,0.681111789783254
5609,0.0294017910568053,0.0863244802109963,0.253351756265256,0.663848385683901
5610,0.0294594987024419,0.0867045075182246,0.255364434627472,0.668659673939155
5611,0.0294463039299397,0.0870395954595752,0.258649876015013,0.639167039255904
5612,0.029431959190862,0.0867359823306884,0.243674141748847,0.666419252469282
5613,0.0294699228905022,0.0873329349097246,0.255451942764716,0.67111659605064
5614,0.0293462415754653,0.0861342265913906,0.253748112617276,0.678833480272422
5615,0.0294761516493639,0.0870878464706731,0.256411430208428,0.648700216477706
5616,0.0294180302475741,0.0875952031057071,0.253635937415093,0.701736123709087
5617,0.0293530324047262,0.0869994544464291,0.25811366660711,0.715259592067373
5618,0.0293450768724592,0.0863228429851591,0.252180895428083,0.650116736322538
5619,0.0294165483815949,0.0874751511410705,0.252174122753739,0.617100416616225
5620,0.0294432981989071,0.0872762446089832,0.257156513906962,0.683036397746123
5621,0.0294514269038319,0.0871089464120956,0.251214985181211,0.650122241920274
5622,0.0293426975058391,0.0873436899201995,0.254892880037045,0.682079502159341
5623,0.0294383953642309,0.0869006053476043,0.252426336475392,0.678113789918587
5624,0.0294052249548673,0.0863118603282316,0.246635001341257,0.664197523722081
5625,0.0294235045580623,0.0871482796321635,0.254643206280324,0.657568905590245
5626,0.0294103913128196,0.0866139267072511,0.256190280061371,0.690028580031169
5627,0.029361903629092,0.0866575766633228,0.254209464314668,0.616427603101443
5628,0.0294037333256585,0.0870563210638571,0.258230325357454,0.69454920273419
5629,0.0294174585686966,0.086764070750149,0.251851907963983,0.627496749710343
5630,0.0293483937620378,0.0862106932420136,0.251691446724207,0.628598197231867
5631,0.0293627314226566,0.0863600169787601,0.261319403652641,0.695908933361208
5632,0.0292898345681386,0.0868992595171399,0.257059803634,0.663060703531296
5633,0.0294203984784956,0.0875854532162304,0.26042120403653,0.676004531613947
5634,0.0294222754893002,0.0871428827683501,0.256087328053873,0.671147109337456
5635,0.0294564074436346,0.0869841028011698,0.255327229247369,0.636497637710955
5636,0.0295134806272812,0.08651385715079,0.256701697297903,0.636521710079581
5637,0.0294788334787243,0.0861968920553643,0.257736851910298,0.642549397776779
5638,0.0293272843318099,0.0873610950668216,0.256289494657307,0.65085307038036
5639,0.0292553690150338,0.0862776910990201,0.249400892792624,0.660222082429601
5640,0.0293952438601415,0.0860409664178431,0.255757341581883,0.676839926526619
5641,0.0294461121969048,0.086844765085912,0.258531420951045,0.646883253862552
5642,0.0293869038188081,0.0866687749231487,0.256547046692288,0.645640605007064
5643,0.0293586763373856,0.0858920114973743,0.250665617021305,0.644582561428684
5644,0.0293766944732296,0.0873721478353497,0.253454522518987,0.622896051714356
5645,0.0294657904123794,0.086551202985137,0.256845187828882,0.673823996827116
5646,0.0293631825384644,0.0865864202663726,0.257588805478404,0.666030598912205
5647,0.0294143553883115,0.0879346439620383,0.254739994797553,0.649900943613895
5648,0.0294103246605556,0.0867514439203863,0.248548278765853,0.641676005958679
5649,0.0294072218072381,0.0867736989047439,0.259371972959556,0.68249370216468
5650,0.0293706286796473,0.0861527412339925,0.255556261731845,0.655230238471723
5651,0.029410144265743,0.0863299617911833,0.258404771942756,0.67534687738158
5652,0.0294477420668641,0.0865772528109705,0.255955133933674,0.656510080051891
5653,0.0294835674183307,0.0871790504710824,0.260906579496698,0.62806400126266
5654,0.0294861086166946,0.0869312530452615,0.26145518879254,0.638103706405253
5655,0.0293900133425822,0.086807193795863,0.253322535846868,0.646485311086299
5656,0.0294973643695467,0.0872763272566796,0.251083553678294,0.643734194072653
5657,0.0294292716376165,0.0873258133786767,0.25290994496888,0.651532142969987
5658,0.0292942782567895,0.0860799708136044,0.248670935928337,0.654356317230344
5659,0.0294533366902452,0.0869088170370214,0.251866733277447,0.63099779044175
5660,0.0294255867861134,0.0864296093715172,0.259082116554508,0.65510558657351
5661,0.0294204379814989,0.0863245400348266,0.255895539723676,0.616574507156776
5662,0.0294557808645489,0.0866193285476619,0.261269501255018,0.668715739336712
5663,0.0294078593341817,0.0867066931812104,0.254953059780698,0.636459279535494
5664,0.0294632329034081,0.0871589156353955,0.258827590830323,0.664052374574426
5665,0.0293202508198382,0.0859519457223834,0.251653582953366,0.660857990512157
5666,0.0294100724842415,0.0872330416050881,0.253306481856229,0.677148634751676
5667,0.0294366073269569,0.087611573758941,0.254097513586148,0.677314832710816
5668,0.0292722222204806,0.0868123189394116,0.247429723150324,0.627309076798779
5669,0.029459231141113,0.0869794892596801,0.253399056513317,0.630153016947855
5670,0.029450521208799,0.0864653873427421,0.254522982766381,0.670246816386805
5671,0.0293775927644024,0.0871241189308796,0.258189114224781,0.652264770539637
5672,0.0293509760248998,0.0867800255164582,0.250185296331964,0.665370110222183
5673,0.0293211717599372,0.0874401042751945,0.252448029983746,0.68380402571179
5674,0.0294064761402269,0.0875564624104926,0.255956734668816,0.647389028052184
5675,0.0293477941978286,0.0874921274468608,0.252764810356882,0.61390497510769
5676,0.0293146639341256,0.0868363990087614,0.257320536187747,0.647691391292815
5677,0.0293226540076826,0.0863770211682794,0.254877947348561,0.674471763735659
5678,0.0294258968319126,0.0871642517844033,0.261172877851311,0.660359612712545
5679,0.0293092525544495,0.0869160363227165,0.25406767824928,0.678862184178201
5680,0.0294484071752471,0.0866363894411001,0.249221284845889,0.67533782875265
5681,0.0294615716789897,0.0862065069633447,0.25676678646526,0.636750372185145
5682,0.0293725235549549,0.087326982568281,0.253719447969309,0.68412952691761
5683,0.0294024179909314,0.0858899177625485,0.253103279845726,0.634534090987898
5684,0.0294708660214105,0.087487536667427,0.25301329745323,0.660193438542954
5685,0.0292842503217626,0.0864067348344364,0.255159505358205,0.68280499700282
5686,0.0294540334832869,0.0863331284220771,0.261133881944873,0.643327201914142
5687,0.0293071711543726,0.0864618868009801,0.249169427388745,0.639237759201627
5688,0.0293710592892015,0.0874305309016799,0.260834785310997,0.643168039086406
5689,0.0294703420892367,0.0866971952299393,0.254409271116996,0.662392967067687
5690,0.0293244835404237,0.0862556506767433,0.252190338480407,0.658506587677653
5691,0.0295167254147764,0.0873274958603395,0.255515421071458,0.64820046675954
5692,0.029416193097088,0.0870145489881722,0.252221092793156,0.653281291771531
5693,0.0293623464787576,0.0858938385467061,0.250689593332652,0.637936932110701
5694,0.0293358591938002,0.0865207510114031,0.252193502826377,0.65781997990995
5695,0.02941249739175,0.086529284008264,0.247664610550991,0.638211669798809
5696,0.0293963066302623,0.0864446814462309,0.259998781445528,0.665725295131907
5697,0.0292930582527799,0.0861250667496819,0.248814971709875,0.617805936396032
5698,0.0293035950931354,0.0865758575447156,0.257364739082773,0.684344777862334
5699,0.0294173948317959,0.0871947825201619,0.255509756948359,0.671840241927644
5700,0.0294254395214237,0.0866667812507325,0.25538236898296,0.659256472303143
5701,0.0293874229730046,0.0868838686067628,0.259660867544531,0.615691351252094
5702,0.029330515718447,0.0865173006659555,0.252433378299565,0.604759902890446
5703,0.0294043411151497,0.0871740854369491,0.254687071021259,0.657257677891055
5704,0.0293523127192336,0.0857509999339883,0.252165892739321,0.635063101540518
5705,0.0293752878131638,0.087411050772688,0.259507728051875,0.62878498073108
5706,0.0293880718292781,0.0860101090817973,0.249367479297586,0.621025086857985
5707,0.0294337937007317,0.0874407940920975,0.25236878679586,0.626876657504913
5708,0.0293722967598731,0.0867000195797647,0.25966481251979,0.659017364519265
5709,0.0294842296462844,0.0864352964127067,0.258784107071272,0.655526926428315
5710,0.0294696459370146,0.087091993730451,0.246692096171866,0.672737906220525
5711,0.029348127068342,0.0863180508005914,0.25289096118199,0.656847899710179
5712,0.0293310417814657,0.0860774950134669,0.255008987442374,0.657333518334536
5713,0.0294368289125421,0.0873988728452568,0.251036953574982,0.668373819466727
5714,0.0294014405731648,0.0862663474406211,0.256871571607511,0.663229578890566
5715,0.0292709747809775,0.0860251390936811,0.249510501295257,0.648245623122969
5716,0.0292978996106227,0.0861990508072096,0.252032832275767,0.662578721913472
5717,0.0293996303543557,0.0864096861666383,0.251902718094223,0.632851218902534
5718,0.0293357948328499,0.0871797467388583,0.251579221141939,0.690044068270624
5719,0.0293813923584926,0.0867662087021125,0.249363226215649,0.613154315698116
5720,0.0294295702908105,0.0871329898128036,0.260262480023282,0.665408262848596
5721,0.0293724121423571,0.0861447925623603,0.250997957993155,0.651029714696515
5722,0.0293769682560765,0.0861015152880997,0.258023759140201,0.678458917185711
5723,0.0293706033551445,0.0871920898143866,0.257771798603673,0.689250266001688
5724,0.0292943944129323,0.0864705764911321,0.251540237000003,0.636726392462382
5725,0.0293647876119121,0.0872813939360853,0.259796151553949,0.661761163600615
5726,0.0294273228531949,0.0858515262306017,0.247429440495936,0.659320325371092
5727,0.0294748099487674,0.0867254961988304,0.250081275541388,0.652776214504855
5728,0.0293655095717535,0.0868278185930762,0.256542778599729,0.665395888688346
5729,0.0294665084222852,0.0857438378879687,0.247879192502211,0.62589433043545
5730,0.0294021967291232,0.0865890426661911,0.258261054051077,0.689837002644474
5731,0.0293743942243615,0.0864769281470824,0.252882942877843,0.66749565727486
5732,0.0293386407237179,0.0858590370622331,0.255229191679563,0.657419696927121
5733,0.0293767850143626,0.0868101335810517,0.256361121801872,0.697918315412611
5734,0.0293593770930663,0.0867498430529455,0.259184107728408,0.650839585616918
5735,0.0294360618563981,0.0870351536123751,0.247617031963504,0.648268547335477
5736,0.0293842095244502,0.086512548044549,0.250976584445022,0.656519044231002
5737,0.0294244323676929,0.0868869498340617,0.251600678272828,0.638282882631509
5738,0.0294407366114061,0.0867643375924573,0.257478949059433,0.6543682672126
5739,0.029434228750078,0.0864563027981881,0.251959294475817,0.651181628632867
5740,0.0294688983057037,0.0866740984292322,0.254696929791248,0.666624329565166
5741,0.0294486789924035,0.0873214274140128,0.256297251253793,0.645204798892894
5742,0.0293570188688096,0.0856579282007642,0.24810592506246,0.681610812649378
5743,0.0294579584825711,0.0873474802105458,0.254735799392187,0.645311676045785
5744,0.0293784358275072,0.0858351571816086,0.24721201552753,0.697164067373631
5745,0.0293782520118425,0.0865031638199742,0.255566320468677,0.654506804165473
5746,0.0293880101281348,0.0872936660659456,0.257059701571082,0.665670349644046
5747,0.0293751224475754,0.0863167012272988,0.250526849418361,0.678169809420231
5748,0.0293307981180391,0.0870298054558655,0.254678801819423,0.627650210506924
5749,0.0293534895645098,0.0864098176541135,0.257987119749788,0.69052321067727
5750,0.0293916821680038,0.0860032023116119,0.252512013597139,0.688983632545066
5751,0.0294293311403197,0.086835069560639,0.246104308004541,0.630963028677475
5752,0.0294680683984932,0.0858297177182316,0.250633850612675,0.661491282511521
5753,0.0293590086363613,0.086760583660589,0.257909433454451,0.696162422930678
5754,0.0293819448405949,0.0861144574914698,0.250832586617184,0.67313489090026
5755,0.0293332205061032,0.0872383803615305,0.254711781117593,0.648260843198418
5756,0.0293535874910955,0.0865111392091729,0.248231426736943,0.690472014190699
5757,0.0293544439020551,0.0864536544466573,0.257613861624685,0.651039526874252
5758,0.0294659581593152,0.0860980004411286,0.261181639781992,0.709409766401274
5759,0.0294058369258309,0.0866325885720574,0.254376083427281,0.640491300380137
5760,0.0293954448400006,0.0876007944222315,0.260107882202635,0.681366348120806
5761,0.0294460131883299,0.0868417060697796,0.252206386810941,0.642393254640576
5762,0.0293943899287441,0.0868855217189935,0.250635210290692,0.621436405942363
5763,0.029488669624548,0.0868727620673569,0.260099518007158,0.627510666462475
5764,0.0294509357625972,0.0865671387262699,0.254081518529079,0.682989111778462
5765,0.0294197000567949,0.087178602207622,0.255512138244726,0.648356680662719
5766,0.0294471758176927,0.0865351437543056,0.250727786126285,0.68142940195315
5767,0.0295077686502752,0.0867690234454182,0.254398042790704,0.667157104969983
5768,0.0293365653030303,0.0858949288582592,0.252982962779553,0.618325885615164
5769,0.0292702764372887,0.0858379308744923,0.252320119226296,0.641598290332215
5770,0.0293930135423054,0.0862309298355982,0.257179764367685,0.681641755510082
5771,0.0293396354000478,0.0863586906513766,0.254622248145718,0.689428254580259
5772,0.0294401054699027,0.0861605916531635,0.249382207571824,0.6322857188407
5773,0.0294177093046427,0.0866154252132101,0.256495845772118,0.669109516670995
5774,0.0294208429465475,0.0862620890078653,0.249915087618234,0.632146693634056
5775,0.0293732182438495,0.0864931225216801,0.254908386923777,0.657312908848928
5776,0.0293156787454307,0.0868228186544993,0.251234932715586,0.661690457726632
5777,0.029418544394001,0.0874859385437138,0.254558223098005,0.663239844452593
5778,0.029350632709798,0.0866153502832746,0.252257021069349,0.657452641256102
5779,0.0294145056430867,0.0869024292649261,0.255241930186596,0.682385351539431
5780,0.0294247049362716,0.0873902898538474,0.255695698589309,0.653309332533793
5781,0.029472455926378,0.0872543333801841,0.263306307650565,0.654025746700879
5782,0.029300008717585,0.0862781261429675,0.256892934174705,0.640965680320912
5783,0.0293323000837736,0.0870062084648338,0.256788374286843,0.663324914107665
5784,0.0294615088917113,0.0866599629290059,0.25040050169597,0.644162057684776
5785,0.029459196058179,0.0860972994563484,0.254671108622799,0.661222171377687
5786,0.0293053080554548,0.0862845435583794,0.254872424353658,0.66652694434292
5787,0.0294526608321632,0.0858601025148387,0.251924910114922,0.65242253085063
5788,0.0293142424090439,0.0869014619102764,0.256735614430125,0.727532491332039
5789,0.0293773962300126,0.0866391484636418,0.250989343403442,0.64251459679744
5790,0.0293553482906724,0.0865046369841401,0.249946423891436,0.648686794288953
5791,0.0294194306582041,0.0871374600330101,0.247713230682568,0.635126626591398
5792,0.0293064112347718,0.0858363486075144,0.255072175253755,0.686970512115877
5793,0.0293977570121627,0.0872648783406128,0.24912743517817,0.671949382477882
5794,0.0293828269110169,0.0864168944251055,0.256007040696782,0.664063909817619
5795,0.0294227121701355,0.086714999295722,0.249106402042728,0.657519700459855
5796,0.0293649894630081,0.0862740648087597,0.251448273450266,0.663927155246762
5797,0.0293860316992296,0.0860840510285386,0.251484475414498,0.636110483886772
5798,0.0294234872688407,0.0862595511618656,0.250856996805578,0.631711848555882
5799,0.0294097117524992,0.0867000481911756,0.251604480420876,0.664184495195781
5800,0.0295316660083821,0.0864801101175234,0.252345830591798,0.622050081154639
5801,0.0293980881744519,0.0870022636423076,0.260543827934924,0.648658355880674
5802,0.0293566494504872,0.0861486659734751,0.251263092541911,0.658091207583916
5803,0.0293524378296186,0.0863849424056422,0.254349479352263,0.630208146341057
5804,0.0293809873254935,0.0867117663904245,0.256590422965812,0.664586420119022
5805,0.0293405709636186,0.0864162300094652,0.250926050189493,0.646355001129307
5806,0.02933896720562,0.0871131298361662,0.255758488825905,0.682192186881995
5807,0.0293854277476404,0.0872053960074948,0.249134799474398,0.697698322709262
5808,0.0293202305666022,0.0861835400614363,0.24839518460128,0.665740239424789
5809,0.0294394566070081,0.086469792536379,0.246783750444388,0.677195244112103
5810,0.0293946972038978,0.0860145717198785,0.251639259041442,0.65980408160052
5811,0.0293797263806691,0.0872930610003107,0.251668503282138,0.610491012288266
5812,0.0294673779100243,0.0864095478054757,0.260457006042716,0.61589135630681
5813,0.0293935843375431,0.086664708563843,0.251703122827007,0.644118071481741
5814,0.0295054907996828,0.0866909790561123,0.250753830299198,0.66089223713958
5815,0.0293520295468372,0.0866140745711456,0.250782827510291,0.675724165045288
5816,0.029338427969682,0.0864252295173059,0.256879842902832,0.689358615563673
5817,0.0294712509215199,0.0877676925235789,0.254322125083829,0.654246817851454
5818,0.0293292856802867,0.0873966021589546,0.261218846365986,0.643067065736618
5819,0.0294053028528711,0.0865147892626604,0.257074720275374,0.668882810577
5820,0.0294417938913175,0.0871033355306243,0.250705161466846,0.646118698917538
5821,0.0294016402587577,0.0860626970761321,0.245946167516358,0.670943853240131
5822,0.0294066980778772,0.0872325222989562,0.252969049774387,0.668271323690648
5823,0.0293588877537867,0.0870312322563922,0.258568695145483,0.656972136970079
5824,0.0294611019953492,0.0862787689261537,0.254277161881012,0.62978796838814
5825,0.0292838730070536,0.0855998367380366,0.247803217556318,0.620345679395548
5826,0.0294368219124998,0.0862931867018778,0.251757510271457,0.683598050067721
5827,0.0294539379428225,0.0866223345033682,0.25237304864156,0.663093047891087
5828,0.0294574166662994,0.0876049973327658,0.252624982394621,0.651493336631372
5829,0.0294007782179017,0.0867243512911955,0.256473517980081,0.659225683767605
5830,0.029382269402497,0.0862535085428082,0.252816972028536,0.691101377644603
5831,0.0293472613902882,0.0858954759230637,0.245419038153547,0.644813843353593
5832,0.029423766245517,0.0862785487186447,0.254118771365752,0.635177100706692
5833,0.0293774413670667,0.086460193885326,0.250383736991494,0.667942001186632
5834,0.0293827496620616,0.0864410217621981,0.254470437786289,0.642033433004406
5835,0.0293119985935576,0.0865914674879716,0.251147423366356,0.65528575696409
5836,0.02941883562967,0.0872055224324376,0.256703502530831,0.635285113020605
5837,0.0292816601776897,0.0871301372641367,0.257643875535997,0.657185459038037
5838,0.0293611953664083,0.0874213211263419,0.260812720363173,0.677183986320469
5839,0.0294144140950897,0.0870025933442703,0.251316114394575,0.628583720338883
5840,0.0294640461202943,0.086606948081437,0.250247769333299,0.668488076702055
5841,0.0293238635972363,0.0862099902245321,0.252201105273731,0.636609594057029
5842,0.0294163148332862,0.0863460938327825,0.257606096093727,0.673257685302083
5843,0.0293886175254575,0.0866281010795645,0.253425765824842,0.667611645439471
5844,0.0293221663768226,0.0858378755084145,0.250027426059644,0.66155698607106
5845,0.0294619686238226,0.0865026790028667,0.254309770603847,0.642842500688127
5846,0.0294589861524208,0.08747340533699,0.257146398621785,0.672977361168617
5847,0.0294122887521405,0.0861250457095283,0.251174559958128,0.616342022169634
5848,0.0293644100629535,0.0864848223460635,0.247519483645267,0.696911436343916
5849,0.0293354805775655,0.0865056837430735,0.253972328031517,0.652640830792073
5850,0.029394950752138,0.0864363228886761,0.250005394287786,0.619799189317783
5851,0.029355891423324,0.0863330558748319,0.255392235615776,0.655226100103184
5852,0.0293729952101077,0.0872546468817289,0.256562511870074,0.639637245700756
5853,0.0294031323970505,0.0865758831637213,0.256869825876993,0.684162460502453
5854,0.0294494452386362,0.0863959905832759,0.249824791054468,0.656844959808486
5855,0.0292462293960844,0.0861860971439659,0.251147183190779,0.661637755288647
5856,0.0294146067145109,0.0867204931028012,0.256717872820543,0.681281508251657
5857,0.0294781954533035,0.0868447624687319,0.254827096943052,0.687902840938997
5858,0.0294748947550485,0.0862975255409514,0.250848986539238,0.682615955424653
5859,0.0294322337204572,0.0875765868151268,0.257317061021995,0.642053488155562
5860,0.0294332717180118,0.0866706395339084,0.25596655747024,0.667174911235533
5861,0.0294105094065942,0.0878061515369753,0.25742075730804,0.652734758411698
5862,0.0293873103137812,0.0864519857112922,0.259870425815799,0.673133731321842
5863,0.0293835100747501,0.086735380658645,0.252770727528774,0.670619878621532
5864,0.0294038916262515,0.0867886467512696,0.263573464895722,0.676987772701226
5865,0.0294941867362603,0.086116647477861,0.253415394262553,0.654320193311358
5866,0.0294087375303101,0.0863294289573516,0.259733586604386,0.680732255101935
5867,0.0293531275424444,0.0870426017638552,0.249842767770029,0.669662184782211
5868,0.0294432165501625,0.0873807177792402,0.260377516978927,0.674679285235573
5869,0.0293987417920399,0.086236090542266,0.250268331031709,0.683094442820161
5870,0.0294347903351962,0.0874320451747635,0.256453095332487,0.709107383061915
5871,0.029353673789051,0.0864100035510143,0.252527459609149,0.679457909971703
5872,0.0293837706838603,0.0868414646472495,0.247323375301745,0.613902161620344
5873,0.029330230131494,0.0865812288339027,0.24870845494656,0.638608866075712
5874,0.0293962620073317,0.0871599112295135,0.252860183602262,0.666683614699603
5875,0.0294504391518768,0.0869064388556323,0.254221618591295,0.617218551008208
5876,0.0293978348159237,0.0872221136522397,0.249078338387849,0.649656667500391
5877,0.029328878954745,0.086396901524714,0.254611807290374,0.673148908601695
5878,0.029393074043344,0.0859633019234976,0.253519330760409,0.627172459840865
5879,0.0292589265303986,0.0864426394599513,0.254580647306744,0.664734190534533
5880,0.0293847430383007,0.0868390952376654,0.260219348661221,0.651556849800361
5881,0.0294247549929061,0.0876836935727077,0.264306048913622,0.707168101113253
5882,0.029347546703479,0.0873681395383156,0.262334249671857,0.675369424242245
5883,0.0294185419979772,0.0863016905956753,0.246007521071377,0.700993634254944
5884,0.029481357605921,0.086849346107823,0.256960285295687,0.719058835180091
5885,0.0293943209617733,0.0869229106525185,0.256977088825654,0.681528426132272
5886,0.029380878622854,0.0865860536264882,0.249152434412234,0.618625888643926
5887,0.029431497964205,0.0862590300053603,0.253016910687995,0.679495297648205
5888,0.0294880183877945,0.0874577791184956,0.251905459757309,0.630945890709133
5889,0.0293354276823442,0.0868731589299403,0.251430619910677,0.654059002397373
5890,0.0293519971919076,0.0866402093956679,0.25069415810002,0.647328467722129
5891,0.0294534336976253,0.0872528673918288,0.260879260531567,0.688780639237906
5892,0.0293835423167918,0.0862983005923854,0.255084650325778,0.692486353998296
5893,0.0293763775827763,0.0866641003342613,0.254374215291319,0.623530934599609
5894,0.0293761645596552,0.0860534830354149,0.251559994822251,0.670869825033094
5895,0.0294514100716506,0.0868348072583987,0.258053246073119,0.713916735958705
5896,0.0293507961168714,0.0863946154235358,0.256783090475401,0.6865461337269
5897,0.0294785480466965,0.086908149790227,0.253657110900069,0.631219551063364
5898,0.0293235297535443,0.0862479021261613,0.254266457873116,0.650970089213916
5899,0.0294405963948372,0.0857098836348693,0.256962074163472,0.654343862920263
5900,0.0294376665336202,0.086020846072448,0.254590609752382,0.676389558977253
5901,0.0294441017010362,0.0870310987445049,0.257276709169548,0.689979434042281
5902,0.0294019648511945,0.0863085652890926,0.248425948050019,0.617003507541324
5903,0.0294204710733779,0.0871936085829618,0.253275925507414,0.663888740476935
5904,0.0293869754691308,0.0872329425543829,0.254134254518946,0.67464023170183
5905,0.0294609831144486,0.0873252917438507,0.255934881346364,0.71776517208292
5906,0.0293650861408965,0.0858648277136188,0.252407654936479,0.67041490278368
5907,0.0294349830472406,0.0869004969666636,0.25782023717447,0.679113659024228
5908,0.0293182113243615,0.0869510338798012,0.255895262542729,0.676242984885461
5909,0.029430742604504,0.0871238597718547,0.253632020126051,0.641009162155544
5910,0.0293886548249247,0.0862428458555049,0.248600171044968,0.66831806078035
5911,0.0292962906604398,0.0866816900991531,0.253432618284606,0.664485005712009
5912,0.029390818162618,0.0863075871711749,0.253812521530082,0.641796184245311
5913,0.0293941524930342,0.0860956292352896,0.254624280713819,0.64562163732892
5914,0.0294205810339448,0.086496332688059,0.255885342769416,0.647124766878413
5915,0.0293564389139292,0.0857599814442521,0.250215794122654,0.665687408389201
5916,0.0294236563784968,0.0869361358555616,0.251360046585163,0.673757396525926
5917,0.0294600624173156,0.086997557486099,0.255197542247356,0.646333158843712
5918,0.029445422346287,0.087213292652624,0.248433885404096,0.637323917101952
5919,0.0294313900842771,0.0867111626546295,0.260249319151996,0.665565918210517
5920,0.0293143616234096,0.0873773921357756,0.255126562956957,0.66080543776136
5921,0.029336028838465,0.0862448546809361,0.250871768612698,0.647426435734733
5922,0.0293743575404963,0.0867983157321192,0.252099185724884,0.69884411938285
5923,0.0294252461474322,0.0866808369388884,0.259076662248712,0.659103313886451
5924,0.0294470889796011,0.086430457568328,0.259269405677253,0.659789245723491
5925,0.0293206461566459,0.0871151133763797,0.257492958678759,0.677290969111875
5926,0.0293708047324799,0.0870985962556793,0.25411716933868,0.651744131634797
5927,0.0293696703598019,0.0871643702697959,0.251369561903913,0.669117174596514
5928,0.0293506004125597,0.0863594531316605,0.253466519741502,0.70802063476181
5929,0.0294310418365219,0.0867004731268852,0.256560424443007,0.66842996914249
5930,0.0294001659755271,0.0868923753048074,0.258659164307238,0.685155366773805
5931,0.0293862000578032,0.0876980590501112,0.255847699830261,0.681734928601463
5932,0.029381856928416,0.086712413109444,0.257983756373969,0.642877088548031
5933,0.0293599719326697,0.0860046386104265,0.252854481696525,0.667344958445741
5934,0.0294473663952128,0.0864174550636846,0.250308634549894,0.681849648092672
5935,0.029433850171952,0.0869832147371269,0.253500563219857,0.653422988754385
5936,0.029392884484161,0.0873361675263368,0.256147521795944,0.634901006552794
5937,0.0293694611708341,0.0874963565404463,0.260367343094002,0.706328392884367
5938,0.0293261975317787,0.0863252777872436,0.256099918320282,0.694258762087731
5939,0.0294028521441001,0.0871848366630738,0.25495176143279,0.681041724658323
5940,0.0294087090335337,0.0869924462555615,0.260332660276987,0.693446444497695
5941,0.029497228986529,0.0869820540073821,0.253142007984236,0.624123993535002
5942,0.0293979460350076,0.085973089253028,0.250792888503543,0.633711903939008
5943,0.0293689218718116,0.0868529203699216,0.250993530864452,0.619534842165054
5944,0.0294203161824964,0.0859403204956417,0.251896188387036,0.654124391435237
5945,0.0294831338146162,0.0871090903026057,0.256696349211163,0.685333996401645
5946,0.0293565726502796,0.086700818920335,0.259507152966556,0.698682033279262
5947,0.0294252923184089,0.0863070088372944,0.26195237990278,0.683669738261882
5948,0.0294116676087475,0.0876919295867006,0.256030337997091,0.674790448583682
5949,0.0294666130681096,0.0872418704881345,0.255946202360773,0.636743647024866
5950,0.0294773108053874,0.0872747087567698,0.256180386205311,0.632715821522871
5951,0.0293963870338299,0.0864075119348552,0.25195990481947,0.662274910059852
5952,0.0294411113171974,0.0862729814193723,0.255890526519942,0.628070211374562
5953,0.0293711044309063,0.086852966046213,0.252768403473937,0.623618543207732
5954,0.0293584649170106,0.0864055433302205,0.251129031335712,0.661001957274715
5955,0.0293905375518551,0.0860476591359336,0.256185558523371,0.668756583438474
5956,0.0293437072743167,0.0863918374767315,0.253310411424442,0.628760373759946
5957,0.029462176809212,0.0867206316696026,0.255248127783236,0.701343933864277
5958,0.0293340956258663,0.0859153732872468,0.255603270507855,0.62523449384138
5959,0.0293971299087213,0.0865548737184301,0.258746408935463,0.702748484945291
5960,0.0294810982882803,0.0863353499507994,0.247488875458707,0.659098178219839
5961,0.0292783433272317,0.0867973907802477,0.250067629888225,0.644404840037553
5962,0.0294862024237808,0.0870987110419354,0.252437637827088,0.689084166227172
5963,0.0292967385018009,0.0857658513491677,0.246384336328943,0.644915600183262
5964,0.029463934901674,0.086968429039291,0.258694930927477,0.635745967374889
5965,0.029417395393895,0.0862455167131508,0.248416858338297,0.644925087788741
5966,0.0293762536559082,0.086263466540208,0.258805228604101,0.613989272651851
5967,0.0293784620775603,0.0872724553926166,0.25313256326881,0.618540835845635
5968,0.0293810605918942,0.0862462830955572,0.257832090374361,0.680193773485631
5969,0.0293811296890029,0.0860337655179723,0.248676386595061,0.66347678671827
5970,0.0293769221324819,0.0873561195979641,0.256366918960932,0.660792488495872
5971,0.0293496177641022,0.0870119033093376,0.252355091809926,0.636311144253689
5972,0.0294663834717757,0.0869599436234957,0.259003230768701,0.68340931502833
5973,0.0294274534431765,0.0864218222443879,0.251837889417161,0.655239966996788
5974,0.0293435812491616,0.0866496676556538,0.254945791051766,0.673537255639753
5975,0.0293280699721584,0.0875745991450415,0.254169434006055,0.685629960466616
5976,0.0293285267492027,0.0863100047567993,0.253729222527455,0.690364100132224
5977,0.0292682053416969,0.0866869360818515,0.251588377723,0.637459293597845
5978,0.0293152309118295,0.0862968388156985,0.255711755946106,0.619619733625796
5979,0.0293723793833411,0.0867151942343032,0.254096857919238,0.67291089531667
5980,0.0293663123641889,0.086322519879868,0.253960498423531,0.654082018025191
5981,0.0293994091151718,0.0870076771101574,0.255112802992135,0.611084336654923
5982,0.029404846295339,0.0862654785072079,0.248756616982733,0.670760843346155
5983,0.0294042208148739,0.0864305391492471,0.260858294828896,0.676200514868889
5984,0.0294129780329967,0.0873334004068878,0.256703160430577,0.642792651019202
5985,0.029492429225341,0.086555958544817,0.256809868892056,0.675275009520396
5986,0.0293524104784076,0.0874952374187246,0.258079392340957,0.658194463716706
5987,0.029381402838725,0.0865326426552659,0.259890716859342,0.70495311008603
5988,0.0293572428899608,0.0876121315371727,0.257196590106299,0.6528594277207
5989,0.0294417237904474,0.0865266443240181,0.253174077669831,0.62642952180928
5990,0.0295188831692943,0.087189610374264,0.254224149743928,0.65718428562719
5991,0.0293826918133691,0.0865842405122455,0.2504108334524,0.651293114008807
5992,0.0293888257143772,0.0865280659855828,0.253453740980013,0.64359026736919
5993,0.0294780063710244,0.0864820618576401,0.252611509675804,0.647566172927755
5994,0.0293376454334419,0.0860563191723338,0.254287105928775,0.673821481121194
5995,0.0292681108791433,0.0861966615813256,0.246476848959854,0.627074120754817
5996,0.0293689216557682,0.0865532468981212,0.246151952118191,0.624065421659548
5997,0.0294929229138915,0.0870035839171293,0.25346260980089,0.650058371387871
5998,0.0295169291208395,0.0875745712697546,0.260910155576472,0.693619392963536
5999,0.0293539453478352,0.086897222891854,0.261066310628904,0.648832539617973
6000,0.0294817249666871,0.0870204478583994,0.255075292067142,0.641317845183066
6001,0.0293905612289355,0.0870619379008682,0.258491919891062,0.650530118783001
6002,0.0293442098844098,0.0858729711580758,0.252412218413047,0.652001915718388
6003,0.0294118124818259,0.0866213696964226,0.252531165195024,0.637559647299777
6004,0.0293833538017564,0.0870835564008242,0.257726826404662,0.648357253928432
6005,0.0294014885139173,0.0863317552109244,0.248983786418827,0.681172383253982
6006,0.0293673010098503,0.0869555738687112,0.251591303987431,0.692416207105132
6007,0.0294154772589308,0.0860767994841818,0.252341634912367,0.617241264002008
6008,0.02946412543204,0.086296590301647,0.252043746068528,0.637297059619679
6009,0.0293998593736346,0.0861017058292248,0.248795312901572,0.675680025116584
6010,0.0293094527358784,0.0854094240038822,0.248296632386897,0.631660333699583
6011,0.0293713355969821,0.0872727365963531,0.251839025531172,0.678972134680409
6012,0.0294028154875982,0.087049649720179,0.254341249225289,0.66595890334876
6013,0.0293294135977882,0.0867780026429295,0.258949129287254,0.641250645901518
6014,0.0294343341621233,0.0867821341507589,0.258288418403008,0.666229227691393
6015,0.0293738885156745,0.0869146892008084,0.250891015576024,0.631840541335129
6016,0.0294704195232644,0.0877369323274665,0.254911201596577,0.671240417224626
6017,0.0294728885496154,0.0865766489893578,0.252556706496418,0.65817698958315
6018,0.029392352928803,0.0868542017251425,0.260931126472021,0.667883447662529
6019,0.0294130754005364,0.0862212269128759,0.256938162504361,0.615732705254186
6020,0.0294707507161615,0.0871433629805952,0.259948297913416,0.707516195776295
6021,0.0293687830914909,0.0867839491592262,0.257338618936889,0.66351048348914
6022,0.0294332928965118,0.0868480896882798,0.25130340789717,0.637559573195025
6023,0.0294178943242085,0.0871601351318655,0.250818750324105,0.66621530024571
6024,0.0294331605670766,0.0862429819119118,0.250424255616897,0.670192868609205
6025,0.0294909728727045,0.0868763088805764,0.253308636427561,0.684716994459597
6026,0.029438242853153,0.086459166050626,0.251230573468773,0.631126350903244
6027,0.0294370681160621,0.0874757687137938,0.255095003881582,0.661418719771884
6028,0.0293490890133356,0.0869369988554174,0.255490395336446,0.651225556176745
6029,0.0293894467182722,0.0860985788884878,0.253331437039904,0.666246893573824
6030,0.0294208495099638,0.0866895916479195,0.250736062704112,0.664158329446829
6031,0.0293735019811429,0.0867146675237939,0.251970601477037,0.656306944099448
6032,0.0294062502895257,0.0868183727885076,0.250733328639384,0.666534959205016
6033,0.0293281004570404,0.0868700784321365,0.25935974060846,0.732378677813569
6034,0.029401311744873,0.086643225768398,0.25922984926827,0.640760217713482
6035,0.0293832346887923,0.0868899241715186,0.255189339416958,0.678683002697464
6036,0.0294261445175438,0.087145841547951,0.254839862354525,0.657602034470326
6037,0.0293347091248233,0.0859836471975812,0.248951005861514,0.639591710488044
6038,0.0292862156326628,0.0865259721904851,0.254367851745498,0.630498274548907
6039,0.0293388288741711,0.0872082514511716,0.260325766732525,0.640286662058615
6040,0.029452846775133,0.0869552115125803,0.264304495130623,0.666914127126339
6041,0.0294520527725945,0.0862074824245588,0.256883535874538,0.668427232527942
6042,0.0293465164299813,0.0865667580917609,0.258047002900243,0.651710295519779
6043,0.0293896168423996,0.086761962719242,0.251762623707761,0.676294081244437
6044,0.029401306443093,0.0866339100751393,0.258608283225329,0.667621763562831
6045,0.0293519266061922,0.0863402595537646,0.25024735684603,0.640415326731475
6046,0.0294058094119216,0.0861000591688713,0.249891632893318,0.672066075928501
6047,0.0293815131050221,0.0862969238197951,0.252424244531473,0.638943679187885
6048,0.0293883201562705,0.0859617469984117,0.247983938690092,0.646880743122773
6049,0.0294759644424607,0.0878084503228957,0.257599317391429,0.670966577033922
6050,0.0294732927511188,0.086915886728842,0.255731766158536,0.635976615280836
6051,0.0294551399793636,0.0864320960113013,0.253884477959136,0.674714366757933
6052,0.0294245722649937,0.0875175669354655,0.256561049805632,0.667445436993626
6053,0.0293756610946476,0.0869566124807847,0.252458399773555,0.657490668168328
6054,0.0294652879934415,0.0868517332105808,0.261392249905404,0.720037358001784
6055,0.0294434722183411,0.0869511384693139,0.253704242729385,0.711327456152804
6056,0.0293755739154711,0.0863604727032287,0.246589802763961,0.657807096648748
6057,0.0293114304845726,0.0863230807319912,0.252752102255417,0.672963973033935
6058,0.0294063286258145,0.0870663886309939,0.258772475886255,0.653536654303335
6059,0.0293150242591152,0.0861509248410896,0.255319533645708,0.638044934569166
6060,0.0293762342030911,0.0863735072664912,0.25410724059695,0.640700316798371
6061,0.0293595729281366,0.0869693577674168,0.254645006908416,0.660958632290278
6062,0.0293813214155964,0.0871809748374749,0.25187605214237,0.653659161247732
6063,0.0294220674592091,0.0858690401210993,0.252632659424973,0.624218285222028
6064,0.0294052735058349,0.0876458974453142,0.255536482481241,0.64805437267182
6065,0.0294206066970659,0.0874805680775879,0.258836622318037,0.658613559604853
6066,0.0295065545403451,0.0866852586940684,0.260625964061188,0.702987326193991
6067,0.0294400130112184,0.0863076022078313,0.256263770147494,0.682396697778569
6068,0.029294994518999,0.0859641827684511,0.249953225313711,0.675898346067262
6069,0.0293578788879622,0.086884377069558,0.251690009663832,0.60912731601508
6070,0.0293781215638479,0.0865814733521954,0.261922345014087,0.665648979266554
6071,0.0293831082782065,0.086865932596179,0.259324270598078,0.716754373826676
6072,0.0293675905824491,0.0872393406124301,0.258279833043086,0.695492974693056
6073,0.0294682806433007,0.0867826920834739,0.253248465739124,0.644086050678389
6074,0.0294351244778072,0.0858394619842309,0.251610433336644,0.658713111352235
6075,0.029375372255853,0.0865730492016095,0.253114927738045,0.660579029864221
6076,0.0294573521933541,0.0857967674468721,0.25347668400302,0.64475591750416
6077,0.0293674670605055,0.0869805261184643,0.261062124571988,0.69847914368504
6078,0.0293153243044166,0.0876756554909827,0.257438800575237,0.661429768324343
6079,0.029427672774336,0.0870710910143205,0.260715479361289,0.68329510331457
6080,0.0293704411035367,0.0870310202505806,0.253618535139832,0.648560830821502
6081,0.0294456831617842,0.0867726371992483,0.250677664995953,0.648119324534506
6082,0.0294428850943465,0.0866043617135589,0.263684882347321,0.665933501050964
6083,0.0295043103009884,0.0873447149618713,0.25163028623816,0.675010115555605
6084,0.029432187029263,0.0869709807627557,0.253114549567498,0.662359211722379
6085,0.0294183577437186,0.0863075602546381,0.249449077250265,0.637983234935456
6086,0.0294205589081445,0.0867585918300296,0.252245302928825,0.640699718752707
6087,0.0293498753119986,0.0868075429217542,0.256143746853654,0.655556049147131
6088,0.0294039704767843,0.0868272283324277,0.257435414413781,0.680334893694144
6089,0.0293743267751562,0.0868048878873019,0.254858475457134,0.648772412726482
6090,0.029377950193882,0.0867449988595241,0.252956665060482,0.635510550621769
6091,0.0293141006981622,0.0862715511171904,0.24760938811069,0.614922524103713
6092,0.029416390155802,0.0874940074867644,0.259295035012763,0.658487659612484
6093,0.0294022703866795,0.0874924097118064,0.252591327633494,0.676039832167835
6094,0.0293256744900012,0.0868571970764796,0.247797441799125,0.643884267618752
6095,0.0294849249842224,0.0866249202143624,0.252241884125986,0.684673954296443
6096,0.029324998630637,0.0867563377836431,0.25484880777168,0.643821852836319
6097,0.0294275231179958,0.087031697383354,0.257923712999344,0.65164833469441
6098,0.0294060310892895,0.0866433069605751,0.254984034325911,0.69677876358322
6099,0.0293244626701928,0.0862066950887845,0.256116808275656,0.657291602352633
6100,0.0293737334270099,0.0863361195328858,0.258411074453536,0.643068815970435
6101,0.0294786047323967,0.086800256752433,0.248876074685632,0.64098659009608
6102,0.0293898205380369,0.0873702734439463,0.255843810973978,0.68516959719376
6103,0.0293521064174604,0.0870938766346104,0.251884557947969,0.623605607588929
6104,0.0294051157231896,0.0865051035348556,0.250633462555346,0.67513466822182
6105,0.0293304025014577,0.0865292563372992,0.253484660341014,0.681046145636476
6106,0.0293791585864846,0.0874184955966972,0.251981664707293,0.657956722805162
6107,0.0293885257712429,0.0860661320859097,0.256324282760875,0.641719832288331
6108,0.0294077253870332,0.0870971868450211,0.25657442121903,0.627599256775087
6109,0.0295637770706048,0.0877401321506533,0.256310854524761,0.693870646191391
6110,0.0294034458374795,0.0864804601146824,0.257274140574678,0.63320994342166
6111,0.0294316393845543,0.0864040998369332,0.256182325535703,0.607494085642179
6112,0.0294153729678581,0.0871656683561498,0.257718707194392,0.66170598978286
6113,0.0294202240066711,0.0868240254279764,0.25604396992971,0.660713934100451
6114,0.0293561184977151,0.0863809494404781,0.249965778145669,0.623003194406047
6115,0.029359096860303,0.0863118178542224,0.249535186797807,0.653547723966618
6116,0.0294314658178453,0.086363745444594,0.249289336870016,0.66644805925661
6117,0.0294276028218197,0.086043664762682,0.253413635526491,0.63959765323174
6118,0.0293060277116617,0.0858512862738535,0.25900132291667,0.721816079549239
6119,0.0293508674830848,0.0867801757205795,0.255846633754103,0.647450694395109
6120,0.0293568173658925,0.0871194869369571,0.252352913701755,0.646334627047976
6121,0.029449667473947,0.087044262990573,0.257571137406484,0.637620458879107
6122,0.0294560083612784,0.0869689731252553,0.248709344644605,0.652526167904103
6123,0.0293719230302941,0.0871257502505276,0.257478874300397,0.692338085169589
6124,0.0294237329383546,0.0863092982885346,0.254619601651095,0.63129740046184
6125,0.0294575665690005,0.0868822000132721,0.258226091549429,0.695519485800342
6126,0.0292948016075404,0.0860741930485636,0.254562030909514,0.664279519763789
6127,0.0294096053996477,0.0866020113834161,0.249907549124376,0.659994081136975
6128,0.0293866795938436,0.0861549986456888,0.248937104344932,0.644063090736177
6129,0.0294053828568666,0.0868835344544515,0.25695708540013,0.641616209016956
6130,0.0293851030800202,0.0868504873863166,0.253086283254399,0.624254581025267
6131,0.0294084842546266,0.0871871087335294,0.257031295219954,0.628006228515294
6132,0.0293358240659063,0.0870529391392533,0.260495071287116,0.667553100170822
6133,0.0294054764374323,0.0865343676362678,0.257089545902872,0.676908425436604
6134,0.0294065256241141,0.0870085973467935,0.253963612743935,0.677101681338839
6135,0.0294614916925103,0.0867105936350287,0.254844922336073,0.630488769904901
6136,0.0293329665471266,0.0863458278729511,0.254802983570377,0.678849830112024
6137,0.0293131034503822,0.0866720150056899,0.252928764219658,0.687032274553892
6138,0.029452647155547,0.0874935261147801,0.251702801688812,0.657463080908033
6139,0.029350198828627,0.0867675023151707,0.248260980012091,0.673662775628942
6140,0.0294473519199041,0.0867342889833916,0.25231199030071,0.631663033862798
6141,0.0294771980117382,0.0861964810212692,0.250095177078323,0.622836347731047
6142,0.0294055868289648,0.0872418777918883,0.253877501329245,0.672221640684926
6143,0.0293987466962339,0.0865532843270215,0.253634626818653,0.683189759020192
6144,0.0293886039162653,0.086754347782649,0.24966597798832,0.627570154391181
6145,0.029364441934491,0.0855336722732299,0.251136520914925,0.653843216947558
6146,0.0293320593364186,0.0874215704340669,0.252317715209697,0.692704755447818
6147,0.0293302019833947,0.0864763341759026,0.259216620833426,0.70954810390953
6148,0.029441946501338,0.0870570025603655,0.255668421257485,0.656925404510363
6149,0.0293775969507151,0.0861057059356402,0.25482973609814,0.63880265444764
6150,0.0294573651001757,0.0870199034820501,0.256888471012177,0.65476041679285
6151,0.0293917238638793,0.0861913597156795,0.250615163764633,0.648522188153196
6152,0.0294221706193191,0.0860180358805151,0.257377173849311,0.667012110099573
6153,0.0294013217708938,0.086383635283629,0.258354827097442,0.680225483538043
6154,0.0294081973822805,0.087068997530782,0.251294963577799,0.651296579014803
6155,0.0295297535922612,0.0866584652577016,0.249181920882465,0.634870459367225
6156,0.0294490262820421,0.0870292800825149,0.25332771265846,0.634484043743139
6157,0.0294234494433266,0.0871817052162207,0.251989308186481,0.644946149088855
6158,0.0293573677309986,0.0864577582569526,0.252247003903597,0.643230186066891
6159,0.0294245147121324,0.0871722324884011,0.251809661350079,0.640126572012198
6160,0.0294316683320382,0.0863627851755031,0.258621085808536,0.645991520181982
6161,0.0294025317635789,0.0863622177233592,0.249432466148682,0.665417496650221
6162,0.0294939116642355,0.0866230650642031,0.2536715090512,0.67623447145598
6163,0.0294274029891789,0.0868253552294212,0.259460001536575,0.689827128843605
6164,0.0294847560966043,0.0857279791068226,0.248473687378334,0.648853373532939
6165,0.0293876309870345,0.0874417195590148,0.25410360735998,0.661909904763631
6166,0.0293463802476128,0.0869614222643975,0.251779002452215,0.632555856343763
6167,0.0294000678369457,0.0869823498323402,0.252514391317252,0.680525076066165
6168,0.0294543414955566,0.0872608298975434,0.256210361563127,0.62011256854786
6169,0.0294392214921766,0.0860071469806023,0.263742717411307,0.661667809031152
6170,0.0293874772514666,0.0871717898511637,0.255056721968761,0.653957196327094
6171,0.0294116194707415,0.0869819072496588,0.25378115227641,0.654832539535437
6172,0.0293094506466145,0.0863035685697582,0.25530123450318,0.647656658865912
6173,0.0294754229633286,0.0862748769970263,0.255094003930536,0.63057217098366
6174,0.0293631425666603,0.0864294311284669,0.252478864327483,0.671156200732187
6175,0.0293681843888534,0.0861540733368261,0.250104679973738,0.630903187761566
6176,0.029452895434448,0.0861978075645464,0.25472297571979,0.697186150217531
6177,0.0293702391232207,0.0868794999507607,0.250234165161694,0.670815502390343
6178,0.0293286984136768,0.0857058618503593,0.249206451145209,0.619818017874549
6179,0.0294277984233577,0.0872451370515487,0.259327779858697,0.724597454704075
6180,0.0294488619375655,0.0862734652926598,0.247598304085112,0.643866951287935
6181,0.029430550691614,0.086569499239872,0.249927466723095,0.657503434563614
6182,0.0293305331607622,0.0861539951368764,0.246064866107625,0.677187997305812
6183,0.0294178929947739,0.0867397831135125,0.254433040648345,0.644677803156581
6184,0.0293897054613499,0.0865129468849831,0.256074587846175,0.702028753451744
6185,0.0294372545534597,0.0868886564469315,0.251144136938656,0.662532964208588
6186,0.0294164647070707,0.0865922658174607,0.254957852925231,0.713204062937822
6187,0.0293448999292678,0.086297016837409,0.247575835671168,0.66595014298814
6188,0.0294358626920391,0.0872310358246541,0.256877658593715,0.691026914528257
6189,0.02941176168203,0.0868540630975943,0.25103253185603,0.687860553649806
6190,0.0294115885234839,0.0864244901286314,0.245955400387301,0.651166251238054
6191,0.0293012088613161,0.0856875832491414,0.247158430552722,0.631506267062751
6192,0.02936920728378,0.0867858340875483,0.25192042559459,0.630428279044692
6193,0.0294411144919786,0.0868436730205509,0.258505707754234,0.667963017495376
6194,0.0292877183075173,0.0856117167127208,0.253784978162668,0.705096174761226
6195,0.0293929894807982,0.0862374321067517,0.251941082837273,0.671433200991976
6196,0.0294519916918196,0.0868499940743073,0.253639482052791,0.696539239264628
6197,0.0293528603242618,0.0860027315399909,0.249451325328897,0.642926715723826
6198,0.0293374169823313,0.0871125979672078,0.258403542197143,0.656516745663327
6199,0.0293704700874331,0.0861701981863583,0.249451022660269,0.660644264819464
6200,0.0293761958526093,0.0871099906647658,0.258804733395004,0.6437774377479
6201,0.0294302087292237,0.0859340524646354,0.248340621514559,0.653558888025799
6202,0.0293342274817657,0.085951347930129,0.244320484708339,0.629210417574219
6203,0.0294189594009188,0.0869066603356334,0.257032621711643,0.638216122876976
6204,0.0293712414256519,0.0870024857168251,0.255268388404239,0.64113428090813
6205,0.0293836325640487,0.0860176945349861,0.255999988640098,0.661812267351888
6206,0.0294313678716642,0.0875014215283628,0.257904292035655,0.65462052063143
6207,0.0293688734018221,0.0866580676695324,0.251480081489683,0.640103258849868
6208,0.02935230183722,0.0858164376579964,0.246000344544378,0.644172038311665
6209,0.029464875213783,0.0870254370938564,0.25449196402566,0.658758669713848
6210,0.029473488659643,0.086707194669497,0.255699206409437,0.664946700149043
6211,0.0293673282699621,0.0866012079663896,0.256859021919057,0.692963789487992
6212,0.0293456776813235,0.0867683068996934,0.259594468177732,0.646239315169153
6213,0.0294486267839824,0.0859742434145808,0.258717096693779,0.643423901448894
6214,0.0294064257354315,0.08665865195225,0.25292564762354,0.701387207067557
6215,0.0294306414466913,0.086119991494882,0.247593869588162,0.615525817982831
6216,0.0293969412181093,0.0862277201410516,0.249846582842988,0.641727153166165
6217,0.0295219193124951,0.0864717612781258,0.253685106603359,0.669733190593645
6218,0.0293809084935531,0.0871679420337078,0.252679709286343,0.644965756207823
6219,0.0293564343050501,0.0861727334916905,0.247614265124961,0.689124826819611
6220,0.0294299399509892,0.0868049195530338,0.255064330554722,0.677037346954894
6221,0.0293780743405921,0.0871683896471483,0.25873135326742,0.654234851770289
6222,0.0294727826654878,0.0872187271517946,0.256550837635239,0.694563058030917
6223,0.0293991174792418,0.0864530989263489,0.253132400434863,0.647456150905671
6224,0.0293435967102481,0.086119615370525,0.250451941430192,0.673872952820068
6225,0.029412676181206,0.0861054738469259,0.256466695346299,0.639423541503864
6226,0.0293487849855037,0.0868007702010584,0.255038552812545,0.675178084240403
6227,0.0293736405940604,0.0871593092745518,0.251249413674783,0.641568448987495
6228,0.0293544273546294,0.0863228609814334,0.250811937542057,0.646631020880628
6229,0.0293453232053579,0.0864814928761519,0.25741407230181,0.670314559881189
6230,0.0293365559500189,0.0865679317845177,0.247750982161453,0.645103628238518
6231,0.0293738666252613,0.0865970702290826,0.25549593386469,0.681919548097574
6232,0.0293963051916268,0.0875445863942855,0.258795658540901,0.687938121695879
6233,0.0294058279051342,0.0862814881628811,0.253189098904074,0.678329077546521
6234,0.0293222083792241,0.0861747332517217,0.251046899993304,0.64431917717997
6235,0.0293815913197836,0.0861525606664543,0.252693421624469,0.633574682628426
6236,0.0294066617874442,0.0869981686079945,0.260294587996752,0.642102463167208
6237,0.0293792230156813,0.0866408914668474,0.252317066436545,0.611202318486436
6238,0.0293529735794055,0.0867470228768947,0.257458206520855,0.665147596658297
6239,0.0294003380933237,0.086640362465638,0.255177776929567,0.64538123868029
6240,0.0294662358851685,0.0871809142760958,0.260217710098725,0.67195246843431
6241,0.0293075245680397,0.0862589375455824,0.249270435185188,0.646841054037051
6242,0.0294582100169665,0.0875671406186478,0.251165276459192,0.682773851920485
6243,0.0293421283071769,0.0866538402491101,0.260457925252118,0.615604866778771
6244,0.0294143451689463,0.0866961743924056,0.252290719877482,0.669236850965584
6245,0.0294055863563786,0.0859453810868025,0.25377684518905,0.65719888148919
6246,0.0293785889451291,0.0859610169364889,0.25263442746121,0.684863317060253
6247,0.0294167267708324,0.0865479280960025,0.251040420443266,0.653971402746032
6248,0.0293447377840527,0.0862868169941345,0.255926623745499,0.679346075774897
6249,0.029418420131435,0.0869808978698246,0.25313222364694,0.663616019600682
6250,0.0293607686890647,0.087793009515431,0.255516953844055,0.641181273804541
6251,0.0294357885105641,0.087130112234898,0.259426457991112,0.647284405545461
6252,0.0293728662177228,0.0861583309252422,0.252468703370576,0.655073746960164
6253,0.0294244038933699,0.0862882528615939,0.253190048059568,0.650091058350529
6254,0.0293924576335551,0.0862488161804021,0.254321807164847,0.689550890017748
6255,0.0293819355359525,0.0868044174941742,0.253134896071343,0.701021508452416
6256,0.0294376191731539,0.0869897426282915,0.256349560096344,0.66245353836522
6257,0.0293925467289515,0.0875829473491969,0.248015474053876,0.647306478438877
6258,0.0294425324532047,0.0868796244830922,0.251394839389919,0.635794697236638
6259,0.0294500927604331,0.0864810284105839,0.254428269558618,0.647596580638117
6260,0.0293748219783953,0.0867457598927798,0.255543706240557,0.682228775218827
6261,0.0293230413485623,0.085994874176969,0.2540626367059,0.705046915961021
6262,0.0293901071939218,0.0869815053428816,0.252301601027463,0.661233016214491
6263,0.0293096150561871,0.0856598932955708,0.256752720703394,0.641809341323637
6264,0.0294489348827465,0.0867794725068876,0.24978669370758,0.640075620547383
6265,0.029419899685638,0.0869040373388762,0.258315473775016,0.684615128136959
6266,0.0293627708055149,0.0860178417445884,0.250836476979095,0.647005799214098
6267,0.0294147250603454,0.086594301881845,0.262006139663605,0.649131424194756
6268,0.0293797207338636,0.0867735381533274,0.255066366691098,0.668942290069007
6269,0.0294020068763165,0.0857789228249474,0.256869349483702,0.680843804529348
6270,0.0294487169297766,0.086381906863909,0.25001078948853,0.644683695304746
6271,0.0293919315701189,0.0863911404195861,0.251051605233641,0.640189001110776
6272,0.0293441398984162,0.0867404331665549,0.252520674300272,0.650862972971115
6273,0.0293668744222352,0.0870419581057227,0.253230864207301,0.657184619831807
6274,0.0293451827114231,0.0865289251228226,0.252974931514204,0.646434089968697
6275,0.0293560107734456,0.0860659432934111,0.25265598736939,0.685130163035105
6276,0.0293833780495212,0.08590218350595,0.252383355154455,0.657348329517738
6277,0.0293206049018906,0.08616258653499,0.256556652589546,0.667493684162397
6278,0.0293849505788696,0.0860371064038968,0.25707756303964,0.647866144496979
6279,0.029477321023681,0.0867806885594325,0.248927294182017,0.635664792806307
6280,0.0293854724042601,0.0868828858514441,0.256092957068957,0.620328273214084
6281,0.029441113694307,0.0870782405660184,0.252945820775216,0.666614098418597
6282,0.0292659377532709,0.0860864822373113,0.251024117273181,0.667657498549892
6283,0.029509379544118,0.0861911377708529,0.249472887498444,0.682687029224579
6284,0.0294031521225282,0.0861230896421809,0.248490981995995,0.673422965614279
6285,0.029449897736347,0.0865319988919921,0.255395162497893,0.691895120416596
6286,0.0293929874247002,0.0864745658818296,0.256943971372738,0.671263478407348
6287,0.0294418459395262,0.0866121062086254,0.254186783514604,0.713754182507317
6288,0.0293746018454386,0.0872484465029819,0.257291860449434,0.625485071639107
6289,0.0293994160357577,0.0864222211354377,0.252489797307674,0.661200179950772
6290,0.0294379811097521,0.0868275327440436,0.253972161109812,0.626926758628188
6291,0.0293428220850948,0.0866579308010944,0.25146832517378,0.657971821512544
6292,0.0293629503208547,0.0871400259814377,0.258364133201269,0.691837840505588
6293,0.0295028274155547,0.0863844342100224,0.25741329228328,0.64080712612877
6294,0.0293669243304951,0.0871675514445835,0.254071548528884,0.669826482925806
6295,0.0294406951996953,0.0866189344154762,0.256304936446108,0.681647293426654
6296,0.0292988255443109,0.0865607148586196,0.252742483020606,0.641145656750623
6297,0.02934762038364,0.0872831472039234,0.252493219314178,0.654818139101988
6298,0.0293629829993079,0.0877386749386791,0.257420666035012,0.668255197541134
6299,0.0294051865667967,0.0870622813050875,0.24673237547816,0.699201201291469
6300,0.0293592603654648,0.0863144329245361,0.251279185006755,0.656748516030121
6301,0.0294502103828273,0.087133570325626,0.252739294444196,0.682533606501249
6302,0.0293219371170306,0.086147626915724,0.256099286485503,0.682165091671882
6303,0.0294137277643749,0.0871635067573105,0.25802794221239,0.64226780813669
6304,0.0294213863853034,0.0867848268639705,0.250377922740887,0.644074685324904
6305,0.0293596072695651,0.0861264363523682,0.252834459551666,0.649409949867048
6306,0.0294137781148261,0.0874310790698207,0.25800786529786,0.649896750622471
6307,0.0293380663007539,0.0867252712231335,0.261103991227727,0.676451437952814
6308,0.0294946948547454,0.086711326653739,0.251301762861528,0.63880817009381
6309,0.0294647670310759,0.0866649190459282,0.2547814131274,0.62773724047861
6310,0.029438981542702,0.0865693721068334,0.252599180101361,0.639317656533535
6311,0.0293689220549867,0.0866852296319601,0.252161130237293,0.652038550539563
6312,0.02939120601268,0.0870769447693238,0.261208891070362,0.651980635234165
6313,0.0293393614346336,0.0864530041789334,0.256993980477437,0.661500176601333
6314,0.0294350882859317,0.0874979639757306,0.252645518380996,0.662510564237047
6315,0.0293818662091642,0.0872697160973739,0.250891316174736,0.67167580932992
6316,0.029324131878976,0.0871119103395275,0.255611857909331,0.637364465145594
6317,0.0293322927466555,0.0854893713086374,0.25251146078053,0.649346085047655
6318,0.0293865720772947,0.0863647700353599,0.256627874948906,0.673330413002018
6319,0.0294095050521453,0.0865014799899328,0.255564635421141,0.712542548394259
6320,0.0295322135582287,0.086782737581591,0.259508321577102,0.670658773750902
6321,0.0293083670555005,0.0864272152314807,0.261363825104725,0.686904534403368
6322,0.0294076806765572,0.086515628802436,0.252079418888181,0.662287685365848
6323,0.0293851400447978,0.0876871353850937,0.264358873013746,0.681666044225484
6324,0.0293862339070751,0.0860240198139649,0.258644695787309,0.65686561565237
6325,0.0294176644184123,0.0864987963723591,0.255740910517179,0.664983613620308
6326,0.0294094981010146,0.0861291775626022,0.254206167295898,0.671537073260941
6327,0.0293641203725986,0.0865327378409924,0.253212964519755,0.62887232488805
6328,0.0293108830083181,0.0862129518173046,0.258727201879399,0.643913434951912
6329,0.0294067087649996,0.0871232497729038,0.259288000627669,0.718061353987476
6330,0.0294166905908276,0.0863762627697363,0.257852186075984,0.67802851832278
6331,0.0293457893215146,0.0874091789669718,0.258281247552928,0.668404351869009
6332,0.0293479802873224,0.086737150097426,0.25001483760199,0.649727273565728
6333,0.029392610773229,0.0863686508943813,0.254557066581176,0.662850400250297
6334,0.029454397349657,0.0869608709554478,0.257869804845138,0.673890043954835
6335,0.0294235786948667,0.0867121549505508,0.255468234539671,0.682373726003678
6336,0.0293349717331717,0.0870006007397149,0.252808632797981,0.642253783453639
6337,0.0292738129006805,0.0864173322857807,0.2512021207725,0.667580082456029
6338,0.0294312535384821,0.0869934494416243,0.254979337577689,0.646570237042726
6339,0.0292934582648072,0.0867828767650152,0.254146988588263,0.64835340631541
6340,0.0293780641402525,0.0859263816272058,0.247842639902708,0.636568102642704
6341,0.0294082298125197,0.0867063333412836,0.252525494960168,0.696999670242597
6342,0.0294790552657606,0.0860653535638996,0.246193834961271,0.627065058436339
6343,0.0294362636529247,0.0868930076732715,0.254162726419388,0.65055367522501
6344,0.0294174096373756,0.0861839450224606,0.256090596569408,0.647548673958871
6345,0.029389823808162,0.0866381503395072,0.25004686587096,0.680048319293
6346,0.0293725766797392,0.0866828771660188,0.25569397615483,0.645927896351516
6347,0.0293933425468203,0.087447637394057,0.254110625889382,0.649489165093247
6348,0.0293220219419145,0.0857776319685791,0.259010064596699,0.679088903357465
6349,0.029423925765021,0.0858742262972867,0.257086272685422,0.672281275321662
6350,0.0293643718569427,0.0857758433498487,0.247149417267694,0.64500761671275
6351,0.029413999838942,0.0869710308736234,0.255327428732964,0.662352407135203
6352,0.0294628821172791,0.0872823929341713,0.254284823129999,0.662281682094232
6353,0.0293686734581563,0.0867459493343638,0.253131607924596,0.654527410842056
6354,0.029426533421024,0.0873468800303449,0.25314192657484,0.642813394463816
6355,0.0294355652479625,0.0865491092233747,0.248463059997499,0.622370296222864
6356,0.029348827263917,0.0870290242310184,0.252583031695525,0.634432326973822
6357,0.0294536945574037,0.0863894469272203,0.254152925796838,0.673262675365985
6358,0.0293569914183638,0.0865462877712304,0.256747059172772,0.676650913665961
6359,0.0293885174919012,0.0871255694494796,0.25218163529023,0.65781981673569
6360,0.0294050702386281,0.0861188399797208,0.246623433265039,0.63181623673248
6361,0.0294389897964346,0.08661345862174,0.255098870249966,0.672937683783662
6362,0.0293395938842378,0.0871667338173094,0.253642789790027,0.668630683980688
6363,0.0293482935968094,0.0859519262180893,0.247749182089151,0.641939134088698
6364,0.0295273922812264,0.086177178590805,0.257317607297574,0.671889179881162
6365,0.0293865872551511,0.0871145154680798,0.259593716519258,0.628906919190392
6366,0.0293635130874175,0.0865322395776985,0.262781619597693,0.710627745156328
6367,0.02933936306914,0.08562190326153,0.2510503486577,0.666362200593604
6368,0.0294030301314978,0.086791872845129,0.254075578711753,0.681429475134838
6369,0.0294042589463284,0.0873332248715092,0.260605117803,0.679460257697216
6370,0.0294889471130445,0.0862650337515885,0.252671663283106,0.634919008647127
6371,0.029341463284897,0.0858906949373367,0.255445096857569,0.630726251335259
6372,0.0294488404014768,0.087602781197033,0.26473504205189,0.652063124613137
6373,0.0293395277520681,0.0864030764893186,0.25180985794777,0.687365064164428
6374,0.0294659603539849,0.0867770093479384,0.25379247142818,0.680078824306678
6375,0.0293686580583047,0.0858236168880307,0.251679277975142,0.657301850501411
6376,0.0294044529029248,0.0869796313997253,0.26019894054576,0.651385942499586
6377,0.0294578225771955,0.0864250402647435,0.264048722556895,0.668107823815944
6378,0.0293876231992308,0.0868866839839729,0.255766801102988,0.666060333828457
6379,0.029488007390737,0.0870298818286413,0.260591466125873,0.673750669517065
6380,0.0292811411930771,0.0864409538122686,0.2569218865564,0.6261649656249
6381,0.0293985196123779,0.0856329494620942,0.24942112128978,0.66039664032667
6382,0.0294982343615641,0.086627291619382,0.247767341397975,0.651186781578155
6383,0.0294027164731818,0.0866938904029597,0.252222348436652,0.654131791756838
6384,0.0293653915614034,0.0859001443308072,0.248016596757,0.639060628635154
6385,0.029422568073676,0.0859582312139164,0.255947471330864,0.62916628342895
6386,0.0294180072847064,0.0870498193158783,0.252229990809788,0.669817557134162
6387,0.0294186017132632,0.0861565330615243,0.24975993289329,0.655344470540376
6388,0.0295041913342685,0.086821149307708,0.255000025977402,0.637233715397655
6389,0.0294688152334352,0.0868283488754651,0.261207290464111,0.657570442110865
6390,0.0293856739330623,0.0872814139861936,0.260017430935105,0.652854975752211
6391,0.0293679204804838,0.0868230600042728,0.258184622811114,0.636119411255936
6392,0.0295450494762276,0.0865612862389957,0.248503302548048,0.633724902508683
6393,0.0293709881390479,0.087019688024755,0.255616059254249,0.676808036006962
6394,0.0294106644756146,0.086608329959806,0.253536271351242,0.650860536437033
6395,0.0294244304316096,0.0875160471624766,0.253934782502272,0.627828216253415
6396,0.0293705458920261,0.0863040105107212,0.254461026713133,0.64207858781216
6397,0.0293216492937174,0.0867164617884636,0.24780711347299,0.640808470856657
6398,0.0292876015664151,0.0857174797281035,0.253979129235021,0.692132985107669
6399,0.0294119243168162,0.0868152065432174,0.255582214794266,0.63910675966674
6400,0.0294519718958899,0.0864287504077398,0.260461767462514,0.66119448866786
6401,0.0293230320451955,0.086097062151404,0.249991767624446,0.656395755121534
6402,0.0292925152893255,0.0861706787611284,0.25763515262005,0.680303229876346
6403,0.0294191077244252,0.0864383795591212,0.252229003487832,0.708574117800675
6404,0.0294841008777109,0.0873606510470723,0.25326064977569,0.653782497639157
6405,0.0293986460105679,0.086975007604387,0.255613157856331,0.689275961419325
6406,0.0294926464872322,0.0868157599131825,0.258853029260012,0.689592376216347
6407,0.0294819601134742,0.0871362639791483,0.255105815505649,0.684291652299113
6408,0.0293914708502166,0.0869760761388245,0.252308844241065,0.654781567242823
6409,0.0294237902021198,0.0863862235349717,0.245121479065236,0.656713114381683
6410,0.0294678849568944,0.0876806518968296,0.25720222253626,0.650032237229829
6411,0.0293312521182977,0.0864320648046012,0.248375366924466,0.668983855162057
6412,0.0294832267785816,0.0867781155598259,0.253128725329985,0.660545217316526
6413,0.0294884788396748,0.0874093063255882,0.255404967694481,0.669891837729603
6414,0.0294239927593347,0.0868054468879668,0.259702992230697,0.700521605515679
6415,0.029326890194202,0.0861592716647404,0.251405606296163,0.668016741818718
6416,0.0294697164410842,0.0875592802792937,0.260018930499224,0.686566355062591
6417,0.0293519862575896,0.0871946213050943,0.258860652128169,0.66902859508914
6418,0.0294366699446013,0.0861788437253487,0.256841024994427,0.636754949229429
6419,0.0293952572871792,0.0870359711500479,0.252419917069963,0.651074198693585
6420,0.029374143653311,0.0865855993450809,0.256210614526863,0.672632430604215
6421,0.029339885802657,0.08754314245037,0.258172518292526,0.651516479104637
6422,0.0293665409259115,0.0864066906648006,0.258614388594739,0.680977159069102
6423,0.0294187906278662,0.085848390630323,0.253605527765196,0.653206880728105
6424,0.0294166036963737,0.0866755534027867,0.258274556158531,0.682578801897158
6425,0.0294073110107194,0.0862423906071306,0.252631270349787,0.650907136189684
6426,0.0294005671940679,0.0860477810295378,0.256629828472158,0.622314560826545
6427,0.0294447487289912,0.0872789654585042,0.251790253524243,0.671340512127976
6428,0.0294771422126469,0.0875051890656447,0.25647977701445,0.702319204001903
6429,0.029311492369446,0.0860964004080843,0.247411798589461,0.650953215385757
6430,0.0293333054126852,0.0862745257829076,0.254965609069212,0.684504116347394
6431,0.0294340074781648,0.0864664669915999,0.256740150106858,0.632779357478076
6432,0.0293379260139958,0.0862184896991527,0.262214807478183,0.638683476256646
6433,0.0293946946603294,0.0867428408924124,0.25191974185246,0.663971141755133
6434,0.0293107025454927,0.0864999095912444,0.253972719002357,0.666221194886309
6435,0.0295030827129264,0.0867932205225187,0.254481286688764,0.609126342907759
6436,0.0293118114033102,0.0856699217667477,0.251768962794561,0.687872917974306
6437,0.0293931782052845,0.086655942108114,0.254673679600689,0.63210631388965
6438,0.0293700502113987,0.0861485938479571,0.253836751774064,0.634778345814503
6439,0.0293848660854703,0.0863334271616428,0.25419817172919,0.640782814895592
6440,0.0293690619260839,0.0863931830042668,0.248853468490951,0.63698524768178
6441,0.0294417891612542,0.0864735501185345,0.25237247416663,0.674351038172533
6442,0.0293646324031406,0.0863415664489787,0.250209371015573,0.671874038481902
6443,0.0293741628650397,0.0866578374718083,0.254207651327712,0.678116561149727
6444,0.0293874376864396,0.0865082142273987,0.250709421985867,0.677425229013796
6445,0.0293907377664008,0.0869793696468529,0.250465556926198,0.68557407833832
6446,0.0293066943544147,0.0865553514480945,0.26039016467284,0.668665942823593
6447,0.0293506337061402,0.0868512964898988,0.26163640227158,0.649089370530321
6448,0.0294420878088258,0.086617922113727,0.262054874052827,0.719581220240224
6449,0.0294756757013582,0.0870106369089179,0.256761551408669,0.676939602706108
6450,0.0293422605612625,0.0866108173212969,0.250178893446707,0.667389580626429
6451,0.0292613016345287,0.0868055440057305,0.254943790300016,0.657825658041281
6452,0.0294383897086262,0.0867749682858901,0.251635589308599,0.674884056673918
6453,0.0294678107912325,0.0875920970533938,0.25356823027089,0.641246277406179
6454,0.0293504816623117,0.086448323801852,0.25939096110123,0.702750588954892
6455,0.0293989243476202,0.0864268703364168,0.260747662555486,0.711585400247992
6456,0.0294178188129691,0.0859771338179345,0.250173865209382,0.618773119031533
6457,0.029405718928518,0.0869788591006405,0.256901746381189,0.681550671443655
6458,0.0293688876149773,0.0866576477026532,0.255024237646015,0.629988478182058
6459,0.0293226001064158,0.0861128877134154,0.252178457741897,0.684508770718966
6460,0.0293505078441613,0.0863929586616106,0.246892566865934,0.659308908696047
6461,0.029383736406511,0.0860523556241074,0.246110629704275,0.645644268935013
6462,0.0293288808038397,0.0856889717420492,0.249168226316934,0.63741644644406
6463,0.0293430101414313,0.0870776148705543,0.25287269846732,0.692686744495388
6464,0.0294202964187848,0.0863081544171145,0.253524190510622,0.673992841688014
6465,0.0293340733411626,0.0857470654446983,0.25622741806585,0.653589657611527
6466,0.0294090748732829,0.0861922523236148,0.258533602707879,0.690790480265237
6467,0.0293528040746602,0.0861998097288986,0.249097950341196,0.636390157673876
6468,0.0294038013109634,0.0866452858567379,0.248618628850536,0.626030077546404
6469,0.0293324681908634,0.0868818919403564,0.252361785129585,0.635459432148908
6470,0.0293917095307198,0.0871599415088029,0.250267688099633,0.650149533676122
6471,0.0294632925507683,0.0869484857065782,0.25271790677734,0.632347084631615
6472,0.0293818900914958,0.0872736788805353,0.254283521104719,0.680367595010373
6473,0.0293273626914225,0.0864918840406689,0.256250260836874,0.683006164006069
6474,0.0293948852443263,0.0867897542416631,0.257628446960427,0.650265961123877
6475,0.0292727596429446,0.08688434062506,0.257118898086906,0.666268901183527
6476,0.0294447618754512,0.0861146937409152,0.254100207298923,0.626544108716109
6477,0.0294181193873296,0.0860419486150832,0.251138831811533,0.62147502471043
6478,0.0293739711547568,0.0864917872623922,0.25685637150586,0.657451660384996
6479,0.0294461770570322,0.0868078335870388,0.25668956594174,0.66614237638363
6480,0.0294157291671889,0.0862789558999997,0.247903070960148,0.63269553211492
6481,0.0293440961420238,0.0861506980983697,0.256629457380416,0.680674024743381
6482,0.0292908505992441,0.0865315659160873,0.254583333697599,0.696416400847737
6483,0.0293722284589772,0.0871007100292097,0.251166372102902,0.674959035896001
6484,0.0293645967125055,0.086290565751538,0.256765267819969,0.667818819926684
6485,0.0294684307781945,0.0862695429077977,0.25034618280583,0.606330442066785
6486,0.0293833147303704,0.0862674397282825,0.249978228383067,0.639781495007059
6487,0.0293874225756357,0.0873214996416247,0.256292096492004,0.679898645914866
6488,0.0293901292053067,0.0862900122834749,0.253156691325785,0.652070439897295
6489,0.0294195695103266,0.0867231030428994,0.255232663241461,0.686966522923119
6490,0.0294612580655948,0.0873260656546522,0.252666025408802,0.664824235529517
6491,0.0294769628293612,0.0862615290172194,0.250395369533261,0.631440958596361
6492,0.0293737930230288,0.0866647284161009,0.257088117412387,0.653003754275291
6493,0.0294892359376299,0.0863180652515993,0.252177649094582,0.641438072219633
6494,0.0293632765466628,0.0863750173135054,0.25314895770597,0.645415624149395
6495,0.0293198166035994,0.086465088789244,0.25639395609823,0.642763330162025
6496,0.0294675786503177,0.0871322715721718,0.256740479255857,0.704388316869916
6497,0.0293032986537063,0.0866122176277917,0.255316995998228,0.655061499067509
6498,0.0293018808949302,0.0864673373162868,0.250741839755763,0.663028134068188
6499,0.0294816044429009,0.0873400515590541,0.260263657658379,0.652920227659933
6500,0.0295120669141195,0.0872039491061632,0.25377895498919,0.663543965751835
6501,0.0293930490837601,0.0863992312505916,0.248101613598228,0.632922910646655
6502,0.0293457514906957,0.085818178791057,0.252467370044073,0.627551100105029
6503,0.029399074070176,0.087203864201277,0.26561552145894,0.676560637182581
6504,0.0294228743088843,0.0860964107503852,0.258365718191872,0.663557795531251
6505,0.0294895126335982,0.0873028738235259,0.254658562054211,0.684577718021388
6506,0.0293646231685668,0.0864304847045753,0.253519959019824,0.675043122637945
6507,0.0294897020773881,0.0865400883230256,0.25208761112539,0.696092017659743
6508,0.0293909849053643,0.0867432182382054,0.247902439038153,0.666929859459858
6509,0.0293973830552422,0.0866652756481149,0.257397894427404,0.640922491877489
6510,0.0295279691401191,0.08654115385214,0.24917463285949,0.682106017164431
6511,0.0294241054295775,0.0865278480028503,0.253289100524137,0.652379944783577
6512,0.0293217890771057,0.0854114033080864,0.248140792855559,0.617194876140675
6513,0.0293850809195733,0.0869116867894909,0.257539954183684,0.687241711762441
6514,0.0292975276167961,0.0869377751913319,0.251190002729051,0.660249087566125
6515,0.0294647992929335,0.0874080674215564,0.259397722825795,0.688776717987899
6516,0.0293111665965422,0.0860120999035835,0.257092183562135,0.648388982015733
6517,0.0293378171655773,0.0869571625404954,0.24897131095622,0.649193882387679
6518,0.0294798879453658,0.0883588035661386,0.252566908559519,0.64459972427701
6519,0.0294866911610634,0.0874039724077504,0.252587642072602,0.633281724284791
6520,0.0293531495952101,0.0870180542438602,0.257927726454124,0.665290255712408
6521,0.0294151865123802,0.0866666831889833,0.259286851501263,0.681399739015012
6522,0.0293717450763902,0.0860904244654703,0.258106382383795,0.632152345237479
6523,0.0294333614313766,0.0870470560102945,0.256460659027035,0.627349980824893
6524,0.0294277030744072,0.0865399452213109,0.257578716522799,0.681469225690138
6525,0.029294555001659,0.0857833580599467,0.250850011171858,0.691711024978535
6526,0.02938969855097,0.0863431838069107,0.249613973155263,0.671674112486446
6527,0.0292776513796874,0.0860221635187153,0.256894177086576,0.663208122008962
6528,0.0293794433703319,0.0861823543307268,0.250625126299745,0.638592083885926
6529,0.029396551828903,0.0867270217035543,0.254984327854237,0.655246200316897
6530,0.0294497261292671,0.0866381358038102,0.25798741381656,0.654493027663929
6531,0.0294434686160544,0.0867892849622019,0.258396690721076,0.687423568400288
6532,0.0293703117442871,0.0870673836534698,0.25659327961027,0.631535081374257
6533,0.0293396859936815,0.0875635891441404,0.255508039282508,0.649772654025043
6534,0.0295033341894627,0.0872651677733212,0.258069947156564,0.637244835962096
6535,0.0293704771784292,0.0867142881803901,0.256687363192387,0.651591240308018
6536,0.0294195356299656,0.08692154201071,0.256484567902665,0.638674857227227
6537,0.0294350765251292,0.0863173417475079,0.257406935799362,0.676593576307222
6538,0.0294315367567333,0.0868652749955155,0.255947840258752,0.616580714093743
6539,0.0293579043505025,0.0857247333441242,0.246069506858292,0.669397705124614
6540,0.0293871036411216,0.0865652344135074,0.251443118667599,0.641542616908451
6541,0.0293073334317879,0.0864411124862749,0.250674558237255,0.672046031055444
6542,0.0293891601605368,0.0858276769525929,0.246464614045165,0.714350651268873
6543,0.0294604085638479,0.0868692628970825,0.253062366403177,0.63911157881305
6544,0.0293804561655324,0.086012381109919,0.252943755368724,0.646167447754261
6545,0.0294504056805996,0.086600562957847,0.258288499720191,0.712300995416469
6546,0.0293548922314685,0.0860317889496304,0.251879983429047,0.679970146625317
6547,0.0294397636609898,0.087072532480675,0.249421700127217,0.645611059853566
6548,0.0293313099250565,0.0866933394031256,0.25638063812157,0.640142372263538
6549,0.029456190026585,0.0863527598802211,0.254731082068032,0.660233887046024
6550,0.0293841127564715,0.0864910994146326,0.255487410663769,0.690179993417719
6551,0.029350347928614,0.0872603771675346,0.254600488374858,0.684981315273192
6552,0.0293746394168871,0.0859467150976706,0.251293084539618,0.682478690070419
6553,0.0294021100087696,0.0867066796998183,0.25510279947771,0.64488511986404
6554,0.0294387705768088,0.0877033637848274,0.261714030058464,0.69437858658363
6555,0.0293836922314595,0.0858343602926218,0.247522037056071,0.651164126180985
6556,0.0294363838227146,0.085944124144131,0.250158553387477,0.638341743351342
6557,0.0293685091603075,0.0858031695446278,0.25447721114964,0.670175307321871
6558,0.0293310885618474,0.0864543092403026,0.251345619367804,0.651386882665868
6559,0.0293721125811835,0.0860892606609807,0.253111296179854,0.651341912711858
6560,0.0294734828414614,0.086603116335875,0.254702495664181,0.686548790767565
6561,0.0294109079067253,0.0862592673244758,0.246237272537443,0.673448836320682
6562,0.0293123798138636,0.0857749844332442,0.251291322300221,0.635026480046566
6563,0.0293976997031173,0.0873190744634006,0.266166847107701,0.67983176490564
6564,0.0294057003050681,0.0863168767539926,0.253902944407204,0.662021169129528
6565,0.0294628054271272,0.0872000486724625,0.259273924060543,0.681478342011534
6566,0.0293714527471459,0.0870113282872086,0.2501331918508,0.640390078891959
6567,0.029294322208894,0.0866030896869513,0.258742017643637,0.657459255706566
6568,0.0293293851438314,0.0858638704363369,0.24759838992321,0.644124839946954
6569,0.0294047729493654,0.0876719978934845,0.255024264468693,0.669317692236312
6570,0.0292945916425274,0.0859384204703706,0.250178134567766,0.657926447867465
6571,0.0294491913911931,0.0866270924290669,0.247865772603003,0.64790509812176
6572,0.0293024241528747,0.0860011553830496,0.254458910493526,0.673116412578143
6573,0.0294397517852958,0.0863454769633812,0.259745469099374,0.671110208885548
6574,0.0293649725798744,0.0862624185341054,0.250347344330365,0.637904007808463
6575,0.0293201574595875,0.0860778414600374,0.255019877191234,0.653036481136838
6576,0.0294485399954347,0.0860515393621911,0.255835921415338,0.661353933508543
6577,0.029353335843365,0.0858084944155072,0.253310922297898,0.636479348079294
6578,0.0293835693445642,0.0862056316948734,0.256474595152533,0.6409101262168
6579,0.0294258071960144,0.086654855475627,0.255321437248868,0.672693573386751
6580,0.0293960522546938,0.08679983428574,0.248297351759481,0.630043881470798
6581,0.0293645298865218,0.0868926144652449,0.253908584679411,0.661659039251714
6582,0.0294832388881191,0.0868791880685428,0.25465164048263,0.686844293682671
6583,0.029353244706877,0.0867050381434658,0.26155324180808,0.663674242951327
6584,0.0293777832524316,0.0866716280151652,0.251388356795771,0.677040325024802
6585,0.0293256685886923,0.0863189350970806,0.250794187462391,0.628645128390932
6586,0.0294170902384307,0.0863861569000123,0.251707439413517,0.702951764885723
6587,0.0293826022402502,0.0870817136929225,0.250495026934718,0.651903438837136
6588,0.0294308407989461,0.0870537864464736,0.256156723305246,0.635467209296001
6589,0.0294440485834362,0.0870922410042373,0.256105780486149,0.655802519666514
6590,0.0294288283888162,0.0880949327870474,0.262471015105422,0.644107394057308
6591,0.0293825189302203,0.0862994250285124,0.257929872643328,0.654389707538095
6592,0.0293586837157042,0.0860800815131093,0.257616884617485,0.645979949994743
6593,0.0294195128422428,0.0865787792452508,0.251493342222731,0.621503323087144
6594,0.029492640048996,0.0874495719553448,0.251492761894449,0.660920433296156
6595,0.0293688902929556,0.0871704916034719,0.251013565321302,0.656911398467289
6596,0.0293833070302906,0.0868301353568489,0.252358826457103,0.673861654204331
6597,0.0294428233958099,0.0871079228249442,0.254073463058379,0.617479140338456
6598,0.0294532014035429,0.0864916887011877,0.258218967779669,0.640478540464601
6599,0.0294046724425268,0.0859504617997603,0.254339724041032,0.668693130080799
6600,0.0293956018922236,0.0866812926339162,0.259746320929502,0.689132687104806
6601,0.0293993287195842,0.0870501512313167,0.249117090649611,0.679406283087886
6602,0.029363255740875,0.0857021263407779,0.25132440891647,0.67203880269219
6603,0.0294657954623245,0.0866560539758533,0.25139064776895,0.66740171778578
6604,0.0293513971114386,0.086374660050419,0.259119588953082,0.626735491500078
6605,0.029487800631845,0.087168876608251,0.254475481389162,0.677266251553818
6606,0.0294216200264941,0.0861670919409811,0.254366054216992,0.652437441883332
6607,0.0293594913934441,0.0864016167552068,0.258898194117555,0.64749460600333
6608,0.0294922899739755,0.0872694170853185,0.258003975520839,0.676090720137794
6609,0.0293668965716307,0.0866943834737684,0.253598276982074,0.679802509234373
6610,0.0294615071182121,0.0869931386798073,0.259088023227382,0.6623111344529
6611,0.0293994833389376,0.0873480046026194,0.2618592396848,0.6964268520827
6612,0.0292694518921958,0.0859225099103572,0.250089638866611,0.699143190890924
6613,0.0294903095393932,0.0869930795581791,0.256806492630375,0.642024426576986
6614,0.029441513746205,0.0860855564902806,0.250933307776539,0.65663759666419
6615,0.0294549523183644,0.0860552254194876,0.25238871425606,0.67655911233551
6616,0.0294220865159472,0.0877052640561781,0.249714202512325,0.65253872478773
6617,0.0293562719924857,0.0867220532228003,0.250827610729621,0.650352165635823
6618,0.0294682790073122,0.086140812980688,0.25479127837841,0.70229968607937
6619,0.0293506887410879,0.0868667522842061,0.249191997560132,0.67502921260806
6620,0.0293462702115744,0.0858416276769329,0.253922955130596,0.645492732909395
6621,0.0293193268174195,0.0860242552365683,0.256362238851037,0.682690358365685
6622,0.0293901341226208,0.0865694477319283,0.255594309502149,0.672590404819255
6623,0.0293956162151315,0.0867235169747397,0.252035083236327,0.666544583828023
6624,0.0294152050465087,0.0866925917805893,0.256981493976251,0.667646868531809
6625,0.0293660168501457,0.0863010089836808,0.255708173663326,0.643058206729275
6626,0.0294056568385577,0.0867508091584421,0.250741362970982,0.663997763897213
6627,0.0294776908107623,0.0867865748846485,0.253578492733995,0.649188574174447
6628,0.029464678370422,0.087779563679508,0.258645488509513,0.655760885251141
6629,0.029480201148379,0.0866632769464837,0.248638848144061,0.636354639743197
6630,0.0293500242756659,0.0866241273743917,0.257038284583508,0.691277326151477
6631,0.0294469735297342,0.0863730917324228,0.260616158262352,0.653696852350758
6632,0.0293961324297469,0.0860547545948426,0.250189013642273,0.674179219977118
6633,0.0294120252819138,0.0873211993369394,0.254963284433464,0.627539709888189
6634,0.0293453863753297,0.0855132757716842,0.251667324641091,0.629715105032554
6635,0.0294585235785285,0.0864365717431531,0.257216574461382,0.642013481682422
6636,0.0294213780995083,0.0864692861859496,0.252213272869926,0.661851721709339
6637,0.0293159245710823,0.086823081831499,0.253112205930204,0.635999342284497
6638,0.0293408723502641,0.0868983974747534,0.254035128829489,0.653914290147204
6639,0.0294005908263255,0.0867800266893658,0.259910475100626,0.704997237185302
6640,0.0294567783479882,0.0879844159237627,0.253642908752632,0.637206636600614
6641,0.0294362694099349,0.0871643336107831,0.254550299810209,0.683905825680267
6642,0.0293653739892523,0.0856509133920901,0.252778342512349,0.641928935864872
6643,0.029383909504866,0.0859698666647139,0.249201808184805,0.650559036114627
6644,0.0294694879219901,0.0870312707432752,0.256784442086392,0.670339869830694
6645,0.0293910630025682,0.0869135698775516,0.254471416065947,0.680659893600262
6646,0.0293537936541385,0.0859372699970625,0.248887271854009,0.700732373943609
6647,0.0293682587152894,0.0858161813344558,0.255472188854761,0.664007979844204
6648,0.0294027978824332,0.0857857292031676,0.262073995494204,0.691068559630138
6649,0.0292862950709438,0.0875556902008221,0.257127807116045,0.657964224900028
6650,0.029423650717977,0.086637943445997,0.250241000269536,0.648015311727921
6651,0.0295144145790038,0.0868486301573505,0.253249890392765,0.649724817801833
6652,0.0293648634550754,0.0864340216058555,0.255352659541189,0.621564821846887
6653,0.0293831789380272,0.0861863015745734,0.251261197444536,0.69016558098703
6654,0.0294268567652119,0.0860970918286136,0.249373000766296,0.645283611022069
6655,0.0294068740148209,0.0878837861956127,0.252583547973088,0.632608060370015
6656,0.0293490788197338,0.0866334127122231,0.260988425239843,0.686945625022506
6657,0.0294874872484444,0.0864708810489133,0.2526632770106,0.676252029492162
6658,0.0294866752771915,0.0865470751698816,0.254306775375923,0.642668969950019
6659,0.0293756734845369,0.0869636110609812,0.251729565087007,0.665452586086611
6660,0.0294593687100496,0.0871643267161819,0.262461460623396,0.652319312720061
6661,0.0293937923096481,0.0868912235114341,0.253599775188332,0.64516830219056
6662,0.0293692019712933,0.0866399121635589,0.254762796418581,0.666518907869655
6663,0.029330776660081,0.0867459534299577,0.255095807963904,0.676559963210487
6664,0.0292749466930638,0.086559576394134,0.249241963264299,0.655918146295535
6665,0.0294241919024017,0.0869621443529664,0.253841356632283,0.662786894708651
6666,0.0293298859163112,0.0873057885433405,0.263370812641442,0.620384425824413
6667,0.0294488185079838,0.0865370633099078,0.252864803464091,0.634645156711845
6668,0.0294175211511501,0.0867830503668034,0.25199495747392,0.628861302250915
6669,0.0293809129296271,0.0868282838337057,0.255827893585236,0.646654227203124
6670,0.0293577799827502,0.0862174094927003,0.248595412272093,0.646046467236466
6671,0.0293376659013618,0.0867804679888367,0.255271467522943,0.630127112401547
6672,0.0292934884287144,0.0861912423651752,0.250942887679462,0.621403723807554
6673,0.029447276033645,0.0862615172335167,0.258908573894277,0.642100709530788
6674,0.029385395713469,0.0872540476201579,0.252929065777077,0.688017993015881
6675,0.0294473439653018,0.0868390214776775,0.256277530576767,0.699929459536144
6676,0.0294063455479146,0.0861255139567576,0.24814585860439,0.625229746954091
6677,0.0292533296715803,0.0865569673430025,0.252470091608669,0.651456126446543
6678,0.0294392213086914,0.0873543037030134,0.251711521566026,0.672086791700858
6679,0.0294270584605449,0.0863363153316196,0.250347754209816,0.643518045317987
6680,0.0293999624046442,0.0862555989429795,0.255676333870302,0.666736748777419
6681,0.0294123800635561,0.0863856003921482,0.253801891924317,0.691127941405649
6682,0.0293459307813077,0.0857409897838225,0.251408429455179,0.626390986521539
6683,0.0293853842781415,0.0867844963143088,0.254314269365833,0.676470558950818
6684,0.0294205162572945,0.0869035238073448,0.251918292095893,0.637940042288401
6685,0.0294217480456692,0.0861089884907871,0.24457398367655,0.665449589469355
6686,0.0292982610374145,0.0861841756161231,0.25601776232286,0.671255168170032
6687,0.0294360613625173,0.0875572357744682,0.258359434934506,0.693863935257447
6688,0.0294177470932481,0.0868968674058608,0.254754263919662,0.664712890801975
6689,0.0293155767241805,0.0866260246729422,0.253736295874903,0.658649390371482
6690,0.0293588265068751,0.0866312709721585,0.252530498988455,0.681413270758731
6691,0.0293725665306047,0.0862899856436989,0.252127857861621,0.699003059305697
6692,0.0295118694819097,0.0871484207608488,0.258950674204065,0.622885317715753
6693,0.0293981896495682,0.0870463353986372,0.252624933028663,0.673370531411831
6694,0.0294087245179799,0.087752565316062,0.254437806790107,0.642041523927545
6695,0.0293372067069789,0.0861401687364157,0.251891769460597,0.651955316170895
6696,0.0293731387270222,0.0869848866453372,0.254936067060403,0.65795547856337
6697,0.0294754499177474,0.086480078350617,0.253778971631775,0.660918700822189
6698,0.0294134956414002,0.0868127419374201,0.254094141306481,0.685927175636255
6699,0.0293556362899799,0.0877261504268151,0.265333119949841,0.699027797596155
6700,0.029444707807645,0.0872004981661181,0.252990162429435,0.688763306343182
6701,0.0293624616934839,0.0867248897490425,0.2547749224243,0.680423572026603
6702,0.029406204142955,0.0860688593018294,0.248136907064831,0.642220939340564
6703,0.0294413299305993,0.0866167072082824,0.251186114361493,0.648945860535466
6704,0.0293385310800369,0.0863693882113116,0.246758403549257,0.664973183083141
6705,0.0293962323537421,0.0865678468512494,0.24925325309732,0.622691851030509
6706,0.0293300303302374,0.0861888636686062,0.249867294756481,0.658780676862202
6707,0.0293521363295629,0.0871335516629052,0.262833165880165,0.688782866779485
6708,0.0293130626564057,0.086317377442888,0.261045204211775,0.64565165772279
6709,0.0295097353802536,0.0864626413167703,0.255342130427641,0.655469740435054
6710,0.0294347760301983,0.0867374461393228,0.251785027779434,0.66021451736387
6711,0.0293036824895632,0.0864435074424737,0.256365089506145,0.66151396949439
6712,0.0292954644911427,0.0865513703325554,0.259387151672261,0.67390851470471
6713,0.0294556595409037,0.0868053734812028,0.259044703614621,0.670015121520752
6714,0.0293012392340831,0.0865703530976632,0.249569004137768,0.628043366121252
6715,0.0293815685842921,0.086301483516093,0.258671852158538,0.61636767226654
6716,0.0293895795727485,0.0869016232719319,0.257419126499455,0.683057471701864
6717,0.029423877351164,0.0873911554100037,0.25601297963231,0.705785321887895
6718,0.0293021986537829,0.0861572402408698,0.246837235682861,0.643482589663009
6719,0.0293527432952602,0.0875662791582403,0.258767079870661,0.655807526325008
6720,0.0293365704116001,0.0862597643926566,0.250309144365693,0.653670193122055
6721,0.029502743177914,0.0871144907834021,0.25497875276939,0.649646738416461
6722,0.0294453399111579,0.0867791912890389,0.251233999888344,0.643197875807484
6723,0.0293762013185731,0.0863142326541086,0.257447995016014,0.681878368318379
6724,0.029420907550343,0.0872248897845186,0.253846086103443,0.658596406309904
6725,0.0294364107909043,0.0864783761847314,0.256010782897567,0.669966624011845
6726,0.0293619351069293,0.0863180257884498,0.250601833426022,0.642608272241413
6727,0.0294496098345031,0.0869859542687706,0.253210465835068,0.675336588695882
6728,0.0294284634024261,0.0864848870401372,0.256346758655393,0.651842035270648
6729,0.0293684512321143,0.0870202834676713,0.254474825965976,0.6607114309075
6730,0.0293140725178779,0.0860902646538425,0.251493868578415,0.698566169417858
6731,0.0295069423724031,0.0867672712689518,0.255554142046845,0.660676676106648
6732,0.0293379560223781,0.0862516667471283,0.257378927501806,0.658507384005765
6733,0.0294002496435231,0.0871989183493516,0.253423505227357,0.658975942900713
6734,0.0293860426821407,0.0856786677718145,0.249644936529206,0.673867993691481
6735,0.0293544631508667,0.0862558141112246,0.254018096126889,0.661031306724477
6736,0.029390581287063,0.0869226909648774,0.256637754184295,0.669369517897203
6737,0.0293388406722801,0.0873980276126729,0.250388390059144,0.599571321766957
6738,0.0293444575846058,0.0874553589189473,0.249022932009578,0.666118679470684
6739,0.0294197503265652,0.0864513546769655,0.251435369823449,0.629918301558966
6740,0.029364630130961,0.0861287164157225,0.255825587874499,0.667039309512604
6741,0.0293862850837484,0.0865506102737591,0.255837116128761,0.680124183242413
6742,0.0292820669406323,0.0861973303624218,0.24907490224225,0.656982892200877
6743,0.0292977314344344,0.086681503478113,0.261328137138914,0.64362880562781
6744,0.0294129930256925,0.0865070565344918,0.252072426788828,0.620861093673137
6745,0.0293597202346602,0.085824443601684,0.253330415134561,0.614803394887114
6746,0.0294067812897254,0.0868001807140135,0.257798210136895,0.639249523956592
6747,0.0292997781976402,0.0868633275445088,0.258759135814276,0.645379612878703
6748,0.0293705276357234,0.0857391177469823,0.255205662694762,0.6890606960153
6749,0.0293333412814961,0.0865523107178052,0.257533546042427,0.664135763079573
6750,0.0293635053761533,0.0868623359427594,0.264443598493805,0.675490269393362
6751,0.0294479717447847,0.0868806771556296,0.259645448693833,0.640223888727819
6752,0.0294508284725306,0.0864847167749321,0.248378161762844,0.651918057628112
6753,0.0293899427692627,0.0870836032659191,0.255368307828604,0.667239456541043
6754,0.0294148099507908,0.086787572112833,0.250589431988174,0.63369713497208
6755,0.0294985121718716,0.087799598472756,0.253746859682749,0.683930541904677
6756,0.029416414750196,0.087180285983123,0.260580245735522,0.689863926466007
6757,0.0294759277722963,0.0869123419881088,0.255790768951573,0.68060434100326
6758,0.0295208756434966,0.0866098979515467,0.252690939727938,0.641391253697314
6759,0.0293879917151326,0.0871646971689583,0.250952068579839,0.677309563165372
6760,0.0293098356903055,0.0860814306160087,0.254534218277395,0.631307367141866
6761,0.0294234708541906,0.0867132237642873,0.255978359291349,0.660433381491627
6762,0.0293906476154393,0.08711512843742,0.253358494339484,0.626929927704141
6763,0.0294110237754015,0.0871246707986515,0.251648812561596,0.683056344858232
6764,0.0294393310162734,0.0858720929175498,0.256627044611881,0.664055493246415
6765,0.0293934405080015,0.0868970068584131,0.253223227535647,0.651976440443766
6766,0.0293365443222106,0.0863071123329002,0.249092278506903,0.639797668665039
6767,0.0293874036573477,0.0868100242610778,0.260968063080597,0.698488817363768
6768,0.0293846238581451,0.0869673350110328,0.25694609808782,0.639538034754879
6769,0.0293820118811132,0.0865072524226409,0.248430625772501,0.648161110285591
6770,0.0294489240420886,0.0874847123163921,0.252880550893795,0.644506936044427
6771,0.0293387327581936,0.0860447027157792,0.252101238244538,0.615446890090896
6772,0.0294344540947972,0.0870135952281615,0.252907433540917,0.677021179194454
6773,0.0294505699508601,0.0875107142304286,0.262118122840009,0.66657958070776
6774,0.0294016599746201,0.0870265080012047,0.260033763227759,0.680312391992434
6775,0.0293723981922197,0.086807782668962,0.249787830465823,0.640992568004103
6776,0.029426985128802,0.0865130919362159,0.24611906500424,0.680071428119591
6777,0.0293839894819405,0.0867821539989921,0.260998734635398,0.660302186223472
6778,0.0293165675245409,0.0862377083960282,0.253285547597794,0.655733988793618
6779,0.0293691771138029,0.0860923195667402,0.246398112955697,0.60487214635515
6780,0.0293840827555216,0.0863447173519025,0.251900611208813,0.628105400196913
6781,0.0294048627971935,0.0867102220953848,0.250478216255392,0.647225395730341
6782,0.0294324856760706,0.0866557788813375,0.253636105345583,0.622188662697883
6783,0.0293435664705531,0.087157202896055,0.252032717674369,0.686311566175656
6784,0.0294281134914821,0.0859098805346343,0.252512011318155,0.702618517636151
6785,0.02938808051081,0.0866659350918611,0.251217509796009,0.655629257783801
6786,0.0294342721514287,0.0865068955355038,0.251465746942213,0.644000656709655
6787,0.0293925758471044,0.086531026447142,0.255964939508906,0.646407131052012
6788,0.0293824988907255,0.0871771054191901,0.25588968711742,0.64727432133131
6789,0.0294372862212409,0.0866812271332351,0.256100788202497,0.651610012633394
6790,0.0293969829330885,0.0869417482330709,0.257798084383586,0.655108644525271
6791,0.0294650575430536,0.0872453511281147,0.252077231381758,0.61963700129874
6792,0.0294833272819736,0.0858552671046322,0.251296983320303,0.677592910051575
6793,0.0293631622201395,0.086918008330096,0.261690555469447,0.66879128138823
6794,0.0294353453477837,0.0867504596486419,0.261681416967125,0.693429298695773
6795,0.0295159498062179,0.0870637459692458,0.251733338982488,0.664726464289385
6796,0.029299812154856,0.0869352606035542,0.261314319544816,0.668281550294209
6797,0.0293728128555797,0.0864669084722344,0.254072534593668,0.636484177444256
6798,0.029461058647586,0.0865913503659376,0.256768716129962,0.629499287047888
6799,0.0294049369536774,0.0867748707527558,0.253912596377665,0.628382642721648
6800,0.0294114097854687,0.0872076175644963,0.253557137823581,0.636110247070681
6801,0.0292845712117479,0.0854198205153818,0.252367848982488,0.647932169305547
6802,0.0295137795451471,0.0875185619804249,0.250462660553856,0.662668986859049
6803,0.0294733448498679,0.0872103621477263,0.258846201348079,0.655487796554227
6804,0.0294814877569232,0.0863248832577253,0.253559617809482,0.6567789880078
6805,0.0293188666179911,0.0860553382407079,0.251275198293883,0.640442891028604
6806,0.0294496488605955,0.0869558927105232,0.252723360706739,0.656436651223042
6807,0.0295088184540285,0.0867268812504416,0.253781210444891,0.648797337147961
6808,0.0293937545743228,0.0862858982935932,0.256052333870235,0.658438865224622
6809,0.0293585797622946,0.0865552398432146,0.248223323003298,0.6261420688111
6810,0.0292389445620603,0.0858587926287672,0.249922972641041,0.638323004029777
6811,0.0294647518697701,0.0866449690737287,0.252948400323593,0.681703775026795
6812,0.0294420147754295,0.0865192807209298,0.252947961621166,0.607757162077355
6813,0.0294266890084026,0.085901844049254,0.248093261458532,0.684008492577811
6814,0.0294205991964671,0.0868039468510136,0.255852030763433,0.657555225392343
6815,0.0294185631773313,0.0864912811984058,0.249936419636299,0.649838517092255
6816,0.0294298908802212,0.0859852567253168,0.24968073593479,0.645924211996784
6817,0.029345476396059,0.0860826870962318,0.257442457489609,0.669380250091447
6818,0.029425791891539,0.0863950664058041,0.250960413404528,0.670735691968828
6819,0.0294314444450503,0.0871645703759559,0.260505377899739,0.646198930119575
6820,0.0293009588502209,0.0865781363594108,0.251865404264151,0.696860058023302
6821,0.0293648681630631,0.0868330475188066,0.25482103577139,0.645492425134422
6822,0.0294812706223764,0.0868562201284659,0.258921991673464,0.640706855720443
6823,0.0294355544896931,0.0867005772145144,0.254698407064156,0.673116439430264
6824,0.0294355107575827,0.0871301095604616,0.260389755192389,0.647710904478676
6825,0.0294337662088122,0.0868888128317738,0.256203806638572,0.660932953700568
6826,0.0293235121758053,0.0866053670230011,0.248392046624808,0.65593305010516
6827,0.029411252314132,0.086325329471793,0.253101851220778,0.657761303594598
6828,0.0294318974680939,0.0862458144253969,0.254288413272266,0.628729876337199
6829,0.0294806351169472,0.0867782299310766,0.253010969265236,0.627500029162055
6830,0.0294381794618953,0.0865600162323175,0.256461695108312,0.693789946154826
6831,0.0294641906065743,0.0870152739080651,0.253159812968264,0.634363824750274
6832,0.0295082292230502,0.0863432106859975,0.25630964797132,0.657934017254215
6833,0.0293503118712477,0.0871518790433472,0.250985495395215,0.684991389525106
6834,0.0293585228015108,0.0868799968662918,0.259225538111653,0.626026487013572
6835,0.0294133393651213,0.0870511633344736,0.249737787545487,0.655494337514143
6836,0.0293861392969476,0.0867617959089144,0.252569288977347,0.685023783194289
6837,0.0294127615297874,0.0869193447512282,0.254371082041131,0.633793814085556
6838,0.0294339433563816,0.0869420850119084,0.253826370573025,0.619677124725523
6839,0.0293344213087426,0.0874744316267514,0.255201442396346,0.683818377989385
6840,0.0293640580445743,0.0869073390237784,0.246771469285144,0.638353097482037
6841,0.0293321647089791,0.0855533441400592,0.256386326924431,0.671859722523598
6842,0.0294554702580204,0.0861737534922135,0.254954522097296,0.698506536090922
6843,0.0294338361500914,0.0870445106827724,0.248857996579605,0.682666042409333
6844,0.0294579503418825,0.0867721613212924,0.25109180363953,0.650785778322912
6845,0.0293185507116298,0.086258045594155,0.247151448450297,0.647237423595511
6846,0.0294151733110715,0.0871272778126266,0.262934467293372,0.678908427516237
6847,0.0294206442823957,0.0865724211887756,0.252316496778165,0.695582494074758
6848,0.029430070411015,0.0861372903571839,0.252439755466278,0.642290052338668
6849,0.029348462144676,0.0863147521529753,0.25711930621549,0.665799585444738
6850,0.029383532216527,0.0859233175356104,0.251208991190154,0.647722207248069
6851,0.0293916385945775,0.0870953266576365,0.255534372507665,0.686795479209553
6852,0.0294436195734777,0.0866738552915624,0.258101445705838,0.62976130709319
6853,0.0293175654898389,0.0860179682341366,0.253235017708365,0.642039103253471
6854,0.0294464391263132,0.0868279500097964,0.25180890802972,0.657582151429624
6855,0.0293929320765353,0.0865056826470185,0.257377931297381,0.683368083293932
6856,0.0294824737797394,0.0866725007741812,0.248995609062936,0.658764034738262
6857,0.0293992270255199,0.0869352036565138,0.257385684388984,0.648992572836921
6858,0.0293305130737334,0.0875911478963273,0.249614649569059,0.655723347777287
6859,0.029354301355961,0.0872046990185772,0.258911922607031,0.675586297875306
6860,0.0294495992429665,0.0870509816998292,0.256224537009516,0.631442249703491
6861,0.02941718480905,0.0866012914122774,0.251486605117544,0.655521736050576
6862,0.0293464296825698,0.0861227739624747,0.246452460766375,0.657236539683394
6863,0.0293899554914148,0.087579377018779,0.26004104049199,0.677543606005962
6864,0.0293999885213909,0.0869669068528335,0.25429180482557,0.61232930122981
6865,0.0294049349817087,0.0865983968571143,0.254177730815055,0.654313013996736
6866,0.0293855198675579,0.0868460288726275,0.247589570529702,0.701287856412218
6867,0.0293934503523489,0.0870183374890494,0.258912282563954,0.68153762359409
6868,0.0293689253208959,0.0861165980107903,0.259835862970823,0.69434946044642
6869,0.0293703791564581,0.0857659679175098,0.253889059290615,0.669800723688028
6870,0.0294286499728418,0.086531408151728,0.251735811064042,0.63592077255335
6871,0.0294351982729232,0.0867426556831289,0.256095812835322,0.678624088865015
6872,0.0293920333283036,0.0863851481665122,0.256800096986207,0.648157478203469
6873,0.0294512646617635,0.086843007100801,0.263557145150124,0.660777835332761
6874,0.0294575740382065,0.0861584994150364,0.254762391381229,0.658251302112225
6875,0.0293622534098676,0.087029640705275,0.253244843130998,0.642670756325833
6876,0.0293972574623904,0.0867641681220535,0.25652324443474,0.63490406697202
6877,0.0293780894149919,0.0861372399310613,0.256931376010051,0.642122577164122
6878,0.0294867281116325,0.0872254352865314,0.258841959440848,0.674887212992536
6879,0.0293125201996496,0.0861853456893957,0.253770928015055,0.626070868476697
6880,0.029414596770672,0.0871614847244984,0.256980239406904,0.665998893714149
6881,0.0293832076192904,0.0865328767270044,0.251348358928913,0.697798340497007
6882,0.0294164185532702,0.0871649021597641,0.253133734440203,0.678518166579627
6883,0.0293660924034156,0.0866589940161701,0.255987594799965,0.672733969935612
6884,0.0294294124095934,0.0860562203823108,0.253414321341711,0.673632096635142
6885,0.0292758669518252,0.0867557436006935,0.254621262420227,0.658046076354886
6886,0.0293361068699976,0.0862596360988276,0.24964761031448,0.684936455167339
6887,0.0293690532072617,0.0871568841006567,0.254874111180507,0.657685855609192
6888,0.0294270190325722,0.0868433700429755,0.255116693483976,0.68153715196114
6889,0.0295367124308545,0.0873022575436485,0.261089057076798,0.665739848728518
6890,0.029448477382938,0.0868614150507617,0.257633011822766,0.702562449286365
6891,0.0293911089954522,0.0860128393980957,0.251266809557568,0.647473011527858
6892,0.0294740246107224,0.087068757038348,0.255822990443528,0.660803581653357
6893,0.0294032895042123,0.0858304352309722,0.25456434601378,0.657716521322573
6894,0.0294079467243871,0.0858928946784591,0.254173774492331,0.70202944395921
6895,0.02942015325156,0.0869271802374386,0.259184902280225,0.660743618416864
6896,0.0293764786955903,0.0858203482526194,0.251446521474254,0.647476826147673
6897,0.0293496846601163,0.0868146308403083,0.256681165907769,0.671583563820571
6898,0.0293778314795117,0.0867274135309487,0.255338961999327,0.683217876779095
6899,0.029370659046603,0.0858654510334634,0.256285143932418,0.706484160655271
6900,0.0293303667850614,0.087252013754707,0.258484246970258,0.673890282733491
6901,0.0294423557996623,0.0863052608027221,0.250189670099788,0.71674407481161
6902,0.0294525883240461,0.0866555719484358,0.257184835752813,0.662759844382901
6903,0.0294116957060595,0.0873596077678289,0.250659498203979,0.653802924288378
6904,0.0293733344732256,0.0875712123854161,0.258361687528846,0.659524621148841
6905,0.0294538041095866,0.0866331732351328,0.251422934172461,0.618171513106431
6906,0.0294052559508851,0.086656433705656,0.255601516191429,0.639380605356167
6907,0.0293800975827357,0.0865650878203335,0.253272965054017,0.65172701837153
6908,0.0294072959485984,0.0867951770683437,0.258075195567849,0.642799609356833
6909,0.0293662561853434,0.0866302280861544,0.254514081599102,0.691841676558562
6910,0.0294644879419223,0.0874390397208556,0.254080104345837,0.660971596280014
6911,0.0293735610332561,0.0867201114800294,0.256299788252269,0.666423003836623
6912,0.029443029475841,0.086667034444004,0.256069601286629,0.653777442638355
6913,0.0294254005601507,0.0863247523530254,0.252154806080557,0.663156180844448
6914,0.0294346841392421,0.0862863032136785,0.247336355664026,0.628376391915591
6915,0.029451472201986,0.0869729948990897,0.256685963490467,0.693642391411173
6916,0.0293670276322172,0.0866683959124099,0.245587102754007,0.648616633935545
6917,0.0294536840743932,0.0872042012829258,0.257124379451862,0.681685243317379
6918,0.0293830790807002,0.0873789936032723,0.259676120685344,0.683128481163772
6919,0.0293659831584081,0.0869527075227416,0.253660532378063,0.639814088409444
6920,0.0293751338147293,0.0866092676624588,0.261127338567743,0.711516474867127
6921,0.0293208835932752,0.0862439500346911,0.255966229069847,0.682800352157849
6922,0.0294470095886034,0.0868256051526231,0.253482616045057,0.644033752384242
6923,0.0294425064415863,0.0875695836988623,0.256167676568478,0.696708214660869
6924,0.0293050475038945,0.0864703284987677,0.254429672781493,0.658207587542334
6925,0.0294473078529225,0.0864408723225119,0.250929036497829,0.638968244498722
6926,0.0293896872674934,0.0868962037510626,0.258913499847185,0.662552994680241
6927,0.0293886841752933,0.0863755991062249,0.254567391026837,0.6419268952207
6928,0.029315672192445,0.0859587381894341,0.252993238366126,0.593531857501356
6929,0.0294596445268965,0.0874057680095954,0.253772912490325,0.65285057095719
6930,0.0293669104360928,0.0866519174941115,0.251464509138503,0.682736077876903
6931,0.0294641693050656,0.087639398096364,0.253882584358655,0.638105839230035
6932,0.0293561702259556,0.0864081911077531,0.258736012040351,0.664729850191805
6933,0.0293722962565297,0.0862466329476085,0.249266299982842,0.66111600195203
6934,0.0294449144200072,0.0861829018262759,0.251854705574266,0.614920991877647
6935,0.0294948276389175,0.0869384406792548,0.259758016788797,0.645099407660756
6936,0.0293843541482803,0.0866962379179204,0.257080791883342,0.629934494072053
6937,0.0294019564173852,0.0872904653056981,0.25761762900031,0.646626467286867
6938,0.0293591560027319,0.0865504283973661,0.252888852746203,0.691065535980614
6939,0.0294887788944611,0.0871879614777668,0.254554888215169,0.642479895265562
6940,0.0293255206652379,0.0861242965401732,0.255054676899206,0.652177477042235
6941,0.0294215362579212,0.0870725733614581,0.254763905387953,0.650038166487618
6942,0.0294662320255824,0.0868345642502366,0.258453826768621,0.694276816924257
6943,0.0293299701290682,0.0871099923457986,0.260481248303156,0.673456144808457
6944,0.0293841160271644,0.0868264822028485,0.252575542042712,0.658612322978562
6945,0.0293734647865028,0.0862093163738539,0.246221223803312,0.66450581753671
6946,0.0293381399821497,0.0860859456645431,0.252594965506622,0.650428386214778
6947,0.0294382538164732,0.0872293427777128,0.255401885542288,0.65861163050839
6948,0.0294155828430695,0.0865835245756131,0.253241445847083,0.703343890828355
6949,0.0293860363318374,0.0863156176263661,0.248550461534417,0.627603878519459
6950,0.0293185316590632,0.0860710730225881,0.253577056519313,0.664060224617075
6951,0.0295615492447416,0.0870607182430196,0.257313708347069,0.666913620600572
6952,0.0293784197879692,0.0862846781681727,0.258362609726081,0.669126233854738
6953,0.0293895408461667,0.0866791120599512,0.250270262125557,0.666780370963127
6954,0.0294232372997336,0.0866034997708006,0.259862787059346,0.618805617151146
6955,0.0294668342603425,0.0866747356291751,0.260321630303945,0.639207973314198
6956,0.0293690253156183,0.0875729092846813,0.255667549501536,0.667069538022337
6957,0.0294430889673179,0.0859900611605242,0.251664351805296,0.61143226728432
6958,0.029373124860301,0.0862072832690933,0.253581599670207,0.650470943163772
6959,0.02946786417127,0.087221391799681,0.253078449514127,0.643538755233143
6960,0.0293668268013294,0.0870344518142418,0.260823694279972,0.66546025396378
6961,0.0294765697011043,0.0867523960101727,0.255630239599116,0.626758198864583
6962,0.0294023055014323,0.0872539266359182,0.251183737763605,0.668348494034826
6963,0.0293542519520297,0.0869778435905405,0.259431013317289,0.669756183287311
6964,0.0293272019456185,0.0861416573187875,0.252556601517635,0.620417664414699
6965,0.0294494348024218,0.0865546085882236,0.249851730683473,0.642947305208318
6966,0.0293869240685665,0.0871543755695317,0.254660737946673,0.69688015366268
6967,0.0293492427775328,0.0864530239893062,0.251144615280674,0.63873371342932
6968,0.0292735728791747,0.0863329179468719,0.256765974998118,0.689003465988365
6969,0.029354742508988,0.086661833842692,0.252582666446849,0.663946745111357
6970,0.0293951578411753,0.0864291669533685,0.253633603161349,0.660148437220565
6971,0.0294742572725985,0.0867726962418589,0.255931057982724,0.670620018947325
6972,0.0293425813320046,0.0859880523043082,0.255001380155637,0.672219125224268
6973,0.0294950558418939,0.0870888599967558,0.252571090941542,0.638586995945515
6974,0.0294193106555911,0.0875355360314565,0.258636958174639,0.650789772689633
6975,0.0294483277566927,0.086295805726854,0.253409196273233,0.655993845301812
6976,0.0294291046206488,0.0864957997191044,0.246320762072087,0.668134719646044
6977,0.029429058436597,0.0866822973620022,0.257205996512091,0.6727615078223
6978,0.0293750954984913,0.0862449839462659,0.257004977606672,0.63734553797646
6979,0.0294092373466342,0.086772693195949,0.260310943398064,0.667322666230419
6980,0.0294217890409564,0.0867992341224048,0.255498772808467,0.615210701010495
6981,0.0294560748719432,0.0864010180332207,0.25317335300494,0.676708836213705
6982,0.0294073825005954,0.0872651276662099,0.257339155116248,0.696680671522034
6983,0.0293727010213659,0.0863772726049307,0.252944236856848,0.665053543889878
6984,0.0293941528342803,0.0862668618710339,0.258282313665894,0.668219646946092
6985,0.029429521693067,0.0874773001038732,0.258999076275851,0.72155126222959
6986,0.0293827156496915,0.0863250824940274,0.252353506517979,0.633982088834508
6987,0.0293583560021452,0.0856618850788859,0.246593349328959,0.632084160793258
6988,0.029359905712437,0.0866121166717224,0.248345539074494,0.639715525788434
6989,0.0294469026168341,0.0867318262503525,0.253731665176789,0.682425100430761
6990,0.029306701742097,0.0862381205724276,0.26294883495978,0.651266181839888
6991,0.0294281521479612,0.0863510261592691,0.258838818310866,0.674948177612417
6992,0.0294594403297946,0.0864955961848859,0.252196327913007,0.664841412147349
6993,0.0294784791278121,0.0877491539308337,0.254759118434705,0.643586350691096
6994,0.0293084806430831,0.0861199861900493,0.246865610887427,0.621793910108122
6995,0.0293726344724624,0.086515514292005,0.250738742598249,0.661086655102732
6996,0.0293556372089105,0.0868933602707641,0.252163632018158,0.657418881976386
6997,0.0294224848518525,0.086790811311297,0.25421564403772,0.629103142100136
6998,0.0293883406960493,0.086924996225315,0.247474232333208,0.632827825757065
6999,0.0293735653220829,0.0870916804348541,0.252249462754836,0.664111958923908
7000,0.0294587485554124,0.0869823207317719,0.25562343523636,0.699458190319055
7001,0.0294314691952623,0.0871603780688828,0.248627244458653,0.649458127516736
7002,0.0294317548814686,0.0865866231765517,0.258126580989337,0.693072493982611
7003,0.0293274009382319,0.0861854266513931,0.249802878227146,0.673224292425196
7004,0.0293483469419423,0.0874264268277727,0.249768134214321,0.670277801712417
7005,0.0294185057652957,0.0869674728735651,0.255153178341287,0.633241257589223
7006,0.029313588435664,0.0860398662425586,0.253201102845618,0.65389045430618
7007,0.0294139565397179,0.0866301382735615,0.254866225295585,0.672260843297659
7008,0.029393894880074,0.0865837467298544,0.252711771214531,0.632555340077616
7009,0.0293667503761564,0.0854746722337964,0.255690521679876,0.655412424253684
7010,0.0294211836683633,0.0866556695754111,0.249499803961699,0.661120124277759
7011,0.0293502320391762,0.0870139918923123,0.254538508420619,0.655226545025848
7012,0.0294366639920145,0.0866905479209281,0.254013804390429,0.66453977121606
7013,0.0293797213036044,0.0864062969738258,0.259693301494969,0.642615104675354
7014,0.0294157292898225,0.0865676693709687,0.253022670251312,0.648480150347186
7015,0.0293319446272137,0.0859035403624723,0.25846846949487,0.645525331665881
7016,0.0293805607644188,0.087008530786923,0.246607770050027,0.654285318658122
7017,0.0294186424239077,0.0865716237834386,0.255037360846061,0.654807459531679
7018,0.0294230311923141,0.0869183296794498,0.254825946009958,0.640721540046386
7019,0.0293741459076333,0.0867623401541947,0.26315512460309,0.66450761861704
7020,0.0292918463065673,0.0867617407120926,0.260221778299749,0.682352718105108
7021,0.0294464521454677,0.0875303327794774,0.254349397151295,0.65212594318333
7022,0.0293610779172782,0.086628847752349,0.259828719983088,0.649094952817488
7023,0.0293690699525915,0.0863869772241423,0.255956117850534,0.671791720433047
7024,0.0293135343598207,0.0863616553505738,0.252562880593173,0.636041533149404
7025,0.0294171785401112,0.0864119480572606,0.2531903392683,0.624925661937261
7026,0.0293415710873184,0.0863180871734602,0.254873491510256,0.669289727306532
7027,0.0294609766412858,0.0864510398867802,0.256571018454957,0.673575917181658
7028,0.0293631024018145,0.086432496853542,0.247393428549242,0.643922598351227
7029,0.0293353025886093,0.0861176851889486,0.250454492567374,0.639167590047114
7030,0.0293402969408765,0.0871050872907387,0.25161558129398,0.652129550650084
7031,0.029446238631399,0.0873143583815402,0.254783533792324,0.665273222337955
7032,0.0293743064987001,0.0865951525969313,0.256589400553557,0.681277620758135
7033,0.0294067243360743,0.086949453205576,0.25262835390559,0.641436835968735
7034,0.0293682011870797,0.0869141845239723,0.254678034967717,0.66227281094693
7035,0.0294167557364102,0.0864398126995207,0.250062102293959,0.668607696975915
7036,0.0293335323685198,0.0861323958910363,0.25663495891874,0.656876778760224
7037,0.0293236430328309,0.0862605368510117,0.247241875464701,0.633018111563153
7038,0.0294346365891721,0.0857719420821494,0.246984034722478,0.662497909407503
7039,0.0294401175419707,0.0870279817797648,0.248967026631885,0.629210441829628
7040,0.0293556512840128,0.0870837129479577,0.25328990339672,0.656743729684172
7041,0.029353465333118,0.0855763774840078,0.25687834307741,0.655413575040362
7042,0.0294165029530286,0.0868405754095727,0.265794963092504,0.702380188127405
7043,0.0294468978920623,0.0868116488643396,0.249619116403984,0.678896690777487
7044,0.0293874434336115,0.0865266194026709,0.252356406522187,0.615650620677178
7045,0.0293102570447753,0.0869533397266047,0.254702276191798,0.6597122025234
7046,0.0293990566452487,0.0861492046357869,0.249274216969924,0.667941366434216
7047,0.0293194864899394,0.0864395736273369,0.25319450363365,0.643943458913931
7048,0.0293349961521767,0.0870455821464186,0.252043970550412,0.640195945912867
7049,0.0294460143944328,0.0866682232823669,0.259221721821174,0.645725777602967
7050,0.029385778808286,0.0871832810756103,0.257866093429294,0.629962857372383
7051,0.0293961251164661,0.0864132263570755,0.253669196721236,0.639772690382566
7052,0.0293534500690541,0.0874311798602265,0.257409459009979,0.697929081846778
7053,0.029427366806756,0.0867117235520191,0.250202882863055,0.673629767596253
7054,0.0293942860424079,0.0864938417156388,0.249463209506485,0.659715959072004
7055,0.0293401644034622,0.0867920385150604,0.249909523372929,0.647728121960096
7056,0.0293871657220208,0.0867342742835243,0.258813224742503,0.68890021162471
7057,0.0294154528885586,0.0869574367331233,0.258678170862777,0.681691108669913
7058,0.0294500749684414,0.0867719023250993,0.254911900003082,0.65498358148034
7059,0.0294627189170291,0.0869262723376681,0.250367315028983,0.637554414021333
7060,0.0293995115031992,0.0863570799030641,0.256282458930316,0.64878115116259
7061,0.0294362994265288,0.0869401872132709,0.255362410778308,0.674857130725355
7062,0.0294290616966461,0.086853073381965,0.252829208993319,0.664474856749442
7063,0.0294087054919972,0.0870115011446761,0.252544838366705,0.637580811573695
7064,0.0293323620976209,0.0866037858957701,0.251642970449793,0.710785382700327
7065,0.0294018214151393,0.0866743974220633,0.253441872305434,0.685796927099591
7066,0.0293382883535955,0.0855359144670459,0.251263467682603,0.620703238161964
7067,0.0294661281920964,0.0856584348238155,0.249316759373871,0.669314272707655
7068,0.0293668071472663,0.0859965074956425,0.254763669909749,0.686198588940934
7069,0.0294503891265544,0.0866914612163934,0.261824680421783,0.718823385620104
7070,0.0294449270545056,0.0873191207057564,0.252920955775505,0.659956553641784
7071,0.0293945085601617,0.0870623662212359,0.262054097996557,0.65545952508318
7072,0.0294887627500108,0.0870095847675706,0.251397219901205,0.675647387022459
7073,0.0294336685814443,0.0866817693998247,0.255694464642878,0.658105414474134
7074,0.0293730767039488,0.0861308466155664,0.247092583783056,0.64219873189291
7075,0.0293996804981477,0.0865605455970762,0.248058102314274,0.667655712029537
7076,0.0294410470265472,0.085787382914987,0.248977711178387,0.675627700829493
7077,0.0293432809378114,0.0863676681709161,0.247546573824576,0.658716476295222
7078,0.029361704907389,0.0865840432521483,0.256340615313358,0.659721289331205
7079,0.0293872856654182,0.0864939697884215,0.249421366766142,0.660827242035184
7080,0.0294304679468479,0.0862377661556587,0.258157064281166,0.677421231224589
7081,0.0293221140481411,0.0857319223992789,0.247150820092058,0.618818908245263
7082,0.0294269666334978,0.0862880718878581,0.253324372377315,0.669342512802125
7083,0.0293425101304366,0.0865883692059395,0.257180143930614,0.650775069645451
7084,0.0294627250739196,0.0873686247083084,0.260433551309017,0.682981111669649
7085,0.0293292719536903,0.0863968171128927,0.26008296630246,0.663781185479656
7086,0.0293555154840692,0.0867752030390298,0.254172349621141,0.67187991560543
7087,0.029316960965399,0.0870594186911796,0.258125125621958,0.684839611043525
7088,0.0294456912222388,0.0865457266255072,0.250309202704439,0.684263949797658
7089,0.0293178278436921,0.0855266636878866,0.252691834529366,0.641282827186957
7090,0.029376402363001,0.0862069103074784,0.254420396000287,0.617525467056692
7091,0.0294227966470485,0.0867533875324346,0.26559334944312,0.675884628531138
7092,0.0294105895983333,0.086192230578663,0.249555082894479,0.677686753869357
7093,0.029337923287643,0.0869837828407785,0.255614639109879,0.64722836718696
7094,0.0293861203894622,0.0872066568713783,0.254540493343492,0.678757266181007
7095,0.0294229816299771,0.0871513590047276,0.256527050205697,0.664971086032153
7096,0.0293966931593754,0.08688582160429,0.25088126638319,0.69107165172044
7097,0.0294005254296562,0.086628979683067,0.254802730335448,0.635036520129315
7098,0.0295005299331805,0.0859103677460653,0.255921042692907,0.677072639579046
7099,0.0293527402171672,0.0867431664050304,0.260114128155288,0.631086395009902
7100,0.0294013931701087,0.0863370927509479,0.250698007273412,0.685407141341071
7101,0.0294549732577379,0.0862797379456354,0.251965843842678,0.691374755758513
7102,0.0293509401443358,0.086608753511959,0.258405427228927,0.629877843288312
7103,0.0295108777882249,0.0870576934770632,0.251763250546565,0.654957202598423
7104,0.0294153186503483,0.0870251048877606,0.256425422868215,0.655779050961787
7105,0.0294510792330815,0.0868629711619367,0.248668359098517,0.654108958569235
7106,0.0294112078164676,0.0864523053190532,0.247387019413819,0.621820135651412
7107,0.0294812895141444,0.0870283698946111,0.249871432309291,0.625706265235384
7108,0.0293731105080444,0.0867297969638379,0.254975940792854,0.669666764320024
7109,0.0293721203523368,0.0865971147298862,0.249814292385518,0.639397880621395
7110,0.0294432604095309,0.0872001980823345,0.2484688365699,0.651652292981455
7111,0.0293961699044689,0.0861509935917656,0.24979825324358,0.628460628213886
7112,0.029397920567879,0.0871921174628604,0.258325649998807,0.658047113945497
7113,0.0295253397600088,0.087837440582705,0.251913409587352,0.628417642569796
7114,0.0294069727271891,0.086233609873356,0.25207627011414,0.638731763484882
7115,0.0293344162230057,0.0860458023674205,0.258057798118343,0.64294735032412
7116,0.02933806297869,0.08671261094505,0.251855292155987,0.628068350022796
7117,0.0294240420690739,0.086508618479733,0.250949412773366,0.680246855930045
7118,0.0294106268175839,0.0869807303791102,0.250590072769903,0.649896111028067
7119,0.0293718356274058,0.0867526187141454,0.256419721407413,0.672656750101183
7120,0.0295069466231972,0.0866429547776321,0.261399949400096,0.694765008421759
7121,0.0293383914725013,0.0862257610114306,0.254562240645347,0.657515427318751
7122,0.0293609061050472,0.0857755890706842,0.256820463147789,0.709813320827633
7123,0.0294185235583801,0.0876671479314902,0.25607151339575,0.626446014808314
7124,0.0293675105298066,0.086330399854539,0.255569532137296,0.65371694265315
7125,0.0294350540450325,0.0869382856155431,0.259265940546571,0.714766873910629
7126,0.0293974560485359,0.0865105518678242,0.251326683592454,0.65587455217734
7127,0.0294053323267285,0.085986555087364,0.25303934888067,0.656571942147147
7128,0.0293759797644613,0.0873896037040225,0.251208993259386,0.645557846897809
7129,0.0294259588671319,0.0870903319314485,0.257103933053342,0.681470201013185
7130,0.0294284017396708,0.0865352684574903,0.257336868225908,0.652344747655406
7131,0.0294623762124103,0.0870280177247075,0.259117059839165,0.66633692912014
7132,0.029453610858283,0.0858726645148076,0.25776792846211,0.702670664830289
7133,0.0293831986570325,0.085840534082898,0.253602177608188,0.676509117108012
7134,0.0294681286344257,0.0874194736645247,0.255148358241788,0.643316097498122
7135,0.0293536960792188,0.0872494302272129,0.261878122783784,0.699543809889536
7136,0.0293560857904114,0.0863441741585535,0.256689778659535,0.631321581646016
7137,0.0294365179977919,0.0873399930372988,0.258663092558034,0.677755954191987
7138,0.029381445820513,0.0875046348022471,0.25633425286134,0.700524355156544
7139,0.0295142501331435,0.0871686950282968,0.258366904995592,0.661357067252265
7140,0.0293533481580261,0.0864876016053396,0.255540518272596,0.707871931436641
7141,0.0294494667056284,0.0870173572892092,0.257572186905652,0.665739801627535
7142,0.0294424133400262,0.0868199300135617,0.25433512706348,0.660196818726227
7143,0.0293972620243687,0.0867089967839601,0.253201850350323,0.683519750539877
7144,0.0293485433785332,0.0870541693566974,0.252421729644737,0.669311483052224
7145,0.0294091492771199,0.0864537592214508,0.260557581316922,0.728705953631287
7146,0.0293565129282456,0.0864509677100271,0.255889613692531,0.618876212339424
7147,0.0294275155312709,0.0867431398051381,0.256165282564101,0.707509775570428
7148,0.0293268136142845,0.0866611115357383,0.256352882401288,0.629883990716705
7149,0.0294117169410514,0.0860455704252533,0.254718558833525,0.6603752451097
7150,0.0294098631755425,0.0871252424771932,0.250354058958636,0.644190422964514
7151,0.0294335561305624,0.0874727024730303,0.258945642185758,0.674113040519534
7152,0.0292892373540321,0.0863184797551856,0.252578113032085,0.651228635576754
7153,0.0293919084836322,0.0867754729064337,0.256240814330521,0.648598805630567
7154,0.029358730815015,0.0863182427164789,0.25087309326329,0.644679716571326
7155,0.0294158289337843,0.0857810503524256,0.25651498451899,0.63556721778389
7156,0.0294334635230778,0.086092648495429,0.253990104523223,0.67931587765099
7157,0.029397596880585,0.0869070265566698,0.259387326600892,0.67934427694489
7158,0.029299009851296,0.0865082462865992,0.252072072053114,0.621258187410134
7159,0.0294636963912991,0.0866051534780238,0.257732114811084,0.675410424429221
7160,0.0294634736952438,0.0874664902521551,0.254078041747172,0.644381983732624
7161,0.029319236728636,0.0869179182355404,0.255694766386333,0.666473523249221
7162,0.0293989118142795,0.0858839075641794,0.251325781928996,0.695599102110596
7163,0.0294438573753243,0.0870180918248138,0.255906355195078,0.655569630591552
7164,0.0293019222636666,0.0867904296342135,0.257726665684093,0.668606785256372
7165,0.0294438233545379,0.0865843719633853,0.255299213500996,0.632500682451222
7166,0.0293875842408663,0.0872133018984011,0.250159636110951,0.623314648333164
7167,0.029309945797538,0.0860823874515352,0.255122269822842,0.688250052506716
7168,0.0293727129237329,0.0865453472829548,0.258633759277827,0.644578777624828
7169,0.0294211288703704,0.0866655945237649,0.251860689550846,0.649120198928519
7170,0.0293945945087818,0.0872826704534464,0.257252804701177,0.691438094605243
7171,0.0293729352056999,0.0866911634328595,0.256588504800494,0.674273555514408
7172,0.0293094826669246,0.0865591818956272,0.247297030949211,0.626235084917867
7173,0.0293518669664955,0.0860406036080794,0.247536885728235,0.681710175344585
7174,0.0293217346252472,0.0867546097093977,0.252591708368234,0.648909137081564
7175,0.0293817590326103,0.0871456015997079,0.256030312842776,0.657509762952683
7176,0.0294823130271324,0.0869295369667551,0.254331631300163,0.683397882927935
7177,0.0292985754215383,0.0862037553728004,0.254878527640713,0.644867164626884
7178,0.0293571826434752,0.0860901351097148,0.253076582079611,0.656883811971188
7179,0.0294319745232863,0.0865403569585008,0.243989806953817,0.653384730094834
7180,0.0294536304292949,0.0867977144198739,0.252200992172135,0.692454716336989
7181,0.0294477979130817,0.0867177569118273,0.252504871409902,0.649051743482213
7182,0.0294189392431209,0.0862988700238411,0.252221741217532,0.680286645662368
7183,0.0294024011582739,0.0865438595725376,0.252543648518034,0.658458546347376
7184,0.0293632920967052,0.0869350701039474,0.260563786082389,0.648686738654245
7185,0.0293783429749493,0.0867934329128929,0.259721413624341,0.640695675992142
7186,0.029460559694089,0.0868648605447394,0.252275169669787,0.660925431533394
7187,0.0294635607127138,0.0869113125872682,0.260236772922892,0.665573848422031
7188,0.0294919117175529,0.0865868862487072,0.249564908689739,0.637244303607776
7189,0.0293397924431379,0.0865971395221769,0.253363655261266,0.629905072601811
7190,0.029367326249733,0.086847755282677,0.260043491909638,0.666824120452842
7191,0.0294020104846754,0.0871230769195728,0.257863243911744,0.645884010414243
7192,0.0294307308984707,0.0861119085240859,0.253432044799756,0.66284897394295
7193,0.029326979679338,0.0856229065809366,0.248417420602267,0.64179390702774
7194,0.0295057585985341,0.0863831935090889,0.259051226038693,0.670896134146833
7195,0.0293850332443694,0.0859309760714548,0.254037587203533,0.672401787941739
7196,0.0293443497734071,0.0870631381260378,0.252694052571602,0.648473720504129
7197,0.0292979902342718,0.0860398003499592,0.249333288908326,0.649403026436217
7198,0.0294053848684571,0.0867105647875364,0.251883559646243,0.638940032653068
7199,0.0293424230565392,0.0867493369110437,0.2581436298234,0.708269955477559
7200,0.0293404261912222,0.0867312911651738,0.248953913761796,0.673042526561426
7201,0.0294354990534599,0.087430995322057,0.260172116307995,0.674797069756382
7202,0.0294335501797892,0.0865773061361931,0.251033323889258,0.623596369079358
7203,0.0293783800203417,0.0860993342640131,0.255066262598799,0.664441268071859
7204,0.0294458656049225,0.0869606092562655,0.266367324348234,0.647270960740854
7205,0.0294148063434679,0.0865568121990132,0.257848470519433,0.66321926380138
7206,0.0293803996502134,0.0860883080097106,0.251839886229165,0.64160144331264
7207,0.0293115159969213,0.0860717236552425,0.253787295989374,0.674835230234758
7208,0.0294090824002537,0.0863142482558509,0.258000175160203,0.651944050513815
7209,0.0294628849275243,0.0864509903483396,0.247126520947468,0.637888164758194
7210,0.0294536517949541,0.0867862768254973,0.253593811571684,0.628676745261881
7211,0.0294595982760823,0.0871551090288465,0.251352941448026,0.641254646794819
7212,0.0293355375981854,0.0868063675169501,0.251833647824368,0.627223897979775
7213,0.0294349711451909,0.0859930208990916,0.248725076518578,0.642523958516972
7214,0.0293379528253742,0.0866928197307337,0.249480831379091,0.650297753326941
7215,0.0294159909385354,0.0866771543090423,0.25147126187983,0.676652142726779
7216,0.0294887265136681,0.087234648493621,0.257038437349803,0.647285781611003
7217,0.029325484131997,0.0861800790445684,0.259439457846642,0.645306276502495
7218,0.0294181383685458,0.0860047461685206,0.253596898542346,0.643635782448744
7219,0.0294056533304819,0.0862049551678611,0.255581682876305,0.670555437962653
7220,0.0293732514780346,0.0859531997171745,0.255751950706894,0.637425903073481
7221,0.029451115263832,0.0869699606637171,0.257892511476009,0.668443617011741
7222,0.0294000044972778,0.0866285429775157,0.252276962057124,0.631213806824795
7223,0.029369543493267,0.0867571332829211,0.262681766083932,0.641857795563477
7224,0.0294612901358675,0.0882691303804824,0.260731682146204,0.622446625210779
7225,0.0294265156088281,0.0864352940535911,0.25940890263826,0.62794066312984
7226,0.0294614736621422,0.086231143895312,0.259132812062226,0.684803534032498
7227,0.0294487773245473,0.0865390885005231,0.25056287534394,0.644169568883007
7228,0.029407095163517,0.0872140498769499,0.25542897454847,0.658612775145637
7229,0.0292642211749765,0.0858919489206651,0.252885924553187,0.650145217063287
7230,0.0293818922023289,0.0868402645472134,0.254351423639917,0.650342203614385
7231,0.0294512151075825,0.0868731467890399,0.252589026387213,0.671670892912691
7232,0.0294433079667329,0.0872277963476589,0.253135191577217,0.708647872665935
7233,0.0294616564120984,0.0873354531595017,0.263924123033561,0.679667300618109
7234,0.0294318600181984,0.0873362677708104,0.256916786670981,0.669376777251574
7235,0.0293853065872895,0.0865444863722335,0.254547121991657,0.656518879388867
7236,0.0293372768082437,0.0872793915479757,0.257368443503744,0.649458293338566
7237,0.0292482218798103,0.0866342853429786,0.261185605735354,0.66497324638163
7238,0.0293230485613421,0.0872076598223294,0.259186302534485,0.700653540049894
7239,0.0294564628273282,0.0874209183904486,0.262415645650189,0.651392261591416
7240,0.0294204685965323,0.0870396848017777,0.254631444619476,0.666697132844665
7241,0.0293931223045437,0.0860942071265963,0.256417741984982,0.695233714873633
7242,0.0294758623776294,0.0862625149532828,0.249857516200888,0.62787481648867
7243,0.0293879463918359,0.0866116489186283,0.260177574763032,0.636627425012126
7244,0.0293364440942209,0.0872940990995756,0.258722703258476,0.683699466214023
7245,0.0293512875367402,0.0861830778574314,0.243352618064225,0.682945283272426
7246,0.029370691060093,0.0869211826917631,0.250523920274458,0.63897461406773
7247,0.0294459501059646,0.0866150850716164,0.261421596183724,0.675958179623924
7248,0.0294504750450957,0.0866725139401737,0.25821263626268,0.624593143422071
7249,0.0293564458313167,0.0871729002245108,0.250357191449298,0.646980589040513
7250,0.0293550242044086,0.087134817636538,0.25941495581222,0.656420411825988
7251,0.029434623426024,0.0871060161871774,0.257829068924258,0.669787736740138
7252,0.0294721970939972,0.086639421208231,0.258801043929588,0.681803466695007
7253,0.0293343254488483,0.0858161599858232,0.249890550663792,0.663445344671091
7254,0.0294289024842829,0.0868965466383877,0.264198645549324,0.685434288109082
7255,0.0293688604836956,0.0870410822956565,0.251381986943919,0.696663506996444
7256,0.029458841259783,0.0868347647443515,0.25785020466995,0.675374880551597
7257,0.0294097099546843,0.0873009481684894,0.256016021814975,0.64231368655145
7258,0.0293065058926551,0.0862023524061251,0.247791815588637,0.636048798088559
7259,0.0293993935098901,0.0865320290619302,0.24702534957803,0.677683133830354
7260,0.0293835096136323,0.0867295397811498,0.253589063993072,0.663747067161238
7261,0.0293743756597952,0.0867285423860079,0.25779959316881,0.654324622256307
7262,0.0293196421912549,0.0867031747141221,0.25493837454709,0.636341836563217
7263,0.0293177595513182,0.0858216522966524,0.247713898733184,0.631430769613964
7264,0.0293695225235172,0.0870516664559194,0.25492928641939,0.689748176751406
7265,0.029377592678243,0.0863236037395149,0.250557011508684,0.629051440923414
7266,0.0293269119147913,0.0860451875250842,0.249006649016749,0.658940854572837
7267,0.0293925197532223,0.0869865675075617,0.256311272737006,0.707551203067175
7268,0.0294877723609818,0.0872354689951798,0.255290372855369,0.629034750191428
7269,0.0293831594233166,0.0868978850424802,0.260554402803336,0.658472722126024
7270,0.0293365033534769,0.0861164502853641,0.254268964703779,0.695894489957004
7271,0.0294085664383503,0.0872953706398606,0.254542103547541,0.674750701435993
7272,0.0294064906097832,0.0874820977493067,0.255644059932371,0.683321365935553
7273,0.0293862290369997,0.0875728984805164,0.25435333441588,0.624006998854579
7274,0.0294914078290038,0.0865043702059761,0.250093680883036,0.655107145613344
7275,0.0294040508458995,0.0867115006086777,0.252197744820986,0.639890967059387
7276,0.0294006209462145,0.086125576135321,0.252647584379451,0.637088187705597
7277,0.029394296384088,0.0866467060608472,0.255484711280837,0.687554876247281
7278,0.0293679909288776,0.0869539059198678,0.250127008660657,0.653967268992497
7279,0.0294162365107672,0.0863463271854041,0.25127575052827,0.641120015661476
7280,0.0293292485230371,0.0858046728561592,0.249352994523251,0.626412186162839
7281,0.029395698006054,0.0865153518906777,0.254502582764774,0.622796015154613
7282,0.0294135810182212,0.086547947535056,0.250952287561772,0.652100761322535
7283,0.0294087531498519,0.0856791731260206,0.250454443822696,0.657428492904294
7284,0.0293721827608489,0.0866148298412783,0.255588580446847,0.646253256304593
7285,0.0294132650646024,0.0861035146816914,0.252589176976963,0.641949689455921
7286,0.0294702650031107,0.0863695018473394,0.256314979409357,0.641966524927455
7287,0.0294946080310238,0.086624800616893,0.261647225245195,0.691949852470282
7288,0.0293339676000665,0.0864424152931082,0.258860352679855,0.658067292899495
7289,0.0293542181519525,0.0870239180064577,0.261220956245236,0.671697299383687
7290,0.029389440918828,0.0864111943113015,0.25749342416873,0.646480283173807
7291,0.029335122186794,0.0864201720519882,0.250787824973075,0.642304819513529
7292,0.0294743260181417,0.0866541481501903,0.249640733478897,0.626014370297101
7293,0.0294028571736729,0.0870331572507761,0.252525769033649,0.619174248302635
7294,0.0293646132531635,0.0865431673671101,0.259478545145726,0.662694570633868
7295,0.0293140176684605,0.0859672899778046,0.250140181579027,0.682016636882792
7296,0.0294928776651662,0.0861999597309665,0.250919309644871,0.648907799658362
7297,0.0293890287733137,0.0864391801801055,0.253756046380116,0.658314997937089
7298,0.029359770003483,0.0870610834268465,0.254855203783344,0.691599110696297
7299,0.0292939819514449,0.0863752732828326,0.249784076639843,0.64253199465848
7300,0.029366400449564,0.0866860528608715,0.259396857867943,0.68736413156249
7301,0.0294386741774209,0.0857526043870426,0.252353868303369,0.679569841826162
7302,0.0293982784565659,0.0861211977712882,0.247261718015365,0.633621540266502
7303,0.0294103836804493,0.0863174949998236,0.251542963112782,0.642776374731339
7304,0.0293936441215666,0.0867812248271958,0.252816226055949,0.661124895314966
7305,0.0294358326272099,0.0867588961926238,0.255880556782865,0.647643455011136
7306,0.0292838483975984,0.0863559478946487,0.250156090248443,0.63247398051716
7307,0.0293245341234585,0.0864562722823599,0.25135770641538,0.670324904373125
7308,0.0294330864826863,0.0862426286719113,0.254761939194621,0.652813918181998
7309,0.0294364919621352,0.0867082365317748,0.259702819851862,0.662353921072772
7310,0.0292996541917063,0.0863652497127102,0.252364338571741,0.666796160219543
7311,0.0293015059093743,0.086254472751263,0.256660183985958,0.692302009261424
7312,0.0293130065536258,0.0866827076945377,0.262442875013015,0.709273897442606
7313,0.0295361951299328,0.0868738754895985,0.255764770518692,0.688320762354094
7314,0.0293938845516157,0.0868318993063816,0.26201113643283,0.681364663157848
7315,0.0293989480057899,0.0867735507493397,0.250239601667125,0.684917141384657
7316,0.0295137054547607,0.0878359894910243,0.257267444123176,0.679055676503588
7317,0.0294364901212632,0.0869789155324045,0.25724144789546,0.650808452404347
7318,0.02947686866169,0.0865129964522555,0.252518128971494,0.69788804355749
7319,0.0294152127047146,0.0868596700563114,0.258131911929057,0.704239111605102
7320,0.0294377410819901,0.0867967267193472,0.256935352911667,0.677071363390371
7321,0.029374193818919,0.0861817186173015,0.255108064160579,0.692268584079881
7322,0.0293548269505369,0.086309423285752,0.255098150685998,0.612283796391758
7323,0.0294141569464743,0.0871610019024666,0.25466401208476,0.637414143894117
7324,0.0293376425970482,0.0868546986982202,0.25012005648658,0.664974921050676
7325,0.0293744335269372,0.0859768947267017,0.258190737513245,0.658538370235664
7326,0.0293248385106834,0.0858798948730558,0.253606784794774,0.664664384166774
7327,0.0293859595132306,0.0866661576206326,0.256225857866806,0.664727756309941
7328,0.0294385406504378,0.0873458414673696,0.254924228388339,0.638968112171204
7329,0.0294083834007531,0.0862559645068878,0.246812484891685,0.607743012316268
7330,0.0294558997518983,0.0864349823883022,0.252974512584865,0.618287927899368
7331,0.0294003280478518,0.0868414458896023,0.255710338537666,0.646485349394172
7332,0.0294699982547536,0.0867146267415128,0.248251774485782,0.63479794497503
7333,0.0294347023974204,0.0860537589266088,0.250758329377042,0.657422518177328
7334,0.0294773184751961,0.0864462792269911,0.258772515667701,0.642671264914383
7335,0.0293921675995761,0.0864301136575606,0.256787630428816,0.647099319016024
7336,0.0293574993084229,0.0864116859226898,0.251202773930647,0.636801671481446
7337,0.029348776018537,0.0863201222641218,0.257740410947804,0.648458710354448
7338,0.0294028631258086,0.086301833551088,0.247555776717637,0.670118378196373
7339,0.0294005147408041,0.0869482769560802,0.251938452142109,0.666891569588109
7340,0.0294399529212217,0.0865351504546908,0.259049684557907,0.67537624480551
7341,0.0293622002688074,0.0866916366743447,0.248312155928746,0.638603825663909
7342,0.0294701392523622,0.0870239160837675,0.250741757903873,0.646175767233638
7343,0.0294381187338542,0.0859744107183734,0.249291068853142,0.637634653418099
7344,0.0294252553084369,0.0869810644528989,0.259254710147956,0.667905465872443
7345,0.0294731861284849,0.087259754162223,0.256718198966419,0.685255210885041
7346,0.0294243263285226,0.0865469347828438,0.252594697690213,0.664423340361461
7347,0.0293861399420215,0.0869797029725381,0.254734666766429,0.675767065302364
7348,0.0294252429826448,0.0865868955531198,0.250877665166003,0.679732503852582
7349,0.0293564890045214,0.0866716682164223,0.254509644954948,0.638747581712846
7350,0.029467105473624,0.0863405456345689,0.25136099238859,0.652966645050428
7351,0.0294121858614816,0.0864009872510783,0.246594238400735,0.626330026618053
7352,0.0293465531709823,0.0870438801831675,0.255460783218114,0.670555572301574
7353,0.0293056979029956,0.0868408287071883,0.254884848983131,0.650294121034871
7354,0.02940651119085,0.0865992482299434,0.249572433063939,0.667019541450342
7355,0.0294990083667725,0.0861714356699441,0.254251986567488,0.659013713040603
7356,0.0293822684735555,0.0871068502996243,0.261230071710508,0.695220151754758
7357,0.0293500445392549,0.0867986089646866,0.258945874664476,0.681679511731802
7358,0.0293676527509717,0.0870329625498271,0.255200135733229,0.684836068426479
7359,0.02935860937338,0.0866621244509702,0.253330909283113,0.65217583958181
7360,0.0293046437256029,0.0865752266171523,0.252838456790155,0.669862642813695
7361,0.0292998839420644,0.0862717449763324,0.248094965952326,0.647998421504788
7362,0.0294209767530826,0.0863162532400597,0.248097169244252,0.630487152884088
7363,0.0294129442367889,0.0867774067071355,0.25094906021849,0.635435817203124
7364,0.029356217837368,0.0861325503697772,0.251838584590424,0.695897461932716
7365,0.0294226354502688,0.0863808773344711,0.254891213236835,0.662677898646097
7366,0.0294407826842985,0.0867135301847771,0.257878689932146,0.661271248843419
7367,0.0294182422002473,0.0867570051749261,0.247846646630574,0.635536135780188
7368,0.0294287988707396,0.0864132326336259,0.253348578719035,0.707044477077499
7369,0.0294598589020932,0.0877497961710181,0.254956407683374,0.674795778255299
7370,0.0294626133757731,0.0873193367239335,0.253609396050907,0.646564923093293
7371,0.0294045878257791,0.0867146641850007,0.249220761402681,0.635302745664117
7372,0.0294608172571509,0.086543502767328,0.255552832703859,0.697004646397262
7373,0.0294281797543463,0.0865171136262638,0.252335326213543,0.66283819703199
7374,0.0294140251972627,0.086786410590513,0.249448539741729,0.66532239709133
7375,0.0293701953786876,0.0861707651730158,0.249000967127233,0.624390164233442
7376,0.029420784210409,0.0869133595720302,0.257098728567214,0.627311057006601
7377,0.0294283022570108,0.0867661858697814,0.250745401957545,0.636679021670784
7378,0.0293252683397539,0.0855433427246664,0.249921032142537,0.653489264990503
7379,0.0294134016622689,0.0859903521919387,0.253557468572855,0.685374964692252
7380,0.0295106650613319,0.0870890199555351,0.249308205145408,0.652569038457624
7381,0.0294347514607443,0.0877873910461033,0.262742942124108,0.654482236297672
7382,0.0293599800885039,0.0868758798011761,0.254644868390029,0.638484525902602
7383,0.0294187002298294,0.0864422821264712,0.256819558580771,0.64905427616583
7384,0.0293447505620997,0.0864504569984126,0.249811399736827,0.67414520466519
7385,0.0293860818529604,0.0859403364652586,0.250559542430798,0.655646844408847
7386,0.0293606655884662,0.0858208807283659,0.250496504759424,0.660042755087514
7387,0.029382661711048,0.0867939054438051,0.252328097579697,0.614605188668307
7388,0.0293900492642888,0.0873847928826451,0.253580404594273,0.64659396792566
7389,0.029517162374709,0.0867868091164128,0.254130950248145,0.679307402017616
7390,0.0293902927994296,0.0865537683536228,0.252777121599799,0.6795687409726
7391,0.0293941472126018,0.0862979400354011,0.254919259697035,0.63003292304915
7392,0.029369576087068,0.0863070394240566,0.259270917813063,0.697014203873645
7393,0.0293263190556193,0.0858282342408456,0.257244189296433,0.649932115088959
7394,0.0293066952662119,0.0860160733681936,0.244822864926097,0.628459681189518
7395,0.0293353335361633,0.0856021359525612,0.251194031853535,0.6536761571491
7396,0.0293932904727477,0.0865980562180231,0.25362202760281,0.652571827751981
7397,0.0294063865702504,0.0864550251924737,0.253053529731273,0.672264293907744
7398,0.0294182241568835,0.086850164894788,0.252372099707988,0.664410856683389
7399,0.0293377760425865,0.086649041213713,0.253730494652965,0.647669697230425
7400,0.0293294507511495,0.0864839167347313,0.254978087378379,0.663808040688316
7401,0.0293696751004752,0.0864767344953195,0.262174555482344,0.67945922862426
7402,0.0294418041116105,0.0869271140855771,0.250902485829295,0.616248181875564
7403,0.0294528908064465,0.0873329022545458,0.257471809998144,0.644387096951253
7404,0.0294285512652342,0.087422531102453,0.260309948254468,0.648251262083682
7405,0.0294255551925907,0.0861043175470501,0.249607992769822,0.644960550728961
7406,0.0293510265315152,0.0860702074325854,0.252109919353087,0.664178686288229
7407,0.029403709929602,0.0861688201255423,0.253614189998105,0.663135114394882
7408,0.0293398506937923,0.0864908355428071,0.25046573946328,0.635963423154628
7409,0.0294158579679781,0.0864474718711531,0.259812685997136,0.645827624022627
7410,0.0294007193884293,0.0862428240937492,0.255887558429227,0.627370340802632
7411,0.0295161345524061,0.0861891856579049,0.260752054275433,0.663978096686972
7412,0.0294223027249722,0.0859541948670453,0.252308437489191,0.669183128894977
7413,0.0294451572957909,0.0870970594448871,0.252949047100335,0.678630217909161
7414,0.0293713916156075,0.0870890852908298,0.254584229094118,0.67982641842534
7415,0.0293799668928712,0.0863655309481101,0.256203554697735,0.678419616934633
7416,0.0293119328191527,0.085980108238613,0.251062312603555,0.655990470281785
7417,0.0293471842131479,0.0868304600918282,0.253891472491894,0.657188628709032
7418,0.0294917377328175,0.0866013895701868,0.253104477637911,0.689362551807938
7419,0.02940483346605,0.0871985895549768,0.256056094057053,0.684627839211144
7420,0.0293728389519619,0.085919291476278,0.253155865009965,0.664460082481997
7421,0.0294218662125022,0.0864844486251116,0.250597881770309,0.67085247312044
7422,0.0293340647667636,0.0874168185154927,0.254871801689491,0.715323058623957
7423,0.0293906157498187,0.0857506502786118,0.249586013981563,0.634247319573668
7424,0.029326370186296,0.085235498469812,0.247812913407501,0.619212171282945
7425,0.0293334334996948,0.0858314116967304,0.246552942944946,0.620530853720119
7426,0.0294329287708902,0.0862044467801125,0.248312304470075,0.648394050120603
7427,0.0293440765351229,0.0868273777934081,0.255043183048246,0.665876154714325
7428,0.029289692461271,0.0863340972452835,0.248133519004856,0.648135025082408
7429,0.0294862280760856,0.0863312281976132,0.250495016377402,0.644483966218097
7430,0.029413613681945,0.0865196368861213,0.254277370896111,0.653432266869384
7431,0.029416507345383,0.0856259993442889,0.246843119733321,0.617652376793642
7432,0.029395276947282,0.0866794181632216,0.256043624820237,0.669789858203111
7433,0.0293566829896989,0.086459917840936,0.255034373302997,0.634363496324164
7434,0.0293752850880495,0.0872209304009885,0.254606834517296,0.681257194599982
7435,0.029375969039784,0.0858589780585349,0.248947532214245,0.650273827265358
7436,0.0293213024428194,0.0858909826442351,0.254415294421632,0.713915048177095
7437,0.0294922043786021,0.0873892128555792,0.263339186608461,0.682290964666064
7438,0.0293722941102831,0.0872700534163587,0.252451524280398,0.669098250760375
7439,0.0293950079748348,0.0866495387423844,0.256495330656817,0.6671892074758
7440,0.0293898265114666,0.0857135624988537,0.246919039830985,0.678748516338392
7441,0.0294876277575032,0.0867505157711429,0.257558799000125,0.662742613691869
7442,0.0294619988774343,0.0873772745076977,0.25119956057945,0.651092961676758
7443,0.0293870922559292,0.0862338316114077,0.249884495536784,0.607694823622924
7444,0.0294553621972543,0.0878313881662342,0.257065980232466,0.640459947865118
7445,0.0294282699780324,0.0871359590458855,0.25080495192826,0.688872177901213
7446,0.02941488046576,0.0867587783217513,0.253412289471603,0.660226626615497
7447,0.0294226693489712,0.0862829458657363,0.247209262707242,0.643038020973176
7448,0.0293764631207776,0.0864548801778499,0.258574166692993,0.681710405794985
7449,0.0293701440049883,0.0870851930222338,0.258734029354757,0.680875028035832
7450,0.0293815325098693,0.0860350583109742,0.250569916099105,0.62993917669297
7451,0.0293566692578319,0.0869601698679415,0.261453419820855,0.649762177531043
7452,0.0294455690261795,0.0862190868441876,0.254333546526564,0.660299553379886
7453,0.0293810839285067,0.0867933059664776,0.253621873440546,0.687127366631946
7454,0.0293287407053813,0.0870461893685875,0.260846872085352,0.683196962975279
7455,0.0294565348454226,0.0869062825086672,0.250212891564282,0.639728302868179
7456,0.0293801053284162,0.0866733958746711,0.254312518567022,0.648230888222261
7457,0.0293469719139467,0.0864868748940753,0.253664474716867,0.658981722486692
7458,0.029439391817749,0.086460709030546,0.255950394819803,0.68185610561458
7459,0.0293880864237621,0.0869225061914574,0.255031385926883,0.648652121991111
7460,0.029497727774132,0.0872821554064913,0.256499981313316,0.625100391170485
7461,0.0293742337544386,0.0859916875361823,0.252808499267095,0.67337238496741
7462,0.0294460307343934,0.087085081784818,0.263218293621866,0.691054672302654
7463,0.0293103122800581,0.0862671425380506,0.253094716436578,0.675248810560521
7464,0.0293826419983329,0.0862453950207579,0.253056798060624,0.687417621875415
7465,0.0293698786759265,0.0865740613198615,0.255285687739281,0.668747019746824
7466,0.0293034280658319,0.086159782776774,0.253097404911523,0.678198095846948
7467,0.0294525108132122,0.0874402265251141,0.250536280465397,0.638760155152574
7468,0.0293662697202288,0.0870418567300022,0.259890386312724,0.67349602564134
7469,0.0294449664890471,0.0867377199899814,0.259542686940215,0.678992175988418
7470,0.029399119185618,0.0868162485820113,0.255863052364861,0.671589003967665
7471,0.0293498424996147,0.0861712221297532,0.250525174711041,0.660282269919908
7472,0.0293787176779124,0.0868352639190199,0.253314633025995,0.639090770859331
7473,0.0294389695292953,0.0861786883157824,0.253031581771011,0.640834499714355
7474,0.0295083789287789,0.0876602838436369,0.26013428604138,0.662440946416776
7475,0.0293158973949499,0.0863179037009378,0.249918010246325,0.643440529353824
7476,0.0293562271178003,0.0873104802838561,0.255757651306125,0.656165499428034
7477,0.0294161130567448,0.0859187419081316,0.251262821248996,0.642654891571961
7478,0.0294715617148804,0.0881410960638263,0.260419011104257,0.667961122941458
7479,0.0293646721258376,0.0860572400138107,0.25699691868735,0.631712272838539
7480,0.0293310266424499,0.0869021506046564,0.250314632403502,0.660493219425798
7481,0.0294020816352099,0.086434147233278,0.2520010379522,0.605263724251117
7482,0.0294179711532037,0.0874745504890046,0.253009497077582,0.639777250678211
7483,0.0294115397418967,0.0867059100759528,0.251479718805167,0.665903951489743
7484,0.0293778557320942,0.0864890409455898,0.260907421501315,0.656189580636229
7485,0.0294319295235707,0.0870296985721117,0.2626298304469,0.684416354929074
7486,0.0293736132883422,0.0862455578457247,0.248670233380681,0.638217656077814
7487,0.029440920987541,0.0872439147980275,0.260616682186918,0.697805049036139
7488,0.0293970873331168,0.0861826465400761,0.255382902077693,0.6431588367825
7489,0.0294039248688362,0.0860781884067999,0.258973756746949,0.646725463649239
7490,0.0293995137102195,0.0860096135883842,0.249252119524797,0.653191130722254
7491,0.0294531840570438,0.0871081516537722,0.264362699367101,0.696188811146069
7492,0.0294842062777974,0.0872088856679844,0.255651377779635,0.658806957763817
7493,0.0293985348161823,0.085863850304939,0.25283549341948,0.663374137207663
7494,0.0293792266819736,0.0872557739745328,0.250146417386964,0.6300264350007
7495,0.0293628968339738,0.086228982552662,0.250672122434433,0.670240854328328
7496,0.0293601474129983,0.0865084172314409,0.25791607007394,0.663666260812932
7497,0.0294593039958175,0.086918469314619,0.25587812742603,0.65238551148037
7498,0.0294518115740423,0.0863713069994107,0.250503970887412,0.656292620723348
7499,0.0293995002461714,0.0861765207768888,0.254624159962513,0.663252173223093
7500,0.0293409058410443,0.0869697279552581,0.250165813616886,0.655573937727271
7501,0.0294390996171431,0.0867423052229132,0.253232352676181,0.63974650622005
7502,0.0294261141924908,0.0874071304202996,0.250578515063897,0.661843486640838
7503,0.0294128523274165,0.0867630615845403,0.250277522783023,0.685008021967129
7504,0.0293508657714795,0.0856306995291361,0.253819846359313,0.633372217690526
7505,0.0293993054218443,0.0863422798024146,0.256920109004541,0.67743579824245
7506,0.0294554238705103,0.0867572542552849,0.254250009721143,0.658758173369956
7507,0.0294326152574853,0.0875525408102014,0.257180309017518,0.68936689200107
7508,0.0293757828161872,0.0865867908981924,0.252808437340714,0.647645534365553
7509,0.029396518264527,0.0868436480634082,0.253214707320995,0.667671775540621
7510,0.029369273782676,0.0858579128360231,0.249477010358852,0.684453994490222
7511,0.0293915548591494,0.086298268980704,0.261757190684392,0.649252280113318
7512,0.0293999336380973,0.0861614316286715,0.252189281048197,0.651475635773587
7513,0.0294476030326532,0.0877411207419352,0.259365163453395,0.670452903905676
7514,0.0292973215649047,0.0856838243123381,0.255302079811016,0.646619092728032
7515,0.0294343833409634,0.0857126770144677,0.2520568512565,0.663400779201478
7516,0.0293828102058357,0.0863111444180609,0.253676347844134,0.648081594855834
7517,0.0294030912980054,0.0872117850105208,0.254201254250363,0.641159178255143
7518,0.0293875893407724,0.0868960142968306,0.251168163672377,0.634900371727137
7519,0.0294081531655642,0.0870007255479922,0.255187020745206,0.673578700389653
7520,0.0293640411821935,0.0871738308783345,0.261977833634038,0.646767759260116
7521,0.0294026051547889,0.0869479991862306,0.256852568365319,0.679693162401256
7522,0.0293621401186822,0.0871273742200779,0.256393525181617,0.644002736835127
7523,0.029358754733027,0.0861340430855367,0.250890497609834,0.636229728050744
7524,0.0293350344555082,0.0867582475859994,0.253303133512582,0.67474583625383
7525,0.02936841514612,0.0865032271389508,0.253318611306047,0.635327667262542
7526,0.0294474952521073,0.0870886753709476,0.26054247701077,0.68660650005423
7527,0.0294243056987723,0.0864257737694665,0.253407781073835,0.644447809681185
7528,0.0293898325563083,0.086788870596382,0.258630221315708,0.645606244153797
7529,0.0293689205060748,0.0866669489502561,0.248751281172769,0.642578394998436
7530,0.0293742820892714,0.0866287383993,0.250415041520324,0.651388958622123
7531,0.029452634805449,0.0866281825260081,0.255710524947207,0.689711232380579
7532,0.0293325351789747,0.0868616290542684,0.255068073217709,0.639796591237901
7533,0.029423342547464,0.0865080844037451,0.258201964320532,0.677223411375237
7534,0.0294212034187095,0.0865734898943086,0.256222764126243,0.644358504092061
7535,0.0293919219347847,0.0861005298444319,0.257941522555209,0.684279632082196
7536,0.0295180308672436,0.0867122506753906,0.253964819875843,0.672038743387359
7537,0.0293701974969666,0.0867922729404494,0.251146995920998,0.656085881719583
7538,0.0294410888270058,0.0873574812052614,0.25722359178351,0.645454145827881
7539,0.0294086772993963,0.0869737813278164,0.25346731150866,0.665863572399088
7540,0.0293873911373897,0.0864920272258426,0.252034668434262,0.694056038003854
7541,0.0293925672610677,0.0864336416232079,0.253886932984524,0.642730860084691
7542,0.0293973117280252,0.0863670148614292,0.25240293785457,0.679163906353137
7543,0.0294335378947337,0.0873201857060256,0.258045771643509,0.65334380661816
7544,0.0293478468392964,0.0862839573446613,0.250813364580683,0.673258597625483
7545,0.0293108849401924,0.086413071843812,0.256723364246687,0.703369274676566
7546,0.0294201448138368,0.0866145651942374,0.255821366528246,0.637179942594321
7547,0.0294503331249782,0.0869562626811027,0.255033287086809,0.646392130274792
7548,0.0293836926007459,0.0863598168583862,0.248248307097876,0.644811754129818
7549,0.0294099564576652,0.086432612524021,0.251917994482958,0.67883209322827
7550,0.029389633439332,0.0862135000767043,0.256757710085513,0.639809279726155
7551,0.0294821891837806,0.0871947969875484,0.255105230668505,0.650138596486566
7552,0.0293680687824637,0.0865075366101377,0.253858867813703,0.655237863161709
7553,0.0293216723325627,0.0873845379091606,0.26106567414527,0.69300699031191
7554,0.0293501652058712,0.0859322547934154,0.250806191069512,0.686840301172941
7555,0.0294056104439736,0.08665815350245,0.258153809144088,0.684737859009649
7556,0.0294625887513018,0.0863025922295357,0.252411085237341,0.652798150806763
7557,0.0293789178910394,0.0865930156011595,0.248839333600208,0.669713002990544
7558,0.0294738289847881,0.0866175318565095,0.247447911664763,0.624285858216878
7559,0.0294844883828911,0.0865173095237205,0.24992554802211,0.665847131186425
7560,0.0293836338181818,0.0868368472132335,0.25792694763957,0.642770005396283
7561,0.0294489374677086,0.086443405802853,0.251541274580275,0.641140326067029
7562,0.0294598694086527,0.0860448851679949,0.249965949465482,0.641668140303933
7563,0.0293712923077464,0.0867318404520743,0.255082873197979,0.684186766954337
7564,0.0295173650084799,0.0876696348186648,0.257056275100177,0.646928547395217
7565,0.0293502439948236,0.0856766590669328,0.252599132064775,0.687922474508754
7566,0.0293484400571621,0.0864558073428455,0.253760969577728,0.670073440834143
7567,0.0293602381065737,0.0867550512735954,0.25658714907365,0.64129724245617
7568,0.0293948188150628,0.0871300065531521,0.253183090351631,0.685531421224074
7569,0.0293997550574127,0.0870462149713744,0.255978633614323,0.643085359040552
7570,0.0293958455142743,0.0859415774542903,0.250561918967974,0.637592581568532
7571,0.0294123623075533,0.0867898778179234,0.259106020368323,0.690255891802884
7572,0.0293627058272366,0.086498787767616,0.258260849853421,0.693119457921462
7573,0.0293976614107212,0.0868157165300886,0.255748599131946,0.643673044335808
7574,0.0293466579118908,0.0858954906292022,0.256068887487794,0.658835520998259
7575,0.0293540148619795,0.0864525878801182,0.253317991769843,0.646485519879999
7576,0.0293146653579634,0.0866153366536453,0.25503886535912,0.629791935139647
7577,0.0294749186556712,0.0861298983997514,0.254241013106986,0.639567755589842
7578,0.0293637580432137,0.0862457136625465,0.256760713137022,0.664857739276892
7579,0.0294148556412749,0.0870342193299285,0.251399585105207,0.665379294974479
7580,0.0294141216875091,0.0859963641226868,0.2498652364561,0.65170221643577
7581,0.0293638598080984,0.0861425691130966,0.254063128787557,0.672688661062673
7582,0.0293438563027081,0.0871509194891487,0.260794882374701,0.669033626484182
7583,0.0294022650183547,0.0864062115692806,0.252691427866958,0.674550369619137
7584,0.0293970518480652,0.0866731153154807,0.251831063257233,0.680862509741601
7585,0.0293953138329122,0.0865879243568547,0.255829283395989,0.637809200532593
7586,0.0293843977227668,0.086154205483407,0.253009132421605,0.647753164912449
7587,0.0294289090918864,0.0863537929778597,0.253751459442226,0.652683134993526
7588,0.0294777097759013,0.0864993026067684,0.257451943019746,0.62740292336161
7589,0.0293888566328215,0.0870168381169706,0.25484958714878,0.684675220269217
7590,0.0294495105502533,0.0871828408066775,0.254546536017956,0.700531676520866
7591,0.0294740414973997,0.0864888004934895,0.257361290824348,0.633354461787855
7592,0.0293886945241515,0.08647771947497,0.260248107369503,0.708593815758233
7593,0.0293302461314024,0.0858226954523974,0.246886006252787,0.652470330998647
7594,0.0293927388414321,0.0868763884158606,0.252219168092826,0.703869530570753
7595,0.0294379381285338,0.0871100813261906,0.257216612998636,0.648333993135142
7596,0.0293536407551539,0.0862791818210268,0.248408286936204,0.682101091712889
7597,0.0293959839508431,0.0866103206973227,0.254543081216926,0.625300061089418
7598,0.0294206936385315,0.0861294654920515,0.250279653899973,0.633333764495653
7599,0.0294497867596429,0.0865836802459111,0.260433817060394,0.668953133899073
7600,0.0295068649515758,0.0872698828241829,0.255059244564979,0.642504496222782
7601,0.0294009944874147,0.0865830342062953,0.258236910370266,0.687023555380405
7602,0.0293041027455333,0.0858568829405187,0.251921939342823,0.648316793905422
7603,0.0293514658582391,0.0868749074483139,0.249672335573683,0.674925582614633
7604,0.0293607992173079,0.0858559023439617,0.251863020260462,0.680916593912192
7605,0.0293883286671209,0.0872260884616107,0.252469051754113,0.655896822876798
7606,0.0293923650560978,0.0868679291458065,0.258827269782508,0.685247794766363
7607,0.0293277104790072,0.086469701555196,0.255187769268402,0.648506139422582
7608,0.0294629726809071,0.0859841329781955,0.246451753642229,0.620206067434099
7609,0.0293813140398359,0.0865014488941884,0.25292831519158,0.671591963711122
7610,0.0293021529228334,0.0855030746642232,0.252425122349965,0.66750689159506
7611,0.029409921081143,0.0858337302218041,0.25500053042588,0.689354438487972
7612,0.0294064971950078,0.0869261385221725,0.254897280847119,0.668002656012583
7613,0.0294238529982118,0.0864482522532971,0.251780166113909,0.684515229597061
7614,0.0293556292919773,0.0869031831031372,0.252849573372252,0.672810513418249
7615,0.0293504696952343,0.086324146640933,0.25362945765669,0.669441554389884
7616,0.029384813669276,0.0861556039160708,0.259347265584138,0.638572197695861
7617,0.0293190474438124,0.0868515343488928,0.256059575569374,0.657857032116378
7618,0.0293260787263433,0.0870360849045013,0.25337096900958,0.656242264538655
7619,0.0293841234337226,0.0867941740331317,0.25857555838857,0.644873279516129
7620,0.029533331459528,0.0875119581044132,0.257093458417887,0.61412948236891
7621,0.0294432383088576,0.0869354630646264,0.255785229207698,0.637876729536565
7622,0.0292622661238959,0.0856706761433714,0.255412371837404,0.651200942212498
7623,0.0293888729489717,0.0870855362904362,0.260913312967439,0.699576577323899
7624,0.0292600835471322,0.0862979669876553,0.249742358431065,0.659692329452469
7625,0.029519267908329,0.0870199593704861,0.247114708846259,0.627365067073132
7626,0.0293323984265115,0.0866695926053595,0.255915908395093,0.675058574076239
7627,0.0293800819178715,0.0860788979133742,0.250996076116796,0.628276708529618
7628,0.0294291074427861,0.0868324819008135,0.256885494458452,0.660149133176601
7629,0.0293591642607833,0.0856841173937562,0.251120955592602,0.648707138319116
7630,0.0293758198062405,0.0869414731347691,0.250748765890593,0.674797812935654
7631,0.0294603303292732,0.0871075847218026,0.257419567330769,0.673418661509519
7632,0.0292942551738508,0.0867075400988155,0.251870190765351,0.644858130442415
7633,0.0294380640778363,0.0864933533722197,0.256690051251827,0.701205503560843
7634,0.0294051426280957,0.0869440233641524,0.254345969815623,0.641633271090114
7635,0.029354222706871,0.086052417497088,0.257334391964396,0.643629841436696
7636,0.0293962683187734,0.086288800257423,0.25447283894778,0.659526843191372
7637,0.0293610007069435,0.086659939790663,0.260649677460411,0.672919296523265
7638,0.0293895265368884,0.0866167627813898,0.255498366703047,0.684224817275827
7639,0.0293417197073834,0.0858975399480085,0.248385212017243,0.606950209513684
7640,0.0293725316131265,0.0872867213925398,0.251973551076671,0.651552250775008
7641,0.0294318406651382,0.0864742284330745,0.254010341841797,0.649152837731124
7642,0.0293717631601375,0.086590498424454,0.250919676476521,0.602470182089056
7643,0.0293988438735054,0.0869920500398569,0.257084415934048,0.696625484931772
7644,0.0292880402979409,0.0856317090440439,0.250790986410704,0.690837626967541
7645,0.029356928962714,0.0874179843842744,0.257708167133343,0.65949566325266
7646,0.0293706988854619,0.0865848502961848,0.24909440796803,0.646990171889672
7647,0.0294356870164686,0.0862769313231896,0.24852541881943,0.630973431296671
7648,0.0293913864805222,0.08666896057906,0.252773179504562,0.687280670794921
7649,0.0293894863461341,0.0873689172941991,0.25721068423515,0.690772694532104
7650,0.0293281640292375,0.086630738987844,0.256771919409224,0.66839253426168
7651,0.0293516295187848,0.0865702956856567,0.253522522114634,0.636524327452713
7652,0.0294944432797091,0.0863978029924576,0.250283362950285,0.649232775284264
7653,0.0293850509912346,0.0868061431798582,0.257497755610803,0.654246303886506
7654,0.0293967525197549,0.087271726725905,0.253922248307659,0.675227705105567
7655,0.0293693903022528,0.0868013284498541,0.254704177159209,0.639339014992818
7656,0.0293381508725327,0.0868070766569558,0.254441480053513,0.64388148833255
7657,0.0294413380012143,0.0868852832793896,0.259508990156441,0.678823846658882
7658,0.029328237123539,0.0866629454859325,0.255067717978931,0.650478825938714
7659,0.029350740331638,0.086004231476086,0.251391680521844,0.649437949421984
7660,0.0293846886390784,0.0873328604811037,0.252622716840253,0.68739921713524
7661,0.0293040895952778,0.0865837280266421,0.255091429284614,0.682290985944733
7662,0.0294479509253973,0.0864307821561256,0.253182095794562,0.645557194775922
7663,0.0293833521644815,0.0865563437036313,0.250184847211676,0.70204160918514
7664,0.0294109002865812,0.0871480416141842,0.254244126667279,0.609121681562504
7665,0.0294095214530674,0.08641748206966,0.254186015983225,0.675611502780329
7666,0.0294292982578392,0.0856198299714085,0.251291453834676,0.669226594046021
7667,0.0294990122527909,0.0870927557349019,0.25514193468693,0.666682449475938
7668,0.0293044321560483,0.0861974230261358,0.248854662119289,0.631500518943489
7669,0.0293499675865003,0.0861850317209094,0.261560024855383,0.644339068885437
7670,0.0293665843727331,0.086865049052761,0.259709723001815,0.697557489536719
7671,0.0294271265647784,0.0869225101816377,0.260648363629253,0.695900342028371
7672,0.029297088582503,0.0867813362597749,0.255006459018257,0.647330944254073
7673,0.0293912168753676,0.0863687884081501,0.258421492127717,0.682036434525108
7674,0.0293379109193072,0.0872100444723315,0.252978980935998,0.665922228854838
7675,0.0294450344943937,0.0870997648975739,0.253150012894997,0.650845438001091
7676,0.0294767727818051,0.0868594078755828,0.256085939878726,0.626526291410925
7677,0.0292764711098342,0.0856938257336361,0.24822734671215,0.618810352444553
7678,0.0293993129290924,0.0868238876015409,0.25691860748144,0.659029142830221
7679,0.0293419057832829,0.0863258575378136,0.254448714395253,0.69095531631551
7680,0.0294599371460734,0.0868923854027614,0.254228874742954,0.639019250331313
7681,0.0294164278288742,0.0872030115458326,0.252580501642245,0.666251429699914
7682,0.029308113830802,0.0864853564351778,0.248369321981981,0.635909914260787
7683,0.0293987332378298,0.0869566801138673,0.252780970830327,0.624259276336382
7684,0.0293983824679249,0.0862244454974882,0.255184401521511,0.658950255369884
7685,0.0295090989811062,0.0861287419573244,0.251281046763174,0.684242410059919
7686,0.0293295163107626,0.0859984563202835,0.251886208601092,0.654364587741909
7687,0.0293778739720174,0.0866015574583768,0.256438454727291,0.703538806976299
7688,0.0294595905631182,0.0868232900841142,0.254281073924128,0.67789351342347
7689,0.0294005002226654,0.0862571878170299,0.255555842568198,0.634990448931508
7690,0.0293182887569706,0.0860036045877419,0.252524789562862,0.664078173342881
7691,0.0293188915575516,0.0858299997791472,0.252881328843683,0.698401930661221
7692,0.0292704946264539,0.0862637797740248,0.254895500610608,0.671468021277914
7693,0.0294069904698668,0.0865451127811485,0.255908696284998,0.674130223935332
7694,0.0293319276711618,0.0862780260122743,0.24975298652179,0.628137342371013
7695,0.0293279956073113,0.0864784517522127,0.252371997689024,0.709497760344065
7696,0.0294129374120636,0.0864898458111644,0.252479769833482,0.640478457542987
7697,0.029376014730608,0.0854977652840232,0.244675864976067,0.630269466292932
7698,0.0294983048219113,0.0862891162157277,0.24953764975526,0.623682416926031
7699,0.0294038993435285,0.0860363927583782,0.257966872805742,0.693747215913153
7700,0.029365078156253,0.0868580350715852,0.257645065751562,0.663225406258523
7701,0.0294213597807634,0.08688836834549,0.253455558665624,0.63605415484099
7702,0.0294911764158183,0.0865404521177927,0.253869314652108,0.646541474236288
7703,0.029465671164561,0.0871833219807112,0.25853445074405,0.656570434726555
7704,0.0294278701575916,0.0866053063591628,0.254356779086893,0.681927546249675
7705,0.0293821399003981,0.0861529983110405,0.254227103098958,0.626215578375911
7706,0.0293296617799101,0.0863413152824508,0.252387077369254,0.662785738284509
7707,0.029460838972939,0.0874302664748401,0.257201760134353,0.658505281206165
7708,0.0294624457918106,0.0875718345693292,0.261659387516898,0.74425217047082
7709,0.029378912472395,0.0857068784302273,0.250952549791299,0.654995869730648
7710,0.0294310119055533,0.08661203594923,0.250586733456891,0.656282393531856
7711,0.02937911215918,0.0868111235173071,0.249750183939715,0.650954246279319
7712,0.0293882990052515,0.0865340469812796,0.249021021537163,0.632033978477741
7713,0.0293478059971793,0.0869471973524397,0.259637094729175,0.648220589507677
7714,0.0294266824463752,0.0866422015553816,0.25181618674835,0.658587123215419
7715,0.0294600736026309,0.087002695564798,0.254810142418066,0.632464535309362
7716,0.0294701987084911,0.0864995245183909,0.255096598136285,0.675619198342629
7717,0.0293575367567028,0.0863258608188184,0.256765096470687,0.699723738184943
7718,0.0292830901883201,0.0870567628408979,0.251041044507481,0.61307993967064
7719,0.0294322751996246,0.0873214581253054,0.260429963978673,0.684965555768894
7720,0.029448802734342,0.0875996604464225,0.258121511219846,0.682556945555761
7721,0.0293979748612715,0.0859965974508556,0.25811865974029,0.68667670262323
7722,0.0293972655763136,0.0859768114920018,0.260500295129067,0.67238392363472
7723,0.0293973574298123,0.0856940081156133,0.254901846033918,0.616131099493659
7724,0.0294298514733017,0.086315555459114,0.256902369874956,0.671282493207573
7725,0.0294396238878708,0.0867098094359192,0.250661254689936,0.659505522042817
7726,0.0294672255706375,0.0867027041043186,0.256518147221821,0.628301535075748
7727,0.0293805099142452,0.0860399440484581,0.249970741212366,0.67926588471654
7728,0.0293915329364422,0.0856875213349794,0.252241446169806,0.669460134455603
7729,0.0293873028940893,0.0857194194488461,0.256607596777996,0.657362068579007
7730,0.029433302265692,0.086847339694638,0.25802165177338,0.676658101317924
7731,0.0293789491803167,0.0865031918313713,0.25563644046009,0.714492885548202
7732,0.0293553702213599,0.0862844265422222,0.25703343811777,0.66099379293992
7733,0.0294166200376256,0.0875513897503846,0.256523437291162,0.638666702305945
7734,0.0294088249764161,0.087900205566932,0.254738721356264,0.645424081396932
7735,0.0293742652331616,0.0869050784766738,0.254901192140959,0.681844520218937
7736,0.0294011593549707,0.0865754215870774,0.255477162173295,0.666721269978081
7737,0.029473785661576,0.0863389751571981,0.24940645846526,0.659631244251535
7738,0.0293218227366877,0.0864496861862024,0.253826059413384,0.663501096554119
7739,0.0293529770846377,0.0867548793596578,0.247751286146078,0.632227920862473
7740,0.0293972964249695,0.0862402175713395,0.259337851360549,0.63908981896514
7741,0.0293820713945741,0.0859585970177857,0.24661916826811,0.659420867635899
7742,0.0294201170305426,0.0870136981692034,0.257664987007126,0.654434304486613
7743,0.0294209156624142,0.087150390144101,0.257861752965272,0.653789448560473
7744,0.0293974121838172,0.0864408123027018,0.251639592156095,0.630246051662968
7745,0.0295392847923055,0.0863493393655343,0.247215102884414,0.652268511067262
7746,0.0293947478090541,0.0873018195356988,0.253224947510108,0.642126751352039
7747,0.0294263191965244,0.086630354261193,0.256765966891647,0.661225490457877
7748,0.0294201279060558,0.086444772284889,0.252887888415178,0.657395281814216
7749,0.0294112359078548,0.0864935681428154,0.249800576425798,0.680198083223828
7750,0.0293476619269067,0.0871670403242474,0.249418324595609,0.689977458202208
7751,0.0293849730668818,0.086449643157761,0.251407925521385,0.671995546493014
7752,0.0293919732893358,0.0864728406274637,0.259495579181101,0.64870641592984
7753,0.0294311139995188,0.0862738623661769,0.254563945444676,0.693952096519916
7754,0.0293447311896637,0.0859330063825742,0.251501167988715,0.680927887981951
7755,0.0294959443175027,0.0868446249580784,0.253848121761741,0.642417129889764
7756,0.0293834251377745,0.0868670489734042,0.254000823004841,0.638970678240916
7757,0.0294636462349993,0.0876229853724874,0.260452132988576,0.671836851876128
7758,0.0294259688115488,0.0866749621751867,0.256582146260586,0.657307812030932
7759,0.0293323081307994,0.0864245089959185,0.257094500658229,0.674353733286066
7760,0.0293887247814477,0.0875821243835265,0.263552741450343,0.68981976693012
7761,0.0293891193645317,0.0867677825736938,0.257832067889781,0.64728530881757
7762,0.0294412990556536,0.0860087625448026,0.252811589344937,0.669928335421881
7763,0.0293843279405816,0.0866589130123003,0.258814878003585,0.627341651926407
7764,0.029363999898802,0.0862623561073831,0.261024282213273,0.681471081099958
7765,0.0292709533097974,0.0861982230799804,0.251129432185706,0.626254356904853
7766,0.0294338791410828,0.0861679107537171,0.251108486090157,0.665266715824479
7767,0.029363466131239,0.0863596654597981,0.253923477693292,0.670879650999361
7768,0.0294497715673929,0.0868874080458049,0.252278306516124,0.680040869127665
7769,0.0294342340591805,0.0871996279155871,0.252386983417779,0.655570161371006
7770,0.0293501947493906,0.0866760970872548,0.250185840944181,0.648245566469251
7771,0.0292747191604541,0.0868605847558734,0.25521142728848,0.682627359191781
7772,0.02935971188377,0.0863245997718638,0.254118294800317,0.656473778730012
7773,0.0293880073147027,0.0863193869734594,0.24904329304721,0.702242249412457
7774,0.0294479293051173,0.0865404102477805,0.251823514995348,0.654377170647862
7775,0.0293236036149761,0.0866728577043917,0.257432547526564,0.689199598187201
7776,0.0293902309650169,0.0860838903884144,0.249988746123457,0.668423847822419
7777,0.0294382268774397,0.0874563772549283,0.258131340273821,0.641944446219168
7778,0.029332716653954,0.0859633852306401,0.250533837578898,0.655133019190408
7779,0.0294203288212289,0.0864450369746079,0.253410583893401,0.659568484645835
7780,0.0294183338020516,0.0864534243128348,0.259977551507272,0.653812371329878
7781,0.0293343089645667,0.0866307800586578,0.254035566799878,0.675239654733542
7782,0.0294519064673402,0.0865172327960492,0.248674840628406,0.705122029228583
7783,0.0294172152653987,0.0866072251216598,0.253911488614026,0.676571557032398
7784,0.029342654405889,0.0866301217426985,0.254370469934262,0.678241487814492
7785,0.0294408624732698,0.0871453540069576,0.248558649922501,0.662347748996842
7786,0.029358069885018,0.0856676911743552,0.249356208924567,0.64944221608163
7787,0.0293916587703091,0.0866336611495137,0.252256475481713,0.63751311368754
7788,0.0294140550151949,0.086339593477582,0.255115378805812,0.637936278067948
7789,0.0294143309254949,0.0869922762509398,0.249673003301827,0.68783600510053
7790,0.0294471073318811,0.0859890966001557,0.252477194865804,0.635176898916694
7791,0.0293525819273106,0.0855238170931157,0.249640836506514,0.669692027402544
7792,0.0293450218877832,0.0860237042935142,0.251194120920507,0.636423815096451
7793,0.0293716728913647,0.0863423629164364,0.251724319103182,0.699436083309719
7794,0.0294187559158592,0.0863100649970936,0.25203501283622,0.68774956480054
7795,0.0293138658604738,0.0859654473841148,0.249834767761304,0.628814566823058
7796,0.0293143303151958,0.0863283180973752,0.253431836913813,0.636926409934048
7797,0.0294532027601501,0.0860366532847422,0.250653368962143,0.667303178027653
7798,0.0294490751301416,0.0867482065467141,0.254072284559178,0.666321696818728
7799,0.0294417696027292,0.0867895639399793,0.254104650210946,0.687615733948866
7800,0.0294350092381767,0.0871537329993841,0.253076557396657,0.658676406545868
7801,0.0294115258276831,0.0861831867783194,0.254447640448393,0.672367966387157
7802,0.0293993381242615,0.0864851071306607,0.256988469009483,0.6184429208378
7803,0.0293836538653707,0.0865569114173905,0.259034080306479,0.646812078261601
7804,0.029381676618626,0.0863148334397753,0.25466449686507,0.666576926312535
7805,0.029366837480919,0.0861583315679962,0.253813803382254,0.62170072433727
7806,0.0293728356898599,0.0866175403395762,0.256189333982396,0.637474319640651
7807,0.0294148442253872,0.0872286438590783,0.255257047679358,0.706195302131079
7808,0.0294628350997154,0.0864677739834623,0.252538329060275,0.64862964397615
7809,0.0293596032952485,0.0873332926756999,0.256724118211488,0.643510580518136
7810,0.0293450583126431,0.086273749980901,0.252742102272232,0.642038312869789
7811,0.029323513089996,0.0864075824108402,0.251059365656943,0.642356130668231
7812,0.0294148024701746,0.0867368346380911,0.249300658777057,0.683439580311508
7813,0.0294699980302778,0.087220984985123,0.251278141340962,0.652274080091118
7814,0.0293524234025673,0.0864011883631993,0.254201122084787,0.658019582648872
7815,0.0294034593050132,0.0863028692758143,0.253171821021748,0.633699776653223
7816,0.0294580266773493,0.0868409212318167,0.256556231277344,0.648232218172524
7817,0.029433178390636,0.0865543899686969,0.255993524143004,0.696821400092787
7818,0.0294045017839182,0.0866478773311593,0.249574273555687,0.64323415558151
7819,0.0293677940795122,0.0866938558192303,0.2518919784158,0.646292173782608
7820,0.0294588408582184,0.0867172374749219,0.254224534779281,0.645415009324236
7821,0.029343514488136,0.0864600036353031,0.25132583587691,0.64526932124591
7822,0.0294307329576471,0.0863721773439998,0.251963032287174,0.669315459206444
7823,0.0293852819040926,0.0864445654623491,0.256774569467565,0.674454765618084
7824,0.0292697181536945,0.0868610790851164,0.248284142229054,0.636214344066347
7825,0.0294603166603892,0.0863546998842898,0.253540689603837,0.652459000369834
7826,0.029494244434434,0.0872334860790404,0.253707859946993,0.663582025404683
7827,0.0293531447683695,0.0866527947555611,0.255458359817426,0.657959154437795
7828,0.0294805599248698,0.0863601687418627,0.252941108845725,0.687540044708763
7829,0.0294531980013775,0.0866633847995004,0.258226847412741,0.654498704726616
7830,0.0293785852527545,0.087095022073346,0.258343735957096,0.661383439666342
7831,0.0293291208526905,0.0862664800391525,0.248513271237516,0.617956470198121
7832,0.0294081091195019,0.0866116861931936,0.256051162759052,0.655616595360059
7833,0.0294414084429456,0.086247958505445,0.251139010780358,0.629169073371267
7834,0.029378564126516,0.0865872776877139,0.255864110337729,0.673982278731074
7835,0.0293915400739096,0.0865287905398042,0.253599554467752,0.643013622207135
7836,0.0293438359411017,0.0863447119172497,0.248027270062711,0.663911269190021
7837,0.0293597852616808,0.087219323259992,0.258559070355751,0.630754397025745
7838,0.0293656336883119,0.0859805463840194,0.256048312016289,0.66068394998399
7839,0.0293271277457307,0.0858758201780182,0.249592169757008,0.665865908098648
7840,0.0293087716110345,0.0870173199550823,0.259005773582488,0.704287261403826
7841,0.0294214492766468,0.086864443699483,0.249524047386243,0.67496092181401
7842,0.0294687612513899,0.0869935577738021,0.253645070142776,0.648528055152633
7843,0.029445095446616,0.0866970175323773,0.250226885260863,0.651458029143625
7844,0.0294294934415601,0.0870340837270545,0.255627510467604,0.688313802222461
7845,0.0295255129379634,0.087268166404401,0.252273028839251,0.669979050364178
7846,0.0293847443078414,0.0868856448735341,0.250996579480677,0.652296240206226
7847,0.0294066842900406,0.0867686868024784,0.255904772436844,0.673899169824487
7848,0.029402651967215,0.0863996057476846,0.254109683317129,0.646556440214177
7849,0.0295099094517714,0.087079386937907,0.256108552856908,0.638050613141807
7850,0.0294350680653086,0.0857855007443498,0.251108052132615,0.66929679331277
7851,0.0294317418021159,0.0868749998193818,0.263197130665547,0.700714582164742
7852,0.0294177455266467,0.0868537961704155,0.253929180366036,0.677168303556455
7853,0.0294098942405605,0.0864272926517234,0.256269464228956,0.658696553183577
7854,0.029425878591896,0.0874129823766406,0.249160447090009,0.644104135816034
7855,0.0293339098848528,0.0862311518057859,0.249501412264827,0.630187252787196
7856,0.0294084974870133,0.0868509940711978,0.263538944906283,0.687936697325048
7857,0.0293888604311261,0.0875290716019041,0.259804824463542,0.663612017176212
7858,0.0293952312010424,0.0859199801221876,0.255106188649184,0.632669572827639
7859,0.0293698598076399,0.0857217486149878,0.243744648348483,0.612025391117747
7860,0.0294889900765509,0.0867143455574888,0.260549071810666,0.713657730963104
7861,0.0293859737993889,0.0866959989609455,0.256546323730509,0.666396195720276
7862,0.0293635891043874,0.0865786395653248,0.250309184260011,0.640258180766744
7863,0.0294256557522625,0.08729333011276,0.253663419211164,0.631151561466925
7864,0.029365615572269,0.0864553638068593,0.253236849798607,0.669641141599958
7865,0.0293685389282717,0.0859580581798592,0.253286375037105,0.658970259023892
7866,0.0293866070488103,0.0861331165106833,0.253394912563806,0.695019745137777
7867,0.0293652214812889,0.0864821944558488,0.259315873115299,0.697143775103028
7868,0.0294206672171004,0.0873545530317664,0.255212663683229,0.632910977422412
7869,0.0294930414103761,0.0866349056234287,0.251241953313649,0.641376603912148
7870,0.0293054558852625,0.0864712655655326,0.260527516767905,0.665204819260916
7871,0.0293903294106794,0.0866931779790668,0.258930349561622,0.66892921863555
7872,0.0293148917145026,0.0862276177293918,0.245857135629418,0.612801265528831
7873,0.0294045100672814,0.086948049518228,0.256316633664825,0.675944135670955
7874,0.029515017779505,0.0863851576052557,0.255756507398448,0.640469254140858
7875,0.0293115978092181,0.0868599853316944,0.251660914832867,0.659045733667163
7876,0.0293161876896212,0.0865191050762684,0.246307119639977,0.627668246305188
7877,0.0292895797519033,0.0860431461203398,0.250999615167189,0.625240357475115
7878,0.0294166553700071,0.0867035671152837,0.254144837248152,0.642892253762953
7879,0.0294375262585186,0.085941973011106,0.252009750007543,0.637385181069741
7880,0.0294503572524641,0.0872964599126207,0.258746692557881,0.69930573553102
7881,0.0293823497700345,0.0872678644541328,0.254492539576788,0.671967140262573
7882,0.0294912071636718,0.0872957539535704,0.2511229935361,0.651468136920724
7883,0.0293975446046058,0.0870303211034217,0.254316140592529,0.652380970115209
7884,0.0293306076883583,0.0858991710750813,0.254603406611526,0.694334071983442
7885,0.0294047066455299,0.0867251813993543,0.24736634190753,0.619317968118389
7886,0.0295068161814739,0.0870967052095153,0.256775192601505,0.664841143264569
7887,0.0293752186616771,0.0859894973079294,0.252164091716266,0.699247851830957
7888,0.0294640214361781,0.087169914647203,0.253445964791438,0.678879032335733
7889,0.0293814332574414,0.087595564663453,0.248604048417803,0.655926787388043
7890,0.0293816344206748,0.0870083869487572,0.249258974471098,0.724788828030699
7891,0.029374686018677,0.0866869200022305,0.255305707858976,0.669267885557016
7892,0.029394118576003,0.0865668580798269,0.251655920339598,0.667682704824108
7893,0.0294937017367599,0.0864291919592457,0.252162832889056,0.643212477717191
7894,0.0294448330530093,0.0870913524887533,0.252659991212088,0.643902684083609
7895,0.0294031929920569,0.0871587471781061,0.25487841688169,0.662401476754548
7896,0.0294071085708549,0.0869958384950547,0.255163308982764,0.688880996948279
7897,0.0292758665295567,0.0863821332411091,0.254823749339278,0.66190312484587
7898,0.0293617513893641,0.0862661454344187,0.25365405081979,0.668682607010438
7899,0.0294189813975428,0.086659067870709,0.248516669737832,0.653046343972363
7900,0.0293734946215761,0.0855132637009727,0.247949328927541,0.634348943799258
7901,0.029377361380707,0.0861669575185161,0.256393585798096,0.656162008573927
7902,0.0293726784960618,0.0872276068762544,0.263657435790422,0.659312371739758
7903,0.0293850415145465,0.0865992750376506,0.251595019537322,0.613635047387514
7904,0.0293871295841514,0.0866028019599638,0.252410015508984,0.651740779874685
7905,0.0294432072574763,0.0873799661357909,0.258282193542342,0.645486086273777
7906,0.0294289696130923,0.0872940983275357,0.25772374336706,0.689404895365855
7907,0.0293397913364292,0.0858198776965378,0.261919759540093,0.70226794760061
7908,0.0294142341453262,0.0868846377951337,0.260585873326726,0.662420341783563
7909,0.0294529206791856,0.0876425812374755,0.262370960594586,0.66514032845625
7910,0.0293902495184608,0.0863123201267788,0.257250225695621,0.655141923030182
7911,0.0294280156264362,0.0868314584517917,0.256026821842321,0.688428831033512
7912,0.0293579801765101,0.087224375669769,0.256680322684157,0.659434307090192
7913,0.0293390053983558,0.086661026741814,0.258323118224539,0.676045220052803
7914,0.0293550004025761,0.0866919576178432,0.254764490427226,0.667564868381428
7915,0.0294288246205316,0.0866324858623106,0.251959394025088,0.66908071360034
7916,0.0293664244951598,0.0859427199957026,0.252543960812358,0.691200620390603
7917,0.0294741379542504,0.0870754345722876,0.253559336274506,0.693081326490462
7918,0.0294403087823806,0.0870648843304603,0.257456000358253,0.674793370098958
7919,0.0294482211123451,0.0860692603407379,0.255194129892617,0.651484034740527
7920,0.0293158509377539,0.0863960873222077,0.252130461254314,0.669543000219413
7921,0.0293979226163806,0.0870593108607027,0.259982459592961,0.633764778221132
7922,0.0293889633107897,0.0873227797626367,0.257686687531805,0.624660011506302
7923,0.0293624856992774,0.086706443899761,0.24903327991572,0.665614854857199
7924,0.0293988141815709,0.0875909569188637,0.25746791692515,0.662747939585395
7925,0.0293374488491226,0.0869864739779671,0.256802677667612,0.670058867483569
7926,0.0293836529185318,0.0864489804336495,0.250050408326739,0.654372061745005
7927,0.0294171901746649,0.0862520155035587,0.258590360482816,0.65791220167799
7928,0.0293807866115592,0.0865366731717135,0.253272520234078,0.673009090709785
7929,0.0294444736291542,0.0873870179518054,0.260022831525159,0.689350098106695
7930,0.0293805169132428,0.0866049867553232,0.252314675591009,0.646470477919154
7931,0.0293661426033591,0.0867721136510995,0.252890575034111,0.618934048336319
7932,0.0294357313496377,0.0869412335699554,0.252415923893801,0.616998633828072
7933,0.0293536747230651,0.0866630117782799,0.258617658609372,0.643135036593766
7934,0.0293443939517412,0.086932950486748,0.260460292859498,0.678297099087272
7935,0.0294636945833078,0.0871528701204196,0.253435198772158,0.66734153706264
7936,0.0293417422094755,0.0861993213480171,0.248629675500762,0.628275616346584
7937,0.0293705227009161,0.0869215698213054,0.254878322841443,0.674510275658335
7938,0.029424579461145,0.0871885005557713,0.260666828173619,0.641755959815194
7939,0.0292708897605058,0.0860399946996546,0.253460696179047,0.661810170332503
7940,0.0293681830209592,0.0869632084890061,0.255912778063481,0.731296833004101
7941,0.0293334274662443,0.085884354181416,0.246194867142967,0.651748005664285
7942,0.0294649981436993,0.0866039201928627,0.254946753952123,0.686814894240462
7943,0.0293806314135093,0.0861145951514672,0.256710671514275,0.653485803073252
7944,0.029365530261829,0.0861924359035893,0.25077695378829,0.672327374194821
7945,0.0293396058517399,0.0868268207943641,0.258783161528246,0.658875045520247
7946,0.029363418651347,0.0862783602568781,0.255050524957591,0.643357347738312
7947,0.0293949491435131,0.0866428376188632,0.252798867099242,0.620747446485739
7948,0.0293790428072534,0.0866456423889052,0.24762303261084,0.661358283228702
7949,0.0294177354988743,0.0864211957805126,0.256326313085724,0.6667275272569
7950,0.0294350826692044,0.0862022075635286,0.249861645023846,0.691964651806587
7951,0.0293339068632384,0.0864277454663548,0.258286149107807,0.671254034660083
7952,0.0294109423232242,0.0868925879643161,0.252831358540878,0.649790481821507
7953,0.0293880672248048,0.0875632587862574,0.255494105405866,0.650062039142203
7954,0.0294007211285302,0.0867654561133018,0.255100384332389,0.679068807842622
7955,0.0294160543552425,0.08729095928321,0.251321746362855,0.661881091692485
7956,0.0293161301809148,0.0871722417880204,0.255228544144111,0.660774190179786
7957,0.0293807238236085,0.0865330397222157,0.251373427504348,0.63637826718041
7958,0.0293834732352539,0.0864705885687606,0.25795947987224,0.642959866764334
7959,0.0294098151566109,0.0864811433576815,0.253827893916738,0.663063436442856
7960,0.0293533024538828,0.0866128206258696,0.261417500055644,0.646241891406155
7961,0.0294310285106399,0.086247153272878,0.257322299656705,0.668076679679779
7962,0.0293935845081544,0.0871326539308841,0.254485897076111,0.627838852188739
7963,0.0294849053616365,0.0870906214260402,0.262019323602553,0.661775182912564
7964,0.0294669804031297,0.0872833341753259,0.255133364345519,0.652722977651
7965,0.0293445726184744,0.0862109014321239,0.252012686752447,0.669212269221139
7966,0.0293456107375638,0.0861889153407957,0.256709348968039,0.654051881567523
7967,0.0294130541432684,0.0871633204264585,0.260839159358095,0.651855928549141
7968,0.0294884468142572,0.086564096993633,0.253395121459207,0.679691680357002
7969,0.0293320722303091,0.0866482330680178,0.256671516204164,0.692891344787998
7970,0.0293323855644467,0.0864146272747916,0.24734911047853,0.658353331514623
7971,0.0293351304399186,0.0866812554860109,0.261540444964039,0.686169143878988
7972,0.0294057508147241,0.0859351122211723,0.257004706787685,0.636539453664394
7973,0.0294646777640417,0.0873566884046296,0.257719542837681,0.656366950936163
7974,0.0293815667287049,0.0869136210837147,0.25340286237626,0.64474676097674
7975,0.0294581773442826,0.0864556234160753,0.255317705924182,0.689205486299594
7976,0.0293949882317349,0.0866186750379334,0.251761575790446,0.643276954882763
7977,0.0293249997674921,0.0864560746380509,0.250272434200342,0.671955706885706
7978,0.029369922035656,0.0864445908902485,0.261128994797497,0.676466513543595
7979,0.0294009839669696,0.0865026893909586,0.255231149743444,0.650658605278726
7980,0.0293443150859934,0.0866232468201797,0.255136732471814,0.657777672082047
7981,0.0294214692524345,0.0877560513508854,0.259973389146289,0.695695203045775
7982,0.0293380896502258,0.0867478811473606,0.252360976774817,0.673860272000771
7983,0.0294322931026588,0.0873142177439172,0.258358855863514,0.634973730522416
7984,0.0294207586540143,0.086762214705157,0.253281907706754,0.651263997586843
7985,0.0292912055840091,0.0863687968957746,0.257122226517932,0.65640053470727
7986,0.0293203371939964,0.0857498199376024,0.256105334682191,0.66124403490891
7987,0.0295095514755249,0.086518414863538,0.25924980932762,0.703448245096334
7988,0.0293501316119015,0.086339225548913,0.256575373422741,0.666730317525451
7989,0.029401489914544,0.0870849928676269,0.253418467198052,0.657604389084199
7990,0.029404080217092,0.0871147892868202,0.261031854834233,0.644422575039614
7991,0.0294241851511229,0.0865882717732115,0.253870046842504,0.69297700914626
7992,0.0293964139843235,0.0866465448996693,0.250945659781749,0.63047555732039
7993,0.0293572030398393,0.0870971139568486,0.257206555413203,0.692143617823361
7994,0.0292811577296514,0.0852752339305451,0.252171222733257,0.639317769858169
7995,0.0293492172898321,0.0861922539075465,0.253847927078838,0.642199600178371
7996,0.029399441035536,0.0866233181739476,0.251742985492311,0.65507299954392
7997,0.0293176873185728,0.0869619227733375,0.251326330806935,0.640025826252347
7998,0.0293558658040479,0.0864734489539455,0.246839969372659,0.638602322469444
7999,0.0293653821336059,0.0868931253050475,0.25758257166088,0.658688576309619
8000,0.0293605570526129,0.087329525872338,0.255125693963481,0.65150858449308
8001,0.0294048925980737,0.0864046251997505,0.257425327111191,0.696117391771498
8002,0.02946521102354,0.0866333861179488,0.255466287637151,0.645264025944825
8003,0.0294272328901272,0.0868708638141936,0.257321145491082,0.693434037335237
8004,0.0292931709936896,0.0871267028851246,0.259317760110171,0.659128655701315
8005,0.0294360031375306,0.0865384134128201,0.257098631721425,0.680527042021618
8006,0.0294999136413503,0.0873798852282934,0.25452619097218,0.635939647985339
8007,0.0293618051641814,0.0862536180894273,0.246032815146965,0.649436361715099
8008,0.0293891572525986,0.0860417870892176,0.253225541453872,0.654280237817918
8009,0.0293730795367743,0.086463482434357,0.252847768446916,0.638329198959275
8010,0.0293210650603259,0.0868470634852627,0.257807040191739,0.683945792121097
8011,0.0294332249721116,0.086369662791242,0.250886904255539,0.647751207508313
8012,0.029344456706992,0.0862367832668254,0.250323565193323,0.642526370646128
8013,0.0294228892358985,0.086923583260094,0.257523693341448,0.651038357920117
8014,0.029488170845503,0.0875341689183537,0.255519562926885,0.638929142856282
8015,0.0294678432087953,0.0864921545205921,0.248860367642212,0.639956103788503
8016,0.0294062316655392,0.0867947056250058,0.253533793537064,0.678622761766999
8017,0.0294649009776605,0.0868889980674906,0.257135627741169,0.685676836723764
8018,0.0293611419351746,0.0872452855329407,0.258530161363694,0.661852489806285
8019,0.0294084744011471,0.0867371720653718,0.2528400553645,0.653367473850167
8020,0.0294006843428929,0.087315821991175,0.257226890936391,0.631146447857284
8021,0.0294340652708399,0.0867796897005336,0.252632582521068,0.630715160685919
8022,0.0293767829407695,0.0861922729775983,0.255325143097443,0.672322012330831
8023,0.029417806808012,0.086520431335824,0.257873352514601,0.613547955286084
8024,0.0293938347395248,0.086585291182121,0.254709634950541,0.652382518343787
8025,0.0294138568305904,0.0865288330207686,0.253258301144145,0.696667053892237
8026,0.0293538848979515,0.086436411621374,0.254051877355946,0.645657503086827
8027,0.0294401697861235,0.0871617696761385,0.259208189542418,0.628564111110081
8028,0.0294208864381773,0.0869838801785431,0.256789433655774,0.65666517666348
8029,0.0294324483645058,0.086109318529955,0.254774883683331,0.666598753065978
8030,0.029426458758608,0.0869331882742673,0.252093393306902,0.690974436720917
8031,0.0294400676642471,0.0861235652105297,0.256815752469014,0.699201910606436
8032,0.0293938602972221,0.0863721729554974,0.248796296281177,0.659438041353491
8033,0.0293079314660477,0.0868486171833694,0.262217128708909,0.71358621353496
8034,0.0294417030532989,0.0870599336297617,0.248556314979988,0.647090614657233
8035,0.0293792849075454,0.0862349507304944,0.252513066863623,0.671832851771179
8036,0.0293637319110042,0.0861686360866937,0.2523429491575,0.654136659857196
8037,0.0293388716969832,0.0869028952636603,0.25729139274305,0.688316034199313
8038,0.0293761325929411,0.0865713790314994,0.259281171776868,0.64364768306872
8039,0.0294182179831108,0.0867304917095397,0.253718533357237,0.646221449799486
8040,0.0294420315868103,0.0866432258514088,0.252063186395332,0.65668732738954
8041,0.0294807075915438,0.0863063246946792,0.251762867436635,0.621679120605045
8042,0.0294328349107655,0.0866100374825506,0.255784843626029,0.674310371677252
8043,0.0294585840891833,0.0873436137209272,0.255612694346269,0.685592510866629
8044,0.0293399811631492,0.0860421940784897,0.24961570791577,0.626432151393347
8045,0.0293732516569957,0.0864693455886472,0.255765140961879,0.666448223971588
8046,0.0294458851738883,0.0872977185414587,0.255579321648853,0.658513701670154
8047,0.0294922172106975,0.0868323784137183,0.248705297913811,0.691592994969739
8048,0.0295284854876717,0.0873719455922202,0.258339087384424,0.657392380343325
8049,0.0294176066997222,0.0863876351163606,0.252749697844004,0.652674698937717
8050,0.0294057479386054,0.0864039297583956,0.252188385422337,0.650830649448341
8051,0.0294242462233715,0.0871178093434386,0.256769217530795,0.639964481846942
8052,0.0293923618427104,0.0862437987055999,0.247153324417182,0.668390239631849
8053,0.0293190190618268,0.0862512749490117,0.259050157564223,0.62364440390834
8054,0.0293637249594782,0.0862944250395384,0.25114529613683,0.641303489477821
8055,0.0294558235116463,0.086866360107473,0.255359515191464,0.695487146463103
8056,0.0294962914039299,0.0874574927361984,0.261708194017226,0.640738528002897
8057,0.029357712199332,0.0860458987009399,0.248836946058222,0.640289317167056
8058,0.0293708988836133,0.0867065468334446,0.258859535229848,0.701918568549668
8059,0.0294169680799777,0.0868545416175166,0.250602664594663,0.639069262578617
8060,0.0293755930118382,0.0869332461468984,0.254960783680407,0.656551191006465
8061,0.029465323225406,0.087509954932525,0.253359651394501,0.654956607314775
8062,0.0292590960277165,0.0851283544010513,0.253918451863092,0.667336905545903
8063,0.0293358070118957,0.0864202501523545,0.261863840255368,0.656303700589206
8064,0.0293507082809854,0.0862946216212524,0.251830464872453,0.680205727131362
8065,0.0294179471604063,0.0875160554488478,0.252941712355637,0.637730882117758
8066,0.029301891156615,0.0865272214626962,0.254840283316425,0.65803932682191
8067,0.0294203889455551,0.085506836388805,0.254292685540376,0.680265424552042
8068,0.0295214014066866,0.0866461733380023,0.258909130950075,0.665884679231599
8069,0.0293421563174515,0.0869904918496074,0.260108250421114,0.685375444930202
8070,0.029336801501469,0.0863820167114058,0.253058499652939,0.618013189801117
8071,0.029406251998657,0.0865489954019299,0.262185616066343,0.70379863344251
8072,0.0293299266068033,0.0866036845936001,0.252057830798546,0.65387986844756
8073,0.0293814195901212,0.086374176686773,0.26062230244581,0.706084598875385
8074,0.0294229403527243,0.0867303174082256,0.253417681550629,0.643186818113838
8075,0.0293978648787138,0.0867460519834087,0.255371622375826,0.669686242620545
8076,0.0294251021394919,0.0863556157775426,0.255030866869468,0.688829921935652
8077,0.0294190056561537,0.086773814269345,0.250737993465667,0.66918288028051
8078,0.0293517367178776,0.0867822452907035,0.257159495761127,0.616007054837922
8079,0.0293890022365729,0.0866368901795272,0.250790527236971,0.663855426006419
8080,0.0294084845196827,0.0863144184705876,0.25514034321615,0.669223039745664
8081,0.0294142036549337,0.086524336644056,0.252009030917969,0.649078605335277
8082,0.0294301639561425,0.0866961950595428,0.258093139023912,0.662847570321363
8083,0.0293439644162001,0.0867701829050636,0.248003564740498,0.672052233799156
8084,0.0293818519438037,0.0868753991885184,0.253001408248375,0.675559976139023
8085,0.0294131037610504,0.0867692236234556,0.257694119043766,0.674223419021605
8086,0.0293646469269301,0.0867960994162136,0.249740660078713,0.67459844635148
8087,0.0292955542062015,0.0865367259987182,0.255725298657021,0.662970803007892
8088,0.0295021698752006,0.0867850308179322,0.255458037694636,0.638209394476596
8089,0.0294453043073711,0.0868369815967901,0.256486241475283,0.636634990331504
8090,0.0293658899053869,0.0866845795782905,0.251854064371289,0.638541166824833
8091,0.0293357586034575,0.085869188431962,0.254578843633323,0.655254212672935
8092,0.0294342258569728,0.0864068261254691,0.251460756750665,0.669998742286125
8093,0.0293825668869565,0.0870617886245151,0.248109895827996,0.665986143145241
8094,0.0294701805307744,0.086637845000856,0.254952964728035,0.624803398065149
8095,0.0294315812724944,0.0863827933128734,0.256408141325865,0.640150493434075
8096,0.0293268573738833,0.0872289163525352,0.254988972427377,0.632510534231149
8097,0.0293953798109069,0.0862721800170023,0.261436960347686,0.645341454654278
8098,0.0293344291385708,0.0860302107172816,0.24724423532061,0.658624435706317
8099,0.0294472831806861,0.086751890609821,0.251189023334319,0.646571651312082
8100,0.0293373884096218,0.08681044270243,0.255029936164355,0.628808744102445
8101,0.0294143029405728,0.0862404341842494,0.260251569227175,0.666108311996273
8102,0.0293864456561024,0.086352470575882,0.247149948872284,0.658412444969988
8103,0.0294430278343246,0.0868646245357135,0.250162266054791,0.667023321355296
8104,0.0294071307847142,0.0859375295507191,0.245391371714455,0.648151494366747
8105,0.029412398915508,0.0863794222540251,0.254572290511404,0.66216988244383
8106,0.0293826587273684,0.0862109456485035,0.251532338320508,0.645816145809584
8107,0.0293142705099413,0.0868986259730544,0.255662746771662,0.631066412673913
8108,0.0294615859621678,0.086542939375691,0.257883037212029,0.626712794358989
8109,0.0294123223708178,0.0863408294296112,0.25704664915054,0.658559576130115
8110,0.029341928236771,0.0858861333663528,0.260132171105521,0.680811521964243
8111,0.0293998261341178,0.0872542374101015,0.25211152297766,0.625563651107111
8112,0.0293044745173071,0.0862060797383908,0.258817316897818,0.674469732671886
8113,0.0294109640578865,0.0869764612781113,0.252585813000979,0.678016803859658
8114,0.0293741808788122,0.0867070112976902,0.253089125589839,0.662464261311973
8115,0.0293868022532365,0.0863439809510941,0.256811377893702,0.649233212725056
8116,0.0294170569005972,0.0866979265017766,0.25423410117535,0.636187386184217
8117,0.0294081066917865,0.0868908101917324,0.25693337340635,0.69038612251187
8118,0.0293863656998558,0.0867219871355372,0.256527437356872,0.665754989912014
8119,0.0295056296167675,0.0874893806826156,0.258057555616375,0.656121746519315
8120,0.0294208920408536,0.0871054442052594,0.25428841171826,0.638324131587721
8121,0.029440286136264,0.0863486013794983,0.248041725554909,0.659033949999168
8122,0.0294053642886224,0.0871545805223458,0.258220955490028,0.690187425262497
8123,0.0294417832759037,0.086808761743004,0.260758531991274,0.681070745514603
8124,0.0294373265235446,0.086971568673564,0.254640559819098,0.64347453308607
8125,0.0294236808045185,0.086194628593013,0.250751752281041,0.636750954629366
8126,0.0293611879947366,0.0862360541027146,0.255292599653341,0.665262672082046
8127,0.0293984447578623,0.0862085545968249,0.261381655117227,0.639792821792501
8128,0.0293923685407016,0.0864715676513628,0.253238665053338,0.65304356586301
8129,0.0293955263754108,0.0865804505870678,0.254063658512415,0.690694357794457
8130,0.0293741085116158,0.0861460263849334,0.248366589824988,0.631593156169018
8131,0.0293941099750678,0.0867380929580321,0.255693489897852,0.692433839151775
8132,0.0294006971178394,0.0872786487971191,0.249366975157947,0.648185677931937
8133,0.0293876399920328,0.0864948053045301,0.260263361714712,0.650789065880745
8134,0.0293309359481439,0.0868487601016479,0.263844272455001,0.658669929447651
8135,0.0293538579152047,0.0862829754582013,0.243499624833367,0.672166768957846
8136,0.0293705402984005,0.086551365358499,0.247760895829115,0.63268657706331
8137,0.0293008002195354,0.0868101853819206,0.253555920694527,0.660312477743306
8138,0.0293703978970279,0.0862808277980259,0.262116693938247,0.701444984058926
8139,0.0293595714267991,0.0863816508835609,0.247331559494127,0.690202804493964
8140,0.029434179625926,0.0867264139163245,0.251648856224005,0.651257082776034
8141,0.029444546902605,0.0868408548237223,0.254330124639432,0.634976150663455
8142,0.0293387418339959,0.0864568853745867,0.257019746588671,0.690179008624563
8143,0.0293114269552268,0.0868418772695172,0.260364059197809,0.642163779060108
8144,0.0293254216469007,0.0866396476904778,0.255054495677948,0.66641266270536
8145,0.0293981818023895,0.0864701440816299,0.255490490838307,0.632192433820118
8146,0.0293714034843256,0.0874357950928501,0.256607411492106,0.649277713888506
8147,0.029396430723577,0.0866354148507744,0.253992386715523,0.649817538347755
8148,0.0293688966107377,0.0871137436642177,0.253541297558649,0.644177930980643
8149,0.0294219309292567,0.0866156665649176,0.255560884040991,0.668932206043155
8150,0.0293284424828622,0.0864422598974647,0.259617639851021,0.675283249070074
8151,0.0294354988215776,0.0868169466580225,0.25313100358784,0.675201355923425
8152,0.0293239518048288,0.0862003680123852,0.246964696925318,0.636520412661514
8153,0.0293333156321607,0.0871266836910993,0.258610446945911,0.689548494038537
8154,0.0293905073865971,0.0861694787315516,0.257595283886082,0.681030591161553
8155,0.0294115110248183,0.086563639426596,0.26020052406661,0.690568127008801
8156,0.0294179615763394,0.0871293595094586,0.253278644956949,0.655904629443153
8157,0.0294405677665566,0.0873340163138567,0.254800027555053,0.652285010756044
8158,0.0293436980225102,0.0863027933241752,0.251633629410633,0.631404243642761
8159,0.0294188794553069,0.0870334804607677,0.25686349598632,0.639547414473952
8160,0.0294075599712493,0.0870455365431985,0.249963124927505,0.60912680018175
8161,0.0293484882380403,0.086065317859147,0.255131509731311,0.684769487466363
8162,0.0293827348548816,0.0863798931286971,0.247930761260469,0.679584912142049
8163,0.0295345550211192,0.0868371860875056,0.253905080602376,0.668220169252274
8164,0.0294408314700303,0.0860146247862691,0.251515782829253,0.637085152514417
8165,0.0294736755304101,0.086805764773848,0.249713813102295,0.606744392580885
8166,0.0294984679718315,0.0869705827271894,0.250103721482547,0.634293492664556
8167,0.0293859229110315,0.0861971095252698,0.256497533273629,0.643406962047158
8168,0.0293680796450455,0.0863910750734387,0.259600223902441,0.638440723513324
8169,0.029404302567417,0.0866547024186466,0.248543023986493,0.65539224379812
8170,0.0294600776671081,0.0873879039027499,0.264078600728798,0.687348227821627
8171,0.029347959820265,0.086547988387718,0.253583477681918,0.659050010097789
8172,0.0294814683097369,0.0877958954072858,0.261779098198189,0.662649315695595
8173,0.0293581408904579,0.0871507706776874,0.254810042779822,0.647186911121501
8174,0.0293957544335272,0.0865991253821675,0.25750586169726,0.636500872437397
8175,0.029432142569176,0.0869539044191059,0.259268142053125,0.682889106351894
8176,0.0294345998330571,0.0867149015095462,0.25401143441459,0.622770936750011
8177,0.0293634345820903,0.085722384206765,0.252190989176302,0.641453395097137
8178,0.0294070165930367,0.086991141533658,0.256984216931391,0.677687168549931
8179,0.0293808332951809,0.0861893986718217,0.255559237017073,0.675656813458741
8180,0.0293543611014328,0.0864751081092053,0.250679539423772,0.660671593261068
8181,0.0294684431087081,0.0866851963691052,0.250826023427785,0.674566670552089
8182,0.029318018509929,0.0869918258819478,0.251310435038088,0.615746324563721
8183,0.0294021487240332,0.0876272807536534,0.255508221906462,0.654955720543399
8184,0.0293553107777371,0.0866105090398135,0.255141098970558,0.712410069595521
8185,0.029493320037629,0.0872051139425786,0.252540269172866,0.683473682299919
8186,0.029537313216487,0.0868742530155096,0.259744098352987,0.639924435338807
8187,0.029331838667482,0.0871930231885378,0.251118366017839,0.678957713639067
8188,0.0293374788816231,0.0866354497680736,0.262917285407066,0.673228979984235
8189,0.0293846802958184,0.0868697888833521,0.259123547618727,0.647798639342747
8190,0.029409499817457,0.0872602669043812,0.258576351270846,0.662299359306641
8191,0.0293729031620597,0.0864383913994866,0.250707680599102,0.654374958915445
8192,0.0293775707973363,0.0869811602293257,0.261944552831846,0.700808735734596
8193,0.0293713522377512,0.0868688775481748,0.257364799511093,0.685504870263344
8194,0.0293803894650475,0.086467547340868,0.247714200181465,0.659897726305236
8195,0.0294935309076247,0.0869794085234836,0.252265012061736,0.698182501948473
8196,0.029323509477468,0.0865991805780293,0.250812421611104,0.627350745295737
8197,0.0293117955815891,0.0869689270561365,0.249703268582005,0.632213226733231
8198,0.029367809419715,0.0869350765455536,0.258304200277202,0.643720751954893
8199,0.0294242196764,0.0871166891607438,0.257547634543646,0.629970096944173
8200,0.029500087385407,0.0864121296151976,0.252250768978728,0.643513241927577
8201,0.0295055194924386,0.0875559083040626,0.260677537402944,0.660106384539428
8202,0.0293239950824117,0.086033600284495,0.25661393234247,0.69941815926128
8203,0.0294635175531889,0.0867273446854855,0.25681036982738,0.620058595218234
8204,0.0293365004135279,0.0860084385278066,0.254705814326886,0.6728076641283
8205,0.0293876920540185,0.0865622455067221,0.250248566431777,0.625380378123568
8206,0.0294607373672463,0.0870647667128231,0.256725892465393,0.653687791541058
8207,0.0294216834613204,0.0866628395642463,0.256754689172994,0.668076759925099
8208,0.0292715778546225,0.086582403877929,0.251052270023059,0.657132920133935
8209,0.0293727635966627,0.0864840352133456,0.253678298316176,0.666423104659588
8210,0.0293119815343775,0.0866304386606214,0.25413211452683,0.63801935709197
8211,0.0293904325865984,0.086572148891567,0.254667301375801,0.68916334404154
8212,0.0293726565245259,0.086154188168546,0.249001322276137,0.63001059104427
8213,0.0294493995911793,0.0866232801986234,0.252650487472516,0.676630463651808
8214,0.0294576202843574,0.0873450108107048,0.255370663145531,0.653113572949523
8215,0.0293161063933253,0.0871193579945216,0.253614094079011,0.644523799949766
8216,0.0294866553636681,0.0866908172577985,0.251848218481092,0.675643390373115
8217,0.0293327418766957,0.0865059056249356,0.248704530967951,0.63036041177373
8218,0.0293549216621246,0.0857215666100096,0.250545539020415,0.643552844161155
8219,0.0293370579351803,0.0868263585361654,0.25037853914584,0.676074702664202
8220,0.0294960627298855,0.0878103867877079,0.261752155637348,0.649084338099219
8221,0.0294245332040731,0.087161273383996,0.256139205983248,0.674409856949922
8222,0.0293830061685094,0.0867139283696909,0.260944285556528,0.721100861121436
8223,0.0294302687172157,0.0864677913578201,0.248890429500816,0.642702088210315
8224,0.0294369700010936,0.0867539400283968,0.253542426308457,0.630517969130397
8225,0.0293155041948148,0.0861931085260132,0.252312239181435,0.649799009160784
8226,0.0294030637714852,0.0859858621195836,0.259963901419152,0.641140250810881
8227,0.0293208642453503,0.0861137995818157,0.247442090440275,0.665067041317369
8228,0.0294110782672758,0.0864338431330339,0.25341897432125,0.675755431292602
8229,0.0293855788012481,0.0867565918801092,0.256302439548106,0.633100898183749
8230,0.0294059299774164,0.0868750082887818,0.256036403275968,0.720058898293123
8231,0.0294725242228412,0.0876757309791451,0.256556845262703,0.664775615822157
8232,0.0292907430214899,0.086515584085245,0.252614395875268,0.631072000345545
8233,0.02936106053126,0.086405557984721,0.256324315269267,0.660296300615954
8234,0.0293322556924611,0.0864940499951684,0.26110260291141,0.644604004482128
8235,0.0294606522172228,0.0866517692733748,0.256541699599745,0.647167133821758
8236,0.0294401501154955,0.0865138684188311,0.257753918933637,0.647186054990935
8237,0.029393762851069,0.0858019325723405,0.254531267751519,0.61198811422584
8238,0.029254996362928,0.0865429406804083,0.252593122545965,0.695596485226753
8239,0.0293902717187117,0.0866000277196707,0.246569138888204,0.677896736663379
8240,0.0293260737040717,0.0869243775951812,0.246888760819095,0.654453469822096
8241,0.0293676072258352,0.0873890146480259,0.267133551431878,0.643700905204253
8242,0.0294463815983876,0.086812334271972,0.253404596202382,0.669151083312441
8243,0.029419812994003,0.0866348244978437,0.250119989696752,0.69339338925355
8244,0.0293876124070065,0.0863586050897209,0.257675496797962,0.627703072367288
8245,0.0293725464924018,0.0862443146770436,0.251123104598256,0.69000069394972
8246,0.0293113020077032,0.0861616469725795,0.246502676146903,0.62827824404928
8247,0.0295040716490645,0.0869292851705283,0.251702715781683,0.685608600375329
8248,0.0293344469616035,0.0860450699226582,0.250433878080004,0.669154613562656
8249,0.0294216183152409,0.0862764817644469,0.248711152038177,0.686357091054437
8250,0.0294019371421605,0.086639696426121,0.255137567685036,0.681279292832624
8251,0.0293889844848503,0.0859558803771912,0.253443676695722,0.652067874228297
8252,0.0294163409782181,0.0876841470237696,0.252396752859027,0.653622150603876
8253,0.0294181262149781,0.0871075035215123,0.256315561991388,0.689491837106542
8254,0.029447808761991,0.0867875507733534,0.256359881331871,0.648078520172156
8255,0.029349943043616,0.0868242234187195,0.262136146868828,0.668129674235937
8256,0.0295611420128594,0.0876527685665904,0.253560275135765,0.626700019571987
8257,0.0293056834333359,0.0864433588789766,0.255240861865953,0.614629085196595
8258,0.0294446606425374,0.0873892761397318,0.256016746535248,0.659948368359201
8259,0.0293860420750672,0.0862863868359114,0.262919835108272,0.691448960673907
8260,0.0294683906925556,0.08652784986911,0.254949039268775,0.653113869630009
8261,0.0293317041995393,0.0862763164657688,0.251564726865888,0.661796813911564
8262,0.0293700656102035,0.0860056937457649,0.253757221660937,0.661011829199467
8263,0.0295057653452078,0.086446405658301,0.253723045047262,0.631350838532951
8264,0.0293767286221209,0.0866576190077026,0.255679240274172,0.659130538910033
8265,0.0294007298258792,0.0867117982784497,0.252426663498845,0.69145649180912
8266,0.0294568437793583,0.086705263424643,0.252919766656989,0.641667277821406
8267,0.0293658680031698,0.0868515105320592,0.257895833092831,0.65067257927238
8268,0.0294519432871923,0.086301291102492,0.256472948082688,0.669972687306415
8269,0.0293641134017405,0.0871518824328256,0.247407117213394,0.636365030378883
8270,0.0295340569369717,0.0864167333074832,0.254999768527292,0.678755186636357
8271,0.0294121991679137,0.086743088939242,0.252180115780085,0.678396329170976
8272,0.0293224862000509,0.0860323431238642,0.253120472422591,0.677534290912832
8273,0.0293407312489089,0.0870068774227701,0.261278593848348,0.688342980855871
8274,0.0294157630582446,0.0866320814304162,0.259689141943272,0.662049709751178
8275,0.0293951736892754,0.086792351486112,0.248866015872512,0.646368130557325
8276,0.0294329262906045,0.0874317052153621,0.254696073607095,0.627703359478869
8277,0.0292880197324115,0.0863668255421704,0.250091223447509,0.675953132839353
8278,0.0293425346024036,0.0874428666182421,0.260374067233365,0.69964716100828
8279,0.0294066753779127,0.0858815227654699,0.25328761601434,0.648554845714406
8280,0.0294031093801865,0.086736358923256,0.253105366472333,0.678568124213524
8281,0.0293803694405734,0.0867085510959267,0.248170703978064,0.665278541293269
8282,0.0294663239413138,0.0871749562055412,0.257369534880307,0.629100522781039
8283,0.0294099602538376,0.0863307487976557,0.24985311985831,0.667465097141747
8284,0.0293643085640796,0.0860675125029252,0.248791567288613,0.663513177572678
8285,0.0294601028060891,0.0870375640509013,0.248110662706579,0.67663907937296
8286,0.02941927698031,0.0874005561192976,0.252831591181764,0.656769081580333
8287,0.0294031685359039,0.0865843724556187,0.255709027552998,0.624862348631815
8288,0.0293925404791952,0.0869340148938753,0.250255339460463,0.633133568168461
8289,0.0294248253223268,0.0866547687877357,0.255201656931276,0.672233297426145
8290,0.0294096337719203,0.0865526530012945,0.257020677392396,0.661331823334316
8291,0.0293069637142818,0.0859856666958093,0.256920002772525,0.669792494556488
8292,0.0294147107790177,0.0861193402998164,0.251999333364239,0.64358939080177
8293,0.0294003592880756,0.0876084842895638,0.252580242496094,0.648658169359405
8294,0.0294785553487279,0.0871664414618505,0.253679081594825,0.657322023634324
8295,0.0293983762502283,0.0869113612261588,0.255542491770101,0.649526072897315
8296,0.0293991966060668,0.0870101069038515,0.24730823442516,0.656646611642778
8297,0.0293858971008337,0.0868050742415586,0.25796593954073,0.664172649402307
8298,0.0294214903618493,0.0867734024127637,0.255401851578152,0.688975072680593
8299,0.0293978798662418,0.0859573971039607,0.248894522428474,0.658498502472022
8300,0.0293478080787087,0.0858705198859988,0.260447542062434,0.710296672330339
8301,0.0293346144107878,0.0870588920035394,0.257115058466806,0.646052746096843
8302,0.0294726035023675,0.0873751641967842,0.253748998760999,0.68984745519582
8303,0.0294226684532022,0.0863586919844144,0.256465217400279,0.67973387762322
8304,0.0293520435786738,0.0869785141168142,0.24879341285888,0.630848325556972
8305,0.0294140356004705,0.0871759306039993,0.246288095807185,0.649904707696956
8306,0.0293434547002221,0.0863122319601045,0.24649513586987,0.686045774637534
8307,0.0294573541631056,0.0877510770369141,0.254531357544279,0.716968598441133
8308,0.0294085240193334,0.0863696841413125,0.254050303822978,0.651430980110672
8309,0.0293703501962386,0.086166899372749,0.249844785743676,0.64578157114548
8310,0.0293165884911265,0.0858699860473254,0.254246806411147,0.657794566608368
8311,0.0292698654184512,0.0859307205062651,0.255120570238773,0.672443785581132
8312,0.0295207999706308,0.0864124936540468,0.257001896888693,0.675794910712123
8313,0.0293818095823959,0.0861499604496128,0.253606531176102,0.622296219244643
8314,0.0294039854168511,0.0869652802838327,0.25071953956823,0.660750256940907
8315,0.029380755673502,0.0864034768252698,0.249684922365749,0.638988055726109
8316,0.0294129094055334,0.0862366358331343,0.249329109601752,0.651191816052488
8317,0.0293829552000901,0.0867560883290255,0.256147195083384,0.671934890034158
8318,0.0293973941435681,0.0871399097024771,0.251721953225015,0.673628202209333
8319,0.0292920009330954,0.0861794639778763,0.25661423965562,0.661788828146588
8320,0.0293508484956921,0.0865627462753949,0.256470402451756,0.667545347695182
8321,0.0294470706570647,0.0866295863681854,0.259639785722228,0.659445601658231
8322,0.0294017651247593,0.0863414662169523,0.258049295469798,0.693649582307758
8323,0.0295042188059815,0.0859946831409696,0.250862372879327,0.639611799310567
8324,0.0294324154039202,0.087286456538179,0.25254321726442,0.67685432608067
8325,0.0294299749093405,0.0865651634532285,0.256077498942104,0.659349548845423
8326,0.0293092462395061,0.0865178066007049,0.259568541481045,0.66907534484535
8327,0.0294052686018844,0.0864225308791346,0.255461352143649,0.616956296669178
8328,0.029480168258397,0.0870479307011887,0.254405991773743,0.67040987812454
8329,0.0294141577579457,0.0872156365601601,0.261701008735033,0.683858248368619
8330,0.0293340631276809,0.086746353171577,0.25427598871981,0.643152752432908
8331,0.0293870975183925,0.0859939970309893,0.249202537177886,0.66800240237654
8332,0.0293959464045642,0.0865029749402416,0.257523954232708,0.659102431089224
8333,0.0294111807930812,0.0866864631019025,0.254598856042754,0.659194554686055
8334,0.0294043044011305,0.087424448438441,0.252146325993547,0.671388365753016
8335,0.0293992367941301,0.0864138421913181,0.251464236613651,0.627682619337348
8336,0.0294335434124511,0.0861873615123113,0.24932237359485,0.661621300685356
8337,0.029370283991137,0.086057033338602,0.250994627261531,0.657664800701283
8338,0.0293851544388277,0.0863660743128174,0.251392433124886,0.673472421519811
8339,0.0293680117120372,0.0863253933994138,0.251891387974135,0.649845220023037
8340,0.0294380455067301,0.087665436432428,0.261544226025226,0.654821726723669
8341,0.029491145028604,0.0869084604518466,0.260207122148102,0.674926141572298
8342,0.0294132547480185,0.0862147943304404,0.254951643242352,0.653984787229976
8343,0.0294820244132248,0.0871268780576722,0.258971933436707,0.676624661892401
8344,0.0293527049534061,0.0857202326669219,0.250193844549079,0.657565415208957
8345,0.0294314920988029,0.0862386603386431,0.253556304948325,0.657387116435259
8346,0.0293983565522836,0.0862338128576797,0.250462149840815,0.637352422885042
8347,0.0293308156489832,0.086765439644598,0.257146852740134,0.656001366889961
8348,0.0293368972254617,0.086533954914223,0.257566392931447,0.651574742057435
8349,0.0293565607969765,0.0864101869129812,0.256490219125504,0.648037280546959
8350,0.0294111414998479,0.0862062748037054,0.252118531074562,0.669523972364097
8351,0.029379359003191,0.0870412506221479,0.250134165826772,0.663810595820498
8352,0.0294912911037244,0.0864270048559525,0.251263473814551,0.654261915801211
8353,0.0293680787040862,0.0869748801722291,0.251191038142279,0.655958002936727
8354,0.029373671497605,0.0861710054903438,0.252148301086686,0.677087651047413
8355,0.0293691598304106,0.0868656318754114,0.252860832223431,0.654703008010336
8356,0.0292952968109336,0.086829125698927,0.257131392681151,0.650624652210198
8357,0.0293214421835507,0.0867641362082373,0.258238548273217,0.700626284749366
8358,0.0292831811256262,0.085836244777606,0.251788812099972,0.652896162931103
8359,0.0293241118133586,0.0863476612750907,0.245786284922612,0.643853302356236
8360,0.0293788823212551,0.086802920582021,0.24971188049101,0.687582804619769
8361,0.0293898966709361,0.0870706571085771,0.25477179060512,0.691497976818
8362,0.0294034110631157,0.0864439016795885,0.251318252059281,0.651057660693783
8363,0.0294617522370823,0.0872816157553727,0.255382455775147,0.710941656612859
8364,0.0293687375689963,0.0867700615567274,0.260723399349029,0.655698766591675
8365,0.0294050780387918,0.0871245722813904,0.255564976599156,0.642364182713016
8366,0.0293977224353954,0.0872274813579458,0.253292766241756,0.665032231336155
8367,0.0293821388234807,0.0863500256532603,0.257206769334472,0.667399251881223
8368,0.0293831541206635,0.087315184350276,0.251190243683763,0.644267097512419
8369,0.0293895826131692,0.0866795002462061,0.25072594158071,0.672579053618799
8370,0.0294391536835754,0.0868202318911652,0.256844709515104,0.663993732326666
8371,0.0294223420919062,0.0861509728583786,0.24909090056398,0.632432276031817
8372,0.0293539260482383,0.0862950628058332,0.255538169254256,0.654076437057565
8373,0.0295069870887359,0.0873805814956841,0.255989092007685,0.649800239615439
8374,0.029309602948903,0.0865141877435179,0.252842254838936,0.641489952137704
8375,0.0294665752277627,0.0866781909018718,0.252848838305238,0.684117251115915
8376,0.0293985647990627,0.0867876615896162,0.254300113835539,0.627068114667155
8377,0.0293726194772706,0.0867534137271199,0.252549057435444,0.643688295470464
8378,0.0294265887553951,0.0862009218341087,0.248279968194242,0.673260005083513
8379,0.0293791855765514,0.0863148528697784,0.255972803494635,0.632575364621856
8380,0.0294152827153839,0.087031384980329,0.258389523570863,0.666504517494213
8381,0.0293899269264449,0.0868207860725798,0.253786689351082,0.6469575398687
8382,0.0293768363722146,0.0868838703546036,0.25315091881076,0.662702105416484
8383,0.0294695517713237,0.0867597599457098,0.251769811540353,0.670840778602514
8384,0.0293670693750187,0.0871734094898684,0.259229299352363,0.694087654756276
8385,0.029390509683163,0.0869740265611865,0.251815124242154,0.638685773361432
8386,0.0293580901449957,0.0866981171892412,0.250217041596078,0.688899242590116
8387,0.0293407452573517,0.0869709140477914,0.248947358386601,0.656139188497083
8388,0.0294308036544714,0.085872560952931,0.254656454607943,0.65860497554398
8389,0.0293907976905387,0.0867172459401968,0.251704704776974,0.645655519459425
8390,0.0293449429322467,0.0861307098414488,0.254852654137606,0.66399745248445
8391,0.0293399001085119,0.0865878573002221,0.25844062653363,0.669585607614434
8392,0.0294584474051885,0.0871192982705701,0.258223258639273,0.651902325546545
8393,0.0294222993732651,0.0873797774324776,0.257247322809913,0.732196613770553
8394,0.0294434686103705,0.0868035100545512,0.254905952019807,0.68544546246536
8395,0.029403245243025,0.0874555689670616,0.261109611037862,0.643369844145167
8396,0.0294028995481304,0.0862819120088488,0.253021966583172,0.623175733312139
8397,0.0293901185298985,0.0868733783149784,0.255190498076047,0.648847609534312
8398,0.0293996880108508,0.0859993662328066,0.245827339644701,0.640428675725294
8399,0.0294178717853102,0.085947499598697,0.252960907264857,0.664462364692872
8400,0.0293765196242441,0.086140666711507,0.25303034276508,0.642907311462265
8401,0.0293734131583064,0.0867833674293016,0.255248684730238,0.630833275704902
8402,0.0293455080388982,0.0861402848499628,0.250892661119627,0.629430931825231
8403,0.0294476429034193,0.0869901634394388,0.253674138205938,0.666311692295406
8404,0.0294889192617913,0.0864888857623228,0.256986719569291,0.654665551456165
8405,0.0293900005445316,0.0868618535127317,0.256687466069497,0.665595931938028
8406,0.0293970657332887,0.086944570962955,0.253139203018477,0.637480940348787
8407,0.0293566359544139,0.0868778866434857,0.250505481526188,0.689564504706758
8408,0.0295055344730547,0.0869635736729254,0.255421319124342,0.625521198771667
8409,0.0293671231010704,0.0866847863452849,0.257456366588371,0.643078826912317
8410,0.0293749257490538,0.0858517940005583,0.254634248894077,0.645766778041086
8411,0.0294778620758578,0.0868691547759351,0.260897960730567,0.629022419721673
8412,0.0293414747339534,0.0872005401810042,0.264250350931706,0.726751774645049
8413,0.029507637780505,0.0867083342669202,0.252078298458337,0.704472432218576
8414,0.0294041994818763,0.0868114480591651,0.247982818384945,0.665455342361659
8415,0.029302003355008,0.0862477233043913,0.254255514240823,0.630757916295036
8416,0.0293980432045318,0.0869080271316326,0.252510521504223,0.676390668607427
8417,0.0292991250547667,0.086761228258042,0.250269380732109,0.658902512595444
8418,0.029427867594594,0.0864276539982974,0.253151591904952,0.680774973276858
8419,0.0293849467090383,0.0869486328360979,0.262590669004889,0.679727317047409
8420,0.029544933749372,0.0866146861027473,0.254302693710097,0.73202615779575
8421,0.0292895180814982,0.0861831444782267,0.254924806635748,0.639045184830319
8422,0.0293279251825393,0.0858904509101238,0.255691517946111,0.672095682251978
8423,0.029425599966196,0.0869517461679487,0.260539477095319,0.615016029841271
8424,0.0295249752742734,0.0865258423610078,0.261883536139571,0.668151680822448
8425,0.029364037169828,0.0868964202619196,0.254708086872627,0.670572792896852
8426,0.0293935603971642,0.0856502418649338,0.247981198374958,0.653556216166075
8427,0.0294210600123329,0.0869860165649075,0.251651708689327,0.681187908989737
8428,0.0293753831090058,0.0870622096107032,0.256308747624388,0.689768178399402
8429,0.0294269194070049,0.0871026285591927,0.25155774998786,0.618877890561262
8430,0.0293885548610496,0.0865000190923032,0.257067032037782,0.671660915602124
8431,0.0293921208195859,0.086117316947047,0.259576900296795,0.703288841248376
8432,0.0294193225132842,0.0865763953975104,0.247538659825766,0.65060083583071
8433,0.0294396732308063,0.0870302891662381,0.250798689934223,0.645429756793808
8434,0.029403680465025,0.0860267599463012,0.256840812211519,0.628811653365358
8435,0.0294194851296388,0.0873396906897702,0.253473832404649,0.643987354746564
8436,0.0293334171868477,0.0861843094144844,0.253214732833571,0.623086373343557
8437,0.0293377691527231,0.0872689995100596,0.250474447078563,0.644448392558694
8438,0.0294596058252983,0.0865924939240444,0.254669075956625,0.650614864993055
8439,0.0293929790936491,0.0864125108019504,0.257318074025659,0.666033563399417
8440,0.0293927380851182,0.086999949760851,0.249285856381706,0.665770628701869
8441,0.0293965297463426,0.0869011687299523,0.258317711265474,0.624758528436956
8442,0.0294034397139753,0.0863808310748977,0.258985956743213,0.666812359562788
8443,0.029364188306314,0.0870255786198297,0.257251114313068,0.650059715235417
8444,0.0295579232998025,0.0862468727666508,0.249584814506165,0.613744964606724
8445,0.0293109607488605,0.0862485732091684,0.250162943001207,0.647764120915918
8446,0.0294266317776833,0.0867102157959503,0.257756872678689,0.668835691702765
8447,0.0293430508997693,0.0856225241376201,0.256224914199754,0.703876325912479
8448,0.0293322564097083,0.0865361964900577,0.258963411739498,0.633450087772112
8449,0.0293748582299033,0.0861880759045116,0.246580694672083,0.623045779764142
8450,0.0293343751041878,0.0861632895569086,0.255477311774673,0.666149644823518
8451,0.0293364024036264,0.0870944640958621,0.249373439253417,0.63234915280429
8452,0.0293917320810648,0.0868063402363333,0.252721275383843,0.64675761392645
8453,0.0293635708363284,0.0864031174366593,0.258722227314957,0.650868008503153
8454,0.0294341755216821,0.0868382244732622,0.249758099553669,0.61614187643217
8455,0.0294075885159698,0.0869699678810998,0.252767758067287,0.64510173503971
8456,0.0293661920683608,0.086222517179828,0.251719572766337,0.667700908418545
8457,0.0293577125535391,0.0866627516718659,0.258339836414091,0.670696831272975
8458,0.0294228811320403,0.0865867625872884,0.25479161598881,0.645395835183535
8459,0.0294212455308415,0.0867989834584316,0.253655493739132,0.652860927023593
8460,0.0294742680001504,0.0868402123954796,0.257188105248917,0.687630159567401
8461,0.0293874475348771,0.086802277807051,0.256666082862069,0.688040538672512
8462,0.0293254927886051,0.0861997632727637,0.254892269061284,0.665231945255233
8463,0.0294119187732069,0.0868556488427351,0.257028554846588,0.688534570538511
8464,0.0293328393929915,0.085857876733545,0.248047170262962,0.685702394280466
8465,0.029337499126284,0.0867807454662046,0.259124990074446,0.65217710188439
8466,0.0294283613306141,0.0865984067209059,0.250402457079451,0.668127970830279
8467,0.0294062986627307,0.0864564983556848,0.24765955160527,0.649474960180511
8468,0.0294909845920306,0.0872168677278912,0.250564557675464,0.627039054045726
8469,0.0293727587800236,0.0871182907969592,0.255182091907906,0.675771884764826
8470,0.0294196746915679,0.0864140082211962,0.253559675624808,0.690567155232154
8471,0.0293062259047906,0.0861851896312355,0.254327303528553,0.665014929068413
8472,0.0295028997801783,0.0875544206924789,0.259260630964617,0.692056836813175
8473,0.0293441672674234,0.0866023738382989,0.250753341521548,0.651532096501671
8474,0.0294447754220013,0.0861600225947871,0.25134713801509,0.627078395441599
8475,0.0294269830538557,0.0863955434156477,0.254942072907533,0.656804502952692
8476,0.0293731095457277,0.0866765773495434,0.244135243209511,0.60561578559626
8477,0.0294185543580793,0.0874027896508242,0.249009326703196,0.682427367913439
8478,0.0293312196846611,0.0870850190998701,0.253005268639107,0.677118542821831
8479,0.0294285674037644,0.0863755580966086,0.252673533805171,0.666790090855068
8480,0.029338142755728,0.0862549842877516,0.25259437280935,0.66814749671995
8481,0.0294413035566919,0.0870773126591994,0.256864470401405,0.663324675758254
8482,0.029386774864991,0.0861211634994241,0.255750767141906,0.667040259010463
8483,0.0294084373322577,0.0865489953553809,0.253462639158056,0.650073414054739
8484,0.0294223108802206,0.0879348067236142,0.247074542678846,0.64172705851945
8485,0.0292923002615428,0.0863323344260387,0.252406745524189,0.645639500439172
8486,0.0294683748740107,0.0864914609813068,0.251780123113287,0.635555021916227
8487,0.0294338923959529,0.08686016024878,0.250760387155656,0.678916966498124
8488,0.0293172846538945,0.0854350393603912,0.250165709379701,0.715200006531797
8489,0.0294006453368447,0.0871406768708326,0.254208035563463,0.706882606560023
8490,0.0293146101338856,0.0862246016763202,0.253095764705929,0.642494722252532
8491,0.029437250293076,0.087385718950113,0.260684513844521,0.665076419284081
8492,0.0294257166211278,0.0868125851415867,0.254708486990664,0.65552641001691
8493,0.0294206158627229,0.0870114095220481,0.248940569271498,0.674225775156937
8494,0.0293861232312348,0.0866137893953344,0.26115333364215,0.693738182394472
8495,0.0294270123893766,0.0863151170661093,0.258220980276071,0.639816562650398
8496,0.029408326351611,0.0869752595916741,0.247282941762686,0.666253158666199
8497,0.0294668771204817,0.0862368622804664,0.259482353209091,0.652190256244828
8498,0.0293742930837793,0.0858776093451207,0.247756251108504,0.643645570824834
8499,0.029357284181172,0.0857915361647393,0.24834547144177,0.640084940700457
8500,0.029433359080299,0.0863662780636633,0.251721572462699,0.647925869139741
8501,0.0294611247403321,0.0865947084912953,0.256482790471792,0.666310631986161
8502,0.0293601032598931,0.0868734850340776,0.256022261319587,0.617400217559296
8503,0.0293313950888789,0.0854322415431641,0.248775675751862,0.651155647103342
8504,0.0295248575208253,0.0864350014867307,0.249770799261971,0.649091622947786
8505,0.0294641908532057,0.087452928258778,0.262242209673861,0.648934542027335
8506,0.0294889621361506,0.0872904689132135,0.258293142417498,0.663185435254057
8507,0.0294126127568016,0.0864138291590852,0.263206804763937,0.663915525304712
8508,0.0293811533040586,0.0867062025357276,0.260667843950828,0.666473841534947
8509,0.0293690159206983,0.0858853021078517,0.249009745357627,0.653418061610617
8510,0.0293496746007282,0.0867035463223075,0.254876955056165,0.656882696059621
8511,0.0294393315862784,0.0873909363111053,0.250935960433841,0.689497737702227
8512,0.0293475182732334,0.0872025713981173,0.262046699293943,0.659282205566712
8513,0.0294169459889264,0.0876766913479832,0.267166397146375,0.704525464536428
8514,0.0294654039215091,0.0864473873225388,0.248247844151646,0.649142067909602
8515,0.0293648128288103,0.0854815272423114,0.252417649395558,0.659379899684527
8516,0.0294169210721898,0.0866534211184456,0.254349619977632,0.636677043695141
8517,0.0293392727542626,0.0859531497531814,0.251642048797926,0.644690007725677
8518,0.0293918414680158,0.0864437976976566,0.258295949684562,0.64780846966429
8519,0.0293492385634333,0.0865906699125819,0.250923052253036,0.624023365003412
8520,0.0294842676885389,0.0867353055778138,0.256989303101802,0.653738883317697
8521,0.0294162721276133,0.0862090694867035,0.257299264068559,0.642526186131048
8522,0.029410576877357,0.0874109769745545,0.251845006088313,0.705728567751247
8523,0.0293933035830417,0.0861924698544108,0.251970937442597,0.630737359034729
8524,0.0293822225562331,0.0864449687393323,0.247503162464393,0.646372586217567
8525,0.0293830026239124,0.085916859461235,0.247372522141592,0.633768211898341
8526,0.0294176287129402,0.0863569366198685,0.253242038853957,0.657544943756908
8527,0.0293936276334234,0.0869343089730286,0.259622605278743,0.684348546971629
8528,0.0293680843231039,0.0865544309948504,0.249850221275865,0.68878821695635
8529,0.0294120998503458,0.0861984338427265,0.256140017509229,0.670346111970498
8530,0.0294478413193882,0.0872317151375038,0.254283130551396,0.65138055333702
8531,0.0293508941507026,0.086903983657186,0.250172946752523,0.652602492547367
8532,0.0293888088645166,0.0870514460215971,0.253385866858545,0.637789981701909
8533,0.0294185337432665,0.0867964787057299,0.258030538146488,0.679370490242093
8534,0.0294151785402129,0.0874025590591244,0.254964440948786,0.692096670931487
8535,0.0292685376390027,0.0869775279138785,0.248660511370685,0.674150197642936
8536,0.029390443974629,0.0867376359024054,0.253121843778515,0.670964703612129
8537,0.0293293526895761,0.0868759614950957,0.255983363465404,0.653045465423691
8538,0.0293323974632641,0.086441899089629,0.251739166471462,0.688188819720433
8539,0.0294285866093562,0.0867582592785626,0.255137347549679,0.650287157807513
8540,0.0294256527176345,0.086686875117203,0.252173327424672,0.641900739346782
8541,0.0293686771445595,0.085922432714981,0.24950597717195,0.640078377093368
8542,0.0293703038278928,0.0864295591568819,0.250232292017213,0.632437997066542
8543,0.0294026704858858,0.0868756346331,0.257751779070119,0.663681419764572
8544,0.0294980342881625,0.0867304431837046,0.254460281185864,0.678163175391104
8545,0.0293958667169562,0.0870220716473326,0.254952792930541,0.659810444798818
8546,0.0295112424631906,0.0874471738478,0.260591614976687,0.683754041737751
8547,0.029371688651369,0.0868021281438307,0.261823355987117,0.693284286906144
8548,0.0293390482520177,0.0862833978532131,0.254586071883572,0.666961943637362
8549,0.0293686765635726,0.0864953658220045,0.252463504392001,0.630781174343165
8550,0.0293841996980211,0.0862777670844873,0.250193082934136,0.630449993240171
8551,0.0294984715931941,0.087837808077602,0.263740543024518,0.690137472857233
8552,0.0293795200062752,0.0870352859393741,0.256269613669059,0.65205622695337
8553,0.0293806282877773,0.0862789186913628,0.262067096962864,0.681493525209552
8554,0.0294603892666241,0.0862508457109236,0.254851868327519,0.68108137210451
8555,0.0294230627126957,0.0871041767819818,0.258347854995101,0.671614335217884
8556,0.029421898001783,0.0863702072960027,0.256754411827808,0.638950045986038
8557,0.0293267818941028,0.0876024873099599,0.262301848394441,0.662577709921398
8558,0.0294465177994072,0.0873021687646951,0.260530589334613,0.66536756340554
8559,0.0294145273092142,0.0864896336479413,0.253425686274174,0.664775065307853
8560,0.0294349772664994,0.0863055665724338,0.25423823491088,0.672173903643804
8561,0.0294525071925967,0.0873207902187124,0.262129273055809,0.69179740060921
8562,0.0293737850349421,0.08574656774525,0.250459480685624,0.64715636933312
8563,0.0294388462171074,0.0858159217839237,0.254920355331174,0.642963084773513
8564,0.0293944048158421,0.0866123939793358,0.249398204714036,0.648505580120274
8565,0.0293917343658499,0.0865435097805457,0.259853259609626,0.671616545594417
8566,0.0294504114016508,0.0867879380152433,0.252215185650229,0.679470870487812
8567,0.0294561613816163,0.0871663643357964,0.261508534762262,0.643787581697007
8568,0.0293190414644641,0.0861707505314923,0.253830979858821,0.678550881978771
8569,0.0294591062474401,0.0864100041607886,0.259526230515824,0.65365080415271
8570,0.0293822074707278,0.0864676476572733,0.260796286636104,0.689972591208254
8571,0.0292792042950371,0.0860068992080026,0.254905488697096,0.655593140976973
8572,0.0294747441017543,0.0869249742746079,0.257040875841295,0.653603650777916
8573,0.0293895100302973,0.0864980919922328,0.251983588627625,0.647429293640016
8574,0.0294341819223673,0.0871100419453807,0.25342389347319,0.621835018663893
8575,0.029389763489827,0.0864924125406196,0.25410695803404,0.650177333632771
8576,0.0292843779087948,0.0864853334484744,0.252302741084769,0.667687093474353
8577,0.0294609605214254,0.0864526320004067,0.256597068633091,0.689257043934442
8578,0.0294913504424067,0.086920543438849,0.258033643792347,0.693364342695951
8579,0.0293559940045136,0.0869449990266142,0.258352703629763,0.661623390714077
8580,0.029291090859814,0.0866046851476173,0.259402957916907,0.645415519745998
8581,0.0293247836692444,0.0861768863862308,0.256735197781483,0.65834975756836
8582,0.0294033683670475,0.08730185195889,0.253746709943861,0.66844446100868
8583,0.0293782530161583,0.0866863575137682,0.255581420248459,0.639484771021794
8584,0.0293493234652451,0.0871826277833947,0.252430375771112,0.662897363012631
8585,0.0294256328451831,0.0871217444251072,0.254117446325437,0.688980617996022
8586,0.0293612162581143,0.0874066797884157,0.255763337121418,0.629575794586113
8587,0.0294198064418125,0.0864382716315708,0.259849138050427,0.672949118614603
8588,0.0294842315007644,0.0872793661564063,0.262634383789921,0.66262498798504
8589,0.0293079196038271,0.0869448032344962,0.252932297924287,0.656682284623188
8590,0.0293985452526994,0.0864537167707393,0.256680151725909,0.699559448246295
8591,0.029391421483414,0.0869198474054788,0.247624133742108,0.64454787631569
8592,0.0294576459362261,0.0861635428343827,0.249775512142332,0.676394804504833
8593,0.0293725810062956,0.086985603571207,0.251449588164686,0.633606117670569
8594,0.0293819897567115,0.0868443697103937,0.262563925560201,0.68401916700739
8595,0.0293044812743992,0.0859510430028349,0.254446015637316,0.66934597324781
8596,0.0294104145660279,0.0861834566750439,0.257741379291069,0.654024419853494
8597,0.0292876767219494,0.0865836067860545,0.257317965529164,0.70781306527443
8598,0.0294502268443076,0.0872068643868775,0.253190385572245,0.64697493604154
8599,0.0294919753507118,0.0872729295799142,0.261479432977626,0.652193535253244
8600,0.0293080025683881,0.0865669679475096,0.257668974546593,0.654808861568216
8601,0.0292968340876856,0.0858402616328461,0.249878212415308,0.694339696105427
8602,0.0294479842396931,0.0859996502896349,0.258895822362942,0.680739551864644
8603,0.0293948241154216,0.0865664829472792,0.253555918035241,0.687519327348763
8604,0.029326557178541,0.0860257764987333,0.249101751884974,0.617815170639056
8605,0.0294811115161617,0.0873082405846574,0.24730194513435,0.658343694682507
8606,0.0293305844138331,0.0867083291278981,0.255695272208227,0.655711883712448
8607,0.0294614566496924,0.0870233524133757,0.254784879817604,0.656894165901129
8608,0.0292725026467673,0.0866270567785567,0.254914640828465,0.710948867341304
8609,0.0294147777715155,0.0864264077413081,0.250821369397078,0.674670018112425
8610,0.0293517586994224,0.0860878366168088,0.250949099318887,0.665390720815835
8611,0.0293693831296182,0.0867830993142731,0.24851935850821,0.639772974468806
8612,0.0293868527659424,0.0863407152014996,0.246944968728579,0.671149401085886
8613,0.0294060440504834,0.0860892824992036,0.258036581529739,0.613036909365719
8614,0.029416555565401,0.0877706675016277,0.248936228073226,0.644518817032011
8615,0.0294404750171121,0.0869047773884035,0.250963569945538,0.656178368781294
8616,0.0294562680849934,0.0867447933120992,0.254081149318209,0.664073706769996
8617,0.0293659082271685,0.0872618895264319,0.253707110616195,0.662429936513174
8618,0.0294511676043645,0.0862708187534174,0.259225353054763,0.660587517712692
8619,0.0294523303058513,0.0862938751746594,0.251693379469912,0.718666857038179
8620,0.0293952474876751,0.0864961323086229,0.257715056033798,0.663053809045117
8621,0.0294359083370461,0.0872676731451456,0.260067597902342,0.683453601471966
8622,0.029353115034299,0.0870621826327854,0.257157155901457,0.635684826008402
8623,0.0294355832625909,0.0874153769906316,0.248191898694206,0.681999906437551
8624,0.029424812165196,0.0861880519348139,0.25223187754783,0.64061041788846
8625,0.0294452580773021,0.0862306121477157,0.254593134291148,0.628663311590533
8626,0.0294105949627559,0.0871470242657056,0.259952445182264,0.693774412500819
8627,0.0294165430442509,0.0858443543897096,0.256676503846749,0.63390026791686
8628,0.0294724803117247,0.0876703236947473,0.253831441941479,0.662917206035963
8629,0.0293171149437605,0.086602767626447,0.24732872926053,0.650413844673716
8630,0.0295110175592058,0.0869797580164329,0.253721153509868,0.671587602612863
8631,0.0293176105639689,0.0861153029233461,0.250852052926231,0.620511416372914
8632,0.0294524158137946,0.086791900742065,0.253492595293717,0.632201049618446
8633,0.0293897259036757,0.0868713468300534,0.259529371363889,0.642821142190746
8634,0.0293960618750927,0.0865127747210405,0.259318451663564,0.70569319136589
8635,0.029435890223691,0.0869732834693701,0.259862244376246,0.694697776318269
8636,0.0293792744868514,0.0867024628389584,0.252393729515871,0.662769219956403
8637,0.0293805932173036,0.086787715158303,0.251089879344122,0.674408392782086
8638,0.0293442630936501,0.0857250402410775,0.247008098285441,0.673986188799722
8639,0.02939786165904,0.086951413647453,0.259119171191126,0.627160394116199
8640,0.0293090217360174,0.0862878989700916,0.25319884573347,0.668540738659561
8641,0.0293827788208992,0.0868803290440967,0.251307636704341,0.661421066142751
8642,0.0294037710875411,0.0871659721450753,0.251027291631125,0.691631372553993
8643,0.0294454766935423,0.0873985610912258,0.258358360847722,0.690720528524126
8644,0.0294968118692846,0.087179555693018,0.259725846712222,0.700898887807996
8645,0.0293663486348021,0.086518708095274,0.247395772391437,0.627548899474548
8646,0.0293885020114756,0.086035732113063,0.24612961009983,0.624429204094423
8647,0.029413108031772,0.0870228964061578,0.250385547072219,0.648859948624098
8648,0.0294241477620673,0.08623888915242,0.251737338472668,0.64684798492482
8649,0.0293885681208517,0.0867541253229327,0.253445802893736,0.625966008699929
8650,0.0292868861903897,0.0854935608890599,0.244584200334986,0.631684645510732
8651,0.0293358960647358,0.0866495928552769,0.256549430546654,0.665568076095022
8652,0.0293930590385505,0.0864032618041371,0.255876501997561,0.646676034390956
8653,0.0293542776795768,0.0863636245221687,0.257022893871093,0.683345392347147
8654,0.0293879077835209,0.0870380632283381,0.25689252749877,0.665826456355977
8655,0.0294203042898295,0.0871278954925523,0.256786760893154,0.690140774377241
8656,0.0295322708950933,0.0869633104955352,0.253417756197121,0.683771253007255
8657,0.0293643311837241,0.0864155215366641,0.258470754573447,0.700002286577684
8658,0.0294426460325949,0.0865594792490437,0.25379914805525,0.64958344196135
8659,0.0294643611470594,0.0860766537268064,0.25863612469236,0.621901142479714
8660,0.0294595946976311,0.0869463157161439,0.261477496423835,0.637386136963405
8661,0.0294021750128731,0.0873681431101495,0.255340591524246,0.620873525545364
8662,0.0293671395658871,0.0863996622155246,0.254368478353295,0.703424601960041
8663,0.0293933427189271,0.0869171257096486,0.258252887689122,0.659354987782189
8664,0.0294599630495469,0.0864240954189872,0.25564362805276,0.637629111273663
8665,0.0293705036987475,0.0861963734062118,0.25482449988308,0.65596825408406
8666,0.0294269952874408,0.0866573259125465,0.256446930465649,0.638327297244521
8667,0.0293506720135039,0.0864823802800339,0.256265408025708,0.637467328230521
8668,0.029379120915432,0.0869249468574414,0.25293140779455,0.698870012830509
8669,0.029393606337798,0.0861020197187947,0.255226479573403,0.691563529098825
8670,0.0293664123225119,0.0862214106741697,0.252848034399289,0.627391891943084
8671,0.0294021870375233,0.0869062052204337,0.254097794104517,0.651311737589543
8672,0.0293452740985298,0.0865694386847369,0.24827702150796,0.630944901974708
8673,0.0294804592819501,0.0868234306508208,0.262626772915016,0.656208633578465
8674,0.0294156705768821,0.0873728592542697,0.254488593411181,0.672677007765277
8675,0.0294743930720128,0.0871084749590683,0.255354641393914,0.679915306493464
8676,0.0294314725140774,0.0859757488275745,0.254747637227018,0.656234174446709
8677,0.0294168508680585,0.0862324449687723,0.258452162776089,0.640645200214488
8678,0.0294178875090776,0.0864350301771911,0.255509805192325,0.633103814933316
8679,0.0293647291269536,0.0856981359624044,0.244975705253155,0.650234099492419
8680,0.0294473890063323,0.087003888933414,0.257092353080652,0.654035668058794
8681,0.0293682229364328,0.0859744910753576,0.256929720301714,0.649721919128348
8682,0.029383052030338,0.0868364414652066,0.254620319886068,0.673232805160968
8683,0.0293544580464697,0.0860991155086768,0.255012165422258,0.65406095469458
8684,0.0294129172410011,0.0864962857536789,0.251518903968731,0.641991533700978
8685,0.0294066243875513,0.0867509408539564,0.250867490397467,0.658567756441192
8686,0.0294294939910443,0.0876768386959087,0.25114928679043,0.657973796306322
8687,0.0293259823679029,0.0868257605896321,0.255120572051883,0.683204942951646
8688,0.0293018968414285,0.0861528295815344,0.253000219843189,0.657318503141981
8689,0.0293679950853218,0.0873960807276009,0.248565593361514,0.617345812913119
8690,0.0293321970664131,0.0862463361524806,0.255566128511916,0.635875537335656
8691,0.0293555891518416,0.0861243767421853,0.250008936951445,0.675305429614419
8692,0.0294236715864106,0.0866178704039206,0.254220406843614,0.663130010313144
8693,0.0294112776809773,0.086641218032479,0.25616781251205,0.667045539550757
8694,0.0294282554056958,0.0869170065343134,0.25790795802272,0.634262733225712
8695,0.0294456291205967,0.0867851649649511,0.254471538744623,0.645674437287183
8696,0.0292994903423612,0.0868648443338157,0.256011076362027,0.690304412034232
8697,0.0294067254553906,0.0868355712768153,0.255484848671538,0.658706364570667
8698,0.0293402487478822,0.0860825899510111,0.253803386171397,0.662432436934021
8699,0.0293707583867621,0.0866667190819158,0.255393738190282,0.634395628945469
8700,0.0294842789986003,0.0868422295403286,0.259906776909757,0.633542726541016
8701,0.0292963424205046,0.0867754198623564,0.248635152584854,0.638928111902132
8702,0.0293136824751588,0.0860834896711872,0.256332826509788,0.652757340698381
8703,0.029390362146127,0.0858180331298791,0.252268175126086,0.659848038614906
8704,0.0295198829600187,0.0866795149645954,0.257613008053339,0.61232098472831
8705,0.0294039734350258,0.0867597835510979,0.251359857654278,0.627042841231812
8706,0.0293765387698843,0.0865118900556127,0.253631817793897,0.655488459333226
8707,0.0294664527131486,0.087408799353974,0.251175721588842,0.658430051155875
8708,0.0293607138928005,0.0862737661447483,0.25421267744981,0.63095543118024
8709,0.0294370870189125,0.0868744739220078,0.255162923270632,0.700473315759246
8710,0.0294282201283007,0.0865022418984669,0.257775087743209,0.663426046992597
8711,0.0293636228834759,0.0860337245728785,0.249763395999907,0.674884504434434
8712,0.029433304379801,0.0865965017768754,0.258952040672017,0.68439907093476
8713,0.029300197736106,0.0868110683582907,0.251513736623082,0.662338801002195
8714,0.0293402441556587,0.0856732502718071,0.254083417471349,0.655613800847982
8715,0.0294734341636892,0.0870452994672408,0.252683999117896,0.637303196644887
8716,0.0293422706005979,0.0853658897228309,0.255608274165161,0.656342790855043
8717,0.0294246001642797,0.0871763719454309,0.26189380849774,0.678761984185283
8718,0.0294035995701349,0.0870639317358009,0.255514350079055,0.679656105249547
8719,0.0293951228353253,0.0861016702291812,0.255703995097851,0.643565272122333
8720,0.0294450891523681,0.0865572394955542,0.252442688704239,0.631012435877326
8721,0.0294044002180603,0.0864969876947353,0.259031240163147,0.680398673644374
8722,0.0293630298759685,0.0866261157010335,0.259205632079029,0.668980215804569
8723,0.0294825480807899,0.08748008286191,0.26242653297363,0.660821365060179
8724,0.0294222550421051,0.0869859999048588,0.255166938592546,0.656992596633705
8725,0.029400262423216,0.0862538800927208,0.251004603724981,0.648741408450811
8726,0.0294363342384481,0.0866933694124679,0.255676654042484,0.646673299259467
8727,0.0293365518919858,0.0863751953375488,0.263733019577751,0.653450889799889
8728,0.0293566017139583,0.0864356832345881,0.254546417248504,0.678975050193715
8729,0.0294029726698981,0.0863462559447718,0.256270256101435,0.65920761662622
8730,0.0293976977220198,0.086379904789184,0.248713665196735,0.61390628412386
8731,0.0294449228501593,0.0860788362241783,0.25088292386764,0.630060459348761
8732,0.0294818832223931,0.0866297765894556,0.255858890207132,0.675027780532875
8733,0.0294128120598547,0.0861058113211945,0.250579959530433,0.690919999502096
8734,0.0294299267536413,0.0866876948661424,0.256629654221069,0.668120092442133
8735,0.0294731987521245,0.086182376643687,0.253553173686735,0.68423204613219
8736,0.0293935298572208,0.0856935614300329,0.254752570731577,0.64742536277466
8737,0.0294435673829741,0.0858309155155159,0.251051534809777,0.666511439433721
8738,0.0293488051598978,0.0867112375487214,0.252431488636606,0.659376498505371
8739,0.0294498522897684,0.0867274515493481,0.264007640781232,0.693215127584913
8740,0.029388540868285,0.0872327853445849,0.256345744167668,0.691496755478462
8741,0.0293956513670905,0.0868680949637778,0.259911660990642,0.66384231835158
8742,0.0293953638822018,0.0868004613819235,0.259690545610047,0.713394796796271
8743,0.0294917380097864,0.0862595130387087,0.252706376155901,0.681684535327486
8744,0.029396403915531,0.0867762067373036,0.24868762891327,0.649460550540582
8745,0.0294900042874042,0.0869738330858248,0.254993098464058,0.62326809780807
8746,0.0293698719760104,0.0866210525615935,0.256238292732956,0.670109790836412
8747,0.0294141088491235,0.0866223195284282,0.252027947044024,0.662687207898157
8748,0.0295217683126283,0.0877203363703957,0.25975801035051,0.672535450034733
8749,0.0293302724298955,0.0860002811986671,0.251442590071198,0.689642148716584
8750,0.0293468005016852,0.0870556658956373,0.25132829673065,0.68369313126872
8751,0.029292644570514,0.0862917537927435,0.255587599600698,0.673837733411423
8752,0.029409340333223,0.0861359290678693,0.254907903595592,0.628755898442317
8753,0.029388839322516,0.0875536771208573,0.254511615167684,0.687077002725665
8754,0.0294582298824138,0.0868907225558565,0.252838155150938,0.672870056146865
8755,0.0294151003363212,0.0867292146877999,0.257552216229429,0.645136143427761
8756,0.029343247586128,0.0863180961425286,0.250566442776134,0.658700435093339
8757,0.0293710314482821,0.0867576733642822,0.251329858526411,0.668043503892504
8758,0.0294352750958871,0.0868902113722471,0.248713570621497,0.65899342548215
8759,0.0293577272791668,0.0866514773705438,0.248170758524774,0.644091941835597
8760,0.0293587267946222,0.0868919188874644,0.252066448434409,0.653221955932711
8761,0.02942664243789,0.0865381781196539,0.251509169691446,0.667724829041716
8762,0.0294011867791974,0.0870170842719664,0.257035414201385,0.687224641154079
8763,0.0294158408529202,0.0864386649527145,0.251633597979559,0.64641006478846
8764,0.029357427863125,0.0870105175281733,0.251357225774805,0.637951976844173
8765,0.0293156219412994,0.0858989440453085,0.245149621350044,0.646916681629984
8766,0.0293477614238291,0.0868215024598592,0.259437652829437,0.697070772739081
8767,0.0294239690949425,0.0863902667911475,0.25490462657899,0.673753567059472
8768,0.0293708853000569,0.0871875411786045,0.25707327210394,0.629171818407227
8769,0.0294760215294623,0.0870154689632986,0.260371216046856,0.654239599684775
8770,0.0293414113796553,0.0866612472554979,0.254672188736712,0.672458560609332
8771,0.029417866564416,0.0870017898036926,0.253873247590242,0.674414591813369
8772,0.0294532653007739,0.086535884307857,0.253428866126906,0.677133597581887
8773,0.0294382976867358,0.0858969081703533,0.257223018970389,0.667835578329029
8774,0.0294238004548675,0.086224265404709,0.255295717226262,0.670570839620038
8775,0.0293701293930222,0.0864813079484111,0.250420904319066,0.650436977977989
8776,0.0294464738605401,0.0871571937357159,0.251709479618021,0.663782955218048
8777,0.0293453528395777,0.0865308692152783,0.252090033052939,0.663360271422636
8778,0.0293686712355932,0.0859970468307506,0.253215663913934,0.629013499044242
8779,0.0294593522025056,0.0870510988343205,0.250506343579247,0.674411131360175
8780,0.0294063446133949,0.0866567404338316,0.249840022676013,0.624152127061587
8781,0.0294264700350053,0.0863604621733315,0.249108414742828,0.628911599383791
8782,0.0293642274686507,0.0863386234093502,0.257681723606659,0.644955037680304
8783,0.0294362826510279,0.0867131784571558,0.252125406981438,0.62994048523287
8784,0.0294528653631289,0.0861674498154591,0.249435416478316,0.667157854296692
8785,0.0294299083012522,0.0866103413240814,0.254025385130215,0.701979952830802
8786,0.0294680645569961,0.0864211515417415,0.256573562955361,0.663144562153973
8787,0.0294534754777494,0.0874463246410692,0.250776127195782,0.6529720893258
8788,0.0293428590055283,0.086208852605404,0.250015750755708,0.635637339477289
8789,0.0293310587970994,0.0860309140401218,0.248663314706776,0.627324959636714
8790,0.0294072275514582,0.086964891589181,0.256632338818006,0.669616648827899
8791,0.0294275644121656,0.0871756332670255,0.252688381667051,0.63142711255432
8792,0.0294440062190548,0.0872082946699477,0.253601723703734,0.676253098654975
8793,0.0293780889989681,0.0867313842843486,0.257302421938471,0.674651226734605
8794,0.0293886175546727,0.0870968469101452,0.257191360039789,0.675404989098318
8795,0.0293530081310892,0.0869343328193674,0.251408123608385,0.676337317242605
8796,0.0294562418054401,0.0868504975901813,0.253329377928929,0.640049122725331
8797,0.0293732892918646,0.0863279184884923,0.264594564545981,0.69134833883569
8798,0.0294025109140778,0.0860334158232422,0.251003026912717,0.656933660474376
8799,0.0293852958461527,0.0866211991656421,0.258366342625806,0.649647354707631
8800,0.029296979388774,0.0857935986856655,0.251133501331666,0.70012593860751
8801,0.0293578529591577,0.0862232068516715,0.24748297945125,0.669588761501911
8802,0.0293832926071422,0.0865435084624676,0.253685188105523,0.652177650840632
8803,0.0293204041964237,0.0863477469490976,0.251587984943929,0.68377719605147
8804,0.0294039006890646,0.0864243529658703,0.257000299011648,0.662503399666491
8805,0.0295019369207112,0.0866222598284502,0.255707614017961,0.637012117515935
8806,0.0293665768665844,0.0858199986444973,0.249345601141694,0.6569835525158
8807,0.0293367699300855,0.087404214780187,0.253077301168328,0.698050676112592
8808,0.0294115331255024,0.0863393023242487,0.251797927385174,0.671296534195915
8809,0.0293770370715943,0.0861979783964216,0.257787941943742,0.647229401918452
8810,0.0293826546399204,0.0863301466900839,0.258032108327124,0.65151673005756
8811,0.0293631430898794,0.0857519091816301,0.250142456211144,0.648685896249451
8812,0.0294270780937428,0.0868371178236274,0.253895531178828,0.649161910055814
8813,0.0293743959170559,0.086815647502279,0.253444027418509,0.679313946151876
8814,0.0293436478801272,0.0868789399502734,0.256531980994674,0.677708190699035
8815,0.0293541736496592,0.0869925857275519,0.252303042593746,0.62245105193182
8816,0.0293863873035495,0.0871730691076156,0.258950012995853,0.656560208857913
8817,0.0293771822454092,0.0874867919511517,0.257514463263939,0.63638632113337
8818,0.0295078121915156,0.0870822265597738,0.252668935495173,0.694380968547609
8819,0.0294701461188184,0.0871540122173673,0.257122402543609,0.656991979671242
8820,0.0293593825029689,0.0866330888751984,0.255447932396404,0.66322237767563
8821,0.0293731323434668,0.0861499329273239,0.252399889051233,0.714703549792576
8822,0.0293775807583682,0.0871609453744447,0.256947344551825,0.651200104800464
8823,0.0294570442139394,0.0875460271944826,0.252794037381569,0.651390183225365
8824,0.0293871953480303,0.0863116084225525,0.24951901198982,0.636199134797447
8825,0.0293482655791528,0.087295928892313,0.255936128100655,0.671583214962456
8826,0.0294633019278966,0.0867107841874716,0.257703145119798,0.648029905213151
8827,0.0293565769693181,0.0868484725740559,0.251867440899931,0.672600772742633
8828,0.0293959989410236,0.0868491553095698,0.251259099145528,0.637981025766124
8829,0.0294196126320155,0.0860965768174209,0.253389335984243,0.648467232782036
8830,0.0293583798772436,0.0860615968525203,0.25607480229376,0.636457356268664
8831,0.0294294441717984,0.0864669410883287,0.257053328509629,0.654461739546872
8832,0.0294086847128266,0.0861199139981195,0.251348719618422,0.694341836122981
8833,0.0293636743519923,0.0863175304825621,0.253803462676024,0.666508218544815
8834,0.0293880169249481,0.086716190531734,0.254915509370865,0.623903967524101
8835,0.0293782695675622,0.0869815934419663,0.251333835599637,0.641848749572004
8836,0.0293703797757374,0.0871256595428398,0.257007147410497,0.669528156743683
8837,0.0294587650644234,0.0862489724241959,0.256463193769987,0.682107874047951
8838,0.0293948353452561,0.0871063602520732,0.26124583822649,0.700039502463755
8839,0.0293763246369469,0.0873077548706424,0.255704358875675,0.653567660691665
8840,0.0293460153840665,0.0864886663312031,0.258396742335151,0.649547628060414
8841,0.0293922084064889,0.0867775179063582,0.251763510437258,0.697416819974415
8842,0.0294330408823228,0.0864840039648896,0.257080162912675,0.663485588753206
8843,0.029419146744523,0.0870295344697166,0.253538537225295,0.651456950177201
8844,0.029461598875227,0.0868727350862424,0.253168431436015,0.666938278581344
8845,0.02939246427487,0.0867826842804085,0.25347222868132,0.643399426437792
8846,0.0293974555042691,0.0866601068412112,0.252924005139961,0.662672867589219
8847,0.029407607385494,0.0869963181562439,0.262671706910476,0.675068961602087
8848,0.0293504087634757,0.0868835158638413,0.259713469673923,0.666863191020291
8849,0.0294905208267192,0.0870199076270279,0.253418950354563,0.65132849040323
8850,0.02939845190783,0.0876406617999494,0.253909904534298,0.673848346361552
8851,0.0294167292694992,0.0866016588445678,0.249892213054423,0.65428348511681
8852,0.0294495843145816,0.086481684654843,0.252243976951389,0.680972907836986
8853,0.0293834301744522,0.0864994495722002,0.259936961402004,0.720735308652527
8854,0.0294455697254014,0.0861387536559132,0.252706593755783,0.669131983383792
8855,0.0293349958547593,0.0857095516244473,0.25220787914239,0.649663462147851
8856,0.0292884248652887,0.0869979768028493,0.251483610211087,0.681021793418477
8857,0.0294118963237584,0.0869318147467439,0.253766895372391,0.625340521554725
8858,0.0293952674657538,0.086783979977703,0.253740410501254,0.666864984265981
8859,0.029395719086431,0.0862671182430903,0.250344728053831,0.664863233350028
8860,0.0293259153679494,0.0867006342191341,0.254002570552902,0.645280906124922
8861,0.0292792389570352,0.0869187214874779,0.256507264637021,0.64046340419562
8862,0.0294369786815708,0.0865441849848266,0.252886381205959,0.682350309865615
8863,0.0292947035125436,0.0858106914006459,0.247290883557942,0.656576501920425
8864,0.029344009459891,0.086681575387271,0.252900143835207,0.714937184710769
8865,0.0293876530809063,0.0869123017837919,0.25337415810499,0.670487264459217
8866,0.0293167280522716,0.0869251366460316,0.254304151019939,0.67223852185339
8867,0.0294965504062597,0.0867716251446954,0.255205784699713,0.64773700621551
8868,0.0293640558754798,0.0863323936837335,0.25171851453758,0.648368332153996
8869,0.0294046447409301,0.0865078968801814,0.255990482564315,0.681986880987818
8870,0.0293443946925946,0.086044994478518,0.252727810057244,0.63536906860615
8871,0.0294016846598828,0.0864518168147572,0.245757002484226,0.685130667781491
8872,0.0293643542301117,0.0868742519401531,0.258095927734518,0.636797611664016
8873,0.0294271011823349,0.0869112201084397,0.250698888412914,0.67635130753373
8874,0.0293862070081539,0.0862054130935525,0.258010620963053,0.649194443962029
8875,0.0293696268246199,0.0854584532907573,0.250346729914441,0.650935454755612
8876,0.0293912195922463,0.0856454898422214,0.256749492537124,0.684796918281787
8877,0.0293899571892177,0.0860493199136643,0.251780141538642,0.632739792237752
8878,0.0293606941909353,0.0859918032206378,0.253994979642646,0.648908420428567
8879,0.0293922730684592,0.0865359650241505,0.259501378883305,0.648484304149706
8880,0.0294460155114145,0.0869170869609842,0.259870422052583,0.635256714369331
8881,0.0293780605584841,0.0870278777744664,0.260980497791133,0.643542105888161
8882,0.0293068562906822,0.0867647079301814,0.249850113838435,0.66157642128693
8883,0.0293637005868972,0.0863967273720517,0.253280651236311,0.677954871148023
8884,0.0293914272359346,0.0864761405461513,0.251931338200292,0.655228750789114
8885,0.0293823000145687,0.0860755527926448,0.258108576429898,0.648156116344956
8886,0.0293952144328928,0.0863203146061862,0.252127285455337,0.629948212034841
8887,0.0292701753735147,0.0862975870145871,0.248946008984939,0.650998043359197
8888,0.0293665141065322,0.0869933541996216,0.246906871346142,0.656056411695502
8889,0.0294243563643831,0.0869931600025663,0.255241008561678,0.657721614267927
8890,0.0294496554971759,0.0867596973285736,0.261507490276947,0.650954616350464
8891,0.029425975006293,0.0868349360159732,0.256202477874315,0.670073777564157
8892,0.0293689874577945,0.0866016760734759,0.251206562117568,0.648156998271098
8893,0.0293911895396792,0.0866434648996644,0.253508255974614,0.659124209503092
8894,0.0293563761149106,0.086146575162383,0.256865097545226,0.691217425933638
8895,0.0294279584181754,0.0860962526549657,0.254951966834651,0.662675038839045
8896,0.0294389851822114,0.0871795049437743,0.259131594558689,0.703453930631847
8897,0.0292758339690584,0.0862674607812195,0.248950295795757,0.66508647658657
8898,0.0294373328038319,0.0856708762308825,0.257150133844353,0.636334398736212
8899,0.0294049629040639,0.0871532996070082,0.261318363806219,0.660397742200004
8900,0.0294186058725019,0.0858805741174876,0.246200014204822,0.655610132731257
8901,0.0294734628652602,0.0872004755678839,0.258374994374936,0.66807600893694
8902,0.0293706902542868,0.08624111743097,0.254405933914095,0.663917256380423
8903,0.0293140059252548,0.0862058257561223,0.252883378849124,0.613074342799095
8904,0.0294491209445353,0.0875456186569282,0.264459293247777,0.700852224394678
8905,0.0294290111958136,0.0860921804188811,0.250719089181692,0.677940118069497
8906,0.0293757703525224,0.0865162738857415,0.250714320948656,0.647263326765888
8907,0.0293930670314641,0.0868975773747194,0.254621066752275,0.688138426375808
8908,0.0294619548272015,0.0855375966202135,0.248225396539503,0.653754762907804
8909,0.0294767519533773,0.0873549573483573,0.252215617386199,0.660606268234292
8910,0.0294431223524369,0.0868999050458532,0.250583080931694,0.638285931270665
8911,0.0293868392280796,0.0871110938331924,0.259620939257207,0.670910613516631
8912,0.0295129045012281,0.087337549804326,0.256073668419222,0.651151936941146
8913,0.02944246667947,0.0859108185489139,0.254958006126526,0.657504972562587
8914,0.0293969937427129,0.0870303892868381,0.252149276294026,0.625669439052136
8915,0.0293995602628019,0.0864136289711934,0.253881402300247,0.662372210349686
8916,0.0293836180346181,0.0859530729650245,0.252042216555724,0.655637607040731
8917,0.029422912400008,0.086763441372019,0.259185989644313,0.65872259922744
8918,0.0293943909423047,0.0862989797621094,0.249710742089442,0.651933160296298
8919,0.029507436730307,0.0868121101663206,0.26158913696664,0.685616181392711
8920,0.0293394419658541,0.0864540981855977,0.254735357167477,0.681534987152617
8921,0.0293208751590841,0.0864395392467266,0.258672897807829,0.65101403384
8922,0.0294696500886626,0.0865720983303694,0.252081383581578,0.621736982216016
8923,0.0294302071570412,0.0862265071270328,0.255164161035669,0.672507651525482
8924,0.0294026914828362,0.086145484598194,0.248738184219172,0.649960433415042
8925,0.0293218376208031,0.0862995081328596,0.247099637560423,0.669677781421553
8926,0.0293959848419774,0.0870258014310923,0.252780795938286,0.704120122239237
8927,0.029484257712777,0.0882134195865547,0.266065980525076,0.695529069378542
8928,0.0294947769075399,0.0874831341220036,0.250324388124146,0.674679193894285
8929,0.0294810219901563,0.0866105237322947,0.253371982094209,0.62995081364615
8930,0.0292969701837391,0.0862198876001823,0.257151820025369,0.624358107007381
8931,0.0293600971648756,0.0873240101458254,0.24872401685369,0.639038532845267
8932,0.0293902667952865,0.0868899443633447,0.251510990487581,0.663137748139788
8933,0.0294348962914552,0.0877042123826219,0.262881490158008,0.668742015455769
8934,0.0294502899816697,0.0875190553071303,0.257938675097068,0.662145894472773
8935,0.0293577866479926,0.0860230084363883,0.259054234392009,0.689941410630672
8936,0.0294322933730141,0.0869786868074717,0.252551006056723,0.642285732247949
8937,0.0294754964521529,0.0873442900556986,0.255512776651789,0.66943778807889
8938,0.0294376972214207,0.0865347974373263,0.24655805484162,0.617622663570573
8939,0.0294467043542993,0.0869684230683379,0.249653769278123,0.625377499845705
8940,0.0294334513364612,0.0869694722676258,0.256922494783324,0.629348124576857
8941,0.0293834991024619,0.0861879141045295,0.253483992254682,0.672300127050311
8942,0.0293804207005949,0.0866097598706356,0.257180560116354,0.666549413441747
8943,0.0294500895055987,0.0865441108204666,0.254536816500431,0.672003044157379
8944,0.0294272106951768,0.0873659117726617,0.25987310139923,0.66697792015815
8945,0.0294224123642867,0.0864077774618673,0.257056921190391,0.64804670243981
8946,0.0293312514243242,0.0859847639391642,0.260360756332064,0.677649437320019
8947,0.029388629812293,0.0858204494080003,0.247750863889793,0.66279525581695
8948,0.0293532338830993,0.0865790618574483,0.254813507752602,0.694219819220677
8949,0.0294155901218616,0.0858866151784389,0.25856989288209,0.657340549285262
8950,0.0294352005692639,0.0866812139453538,0.252325675402614,0.635709972254934
8951,0.0295062999524968,0.0864656855938632,0.247443574944134,0.623496970229432
8952,0.0294216233459785,0.0866453196403573,0.256737357799164,0.662854132866918
8953,0.0294159613786391,0.0866340289481788,0.257203205358222,0.662655064015004
8954,0.0293693984159125,0.0868795654085708,0.254497844071309,0.662831355621087
8955,0.0293628731809029,0.0868567643601997,0.25780128514,0.650916065340407
8956,0.0294817421103759,0.0862925156292904,0.250374866854227,0.686308442864014
8957,0.0294836518218537,0.0876748996302724,0.255924165876546,0.698381707558995
8958,0.0294318939054436,0.086316845870821,0.258114356477415,0.67534024111916
8959,0.0293224548458639,0.0863619002760633,0.251957456339694,0.635509567636816
8960,0.0295182792485951,0.087053170244477,0.256202254216235,0.659440468923709
8961,0.029416620796414,0.0868535414499888,0.255694353588656,0.639638816509291
8962,0.0293627857922584,0.0860156679635547,0.254811752295243,0.700853936465652
8963,0.0294487127596144,0.0881930831919885,0.250712822288257,0.637075176311304
8964,0.0293926364753364,0.0863790073883426,0.25821495378499,0.677263848921273
8965,0.0293940555689963,0.0859625097340117,0.251014253309199,0.700246866649802
8966,0.0294010293549968,0.0862548649243237,0.256009689117237,0.672261685202478
8967,0.0294035821181113,0.0863871733378929,0.252272332401078,0.679724473596212
8968,0.0293901092799458,0.0869616592786667,0.258994209139165,0.673495704365614
8969,0.0294647978469574,0.0866062271432707,0.250281314727606,0.647907313847968
8970,0.0294139477106904,0.0866620795657402,0.257314511894401,0.623288236176601
8971,0.0293766421569412,0.086121292361806,0.250132210834283,0.691842294723152
8972,0.0293428412064439,0.0865261783566046,0.244927073370319,0.64510945860128
8973,0.0294837588651188,0.0869872912418805,0.250559920109136,0.654903353582499
8974,0.0294213211720942,0.0863454624388159,0.251598550519455,0.664154775747743
8975,0.0293799869962986,0.0868426921143599,0.260850864957595,0.659915828685649
8976,0.0293889297377584,0.0868091849270525,0.258152598903637,0.680851729332906
8977,0.0293378420986147,0.086870380623641,0.247652941495782,0.621760323317496
8978,0.0294493663976868,0.0870551116228679,0.255161308690929,0.630396105042081
8979,0.0294822083689193,0.0873016939484294,0.260107981644825,0.673512178454289
8980,0.0294556956372816,0.0868505025045439,0.252584845514999,0.685037592879893
8981,0.0294858371369504,0.0860983091672718,0.251794796054731,0.649177242128582
8982,0.0294733310412846,0.0875236255045836,0.255021958182471,0.645427290384487
8983,0.0294092039087889,0.0857607665928303,0.250454933470654,0.640905270094833
8984,0.0293668725874496,0.0862196101920328,0.247385123232289,0.647433687556335
8985,0.029361091637195,0.0864373668979281,0.255388817467928,0.654621954687445
8986,0.0294547560708426,0.0871475663436257,0.251212239987176,0.620988755044489
8987,0.0293007363129024,0.0864990431849445,0.253616308726013,0.709383731801547
8988,0.029313551088951,0.087297794767627,0.255361679113417,0.673294667827258
8989,0.0293468882609786,0.0865301785589946,0.249555882253287,0.655456573573483
8990,0.029380253792198,0.0862933325579279,0.264283524295477,0.651062512740601
8991,0.0294729734056736,0.0866389657720543,0.254147445889788,0.636928100045269
8992,0.0293956953561875,0.0868038321992761,0.253047592551009,0.660506113766592
8993,0.0293556054005108,0.0863928230671446,0.252695304993588,0.66536729159495
8994,0.0293393291762529,0.0859979466495115,0.255185274160075,0.678356389081849
8995,0.0293703193308124,0.0860132865037944,0.2531800104785,0.665702946581289
8996,0.0294665799004008,0.0869398385844831,0.254003232636634,0.640688289218344
8997,0.0292740831841239,0.0863327626002716,0.250654866382585,0.682328614799588
8998,0.029366314308113,0.08678390268635,0.256411684249874,0.650965500213154
8999,0.0294559990678018,0.0857798610739182,0.252912217672429,0.648109784539685
9000,0.0293004763246427,0.0864492636809722,0.254379135902926,0.63855544795563
9001,0.0293912760974818,0.0868217051292051,0.251856373783942,0.636566141089713
9002,0.0293859321254023,0.0863355824275606,0.252801431828934,0.621902920807889
9003,0.0293361183550156,0.085953756893185,0.254846731294213,0.657579246974753
9004,0.0295170895921675,0.087275755167083,0.255931040366424,0.674973482307624
9005,0.0293762720176079,0.0862567968765751,0.253383844114401,0.654826537494097
9006,0.0293154224278593,0.0870829611649394,0.250014388131807,0.656061147779978
9007,0.0293495203026531,0.0869279001989946,0.251052886830215,0.663021831515306
9008,0.0293809554198613,0.086558299637478,0.252866273511501,0.6494207515051
9009,0.029432812211768,0.0868024286135807,0.251013075996644,0.659334097167578
9010,0.0294202599752377,0.0865735216406276,0.253155156469142,0.652759831918069
9011,0.0293441512958277,0.0863967673682569,0.252594440885469,0.68369559722834
9012,0.0294399094431132,0.0876343185221207,0.26179418017856,0.672264513585304
9013,0.0294411138310548,0.086259520106492,0.249658918371957,0.642251841490745
9014,0.0293814915891393,0.0871990281924596,0.255761125947683,0.670342579167012
9015,0.0293888352055163,0.0868006845027177,0.256770751191033,0.635187392200226
9016,0.0295006808857497,0.0870555775960276,0.255455932125243,0.672967467430702
9017,0.0294186210169232,0.0866069452155739,0.257005982912645,0.657685778586007
9018,0.0292866447718685,0.0864922342926616,0.256427800701069,0.613236136401701
9019,0.0294082161602046,0.0869740425575367,0.25257197842825,0.633475578534897
9020,0.0293426771287937,0.0857680196577223,0.256335249292233,0.669747053149302
9021,0.0295245057406852,0.0861368437626978,0.251051819114176,0.640259999473818
9022,0.0295175170761107,0.0870093659276018,0.250784798546342,0.652745374442057
9023,0.0294035055194126,0.08655657609372,0.254696658392466,0.651782340959822
9024,0.0294078178967984,0.0856258517350177,0.250168267956349,0.624903618524486
9025,0.0294350216727514,0.0874225580735701,0.261663929527761,0.6936229952296
9026,0.0294864707495169,0.0861811980132555,0.249439239434469,0.64737858696972
9027,0.0293349376254839,0.0869349357326421,0.257770661793945,0.684945266209624
9028,0.0294382995296286,0.0874442897261158,0.25863560653908,0.684927222586799
9029,0.0293068421970891,0.0857846416059748,0.247474886141058,0.69330403341562
9030,0.029499047225859,0.0870883726421985,0.256508973413923,0.643710470356757
9031,0.0294593437483212,0.0860892206859353,0.25449018237104,0.698006711077544
9032,0.0294209758934167,0.0863197503631523,0.251873093543684,0.649110922483102
9033,0.0294395185836162,0.0867501255669389,0.252517746775961,0.647899387812725
9034,0.0293777779522022,0.0873078698983126,0.257737654630901,0.670449622674987
9035,0.0292969451422005,0.0865458696080515,0.256421380899571,0.663942739317478
9036,0.0293962110004852,0.0857814174698285,0.257403598300627,0.705293820348063
9037,0.0293988117749102,0.0875979465714521,0.254282081929668,0.660025582356009
9038,0.0294381093198336,0.0871227421290463,0.251130730400989,0.640730658517372
9039,0.0294315859116105,0.0857005850370548,0.251026425572805,0.638003520122696
9040,0.0293616407005146,0.0865828844061642,0.255460258322418,0.643208537726601
9041,0.0293318295674731,0.0864351344413802,0.244914694020103,0.63965181039907
9042,0.0292832766209327,0.0870916783519179,0.258072993016334,0.656228213198958
9043,0.0293551655138409,0.086531141503581,0.25223411037921,0.657390198903168
9044,0.0293108917289755,0.0862371001020629,0.253405845520435,0.646951344382143
9045,0.029396836096257,0.086235821491354,0.264070882384637,0.71052335936678
9046,0.0293902983339823,0.0868228791429633,0.259921878300178,0.664040873547558
9047,0.0293495597969225,0.0866521977591955,0.257466454919354,0.644246308420976
9048,0.0293967795913738,0.0870619915310551,0.251369340192152,0.64045056565067
9049,0.029420938856293,0.0864476316321763,0.2559495034557,0.720870619996381
9050,0.0294147025694666,0.0867365016415219,0.25397859140826,0.634719497811352
9051,0.0294306454100276,0.0871827529050238,0.254434058735501,0.654317928339984
9052,0.0293420190947808,0.0870014056712919,0.255999329318676,0.664660163292934
9053,0.0293502484243663,0.0859375212738197,0.25740711826831,0.642928404137417
9054,0.0294012009809956,0.0868365154520626,0.255428780599454,0.6499897054821
9055,0.029456948100685,0.0868493104827423,0.260006772315579,0.657054364256958
9056,0.0294291624294334,0.0872026538477256,0.259905946482013,0.748939367663067
9057,0.029376232947523,0.0874734174316224,0.253722229882087,0.622092589974553
9058,0.0294838671413153,0.0870233883539778,0.257006115202288,0.679042278702697
9059,0.0292738215417205,0.0857105208760126,0.249560650965001,0.697605294218156
9060,0.0293806692226234,0.0863631499272342,0.247135037172303,0.60456902418906
9061,0.0294665224968431,0.0877138876759926,0.25559434280516,0.68900426054737
9062,0.0293925433439821,0.086866448864491,0.254175474472297,0.652354942076158
9063,0.0294350621232533,0.0870405271814002,0.254380861283275,0.63199530118423
9064,0.0294070835536136,0.0866062473119919,0.247882005838266,0.665670401403521
9065,0.0293908318771634,0.0866041311851917,0.249816097396534,0.646655921034596
9066,0.0294625530458137,0.0871499520275921,0.257781717525574,0.699942954707964
9067,0.0294159805727571,0.0863125769595276,0.254627297586545,0.656642912662633
9068,0.0293342629883597,0.0869115807441518,0.253744652016693,0.631948328159116
9069,0.0293490937093465,0.0859352635227165,0.252992947087543,0.663637960298566
9070,0.0293091153611489,0.0858069297842701,0.253026195036835,0.710537090964409
9071,0.0294301543896911,0.0871671300328881,0.250121160475614,0.692217049069248
9072,0.0294339981681267,0.0871927784467904,0.25545336729361,0.682755473667508
9073,0.0293846969529494,0.0866434424572853,0.260625679793658,0.671099661464994
9074,0.029333019714495,0.085957150065231,0.25493216936476,0.657735313514292
9075,0.0294219040620844,0.0871119811393075,0.260636974358773,0.711885055301896
9076,0.0293559370329451,0.0860518839799215,0.25830272266557,0.640953507221612
9077,0.0293513781735309,0.0864959469049347,0.254546109559894,0.62033850800416
9078,0.0294446777032241,0.0864108053399235,0.24665198554123,0.66568560368355
9079,0.0293889911042806,0.0868731023481049,0.258653732661985,0.670783189338025
9080,0.0293683042449325,0.086707217005224,0.247040143920876,0.631465356989422
9081,0.0293713935471238,0.0868934757820798,0.258448368342036,0.63822972387363
9082,0.0294693248481612,0.0865763224049609,0.256790175199407,0.681737793841374
9083,0.0293366037638736,0.0868037560654603,0.258207266785764,0.654412873826251
9084,0.0293895087164805,0.0861753635503392,0.248856235148179,0.614861749620554
9085,0.029457091405245,0.0869995201995667,0.253288018894872,0.678192600375473
9086,0.0293254010120535,0.0860486006830461,0.248307399094891,0.622070774143984
9087,0.0293310125117537,0.086029306062552,0.251856163433492,0.65886721436766
9088,0.0293827209633771,0.0868734036531759,0.25450543496918,0.670196888933821
9089,0.0293942625446,0.0863109212439931,0.25507149117181,0.664884410100139
9090,0.0293819265303564,0.0865153193554284,0.24625361134727,0.631710063750805
9091,0.0293847490020241,0.0866832394612681,0.253669583642484,0.638329225295659
9092,0.0293893372106818,0.0864783955607698,0.259428717548403,0.669648795503936
9093,0.0294236119811439,0.0869137172314628,0.251162038431816,0.67531019003954
9094,0.0293994484574018,0.0869233828308926,0.254692141725183,0.665300106896075
9095,0.0293553021487684,0.087057930110364,0.254482781656912,0.686013587520736
9096,0.0293668169461741,0.0871720621683413,0.259017113905728,0.683228136428651
9097,0.0293153642549689,0.0863511162739925,0.247296907268015,0.659089284448753
9098,0.0293585852396371,0.0867222743769031,0.257159628824185,0.655999566850485
9099,0.0293089710983454,0.0864128625027857,0.253278560379484,0.661610858948242
9100,0.029387613859539,0.0874195442806997,0.256042764808088,0.688839264383913
9101,0.0293576685989549,0.08652988391282,0.250317097766127,0.642212178195259
9102,0.0293792890078489,0.085964015957529,0.256793696845556,0.661621780164845
9103,0.0293700210915499,0.0865041531567859,0.257024193133417,0.6957357820378
9104,0.0293376004743045,0.0865110820719708,0.254072147859985,0.65891264636673
9105,0.0293377739204131,0.086334273123183,0.257974621417528,0.671011994588535
9106,0.0293556078101905,0.0861894955848408,0.258771427912939,0.675676994326388
9107,0.0293884580178308,0.0866106437773217,0.253205238531001,0.644936907202491
9108,0.0293895276748626,0.0873258368544738,0.252781574523236,0.711261697086779
9109,0.0293325658953393,0.0873798658853674,0.259303899968218,0.627453142941047
9110,0.0294828538024288,0.0874011656634115,0.255618666845646,0.662006320742235
9111,0.0293641689190843,0.0871500090182074,0.254001149501616,0.685843898360582
9112,0.0293611383697268,0.0868647255944002,0.254811032745512,0.638743634469792
9113,0.029380892335176,0.0875936972843384,0.251799345022566,0.63304673615161
9114,0.0293862317998673,0.0869369581754065,0.254793040805366,0.670722870937069
9115,0.0293915728362342,0.0862837483049056,0.255598072128467,0.717294258843327
9116,0.029379018973795,0.0864635836834556,0.2515859402607,0.601732030136352
9117,0.0294677706491984,0.0864533186583393,0.252525093121149,0.627221613597692
9118,0.029423991547636,0.087219388410108,0.250856027757459,0.676826543565966
9119,0.0293984177281119,0.0864968111689819,0.251180522940822,0.718842695196959
9120,0.0294735878911021,0.0876387423652811,0.258680856746164,0.690889693151154
9121,0.0293197004232099,0.0864043730229319,0.252060518516528,0.659568893709218
9122,0.0293434584255819,0.0865329336883889,0.252400492703359,0.652353243642252
9123,0.0294509174177479,0.0862918803697825,0.249334889879266,0.657047083874021
9124,0.0293752992817336,0.0869507531887966,0.258717163283962,0.705179513385508
9125,0.0294085933726514,0.0867636893097453,0.253828059572974,0.63065066678368
9126,0.0295334941490112,0.0865160538757746,0.24992415802622,0.638106820111183
9127,0.0294241687333119,0.0862500779634904,0.252247523011214,0.643145421539636
9128,0.0294607295515942,0.0871260046714499,0.254273462693471,0.659365770111091
9129,0.0294394072895144,0.0875559901566418,0.25778163362948,0.664602745348949
9130,0.0294259540472787,0.0869449598975879,0.254519909105505,0.676592868347173
9131,0.0294186575474791,0.0872986420727889,0.249769925318628,0.658319887139496
9132,0.0293268197555135,0.0865090997782073,0.252693302212168,0.625944450563996
9133,0.0294356838645542,0.0863559769730022,0.251507494500445,0.686487976749522
9134,0.0294752698584311,0.0871150576209147,0.253231261404096,0.645579315081212
9135,0.0293293050068597,0.0870127613276528,0.256346941798979,0.625230053839958
9136,0.0293605291989047,0.0866262268163904,0.253293162735672,0.639361335587342
9137,0.0294369087947671,0.0862280885271007,0.248342798615016,0.651010708740126
9138,0.0293745408097769,0.0867750040546082,0.26294295758046,0.637928024115993
9139,0.0294100786204698,0.0862323886362049,0.254026618527426,0.608256487677671
9140,0.0293918303407878,0.0865535938371061,0.253805729992073,0.668497252977448
9141,0.0293773035124701,0.0865334380553539,0.259258182051142,0.653269248994032
9142,0.0293305885117396,0.0860730374814932,0.259751889352018,0.672613640791983
9143,0.029494681997437,0.087331939218658,0.253344966563452,0.663582058220011
9144,0.0294197761905181,0.0875062232907594,0.250254747600181,0.628616116309382
9145,0.0294170428831885,0.0868778996224516,0.256750309610819,0.65051889826603
9146,0.0294671881685842,0.0866876668226447,0.261543255071036,0.698005614338403
9147,0.0293612084172348,0.0862225552305347,0.24793440931361,0.616966297093157
9148,0.0293659731221704,0.0872501784627262,0.253158646590983,0.659643118581564
9149,0.0294289258531959,0.0868092275411107,0.251967330343671,0.654929193571503
9150,0.0292968978307026,0.0869828817288888,0.255883453859289,0.663256024659099
9151,0.0294277393879863,0.0871202463573605,0.257145047785218,0.642696161579042
9152,0.0293458461209355,0.0864104743026194,0.253010453938714,0.679155185602957
9153,0.0293614758548786,0.0867520282619491,0.257816038260714,0.682424248208048
9154,0.0294611852002727,0.0866118345008501,0.265517307375959,0.642614213507077
9155,0.0294187172197084,0.0862621901142394,0.247332190155675,0.656471732089477
9156,0.0294331164039716,0.0868218210877443,0.254862721154976,0.68158005241108
9157,0.0293749518917255,0.0862792838665683,0.253799689256107,0.650560449759232
9158,0.0294345573381137,0.0872248447318041,0.256103362683049,0.644842654194147
9159,0.029414351473825,0.0873104381306291,0.251653126311596,0.644254709453976
9160,0.029302639804089,0.0861473329203265,0.256255161003285,0.646057383491056
9161,0.029377774072068,0.0860499190409748,0.254048527490439,0.642982696324015
9162,0.0293938892538392,0.0865608837375506,0.257980243210116,0.667788048360227
9163,0.0293760529418709,0.0862388785652965,0.254333984904576,0.666531997893903
9164,0.0294201111602745,0.0866767513858178,0.248237634169074,0.638300324068961
9165,0.0293365646737572,0.0863981166442165,0.251541196236695,0.654587271982779
9166,0.0292713914725277,0.0864790780218947,0.248163885336852,0.635820611116411
9167,0.0294167610696709,0.08653091190631,0.252813845702057,0.678056562392647
9168,0.0294132737893364,0.0867767238646776,0.259964489987784,0.697075795721426
9169,0.0293755470359735,0.0871463944130903,0.259190254245664,0.668963584961108
9170,0.0294671027637608,0.0869220857457676,0.247004300500871,0.629350506670448
9171,0.0294155654914161,0.08721625756142,0.259751245052126,0.700035767509316
9172,0.0293383191606788,0.0868550789838115,0.262215221608116,0.66455242044004
9173,0.0294397251503173,0.0864322870037747,0.25761995630186,0.652355437925982
9174,0.0294099392784902,0.086610096187585,0.255505067022032,0.643618599559975
9175,0.0294018242990146,0.0859872831888445,0.255568750969011,0.680438645418736
9176,0.0294404749442247,0.0865595734451876,0.250699336668169,0.637480469335631
9177,0.0293664140735985,0.0868508366193962,0.251675223862225,0.674438820801049
9178,0.0294672553404876,0.0871009863057795,0.257053417522291,0.633378488916728
9179,0.0294054643881546,0.0875531390112499,0.253468684098073,0.630534604050124
9180,0.0294509862297935,0.0865179893492611,0.254014286533293,0.66934180297227
9181,0.0294330420688278,0.0864603145305959,0.251506380515945,0.637393084570024
9182,0.0292764074932255,0.0860542254234847,0.248721024967889,0.688048097876823
9183,0.0293886405614373,0.0864453792771425,0.251011684343513,0.640756080308185
9184,0.0293439587029774,0.0862965689886196,0.254317129187781,0.652906912313327
9185,0.0293897677685633,0.086548210283159,0.255319765527137,0.684576341273571
9186,0.0294312597057005,0.0865553175462001,0.261765931141237,0.673070672991561
9187,0.0294194066198569,0.0868457690711408,0.254360033658815,0.642572364162222
9188,0.0293445462123116,0.0859271929505279,0.250533388847685,0.663126912018913
9189,0.0293969332106784,0.0861468036822991,0.250115313335189,0.607473713385461
9190,0.0294220901064027,0.0868119386530091,0.256281233677769,0.62132816829168
9191,0.0294524195386048,0.0867654989371117,0.261038144180037,0.674615902456594
9192,0.0294254303364371,0.0870683403749962,0.251924753841872,0.643742689580345
9193,0.0293909155032168,0.0870976674271258,0.25186235264169,0.697811877953745
9194,0.0294114769305432,0.0867416913400521,0.253333032081662,0.632424460046871
9195,0.0293202535298279,0.086684014063472,0.253421117293742,0.642167978361761
9196,0.0293842105891386,0.0856513980771628,0.248953895305156,0.671404950206321
9197,0.0294126687048597,0.0855287065782373,0.256573189574989,0.68621894050695
9198,0.0294360358802819,0.0859537814760261,0.251852016312994,0.666323099144856
9199,0.0293671237337858,0.0865793537880935,0.25402204586825,0.654020649907022
9200,0.0294126126422487,0.0864726114094026,0.253502664424229,0.664396704911896
9201,0.0294994873675082,0.0866841944030433,0.251334725186834,0.682999076336302
9202,0.0293895786523463,0.0869916456535493,0.261116104143079,0.695748229964518
9203,0.029382556404707,0.0859296088802308,0.252007118849341,0.6196564194824
9204,0.0294214831532968,0.0862178678084282,0.248542618529988,0.654214670830574
9205,0.0293589679177838,0.0864626563648513,0.248406542655651,0.66726967234523
9206,0.0293455069525019,0.0865575805589295,0.249758536892618,0.658134900494111
9207,0.0293495960871132,0.0863295771200518,0.257505797681934,0.660603656550718
9208,0.0294095411668252,0.0870146611787709,0.259040341295138,0.655043455903209
9209,0.0292959638286612,0.0863022258023943,0.254643673325067,0.687004168054596
9210,0.029350174774058,0.0864416010745774,0.258244416167605,0.679631652851821
9211,0.0294212186612044,0.0858474533875115,0.253106388368037,0.668245780003477
9212,0.0293936514469879,0.0867536891041914,0.255945015838848,0.643043523744045
9213,0.029339946570757,0.0864905888741648,0.249429394099472,0.668875186511314
9214,0.0294524806550297,0.0861912259752944,0.25705433165311,0.649045405806947
9215,0.0293896963148529,0.0865848211467813,0.255284310426867,0.655860710152652
9216,0.0293334993428059,0.0866406345152874,0.258986314487326,0.69026198736274
9217,0.0294601457729341,0.0867562027472393,0.255747545949599,0.63873638669681
9218,0.0294413302729394,0.0868943798218438,0.249958953935018,0.670333522803239
9219,0.0294627873391856,0.0869425664582297,0.250933170403573,0.659637662960397
9220,0.0293386596658916,0.0866916579477181,0.250584927599736,0.633157917948125
9221,0.0293565647969732,0.0874117387924791,0.256717463699725,0.660269313384268
9222,0.0293666800717128,0.0859029950704279,0.255317268389545,0.675235140197235
9223,0.02939605847414,0.0875675739628467,0.263137854770387,0.665473325472536
9224,0.0294158975706028,0.0864760702437555,0.252898843692953,0.659939699946712
9225,0.0294029448449102,0.0858971107169157,0.254430548037145,0.66151141105342
9226,0.0293491951550522,0.086188923468125,0.247798237743003,0.657959026285212
9227,0.0293193556447627,0.0868117700684336,0.255632572152577,0.652448779346906
9228,0.0294231563145599,0.0869843397728032,0.256329167763249,0.62935272430813
9229,0.0294322930275575,0.0861215296128775,0.260953554154558,0.647056705101098
9230,0.0293458780077959,0.0872224915996143,0.25185056997114,0.652233553714737
9231,0.0294125200562424,0.0868828235338601,0.260931537353957,0.685604279845408
9232,0.0294491673292403,0.0875058638443412,0.255651295435176,0.627634757390526
9233,0.0293655980473356,0.0873661460720292,0.251494371721236,0.6632024552597
9234,0.0293534873825248,0.0865768660019889,0.249335863134912,0.622779984410828
9235,0.0294279231917373,0.0867639670455789,0.255143627388224,0.665275230310317
9236,0.0293843715721368,0.0866778902519412,0.254047350635843,0.657264627859943
9237,0.029349196862092,0.0859230179586048,0.255156431527822,0.63986689750639
9238,0.0294421230048294,0.0866071346972831,0.259324539841568,0.67631692825449
9239,0.0294192212697935,0.0863631925659585,0.256263248235771,0.664236724053165
9240,0.0294500416049108,0.0872749633232642,0.255252769557678,0.662848881708432
9241,0.0293955642924077,0.0864453600542485,0.250147734685842,0.64726444355091
9242,0.0294079798248245,0.0870988085096872,0.257496305445906,0.677476609894787
9243,0.0294095212499406,0.0871684851150774,0.258993891497875,0.64206860277249
9244,0.0293376669921896,0.0864675503237684,0.252644692936012,0.643638759338718
9245,0.0294213480697849,0.0872279001150149,0.249368717171505,0.67118583782938
9246,0.0294296350777875,0.0867084792551111,0.255830211380568,0.65056191968097
9247,0.0294504081446142,0.0862662673161106,0.2519413049805,0.652364367690708
9248,0.029400500710606,0.0868808798844318,0.25225596664598,0.634098685534758
9249,0.0293846502150502,0.0862919742701586,0.254535981560964,0.687330412106459
9250,0.0294525129992128,0.0865164957185767,0.250924710997657,0.654373246363177
9251,0.0294105374119445,0.086471294391448,0.261050375385761,0.647486404264298
9252,0.0293676668649595,0.0864515851150387,0.253197496883366,0.691339322957881
9253,0.0293986518746535,0.0858845608072831,0.254440492233609,0.715517120225753
9254,0.0294412712188593,0.0853973705110868,0.254076091640561,0.686264393925953
9255,0.0293772246327308,0.0865307813053787,0.251957868474476,0.642038774207201
9256,0.0293463352460727,0.0864785854621259,0.253574972673979,0.680512142612906
9257,0.0293199152935101,0.0865228229614953,0.248631223446529,0.642212884365878
9258,0.0293966848919312,0.0857696106990756,0.258967784913675,0.666268560085551
9259,0.0293808560197846,0.0869510150933765,0.254577728130649,0.665458698397064
9260,0.0294580154444959,0.0863099788574532,0.245525462650146,0.628793532808278
9261,0.0293601257344391,0.0872295567243134,0.258824533164411,0.622802200530973
9262,0.0293429776786668,0.0867626614941344,0.255581356394428,0.650591171529978
9263,0.0293590513824542,0.086307023179211,0.255121510442213,0.656647599274726
9264,0.0293782525035358,0.0870260181998927,0.259252276856202,0.664748202995162
9265,0.0294449461323056,0.0867782324994915,0.25064674273761,0.62984391683132
9266,0.0294173906743854,0.0867777301536253,0.260371753954218,0.643212339085672
9267,0.0293863683095255,0.086187683797376,0.252396724617051,0.632798110163688
9268,0.0293436329204678,0.0864710472926513,0.257722993323699,0.671229918460845
9269,0.0293815435047245,0.0873763643061694,0.255114423782303,0.662054251003297
9270,0.029392024104946,0.0867541256806446,0.257136239183893,0.634018077250524
9271,0.029436043475646,0.0861081154516654,0.254881856430059,0.664373414616133
9272,0.0294028055786953,0.0862843908327168,0.247560124873678,0.594013018743146
9273,0.0293714733326241,0.0867706614067191,0.256895284846065,0.628526687284019
9274,0.0292472236311708,0.0868076689578228,0.257313697386874,0.700476023937037
9275,0.0295012359312521,0.087032191319496,0.24863932050518,0.665209063247919
9276,0.0293443105405161,0.0861151937499255,0.252311023914909,0.648942887717185
9277,0.0293928183927912,0.0867555365691404,0.2543825277767,0.649174383408232
9278,0.0293943790268378,0.0863026798489008,0.256270412413378,0.66832429559827
9279,0.0293188052192538,0.0871343054731633,0.258101098117735,0.635833886318041
9280,0.0293312904270733,0.0870220584019645,0.25810732481221,0.687348864332421
9281,0.0293608462173332,0.086568361044173,0.259725137808,0.66540266914307
9282,0.029374301593321,0.0861726873201912,0.259223041463112,0.694082337868655
9283,0.0294032752690827,0.0863547679619111,0.252748777223835,0.678800626151232
9284,0.0293742594556399,0.0867857048904744,0.2533336371135,0.639727176643188
9285,0.0294324744487615,0.0864234312227012,0.260015231894142,0.70080014051554
9286,0.029508509956607,0.0868807742713624,0.249076102467494,0.605483198979091
9287,0.0294073936765304,0.0867131589431225,0.253830724676831,0.64505786426489
9288,0.0293429835903383,0.0869985374379553,0.260238038287359,0.643978376174155
9289,0.0293588402970919,0.0862405279929207,0.253030799396898,0.626517045243473
9290,0.0293389103944668,0.0870031781126003,0.250092917508917,0.667826082056946
9291,0.0294200517219403,0.0868725089071776,0.260434381567957,0.639485626256631
9292,0.0294832526728032,0.087939628423766,0.257102101746227,0.646102536657962
9293,0.0294402647092809,0.0871729885062003,0.256225866090602,0.632677798718678
9294,0.0294923819712466,0.086597006891838,0.258602764190706,0.667834109321354
9295,0.0294376599144689,0.0864272801030412,0.246585899495432,0.719165877494962
9296,0.029419877044718,0.0861707822125606,0.252928796049235,0.659683932939304
9297,0.0292857554407109,0.0870018431827569,0.254801705275709,0.688198027258469
9298,0.0294018834235944,0.0860761747036971,0.255371572706665,0.659690216612119
9299,0.029379496876446,0.0870383014849959,0.256920659090005,0.668266532533852
9300,0.0293918039663852,0.0870615221172702,0.259720640217142,0.650046403828571
9301,0.0292656647570062,0.0862124105193607,0.25587631384353,0.704509459401539
9302,0.0292922125639587,0.0867249250897395,0.253232244451249,0.674577128059402
9303,0.0293873238275607,0.0868874428378832,0.25447020936117,0.6898758603024
9304,0.0294682167609592,0.0863524015795182,0.258232248565254,0.664077213914161
9305,0.0293231426928696,0.0865549196932864,0.252342085907385,0.618900763687942
9306,0.0294620852671433,0.0874790375951511,0.251331761260619,0.646388208314307
9307,0.0292872639465797,0.0857375771892526,0.25084068860584,0.666320730479354
9308,0.0294953366596052,0.0872034087268528,0.253008872528127,0.684130865710043
9309,0.0293747980708132,0.0863760940375615,0.254337737655101,0.662181327076084
9310,0.0293834203058522,0.0869101185898962,0.256019352736805,0.631524438582859
9311,0.0293737618625626,0.0871800334990316,0.255952100875409,0.634167735799069
9312,0.0293869234112646,0.0865921776948752,0.247532020873958,0.63229248962695
9313,0.029461204814207,0.0875958764828749,0.257750166461364,0.683169601928685
9314,0.0294470099431758,0.0874798117969269,0.255647341485888,0.681090608088838
9315,0.029321558430935,0.0863280593619791,0.253557102021018,0.645898413693932
9316,0.0294320752305215,0.0865151232313876,0.249766844430932,0.661932591304913
9317,0.0293546496462453,0.086422972127503,0.253382222659082,0.695825363436883
9318,0.0293727308719685,0.08617180661617,0.251616288359517,0.614136024178781
9319,0.0293379941170177,0.085909258070831,0.252511092927736,0.628641345262754
9320,0.0293710774401676,0.0873523048712448,0.245725071343648,0.625906999053615
9321,0.0293735134746813,0.0866965006712528,0.254845108506513,0.617234506743555
9322,0.0293842301618081,0.0871131929966369,0.254985369434948,0.643063567002684
9323,0.029369859480157,0.0864221586196941,0.252721623516457,0.643622426918339
9324,0.029306305891878,0.0862142673920786,0.247797252884652,0.662363562727854
9325,0.0293955097644118,0.0862687416929964,0.263128971653069,0.659517049494131
9326,0.0295168037564133,0.0869201518710458,0.254895405927461,0.65722752778818
9327,0.0294204503668179,0.0866273399703842,0.249534042532533,0.656457733337085
9328,0.0293570682258157,0.0864788030370577,0.249838921833838,0.618662291751669
9329,0.0294097579266816,0.0870935720474335,0.250972023342437,0.71707074659004
9330,0.0293518930942229,0.0870373666895283,0.247996582892908,0.653278348496202
9331,0.0294567102791945,0.0869553438790587,0.254187065629429,0.647057408940559
9332,0.0294578827907874,0.0873777114665084,0.259988079585879,0.663510634544213
9333,0.0293460286534165,0.0869136497448377,0.249722104958306,0.629666999426714
9334,0.0293951586325137,0.086167774762039,0.254468646632479,0.61776377173616
9335,0.0293996862309095,0.0870759426412874,0.250454615075625,0.67726412645792
9336,0.0293683170538048,0.086145574931168,0.262609940406561,0.675648257848553
9337,0.0293713037245273,0.0864803308122351,0.253420533750602,0.68300079014023
9338,0.029351893794061,0.086406664920714,0.253444991215571,0.633825848426858
9339,0.029429654163242,0.0876221058997369,0.261548647478193,0.665614195387727
9340,0.0293652748634022,0.0865241690153008,0.24811666035647,0.686270188949964
9341,0.0293603354682927,0.0870518857612807,0.255403643207578,0.696829767593995
9342,0.0294012583322763,0.0866396778628533,0.25421331967131,0.661343731836168
9343,0.0293824525960983,0.0872859272013367,0.255785636584152,0.65493319887755
9344,0.0294714018158841,0.0863006226279387,0.252399945361556,0.63369234945208
9345,0.0293656427489389,0.0859572213828134,0.253568057057304,0.637864510124804
9346,0.0294681585779325,0.0870800625439027,0.251774951187111,0.682513274914028
9347,0.0295021081634173,0.08623211148079,0.259922889251659,0.681541384499568
9348,0.0293578731137779,0.0858848452208426,0.255934749421011,0.651293710471695
9349,0.0293742931907804,0.0863351477468918,0.253816275782684,0.649976281047986
9350,0.0293715763790134,0.0867128012731264,0.255617861877861,0.678146727448004
9351,0.0293754296332319,0.0869450131037302,0.258562035935186,0.649359030226316
9352,0.0294767473216275,0.0873838034090438,0.253854968946335,0.649815028592531
9353,0.0294330702912379,0.0867210436451801,0.258790338431078,0.683768351274096
9354,0.0293093383227568,0.0862995183486857,0.247219617280592,0.675163209954104
9355,0.0293978917063816,0.0870311135339571,0.254055527172815,0.642777755461685
9356,0.0293321327196506,0.0864351824013458,0.255648571736529,0.643157533632804
9357,0.0294456602209202,0.0864674552652094,0.258199240855168,0.643043245697483
9358,0.0294477043626883,0.0865446767510488,0.252129530357379,0.638686124935887
9359,0.0293403978771443,0.0866940243556031,0.259341865161356,0.642466398784454
9360,0.0294150382170226,0.086903516199078,0.250394524101036,0.654400037096524
9361,0.0293999598175959,0.0861700635763294,0.253784216031164,0.641383706533224
9362,0.0294151826880432,0.0869807264081924,0.250234325190707,0.628570029103917
9363,0.0293969908781902,0.0868159379243823,0.259065610186793,0.632583323973081
9364,0.0294161031347254,0.086094371975354,0.252692267433131,0.632537054046568
9365,0.0294645231193645,0.0866217449999118,0.25326731842515,0.635787671766213
9366,0.0294238472354197,0.0869047703441211,0.252908572046615,0.644667981784628
9367,0.0292730183358568,0.0866439450451944,0.255067630332544,0.66682159364099
9368,0.0294834118851522,0.0873161654207463,0.259091844779473,0.657220463602616
9369,0.0294534455914948,0.0863337318313738,0.252490172555873,0.669180122229201
9370,0.0293923142957006,0.0861915294975689,0.247833906514236,0.660827571599254
9371,0.0293815688227097,0.0864486495556228,0.253096705392881,0.680062816277403
9372,0.0294408120720785,0.0864943816263746,0.25457735840722,0.66511645681219
9373,0.0294769689894576,0.08708169056943,0.256696949302024,0.636306537093133
9374,0.0294210555552663,0.0868258151574228,0.25432195535544,0.644967574838544
9375,0.0294038315635936,0.0872753026286634,0.256639886043793,0.646953205809812
9376,0.0294523779379935,0.0865282582164313,0.253186401090586,0.641015170260506
9377,0.0293943714808741,0.0865656842295944,0.253634183613166,0.685204438114479
9378,0.0292906065600063,0.0867556455116247,0.254492720723578,0.667456935969006
9379,0.0294466977783585,0.0858269496576058,0.251386218222877,0.649027122566991
9380,0.0294127917197157,0.0871324489999357,0.252796621302345,0.646974440307391
9381,0.0293858890576243,0.0858835314552496,0.251911934031928,0.670037655164741
9382,0.0294578591835782,0.0867398894969629,0.26402825433849,0.65497631050221
9383,0.0294032899932272,0.0868777883775886,0.257211005811491,0.659253746621479
9384,0.0294108833888555,0.0859476930351946,0.251560404577063,0.662773526212637
9385,0.0293787665592975,0.0866777906036644,0.251300594313307,0.63265156247779
9386,0.029353586400465,0.0859069450276126,0.25441227001989,0.641455719320122
9387,0.0294477140826886,0.0869802652033145,0.256506143611315,0.687469949253352
9388,0.0294112115324141,0.0872804257437106,0.254460828499927,0.652722585695889
9389,0.0294312329267828,0.0870947810614974,0.255573594020975,0.659274078527796
9390,0.0293681899565528,0.0869554051299357,0.248515221390097,0.676561048531899
9391,0.0293777142924056,0.0869633157113059,0.251008905241519,0.667429648353717
9392,0.0293987694902171,0.0868518657227743,0.256173087719409,0.665502222660246
9393,0.0293593203125512,0.0867125247077088,0.250908055674142,0.628901236059232
9394,0.0294190260381785,0.0862696928547661,0.261416278182178,0.667977282405604
9395,0.0293765421800579,0.0868206832246571,0.253959063106553,0.666565723171267
9396,0.029426927362455,0.086703833883157,0.256148111669954,0.674177705394886
9397,0.0294096018711215,0.086787980114399,0.252441278863359,0.675794249371363
9398,0.0293419742715751,0.0868041871008537,0.255407803581943,0.638035188883431
9399,0.0293471213397811,0.0865636548748431,0.252188854545039,0.611206118039016
9400,0.0293389191390336,0.0862924254763354,0.253406294689018,0.665595609286519
9401,0.0294440401511441,0.0870002876555126,0.255444489278483,0.623711419914583
9402,0.0294830282605941,0.0868759794214062,0.254140643978496,0.632650807375959
9403,0.029335095087267,0.0858397117553736,0.25558297379905,0.657987000311961
9404,0.029453602904633,0.0867351261069056,0.252786927825635,0.634687840484841
9405,0.0294963462037488,0.0875338357173829,0.257709434964452,0.679429398220797
9406,0.0293850365072116,0.0870558599371796,0.257629874850612,0.66248533414996
9407,0.0294065436727684,0.0862597395331947,0.250613599531572,0.690274902216395
9408,0.029401276218927,0.0863730055263238,0.248546549847286,0.680727446645107
9409,0.029445958562815,0.0865684159919165,0.251238006327033,0.69648149246124
9410,0.0293443026662401,0.0866505864060358,0.255236871809584,0.641015784383763
9411,0.0294412142807612,0.0866110212227766,0.254304229894337,0.640293685784647
9412,0.0295162425581774,0.0864243987965938,0.251064882433899,0.690820753939759
9413,0.0293315264183492,0.0867283766982265,0.252922422657349,0.63243728408987
9414,0.0294024543551895,0.0864171354416372,0.262431633769891,0.628441869163379
9415,0.0292980847899059,0.0869886984492793,0.261176702678381,0.711874777181587
9416,0.0293910534222537,0.0867815803873218,0.255076033670776,0.650951600525924
9417,0.0294475615370864,0.0861019879818936,0.252903703768281,0.657511543242851
9418,0.0293706422352776,0.0867581331115016,0.258767586565973,0.655567889223517
9419,0.0294011150331277,0.0864801255709118,0.251516769545421,0.641639750561367
9420,0.0292552826687741,0.0860630507578845,0.251591295673633,0.641091027304035
9421,0.0292973314371984,0.0859710069584788,0.248480220044908,0.646028843241249
9422,0.0293604630456505,0.0869056444348013,0.257629063889549,0.705835981220902
9423,0.0293418207089663,0.0855574329865806,0.250589083108091,0.677783355717721
9424,0.0293500598878056,0.0864017377669519,0.251217609661634,0.676996160835713
9425,0.029367649436524,0.0870315223669328,0.257459026490769,0.658533250397856
9426,0.0293825245291706,0.0869292946975319,0.251882854948609,0.661049456575616
9427,0.0293316915112561,0.0868934514231679,0.252721504134338,0.66464951408768
9428,0.0293516565527493,0.0865497684978517,0.249284939951885,0.668536611320027
9429,0.0294288747734829,0.0860058856170045,0.250408609354886,0.661117309163982
9430,0.0294347471540103,0.086846535462063,0.252644160257335,0.662020311220277
9431,0.0293578388025433,0.086763656996793,0.25377881059104,0.671345460614477
9432,0.0294604265767494,0.0868853686726134,0.250155124681929,0.657929658412713
9433,0.0293639421758602,0.0864720213576989,0.255328684673331,0.636482958084412
9434,0.0293668238204865,0.086719758798188,0.255395300951262,0.639922351336278
9435,0.0293170960220315,0.0862010485833766,0.250997693656779,0.661527250759679
9436,0.0293865935209968,0.0878786628850393,0.257946066455112,0.666531049817317
9437,0.0294218743153001,0.0862452204529743,0.257483599487634,0.659833101036216
9438,0.0294530584252234,0.0869755164670145,0.24843435090212,0.647715060707631
9439,0.029423382902243,0.0865425224938746,0.255141744246388,0.651291058836862
9440,0.029334909830219,0.0863960295200736,0.256372923518391,0.650342944055956
9441,0.0294116702272741,0.086122542046408,0.25281204137247,0.629726276016704
9442,0.0294862567163138,0.0862413399973426,0.252745415939387,0.648250975040505
9443,0.0293199485663701,0.0867827134149984,0.259962560843667,0.677242792542434
9444,0.0293281628942603,0.0857016282419905,0.253096102862528,0.654723471741198
9445,0.0294831313004082,0.0867256111075442,0.250658339607549,0.652392384524636
9446,0.029481758200245,0.0866173902467555,0.252104654926449,0.679393454897762
9447,0.0294161356362978,0.0877891273090205,0.255725910676343,0.671587169163788
9448,0.0294075773139787,0.0861895970903103,0.258302483054749,0.640175817642673
9449,0.029477291139471,0.0865532332740671,0.257132464350827,0.693102061130167
9450,0.0294698514610363,0.0864198757800604,0.258098520725307,0.65398707663759
9451,0.0293614523172749,0.0875219865878195,0.261257312173744,0.671065260692214
9452,0.0293174947830158,0.0869037192906848,0.253830474278667,0.630832419441864
9453,0.0293801700745848,0.0872997527461333,0.251475583084212,0.641117849003946
9454,0.0294152983911818,0.0856976110402988,0.259027389350135,0.652784572565095
9455,0.0294359749391259,0.0867797734308558,0.255053629705997,0.664946878057595
9456,0.0293120421265238,0.0858420938095105,0.25198879604256,0.671011776332351
9457,0.0294453184000184,0.0863119289520331,0.250539124007536,0.667504944643637
9458,0.0293217708024215,0.0872546852997447,0.252259374652645,0.6078340402959
9459,0.0294739465515898,0.0866005952156199,0.256867775016804,0.67869524075358
9460,0.0293777897305273,0.0875159553516785,0.255510096016428,0.709238206096839
9461,0.0294267926471764,0.0864105566903273,0.255374897873062,0.640806359933295
9462,0.0293543392248431,0.0852252781614063,0.250782473161401,0.642197515537646
9463,0.0292889073393268,0.0863168927691717,0.253230584518138,0.63132261090072
9464,0.0293722168321606,0.0869175171297377,0.258217081195559,0.638505108833493
9465,0.0293279380355106,0.0865294985661248,0.253814167322216,0.69433170388791
9466,0.029405865435422,0.0863307673981446,0.259821824639814,0.656836968353427
9467,0.0293879893139199,0.0866429072414627,0.250828913945768,0.66599946179588
9468,0.0293833245104796,0.0859051567985476,0.251264831771995,0.672420747109096
9469,0.0294110386229818,0.0874041384108695,0.26133593461165,0.652619604800526
9470,0.029380839518845,0.086420649871144,0.256403891268223,0.699857419684117
9471,0.0293169128887198,0.0860866375243369,0.252386564252652,0.655208266666843
9472,0.0294177857855732,0.0868415265610351,0.258757723616305,0.688545343034633
9473,0.0293966704058717,0.0869898672543374,0.253255453312754,0.631704263675809
9474,0.029449137221705,0.086798035725534,0.257462266097116,0.661660931864445
9475,0.0293197468168041,0.0856975873719308,0.255385250087454,0.639516700514849
9476,0.0294785505029662,0.0859894381697439,0.250870446765298,0.684933830730289
9477,0.0294873600599278,0.0865301133271768,0.257159584563424,0.637217641075653
9478,0.029474176800865,0.0866319577536538,0.248656270299158,0.629031821486768
9479,0.0294512626918786,0.0872273584538755,0.261147459570332,0.665227408533703
9480,0.0293616289159512,0.0862438421988463,0.249794211793603,0.665793453797392
9481,0.0293193124709224,0.0859625825747975,0.249291538332706,0.682746284506497
9482,0.029390904892744,0.0867819144125224,0.254095813561951,0.690100058026716
9483,0.0294841593780809,0.087473258216081,0.256942953232329,0.68438656979864
9484,0.0294015536871275,0.0871697386524634,0.255675727528176,0.659265394926178
9485,0.0293896682941097,0.0867814983676521,0.256816612952866,0.650795582326308
9486,0.0294544181707197,0.0873218833452262,0.255287498615239,0.645654122982421
9487,0.0293491886243396,0.0855539702147811,0.248978599507276,0.677058978488577
9488,0.0294295625449219,0.0870624916878448,0.253423744915614,0.665145054327248
9489,0.0293260974540697,0.0870040905139519,0.253068231784868,0.631687388306251
9490,0.0293856998332106,0.0870219527797703,0.254282346565573,0.637777543736979
9491,0.0295128080103989,0.0865074852458548,0.255318126322292,0.707262989208642
9492,0.0294320689028227,0.0871618246343366,0.261898748869429,0.666866446048382
9493,0.0294547697031699,0.0867056702640187,0.253540398268197,0.66075020986399
9494,0.0294314674612915,0.0869428265673775,0.248171601048772,0.674530837102264
9495,0.0294853413318234,0.0866643902592627,0.252403385265082,0.640415629600682
9496,0.0293681742460139,0.0867861897490825,0.253676177493771,0.663553730837397
9497,0.0294267571614715,0.0876511363872157,0.25739271129498,0.636085280882731
9498,0.0293817159318726,0.08606145096174,0.246930196267484,0.635024006204825
9499,0.0293592403592161,0.0865924772976451,0.251528088460397,0.70108447436176
9500,0.0293176421628552,0.0862012187648726,0.25603168093071,0.656624131179208
9501,0.0293814130675858,0.086938698051077,0.261549860476345,0.692324657219603
9502,0.0294320719647783,0.0866884075129316,0.25819032936378,0.640631441582051
9503,0.0294044866325873,0.0872506783680306,0.249219267528854,0.668752791891979
9504,0.0294699108579674,0.0874303452852529,0.250609826973663,0.645701370925201
9505,0.0294507690923716,0.086206121380874,0.24924155652164,0.660303219728113
9506,0.0293666632884483,0.0874883799035075,0.257234940805006,0.686806693571868
9507,0.0294071876710249,0.086907752147746,0.254358261705346,0.64180138855201
9508,0.0293975734502718,0.0867929781108193,0.251808840715371,0.658428933958424
9509,0.0293533669447542,0.0864050889898804,0.259824783184015,0.63437985315776
9510,0.0294126386282135,0.087152575186713,0.254016809168067,0.651355211490463
9511,0.0294476559962977,0.0866959346056636,0.25478115815393,0.645718579717085
9512,0.0293770859043849,0.0860249433735018,0.258904314063211,0.67717486100573
9513,0.0293742375777199,0.0869115268877023,0.253836393871272,0.649364263698699
9514,0.0293546218301378,0.0864209287336166,0.253239725070564,0.66288869720633
9515,0.0293871328142483,0.0871629356047786,0.253213943327016,0.708358049230507
9516,0.0294312026890728,0.0876652507537485,0.256308708367061,0.649559427567128
9517,0.0294363812048921,0.086821626179222,0.250678737547277,0.629456715620755
9518,0.0293471882647767,0.0863261713300516,0.256653660165511,0.685416783068373
9519,0.0293214360108922,0.0866392041178843,0.252078316138042,0.675563540895201
9520,0.0294182747300956,0.0873914260774611,0.25842728725284,0.709753490122488
9521,0.0294588426862627,0.0872242380266834,0.255413292319708,0.649263913394689
9522,0.0293469643054713,0.0858392631055623,0.254063968082945,0.643572356338072
9523,0.0294144993066375,0.0870403284583558,0.252986754495373,0.650781313760523
9524,0.0293619950481532,0.0858811434925872,0.249880242215475,0.623121673489862
9525,0.0294549884206751,0.0870000085876962,0.260027528745696,0.662522193001041
9526,0.0293723739704805,0.0867617626468156,0.252561151539858,0.68321918934128
9527,0.0293281474058797,0.0860514221589988,0.248594742599146,0.694022161889308
9528,0.0293432975001956,0.0866041465015042,0.250585200553801,0.682858339911087
9529,0.0292803577934837,0.086792916055426,0.250959986123249,0.66487387701626
9530,0.0295043593647399,0.0868745508694121,0.257816736190913,0.648711611811059
9531,0.0294439536389981,0.0869465512218408,0.248685342787831,0.646900063018402
9532,0.0293189910661276,0.0864537687677346,0.259196890888573,0.660608907132179
9533,0.0294537153116378,0.0865844180113317,0.250847826855349,0.657697868678975
9534,0.0293633942629445,0.0874442273925644,0.256403672223415,0.660654844650751
9535,0.0294040146805266,0.0873657000380185,0.249001424962007,0.665298149762366
9536,0.0293970227678019,0.0864153822419914,0.250774269898352,0.659272721677759
9537,0.0293510377663728,0.086727743086185,0.258925398045395,0.68450345348392
9538,0.0293304343561939,0.0861139127830319,0.251835570208037,0.673338936803816
9539,0.0293230397475908,0.0868700784250748,0.257914820474773,0.646605982965278
9540,0.0293908791536653,0.0871207398482602,0.257024937163532,0.672632106680978
9541,0.0293822849669011,0.086629807293414,0.253750325957845,0.668742324623094
9542,0.0293894935780961,0.0871252379422205,0.255705148823682,0.638322576760946
9543,0.0294404630813823,0.0869321881485429,0.252291701194947,0.643847362255044
9544,0.0294476157238608,0.0863464935860735,0.255819666840673,0.63730104392061
9545,0.0293901323133215,0.0870909863570936,0.25470221685918,0.648207127550087
9546,0.0293136176579718,0.0867139481753751,0.257393558563189,0.682757826161126
9547,0.0293562389320657,0.0861106816843746,0.249327135126605,0.645159298523261
9548,0.0293605125018816,0.0867959626566719,0.251508567144484,0.647251820246063
9549,0.0293216937991283,0.0859624717272645,0.250115103203217,0.654431611842898
9550,0.0293775808836611,0.0865993036699441,0.255946771550028,0.637561733832681
9551,0.0293244508251812,0.086497779287016,0.249109936592982,0.673103874726379
9552,0.0293424758700683,0.0862142153411559,0.256025466966776,0.683122725519863
9553,0.0294202692875607,0.0868285794959305,0.25106974067629,0.633940113444212
9554,0.0293595838976587,0.0864425039841028,0.248011356550205,0.647797890709121
9555,0.029375239655885,0.0862735240864522,0.259776198485722,0.669393287942225
9556,0.0294046057595643,0.0860892596612301,0.255790236072792,0.653041086599267
9557,0.0294066136999134,0.0858184145737601,0.250416594315992,0.64227060810116
9558,0.0294619514299827,0.0868220385002318,0.253003068539584,0.622449552735803
9559,0.0294219211834661,0.0871597114708972,0.250306948916072,0.644866140042754
9560,0.0293552346389222,0.0871611786119707,0.257117499338855,0.669587188456123
9561,0.0294644122657832,0.087489409051062,0.258818354127794,0.659736002560753
9562,0.0293734332406758,0.0872740052611891,0.257928749670534,0.65580427673491
9563,0.0294638455116308,0.0866230696344708,0.259126205359097,0.64443338356621
9564,0.029449195024606,0.0877868192939399,0.26121744720885,0.690491271001312
9565,0.0294367049828582,0.086905765018086,0.253807798942283,0.670491433262718
9566,0.0293450502163548,0.0851659504094277,0.248961254584483,0.642542094046691
9567,0.0293756337438798,0.0870741604183998,0.250732837884444,0.659918682071187
9568,0.0293743148409949,0.0871339938701411,0.258032388594321,0.714531061973811
9569,0.0293915785507465,0.0865889406958977,0.25828821181205,0.679841255660201
9570,0.0292931321659418,0.0859186046584464,0.255979602265623,0.650905803028073
9571,0.0294582972190136,0.0868104747163781,0.253597235857516,0.61381199805213
9572,0.0294249056419539,0.0869538192441458,0.254182363542902,0.680264369039164
9573,0.0294340681420456,0.0866939952028679,0.255165448541966,0.673983831606214
9574,0.0294581850454821,0.087041759662537,0.25130090089817,0.691776001375535
9575,0.0294488155640476,0.0868991451971096,0.253375649238802,0.624256973075052
9576,0.0294007581888187,0.0862728379367669,0.253000854718574,0.660014103747712
9577,0.0293830833070529,0.0866476535743644,0.248256449741736,0.612657733783459
9578,0.0294094792815898,0.0873791781934758,0.26005482152381,0.635117532492736
9579,0.029435106790452,0.0866491761513394,0.254009024635118,0.682787771336317
9580,0.0293176862801136,0.0862569726969399,0.247820343076236,0.6492043235284
9581,0.0294330500113244,0.086676523668707,0.2549027796417,0.671038329251956
9582,0.0292804576462902,0.0863489947584432,0.254711448853394,0.701177161450543
9583,0.0293896090584925,0.0869241949479916,0.256939681722693,0.683107401250556
9584,0.029375320917591,0.0869431001910957,0.257094497951183,0.66447089291507
9585,0.0294490914154732,0.0870548389638443,0.253311954185256,0.653082051628274
9586,0.0294248880840293,0.0868197029201697,0.247283059734205,0.655338068567888
9587,0.0294078045483588,0.086922844529988,0.250975022194378,0.639912618172382
9588,0.0294406146866434,0.0859927261112798,0.248273853495649,0.607510400065813
9589,0.0293412284249612,0.0867406228932264,0.252462705946962,0.64794114765899
9590,0.0294051524483547,0.0870471922225252,0.249772545755792,0.637007958406575
9591,0.0293574057965313,0.0871593709201618,0.260732536603929,0.71006978133543
9592,0.029374809023471,0.0866302425071169,0.262524899542392,0.69120823427709
9593,0.0293592648140619,0.0864670298104264,0.257722106504113,0.652638939338316
9594,0.029345401640939,0.0869205299293083,0.256378789630561,0.666518425863077
9595,0.0293357461757472,0.0860631504615027,0.255030709657223,0.650237791889015
9596,0.0294288999081192,0.0860710930041101,0.255154551325195,0.656331515580376
9597,0.0293382584122992,0.0869286119659707,0.256101511687634,0.664100189796265
9598,0.0294083295746528,0.0866095518731007,0.253867892219886,0.654476187225468
9599,0.0293061336906882,0.0861919052923661,0.254264795300684,0.67593529556269
9600,0.0292777832793371,0.0870098653004736,0.257918392503641,0.663245926021585
9601,0.0294377676112425,0.0862640046656391,0.251528473804383,0.654006214751865
9602,0.0292691897456656,0.0857291835147241,0.246130782229537,0.625171224449112
9603,0.0294471244378074,0.0868025061048158,0.253203897967056,0.639714504605351
9604,0.029288981291386,0.0863200871665407,0.255215660055584,0.643730478295996
9605,0.0294892509348948,0.0868177719692651,0.252890746837406,0.646754805828833
9606,0.0293629622205543,0.0865893520839677,0.256308180469877,0.647643065946865
9607,0.029485435189731,0.086720812775755,0.248155964306992,0.635480633812363
9608,0.0293003865185885,0.086333034889055,0.249587814869727,0.630090995917354
9609,0.0294065272156023,0.0867620992454087,0.249601975185143,0.661223217891205
9610,0.029467219092324,0.0867361866889916,0.257644955745868,0.679304494280224
9611,0.0293309007440706,0.0864106015582866,0.251827661723335,0.653158766794798
9612,0.0295298549474246,0.0869005130135323,0.250141439006677,0.619721038236815
9613,0.0293299877104614,0.0860292284830725,0.250419496386404,0.667019347078476
9614,0.0293197380717009,0.0866554124323024,0.253231773321068,0.66283779062748
9615,0.0294285843193033,0.0874903665023364,0.25809305032507,0.681841397978971
9616,0.0293801172214649,0.0866850289727873,0.255851861735016,0.694199372287627
9617,0.029420750398277,0.0867162895387553,0.254697278020447,0.677561644540348
9618,0.0294784525338642,0.0865633143779814,0.254291875448018,0.640731936185992
9619,0.0293862871845806,0.0868971959974747,0.262842517233124,0.666811754054479
9620,0.029393700557768,0.0871230093924481,0.255300438679692,0.660746828080056
9621,0.0292943104906769,0.0859301521846856,0.2451707379846,0.690577609861161
9622,0.0293679499542601,0.0871943443797602,0.250708732223894,0.664118080569443
9623,0.0293249491352211,0.0857293118342072,0.250987911768134,0.716502539241415
9624,0.0294176097817383,0.0859785935493551,0.256019834017295,0.663451649203744
9625,0.0294709864343211,0.0872001617076568,0.250319891791294,0.671043792590966
9626,0.0294226734450664,0.086438892428284,0.251700221033661,0.686552766172242
9627,0.0294355872455722,0.0869474824148698,0.250473577712167,0.648076862636316
9628,0.0293883055317479,0.0867246495948533,0.255426644313167,0.666214432675592
9629,0.0293733869974745,0.0867426705708903,0.25688685243343,0.66951744709669
9630,0.0294000810104979,0.0868814635523644,0.252070963718827,0.626482657406108
9631,0.0293708676205088,0.086367881358345,0.249994361885751,0.677275356879365
9632,0.0292975039790913,0.0862739714189205,0.24953137947688,0.637018479504491
9633,0.0294294721050677,0.0879376311583848,0.25630028973722,0.669547183687591
9634,0.0292719118195658,0.08594347535984,0.252154400771976,0.659879194333196
9635,0.0293461044483257,0.0867261866115196,0.257943742859961,0.664073797624179
9636,0.0294169803249469,0.0870598528266718,0.25362409182749,0.668154450803431
9637,0.0295136635322494,0.0871137687020421,0.25407451918631,0.681865457379068
9638,0.0293226473179125,0.0863897060833615,0.255775184325834,0.666453682683981
9639,0.0293658266475037,0.0866268378711488,0.254786536905333,0.64141067531426
9640,0.0293551983708033,0.0866461041471169,0.252223038691237,0.710415530697252
9641,0.0294101512703105,0.0875518733355821,0.253612432252531,0.707617446622272
9642,0.0294980936325691,0.0864597724735598,0.259329687862051,0.669742126688259
9643,0.0293738918325754,0.0866738223241614,0.257214207898838,0.687764251901125
9644,0.0293742433122178,0.0864025927787262,0.250562145116652,0.657103741801404
9645,0.0295012898396343,0.0863473237066915,0.254915050913571,0.688959229273991
9646,0.0293780232355022,0.0864803616917816,0.248874940493791,0.638454565441438
9647,0.0294679283716527,0.0866090101738153,0.255685178238268,0.6464602835908
9648,0.0294721692280827,0.0865632196821862,0.257189993825372,0.684876215672085
9649,0.0293355934268958,0.0864363694338517,0.256804830281479,0.685166941754871
9650,0.029354867264244,0.087290576430498,0.250528256026914,0.638499683872774
9651,0.0293416540471693,0.0868488142693666,0.252742765642251,0.653233005495407
9652,0.0294141354482767,0.0861356953272013,0.252954930492736,0.694400930226803
9653,0.0294099316815141,0.0859973405061823,0.255596124025406,0.664862361832564
9654,0.0294159288762332,0.0873766548380674,0.256854556672972,0.655121752592029
9655,0.0294464883425501,0.0860565891879557,0.252556285842642,0.64697491146872
9656,0.0294468504678216,0.0865679432802511,0.256931194223668,0.652856314885998
9657,0.0293793546724521,0.086873836107313,0.251434232769874,0.646754988040409
9658,0.02941344718853,0.0864742753548946,0.256349133051028,0.677744588230343
9659,0.0294077532731113,0.0863895571181078,0.256473196770184,0.663616529347624
9660,0.0294539173077949,0.0866618231807742,0.254575465216816,0.692934160056508
9661,0.029431171411362,0.0862971575684242,0.256211202374448,0.633669040589419
9662,0.0294392919919173,0.0870008816977211,0.255020551617228,0.66490136625089
9663,0.0294158820502211,0.0872167114955888,0.252472488939646,0.651901029682572
9664,0.0294338112419805,0.0872662185513485,0.259655952805563,0.644519702507087
9665,0.0293070772448245,0.0863556414400603,0.251385681038834,0.663383471105783
9666,0.0294163717061882,0.0869990540987564,0.25764200616462,0.664463014027628
9667,0.0293650865079495,0.0865348218624415,0.255572836011513,0.660855980003924
9668,0.0294349027325744,0.0872112085448802,0.256513674368359,0.685082857084255
9669,0.0293313913617559,0.0870588631500684,0.257054109364303,0.67987327831633
9670,0.0293800911771988,0.0861808313168075,0.25651455611793,0.688183826157151
9671,0.0294148041320711,0.0876972689829629,0.259296164089807,0.679013531171459
9672,0.0293857920853718,0.0857880354008169,0.249541334014068,0.682068814269856
9673,0.0294062264325585,0.0863317381147089,0.248908489487085,0.67974463648635
9674,0.0293382404313706,0.0861033514479387,0.244762765696721,0.694751441888143
9675,0.0294113243492764,0.0863378253812444,0.255059068071554,0.625739577785498
9676,0.0294134864966278,0.0867944861745079,0.259535549064832,0.711828934681761
9677,0.0294161078272019,0.0860044330121579,0.250711178683018,0.620091995401081
9678,0.0293668601702339,0.0870262715471666,0.252562549066272,0.674179063117352
9679,0.0294147663850996,0.0867557857041608,0.255485136978889,0.621236509033838
9680,0.0293223654127171,0.0859521611573174,0.255162633523961,0.648074429892819
9681,0.029374301331735,0.0866415361091231,0.255637962233982,0.665233073743285
9682,0.0293592762715838,0.0869959888686695,0.256550520837846,0.688351145193941
9683,0.0293454001869368,0.0863923647847929,0.256769369123564,0.6641841820339
9684,0.0293854442919355,0.086113728840784,0.249727001548803,0.655516364085418
9685,0.0294254075281625,0.0871439920339667,0.253067402234022,0.634755326355675
9686,0.02940680234958,0.0865916553121098,0.246175104587291,0.642815515409081
9687,0.0294393372197948,0.08718307445872,0.261042344039373,0.696599976815468
9688,0.0292575633139506,0.0860790818269976,0.248812421521393,0.625188880433096
9689,0.0293416834861921,0.0863004987510466,0.257858994303046,0.673194080517926
9690,0.0293335742984054,0.0870509015136515,0.252227779783771,0.646093615608584
9691,0.0293208735808254,0.0856377927498936,0.253012000716129,0.668883003386849
9692,0.0294101921658461,0.0870371091355412,0.259825579986164,0.654172736008908
9693,0.0294438712840686,0.0873495333190329,0.260275301798521,0.627402915916902
9694,0.029379826730843,0.0865510971185427,0.252860485693393,0.614638438517163
9695,0.0294461562037707,0.0867232032073846,0.254189370118638,0.691605479898943
9696,0.0293678998920222,0.0866791067689699,0.255117942812785,0.638455291292128
9697,0.029416706207569,0.0861931669494707,0.250624075260477,0.652181197763802
9698,0.0293988209972128,0.0869035984755447,0.251620348798177,0.671158300925011
9699,0.0293370794836742,0.0865262365256646,0.26110270192701,0.684572444763916
9700,0.0293774997975028,0.0865043015687979,0.256166222635094,0.695849340171908
9701,0.0293576734929897,0.0859733517764001,0.248221379761761,0.689422553556161
9702,0.0293732438577003,0.0870549095445332,0.25153165043639,0.638146095228011
9703,0.0294405110832093,0.0870472060905151,0.252741766474534,0.666118400169109
9704,0.0293726722879448,0.0871660063090745,0.257805859855971,0.670908021299208
9705,0.0293837644253761,0.0873201026138155,0.254217193786419,0.662382031860641
9706,0.0294208907476174,0.0868268673778926,0.258495166819994,0.626020348096168
9707,0.0294396393261116,0.0863124318462663,0.249759027558047,0.611090948527267
9708,0.0293609324669339,0.0863315099069059,0.260497428609402,0.648934384868708
9709,0.029372818677254,0.0864748998230211,0.247302528861181,0.639259236895445
9710,0.0293476788848278,0.0865963042295444,0.255732495472775,0.687119871833187
9711,0.0292240116417631,0.0867353431845608,0.249730829658596,0.672838481310674
9712,0.0294281937397008,0.0869894701234304,0.258824686138552,0.619750411586276
9713,0.0293980465512439,0.0864014783170413,0.246563880186839,0.622463431659803
9714,0.0295297501953022,0.0871134210904532,0.254451858012689,0.648751956806055
9715,0.0293938779753933,0.0870456029469241,0.253135596664786,0.619037378025386
9716,0.0293681266098547,0.0858734242497594,0.247256039299364,0.641900433227079
9717,0.0293789537826061,0.0866799147201838,0.261003379144929,0.672614204672151
9718,0.0293880004394855,0.0872709524710319,0.25540479576728,0.662415803896075
9719,0.0293875469417277,0.0866792900742731,0.255623379752921,0.6648271684253
9720,0.0294074077592024,0.0863657057916761,0.256758346334988,0.644857893630106
9721,0.0293359186116524,0.0867894124710301,0.250882538927481,0.650720344874311
9722,0.0293975519467722,0.0864447645169339,0.252020329673966,0.675591767251106
9723,0.0293952557967988,0.0868708520477044,0.260507883692303,0.64739522511816
9724,0.0294190395449587,0.0866168107654978,0.254626599100138,0.643065409893125
9725,0.0293156444861037,0.0861500589656306,0.256235822561814,0.635209199325902
9726,0.0293882842548205,0.085872670585504,0.250907465179245,0.680574408437591
9727,0.0294161842550179,0.0868411999098282,0.255472374597457,0.697580155009625
9728,0.029447707945414,0.0868083060815324,0.257688108287345,0.643295851356758
9729,0.0293538062521324,0.0861615289596506,0.255516269111148,0.664656054412867
9730,0.0293506150244894,0.0859435965185656,0.249445318183736,0.639128496458622
9731,0.029418504296405,0.0866262053487598,0.252960954963164,0.660206644089001
9732,0.0293923737435884,0.0865821455686128,0.253315365527454,0.678170748801022
9733,0.029453982112147,0.0862780044395006,0.255497935488171,0.649596772279861
9734,0.0293369297868563,0.0860463928237567,0.251133433636945,0.649195675874323
9735,0.0293598610358977,0.086470265055952,0.251701974496512,0.654031469848365
9736,0.0293333115391931,0.0868687357009699,0.259732821551785,0.69822419915826
9737,0.0294330376708823,0.0866246180643322,0.258904863459943,0.624382242089409
9738,0.029391053595304,0.0862173555664881,0.255253657383622,0.633157449086752
9739,0.0293457602540048,0.085927003766479,0.258373970777435,0.642225410042858
9740,0.0293704255637828,0.0868091811655173,0.255749110267134,0.660112596196814
9741,0.0294117048186087,0.0873330118313271,0.255938200777796,0.627376321172626
9742,0.0294496337501372,0.0870834264793752,0.254805535323596,0.64664334433175
9743,0.0294052667586611,0.0860317286171117,0.252748403285634,0.650188419380279
9744,0.0293345734225444,0.0871690664732074,0.257084688899042,0.617722354862041
9745,0.029374874000501,0.0859479956060046,0.252287332830843,0.6325022192831
9746,0.0293730609359099,0.0860110904149815,0.244560591130044,0.655160900252562
9747,0.0294577594357238,0.0868096411484333,0.261742137697835,0.68965897605901
9748,0.0294904898271385,0.0871458210181244,0.251165092201919,0.654197675931564
9749,0.0293180391111016,0.0862957270661692,0.25657702828565,0.646896899611815
9750,0.0292900032597451,0.0867704828476295,0.25737888815457,0.648392792600189
9751,0.0294027929547859,0.0866702943402002,0.254169731736321,0.655176360828441
9752,0.0294857148900799,0.0871010018243088,0.25729101625854,0.704875763068616
9753,0.0293504612151969,0.0857267655470987,0.244077983501617,0.642436959455068
9754,0.0293512311049478,0.0864451536122472,0.255483199788184,0.617808798993289
9755,0.0294270021576524,0.0862278130812546,0.252877593128638,0.666386936172797
9756,0.0293603408658916,0.0866114101005408,0.245306180001845,0.673392193105759
9757,0.0293527827390711,0.0862498536633861,0.258502769442165,0.65700105149471
9758,0.0294724108664087,0.0861091348909327,0.253090193100611,0.661232018149689
9759,0.029399874367812,0.086973757538672,0.252744375712901,0.621038266744827
9760,0.0293844627380322,0.0867630308599545,0.25638730775188,0.683254158817865
9761,0.0294038050190052,0.0865577871625221,0.250886707165372,0.650520242915537
9762,0.0294089794237789,0.0869392822358464,0.250909656922928,0.646511490844341
9763,0.0293391588543063,0.0865858740761489,0.254890848652689,0.661403265224467
9764,0.0293695184470446,0.0869903145379601,0.254984655624825,0.648989517066372
9765,0.0294296056886477,0.0865168661182879,0.253409177385535,0.664450934570817
9766,0.0293358075147204,0.0864933321591505,0.255472693410585,0.626175717552317
9767,0.0294073139573877,0.086551271646236,0.247996251613713,0.612315511270488
9768,0.0293590461387633,0.0862878434197144,0.248734660148186,0.688302232483372
9769,0.0293531816699693,0.0862742172187394,0.251361534369655,0.641686919708708
9770,0.0293438613346798,0.0866763756053507,0.251017600349856,0.663581327216311
9771,0.029397532677437,0.0860334301550848,0.249885090324483,0.639839631312901
9772,0.0294171405811317,0.0872745069564804,0.250035054276678,0.631464693028031
9773,0.0294081903584457,0.0858233442769086,0.257541288166641,0.721597658162033
9774,0.029359061504404,0.0873954502264931,0.256261797431593,0.658438996360393
9775,0.0293803879369167,0.0861340644347154,0.254571951763186,0.638212234645007
9776,0.0294901979847884,0.0870661528538716,0.251911707475121,0.650785629689459
9777,0.0294110602738338,0.0865800295124344,0.246996619331395,0.649899364821785
9778,0.0294181689259434,0.0867137179303741,0.255914936196894,0.668429523694404
9779,0.0294022005651135,0.0866377226449575,0.253161549352772,0.645191437448996
9780,0.0294745881950828,0.0866360204926154,0.254619179758017,0.64585541637074
9781,0.0293218919810834,0.0859804928888512,0.256963387400618,0.644170634153833
9782,0.0293769880069272,0.0864531261326189,0.255305926478389,0.66869899362981
9783,0.0294084472561223,0.0868604521236705,0.25978690124575,0.661437774943147
9784,0.0294064541210635,0.086831206185515,0.250643395395269,0.674777275033075
9785,0.0293689118451544,0.0868624007732295,0.254775994390751,0.670209284596239
9786,0.0293865638996728,0.0867632966859927,0.253284920114415,0.652071498662922
9787,0.0293347130220639,0.0869319765304122,0.256015892281633,0.644383021916093
9788,0.0294138849319573,0.0863783883861479,0.247882670123928,0.64600152474279
9789,0.0293857631978168,0.0866423910082963,0.25543146140071,0.658564268199658
9790,0.029285835721844,0.0859563234647391,0.250099438987271,0.685997408490756
9791,0.029460480087861,0.0862970037445121,0.253423023394176,0.642376307784394
9792,0.0293404553057884,0.0862341777120481,0.251180442053718,0.693151711998641
9793,0.0293932232997275,0.0864082751828943,0.254526307441401,0.639842971941936
9794,0.0294865595216698,0.0871856240241584,0.253699081343566,0.657773549289212
9795,0.0294348845962745,0.0863551504018363,0.256468144295379,0.63292556075008
9796,0.0294229284158307,0.0879285235029656,0.255897597979829,0.645232894323106
9797,0.0293970236471074,0.0861261846132892,0.250326778329683,0.683263312530848
9798,0.0293565857452326,0.0867222434881174,0.256865549934969,0.686988578673072
9799,0.029420395628772,0.087301890117334,0.256280428758975,0.669027151868525
9800,0.0293546259634869,0.0867792718867759,0.257009468442465,0.635013021852462
9801,0.0293383065794622,0.0861984612540206,0.254111344116403,0.66280766475045
9802,0.0292523698402792,0.0861446372841107,0.257612643148315,0.66115052734862
9803,0.0294356718336112,0.0872079618265032,0.256654736573858,0.635623230209676
9804,0.0293578648844928,0.0854924817812882,0.249876150947581,0.718182442440558
9805,0.0294025699974057,0.086763784438677,0.25853154099337,0.685389653389496
9806,0.0294435290147616,0.0865406236323425,0.249862669555529,0.676616298225704
9807,0.0293780143204778,0.0864998615513755,0.258586950267273,0.695452742168793
9808,0.0294590955087688,0.0872153210454005,0.253250282747292,0.664420966175287
9809,0.0293473509947204,0.0857822053500828,0.249238700745939,0.654410277849172
9810,0.0293690118795813,0.0864647532087554,0.256259926771948,0.687092985181934
9811,0.0294749106568434,0.0867531499319985,0.258384502995457,0.64724154026342
9812,0.0294111107855636,0.0866172583354684,0.254122930196688,0.66481898974655
9813,0.0293961275041555,0.0866859951789256,0.250557935296366,0.658357821921436
9814,0.029469843328128,0.0870399583036475,0.250988613143294,0.643372771485423
9815,0.0293909959277271,0.0863459160329025,0.261284257397073,0.64520864614423
9816,0.0293744606577172,0.0863098857802647,0.249363892097499,0.642631679692296
9817,0.0294133525946367,0.0870789184040181,0.252063922175264,0.66004387715002
9818,0.0294498017601111,0.0871499657762809,0.25593311614833,0.636656699852916
9819,0.0293850113444936,0.0864489237791133,0.253933280429044,0.683980004857663
9820,0.0293758171045963,0.0866981526677938,0.257316083393642,0.687814823055195
9821,0.0293301053340589,0.0862174379947922,0.247813211892392,0.613615206423402
9822,0.0293814919124938,0.0864132342657176,0.250977212707172,0.650011871068442
9823,0.0294505889258839,0.0857981434259237,0.251946811261016,0.687123729217873
9824,0.0293098769039583,0.0857165282203516,0.250977487313294,0.679147897565888
9825,0.0294258759910944,0.0866205403319708,0.249074331182233,0.642620238126229
9826,0.0294097135942195,0.0869555039685276,0.260318342694671,0.645646477154496
9827,0.0294058715625756,0.0866079031534701,0.256736994618513,0.656342894043527
9828,0.0293862247485458,0.086311816147744,0.255370875077733,0.654329031265576
9829,0.0293541318566625,0.0864527538207612,0.258057980126572,0.641408033207067
9830,0.0293006989788474,0.0862586617967267,0.250538914942101,0.658300671024233
9831,0.0294352347510651,0.0863364610074279,0.254577317889033,0.656041731070841
9832,0.0293293837826992,0.0858837960011396,0.244820119433489,0.643145150539705
9833,0.0294391971720068,0.0870687961945459,0.256640856804728,0.684937640557561
9834,0.029326146362575,0.0857233804728081,0.248527150495058,0.660553262767312
9835,0.0292816162824189,0.0854832046828693,0.255268296058969,0.665409539939143
9836,0.0293900086476012,0.0866894973698856,0.251936225809848,0.633097267277307
9837,0.0295267427731975,0.0872527878003503,0.253213997992993,0.676246802066816
9838,0.0293404976076946,0.0867087066973489,0.258362641280715,0.68258241354395
9839,0.0294226061376991,0.0866149318303549,0.251703358326996,0.703540085424928
9840,0.0294038488450371,0.0866821635561885,0.252593111457612,0.664084084385195
9841,0.0293613802565196,0.0864018108404443,0.25447160144305,0.635149456968981
9842,0.029372376378384,0.0872652645384979,0.253817138849823,0.658498505819344
9843,0.029394007737017,0.0877360174143073,0.258277056676731,0.706526462450878
9844,0.0293809304878329,0.0874139983784736,0.24910406004449,0.671613676414618
9845,0.029460311078419,0.0866895012774353,0.256371584768398,0.635425606966277
9846,0.0294528253999436,0.0877496421120889,0.260308076303458,0.661791791402433
9847,0.0294254648609412,0.0859323116054925,0.253068363365183,0.634059779898841
9848,0.0293775049348523,0.0864838807263484,0.254660800158826,0.66955991114801
9849,0.0293467366380039,0.0865230536557794,0.257198802528631,0.643114296999377
9850,0.0294482337928942,0.0866383139408564,0.252792593954655,0.618641334011439
9851,0.029398081558535,0.0868995343753556,0.254140492096913,0.686748442284496
9852,0.0293856887586241,0.0860105603581921,0.256589609724724,0.654626345232697
9853,0.0294909456844676,0.0872836757110675,0.25601006670973,0.68126640602656
9854,0.0293799211611936,0.0866839922638071,0.258226133888062,0.652779078336522
9855,0.0294989457175217,0.0876603319021376,0.256063130238473,0.678319357924179
9856,0.0294472806822939,0.0865822876782983,0.254016952963019,0.663124885333092
9857,0.0294195966621951,0.0857760588470886,0.251737228497407,0.634759000385348
9858,0.0294543757918412,0.0871329262902823,0.257244574409258,0.661881735553076
9859,0.0293697079806011,0.0861690269570334,0.250563230957918,0.644360578464735
9860,0.0293603148465715,0.0871815469477442,0.260515848920366,0.644033897438442
9861,0.0294396874725622,0.0865177906686899,0.250539933377588,0.671400003550349
9862,0.0295205017521836,0.0869083052481603,0.25800215179652,0.667617205534962
9863,0.0293641676380938,0.0869723666924202,0.258360366777035,0.638957379015389
9864,0.0293693933868283,0.0868029244925695,0.253951197959101,0.65630338739744
9865,0.0294132601905197,0.0866874790509558,0.256624334427476,0.630389922354486
9866,0.0293752115018828,0.0871904689713041,0.256087650373125,0.684640827118417
9867,0.0293880954492372,0.0863519982390458,0.258054272967086,0.647048577797166
9868,0.029440666259785,0.0869609353934829,0.25661742583605,0.651512226956308
9869,0.029350804748002,0.0870422029711678,0.253094431315031,0.671418770452072
9870,0.0294920363440702,0.0880135565644092,0.253745792097776,0.680932160918391
9871,0.0294000569530251,0.086429078850081,0.25080444294574,0.633398116512482
9872,0.0293347919583167,0.0865755105902823,0.256288889716874,0.691441565278589
9873,0.0293653811801757,0.0866090987165378,0.261571651587613,0.690737174749752
9874,0.0294088030992717,0.0869759425633376,0.255398157503888,0.682027950243419
9875,0.0293479737339182,0.086284499133231,0.249593578496678,0.67551768829863
9876,0.029433992683643,0.0863588953615332,0.249948170273793,0.652702824684842
9877,0.029483221396994,0.0876152166094022,0.255763527592088,0.666074118372743
9878,0.0293809363166336,0.0865874395700371,0.255957906912506,0.603694958002613
9879,0.0292703718473498,0.0862591959108115,0.249525955573937,0.639338024626969
9880,0.0294181031109303,0.0865201861120788,0.25360104122305,0.663125778955503
9881,0.0294106198697161,0.0874215176193721,0.247721572929926,0.653419313093385
9882,0.0293507672350877,0.0857943320965251,0.248601454755245,0.649034039269806
9883,0.0294332535771632,0.0864409756389155,0.25607165892463,0.666410275173992
9884,0.0293749410251812,0.0856867319228795,0.252110030855967,0.686739841522607
9885,0.0293528684402048,0.0864860579547412,0.256795140404501,0.61832343813482
9886,0.0293559071304783,0.0870166152895167,0.25919819426206,0.64784941230139
9887,0.0294791510728248,0.0870910599692697,0.253584129725381,0.63627526307955
9888,0.0293784835392159,0.0868734962585337,0.260554452034167,0.680241313504505
9889,0.029351823553644,0.0876839373437049,0.260645604227849,0.662035659346346
9890,0.0293399768101819,0.0858918351260235,0.24884353955168,0.624585225914942
9891,0.0293548619774118,0.08621754672812,0.255680977038024,0.681578369087695
9892,0.0293241214618279,0.0861785889284071,0.250461051466838,0.63721489515732
9893,0.0294704836141251,0.0865202659877362,0.250793703637587,0.618346729919616
9894,0.0294524090242321,0.0876679797698055,0.256501456344138,0.667416092249627
9895,0.0293572933951804,0.0867369972792112,0.256930697483016,0.685081708723627
9896,0.0294804878924708,0.0870317316118875,0.258021534011381,0.673109588087575
9897,0.0293428813329959,0.0870942044695109,0.255121626110413,0.622204544193955
9898,0.0294177352925423,0.0868866199379472,0.256745194861278,0.658494987721499
9899,0.0293231409491923,0.0875248463679045,0.259637769628468,0.654610158740806
9900,0.0294994814037118,0.0867550162862818,0.258719423251206,0.635462211867386
9901,0.0293515461899193,0.0863178913683098,0.255020505978343,0.680206874074845
9902,0.0293801644773714,0.0865632773907176,0.254711752892288,0.606699880002512
9903,0.0294732855457681,0.0873186303248524,0.254698791995009,0.648448903419047
9904,0.0294101262594683,0.0865417696409026,0.260024387277628,0.689337212537957
9905,0.0293622656812652,0.0872782188408056,0.258359330002745,0.678730438170932
9906,0.0294208622090221,0.086494216303977,0.254612899942416,0.647744286126284
9907,0.0293943128968052,0.0863958391732164,0.25372465321426,0.641643477717579
9908,0.0294175416908984,0.0866578803309912,0.24967829168222,0.65636042065104
9909,0.0294369992220755,0.0864934639171746,0.251017349387837,0.670566882628711
9910,0.0294883613293405,0.0875851341944459,0.253865177343528,0.657339326076452
9911,0.029482746189945,0.0860781974592993,0.256849242429328,0.651046768853976
9912,0.0294455162437441,0.0868180149522671,0.257690663682218,0.6817391643302
9913,0.0294611248534703,0.0869502127388582,0.252283709969283,0.631014187969167
9914,0.0293494900181468,0.0875726301595083,0.253655990634289,0.664876445351554
9915,0.0293706841222749,0.0868817939637403,0.253714339354494,0.638178295833352
9916,0.0293633799596995,0.0865644860555935,0.257860704497561,0.696388442263744
9917,0.0295231823176813,0.087347314156193,0.2582432766864,0.662484177505596
9918,0.0293672996777072,0.0867729178760822,0.252011311288974,0.649738931141454
9919,0.0294310564423817,0.0864888484699346,0.258655789790076,0.682813445643355
9920,0.0293854496511817,0.0863332689618115,0.252389330405507,0.644306975355505
9921,0.0293448616262769,0.0866361697319997,0.25778655807311,0.640551200409103
9922,0.0293924815717164,0.0867239446458312,0.248361818389254,0.719290997143151
9923,0.0294685379789098,0.0868439011270393,0.259719467469195,0.678103325574996
9924,0.0293847055173789,0.0858546396458152,0.255949517465149,0.654702217423351
9925,0.029331056255732,0.0865776406500316,0.254322611040021,0.715898135053682
9926,0.0294540913608194,0.0865967640118398,0.25446443048986,0.680132594354772
9927,0.0293901822360504,0.0870253953687864,0.26557767685346,0.681761373458795
9928,0.029360065907892,0.0871158176182187,0.258797985154188,0.662013796471966
9929,0.0294522695684978,0.0867827445327852,0.256516234805765,0.664261895008306
9930,0.0294211281456458,0.0867835095918362,0.255849831524938,0.711510981489302
9931,0.0294632670971611,0.086421763372123,0.251690524596402,0.644983578467497
9932,0.0294224646184554,0.0867332366100274,0.249706391978664,0.647991512670298
9933,0.0294257655398864,0.0868044895022558,0.258016308190227,0.654057855728679
9934,0.0293479251725503,0.0867985501314713,0.255135529748269,0.691921049235076
9935,0.0293931821652071,0.0865618184953765,0.2555405784865,0.646011669882824
9936,0.0293473476702858,0.0860949660697092,0.251060530585734,0.64387891412467
9937,0.0293952680638995,0.086386534390695,0.264391968439261,0.676462956720706
9938,0.0293808308662023,0.0858662742625663,0.251177656996375,0.628399843103328
9939,0.0293406942174917,0.0864241456962427,0.249735169584513,0.681891706401736
9940,0.0294470015228378,0.0864214254643125,0.25000428955288,0.661414834289556
9941,0.0294464068777817,0.0870851925351833,0.25435525997531,0.668943354185642
9942,0.0294139098169675,0.0866498219710964,0.255325005835295,0.640659709130067
9943,0.0293974050901047,0.0869792855949812,0.260956244244477,0.673177206542212
9944,0.0294260446568888,0.0871265162610109,0.255118262429535,0.695312101452742
9945,0.0293561878527215,0.086254334897527,0.258942985339398,0.704371117475046
9946,0.029422040837537,0.087079368225471,0.24858477542247,0.642142769436778
9947,0.0293627927331186,0.0878009702057821,0.263844790863416,0.66431764369724
9948,0.029346208266789,0.0863068004967451,0.2598768600702,0.648728602310883
9949,0.0293588649708423,0.0866665094033087,0.253639514799485,0.679367550313218
9950,0.0295005341422099,0.0868799318760788,0.253341389794854,0.666104840734803
9951,0.0293505646591845,0.0864162915859152,0.252035446542652,0.677528275077506
9952,0.0293286502295381,0.0860547072552139,0.257346131931301,0.6733396408285
9953,0.0294230017795287,0.0865827622586751,0.262794999478303,0.683981471107836
9954,0.0294340649531309,0.0867349643368724,0.258433803012809,0.715594551578666
9955,0.0293773484854331,0.0861552784294989,0.255391663660493,0.696829302677427
9956,0.0294713401903103,0.086930133115539,0.261366355799098,0.707752074171182
9957,0.0293952076861488,0.0873208467577496,0.248357085435946,0.664746794358592
9958,0.0293626192410298,0.0863489686789254,0.256330138141626,0.639821846957606
9959,0.0294533639376042,0.086471334963387,0.249200993045863,0.656547781331264
9960,0.0293643686268884,0.0864088936497311,0.254986877513859,0.638300326181175
9961,0.029414810526273,0.0869255384965726,0.260127845063903,0.628034106974861
9962,0.0293337684410723,0.0856293540855074,0.252109262097312,0.669230741722666
9963,0.0294029238355976,0.086698084422527,0.259935702581821,0.640313950958094
9964,0.0294595626861928,0.0873816219128444,0.258192886140823,0.616910913753222
9965,0.0293545700098171,0.0862089635246118,0.249154579810286,0.640532839575618
9966,0.0294540285503882,0.0868132099880632,0.259875271729802,0.633091429746047
9967,0.0294421099481783,0.0866425081175606,0.253016908112084,0.657852862927905
9968,0.0293971879366426,0.0868256435215731,0.259438328388932,0.676632956092792
9969,0.0293935145869846,0.0856420894998923,0.24606355143587,0.629180804121894
9970,0.0293018405960017,0.0871164668599265,0.259505822891702,0.669899667489491
9971,0.0294555415925577,0.0874256759267676,0.25242176063892,0.635053284204432
9972,0.029315082507363,0.0863986313231786,0.255360447162215,0.661979742026858
9973,0.029441623839094,0.0872641232646886,0.258607500571202,0.633145450136651
9974,0.0294423181214577,0.0866275314712415,0.252916381285164,0.621305510717908
9975,0.0294021949393994,0.0872537075068496,0.254866007736871,0.662607486408958
9976,0.029414764873952,0.0865296164401493,0.251615888628659,0.66609720278191
9977,0.0293953211237434,0.0862448451927239,0.252267287270667,0.664511651714203
9978,0.0295248141827767,0.0868989424548905,0.255568310151554,0.682170603624692
9979,0.0294207990584425,0.0862053138197478,0.251251931099458,0.656152393734135
9980,0.0294171381931109,0.08638810550565,0.253146491626101,0.629359631681311
9981,0.0293190010787332,0.0865421462140888,0.251732855227814,0.639187810253358
9982,0.0294092170252681,0.086623109336661,0.250012096384206,0.672080308432946
9983,0.0293663186388007,0.0870041552922644,0.25936491820627,0.675906043301163
9984,0.0293593184158319,0.0866959760772699,0.255946065282324,0.638016655670365
9985,0.0293760966881982,0.0863434208740321,0.250360951943763,0.662334138830711
9986,0.0293088854628448,0.0865260646212323,0.252719824550429,0.667092191203591
9987,0.0294204827588143,0.0872254787307212,0.254551071951771,0.650026855142127
9988,0.0294818696339185,0.0873937738365119,0.253423949079485,0.656113150400252
9989,0.0293781158535251,0.0871673049871872,0.250326874636648,0.645158356321299
9990,0.0294324722271739,0.0860543486061042,0.255528608785655,0.65111668420679
9991,0.0292608754618829,0.0867699992434332,0.256470060003203,0.652197580673096
9992,0.0294801951702549,0.0872833392179079,0.252966723781807,0.654025066668452
9993,0.0294705684738223,0.0870452544050465,0.248709514853674,0.661014973056781
9994,0.0293079136768697,0.0866610239978197,0.259443921400074,0.662138943071424
9995,0.029394388667051,0.0868645009420374,0.255903430694944,0.655496067886661
9996,0.029463157615237,0.0861461501220551,0.249094779212833,0.637728419313215
9997,0.0294688664309696,0.0868851940868641,0.254231321366285,0.68867211341314
9998,0.0293417870468202,0.086592629185305,0.252785629133394,0.639511479842007
9999,0.02936041395661,0.0867398684172739,0.253985934482515,0.658739446716306
10000,0.029342024031721,0.0865154787370687,0.255036862085429,0.637982036923332
