"draw","lambda_at_index_26","lambda_at_index_51","lambda_at_index_75","lambda_at_index_100"
1,0.0274584102952381,0.0756718802580725,0.201803520609568,0.557348788935708
2,0.0274775790770232,0.0756226374345428,0.200123830418025,0.549632424373859
3,0.0274677918195046,0.0758089637875357,0.200620140759844,0.545117471536584
4,0.0274927035196282,0.0757627330961007,0.201083320823746,0.554277795768429
5,0.0274715188368856,0.0756906560382832,0.201127189235672,0.553771271192307
6,0.0274839516731129,0.0756931349618261,0.20113252298605,0.55353452905466
7,0.0274738229003609,0.07574989060978,0.200922353779531,0.553699894603496
8,0.0274659829291357,0.0755547672407268,0.201310726669681,0.548779558704574
9,0.0274738753086272,0.0756228333423696,0.201065007288775,0.549336347104388
10,0.0274739297632513,0.075711263865853,0.201686709456497,0.548509597833238
11,0.0274817147801217,0.0756611018700879,0.201256652224331,0.553472665857588
12,0.0274978668888326,0.0758358149453994,0.201463836519506,0.545613558524557
13,0.0274813532819018,0.0757294521714445,0.20173764186307,0.547385594301342
14,0.0274695552896885,0.075692829611513,0.201539090126521,0.551069859703013
15,0.0274885081356876,0.0758471190881582,0.200872516679405,0.547267381660255
16,0.0274900011889459,0.0757990262932869,0.201787001974423,0.545332806805737
17,0.0274717930850814,0.0757112784401538,0.201550212854036,0.547312478657495
18,0.0274787397777366,0.0756682076752455,0.200832334832484,0.544382242126051
19,0.0274623536650753,0.0757885424808807,0.201522868659117,0.554793908577809
20,0.0274736987709316,0.075690808200424,0.201256116562463,0.543340063803836
21,0.0274843185711526,0.0757032354925962,0.201142287427459,0.548041834496989
22,0.0274601115400467,0.0757123132270845,0.201016715925945,0.550074353105442
23,0.0274797539641637,0.0756390103289626,0.201406556285534,0.550032649366649
24,0.0274769800707856,0.0758768903583644,0.201060679995061,0.543500417477147
25,0.0274734519552621,0.0757863657738808,0.201861200972229,0.548222207446546
26,0.0274762202282139,0.0757635778928242,0.20102990792499,0.54869079549938
27,0.0274668708387783,0.0756155915560877,0.200273938460235,0.544348842398088
28,0.0274740243934124,0.075791764560431,0.201392384117927,0.54355518434987
29,0.0274758971806237,0.0758753757689491,0.201503441504396,0.548706338301582
30,0.0274744743432232,0.0757193672031098,0.201714081520369,0.553334257770775
31,0.0274824153668667,0.0758065975317431,0.20150131890038,0.547077246856889
32,0.0274955559970469,0.0758769331969451,0.201664012538787,0.548449087953691
33,0.0274729747307208,0.0756649504766108,0.200270085703589,0.54304686990359
34,0.0274968754045876,0.0758893324532853,0.201271635227165,0.547734086094439
35,0.027479138463206,0.0757880299325868,0.200490784065632,0.550190414806243
36,0.0274819539288771,0.0758406315022713,0.201843217764928,0.552080572982659
37,0.0274674977155225,0.0756565798519637,0.200906473050913,0.544012761732381
38,0.0274853022660591,0.0756562671658927,0.201642726612461,0.546808155006324
39,0.0274885238559749,0.0757607107187217,0.201459327100338,0.552008683282946
40,0.0274694010677185,0.0757654401574095,0.201069272381922,0.549777420991567
41,0.0274707775572147,0.0757114521733402,0.200799026348179,0.549838285715138
42,0.0275037709403393,0.075730129601295,0.201407958940369,0.55235889371139
43,0.0274721317773901,0.0757212566436299,0.200518378515234,0.54731990913611
44,0.0274658534825311,0.0757003302326826,0.201533911620387,0.552449337258536
45,0.0274774359310792,0.0757659738438273,0.201808007886498,0.546564096379143
46,0.0275042919466652,0.0757305573450295,0.200958361898262,0.542686077611291
47,0.0274776273802547,0.07566200939912,0.20122983271415,0.547214395916444
48,0.0274711953093947,0.0756896790939999,0.201677585047277,0.55467432607298
49,0.027478408456182,0.0756688452663081,0.201374256139758,0.547504102332224
50,0.027483981766059,0.0758299749526994,0.201269743305012,0.546824175042477
51,0.0274756077960704,0.0756963950828695,0.200470105106696,0.549269849210274
52,0.0274820727878814,0.0756846027783401,0.201179069382805,0.54926494178802
53,0.0274657136415276,0.0757746295101293,0.201841335265808,0.546522539068571
54,0.0274796695572121,0.075760458281139,0.202563338836237,0.55105455488426
55,0.0274745408197302,0.0758114622659382,0.201031844719997,0.548025423827741
56,0.0274790105775174,0.0757878260139349,0.201365049991895,0.546944264187329
57,0.0274842190355204,0.0757542452997103,0.201455940644346,0.546742632586095
58,0.0274805381720742,0.0758795341703998,0.202322809774766,0.554166853091228
59,0.0274673684568039,0.0756335962350854,0.200839337200957,0.550006548169187
60,0.027481892318972,0.0757006350232231,0.201147081345689,0.548257826843785
61,0.027482395970104,0.0757938146070646,0.201956265881091,0.547246198777562
62,0.0274760823031727,0.0758499601507179,0.202412113664994,0.546826435766372
63,0.0274820290018467,0.0755419325630558,0.200649547249929,0.547773148268397
64,0.0274773763001384,0.075731460767245,0.201423716021343,0.551141224218377
65,0.0274722053862838,0.0757825431738122,0.201524777524079,0.546753159268286
66,0.0274627204418646,0.0757560827804383,0.20140305919452,0.546556941282055
67,0.0274746545101512,0.0757366395209015,0.201184623692199,0.549022793669125
68,0.0274706381951311,0.0756162585896427,0.200652810483679,0.542499848254084
69,0.0274864185650023,0.0758341597840858,0.201371071642288,0.550311529332366
70,0.0274797766175511,0.0756726121157382,0.201482238043455,0.549723709004635
71,0.0274663117315992,0.0756537628118557,0.200979547077686,0.546082005045604
72,0.0274678701509113,0.0757807466172088,0.201724265406351,0.551405496744864
73,0.027469557769044,0.0756885488359456,0.2007764356553,0.551412764745235
74,0.0274751078777069,0.0757238886701851,0.201219497490101,0.545129434162417
75,0.0274798816734477,0.0757651371570722,0.200626078667157,0.545777907192746
76,0.0274675514061273,0.0757660187423386,0.20148050843423,0.547967692482716
77,0.0274823847214675,0.07574767269567,0.201418058976246,0.539512351591976
78,0.0274684689584459,0.075703455186717,0.201639598464359,0.547783405123353
79,0.0274696911314124,0.0757188038780631,0.200851746575131,0.555555579987548
80,0.0274751244255756,0.0759235700656241,0.201685943084208,0.549784077920862
81,0.027467845908009,0.0756994839912087,0.201325200968249,0.55013419362375
82,0.0274872700826261,0.0757613066090191,0.200849522513089,0.540947321835599
83,0.0274837736222232,0.0759027415784384,0.201069839610417,0.548483169454541
84,0.0274890321388005,0.0757758222054301,0.202508112553062,0.550616945564172
85,0.0274716325878558,0.0757611591463628,0.201162524300136,0.547108453088426
86,0.0274752598261231,0.0757945102862208,0.201455204737534,0.552382305272865
87,0.0274634017968187,0.0757162834693418,0.201522691630719,0.547874501211398
88,0.0274797636245086,0.0756804861808937,0.200844700441069,0.548442226385477
89,0.0274747469706,0.075732528645222,0.20129782699172,0.548871717342718
90,0.0274789647721371,0.0757620075059448,0.201653589364146,0.552120719844821
91,0.0274713519446203,0.0756776787481197,0.201650567415629,0.548355247912355
92,0.0274771944064228,0.0756943833368915,0.201111594933656,0.551800460748388
93,0.0274767093686969,0.0757918359828478,0.201991219424782,0.553087243907405
94,0.0274919304030068,0.0759139851857425,0.201523452754697,0.548667779055576
95,0.0274852738003185,0.0758446514973586,0.20108866436626,0.554384810931279
96,0.0274674221345989,0.07555921899511,0.201144779774212,0.55286911855347
97,0.0274969064998017,0.0756977683697994,0.200438741436671,0.546918935458595
98,0.0274643813815219,0.075736155317265,0.200944090114115,0.551776680567429
99,0.027472946370969,0.0758500001603385,0.201160049227798,0.550673422762917
100,0.0274901996263954,0.0757733150663669,0.201383914622323,0.54958504450857
101,0.0274757228750193,0.0756930871524085,0.201981820389361,0.543267821733941
102,0.0274670172796995,0.0757200197684425,0.200537555474121,0.544418956869559
103,0.0274863451415766,0.0757065723812336,0.201733512842042,0.54334685955049
104,0.0274827701863357,0.0758507587282665,0.201634273542502,0.546820061350441
105,0.0274771686405106,0.0757930654405897,0.201539979796685,0.551423513944035
106,0.0274685721785403,0.0756730234800504,0.20192123078252,0.546529384176548
107,0.0274705029799035,0.0757583983279996,0.201048708744257,0.546787109648306
108,0.0274641641518764,0.0756215294703298,0.201662297759461,0.547277477975057
109,0.0274803443230533,0.0757563173577698,0.201483296800235,0.551183950669851
110,0.0274918558522032,0.0758487542075142,0.201300183341935,0.548962223924207
111,0.027462069015652,0.0756234549323351,0.201506007753417,0.543687534001212
112,0.0274835813005097,0.0756239316471443,0.200454759168991,0.543143558590335
113,0.0274796090721707,0.0756751263521152,0.202434852896171,0.548203862127609
114,0.0274707946976389,0.0757452229023787,0.201462311213521,0.547608175103027
115,0.0274807161129098,0.0757854411359464,0.201687830865393,0.550867419009913
116,0.0274807734263854,0.0758294094703845,0.20104790534404,0.551542754359601
117,0.027480346771103,0.075815214102343,0.202182628645547,0.545606513290652
118,0.0274618671638202,0.0758342826952367,0.201553141387488,0.553770516360813
119,0.027481464312097,0.0758161652866049,0.202604980916244,0.553765695414292
120,0.0274779878923031,0.0756926612131832,0.20139351127658,0.547772805156045
121,0.0274793756577217,0.0757196572916373,0.201143099178175,0.547604671421651
122,0.0274964205686172,0.0758811883749648,0.202011749453912,0.555778265570669
123,0.0274785094433517,0.0756944384901901,0.201651165129971,0.542760188667573
124,0.0274773685791946,0.0757948049624059,0.20130068398485,0.555076281885873
125,0.027484014261154,0.0758091203682553,0.201444413580594,0.546843756367039
126,0.0274957894024361,0.0757475764883713,0.201783980313902,0.547230401127033
127,0.027476817295633,0.0758694041266102,0.202335145298639,0.544493738010911
128,0.0274784686171254,0.0757654672767522,0.201199555670289,0.550890847376212
129,0.0274747050626206,0.0756412935157913,0.202517266281489,0.544173738013302
130,0.0274771811183531,0.075728722961955,0.201708081734255,0.547275250432665
131,0.0274725137295725,0.0757014314117658,0.201094951242572,0.542911239232627
132,0.0274864865680109,0.075762600623005,0.201258101313276,0.548098411553536
133,0.0274901322810985,0.0757709052782076,0.201740681612419,0.551358992756584
134,0.0274900833540458,0.0758415572191403,0.201002519934629,0.54554126217538
135,0.0274796091358346,0.0758465809992605,0.201053242735282,0.547273657749485
136,0.0274613189367959,0.0758270540342693,0.202243011852989,0.548819824134944
137,0.0274611474433586,0.0757128810184398,0.20151138089412,0.547278500948013
138,0.0274759877938526,0.0758389195170893,0.201648138513441,0.545304260829707
139,0.027477838704379,0.0757175681459554,0.200328229743016,0.541149877801323
140,0.0274691026009337,0.075708624230936,0.201644414484477,0.545342573963641
141,0.0274670664053283,0.0757200455729194,0.201492773408779,0.545769795148615
142,0.0274921845864439,0.0758286632564764,0.201437932213176,0.543495159953306
143,0.0274858953659758,0.0757529010866499,0.201730160938691,0.543710859704428
144,0.0274761320177362,0.0756770772896383,0.2014374768328,0.54832623239448
145,0.0274661972063491,0.0756814690928526,0.201253982611977,0.545423261185891
146,0.0274850190205723,0.075678580270897,0.201352690094627,0.547338598027097
147,0.0274829454683435,0.0756362778190691,0.201397007409366,0.54235630390035
148,0.0274720162665384,0.0756578458282105,0.200960749775243,0.545974430280229
149,0.0274793531910166,0.0756589621859413,0.201933431361063,0.547291539784798
150,0.0274659017495123,0.075793140488007,0.201748645498978,0.545520106373822
151,0.0274720614995414,0.0756798774854873,0.20074265068347,0.547796406972729
152,0.0274730687004825,0.0756883507140662,0.201512400607101,0.55303816661635
153,0.0274862895836026,0.0758531337893034,0.20171341411487,0.551210085813359
154,0.0274808118262864,0.0757261964099024,0.201253524162855,0.546165251291189
155,0.0274657825794126,0.0757616660258313,0.201228839345532,0.547395981469159
156,0.0274850437640155,0.0757193868870424,0.201654218709918,0.548327218954907
157,0.0274651925575439,0.0758511388431192,0.200608144834711,0.544020822060586
158,0.0274802846621961,0.0757755798267596,0.20152224688698,0.54629581504548
159,0.0274659677930428,0.0756674174858625,0.201462843202768,0.545521113655292
160,0.0274818892621077,0.0758725780391669,0.201673795349611,0.550400061503218
161,0.0275028619596033,0.075757481207545,0.201176067185445,0.552233791604033
162,0.0274821123046333,0.0757411425494476,0.201749657477948,0.546834155473425
163,0.0274653165054324,0.0755717061355209,0.202181921806472,0.546405838333829
164,0.027488115950084,0.0757941293300228,0.201759725118975,0.551319148952986
165,0.02746504469232,0.0757160574833017,0.200968023958059,0.545504028911404
166,0.0275050441143028,0.0758215524527642,0.201499765276117,0.550872838869732
167,0.0274749989733213,0.0758475524672585,0.201558779581367,0.547157432110433
168,0.0274770658608122,0.07566007018643,0.201718274671026,0.548348245052067
169,0.0274743616292252,0.0757244781763392,0.201397799656412,0.550223570091213
170,0.027490961577637,0.0758232929523316,0.201472614261518,0.550443957673215
171,0.0274734697051682,0.0756768427600099,0.201226789550581,0.545556584828259
172,0.0274684480669041,0.0756290691525713,0.201490512628294,0.551036125745421
173,0.0274722465168274,0.0758032305434806,0.201291421320364,0.547785573115274
174,0.0274784000866732,0.0757343443194212,0.200876406664518,0.542785758269397
175,0.0274833604563234,0.075794353780927,0.20174456822357,0.552190719933402
176,0.0274795920613793,0.0758436316641973,0.201680316644876,0.551534959695857
177,0.0274906550066595,0.0758097740546187,0.201808302707865,0.554075850359666
178,0.0274704530318711,0.0759274413927436,0.201759727233163,0.556273730016947
179,0.0274804022631415,0.0758592084137412,0.201676843535072,0.554424987097789
180,0.0274783758628522,0.0756923737176454,0.200950769042448,0.547309404556797
181,0.0274759793390831,0.0756927461141988,0.201813747130913,0.545222717414554
182,0.0274726840952466,0.075852587487639,0.201663498095757,0.552690820749676
183,0.0274882900911029,0.0757626886187424,0.200847004142411,0.540381727587546
184,0.0274850166846283,0.0756188992230662,0.200955638144821,0.544496851844501
185,0.0274864791751335,0.0757772254779016,0.201193343487159,0.552495138684567
186,0.0274670260650752,0.0757618126259178,0.200601542218964,0.545704239912762
187,0.0274728721811071,0.0757559063380085,0.201097784774257,0.550156474118033
188,0.0274788840483502,0.0759320597330979,0.202112705302259,0.552845341834544
189,0.027476129468261,0.0756997723235014,0.201654765477252,0.548355190449398
190,0.0274679517781672,0.0755721772575342,0.201453745447358,0.545591809276658
191,0.0274807418799918,0.075665844337218,0.20149232513741,0.547074909204695
192,0.0274686416846444,0.0756464800540358,0.201340210751662,0.55068721055997
193,0.0274835426255097,0.075738627314404,0.201428363607587,0.541216259178912
194,0.0274730176661891,0.0757721396118465,0.201264474259312,0.549657261572221
195,0.0274703729216794,0.0757338517616247,0.201792046019896,0.550025648939949
196,0.0274852207466682,0.075768159076918,0.201358443016994,0.54759120910784
197,0.0274792681140402,0.0757700097254609,0.201198884990309,0.543471605603719
198,0.0274803680045288,0.0756257403748483,0.200965656641183,0.54629242536001
199,0.0274675173088605,0.0756530191990422,0.201115615423403,0.548272120069455
200,0.0274852286967784,0.0758480831851862,0.201648840725869,0.549240485356192
201,0.0274937428233895,0.0757764968221094,0.201729771862897,0.547006841083085
202,0.0274710282874631,0.0756676522729272,0.201530564390086,0.545505017779442
203,0.0274732166269467,0.0756779573233845,0.200839980732783,0.549836812807173
204,0.0274908549245415,0.0757805665943535,0.201370651257598,0.552196483681893
205,0.0274669766977727,0.0757307370200949,0.201252410497172,0.546701544550499
206,0.0274747037084207,0.0755970343120352,0.201279650238318,0.547417102221093
207,0.0274612338494178,0.07567132903315,0.201504851426091,0.549702818710146
208,0.0274691381596249,0.0757817187096469,0.201900657106923,0.549915227259035
209,0.027493664436113,0.0755377774448334,0.202202182755658,0.554242526277938
210,0.0274849140706509,0.0756915325838164,0.201332296566112,0.547428003082116
211,0.0274698754486329,0.0755903768807494,0.201195703042787,0.55207148357063
212,0.0274730315422176,0.0757542275190763,0.201224880635539,0.551618903311904
213,0.0274778588113659,0.0758325083601435,0.201086692221808,0.54772639649815
214,0.0274722802358717,0.0756513755723903,0.201142450893652,0.549944396075685
215,0.0274765203626157,0.0757929633576613,0.202500936435538,0.553703670600781
216,0.0274832893508623,0.0757865393441183,0.201263785779405,0.548684730235866
217,0.0274734050761911,0.0757901263238588,0.201935234450208,0.553390054321931
218,0.0274599352450729,0.075545760837123,0.201356122505972,0.55053415592505
219,0.0274711719047893,0.0757003596498979,0.200992632315917,0.542027520019894
220,0.0274902601518207,0.0758288627689951,0.201871365795218,0.552182951921895
221,0.0274817555137636,0.0757057198045626,0.20084462285025,0.548852377258648
222,0.0274709953741718,0.0756569525429859,0.200377256623237,0.548807199316499
223,0.0274728661782867,0.0756650148982089,0.201336640997668,0.546068881170388
224,0.0274785062060915,0.0757851619132454,0.201579030626488,0.545618840502355
225,0.0274669193227033,0.0757081641740596,0.201403649781363,0.543875085576436
226,0.0274852076700261,0.0757831114087606,0.200371083632284,0.547726219984064
227,0.0274668720264927,0.0756752662160222,0.200977835541487,0.545170165690011
228,0.0274858757941647,0.0756729955552276,0.200614247851467,0.545272741467259
229,0.0274964815961735,0.0756940008801568,0.201157656064683,0.553249870814844
230,0.0274975159802118,0.0758805075128414,0.202172672133457,0.553512827573245
231,0.0274771176055451,0.0756941270853082,0.201435004505812,0.548281725133213
232,0.0274716590974253,0.0757704384595247,0.202070299724971,0.556117718880009
233,0.0274815908757351,0.0757687410826754,0.200858757944134,0.550999210316949
234,0.0274721829363582,0.0757123912251171,0.201607365619605,0.547298870189534
235,0.0274885718292507,0.0757183667803218,0.201231741977776,0.546673756850846
236,0.0274738917190708,0.0758631503684375,0.202516019006427,0.544897846784318
237,0.0274779431678212,0.0757700574276656,0.201993388790389,0.549871910743669
238,0.0274718919689381,0.0756522149826177,0.202328812657472,0.550425815214007
239,0.0274832962446325,0.0756333262661854,0.200771105945782,0.543005929058642
240,0.0274866293131306,0.0757392122240826,0.200926850339884,0.545688671747427
241,0.0274758546543445,0.0758388280091088,0.201328773928165,0.547457447888581
242,0.0274905382436153,0.0758052694774213,0.201205911281971,0.545817985774047
243,0.0274760504631899,0.0756600410480763,0.201588218792372,0.549896546110334
244,0.0274724210986104,0.0755889741938657,0.201889596720678,0.545200912393188
245,0.0274786502671984,0.0757243025374404,0.201540616496889,0.550212461185913
246,0.0274683737911115,0.0756162603459677,0.201194205723423,0.549360462946616
247,0.0274708373233175,0.0755794466876428,0.201707521124337,0.547727956258147
248,0.0274921367600897,0.0757668922661722,0.199958977480855,0.550553261371562
249,0.0275047444240182,0.0756638281248072,0.201732830218614,0.54720970834337
250,0.0274670342774325,0.0758118166323109,0.201344963976145,0.552249626188295
251,0.0274632160956637,0.0756907846885999,0.202258292969171,0.550742651175655
252,0.027467557691185,0.0758022830018954,0.201348067879818,0.546134414532675
253,0.0274618902418502,0.075767088564476,0.201482736193636,0.547018953057266
254,0.0274698906598475,0.0757077091775686,0.200383465910678,0.546854252834955
255,0.0274767233697018,0.0757636139332888,0.201249218921363,0.543187659597093
256,0.0274691629300892,0.0757711687311079,0.201584919273005,0.5484927146579
257,0.0274691940995733,0.0758044395258655,0.201650386046297,0.546241828083679
258,0.0274784218801349,0.0757270670491598,0.201277862448886,0.548913285882471
259,0.0274581298716551,0.0755483186833907,0.201033290790383,0.544199737397002
260,0.0274718024066223,0.0757517359436841,0.200624240852704,0.54243873134596
261,0.027484291296794,0.0757545572777005,0.201611793389746,0.547731093727712
262,0.0274888538477934,0.0758432679364325,0.201337915279461,0.548648360981161
263,0.0274753462561495,0.0757611814196084,0.200907245290056,0.547886401343061
264,0.02749026544879,0.0758408344472909,0.201674219408654,0.551936576311449
265,0.0274790404768042,0.0757594383770151,0.201086981989268,0.55133609403058
266,0.0274806670122056,0.0757978036593013,0.201959971642325,0.55048612478921
267,0.0274885878533353,0.075739596144591,0.20123088729261,0.552951513864485
268,0.0274763737848786,0.0758141037643051,0.201474350790997,0.552745729055479
269,0.0274790328056781,0.075732100136786,0.200929305970069,0.551641138484724
270,0.027485548852584,0.0757314690381495,0.201593655265645,0.551421773441603
271,0.027459874527798,0.0757908245726365,0.20171706893253,0.552794445755882
272,0.0274844400188785,0.075682745073282,0.201413091856883,0.551774024206187
273,0.0274887412411265,0.0757788478405534,0.200942280283665,0.549779584679613
274,0.0274575891508452,0.0757578702216941,0.201428541610589,0.555246349639625
275,0.0274833564685476,0.0756994458177853,0.202450182318187,0.554894376091276
276,0.0274800515336678,0.0758395126788376,0.201516170705822,0.549267852137644
277,0.02747251661371,0.0757412666905821,0.201800805135034,0.553250820982338
278,0.0274832277623105,0.07579520744976,0.201606387101698,0.546227473204616
279,0.0274656390690057,0.0756466887514336,0.201171934460728,0.545412531819566
280,0.0274845205433244,0.0757383343960765,0.201230512468774,0.545123966706909
281,0.0274815720053567,0.0757003317744803,0.201628847365655,0.547200582861543
282,0.0274711408713243,0.0756671025976477,0.201270084498645,0.546937732389183
283,0.0274729776377523,0.0757265281794809,0.201134005500352,0.541212738792496
284,0.0274741920498122,0.0758351661573815,0.202481148653852,0.550528001277947
285,0.0274852111911964,0.0756390556241143,0.201823839456432,0.547707644304421
286,0.02746704362022,0.0756365800498948,0.201191954955492,0.549162102551734
287,0.0274805868529755,0.0757602411795557,0.201582095080227,0.553996044230441
288,0.0274772795755402,0.0757321966841081,0.201600790667786,0.547582790911555
289,0.0274705557847853,0.0756643098510026,0.200945836697337,0.550298387932495
290,0.0274854408821309,0.0756850451517122,0.200962546424174,0.547238125788572
291,0.0274710945750277,0.075856278358164,0.201515057342528,0.551494025248367
292,0.0274756743213758,0.0757157304570978,0.201711232673708,0.547600278360276
293,0.0275008677502536,0.075881185894036,0.201628472014277,0.548387826163531
294,0.0274703790013398,0.075772940128903,0.201697063110018,0.550710727001931
295,0.0274653880232596,0.0757289674692345,0.201391948891672,0.550089167742951
296,0.0274706667240352,0.0756965111111886,0.201132363306103,0.548982417161165
297,0.0274646324944538,0.0757312644645883,0.202367732777314,0.542648970934582
298,0.0274698228679537,0.075673333798184,0.202090432243874,0.545613761891616
299,0.0274820240197949,0.0756928268860838,0.201141956758013,0.549730724948569
300,0.027474590551383,0.075741754393822,0.200964265545554,0.547326129302693
301,0.0274876347515441,0.075791434582248,0.201533360682125,0.540064615254921
302,0.0274918743932868,0.0757261561255391,0.201671427788555,0.545232433537963
303,0.0274740094886329,0.0755873092460767,0.201704209241531,0.54546260020079
304,0.0274603146312163,0.0756378244191376,0.201184546435552,0.543942644681356
305,0.0274780733170259,0.0756693446938449,0.201775861619417,0.551288912333832
306,0.0274686843069807,0.0757700059564588,0.202082953247703,0.551599934371439
307,0.0274716821106955,0.0757019769472655,0.200813854992692,0.551842639957644
308,0.0274912307591357,0.0757723752525303,0.201745245035103,0.551933313844854
309,0.0274633630506141,0.0757600945181102,0.201105258101189,0.551884950221214
310,0.0274745218751519,0.075738456711059,0.201584338844799,0.548774651167502
311,0.0274836809681015,0.0756097346212312,0.201566486362361,0.548936022721652
312,0.0274908078199245,0.0757501275339927,0.202147313152836,0.553377984265228
313,0.0274795363475097,0.0757145515775545,0.200628668119991,0.549035740309158
314,0.0274775766574022,0.0757003624433188,0.201595820689072,0.548189228073206
315,0.0274909837962184,0.0757322984561454,0.201114102620954,0.54781594579063
316,0.02749285068079,0.0756927327135177,0.201325240420314,0.550570408397027
317,0.0274722659247198,0.0757303849147481,0.201645264399116,0.554097149856442
318,0.0274835659205928,0.0756978874770326,0.20127333679596,0.557588332872581
319,0.0274789045688719,0.0757024207868789,0.201472774381254,0.548828709277848
320,0.0274731855718736,0.0756731430237435,0.201334950476306,0.548374846827775
321,0.0274806476521054,0.0757895594278048,0.2010539054908,0.550769427929257
322,0.027482535132119,0.0757787421525603,0.202304252632575,0.549350882425786
323,0.0274686958447748,0.0757373264952142,0.200818479486541,0.546708462293051
324,0.027465554656752,0.0756682567862539,0.201721093151307,0.547832523950605
325,0.0274721708178814,0.075800870609194,0.201445689785923,0.546808960418915
326,0.0274807572692644,0.0757750105738936,0.201731802528268,0.549143624302696
327,0.0274924432137509,0.0759011517941219,0.20114253970897,0.542213380875675
328,0.0274849858322605,0.0756800400551563,0.20156379586983,0.552023683871885
329,0.0274844584834145,0.0758229643394826,0.202382767571471,0.55142501927581
330,0.0274736022564228,0.0757725923247424,0.201386123505285,0.551965662239017
331,0.0274861474562711,0.0758270638766206,0.201782531606532,0.548055046110982
332,0.0274960837543844,0.0758292446288819,0.201121838996847,0.548346494127601
333,0.0274740315161988,0.0755647754981925,0.200372474450765,0.546245794740247
334,0.0274876448699055,0.075815364158887,0.20160031677517,0.547419899870687
335,0.027469250514698,0.0756896417683106,0.200507650762311,0.546995775417644
336,0.0274923586579941,0.0757659683041483,0.202431133591214,0.554643058017899
337,0.0274884127437589,0.0758410942155655,0.202142149576201,0.547800885261981
338,0.027486021454561,0.0757499049225221,0.201540303979454,0.548685578286623
339,0.0274841589964186,0.0756019217300482,0.20115771971422,0.5477745247669
340,0.0274781457979243,0.0758609794659481,0.202281075261943,0.545906831442113
341,0.027485961014131,0.075741114607282,0.200882842032156,0.54503379067643
342,0.0274860639769622,0.0757620757488654,0.202056496822417,0.541917017088343
343,0.0274732490123929,0.0756477164453817,0.20058773803046,0.548651977818668
344,0.0274764216952139,0.0758179365534705,0.201511760240798,0.552340929555952
345,0.0274826567589502,0.0756579785029246,0.201713800106543,0.549387817145723
346,0.0274483704982618,0.0757034685587981,0.200982979348505,0.54927550099003
347,0.0274660091866698,0.0755359909879223,0.200373827695348,0.549367426541857
348,0.0274874619936411,0.075793457058004,0.201406223237076,0.550758043217501
349,0.0274656865577425,0.0758020479369,0.201977187764463,0.55143108912015
350,0.0274741021192511,0.0756677595582022,0.201485900828099,0.551410298236195
351,0.0274872486057364,0.0757296348502727,0.202130697280046,0.553318212529916
352,0.0274843141070774,0.0758224833617802,0.200406385201867,0.546464462104306
353,0.0274664751264505,0.0756211673489879,0.200521576418378,0.548762868688274
354,0.0274778780987139,0.0757227412204487,0.201530972297373,0.552896966788436
355,0.027491581412085,0.0758505949887122,0.202351671160221,0.548238823503554
356,0.0274740156345856,0.0758321542948273,0.201713283136069,0.549969590448545
357,0.0274783350613121,0.0756654740456168,0.200807401041705,0.548643036776737
358,0.0274815194361049,0.075769356641375,0.200875482172094,0.547915802718544
359,0.0274915136748131,0.0758010251821408,0.20177431629548,0.549063429704956
360,0.0274812007999929,0.0756596323102559,0.201137860701853,0.555428219356789
361,0.0274822565485511,0.0757849644622145,0.201511618206698,0.546716227027018
362,0.0274711760083282,0.0756854830145963,0.201722464348438,0.550390227035655
363,0.0274713810068711,0.075755339144102,0.201152741140047,0.549754643546593
364,0.0274765034302133,0.0756332412355454,0.201369009240277,0.545071479706072
365,0.0274703285855762,0.0755628931995709,0.200565090142483,0.544702642351412
366,0.0274661271125248,0.0756878272845405,0.201417938133386,0.548379990033951
367,0.0274812388570614,0.0758442288441697,0.201083395042866,0.54831797838491
368,0.0274804628236831,0.0757235409482752,0.200732247213054,0.546867262063558
369,0.0274679553535299,0.0757526945030158,0.200566895397192,0.544476616907018
370,0.0274613188497188,0.0756503518779941,0.200109281171235,0.543968271970837
371,0.0274877903298517,0.075738452302899,0.201370857106638,0.551189182701994
372,0.0274685053690868,0.0756403773177872,0.201213662578559,0.546640972225755
373,0.0274840725305173,0.0757851159891268,0.201202200068995,0.552138447445014
374,0.0274695800393873,0.0755722261041314,0.201409981642225,0.555336969985405
375,0.0274759219143468,0.0757353364068588,0.201464127710554,0.547991772764749
376,0.0274786132385438,0.075751788812883,0.200891534940785,0.549981207419341
377,0.0274981149486187,0.0757223521068965,0.201863053624553,0.552990317191538
378,0.0274769035046811,0.0758042084204029,0.2023226164157,0.54744311485725
379,0.0274826768409181,0.0757642405123018,0.201983814759661,0.552107523672001
380,0.027474662856746,0.0758096645307828,0.201389714744336,0.546650560929283
381,0.0274879658799396,0.0757473371337177,0.201553163948396,0.55043231275981
382,0.027485955742904,0.0757554736951719,0.201445280514214,0.552690074093884
383,0.0274818685837573,0.0756967561814966,0.202038898114155,0.546129055844228
384,0.0274702036348311,0.0757549042032498,0.202416889026284,0.550988897843439
385,0.0274829922032405,0.0757568356606263,0.201360013823332,0.552385075103212
386,0.0274795699877932,0.075814298312995,0.20176157126808,0.545165941344932
387,0.0275043674186262,0.0758394467421133,0.201618945582888,0.555743100540797
388,0.0274874351234659,0.0757444611662287,0.201030585804861,0.545415942272425
389,0.0274889204755958,0.0756551492587295,0.201358492451925,0.54332034321467
390,0.0274728673537292,0.0755806967278716,0.200445451178521,0.547377688399943
391,0.0274880829892516,0.0758235202393452,0.201950137443524,0.54844791419285
392,0.0274806542396566,0.0758305647572411,0.201240937259633,0.545641834479716
393,0.0274671423930374,0.075723150471259,0.201206998297169,0.556126316947656
394,0.0274872079625238,0.0756455353882026,0.200397304199953,0.550741972623855
395,0.0274874174668045,0.0758505562077872,0.201686591968815,0.553536950851465
396,0.0274671585871134,0.0757729178516897,0.201418090186811,0.55084414440891
397,0.0274923532236276,0.0757448219653325,0.201678150493424,0.552893083393028
398,0.0274836574431618,0.0756775234086274,0.200782354911823,0.551687589856789
399,0.0274781195510374,0.0757498933203815,0.200781669957035,0.543579876388007
400,0.0274769161988929,0.0756828313683465,0.201238700365994,0.550248175411022
401,0.027480187184086,0.0756696678843485,0.200831349878875,0.548315006657687
402,0.0274856082754709,0.0757264334466007,0.201216700722653,0.541588295056847
403,0.0274749511479028,0.0756414671014478,0.20188435908792,0.544678813173569
404,0.0274641842776254,0.0756360466755452,0.200303964196595,0.545505641005369
405,0.0274900411580344,0.0757717292532582,0.201768573791881,0.553549691846419
406,0.0274690724501239,0.0757649492388954,0.201921623961132,0.541271744082118
407,0.0274694694278564,0.0757322087103146,0.20194167457062,0.549463353242756
408,0.0274651671823483,0.0756430915662271,0.201160724942197,0.546725488623702
409,0.0274646400626593,0.0756896387792985,0.201323831965264,0.547892724914695
410,0.0274977046824763,0.0756122306540498,0.201650553478632,0.553240287671426
411,0.0274749483074302,0.0755594628511915,0.20087196413889,0.546565518843911
412,0.0274748648111392,0.0756972496495954,0.201211113007037,0.555774028100065
413,0.0274668966614768,0.0756414900839581,0.201395830611839,0.546544834313349
414,0.0274709031038251,0.0756271900627182,0.200552654738761,0.551488562329941
415,0.0274915737339957,0.0757034554333023,0.200944224728128,0.549699560948106
416,0.0274682283814179,0.0756618378972044,0.202040268364999,0.543994348816698
417,0.0274851181555433,0.0758220112969704,0.202094965298531,0.545883418177183
418,0.0274745178015064,0.0757285518147383,0.201109384313909,0.549721940448042
419,0.0274669913432569,0.0755598189394575,0.201358697926633,0.547731562320194
420,0.0274764594029764,0.075663551065123,0.200898531352411,0.550773686714639
421,0.027491556328142,0.0757798508563254,0.201063854553347,0.541955990867432
422,0.0274708815965629,0.0757706416389591,0.201466179772547,0.548176717324049
423,0.027468797909283,0.0757011595240681,0.201835289495424,0.550606886889891
424,0.0274877554412899,0.0757616646414686,0.201645336423075,0.547325025931124
425,0.0274836294967349,0.0757903524665957,0.202597744553991,0.546594717167188
426,0.0274795259137521,0.075764015223889,0.201065993394197,0.550817023830176
427,0.027461084278805,0.075770163160419,0.201011577056713,0.545564461954004
428,0.0274790352549924,0.0757271683295548,0.201531335818967,0.546892421386451
429,0.0274743888232293,0.0755321484052352,0.199839338927817,0.543253164603119
430,0.0274761387729594,0.0756912755092677,0.201284134236122,0.547722808916679
431,0.0274614502041498,0.0756553448701436,0.201789509921746,0.55195102489089
432,0.0274658687445949,0.0757551377903444,0.20131513779155,0.545432432272428
433,0.0274647565423666,0.0756261619325167,0.200854536351419,0.549071099061712
434,0.0274767060048176,0.0755820939976895,0.200420879856491,0.543346338167626
435,0.0274896028755202,0.0756399840423135,0.200926981917189,0.546750641514859
436,0.0274968008303013,0.075867922454878,0.201415980527447,0.547941530298463
437,0.0274780306750019,0.0757456746437066,0.200994101562315,0.549832994361629
438,0.0274787259698716,0.0757857064369657,0.201636527571256,0.552831388675062
439,0.0274894172319562,0.0756582098701524,0.200646414721256,0.552058285369732
440,0.0274763943810578,0.0757811255314664,0.202344548866024,0.551454698580446
441,0.0274670354834798,0.0757570046910909,0.202020609013653,0.551089488506471
442,0.0274837140757491,0.0757227443534928,0.201999107305584,0.555867395612957
443,0.0274774537090368,0.0757216107478772,0.200928662457887,0.545426264473596
444,0.0274717331841137,0.0756947548861594,0.202131494964849,0.554388204501328
445,0.0274868809949104,0.075779859210297,0.201413769168665,0.556674516515487
446,0.0274902089055832,0.07579727238787,0.201409753074189,0.551714664374083
447,0.0274672482301368,0.0756755248778519,0.201081808542164,0.547405873359635
448,0.0274928145260168,0.0758326204123018,0.201669760806768,0.551502818993678
449,0.0274850833426922,0.075765064377711,0.20217287108547,0.547295306428547
450,0.0274610019694242,0.0756513489120937,0.201187024798542,0.543990436631151
451,0.0274735132893146,0.0757340991029125,0.20133070004578,0.545584271315529
452,0.0274704402250529,0.0757522979813398,0.20067687575194,0.54923100906579
453,0.027502396495583,0.0758408252573308,0.202228024756248,0.549699938500384
454,0.0274971907899966,0.0758765542102842,0.202515276573216,0.553545091226708
455,0.0274804175959703,0.0756637443293882,0.201512943611458,0.548772669107037
456,0.0274738406533127,0.0757367140466366,0.201203595542432,0.548777917902668
457,0.0274927428194409,0.0757491286668151,0.202492363082553,0.54684305336394
458,0.0274718203802758,0.0757497512483065,0.201500050473595,0.554122254692597
459,0.0274736630872394,0.07576809104453,0.201279636487497,0.554764551287843
460,0.0274672831075949,0.075658648528911,0.200210406351829,0.545968804100249
461,0.0274673774899479,0.0756556589804442,0.200367840364868,0.550473818488693
462,0.0274811550627097,0.0756318066509444,0.201173685628953,0.55291172798396
463,0.0274775347160917,0.0757899404500677,0.20201660626378,0.55020416473822
464,0.027493176664325,0.0757658159615096,0.201472246318792,0.55210439850572
465,0.0274843311152183,0.0757448185134331,0.201228819232595,0.548663642963808
466,0.0274744004005401,0.0755940714648038,0.201185674199597,0.548484370451411
467,0.0274917928415412,0.0758504765815581,0.201387032964809,0.546811818137377
468,0.0274917256893173,0.075802828659018,0.20096814094891,0.550345820697018
469,0.0274710501606459,0.0756413869431901,0.200307742005972,0.54796918702047
470,0.0274812437328754,0.0756678031602161,0.201657974565211,0.546670749793393
471,0.0274691046340637,0.0755865507986946,0.200477863260098,0.551328559112853
472,0.0274605314001019,0.0757204694390224,0.201528616874172,0.55314269568973
473,0.0274956537651513,0.0757201273144455,0.201687223945701,0.547480786714577
474,0.0274712528880809,0.0757720338418285,0.202164838008605,0.551320253957127
475,0.0274702179917912,0.0757296462877041,0.200753595945189,0.551770381239662
476,0.027463421337438,0.0757641592609145,0.201016919824216,0.540424057451296
477,0.0274567742904847,0.0756757344608793,0.200564682963788,0.54532755490204
478,0.0274800396798689,0.075648449490273,0.20103363069328,0.548689154827649
479,0.0274773321890809,0.075733312033722,0.201539151352912,0.54744820836276
480,0.0274771808931147,0.0758897299501528,0.201648120786185,0.545573302034573
481,0.0274588767885336,0.0756642074140335,0.201112203310332,0.553739340236669
482,0.0274895811238692,0.0757303046523989,0.201828321688395,0.553792237103861
483,0.0274741498701495,0.0757026270728183,0.201459734226088,0.549391634275427
484,0.0274749683359538,0.0756194769087295,0.200964362860612,0.54690340754189
485,0.0274863350542096,0.0756334486088647,0.20202757550727,0.548556409908188
486,0.027473834397582,0.0757395722225543,0.201438687011416,0.550215165723707
487,0.0274770439367484,0.0756489871641244,0.200529030156901,0.548317087786821
488,0.0274860911117929,0.0757472660408406,0.201173935600348,0.548132643207673
489,0.0274838828434898,0.0757578089761547,0.200790405793451,0.558126304066087
490,0.0274743855468829,0.0756712093579371,0.201615823725476,0.553734621950971
491,0.0274816343157155,0.0756094142523086,0.200744620176712,0.550294991474048
492,0.0274799137734949,0.075796109232838,0.20148636632285,0.54722550363857
493,0.027479786782401,0.0756637486871818,0.200702655717381,0.545562486747664
494,0.0274980018710186,0.0757076494910615,0.202000280333345,0.550872690860625
495,0.027498446451167,0.075778539372394,0.201475315019287,0.553220042333046
496,0.0274873481167133,0.0757775098616674,0.201746835377177,0.554936571944321
497,0.0274745143500296,0.0757035079301809,0.201718236099924,0.548019394966215
498,0.027474187377066,0.0756017552327919,0.200645761433097,0.547192724677324
499,0.0274912607648226,0.0758757316664856,0.200966826093082,0.547081870680955
500,0.0274615265857524,0.0756079706347156,0.200180709510423,0.548282914799787
501,0.0274667503366909,0.0756807856701078,0.200459921257001,0.546455113478191
502,0.0274790698302412,0.0756805941218977,0.201236261114314,0.546360346665419
503,0.0274711251916037,0.0758019743450305,0.200952816813863,0.553886998251034
504,0.0274698895600314,0.0756950725235705,0.201199489971862,0.540469346911487
505,0.0274747037534853,0.0756470922678614,0.20176475797387,0.546443762472613
506,0.0274882783356175,0.0756655420895207,0.201597432327147,0.546356880447273
507,0.0274729011257747,0.0757301118803271,0.201221600236702,0.543821649482173
508,0.027477411222656,0.0756952397640798,0.20165214599318,0.54668337691062
509,0.0274802606369477,0.0756622571840179,0.201156794380378,0.545352710985099
510,0.027464338490037,0.075651543139733,0.20044636518956,0.545918699981015
511,0.0274825437079747,0.0757533812010336,0.200809444226486,0.544331669310618
512,0.0274758769707728,0.0756798413918605,0.20198912664578,0.546220529370989
513,0.02748395400719,0.075762615960706,0.200878826439084,0.54620644290736
514,0.027472906210093,0.0757698058424695,0.201430996514828,0.552340007675963
515,0.0274773078398869,0.0756327678236691,0.200890944744049,0.547043606661481
516,0.0274832278292706,0.0758529431495273,0.202139610769912,0.554299403128333
517,0.0274765140687869,0.0758149938941254,0.201481102998054,0.549840822919645
518,0.0274688749323471,0.0757533058545664,0.201679004623861,0.541968190623215
519,0.027482530807398,0.0758784079385011,0.202117085138096,0.544358959447448
520,0.0274681834277345,0.0756517693804859,0.200788336432344,0.547538649524561
521,0.0274835717464285,0.0756911161007524,0.20118171120842,0.552057454527717
522,0.0274915867884642,0.0757396647477722,0.201035440252107,0.549217823077953
523,0.0274859812715882,0.0757554088170284,0.201721345701687,0.551311885206172
524,0.027490428694659,0.0757984850225096,0.201960515898341,0.5458380466081
525,0.0274762450496099,0.0757266610690283,0.200971032127687,0.542306128731895
526,0.0274768629135363,0.0756538501365998,0.200227906495618,0.544853086872674
527,0.0274795474736846,0.0756252778323933,0.200193595617993,0.553385229850903
528,0.027490246021302,0.0758253583286323,0.201077270154303,0.548986988202678
529,0.0274821158929843,0.0758648409629337,0.201828399635632,0.544449074869048
530,0.0274910102006134,0.0756829024936141,0.201658318538859,0.553106251246839
531,0.0274737628328198,0.0756560451747404,0.201000981357596,0.547848943911538
532,0.0274747444896315,0.0756745916299948,0.200602115794019,0.546302280319454
533,0.0274714991809106,0.0757077467425564,0.201295045144973,0.548366223986938
534,0.027458889096255,0.0756310721470204,0.200590222331451,0.546878587320532
535,0.0274843181807586,0.0757221908877201,0.201946662842992,0.553269308366572
536,0.0274729218305794,0.0758121897073623,0.201725293310522,0.54482818320247
537,0.0274637260570308,0.0756431913253507,0.200390846731729,0.553809901189661
538,0.0274669684129222,0.0757677803714973,0.201069053875463,0.540678066502952
539,0.0274715746435414,0.0759150020132903,0.201704057767999,0.549044292806668
540,0.0274906219795049,0.0757822676058505,0.200968685350846,0.549617535298981
541,0.0274838001972544,0.0758877989500692,0.202111944815584,0.552272844358431
542,0.0274742544688216,0.0757262647024786,0.201709370930526,0.541941334333565
543,0.0274795434994841,0.0756510444544924,0.201109275077186,0.554124978736519
544,0.0274737074663095,0.0758263203656847,0.201244507488091,0.546721591197758
545,0.0274868205978258,0.0757119409591214,0.200858319857949,0.545894336090763
546,0.0274771913529626,0.0757043903907302,0.200961347812158,0.545360629781859
547,0.0274818292603952,0.0757390483335303,0.201760554306725,0.552385784850651
548,0.0274541437554202,0.075707771792782,0.201097245034715,0.548743884352971
549,0.0274917175544448,0.075892328375492,0.202484082438383,0.558984160817769
550,0.0274630583085494,0.0757437602092578,0.201935059888752,0.55037897325714
551,0.0274801708353879,0.0756554706992397,0.200656486146635,0.545739318199607
552,0.02747478933687,0.0756369968079212,0.201532140742118,0.548211223082182
553,0.0274706943825185,0.0756760602559857,0.200920507989265,0.547694802772416
554,0.0274791298469012,0.0758405844815291,0.200881425080852,0.549513811031947
555,0.0274735433512229,0.0757185999113127,0.200787554133671,0.545626827795905
556,0.0274761424272188,0.075731128595458,0.200666309035563,0.547906970107068
557,0.0274830062119266,0.0756699559217328,0.202033287134232,0.549427637086311
558,0.0274755744747782,0.0757561556153491,0.201926936356661,0.548084126920732
559,0.0274807059262153,0.0757035952663783,0.201110253609764,0.546662410898197
560,0.0274811589540602,0.0756721814373295,0.201622165541976,0.545772358734775
561,0.0274663324256214,0.0756656427669994,0.200873505508736,0.546479315113767
562,0.0274794337564236,0.0756680337961005,0.200265906058844,0.545984467831833
563,0.0274788963358763,0.0757760917431481,0.201712734182338,0.547128425333393
564,0.0274861257414555,0.0758174494485635,0.201848342458518,0.549051838613676
565,0.027478296696477,0.0758011410368756,0.201708247636023,0.55001916160358
566,0.0274762404954273,0.075707882905058,0.200751858239727,0.545349865301728
567,0.027478314173789,0.0757987980782267,0.20182074470836,0.553944041651643
568,0.0274792114411094,0.0757845040296968,0.20120958564712,0.548409772567875
569,0.0274737487004611,0.0756442550639211,0.201756176311814,0.54789749309874
570,0.0274521806079996,0.0755921673489617,0.201434988790193,0.544972916784024
571,0.0274817788929116,0.075654639215642,0.200875608611052,0.550011703787306
572,0.0274780530928617,0.0758497753529044,0.200850654713656,0.541455711180356
573,0.0274794364905081,0.075764279947687,0.200990703358392,0.545934046276714
574,0.0274881363172807,0.0757440980207595,0.20129728491905,0.552098325941789
575,0.0274700189788477,0.0757699144117823,0.201862922594815,0.549661788343456
576,0.0274797179154957,0.0757405491466777,0.201860887575881,0.548984687663015
577,0.0274832273091589,0.0757487509042478,0.201640677818573,0.55381506234861
578,0.0274718494658175,0.0757189683327447,0.201311631496506,0.546187931161617
579,0.027490200227359,0.0756834322024233,0.201540454806139,0.550801639958917
580,0.0274828705738949,0.0757502933714655,0.200830988621461,0.54964435346142
581,0.0274691952777478,0.0756923554598356,0.201802841858944,0.556174608685818
582,0.0274866617666312,0.0757928985098964,0.20263227111449,0.548581658594877
583,0.0274846373472988,0.0759012484318585,0.201206932341016,0.546564945604683
584,0.0274620176650172,0.075683815820791,0.201414480620732,0.560122561785521
585,0.0274788078360679,0.0757021939235583,0.201122379920346,0.555581883380029
586,0.0274895978733557,0.0757122902882923,0.201846531661266,0.554659276066925
587,0.027479149145884,0.0758320067995082,0.202337260319168,0.549407252422542
588,0.0274792703182194,0.0758597759926597,0.201073587771781,0.553490929578463
589,0.0274969949141795,0.0758030796330222,0.201286798246546,0.545330876701093
590,0.027477136682379,0.0757652133231125,0.200870895765339,0.546625724821271
591,0.02748788536606,0.0755993780920195,0.200898565788961,0.546103309572976
592,0.027479442114556,0.075687788130469,0.201352896226765,0.549211790619585
593,0.0274866290172418,0.0757000815951983,0.201498674299895,0.548299355575781
594,0.0274661156197662,0.0756148081018526,0.201633568537258,0.555258115400183
595,0.0274799368571117,0.0758444535754373,0.202231347901789,0.551013506491348
596,0.0274798150488244,0.0757620069852728,0.201028642316617,0.550945552274709
597,0.0274780489760886,0.0756723347232177,0.201434250371793,0.547615690306666
598,0.0274807648767916,0.0757199408921661,0.201193888174709,0.549060679681014
599,0.0274799520269749,0.0757530419005461,0.201582139001804,0.543867725245594
600,0.0274663042629488,0.0757823594155578,0.2007067223192,0.552376547006905
601,0.027472441524366,0.0756937171414965,0.201533566440198,0.554949700270765
602,0.0274706174540677,0.0757535296971301,0.20128165986639,0.542955399960897
603,0.0274760132244268,0.0756378803435718,0.201028225634987,0.545797950332207
604,0.02747582069787,0.0757147939749473,0.201923230276562,0.553255328979559
605,0.0274672971518863,0.0757590033307796,0.202395538790208,0.55262923972129
606,0.027487913875506,0.0757571546814103,0.202166033377197,0.550540394716069
607,0.0274879486427339,0.0757130857929285,0.201667519534033,0.543516257172766
608,0.0274902316991067,0.075848507976349,0.202068719225676,0.549811549967059
609,0.0274743848379062,0.0756324987246031,0.200973022040442,0.547621077175099
610,0.0274786154330538,0.0757376583320939,0.201378740182077,0.545044220902683
611,0.0274810419131517,0.0756802474263185,0.20098776245532,0.549784788080928
612,0.027468619052568,0.0755855093516501,0.200837144810044,0.552993296762925
613,0.0274913353349961,0.0757162747415497,0.201172481098233,0.541030032403414
614,0.0274803727151538,0.0756901988693046,0.201217984434758,0.548876445272255
615,0.0274807975449801,0.0757915025132868,0.201450935504385,0.54914364951765
616,0.0274887188856556,0.0757938395542739,0.201360897675795,0.551415293874862
617,0.0274674210100359,0.0757242157643123,0.201508150702786,0.549572118780841
618,0.0274728826401241,0.0758787329586381,0.201192915531076,0.549834454250436
619,0.0274769504492522,0.0756892458161468,0.202067659233196,0.551310719421685
620,0.0274779155894614,0.0756921657717621,0.20137475333092,0.546443423747317
621,0.027468080738561,0.0758034380711896,0.201071369771134,0.548186042019211
622,0.0274931893450947,0.0757778724938717,0.201257963477815,0.553400205370486
623,0.0274744056345303,0.0756111287782016,0.201621828578494,0.544461036495163
624,0.0274972985573342,0.0757993368030758,0.202006169505856,0.551951688736453
625,0.0274822710874796,0.0757001832841079,0.200986384154257,0.544890236577841
626,0.0274629734148811,0.0756683360259681,0.201060902758315,0.547146240093898
627,0.0274845303427263,0.0757775562195112,0.20183701500197,0.549842010568677
628,0.0274724768237736,0.0756897927581226,0.202384093268556,0.553645887400018
629,0.0274838919446603,0.0757044967566445,0.20089630493144,0.544343859624417
630,0.0274672573881087,0.0756544786552967,0.201460141937632,0.546806885355254
631,0.027476099039902,0.0757094519919915,0.201455439662032,0.544915939845396
632,0.0274770839357024,0.0758823040425,0.201868465303857,0.553879957974443
633,0.0274653275773279,0.075764669427943,0.201753638762478,0.553412127637953
634,0.0274859035325342,0.0757694446085906,0.202352654947527,0.549882954599246
635,0.0274897851483329,0.0757039634664501,0.200626692133574,0.547642311915993
636,0.0274718986652345,0.0756608275154998,0.201251227936316,0.544443881883703
637,0.027478217055994,0.0757235790120458,0.200172387835395,0.5416606377337
638,0.027492822758959,0.0757846083863703,0.201438821788677,0.544092427504519
639,0.0274777192730169,0.0756914328580481,0.20110073779898,0.550449948087677
640,0.0274723623452502,0.0757204506849324,0.20174179740395,0.558183435051569
641,0.0274836903846422,0.0757267372887953,0.200653307676437,0.547530324446862
642,0.0274842247275747,0.0757750133037928,0.200965711055643,0.546882845429986
643,0.0274739432066721,0.075687872922831,0.201037074035422,0.547692816263123
644,0.027489293679925,0.0757701702640157,0.201440677307539,0.538417007258073
645,0.0274690759033216,0.075682431060808,0.201137904881294,0.548564390336229
646,0.0274853478759567,0.0757213450788845,0.201449460153961,0.549611080934014
647,0.0274771183888218,0.0756628944550802,0.200647207065683,0.544874205362087
648,0.027481386647948,0.075721652985951,0.201419447164964,0.554169321901492
649,0.0274669735298099,0.0758602885151875,0.201325254176706,0.544527898199046
650,0.0274921304389151,0.0758115705490107,0.200947750207133,0.55006636980508
651,0.0275005776405292,0.0757523738253828,0.200818180091407,0.547145179008257
652,0.0274867290236579,0.0757975201533873,0.201348294464569,0.549109402209381
653,0.0274770602482628,0.0758040030062049,0.202162421062864,0.554315647898503
654,0.0274910547358543,0.0756898260395752,0.201526564395388,0.54715644672288
655,0.0274780147752125,0.0758222422359668,0.201841694224796,0.549160634593959
656,0.0274815588517591,0.0757443600196247,0.202082871538505,0.552736263976549
657,0.0274742951277283,0.0756998712429192,0.201195945608502,0.548271943444624
658,0.0274776443322222,0.0756979260251532,0.201503644830848,0.546536919501181
659,0.0274775850695978,0.0757772765240593,0.200877866497237,0.545536603133476
660,0.0274647315553444,0.0756168844134435,0.200669633011181,0.543238931571878
661,0.0274916588414949,0.0758826330761764,0.201939300095563,0.547987420819991
662,0.027480535385614,0.0758347910150066,0.202523503222318,0.550471460915871
663,0.0274851744903286,0.0757719815858332,0.201571472001261,0.546577852520433
664,0.0274727302136159,0.0756562657105347,0.201028702157873,0.551580534013487
665,0.027479307142604,0.075757529850833,0.201325373211958,0.548011503474283
666,0.0274910723470624,0.075790801163127,0.200997419672618,0.548292752167197
667,0.0274791998693125,0.0756576522212045,0.201036965300214,0.549960081986381
668,0.0274873054479395,0.0757847071569081,0.20195128402854,0.552155262999448
669,0.0274815672209293,0.0756697274233892,0.200872900193147,0.549520552617742
670,0.027480340455772,0.0757289685209724,0.200412547219804,0.547785397649679
671,0.0274775720208276,0.0757267891327665,0.201521658185849,0.552139830413032
672,0.0274763798452568,0.075739979135024,0.201124141062529,0.546300040932243
673,0.0274988596354253,0.0757649486601383,0.202485101569282,0.546234829185902
674,0.0274697828039563,0.0757941811730256,0.202141814285999,0.547987546268727
675,0.02748424244617,0.0758866527336138,0.201445823900646,0.546042408012096
676,0.0274754924031906,0.0757696478715522,0.201317399820132,0.547257109452441
677,0.0274594917513746,0.0757447476515368,0.201218831356052,0.547995719165999
678,0.0274783648848113,0.0755442741045743,0.200044369119656,0.548764223157437
679,0.0274714997421747,0.0755889388340722,0.19999648812116,0.547831559948921
680,0.0274679148576754,0.0757085922819433,0.201859556292986,0.554050409343995
681,0.0274853022507075,0.0757369857230375,0.201386485495839,0.548218812442653
682,0.0274759285782733,0.0755656003610045,0.200535337696556,0.546346349443167
683,0.0274919706718755,0.0758056593867366,0.202356270294368,0.554598197261161
684,0.0274831706905352,0.0756159238989866,0.200577327175049,0.543557538253887
685,0.027475541596136,0.0755868416490497,0.200778425012305,0.549592207963787
686,0.0274826933000061,0.0757836272811518,0.201917223120065,0.546771746804667
687,0.0274740880753969,0.0757441296109277,0.201916927194547,0.553859716813438
688,0.0274878645081668,0.0757864353630917,0.202173995402714,0.548562875258318
689,0.0274737383704666,0.0757616707770379,0.201240335383869,0.550771001547335
690,0.027459922094328,0.075687265986053,0.202351724143882,0.546899400379516
691,0.0274683337236472,0.0758039581672535,0.201231150557854,0.551995481080525
692,0.0274863110182832,0.0758425522827757,0.200961942972688,0.548282832371517
693,0.0274724537095551,0.0756847675754161,0.201861413029994,0.549787340632244
694,0.0274885246370361,0.0755927580773896,0.200585535550706,0.544653207995467
695,0.0274713324799348,0.0757713887658249,0.201307281319035,0.546952206988651
696,0.0274862452530702,0.0758938027045528,0.202605079310178,0.546346860530517
697,0.0274641450472814,0.0756340864196207,0.201531323798988,0.546539155315169
698,0.0274836251573669,0.0758210500738219,0.202063777242151,0.546989550043798
699,0.0274690933872952,0.0756182375307553,0.201543260601525,0.55163222467531
700,0.0274787922346773,0.0756538622596523,0.201570905845219,0.550706573343218
701,0.0274749577172464,0.0757635066243579,0.20172428043742,0.548946911029419
702,0.0274643859818529,0.0757857241932468,0.201567902570839,0.546834987068646
703,0.0274827988559713,0.0757661357041,0.202067141041657,0.55710893859648
704,0.0274823036894497,0.0756283071042389,0.20170353982818,0.544568055934513
705,0.0274659757879748,0.07573294951313,0.200526186054707,0.55115127829763
706,0.0274756583959462,0.0756780177244362,0.200906556726544,0.548846358444612
707,0.0274828144587108,0.0756305265698317,0.200921396802769,0.550179571756978
708,0.0274922778417118,0.0757924841038031,0.201769761927732,0.553821335935989
709,0.0274710636710218,0.0755893851150528,0.201217240743945,0.549926318103622
710,0.0274903042649402,0.0757981090853145,0.200991753818434,0.549554991581059
711,0.0274861732777576,0.0758005164632526,0.201393172510482,0.54825723065326
712,0.027468156528991,0.0757787249167927,0.201215299045921,0.549363026679593
713,0.0274835764700358,0.0758320080795993,0.201188538606041,0.554610202403161
714,0.027471183756995,0.0757205273682423,0.201670151128366,0.54833514611487
715,0.0274857913699751,0.0758504073213205,0.20144659854724,0.551770418944945
716,0.0274865608165484,0.0757600218857655,0.201474366827553,0.552348203581302
717,0.0274673569757634,0.0756885559354487,0.201806227648556,0.552410493267223
718,0.0274786553787856,0.0756657698797595,0.200387863223481,0.54913177207352
719,0.0274800774133262,0.0757473643016744,0.201862309789411,0.551151501273941
720,0.0274723090465843,0.075830437080654,0.202055232252002,0.547900890895716
721,0.0274801359745708,0.0757635076656436,0.201589190731631,0.554257912994387
722,0.0274724259820225,0.0756249625469542,0.201207613049833,0.546539421475589
723,0.0274814175653575,0.075719903673427,0.200204554036293,0.545824007415389
724,0.0274464816566879,0.0755351769138363,0.200206061738074,0.544546957266227
725,0.0274804330733433,0.0757114439445135,0.201250733051453,0.544426120428836
726,0.0274740395863142,0.0756923734165227,0.201131629002479,0.543861335727943
727,0.0274691842717596,0.0757200416476735,0.201928590427231,0.549949627700944
728,0.02747599878056,0.0757898608565679,0.200925245542397,0.54400738329627
729,0.027477088748706,0.0756138632982827,0.201273454951576,0.546237171697139
730,0.0274518094794302,0.0757261321015141,0.201954248598587,0.554342235755148
731,0.0274838637937418,0.0758344900913568,0.202048659807322,0.551735087949364
732,0.0274998230520409,0.075830246302461,0.201301503349246,0.54598281104397
733,0.0274828384476239,0.0756722311004348,0.201569578177827,0.548731962038271
734,0.0274796869104508,0.0758152878187982,0.201477884712237,0.548817718063507
735,0.0274770551493861,0.0757444003760397,0.200978007306752,0.54898894511533
736,0.0274719834625112,0.0758530437871684,0.201420171940972,0.549770658087587
737,0.0274679300714382,0.0757701886317638,0.201396639688838,0.552099363250813
738,0.0274684315716122,0.0756769651949722,0.200591123678225,0.54732395842749
739,0.0274700094213353,0.0758082296175864,0.20190580279671,0.551115403353403
740,0.0274890590694589,0.0757812904066635,0.200665556508476,0.544364133058862
741,0.0274848373034756,0.0756856713340334,0.201578788755558,0.552090491745089
742,0.0274865665706719,0.0757138290655768,0.201219138042736,0.545570165435976
743,0.0274732335229777,0.0757007454391993,0.201477640680677,0.547972654984569
744,0.0274763075922361,0.0756644476420746,0.200514692954576,0.554093510652155
745,0.0274568845061601,0.0756467809766279,0.20194928625727,0.554315187578182
746,0.0274773039972782,0.0756468693570518,0.200886275970248,0.549748300721401
747,0.0274628994745471,0.0756788905088377,0.201697620238951,0.545902674189515
748,0.0274613824909329,0.075879239257959,0.201749147772906,0.544979123795891
749,0.0274720683506604,0.0757210656409873,0.201794351401189,0.548227358902064
750,0.0274770958600104,0.0757382485922454,0.200883409145878,0.543316091675855
751,0.0274782965030375,0.0759046845078515,0.201964131478919,0.550554988787211
752,0.027473331123387,0.0756490760682998,0.201632567872266,0.547206586161493
753,0.0274742640938318,0.07570470308309,0.202130589354383,0.551179955038273
754,0.027474070526582,0.0756491345117105,0.201089763669551,0.55355977715724
755,0.027473719627886,0.07571365030113,0.201079378470924,0.550865308196786
756,0.0274773793196386,0.0757465409837651,0.200643905695054,0.548134053235024
757,0.0274833713941251,0.0757949464124934,0.201292559259093,0.54315953038128
758,0.0274838117255213,0.0757133065504577,0.202211907995705,0.553439137008723
759,0.0274726308887466,0.0756468422178509,0.201114802070727,0.54756813549059
760,0.0274897094850181,0.0757581686335876,0.201525115336965,0.553699254550763
761,0.027490757790967,0.075865548912855,0.201530451619052,0.551581858574382
762,0.0274715478425634,0.0757087486371056,0.201084286801995,0.553577423572442
763,0.0274776009264845,0.0756310509596998,0.20140181224552,0.54898133696536
764,0.0274596439658295,0.0756017166983034,0.201269055243584,0.549230704998804
765,0.0274647912402587,0.0756730399365961,0.201251601583987,0.547291789416618
766,0.0274853654340523,0.0758444739396149,0.2017422840458,0.548978144389948
767,0.0274798065277606,0.0756703854759342,0.201983563519454,0.551356041545828
768,0.0274657644336897,0.0757504896311422,0.202174860878807,0.547803680949125
769,0.0274835229223099,0.0758261740285515,0.201458324816274,0.550108139355738
770,0.0274774463971448,0.0757690681908064,0.201424408639815,0.550051013886118
771,0.0274749110910024,0.0756964986637718,0.201759404830178,0.548342104921388
772,0.0274532905780877,0.0756897905080553,0.20131082254653,0.548734344583117
773,0.0274676579335996,0.0757030782308951,0.202155505240223,0.546122470238397
774,0.0274737398108342,0.0756711860934356,0.201943914720739,0.552430061735017
775,0.0274684762707469,0.0756682226917936,0.200204277602224,0.546834734287794
776,0.0274882702440154,0.0757202998568531,0.200950498016354,0.54618532325622
777,0.0274665305761608,0.0756540504408782,0.201380206257935,0.547124322349904
778,0.0274816894706354,0.0758522570364503,0.201524650341504,0.553435274616469
779,0.027478134275503,0.0757580260306697,0.201269459843097,0.549106261950226
780,0.0274798512198327,0.0758655179159971,0.201696143966245,0.548977994681943
781,0.0274783478315309,0.0757368738548851,0.201273512603915,0.548993617068633
782,0.0274916976993541,0.075762639408367,0.201689576119729,0.547789293261046
783,0.027489357818648,0.0758674545445303,0.20181940895007,0.552957250122296
784,0.0274782980906148,0.0756908363400017,0.200898188483425,0.543481388365221
785,0.0274674420356197,0.075611296416842,0.200457858631288,0.545200544504101
786,0.0274786209302412,0.0757678930613114,0.201504308348425,0.541944474498194
787,0.0274851911377527,0.0757677562274306,0.20079654366799,0.545655223057031
788,0.0274751861438884,0.0757174183548487,0.200594600686979,0.54449854510451
789,0.0274811880125691,0.0757626705973583,0.200938950124877,0.547998957455874
790,0.0274715911133386,0.0757298327492424,0.201709221237738,0.548293535235958
791,0.0274781513662866,0.0757837242459992,0.200454232078379,0.553013888200511
792,0.0274882199463649,0.0758178814412374,0.202167237939359,0.551393112051994
793,0.0274824291882517,0.0757423292494372,0.20166600541838,0.545383098003827
794,0.0274717933032475,0.0756277513832947,0.200825145737408,0.553103004676056
795,0.0274841988277666,0.0757390994351875,0.202066889562144,0.551419451974359
796,0.0274697679181611,0.0757981468642297,0.201598842375135,0.539448121187072
797,0.0274783178986089,0.0757603582636564,0.201315576543699,0.548575842362813
798,0.0274874527097026,0.0757921067611177,0.200480383837091,0.552992313436074
799,0.0274758783166315,0.0757062501144413,0.201474340171774,0.559735889671629
800,0.0274621008992053,0.0756427817215846,0.201214030286797,0.554897258485325
801,0.027471875564184,0.0756778867872994,0.200869584821581,0.548882714060574
802,0.02748193558966,0.0757397938037328,0.201624908494699,0.545399178083129
803,0.0274814553282655,0.0758046629303053,0.201617456026616,0.544523100680638
804,0.0274870422784215,0.0757867415840467,0.202111693828975,0.548971075872862
805,0.0274702310329033,0.0758492369894705,0.201546897746314,0.54766606347586
806,0.0274734548991577,0.0758845709142725,0.201106326046973,0.543993680133703
807,0.0274964918992554,0.0755647753424055,0.200909687265755,0.549953493482334
808,0.0274730425028031,0.0756004828207044,0.201596637944533,0.547451591732114
809,0.0274963112042359,0.0757757547739578,0.201448880199342,0.542735003852414
810,0.0274726916914139,0.0757133463968374,0.20116373722843,0.545262352023316
811,0.0274771165356385,0.0758013440126005,0.201188299460382,0.547209729378983
812,0.0274904667784808,0.075717932496958,0.201354016484733,0.547069707268288
813,0.027483171934562,0.0757548207253206,0.20021767863167,0.539473132985436
814,0.027480466885493,0.0757319157874049,0.201477284820034,0.546675611884007
815,0.0274694480116149,0.0757335734179568,0.201318831312877,0.548577285619544
816,0.0274821852910007,0.0757735184988343,0.201736140614194,0.547708944704943
817,0.0274833545650578,0.0757967489753444,0.201285742247088,0.548559274603327
818,0.0274825557315052,0.0757498274881586,0.201734119479238,0.552363653746025
819,0.0274688383393092,0.0756415775158173,0.201670301823535,0.547628644055997
820,0.0274825204915825,0.0757284983292027,0.201391806841593,0.546869614909553
821,0.0274758996909052,0.0756192451931981,0.201950558973921,0.54288136015801
822,0.0274626384872139,0.0756493722343091,0.200730050277511,0.555159466636915
823,0.0274764639080697,0.0757146881570859,0.201653455070601,0.544828419396533
824,0.0274922246058224,0.0757874624753664,0.201961042737753,0.551940797110765
825,0.0274852666046459,0.075766511542953,0.20124007516865,0.549577321952313
826,0.0274811215354965,0.0757146570003464,0.201374340021198,0.545852206757322
827,0.0274644877897723,0.0757224680200401,0.200781448738022,0.542223346705792
828,0.0274888361893104,0.0756814742046854,0.201323490842767,0.550805924907891
829,0.0274878908175512,0.0758059389926414,0.201891297984757,0.552818479528494
830,0.0274682153778833,0.0756768910536798,0.201192872417963,0.544911351717768
831,0.0274794102690631,0.0756578267477771,0.200993571870166,0.546909847091644
832,0.0274713089626553,0.0757184856307436,0.200942629216492,0.551713882496341
833,0.0274742105812967,0.0757134780674884,0.201858253337202,0.549909890889575
834,0.0274728020394224,0.0756730312008722,0.201169495973945,0.54754792451725
835,0.0274914014355979,0.0756565612993091,0.200460360207714,0.547845531731669
836,0.0274737028680876,0.0757278191648512,0.201321651028407,0.549317097492315
837,0.0274537273705599,0.0756732151464643,0.201281772001222,0.549937064656424
838,0.0274631014042471,0.0756703628115924,0.200769534187986,0.548511674929214
839,0.027505267107817,0.0757244301591498,0.201257558256792,0.548432606503186
840,0.0274752588214552,0.0756589888976954,0.201240001976614,0.550700035535162
841,0.0274676432409848,0.0757440165834757,0.201471370900925,0.550952867289539
842,0.0274652410520179,0.0757492537065432,0.201849966759408,0.544889246012928
843,0.0274769300896411,0.0756841369130908,0.200607620702541,0.542127801122033
844,0.0275014286698263,0.0758727591052636,0.201449298514745,0.543395176974215
845,0.0274768317317281,0.0756530723479535,0.20125122096022,0.549385625564741
846,0.0274854320071529,0.0757006588736758,0.200676491174589,0.547082000313206
847,0.0274715725352472,0.0757249889854905,0.201841480959076,0.545750704836646
848,0.0274646520656127,0.0757048166134699,0.201537221441026,0.547225709755534
849,0.0274766706914918,0.0759101571951748,0.202001469935642,0.549807069181821
850,0.0274707893764031,0.07573023399468,0.201394120476796,0.548702155436209
851,0.0274675009533203,0.0756915453782696,0.202055669673856,0.546085938305353
852,0.0274937691526382,0.0758222482451252,0.201543141169457,0.549012961826383
853,0.0274784507668057,0.0757163820266159,0.20108422590425,0.543558315453585
854,0.0274731900346663,0.0757130914066199,0.20154323376799,0.545493861123908
855,0.0274770366053386,0.0757027857215605,0.200829817060085,0.549964069238855
856,0.027476363703679,0.0757022259779665,0.201121686495526,0.550994017171369
857,0.0274811102820347,0.0757466251866076,0.200845454484122,0.542041482996081
858,0.0274940509247978,0.075828951998079,0.201694680331292,0.544961205533668
859,0.0274714089803567,0.0755614932623506,0.202130840150539,0.553331558477143
860,0.0274796278633515,0.0756672134418041,0.201146070333044,0.547405889787922
861,0.027487780964222,0.0757821807702495,0.200938746820076,0.54951358358567
862,0.027479751145195,0.0757037108718931,0.201166596206745,0.546232521539001
863,0.0274862506868912,0.0756986271462492,0.201457679877817,0.551228483653736
864,0.0274780787177413,0.0757244836194998,0.202042831221599,0.552417969933341
865,0.0274596300600592,0.0757025179386692,0.20123542616819,0.549103795243253
866,0.0274645252285703,0.0757141369590642,0.201163372515916,0.555147741467521
867,0.0274848718593327,0.075744668354199,0.201592592598549,0.547468413143221
868,0.0274886672459734,0.0758753314084912,0.202569298286143,0.545597772605012
869,0.0274737732162615,0.0757270353814657,0.201354072341823,0.551952807674859
870,0.0274822046912411,0.0756855722778047,0.200694837461121,0.548632783330635
871,0.0274897641527452,0.0758770779043884,0.202028905068987,0.543331908906227
872,0.0274779022183032,0.0758573239374283,0.201634708623273,0.551727259276938
873,0.0274902546410422,0.0758612286926046,0.20095715505988,0.54663713452732
874,0.0274911741137011,0.0757555064817239,0.201559257749171,0.549217312503012
875,0.0274828263103137,0.0756600411305099,0.200697204429278,0.550834075156017
876,0.0274871765157892,0.0757831961666737,0.201235805039405,0.548748143106565
877,0.0274695495280421,0.0756584141430547,0.201783032140722,0.54824138894625
878,0.027472742810364,0.0758052773596154,0.202152465269143,0.553732076942526
879,0.0274944581862189,0.0758150453541936,0.201787459257498,0.547014704966051
880,0.0274868189738196,0.0757520868119343,0.202066757934101,0.548264619341727
881,0.0274740010473186,0.0757447208169529,0.201028232822865,0.548268861187103
882,0.0274832583001234,0.0756955810705194,0.201871060810689,0.549311366906065
883,0.0274743868668262,0.0757819282651311,0.201235896892775,0.548095615387554
884,0.0274689747648595,0.0757070403130047,0.20161914028019,0.550692969164065
885,0.0274763956540767,0.0756312249466609,0.200851927003313,0.548634961721603
886,0.0274776723154761,0.0756463783470418,0.201631630459376,0.550683477026397
887,0.02749013602649,0.0757035490157374,0.201382441813934,0.549015449757673
888,0.0274787465616599,0.0757470159153414,0.201258349829506,0.544370531617248
889,0.0274769815843106,0.0756326901915003,0.200908746119023,0.548339142913151
890,0.0274731583194185,0.0756444738707512,0.201299472786242,0.552789784008676
891,0.0274790609412383,0.0757542750336185,0.201147285769668,0.555059024082202
892,0.0274967549673109,0.0757224437312634,0.201332274862123,0.545028521006915
893,0.0274756592231106,0.0757364648836503,0.201285391857814,0.543879297858264
894,0.0274736385483677,0.0757685774620946,0.200854015867963,0.546498810234031
895,0.0274803614091382,0.0757019781616564,0.201467940225812,0.547768950976781
896,0.027492239238811,0.0757424235655463,0.200769897921563,0.546695134742273
897,0.027488095794748,0.0758124349661088,0.202399556036592,0.548561064091832
898,0.0274667273556535,0.0756842293406137,0.20081946480268,0.545628440806488
899,0.0274691749319742,0.0757380143250769,0.201392971881015,0.547296359399144
900,0.0274803470182912,0.0756769164466648,0.201520826913853,0.54505396989118
901,0.0274842041347761,0.0757361367464798,0.201724238823567,0.550347838836596
902,0.0274843151422687,0.0756144229955058,0.201023813810626,0.546302273199914
903,0.0274805168493267,0.0758266576388821,0.201589958525563,0.548777131690542
904,0.0274808270374809,0.0757186536397342,0.201008047734211,0.547612551526006
905,0.0274720093441098,0.0757624290260485,0.200903731428444,0.539000752480299
906,0.0274688459655608,0.0756016085877077,0.201235707604772,0.542493999396563
907,0.0274745755928141,0.0758222107415919,0.201529052100156,0.54850412258118
908,0.0274755289157723,0.0757226536753518,0.201417563144031,0.548361054622187
909,0.027468782318566,0.0757379486124282,0.201169131816353,0.545133939599758
910,0.0274863280729087,0.0757324904031977,0.201383512575993,0.545894883094721
911,0.0274775602907853,0.0755852891871777,0.201315481931379,0.547214067350728
912,0.0274696815349482,0.075762164309401,0.201661843693412,0.548166807359338
913,0.0274626344780046,0.0757567037365192,0.201814172080272,0.552303482173039
914,0.0274778755857737,0.0757857926956507,0.201438227798559,0.55073673716155
915,0.0274838672392457,0.0756587957309253,0.200779847790471,0.544758954087333
916,0.0274674767881059,0.0758241306534041,0.201413275864388,0.552584961263621
917,0.0274865296556789,0.0757593205932802,0.201021854247162,0.540020195254866
918,0.027471783801947,0.0757595618016856,0.201749280113864,0.543750901128907
919,0.0274799102835133,0.0757403590857005,0.202874844004311,0.553998763421658
920,0.0274636768562155,0.0757479597771958,0.201575610364307,0.553998115796147
921,0.0274788020211032,0.0758383520183441,0.20138423238591,0.551949738839947
922,0.0274793770226086,0.0757906859523241,0.200651389411543,0.550117363639579
923,0.0274753909970578,0.0756755280724498,0.201268835802671,0.548551688778421
924,0.0274847913591287,0.0755599708003289,0.201375221768023,0.550503605666017
925,0.0274732288069767,0.0756534444394883,0.201130126018979,0.551190696290858
926,0.0274717860471629,0.0755904721429038,0.20069832270114,0.54672297362606
927,0.0274975828342461,0.0756257286977344,0.200782951607034,0.547331605495367
928,0.0274772955187753,0.0757316195161813,0.201153897249902,0.549158924616863
929,0.0274743785366509,0.0757569854040616,0.201303400298824,0.542156748530888
930,0.0274894042765477,0.0758181570323978,0.20028428467884,0.545228267642075
931,0.0274913812865311,0.0757092370746927,0.201775538113587,0.546442312043246
932,0.0274738544456449,0.0756354734835453,0.200497424583047,0.546128487877602
933,0.0274808897995135,0.0756978788422464,0.199951060756598,0.555967296237919
934,0.0274703338314821,0.0756512422431652,0.200858816995196,0.546845775538683
935,0.0274585458930252,0.0755646819947867,0.201079054527164,0.548364493212311
936,0.0274685550372646,0.0756107008697052,0.2016810110253,0.54876704833791
937,0.0274721021327407,0.0756851255281514,0.200875221125745,0.545050873768584
938,0.0274871785400452,0.0757535798037315,0.200847340463207,0.546715211784156
939,0.0274796943255279,0.0757085582428383,0.201745644365105,0.548159447387383
940,0.0274742864402228,0.0757713256088413,0.201230706000663,0.54312541920784
941,0.0274860966492492,0.0757057633440786,0.200722741037397,0.547691220605429
942,0.0274855705339071,0.0756299418911835,0.200952772897717,0.547376366897097
943,0.0275018120404876,0.0757170726481544,0.2012104457141,0.546128152283228
944,0.027476794480048,0.0756823462402052,0.200696496229301,0.550894278522345
945,0.0274810528536392,0.0759122013770864,0.202953974458841,0.555374786827738
946,0.0274568647778917,0.0756989268505447,0.201811322350909,0.54547013560865
947,0.0274811745643463,0.0756176066460783,0.201348076614231,0.551301291730644
948,0.0274897036307116,0.0757977493488411,0.201516603100358,0.546436199762865
949,0.0274699476586557,0.075647306848145,0.201553252646129,0.556149859680471
950,0.0274758694554928,0.0757549782239924,0.201252121116992,0.550011779096052
951,0.0274815707320431,0.0757189324184878,0.201741465061029,0.543153075548661
952,0.0274761952702331,0.0757161675816468,0.201879979918542,0.54618038654976
953,0.0274650500145097,0.0756499834781148,0.201196280452213,0.553239762270761
954,0.027488473283648,0.0756607714470425,0.201226978270868,0.548194582183522
955,0.0274697551214382,0.0756960044580489,0.202240294204248,0.552579283131252
956,0.0274697822011448,0.0758030053481476,0.201731911576997,0.54724081165889
957,0.0274946941067353,0.07585859597473,0.202353045570903,0.546770428850037
958,0.0274775472500903,0.0756901378985945,0.201107106683237,0.548561649720116
959,0.0274588693813104,0.0757275824611653,0.201469812853604,0.551775984290087
960,0.0274813365168095,0.0756041862099319,0.200700574133284,0.548618902824597
961,0.0274665134373097,0.0757606075537738,0.202183428952525,0.548084308690873
962,0.0274614978476759,0.0756407374854081,0.201325430038663,0.546705913133611
963,0.0274815593816697,0.0757765841375441,0.201526029726149,0.545983919359081
964,0.027472347418621,0.075652043203433,0.200402307227963,0.547532846839158
965,0.027465760841305,0.0757294374465134,0.201035066858634,0.548498181202259
966,0.0274623123846788,0.0756209007819282,0.202083710497344,0.552035597611118
967,0.0274713842728041,0.075842272929774,0.201522234554629,0.556604967566762
968,0.0274738951112828,0.0757581696132576,0.201790805748597,0.555957264880797
969,0.0274668277380962,0.0756704432238002,0.201418232610943,0.544828732745785
970,0.0274861448009803,0.0757944591297589,0.200450403401527,0.54629109178007
971,0.027498069783484,0.0757428158528706,0.201427661474816,0.545465922520833
972,0.0274612435158263,0.0756308884518176,0.200794543326005,0.54916513651841
973,0.0274896027092735,0.0758659974332646,0.202033529368737,0.545782009824939
974,0.027469921932395,0.0757148121065946,0.201743234129419,0.550073477996811
975,0.0274659173014094,0.0757066116301363,0.202115710876864,0.546060549001097
976,0.0274761685936543,0.0756796956516479,0.201170946448336,0.547342259502208
977,0.0274843494822311,0.0757458096712702,0.201825248755563,0.550748929464633
978,0.0274877395526185,0.0756943652018783,0.201470338785357,0.552595154236487
979,0.0274782448323409,0.0757611434445031,0.20100422250553,0.546239245780876
980,0.0274812644689157,0.0756315892291554,0.201036196535496,0.547658406189298
981,0.0274621551034044,0.0757595318929682,0.200410721497118,0.549050753748234
982,0.0274684743863881,0.0757450464388504,0.201539002714362,0.547597507651848
983,0.0274615118499419,0.0756056333188716,0.200446329490137,0.543365261230818
984,0.0274690863840286,0.075632815558088,0.200561773600621,0.545235705710516
985,0.0274656939493779,0.0757911315596219,0.201049231177233,0.551389342925616
986,0.0274876466468677,0.075786400118987,0.201011446966381,0.548221249974975
987,0.0274581610104947,0.0756956610666064,0.20096117215915,0.542027049650721
988,0.0274780648843008,0.0757383631927078,0.200582748375298,0.548826363842669
989,0.027489308903479,0.0757411465763922,0.201755160846008,0.549181885308799
990,0.0274810491621777,0.0756552958234132,0.201343670506505,0.550572286310015
991,0.0275117338389749,0.0759019492100286,0.202727255000082,0.555130914834524
992,0.0274851406303321,0.075764305763813,0.201829463426436,0.543318336658039
993,0.0274667013086764,0.0757330245911844,0.202514665967001,0.549663307067444
994,0.027489338835279,0.075784280624869,0.201542484172907,0.553065821547127
995,0.0274718246893309,0.0757650282620697,0.201333725221066,0.549106053636463
996,0.0274722921699009,0.0757147396842858,0.200928108552231,0.546580636668878
997,0.0274864323393881,0.0756774081209131,0.201272179736539,0.552952270555731
998,0.0274708246603591,0.0757414763698952,0.201925114504825,0.547379232996378
999,0.0274829187301217,0.0757391401217175,0.201492977377365,0.55009944025633
1000,0.0274854934727543,0.0757014026444816,0.201032587712339,0.543511693747715
1001,0.0274751726057885,0.0756670632771572,0.200906115140364,0.543348230306786
1002,0.0274637506526745,0.0757120129202566,0.200935031503156,0.546047068170055
1003,0.0275037546685255,0.0758263931639409,0.201647192473875,0.548578058977674
1004,0.027484116613691,0.0757149261343377,0.200785927838896,0.546670042054137
1005,0.0274649509117118,0.07577113176746,0.201653016557454,0.547810999664613
1006,0.0274745913085729,0.0757460432320923,0.201983792335509,0.555189177604733
1007,0.0274834371099818,0.0758098343867767,0.201875064307698,0.547916648597958
1008,0.0274684669484899,0.0757161411808501,0.201129587783814,0.548813975562036
1009,0.027480370414847,0.0758584108257314,0.200995793692966,0.54657253987724
1010,0.0274695327576728,0.0756990673160361,0.201363614215533,0.546300702755833
1011,0.0274732154922143,0.0757774395412199,0.200700220530438,0.545838550391334
1012,0.0274563263442064,0.0756271656204782,0.201399777755222,0.556260007434289
1013,0.0274724525247401,0.0756964752533284,0.201829164096529,0.548251896571707
1014,0.0274820909960246,0.0758406673098035,0.201521965744047,0.546161630549567
1015,0.0274620102522934,0.0755860053099505,0.201857935827143,0.550029870329046
1016,0.0274723376884616,0.0757104873802001,0.201025121954337,0.550144040846129
1017,0.0274831429254177,0.075762288134701,0.202615833661666,0.547419082192663
1018,0.0274750208521357,0.0757655457558525,0.201441636181203,0.545070033391406
1019,0.0274783558644675,0.0758237856370898,0.201413034123729,0.545622906570957
1020,0.0274871948525495,0.0758225556174163,0.200719687027391,0.546905323551367
1021,0.0274861966678988,0.075725949528229,0.20174275509073,0.55356846676896
1022,0.0274737019216626,0.075819275232169,0.201874591514798,0.552718113318847
1023,0.0274846747611104,0.0758008649990146,0.201421582015049,0.550300023621103
1024,0.0274758059075832,0.0756727828706106,0.201482482930738,0.554847949977812
1025,0.0274802457121722,0.0755348862955498,0.201091485243975,0.553150444452726
1026,0.0274743710117088,0.0757695229721035,0.201510802374469,0.545968415738204
1027,0.027486446233655,0.0758106346669471,0.201001520024636,0.545346765468451
1028,0.0274613941482704,0.0757394519781326,0.20181106674872,0.552399625597547
1029,0.0274761185392743,0.0757229067545956,0.20086030993273,0.544943399044821
1030,0.0274720031211593,0.0756962953543527,0.201857652368611,0.550961183110508
1031,0.0274871948156196,0.0756569031095997,0.201069248940044,0.541868386002831
1032,0.0274748495325228,0.0758631229784954,0.20247035768277,0.550819229985306
1033,0.0274747501281067,0.0757164642945242,0.201362163738506,0.55067197880842
1034,0.0274825849555488,0.0757482433966497,0.201531555573558,0.553813311595424
1035,0.0274870768252315,0.0757621895179414,0.201812501284715,0.552385919609886
1036,0.027496021526137,0.0757752232392122,0.201557590630852,0.55191404747125
1037,0.0275028990906243,0.075864337419869,0.201693799395308,0.551909694346269
1038,0.0274629026560098,0.0755903653471495,0.201160644060054,0.550915384689582
1039,0.0274841791762214,0.0756882867328524,0.201344843209284,0.551974012192518
1040,0.0274929735188574,0.0757836035703739,0.202374316177674,0.549744174303592
1041,0.0274779937535101,0.0756744845769609,0.201996834899561,0.547430908402844
1042,0.0274768187373823,0.0757262383862869,0.201756688041241,0.550132888435403
1043,0.0274669182110569,0.0756961560560403,0.201804385306266,0.548156563899598
1044,0.0274822374273361,0.0757892966961386,0.200894777889811,0.547155252953047
1045,0.027462708122495,0.0756775430916548,0.200865582962882,0.546814998424845
1046,0.0274785268934417,0.075790000677148,0.200934455397344,0.548881593742753
1047,0.0274928587817144,0.0757424066888946,0.201078194807023,0.548537734525159
1048,0.0274803848704069,0.0758075957349328,0.200714043145439,0.551240875670394
1049,0.0274918100912239,0.0758522837305244,0.201625238559496,0.544384969105722
1050,0.0274726974326413,0.0757375227104292,0.201910248357778,0.550962095551779
1051,0.0274761034790363,0.0756312597529616,0.201129343723709,0.5489999743992
1052,0.027470611833923,0.0756441676582123,0.201103411712094,0.552744285219024
1053,0.0274801021214092,0.0757778299701973,0.201426086457653,0.546764915073775
1054,0.0274802466907796,0.0757349572157712,0.200832488633545,0.547855126667784
1055,0.0274802869442038,0.0757577778729229,0.202098255599862,0.552792235818854
1056,0.02747474455353,0.0757574161992973,0.202108666003109,0.550877454728853
1057,0.0274767542854967,0.0757230746726691,0.201694803300759,0.551907178378874
1058,0.0274802247956482,0.0757151815739122,0.201448846525382,0.552392879140905
1059,0.0274695135909174,0.0756887388329018,0.201467634743936,0.549565384077123
1060,0.0274820156538379,0.0757787969852632,0.201183010968119,0.549972827988101
1061,0.0274718968940161,0.0756851676540977,0.201105021671837,0.547188422045142
1062,0.0274696475656403,0.0756448428309222,0.201079592084829,0.552214473932749
1063,0.0274831545828919,0.0757365091423884,0.200592838191913,0.54710633746731
1064,0.0274770670746055,0.0757431600173663,0.201765950774567,0.548188425431124
1065,0.0274782118509522,0.0757979941639788,0.201247657256041,0.544395416822178
1066,0.0274776224400828,0.0757010000457375,0.200963510350574,0.557634360535112
1067,0.0274673203617664,0.0756426517087592,0.20098937516915,0.543765420304948
1068,0.027475401863938,0.0757125908799092,0.200717651370527,0.546218988425537
1069,0.0274794324986153,0.075797034471254,0.202206834635189,0.554515020983566
1070,0.0274742478658351,0.0756163767611577,0.20118768821104,0.548417959875683
1071,0.0274660685254004,0.075742186561544,0.201062095027698,0.546538096492212
1072,0.0274923366574763,0.075902760668965,0.202028202437139,0.548825949136113
1073,0.0274685773601551,0.0757520302680631,0.201074634141133,0.550143182521998
1074,0.0274690515708241,0.075728938141474,0.201081324920106,0.552581163703562
1075,0.0274616751879248,0.0756468340608134,0.201093691050591,0.553372636384027
1076,0.0274721833905553,0.0756251895713911,0.200847514991192,0.536887239106636
1077,0.0274711078120963,0.0758186664481369,0.202050033814184,0.552307069168361
1078,0.0274827798826688,0.0757713182764194,0.200923626893562,0.547126691821492
1079,0.0274737335873087,0.0756017066480645,0.200890929744483,0.548210700695451
1080,0.027473872953924,0.0758359276914265,0.201452056359427,0.546249406616672
1081,0.0274817076624011,0.0757476724193803,0.201195140636002,0.547147726738525
1082,0.0274682806268642,0.0757223512311013,0.201958186648817,0.555787902804583
1083,0.0274816787546133,0.0757077192229988,0.201355595239139,0.544526168140864
1084,0.0274776446253858,0.0757700521401704,0.201687773431987,0.548968289492151
1085,0.0274728870718073,0.0756745027450168,0.201449642835061,0.548147236749772
1086,0.0274733817568696,0.0755758268489925,0.200574551462476,0.545472238425961
1087,0.0274814797129836,0.0756814363079058,0.200728969520659,0.548893200810116
1088,0.0274837253880804,0.0758461674310619,0.202010579417666,0.549299211648805
1089,0.027467756813953,0.0756204863244378,0.200631444512947,0.54621601517027
1090,0.0274782084159748,0.075717484257212,0.200935958160235,0.548198215345767
1091,0.027483132348089,0.0756628691415116,0.201075670963393,0.552890256320733
1092,0.0274763194030354,0.0756982375216677,0.201046195861092,0.550279383229202
1093,0.0274734554334018,0.0757133080263434,0.201869004562096,0.546881060353316
1094,0.0274705287790019,0.075730478561707,0.202478172419293,0.550602267541548
1095,0.0274736392622105,0.0757433585425566,0.200805109047268,0.551334140498487
1096,0.0274711680341646,0.0757902181375162,0.201284081649786,0.543186439075439
1097,0.0274594947565482,0.0756967976490793,0.201554919162816,0.553473202308092
1098,0.0274579615579776,0.0756382951031863,0.201178750828638,0.545956654524996
1099,0.0274966793732469,0.0756402457130933,0.200978106288876,0.549966708364466
1100,0.0274787016924957,0.0756783688374835,0.201757467478484,0.55489213248909
1101,0.0274826803885304,0.0757938957279809,0.201089351444411,0.54729256592627
1102,0.0274942591987694,0.0758479882957321,0.201870946009879,0.547116907017742
1103,0.0274658196445628,0.0758789835413911,0.201479799226713,0.544788201108817
1104,0.0274836899092358,0.0757217959644886,0.201298792974677,0.549883209618074
1105,0.0274738610481694,0.0756306538277028,0.200991643465356,0.54862019549676
1106,0.0274941828027965,0.0757784138465343,0.201161237480022,0.548290084011236
1107,0.0274760177665456,0.0756953120678326,0.201304644372277,0.549443089087397
1108,0.0274830029685647,0.075881992564658,0.20118212807884,0.54814177150635
1109,0.0274878130157784,0.0759354450892666,0.202794953763849,0.551056581782931
1110,0.0274901952037256,0.0757800517784368,0.200612447205886,0.545006345038039
1111,0.0274779925681876,0.0757454040170969,0.202011857011492,0.551438907554837
1112,0.0274635225399917,0.0757011688199412,0.201716292886795,0.551262101767021
1113,0.0274858220985789,0.0757132816399654,0.201516313257741,0.544984138182839
1114,0.0274759727020148,0.0757138212698271,0.200758185283593,0.551354179059936
1115,0.0274789554065752,0.0757447235988031,0.200830651764654,0.549522722410103
1116,0.0274627501375594,0.0757108741886941,0.200795742959626,0.548194226071767
1117,0.0274825240517479,0.0758031076139775,0.201546981832277,0.55319127956381
1118,0.027489091625375,0.0756898617373567,0.201205051448185,0.549913422832519
1119,0.027481799240142,0.0757170611074567,0.201459975035575,0.550840986575477
1120,0.0274713092574318,0.075787301180205,0.201779294793973,0.549295928032138
1121,0.0274595445278904,0.0755737611334368,0.201570898134367,0.551978879516468
1122,0.0274787188510167,0.0757944492748497,0.200974195182761,0.548174077170373
1123,0.0274779936196233,0.0757781407956936,0.202815137854823,0.548112475643964
1124,0.0274629128678128,0.07556079816483,0.20121966689679,0.543791212564695
1125,0.027476149679398,0.0756584314827547,0.201895304120586,0.549411836051191
1126,0.027467620499401,0.075749713250245,0.20154767493021,0.547968031066919
1127,0.0274827123915592,0.075746429285714,0.200414295001427,0.545529217305743
1128,0.0274689801667784,0.075689697563374,0.201490494191531,0.551772869612835
1129,0.0274631738569883,0.0757336272324798,0.201324324330593,0.551447968784421
1130,0.0274936123785157,0.075784265803692,0.201922098803237,0.54841892517137
1131,0.0274793758208309,0.0756730565548176,0.201086271161414,0.543802041379324
1132,0.0274705148469738,0.0757309547704204,0.2007813600346,0.544841202282939
1133,0.0274655056560412,0.0757676647738854,0.201297186678153,0.546024619372643
1134,0.0274839960341755,0.0758101126203684,0.201223170415905,0.546264003132148
1135,0.027475605416781,0.075679654344016,0.20124518610767,0.550723703929964
1136,0.0274738320604445,0.0757907753545365,0.202447914943023,0.552119045927716
1137,0.0274880870376308,0.0757634931171739,0.200939708880819,0.548095055406986
1138,0.0274766222643553,0.0755979112592172,0.201178582261854,0.548589570006726
1139,0.0274789352040468,0.0756867036121811,0.201313353662245,0.548948786702096
1140,0.0274689272195759,0.0757751647280581,0.201455497303243,0.549784780271386
1141,0.0274716400152841,0.0756622693529478,0.20082209366498,0.546323095553181
1142,0.0274778508376633,0.0756239386237181,0.201321345309354,0.544520830914147
1143,0.0274770649571383,0.0758022586065192,0.202083591717176,0.555923469485408
1144,0.0274584508768096,0.0756186794785846,0.201202553279959,0.540973008709285
1145,0.0274631473688168,0.0757064188205056,0.200627509183562,0.551374487232931
1146,0.0274812431564476,0.0757665942436928,0.201177366806256,0.553720890945161
1147,0.0274877349844843,0.0757597345290426,0.201019755232155,0.544575841961473
1148,0.027490898503252,0.0756997347760628,0.201698665497035,0.553781444717839
1149,0.0274651515344047,0.0757764074067876,0.200570258253369,0.548354155843993
1150,0.027474914700061,0.0756606794823269,0.201307055226868,0.545539401839221
1151,0.0274876145735276,0.0758915444587488,0.200738525864531,0.549695694704492
1152,0.0274851294143696,0.0756227065742062,0.201797321916116,0.551871344401825
1153,0.0274896987586155,0.0757785159196518,0.201776565077545,0.548734864942571
1154,0.0274798117864401,0.0757607706671487,0.201177116495613,0.546340037361781
1155,0.0274929419205475,0.0756242103428781,0.201151777954531,0.542162226116359
1156,0.027482428164238,0.0756113877665807,0.202054156306423,0.550707960717464
1157,0.0274697289294978,0.0757068263355029,0.20143099618539,0.555166873958312
1158,0.0274828688471962,0.0756168502368808,0.200627398736573,0.547684336396199
1159,0.0274866679026293,0.0759334033277005,0.202362057609146,0.550696601257601
1160,0.0274838001946591,0.0756812316066555,0.201260472752624,0.550982071113827
1161,0.0274596837597653,0.0756078566944358,0.2007387542972,0.547567618094513
1162,0.0274674101631984,0.075738858106584,0.201293380400869,0.544404621138488
1163,0.0274813457388765,0.0758378718563592,0.200617846748684,0.543579234884497
1164,0.0274658603926028,0.075615413763757,0.202128512318813,0.550493741275261
1165,0.0274717995705828,0.0757556977609488,0.201797225189138,0.553027237623087
1166,0.0274682667636644,0.0758040123684526,0.200871840089029,0.549004541543431
1167,0.027475539221263,0.0757337948715652,0.201551571746078,0.550139324734246
1168,0.027475514074575,0.0757816423980591,0.20140847938466,0.548290241903987
1169,0.0274884106979008,0.0757656976855647,0.201587690450502,0.543704388380367
1170,0.0274909408940273,0.0756661390498107,0.201394931750652,0.551193684354545
1171,0.0274716016854193,0.0757723780444944,0.202174309737487,0.551186270936985
1172,0.0274913513317557,0.0757931251932769,0.201845726377437,0.543935600410984
1173,0.0274820461870301,0.0757656384961064,0.20099048499926,0.544835245038591
1174,0.0274798488746027,0.075762426789857,0.20138564374491,0.549917948873312
1175,0.0274703952393357,0.075709904201292,0.200928630448259,0.545622236203986
1176,0.0274682305248009,0.0756522573751823,0.200624229573363,0.547400901885156
1177,0.0274916641359508,0.075812173665243,0.201723808056824,0.545183104866536
1178,0.027492707537152,0.0757959316855883,0.202252340576792,0.54635302282514
1179,0.0274779397600494,0.0756405345439052,0.201116603463628,0.548303285717255
1180,0.027482494729131,0.0756413816211696,0.200785258154002,0.542327402942472
1181,0.0274647963479926,0.075687630550361,0.200659599727656,0.547865177130376
1182,0.0274646349097708,0.0757362525788583,0.201729887342921,0.548434795170807
1183,0.02747467065294,0.0756833133603533,0.201497614009447,0.547787348629952
1184,0.0274813222060533,0.0757931984786412,0.200983981827872,0.548691803493248
1185,0.0274624765776271,0.0757501581433276,0.200737801471672,0.547303344184561
1186,0.0274789789911938,0.0757781085917593,0.202320530299563,0.552822559469454
1187,0.02748064579515,0.0757097322905491,0.202637412745094,0.549967340327489
1188,0.0274739208758137,0.0758184899500469,0.200814238174851,0.546959311831167
1189,0.0274665914335457,0.0756304125527302,0.201239885334674,0.550211403588568
1190,0.0274815028737759,0.0756858164934078,0.201927798006802,0.548574809341081
1191,0.0274816337803654,0.0756939077442541,0.202189269999496,0.54825997583696
1192,0.0274732135836165,0.0756863996224918,0.201646835959559,0.548335364563586
1193,0.0274802179654965,0.0758266031384961,0.202141153356008,0.546209177445763
1194,0.027467254207691,0.0757688038826619,0.201512830154994,0.547009125225641
1195,0.0274881257239857,0.0757601948372468,0.201540178265678,0.545196296200806
1196,0.0274771368913455,0.0757643847285785,0.201911672641254,0.550014269208358
1197,0.0274788543044712,0.0757880916060101,0.201141967658705,0.550882427510887
1198,0.0274820397691181,0.0758772680241422,0.200616136321918,0.54797724078363
1199,0.0274689759682876,0.0757833761156047,0.201402668723505,0.550331570013624
1200,0.0274700851848388,0.0756570718288697,0.200999190411581,0.557321114316073
1201,0.0274744745757614,0.0756544984240051,0.201134101984033,0.547097225002353
1202,0.0274657975626093,0.0756503638473107,0.200444239162375,0.548666559307993
1203,0.0274890514595645,0.0758548320940048,0.202714460575375,0.557347801655883
1204,0.027465749280744,0.0757262310877512,0.200395889540481,0.54948653705824
1205,0.0274899666725813,0.0755346340766855,0.202142926736359,0.548775550145009
1206,0.0274904817236958,0.0757353699501882,0.201826760124203,0.55076068761369
1207,0.027477501247344,0.0758717662703235,0.20180142061343,0.549359148438337
1208,0.0274780713016201,0.0757276558254961,0.201313004564855,0.543631836453873
1209,0.0274842678822434,0.0757008840704459,0.201474034673875,0.554046928270233
1210,0.02748757490842,0.0756445460919037,0.201735246978347,0.550322348764929
1211,0.0274837444593547,0.0757897443880028,0.20178578510863,0.549751151991909
1212,0.0274655047193537,0.0755634231143859,0.20116581321491,0.546086614936992
1213,0.0274857812569214,0.0756997387300168,0.200724286820202,0.550893395559494
1214,0.02747721065781,0.0757205825447009,0.200858353705601,0.548885423253208
1215,0.0274593418315197,0.0755913945599416,0.200745540510623,0.545203713589137
1216,0.0274794602708089,0.075845754158972,0.201971576527234,0.542098586591426
1217,0.0274786406092659,0.0757565741960674,0.201582360930513,0.553291018183733
1218,0.027471527537541,0.0756091432216975,0.201623776390712,0.547766025052589
1219,0.0274733225302541,0.0757099912583488,0.20047781107412,0.548837630941391
1220,0.0274723195826395,0.0758071465895147,0.201964117919162,0.545508156444288
1221,0.0274652286590127,0.075644758536304,0.20075220668043,0.542357469326463
1222,0.0274692279943472,0.075696989604076,0.201903056344307,0.550639389561496
1223,0.0274711571715371,0.0755479776055627,0.200979119796099,0.548712758252438
1224,0.0274889665473203,0.0756986361161872,0.200918551446833,0.550247736446456
1225,0.027465052493426,0.075741667775546,0.202025691041343,0.545390650867889
1226,0.0274699103186742,0.0756361031963571,0.201000310861527,0.545649880239257
1227,0.027485453776482,0.0757300838653904,0.200607501982472,0.55045981449332
1228,0.027485661493449,0.0757107909545315,0.201169265979746,0.547951022782196
1229,0.0274728531379316,0.0757157081745973,0.202017573299903,0.549930296538147
1230,0.0274897619626512,0.0758796921097488,0.201946798978401,0.545724293799618
1231,0.0274933900538592,0.0756338793942148,0.201899166578263,0.550845361790536
1232,0.0274748928628046,0.075758714946982,0.201821774673332,0.54473939953591
1233,0.0274712913861326,0.0757971773240916,0.202522693350828,0.551057038819786
1234,0.0274793841287836,0.0757363199655303,0.201529880093605,0.552457833389462
1235,0.0274687776931088,0.0756967944485036,0.200894974190565,0.548611862214622
1236,0.0274724276637556,0.0757857353018659,0.20109057783414,0.543433029007503
1237,0.0274933022499756,0.0757057028717173,0.201919806462535,0.546124034127692
1238,0.0274826575653606,0.0758030020653157,0.20147168870788,0.552460767025418
1239,0.0274945889013014,0.0759208621862103,0.202272200603899,0.558676552980503
1240,0.02746667399485,0.0758609972546365,0.201207354470543,0.554410367989908
1241,0.0274772332831772,0.0756413755485508,0.201114271146738,0.553736702015025
1242,0.0274735219402121,0.0756167769628926,0.201379355288421,0.552162211041202
1243,0.0274540625316476,0.0756931446923192,0.201372933941863,0.548066307761716
1244,0.027487708642922,0.0758024146223079,0.201163407122359,0.542368869697314
1245,0.0274781393254574,0.0758133149989309,0.201504801521445,0.553051641165746
1246,0.0274787521406764,0.0756842870544009,0.200499621539389,0.547767265277485
1247,0.0274840679642779,0.0756930627139334,0.201117824216917,0.548046690797854
1248,0.0274714619115339,0.0757389138637801,0.201285874874113,0.550415598475945
1249,0.0274796259000078,0.0757513410998345,0.200679229484603,0.546133601523073
1250,0.0274816670758952,0.0756948364652509,0.20121787345831,0.55079706245597
1251,0.0274790201791647,0.0756480766401044,0.200889868196403,0.548091229352984
1252,0.0274795540355893,0.0757294187906599,0.201386603657515,0.550036629684277
1253,0.0274791975253568,0.0757341332061039,0.200752888897642,0.545016885896682
1254,0.0274830593463292,0.0757138205114554,0.201565076281404,0.556403574857716
1255,0.027489609457119,0.0756700546148503,0.20019297571977,0.547876857738995
1256,0.0274802524804134,0.0758813148917125,0.201241998639675,0.549702780847955
1257,0.0274851252114314,0.075669656544144,0.202037061422937,0.549793520059569
1258,0.0274596904978184,0.0756920057072306,0.200532424318028,0.549606342760238
1259,0.0274715573621727,0.0757643963533099,0.201547367457195,0.551734923130484
1260,0.0274850045878827,0.0757456956962793,0.200878712887666,0.551814236860161
1261,0.0274863260664775,0.0756974798428588,0.20130446072784,0.550393086847702
1262,0.0274784823968919,0.0757779158933314,0.201729454096807,0.552945633556654
1263,0.0274874800389207,0.075864486477936,0.201279840609919,0.546547970013981
1264,0.0274772750741373,0.0757407394350036,0.201348718230626,0.550829137465054
1265,0.0274792501533817,0.0757088615576874,0.202256613022215,0.551809493392379
1266,0.0274861336828146,0.0757641806178306,0.201959135834008,0.548805820507915
1267,0.0274812822616494,0.0756888591877536,0.201226891490648,0.546983768833907
1268,0.0274782720650478,0.0756203065738892,0.20162016455586,0.545811320083959
1269,0.0274667164655904,0.0756913125418255,0.20102456551954,0.550657521201923
1270,0.0274845011431571,0.0757847404939358,0.201340299290915,0.544877194355148
1271,0.0274845075806266,0.075645841029729,0.201414534501749,0.547998645814703
1272,0.0274793409649351,0.075789540874743,0.201019518215283,0.547375134233328
1273,0.0274651963357705,0.0755806658531485,0.202303961683091,0.548318237840997
1274,0.0274785433736271,0.0758494267585263,0.201063477895848,0.545937788902779
1275,0.0274673863584026,0.0756808087359528,0.201292963183357,0.553934840154795
1276,0.0274751110830099,0.0757909149450853,0.201164249377642,0.545079788775192
1277,0.0274782056143882,0.075735809766334,0.201918347794643,0.549411334274607
1278,0.0274668126102097,0.0757078212802807,0.20124310721186,0.546758855602541
1279,0.027489667268854,0.0757318251114825,0.200675745430178,0.548070733172337
1280,0.0274729980348385,0.075822090746444,0.201581643860537,0.550901945047597
1281,0.0274839031572045,0.0758648893836287,0.201284190467061,0.549272050028253
1282,0.0274873197784655,0.0756815857715627,0.200726840200023,0.554317747250146
1283,0.0274864701998652,0.0756980982019045,0.200775522839344,0.548312175576808
1284,0.0274854758912619,0.0758426073253651,0.20203903112613,0.552564809191674
1285,0.0274655383976515,0.0757304509998263,0.201044943002124,0.552505019608286
1286,0.0274674253757013,0.0756860512872461,0.200520650193506,0.545456012131675
1287,0.0274814187374627,0.0756964695693316,0.200738030255136,0.543757861061825
1288,0.0274766075763884,0.0756487593380496,0.201164193388387,0.550429456469563
1289,0.0274815642600557,0.0756733816924136,0.201735972854911,0.549329276716987
1290,0.0275017585255131,0.0758022645774041,0.201283140454216,0.551306670809813
1291,0.0274870879005424,0.0756765618333521,0.201710032006976,0.550392020727329
1292,0.0274654186166238,0.0757253030483167,0.201214042507651,0.545715060118995
1293,0.0274718809994008,0.0756744914466757,0.20104209734689,0.543194047077776
1294,0.0274687184943231,0.0757123568956822,0.201616090862534,0.547081746052133
1295,0.0274754719469869,0.0756820966204068,0.201325521951529,0.544621622323881
1296,0.0274670001974033,0.0757243980758584,0.201876925154714,0.552647353233648
1297,0.0274910931727839,0.0757881785643944,0.201300882091923,0.545671439858032
1298,0.0274902621147091,0.0757141656863892,0.201529792422685,0.54721856156141
1299,0.0274871064713758,0.0757337463522001,0.201524807603642,0.549904325542369
1300,0.0274728710584544,0.0756848814942661,0.200974896729933,0.545734611563162
1301,0.0274818697876672,0.075714647900112,0.201033855757949,0.548310580716485
1302,0.0274835748603329,0.0756885345221763,0.201906263038107,0.548682338836858
1303,0.0274825598833567,0.0758037902858993,0.201315347719898,0.54927901866054
1304,0.0274665911750177,0.0756912232590997,0.200796281391586,0.545407650898136
1305,0.0274740315159333,0.0757914985554992,0.201834180525557,0.551974101800885
1306,0.0274835606591353,0.0756858569239607,0.201721653943278,0.543873402299664
1307,0.0274880906825543,0.0756124263487538,0.201417550412353,0.544060016957961
1308,0.0274864689152799,0.0758211590571119,0.201654263009735,0.547758401948824
1309,0.0274882381817789,0.0756192874023678,0.200468918103152,0.545103418783726
1310,0.0274751277612556,0.0757047952876595,0.201499049638642,0.546824446490485
1311,0.0274771122592121,0.0757539216731831,0.201610320932004,0.552248850135114
1312,0.0274746490518501,0.0757129330479805,0.201883057197006,0.550391827053978
1313,0.0274711448593915,0.0757395754691091,0.201481955333157,0.551908076964564
1314,0.0274606208068695,0.0756707357512457,0.201162947561973,0.551962101811792
1315,0.0274604790333126,0.0756548847575306,0.200997670609608,0.552480288382559
1316,0.0274842635215254,0.0757397874557088,0.201016747057238,0.548362064491084
1317,0.02748234287681,0.0757215901902654,0.200877498791712,0.550346092087315
1318,0.0274822364378782,0.0758109017400776,0.201243146353323,0.545654502581868
1319,0.0274783338948799,0.0757817922031854,0.201268217178522,0.546607593314171
1320,0.0274749543745057,0.0756125538405376,0.200731392564604,0.548453426109395
1321,0.0274579547933868,0.0755900235560874,0.200819528606653,0.544353607255803
1322,0.0274637779142096,0.0758893740990619,0.201209160808195,0.550089726719595
1323,0.0274955568758862,0.0756877861836975,0.201238797576418,0.547090084603139
1324,0.0274810910837066,0.0757604190454051,0.20113375855489,0.552319342657415
1325,0.0274758928298588,0.075797365375313,0.202798221224658,0.550251333508265
1326,0.0274845768342772,0.0759142771762769,0.201567891826853,0.549457577600457
1327,0.027474065947011,0.0756661594550713,0.202017001306705,0.55325537458477
1328,0.0274823967213864,0.0756446674729017,0.200544501678453,0.548663855735707
1329,0.0274560046117384,0.075633569788062,0.201518419392102,0.544406868598794
1330,0.027465174713078,0.0757729191511425,0.201682110248985,0.552318921420598
1331,0.0274778771617142,0.0756983073801994,0.201913445243764,0.557213163752066
1332,0.0274783322787771,0.0757276091547333,0.200968622058464,0.546496365455633
1333,0.0274759191489281,0.0756485302564742,0.200995044651717,0.553607947880035
1334,0.0274844065385726,0.0756894027410433,0.201118002436894,0.545678978117913
1335,0.0274837132930632,0.075829392594714,0.201381345278354,0.540894562446824
1336,0.0274701873197881,0.0756468654570754,0.200956808131481,0.55359815070389
1337,0.0274829481466723,0.0756866787402697,0.201893890829602,0.555107185514738
1338,0.0274613019546598,0.0757561454731002,0.201766399245025,0.544265683967129
1339,0.027466304142246,0.0758254129827673,0.202315998214234,0.549314419409836
1340,0.0274891291214661,0.0759068835848588,0.201861399081383,0.550837144330959
1341,0.0274685819423081,0.0757785611368536,0.201794283133933,0.546934577152015
1342,0.0274714954324605,0.0756253418471189,0.201101158052701,0.550798931472269
1343,0.0274748854415517,0.075671531921288,0.20069670914166,0.549064077871379
1344,0.0274860696111512,0.0756511364112232,0.201247690358631,0.542967378924993
1345,0.0274694808961016,0.075779343441739,0.202059690017675,0.551179250104614
1346,0.0274808603196252,0.0758102231775968,0.201519043213039,0.549768503003181
1347,0.0274704194493044,0.075808496967029,0.201225886269409,0.550713846691343
1348,0.0274719641002749,0.0756773532146142,0.200992846820972,0.549267098039831
1349,0.0274839251048007,0.0758365334960603,0.201544128961668,0.549727092950234
1350,0.0274794748798547,0.0757132429908737,0.201821614813289,0.548028868121246
1351,0.0274902411512441,0.0756723225534177,0.200662203935997,0.553242702713104
1352,0.0274629611393542,0.0756480306557962,0.201879516564068,0.550084276041846
1353,0.027465060027407,0.0756823009528437,0.201061255896097,0.552449547231265
1354,0.02745413758724,0.075703047827462,0.201280181688217,0.547554708585497
1355,0.0274778338614363,0.0756882442811737,0.201617125459496,0.550540548761812
1356,0.0274717384499706,0.0757989690091816,0.20140097908554,0.551512324037716
1357,0.0274906281559285,0.0757755995635249,0.201891150626725,0.552443747491788
1358,0.0274948389968089,0.0756969425758552,0.201911161433488,0.549194165975113
1359,0.0274927237871642,0.0757777807218581,0.201090222171489,0.553785007290741
1360,0.027482578984711,0.0757053803691962,0.202090206286693,0.546586769703952
1361,0.0274614045222262,0.0756537381358192,0.201929211573998,0.546758161520212
1362,0.0274770749540378,0.0756938339614742,0.200910625700958,0.546700264844248
1363,0.0274831931046318,0.0756209950478112,0.201027911281576,0.548826771843676
1364,0.027476519712673,0.0756347156883359,0.201466749028764,0.552257121705536
1365,0.027480261908991,0.075756963937605,0.201459696943779,0.544671728233856
1366,0.0274713365961341,0.0758447389651552,0.201692253174151,0.550109519717287
1367,0.0274845613149566,0.0758794165296426,0.202388845761722,0.551578254857246
1368,0.0274776851654994,0.075667829779754,0.201220145743348,0.547644156889329
1369,0.0274776958981769,0.075740508722319,0.201531474655517,0.547282668075
1370,0.027484085617254,0.0757596514075569,0.201921695664137,0.551546314138675
1371,0.0274901809180959,0.0758174517292518,0.201674004840953,0.544187891724143
1372,0.0274850706622255,0.0758186954442463,0.201488667303923,0.546366662106965
1373,0.0274723492036021,0.075887789494132,0.201211287484839,0.545308003813295
1374,0.0274735064571783,0.0756456833865935,0.201073746611582,0.549465018303028
1375,0.0275117149611043,0.075808139680778,0.201006511926557,0.544831213402778
1376,0.0274792480640249,0.0757550267529133,0.202572940199411,0.546381308479642
1377,0.0274812271029339,0.0757615489747391,0.201273312460451,0.551604316683802
1378,0.0274893991662554,0.0757285101685559,0.201086907165872,0.546563054466444
1379,0.0274838366246665,0.075787948745612,0.202082597143819,0.548199182811754
1380,0.0274765046154205,0.0757441946737671,0.200805521772364,0.547068266090519
1381,0.0274733318944454,0.0757280151384559,0.200754611741362,0.546271607140204
1382,0.0274630055166092,0.0756656582845222,0.200670067534677,0.553250321129613
1383,0.027492760879054,0.0756516305214411,0.200884571524796,0.545656136012224
1384,0.0274760431262846,0.0757165099907369,0.200612086470814,0.549175632805067
1385,0.0274816705478928,0.0757837310567352,0.201685222379924,0.550959518444874
1386,0.0274767738296404,0.0757399452213521,0.201868158382605,0.552172219533764
1387,0.0274834104736862,0.0756817436198588,0.200066088548908,0.547160521108061
1388,0.0274765224234698,0.0757919445405839,0.20168766801761,0.545044817343349
1389,0.0274728214490058,0.0758142938017679,0.202433443887493,0.545524626187726
1390,0.0274669525284423,0.0756888840286026,0.200882859916823,0.54035262049469
1391,0.0274756716641065,0.0758307952687358,0.200982166885236,0.554472511794577
1392,0.0274756514019765,0.0757365713405732,0.200858024853526,0.550023421332998
1393,0.0274813065681197,0.0756821207573735,0.201553801180583,0.547928877778849
1394,0.0274715363276159,0.075735974115412,0.200376700491015,0.550230377767088
1395,0.027464778153248,0.0756283410162841,0.201062592550618,0.550676329632623
1396,0.0274655975412048,0.0757006111682093,0.201463336611883,0.549030842184878
1397,0.0274660737924894,0.0756769815185366,0.201471416042894,0.552813803460259
1398,0.0274681882088031,0.0757385094623781,0.201894133606669,0.546994322989275
1399,0.0274781188759633,0.0758202255586621,0.201404198161455,0.546323337678336
1400,0.0274747985201285,0.0757520917434248,0.201894214840924,0.548749204928267
1401,0.027486781085646,0.0757216580551232,0.201254216080533,0.549822070649055
1402,0.027473233181722,0.0757593993916329,0.202321535305617,0.544979220601387
1403,0.027478589640759,0.0757259176355568,0.200557157157486,0.54701559824161
1404,0.0274840941084821,0.0758020856222549,0.201132312471036,0.551494194698322
1405,0.0274597314458927,0.075604896963009,0.201331286699589,0.54476193952398
1406,0.027479324447717,0.0757394835137353,0.201583822545393,0.555362343421084
1407,0.027474696224238,0.0756757275064941,0.201537565090845,0.55625285391773
1408,0.0274814020453976,0.0756666014880809,0.201284780997945,0.549087043554908
1409,0.0274714237165254,0.0757672385985025,0.201911352729842,0.549715463532179
1410,0.0274684487866403,0.0756951694341338,0.201096719420847,0.544930644890648
1411,0.0274842224728133,0.0757495922038623,0.20152193033965,0.54753272356784
1412,0.0274624017875659,0.0756320457526707,0.201697469175508,0.549145619770527
1413,0.0274798600015071,0.0757238746836166,0.20226118122823,0.54992089543536
1414,0.0274564477255903,0.0756195118098458,0.201360536807193,0.551774052407538
1415,0.0274785795667075,0.0757463189286626,0.201999587314262,0.547271153428948
1416,0.0274843094945908,0.0756303254132905,0.200961002120451,0.544701050630472
1417,0.0274919157722591,0.0756706566334063,0.200797792795733,0.54639452806142
1418,0.0274792658283011,0.0757282211695875,0.201238783088637,0.552681924978808
1419,0.0274782935331176,0.0756684119857861,0.20090207902828,0.549853285681045
1420,0.0274837543575512,0.0758131794567849,0.201983833994025,0.549329101538982
1421,0.0274880248459119,0.0758407084518724,0.201220958045633,0.549806566598076
1422,0.0274830619819572,0.0757098454677825,0.200749348596108,0.546060821619375
1423,0.0274897202658974,0.0756290469484652,0.201164402458996,0.543603813355128
1424,0.0274809776211444,0.0757361935585166,0.201102328081853,0.549457619615822
1425,0.0274621125236921,0.0757208302096267,0.201492340784999,0.550961119173287
1426,0.0274593181898992,0.0758160434913156,0.201603258074942,0.551911475529811
1427,0.0274753067809413,0.075679520605088,0.200652593816121,0.548205013159217
1428,0.0274753235803776,0.0756362193247843,0.201683667738192,0.551731044015187
1429,0.0274790359480229,0.0756886969210525,0.201061908764316,0.54684748943142
1430,0.0274772498128404,0.0757004527180671,0.201685933636272,0.551833442143171
1431,0.02748135311059,0.0757505075192515,0.201478107080013,0.549127896613466
1432,0.0274960075555937,0.0757645346215279,0.200961765660075,0.549428397876369
1433,0.0274691199399799,0.0756074385487277,0.201209860921642,0.554632423474124
1434,0.0274779983994013,0.0758349539496127,0.201932890252811,0.549101767527487
1435,0.0274931542610078,0.0757604021652786,0.201962681072052,0.552833224674342
1436,0.027481606774179,0.0756891904840193,0.200661828168523,0.551957555875344
1437,0.0274707831779722,0.0757246607506796,0.201833980171206,0.55233021332158
1438,0.0274583193539699,0.0757480610950037,0.202859304727738,0.54991075128587
1439,0.027488590121287,0.0757016726370658,0.201279014217905,0.542889293014974
1440,0.0274804892282976,0.0757784275668918,0.201393225206541,0.547474918618711
1441,0.027487190061704,0.0757393207476528,0.200763614013104,0.544667640070676
1442,0.0274696938006835,0.075903362468403,0.201417696360645,0.54798761184092
1443,0.0274748602678487,0.0756974883904377,0.201800259571013,0.548279318008389
1444,0.0274745813277363,0.0757421136695558,0.200944028440976,0.55200024020921
1445,0.0274703092012837,0.0757548974188428,0.201099372672143,0.545648378796969
1446,0.0274688010782819,0.0755769297431801,0.201387601949575,0.549763223612528
1447,0.0274977545486242,0.0757472835576366,0.200749778164989,0.54357844492039
1448,0.0274734810063599,0.0756627331227281,0.201320961530601,0.547896325030825
1449,0.0274746626056792,0.0757858044120983,0.201199194373689,0.548198388959518
1450,0.0274806924898404,0.0757964958783259,0.201554446703539,0.544519070886777
1451,0.0274760304259914,0.07570982272655,0.202312258972708,0.54919492804856
1452,0.0274900362180244,0.0756738110911118,0.201761064730207,0.547805292784406
1453,0.0274870692821877,0.0758832467706306,0.201989820741001,0.546730118473222
1454,0.0274662119996988,0.075760066195199,0.201271539266191,0.544156719487402
1455,0.0274655632095413,0.0756330896349521,0.201043943404464,0.545124227490652
1456,0.0274900771651642,0.0757242617523396,0.20128541220671,0.547764276687119
1457,0.0274764194053431,0.0757089929307532,0.200335695348707,0.547325122987662
1458,0.0275031368814287,0.0757609669292611,0.202391318669531,0.546665077265175
1459,0.0274863593964103,0.0758467206924547,0.201170292568222,0.546319861603403
1460,0.0274816506119229,0.0757281149906212,0.20116350265874,0.551354856614124
1461,0.0274877648401517,0.0757167413181047,0.201671957834084,0.556227806687362
1462,0.0274718967802993,0.0757389539543171,0.201166085261992,0.548984214537795
1463,0.0274897824657425,0.0757517547419458,0.201432636732308,0.552627335185596
1464,0.0274715587435447,0.0757425516339704,0.201401404174741,0.551894389227117
1465,0.0274659915728084,0.0757235950883278,0.201143190867064,0.545347946167604
1466,0.0274780974128111,0.0757751243586665,0.201915590326359,0.546185027081293
1467,0.0274968796841017,0.0758475056123786,0.200956108113656,0.553500429699063
1468,0.0274763506039832,0.0756412023691589,0.201278767875522,0.548597045133136
1469,0.0274838364193632,0.0757153486022223,0.200916682149998,0.540862203552025
1470,0.0274628997225511,0.0756317201738304,0.201304702514379,0.546670419512682
1471,0.0274864832987731,0.075767966004862,0.201636791104309,0.553524168294572
1472,0.0274739306743995,0.0756548866071091,0.201022709302434,0.548022875624112
1473,0.0274873096103811,0.0758777780520886,0.201586849309528,0.548555080712194
1474,0.0274904050517799,0.0756764425218431,0.200996455895538,0.545631782145236
1475,0.027480439463137,0.0757369233650708,0.201438318108777,0.548972875733506
1476,0.0274800249337088,0.0757712336761958,0.202068696346111,0.552825501023112
1477,0.0274791172073785,0.0757665776798601,0.20187054986219,0.546046636202843
1478,0.0274733306186023,0.0757779019042245,0.202168713642814,0.547691683222932
1479,0.0274766443649591,0.0756514203232296,0.201304977004579,0.549997929438168
1480,0.0274811444693948,0.075762639022662,0.201358141343331,0.546819066667069
1481,0.0274770468974945,0.0756584295396335,0.201355954094571,0.552442676015658
1482,0.0274914229598903,0.0757634048474102,0.201899369103038,0.547280916380021
1483,0.0274884330216246,0.075683739176381,0.202195578331504,0.552238446663038
1484,0.0274693727269579,0.0757389337905461,0.201774025181732,0.551257209248909
1485,0.0274692525535216,0.0756540138472974,0.201452728203415,0.555256854547516
1486,0.0274717826545679,0.0758496387462449,0.202124319931085,0.551190410970312
1487,0.0274702211482129,0.075651893785274,0.200184346349757,0.548021056294311
1488,0.0274799647277528,0.0757602931960993,0.201961499894142,0.549037738968755
1489,0.0274735814744695,0.0757417891429047,0.201122647573144,0.547897055320545
1490,0.027481111200548,0.0757264584456527,0.201592273567632,0.543261606176861
1491,0.02746781844825,0.0755874724220341,0.201413491233234,0.548730611541289
1492,0.0274842087554227,0.0758121522292885,0.20112598778821,0.554013522873559
1493,0.0274835188675697,0.0756852950449784,0.201524204378851,0.548971289009731
1494,0.027478305093709,0.0756670735346342,0.200289000253653,0.545767333314435
1495,0.0274809194497622,0.0757213645207314,0.201106977036295,0.551035655887704
1496,0.0274826462656891,0.0756538762754695,0.199973280924601,0.549244629297604
1497,0.0274855880177188,0.0757302373755587,0.200920895359257,0.546718276104755
1498,0.0274980035782112,0.07580823556142,0.200975206651691,0.54287190907361
1499,0.0274767855599016,0.0757127640779082,0.201848907533814,0.55078058021433
1500,0.0274851847654777,0.0758140502053542,0.202121870898211,0.55023481782607
1501,0.0274904382536883,0.0758136350230627,0.202535821584409,0.549156851413325
1502,0.0274670994530276,0.0758024794651889,0.201205061713826,0.548362054564095
1503,0.0274538291119468,0.075664683074198,0.20090324652907,0.545641517933643
1504,0.0274674906135511,0.0757438361887445,0.201282610487598,0.548293970223253
1505,0.0274777671293506,0.0756889409580211,0.201835798850151,0.550771574174932
1506,0.0274849183821706,0.0756734046527256,0.200427736831336,0.543751832208041
1507,0.0274755794761595,0.07579037532371,0.201757278768942,0.548533547033451
1508,0.027452607176099,0.0755661800877691,0.20029453318938,0.549842820233746
1509,0.0275039110591075,0.0757707895588808,0.200981688748896,0.553505597677114
1510,0.0275043444640268,0.075901963903077,0.201622145972837,0.544234124716517
1511,0.0274538795297015,0.0755726039759086,0.20141180956121,0.548955038287551
1512,0.0274682613920725,0.0758478551540812,0.201075795007174,0.549528961712051
1513,0.0274815726740228,0.0757206333848399,0.201382439281668,0.550574095580626
1514,0.0274855983221032,0.0756711647263422,0.201664934081655,0.552174949727623
1515,0.0274864561606811,0.075904978600398,0.201166720436162,0.540157822478001
1516,0.0274759970294705,0.07580149921173,0.200861504208593,0.551268449567938
1517,0.0274684102464655,0.0757294048697476,0.200844709725557,0.547618725347191
1518,0.0274886212207056,0.0757003912748147,0.201471811663532,0.547506405224631
1519,0.0274674800705981,0.0756781967802374,0.201761920641949,0.5491969558608
1520,0.027472461429119,0.0756831571754277,0.201366450060818,0.546793370984971
1521,0.0274802544549838,0.075705903535081,0.20166429506053,0.547827061001947
1522,0.0274717431414681,0.0757509603960021,0.201793163558674,0.553261521782829
1523,0.0274769620671608,0.0757149335669692,0.201098594933745,0.544840317201153
1524,0.0274743774022118,0.075655198354278,0.201553329155013,0.547017968157062
1525,0.0274631231582793,0.0757162783158948,0.201537411545704,0.549277553864749
1526,0.027476481795609,0.075792657181415,0.20234855841922,0.550220785476251
1527,0.027489499098346,0.0757683697473829,0.201623941727235,0.550988836307056
1528,0.02748618139696,0.0758080452153225,0.202337572553455,0.54673578742903
1529,0.0274838524405972,0.0757682539191434,0.200656432154422,0.551211233629046
1530,0.0274767988927179,0.0756574606169819,0.200030629041507,0.545987966382473
1531,0.0274889046098018,0.0757478908061734,0.200976220613387,0.545548121502429
1532,0.0274622512469318,0.0755863553100025,0.201248316265534,0.545282360239787
1533,0.0274934361769506,0.0756816740941217,0.201467841848907,0.554055630420021
1534,0.0274630325037656,0.0757718685398136,0.20171296038074,0.551744592308061
1535,0.0274916125991599,0.0756750623062112,0.201464934083627,0.547236159964957
1536,0.0274931735475988,0.0757639713496656,0.201531210772537,0.548749218266884
1537,0.0275023262159753,0.0758286835618115,0.201066790912864,0.551783967051647
1538,0.0274576814431922,0.0756689919031389,0.200875006439747,0.54895503300195
1539,0.0274798298873754,0.0757772631190964,0.202061040285598,0.548582466791676
1540,0.0274767181677567,0.0756214038696544,0.201277083458557,0.546115609818603
1541,0.0274769858433172,0.0757080418262467,0.201020583368382,0.544635652055593
1542,0.0274841757445446,0.0757398529085859,0.201288169768016,0.550103676782601
1543,0.0274838047994216,0.075754963441766,0.201289802926007,0.545653280082694
1544,0.0274740451181258,0.0757006006690377,0.200468279973748,0.550731986538711
1545,0.0274721643524164,0.075796177680485,0.201357271348671,0.546441733826578
1546,0.0274818390515199,0.0757368704305993,0.200857113243597,0.547082962835531
1547,0.0274870875478212,0.0758465454984369,0.201536526696514,0.547586101062173
1548,0.0275002692744044,0.0757258622007779,0.201186892775988,0.55174635992065
1549,0.027487196136245,0.0757534279547026,0.201779081868473,0.54455208392067
1550,0.0274765464035952,0.0755638765566784,0.200631822522709,0.550242300051118
1551,0.0274734931249571,0.075658690865609,0.201025293779144,0.548371560233463
1552,0.0274824734866449,0.075786825487799,0.202306788574791,0.550812763137539
1553,0.0274648247147828,0.0757208807083053,0.202086869938767,0.549240837965849
1554,0.0274818959204648,0.075777904161083,0.200901672625282,0.545519017993331
1555,0.0274619479627616,0.0755827804629629,0.201016689281472,0.550453995426054
1556,0.0274655064015146,0.0757124753736314,0.201413482460074,0.544205439852282
1557,0.0274945117266046,0.0757236238036799,0.201640306224915,0.55267159531347
1558,0.0274728866433895,0.0756799022299583,0.201695579301531,0.551456945586636
1559,0.0274709546925439,0.0757004429383956,0.20082747670879,0.541317839891606
1560,0.0274814621959226,0.0757269647568686,0.201491313884781,0.547886732001944
1561,0.0274941324875776,0.075710378148987,0.202282805150038,0.548963132812813
1562,0.0274832186134335,0.0757481785654087,0.201863564864181,0.545447598223075
1563,0.0274829906765176,0.0756974949110037,0.200859783798416,0.545618121540937
1564,0.0274734906371796,0.075740672478275,0.201892058502733,0.545539846852598
1565,0.0274623798896558,0.0756915104577149,0.20095207546984,0.551593328957019
1566,0.027465223114099,0.0756239880192139,0.201308824933987,0.552938775633555
1567,0.0274728684593136,0.0758169883910951,0.201674592360501,0.548551693006507
1568,0.0274829851554689,0.0757596511520174,0.200900290348773,0.548110973294802
1569,0.0274625671052055,0.0755670795731697,0.201066777101204,0.547581237320083
1570,0.0274765094953331,0.0756910626107919,0.201001961296088,0.543309949277437
1571,0.0274746908136962,0.0756887901684033,0.20114843671999,0.552844190170589
1572,0.0274710808452618,0.075825971789618,0.202123106048701,0.550613715805458
1573,0.0274550484408187,0.0755807767120438,0.20084150476698,0.546619488402527
1574,0.0274804954828703,0.0758357098096878,0.201594253090322,0.547539673974259
1575,0.0274984185798597,0.0757811384189688,0.201392357915478,0.553345900376878
1576,0.0274745040279685,0.0757074145076995,0.201459985615313,0.546546501657214
1577,0.0274864943496705,0.075757541623324,0.202593478805544,0.548444880166004
1578,0.0274615221496211,0.0756331752043612,0.201031036403065,0.545231058037953
1579,0.0274718773490738,0.075825159433668,0.202031735159548,0.555892452935856
1580,0.0274776700537804,0.075707651920099,0.20130749306407,0.549229839755846
1581,0.0274901665441294,0.0757997770145756,0.20163731380625,0.552673470967815
1582,0.0274731036038264,0.0756509303339438,0.201282438937451,0.54288470463287
1583,0.0274592226231925,0.0756612657170802,0.201983958564776,0.548535824620817
1584,0.027490068246946,0.0757951601974669,0.201059715140721,0.547481218504092
1585,0.0274774520626405,0.075656482499074,0.200860167706911,0.555870076280457
1586,0.0274757553383344,0.0757048331872439,0.20154192026946,0.555111070681056
1587,0.0274809350916985,0.0757929910685395,0.201340923850814,0.547609442267829
1588,0.0274772291232597,0.0756527378579332,0.201043844103759,0.54466222850349
1589,0.0274742179424081,0.0757513345705781,0.201493041674753,0.551966846766672
1590,0.0274592404968357,0.0756069228043579,0.200129241584508,0.540667662226515
1591,0.0274583477395248,0.0756039865591107,0.200929114972185,0.547851457252645
1592,0.0275040723038744,0.075830574931617,0.201201949127753,0.543638355115787
1593,0.0274730340171939,0.0757553071408025,0.201184190426249,0.544522212795126
1594,0.0274643131629029,0.0756652211926045,0.201188637744598,0.546279464611892
1595,0.0274932334265251,0.0758428998945654,0.201024957516815,0.550819890704783
1596,0.0274749798696364,0.0757662354886947,0.201735510046811,0.546823376286704
1597,0.0274890196197062,0.0757956566261264,0.202103265247309,0.545679386996952
1598,0.0274766281208291,0.0755698212329879,0.200874514030936,0.548115942181238
1599,0.0274740277317176,0.0757845642525379,0.201861555927603,0.546970023136641
1600,0.027458256766314,0.0756971152194894,0.201200648517786,0.543124797895747
1601,0.0274858558522883,0.0758387012446732,0.201462035975688,0.54395861911507
1602,0.0274776993679341,0.0757612887747327,0.201555459474926,0.549591097198119
1603,0.0274758045426415,0.0755766098249674,0.20140825110172,0.549996531693687
1604,0.0274649447588945,0.0756252601764303,0.201337072935864,0.547278240969235
1605,0.0274718880878274,0.0757755031554321,0.202209700094941,0.553317908186109
1606,0.0274743435587186,0.0756292393203291,0.200967103409766,0.550361215367685
1607,0.0274583457931974,0.0756752045695932,0.201268204920158,0.549608509736731
1608,0.0274861038244565,0.0757943104501437,0.202051509038742,0.552659387071443
1609,0.0274817166316467,0.0757765993766202,0.201990045948289,0.557000218279556
1610,0.0274761292372246,0.0756698565146064,0.201446137520938,0.555850751615923
1611,0.0274643398548318,0.0757287150935249,0.201585299102221,0.544420555599826
1612,0.0274626545972941,0.0756954052291067,0.201168022184994,0.550793867937989
1613,0.0274737022064367,0.0757789298269574,0.201162618203913,0.54903216607873
1614,0.0274830813798922,0.0758000404121308,0.202359824775485,0.551554726615614
1615,0.0274758710228952,0.0756745510049187,0.20075654605369,0.543237086025543
1616,0.0274693310983803,0.0756797837194708,0.201427608405716,0.547750611610739
1617,0.027479302658767,0.0755973717749394,0.201323239964634,0.541598786974207
1618,0.0274720574473672,0.0756670578326963,0.201362150758066,0.55211417972598
1619,0.0274788306825323,0.0757451669027118,0.2012786247836,0.548865615218558
1620,0.0274706088035209,0.0757747756883627,0.201472104207559,0.54669693011502
1621,0.0274675864521587,0.0757192388348332,0.201367896268103,0.546981083941203
1622,0.0274850270627412,0.075763762700977,0.200886943854421,0.55177741855179
1623,0.0274822177481813,0.075753808341516,0.201896020570828,0.555325857724906
1624,0.0274667489175299,0.0757174097067374,0.200719379340307,0.544870538073616
1625,0.0274774629011932,0.0755736079487797,0.201291015587508,0.543645704947053
1626,0.0274576311966507,0.0757563956178272,0.201775048301373,0.549923608076961
1627,0.0274719351068303,0.0757143855831815,0.201179086122568,0.549221549677746
1628,0.0274743025694293,0.0757426399657367,0.201124848477304,0.548797739155498
1629,0.0274796393581725,0.0757263626959379,0.201359883438329,0.547791891194506
1630,0.0274820219564897,0.0757553317103395,0.201791176693098,0.556429260254655
1631,0.0274777038681254,0.0756897355908216,0.202424265399864,0.550206489141415
1632,0.0274955361979783,0.0758164606112625,0.201270030821251,0.544293843708378
1633,0.0275108218899522,0.075710932976481,0.200993130603947,0.546286494640569
1634,0.0274749566341958,0.0756388887273995,0.200537243980071,0.550102506436467
1635,0.0274609253379412,0.0756464277590951,0.200673400585247,0.543788924039346
1636,0.0274792901290759,0.0757486536296312,0.201689665363532,0.555861404180462
1637,0.0274820295013323,0.0757313726700263,0.201676769875953,0.544777602308167
1638,0.0274953562605364,0.0758929594667032,0.201275128371561,0.547042399073936
1639,0.0274761140521439,0.075757675822289,0.200807771132041,0.548691537233698
1640,0.0274953545298316,0.07575657572899,0.201251654128869,0.552880089655209
1641,0.0274824065251076,0.075740301234406,0.201881330613129,0.546527036816094
1642,0.0274658986622131,0.0757148430809367,0.202061371413282,0.547553858442315
1643,0.0274667031985703,0.0755718810324613,0.201334776999214,0.544426333352453
1644,0.0274761995527754,0.0756651013522211,0.20097283591974,0.546453276385174
1645,0.0274838044431442,0.0755705162113588,0.200994299437771,0.544865148673619
1646,0.0274886096865168,0.0757434491663368,0.201498129979515,0.54854709329742
1647,0.0274809150452708,0.0758468414806452,0.200770772479747,0.546110092727321
1648,0.0274826000751311,0.0758831768957106,0.201750546493427,0.546539866537931
1649,0.0274884120635086,0.0757131147513368,0.201580822389739,0.547234966085939
1650,0.0274719452025052,0.0756235038233321,0.200302383755656,0.55019308809872
1651,0.0274798839769376,0.0758257754475623,0.201361340727184,0.539336259989078
1652,0.0274705983421799,0.0756873827857428,0.201544209692749,0.551168912936799
1653,0.0274853796217928,0.0758498760889858,0.201361893868488,0.549272011365063
1654,0.0274724125838053,0.0756285217548917,0.201232268359139,0.549586282954876
1655,0.0274846587977697,0.0756732279159326,0.201030212062188,0.547804677123158
1656,0.0274756863065504,0.0757821131226695,0.201509372034504,0.548620209068043
1657,0.0274819024421909,0.0758044196993445,0.201325070652434,0.55306649147747
1658,0.0274599570657462,0.075596438299318,0.2004332844843,0.548323137574358
1659,0.0274810807081715,0.0757864775410079,0.201111343792596,0.546857768134095
1660,0.0274671732083227,0.0757219140294977,0.201208081953195,0.548849370003533
1661,0.027461940048659,0.0756579302815447,0.201141902277463,0.543517996104777
1662,0.0274745970776867,0.075766279147833,0.201754533444312,0.548395581043177
1663,0.0274762456800758,0.0756763411453854,0.20121531080122,0.551808325843878
1664,0.0274752891563169,0.075752511431373,0.201361421486905,0.543092475049014
1665,0.0274745243823535,0.0756982326691624,0.201344771361853,0.55416597022356
1666,0.0274864129892059,0.0757264969906822,0.20127514855602,0.544473687703339
1667,0.0274964237537206,0.0758508175725316,0.201913570066758,0.550176470646397
1668,0.0274705951369233,0.0756382412637958,0.200639403898025,0.54904629257582
1669,0.0274635564899244,0.0757497890950685,0.201451762241356,0.541360323747194
1670,0.0274853586497044,0.075671316833327,0.20115687855409,0.551498321296554
1671,0.0274933346820975,0.0757648789365532,0.200889846649318,0.550277420954243
1672,0.0274829610492,0.0757424175204773,0.202056695834586,0.542546114114958
1673,0.0274860711119422,0.0757896627722473,0.201649458227693,0.548187319045641
1674,0.0274726905253267,0.0757612191080029,0.202300919141454,0.550135461360977
1675,0.0274939499383207,0.0757351010628724,0.200850840883151,0.542658850543421
1676,0.0274717348434835,0.0756872605662662,0.201597193573599,0.552351827960612
1677,0.0274838031048961,0.0758338379363519,0.201673521626634,0.548634308623552
1678,0.0274646762705394,0.0759154409531203,0.202137697252506,0.558603773923222
1679,0.0274702116541558,0.0756346076042046,0.199878436594729,0.541446067246741
1680,0.0274741932348103,0.0755009726441502,0.201436197555915,0.550442639648216
1681,0.027473121678952,0.0757347460796335,0.201722412930926,0.549935593710784
1682,0.0274660352867187,0.0757093873799724,0.201093371606016,0.550123551017185
1683,0.0274601521109174,0.0757045063915059,0.201839821400131,0.55211484073406
1684,0.0274788666629726,0.0757059250510322,0.201341415360739,0.551919734851954
1685,0.0274715473680887,0.0757776081351439,0.201457980563536,0.547463172979207
1686,0.0274784110220322,0.0757443012988304,0.201757259031132,0.552049671035721
1687,0.0274676537816629,0.0757017332914147,0.201687948905335,0.550109618844065
1688,0.0274785228107535,0.0758329514579073,0.201040502548315,0.547351513321483
1689,0.0274688667416094,0.0757092963860383,0.200997668624736,0.548526653005437
1690,0.0274768116155795,0.075692686931874,0.202111859189706,0.549430874639513
1691,0.0274698355809721,0.0756962355908274,0.201981095783379,0.554959150808903
1692,0.0274641842930256,0.0756889073099302,0.201441948041895,0.54496470824158
1693,0.02747920882876,0.0756314405469123,0.201456151952918,0.549611473329904
1694,0.0274606336214197,0.0758020165037122,0.2018152743076,0.545853579768113
1695,0.0274729241405348,0.0758260293635948,0.201795397644033,0.550556944911738
1696,0.0274840857523601,0.0758027861141082,0.201428146914877,0.545540720656319
1697,0.0274747108623301,0.0756870330959407,0.201693477184893,0.553407634843607
1698,0.0274806612685602,0.0757154969734945,0.201470079597606,0.553131607817893
1699,0.0274696833324648,0.0756600826473071,0.201084744633088,0.548478687781893
1700,0.0274796741928842,0.0756931573681439,0.201514357422236,0.552127302601931
1701,0.0274866281921344,0.0758340852842715,0.201537685588975,0.54735339509079
1702,0.0274588041745997,0.0756650062878681,0.202206872894469,0.555070338034091
1703,0.0274700599490601,0.0756816610060196,0.201428973284276,0.54630367304305
1704,0.0274605259066111,0.0756724947790284,0.200614171087551,0.549581241780308
1705,0.0274695103561489,0.0756816988843157,0.201636995115558,0.549640814091977
1706,0.0274825049455818,0.0756587666624581,0.201393669904541,0.548289811711192
1707,0.0274789024405216,0.0757706516938296,0.201214685372064,0.544716266477809
1708,0.0274809616068897,0.0757738073350127,0.20168148224042,0.555325718577285
1709,0.027474715403569,0.0757390876633579,0.201927403880165,0.552289733262946
1710,0.0274730783647191,0.0756376831423463,0.201833088816933,0.554640892907097
1711,0.0274788169996589,0.0756441119673445,0.200842771757719,0.543311722244008
1712,0.027479868859667,0.0755019580271481,0.200126252318341,0.551863954162764
1713,0.0274825579041207,0.075812932535316,0.201152428344577,0.554678544955122
1714,0.0274641192582074,0.0756623927169926,0.201265718081514,0.54809563145224
1715,0.0274917009541638,0.0757999465098673,0.201354338498544,0.551014539143437
1716,0.0274709036638998,0.0757687644478859,0.200703529298096,0.550460082943419
1717,0.0274575972387366,0.0756010201330754,0.200862876140414,0.548314879177136
1718,0.0274913569442779,0.0757736779150187,0.201582212339121,0.548191436172085
1719,0.0274708506777474,0.075653406093655,0.201301935032138,0.549244455873058
1720,0.0274764757809802,0.0756952743382014,0.201425335639496,0.542733247853772
1721,0.0274820652446648,0.0758025502339911,0.201557819715482,0.54538016956901
1722,0.0274819382474279,0.0757373019690304,0.201026885994178,0.550345888310184
1723,0.0274700227893779,0.0759056685960587,0.20190786500321,0.550822148843802
1724,0.0274890687624851,0.0758306591753956,0.200406733507732,0.543304667342763
1725,0.027485112663689,0.0756688153310345,0.201143109101982,0.546316690448011
1726,0.0274704114638218,0.0756154281911127,0.202300729469987,0.550891546350846
1727,0.0274682920876497,0.0756360145487653,0.200931581516317,0.545308390681986
1728,0.0274899514039415,0.0758739188244843,0.201734303446851,0.546646641562868
1729,0.0274745716268853,0.0757463948312662,0.201484981049102,0.553759033565212
1730,0.0274649784436606,0.075696998791087,0.200733077134332,0.548286682404248
1731,0.0274802241020742,0.0757385891580554,0.201280572514339,0.548693942639003
1732,0.0274792723926591,0.0758270287885473,0.201218509300199,0.545050437848937
1733,0.0274769315309892,0.0758224189362224,0.201187913211237,0.547383692744791
1734,0.0274690027337004,0.075757601108623,0.200921137264581,0.546314249868805
1735,0.0274614755149851,0.0757082460059055,0.201671222525127,0.549103051292414
1736,0.02748239051319,0.0756815302919374,0.201741909195608,0.551363007598206
1737,0.0274768025279405,0.0756258582208331,0.201155311554325,0.547825638770036
1738,0.0274971168985269,0.075787878360947,0.200803605289981,0.550117344723494
1739,0.027446571212889,0.0756603380478988,0.200533561911834,0.5474512214351
1740,0.0274811328440884,0.0756964593527784,0.201365859222178,0.548339733051624
1741,0.0274825333857563,0.0757781244721314,0.201405100056935,0.546747888050272
1742,0.0274735980441464,0.0756745108988015,0.201010313108392,0.54234390645138
1743,0.0274656675008346,0.075729852107783,0.201591584691033,0.554244448619168
1744,0.0274799141983548,0.0757517644054768,0.200783069850106,0.538349573102333
1745,0.0274840625577825,0.0757372174068765,0.202612532545853,0.554731736176408
1746,0.0274749410374194,0.0757232109817354,0.201771671338849,0.548531164706467
1747,0.0274794143264197,0.075676748026049,0.201129746630161,0.547862753115777
1748,0.0274798718058788,0.0756789486608416,0.20048267751411,0.550489025537036
1749,0.0274752032617018,0.0756677050767103,0.200898350373001,0.550849036769594
1750,0.0274783346074592,0.0756695027902554,0.201830541795278,0.545767088944929
1751,0.0274806578719593,0.0758537540712673,0.201116122776644,0.550042710083982
1752,0.0274682183965519,0.0756815193259458,0.201597496701902,0.552952643189532
1753,0.0274784592114325,0.0756762620650319,0.200940818521887,0.547953746581751
1754,0.0274849444544281,0.0757465738013125,0.201862736000327,0.548485602686539
1755,0.0274799858179349,0.0757466087688698,0.201704703512489,0.544998613393956
1756,0.0274814122497628,0.0758039405488619,0.201891635640816,0.553913429914245
1757,0.0274774500607225,0.0756636098674768,0.20114313182207,0.550217724572467
1758,0.0274765205876937,0.0758184107445354,0.20158843185789,0.547544477049629
1759,0.0274699995784249,0.0756594746052273,0.200838938608019,0.544326764965573
1760,0.0274812619736145,0.0756768889816419,0.200167324587048,0.541244765699815
1761,0.0274727821307629,0.0757186010174201,0.200897925372018,0.544990189708862
1762,0.0274797907771799,0.075813691468209,0.201755040275183,0.548610922670452
1763,0.0274974543611801,0.0758018739166108,0.201779644274247,0.547392198495061
1764,0.0274754874643076,0.0756267824743079,0.201135334060828,0.549562930420694
1765,0.0274704328903425,0.0758572479624415,0.200932794782046,0.551090998864485
1766,0.0274808243407968,0.0757696196788352,0.20190332280304,0.548877915785943
1767,0.0274675439309545,0.0755906321342822,0.201323134926628,0.5448788333039
1768,0.0274574727746482,0.0757998233979875,0.201060328104819,0.549251181693452
1769,0.0274701494651148,0.0757189893865526,0.202412391792658,0.551184858950857
1770,0.0274986289170526,0.0756836216383042,0.201447747041234,0.549174626395781
1771,0.02747725605,0.0757269983674901,0.201609859100185,0.552910391115
1772,0.027478163179751,0.0757571069990499,0.201035311311864,0.54925361757808
1773,0.027493145625452,0.0758124209236701,0.20148714246081,0.547100597112656
1774,0.0274847985737815,0.0756794982749659,0.201773447527004,0.548696347732778
1775,0.0274753296280057,0.0757983213161414,0.201274832762368,0.550897567884926
1776,0.027457586927204,0.0756534213057897,0.200906261556976,0.545224931469504
1777,0.0274705749747952,0.0757819573836419,0.201709417319234,0.550907898526244
1778,0.0274846269352257,0.0757212806677876,0.201569526518175,0.550402542021243
1779,0.0274701755546183,0.0757113077604151,0.201985153236877,0.553117594401635
1780,0.027468343880688,0.0756558118997994,0.201037509952773,0.546418456111909
1781,0.0274613990475023,0.0758342438217451,0.201986010612426,0.54711156571205
1782,0.0274743252128741,0.0757485405553085,0.201424418131055,0.549797992095675
1783,0.0274647326189366,0.0756707076445083,0.201737814562349,0.546387841957213
1784,0.0274753962645196,0.0757018557699944,0.200507600750032,0.547792194449862
1785,0.0274685140577245,0.0757415088385595,0.201169373543329,0.548790486671657
1786,0.0274735677075894,0.0758431618837381,0.201141375375101,0.552116924740177
1787,0.0274827921131897,0.0757318464072614,0.202190715693534,0.547760927215937
1788,0.0274882447609723,0.0756838597379981,0.200827709265746,0.549136147211063
1789,0.0274736904496047,0.0756190371150236,0.201163549651757,0.547789092736515
1790,0.0274836638440659,0.07565018811426,0.201453501596876,0.555147330429168
1791,0.0274702099353046,0.075740261168374,0.201006725244392,0.544204798224092
1792,0.0275018102533809,0.0757534898519212,0.201099972265334,0.543298197181168
1793,0.0274682965206101,0.0757353575079077,0.202006877013357,0.550913204854938
1794,0.0274882683471786,0.0757610273851732,0.200954578214861,0.547501858981012
1795,0.0274841540331124,0.0757501742768562,0.200904763493331,0.550326164965073
1796,0.0274718349415901,0.0758094419873312,0.201120374663863,0.553363428803452
1797,0.0274799844634876,0.0758161521545555,0.201826263392759,0.549359198120992
1798,0.0274864250175586,0.0757160831213606,0.200789945057447,0.549887998081878
1799,0.0274843258591614,0.0757329611383219,0.201543521059323,0.545704997668634
1800,0.0274689537691293,0.0756799037716898,0.201095634319484,0.551260560563026
1801,0.0274777219846278,0.0757813889381105,0.20173573106315,0.548791739341088
1802,0.0274760077500716,0.0756792687317152,0.202075361754886,0.552310908028684
1803,0.0274871202948223,0.075738090837222,0.201820545071533,0.55162013336028
1804,0.0274588137506663,0.0756326726462345,0.201002827853664,0.54924234316908
1805,0.0274793745500066,0.0757245078295372,0.201523997960596,0.541531408232075
1806,0.027475187650484,0.0758614714195235,0.20188001612586,0.547709199260875
1807,0.0274921970042309,0.075879629602219,0.201697086601683,0.551548781680353
1808,0.0275028334388761,0.0757567102483451,0.201943635991364,0.545128675688053
1809,0.0274661221782161,0.0756830263521567,0.200965968855418,0.546627497342064
1810,0.027467244670768,0.0757556966882149,0.201059757992524,0.554110764132801
1811,0.0274858456997572,0.0755951538848141,0.201121783502977,0.551630633810102
1812,0.0274779380967018,0.0757346171383601,0.201362354496473,0.551507024180508
1813,0.0274903033897771,0.075734575670468,0.201473492536599,0.547184460291942
1814,0.0274939832441148,0.0757786017124226,0.201837862397592,0.551870108706784
1815,0.0274860746234982,0.0757166094156124,0.201583547294239,0.54871373989865
1816,0.0274782123293143,0.075761074007302,0.201760042887703,0.545293097105313
1817,0.0274798747090393,0.0758263655486072,0.200970099604023,0.551679912832776
1818,0.0274680355557098,0.0757508639318749,0.201076501174507,0.546543097121571
1819,0.0274657511918696,0.0757374344777364,0.201092086314095,0.54269229587621
1820,0.0274653810656036,0.0756998362992788,0.20157883274754,0.555449297226383
1821,0.0274819612261209,0.0757419158860944,0.201642728207093,0.54642623003302
1822,0.0274806332065451,0.0757197672009885,0.201171049834124,0.547583682235632
1823,0.0274882156308711,0.0756820677759706,0.201085303542045,0.546727325325512
1824,0.0274842086132078,0.0757304193796684,0.202053626401538,0.547493761696587
1825,0.0274816777568011,0.0757840418437145,0.201873579163378,0.552938302889299
1826,0.0274711993602186,0.0757764020409889,0.201289814860627,0.549920045143065
1827,0.0274899277475036,0.0757464921412444,0.200933895789419,0.554691934516763
1828,0.02748584269224,0.0756224663682284,0.201638013695917,0.552258092239906
1829,0.0274779881704356,0.075766114165324,0.20156290967655,0.546726064435557
1830,0.0274728497283625,0.0758465666918062,0.201210490283108,0.54668839307225
1831,0.0274676085373677,0.0758021726210427,0.201172106469927,0.549007300614659
1832,0.0274774717342776,0.0756731646491521,0.200813479175839,0.544363986420015
1833,0.0274749936732469,0.0757269670273547,0.201265519817208,0.554870074767335
1834,0.0274923094976645,0.0758245641191438,0.201031375542978,0.552273260351065
1835,0.0274813836183502,0.0756536987280851,0.200743593894127,0.549558246923633
1836,0.0274714104133386,0.075815411536042,0.201440993926883,0.546809495952497
1837,0.0274731299552729,0.075682742982997,0.20127792933062,0.555090184773796
1838,0.0274663000983936,0.0756938997458668,0.20095126073132,0.546448636128077
1839,0.0274773909748566,0.075712987801827,0.201635939427938,0.556348242303121
1840,0.0274874119393202,0.0758207653048494,0.201877382239624,0.549811990251748
1841,0.0274771338061939,0.0756649247205283,0.201307264875943,0.552359267080478
1842,0.0274604590978037,0.0756155551925266,0.20167100252926,0.546301982629352
1843,0.0274952591912998,0.0757028451884998,0.201462491734887,0.548575747450719
1844,0.0274827286175106,0.0757985378267997,0.201780011300471,0.548536794840535
1845,0.0274671294492308,0.0757204838328079,0.20203751973816,0.552118169890665
1846,0.0274758970612033,0.0756887758036357,0.202021345834698,0.5510550085437
1847,0.0274724139968317,0.0757425381532889,0.202029225340017,0.549108470968652
1848,0.0274704448301458,0.0757126146399279,0.200706448837584,0.547711779281433
1849,0.0274648417970024,0.0757083768314973,0.201275226847966,0.547119335266251
1850,0.027477628443311,0.0756453009186238,0.201160545742892,0.553157196860461
1851,0.0274891691812416,0.0757693020483635,0.20085852460146,0.545163364386297
1852,0.0274664040463772,0.0757281701139599,0.201320936910568,0.542964311959229
1853,0.0274926147580409,0.0757942068556227,0.200920926601109,0.550215332725519
1854,0.0274815057871813,0.0756968700500307,0.201476732100335,0.54668008803899
1855,0.0274858651797231,0.0758556318179946,0.201049615796821,0.546603558446862
1856,0.0274854325979668,0.075711491325087,0.20142211218026,0.551227642527446
1857,0.0274752104508796,0.0755692651571667,0.200485864642782,0.550763063103483
1858,0.0274775088137932,0.0757571707258858,0.201867343648775,0.551548175269535
1859,0.0274692319243976,0.0757888099003458,0.20175150149393,0.544523070211562
1860,0.0274547664268007,0.0754477380754222,0.20038008698066,0.544332648678051
1861,0.0274810532079289,0.0757273292868567,0.202063183757604,0.549991673403519
1862,0.0274754193359006,0.0757681912822856,0.201560993646547,0.551981974846034
1863,0.027476223863269,0.0758397739234076,0.200797815728001,0.546344279240867
1864,0.0274744088915712,0.0758016174611528,0.201315356295782,0.550265201706927
1865,0.0274691428945557,0.0756921865863325,0.201661544376083,0.553210366883305
1866,0.0274882601515856,0.0756203965946534,0.201869001101913,0.546424917886118
1867,0.027477794561539,0.0758238719415925,0.200868171680407,0.54211500842041
1868,0.0274658216514747,0.0757602947479952,0.201706139057912,0.553148438029604
1869,0.0274702144250996,0.0758399898449982,0.202142838922754,0.552509248741762
1870,0.0274822213079867,0.0756792855997813,0.200982495228014,0.55240805160881
1871,0.0274892670655119,0.0756992846334492,0.20165295908123,0.551533098293398
1872,0.0274592878470917,0.0757375933131889,0.201602604538412,0.551426234600936
1873,0.0274800289682118,0.0757162762945774,0.202166283214336,0.543214508940702
1874,0.0274833657349915,0.0758255885308022,0.20128774170061,0.54976963836573
1875,0.0274718676003572,0.0757503947431113,0.201265266070142,0.543928570424604
1876,0.0274753750126526,0.0758292084551452,0.201556375781974,0.549362034884499
1877,0.0274698240878676,0.0758012118122003,0.201979590646898,0.550520961404204
1878,0.0274818313538811,0.0758044585700677,0.202209213485836,0.553452835476541
1879,0.0274810673944925,0.0757839038513141,0.201477440829826,0.548710480742711
1880,0.0274750080305492,0.0757540170133572,0.201352157673524,0.546548543218024
1881,0.0274828603567996,0.0757044110656215,0.201739847804888,0.548315288186104
1882,0.0274818384403479,0.0757359463328701,0.200940477524244,0.552145957853106
1883,0.0274858986015842,0.0757503123715711,0.20109319428691,0.551704620176122
1884,0.0274613085268682,0.0756798063121766,0.200570798337872,0.546234321875475
1885,0.0274832667874832,0.0758055240990232,0.201803337447787,0.552947134452524
1886,0.02747929771873,0.0758052706811756,0.202004708289593,0.551114264999337
1887,0.0274692105593381,0.0756040120824372,0.201587262228194,0.542295960206779
1888,0.0274813897905572,0.0757414397597141,0.202050189672242,0.548181692253912
1889,0.0274909686750762,0.0756751738086966,0.201342464056617,0.54889333471627
1890,0.0274669112463356,0.0757125881236386,0.201704344929605,0.549042355658041
1891,0.0274791201801584,0.0757240298939212,0.201059339871081,0.551037630976868
1892,0.027489606898424,0.0758736828055557,0.201425784126974,0.540547163911954
1893,0.027476462769066,0.0757487689998642,0.20215937957377,0.548335671975868
1894,0.0274598726418783,0.0757126408515249,0.201142365428032,0.547009182448851
1895,0.0274691556013434,0.0756994266669363,0.200533999481923,0.547530969841333
1896,0.027471369536576,0.07566113733647,0.201546994514243,0.549194787805454
1897,0.0274912694191736,0.0756569242964589,0.200933259171156,0.547709253195462
1898,0.0274776153766255,0.0756967162679558,0.200896276158562,0.551579425872708
1899,0.0274724367650979,0.0757711844523276,0.201592827368982,0.555346230958143
1900,0.0274768199071717,0.0757551349404792,0.201339045518143,0.550471663733848
1901,0.0274804582253976,0.0756873611976833,0.201578876372882,0.551042935125559
1902,0.0274971063190903,0.0757001963501158,0.202548391275528,0.543217991538828
1903,0.0274640283425115,0.075607583491354,0.20183527363085,0.548483466750242
1904,0.0274615885091953,0.0757464084880293,0.201412829655832,0.545653333406553
1905,0.0274841152769903,0.0757176204200565,0.201381253305637,0.544209047738626
1906,0.0274964388877888,0.0758354861316429,0.201118499162856,0.550140162787818
1907,0.0274644488123682,0.0757277532200434,0.201193801330079,0.5476837303609
1908,0.0274835236725004,0.0756917743657144,0.201991162853244,0.547469708023234
1909,0.0274948173964446,0.0757615462297124,0.201621291679409,0.547162819849878
1910,0.027478539393842,0.0758169933888426,0.201690246684861,0.551890636904976
1911,0.0274895913411525,0.0758052833650054,0.202446585539998,0.547481264191778
1912,0.0274609908870761,0.0755678111486868,0.200889060999854,0.545406976764122
1913,0.0274720432429725,0.0756123390887398,0.20108531847146,0.549048775930819
1914,0.0274783310622502,0.0756201095762318,0.200299170117815,0.548140164724304
1915,0.0274663283958217,0.0756639725545548,0.200902475262259,0.54787638889392
1916,0.0274972574770899,0.0757830357940861,0.201169909123217,0.551450859884326
1917,0.0274861299509426,0.0757891444066165,0.202000942452292,0.547692026051524
1918,0.0274719498512783,0.0756605462707828,0.201461149837135,0.548963022342509
1919,0.0274601734646092,0.0758036319707104,0.201913182158138,0.54684692304543
1920,0.0274709281587525,0.0757832849149679,0.201458525225882,0.548894844846101
1921,0.0274979202503753,0.0757802459537973,0.201366094125619,0.546793683229945
1922,0.0274665725580156,0.0756269094702573,0.200846819810412,0.545248777571065
1923,0.0274921682355985,0.0757549918833707,0.202254548369317,0.553205149354387
1924,0.0274894749195209,0.0756929316116221,0.201175530716549,0.545287153964486
1925,0.0274954762381248,0.0757317292656714,0.202039856305002,0.544564138135329
1926,0.0274953077999969,0.0756935666622501,0.200618623690672,0.547166695955908
1927,0.0274851019769834,0.0758774326350106,0.201584408437391,0.549603437968955
1928,0.0274694562504541,0.0756726338722236,0.201767272967723,0.543991807672336
1929,0.0274607139492633,0.0756822529101218,0.201164232882999,0.544963791923489
1930,0.0274913195676,0.0757963288709795,0.20091308343856,0.544259412944703
1931,0.0274933073941036,0.0757916016162499,0.200537916194176,0.555477500087303
1932,0.0274711514342524,0.0757260773544324,0.2011881889037,0.547666313860496
1933,0.0274652178870786,0.0755101356767526,0.200544758909076,0.548970924361384
1934,0.0274901365212509,0.0758326239123854,0.20072371866812,0.547558865244231
1935,0.0274643737587305,0.0758376509600564,0.202489777777532,0.550488954581687
1936,0.0274527298887645,0.075630922645281,0.201235547974213,0.548889323689206
1937,0.0274811169453343,0.0757331172109598,0.202018518585472,0.553121248983525
1938,0.0274927923381001,0.0759384997176018,0.202491089678237,0.544391060081595
1939,0.0274852199190425,0.0758574146918581,0.201537095121956,0.547419048130412
1940,0.0274749829380425,0.0757284201066975,0.200891188045838,0.545273901845835
1941,0.0274938456599528,0.0758288936898294,0.201528644767908,0.54861087799601
1942,0.027487833967361,0.0756801189119748,0.201655796425989,0.549048464650736
1943,0.0274923484187953,0.0757708607973714,0.201935336968829,0.546558882393343
1944,0.027487972715827,0.0758216733670228,0.200981479485056,0.545086256324211
1945,0.0274861263875975,0.0758902900319545,0.201795274097588,0.54688244865174
1946,0.0275008133182841,0.0757117204442051,0.200579740748471,0.548482874826308
1947,0.0274881719547635,0.075891149163081,0.201725663795575,0.550016790057655
1948,0.0274774500942288,0.0757971885677655,0.20129191420488,0.54933599233278
1949,0.0274918070329096,0.0758124248132516,0.201322224341709,0.545911997484924
1950,0.0274744542859892,0.0759185903379816,0.201513004341618,0.548431322956824
1951,0.0274685933206834,0.0756965354690214,0.202039397501367,0.547565632255478
1952,0.0274775068752716,0.0757830580297757,0.201284072862208,0.549475075788643
1953,0.0274872510926603,0.0757479180959082,0.200343783409995,0.550252740253271
1954,0.0274868962270259,0.0756776187853152,0.200641151154124,0.54551984246431
1955,0.0274750687668264,0.0756682359210116,0.200968056253063,0.54601153939625
1956,0.0274915376487419,0.0758189085271065,0.202313144020815,0.546863727053797
1957,0.0274691726946236,0.075687300040675,0.200866060640423,0.545425492976766
1958,0.0274835324142803,0.0757997397003956,0.20134108911917,0.549956606786059
1959,0.027483107484663,0.0758671483064752,0.201899581131919,0.55613304007521
1960,0.027479014195767,0.0757226932913704,0.201337555500052,0.550714797762964
1961,0.0274730024214916,0.0758546283645024,0.201414717530963,0.545811597687432
1962,0.0274708383144673,0.0757141204226719,0.201107178179211,0.549084581139842
1963,0.0274802773042961,0.0757534706119486,0.201900871269388,0.551214481162845
1964,0.0274718210712568,0.0756464852295751,0.201623209375363,0.546832328040979
1965,0.0274973936247879,0.0757548366396358,0.200956688245654,0.550001488189391
1966,0.0274672242761082,0.075571232665488,0.200754344240365,0.549300763165024
1967,0.0274971718237033,0.0756039813632207,0.20069924658366,0.545150806069547
1968,0.0274739434574984,0.0757030729657182,0.201818074125596,0.545923628158589
1969,0.0274675321867011,0.0756491394292548,0.201572677840978,0.550489275999435
1970,0.0274707201200082,0.0756183477992478,0.200458314192795,0.540746560600579
1971,0.0274903495417413,0.0757430541313672,0.201263043838374,0.550793976949202
1972,0.027473742884217,0.0756798336497252,0.201265722205233,0.548820715641438
1973,0.0274894394005343,0.075882880470307,0.201413003982726,0.5525265704664
1974,0.0274651490745053,0.0756609411838096,0.200495408023679,0.542752667216054
1975,0.027476955851544,0.0756381932624263,0.2017274989188,0.549062532418807
1976,0.0274817203175286,0.0758315582600499,0.201447276866348,0.552924650494048
1977,0.0274848317120799,0.0758006275539833,0.201440224248361,0.553696902754103
1978,0.0274735296014288,0.0756556909326,0.200996417450232,0.547192492242036
1979,0.0274794194115646,0.0757750124388091,0.202020347974466,0.551680753334637
1980,0.0274741986753205,0.0757973382034685,0.200745561278361,0.548146224753234
1981,0.027475299993284,0.0756542214156816,0.200975535094935,0.543947715743613
1982,0.0274555936587966,0.075729687062435,0.201802115646795,0.551897550221841
1983,0.0274849545557352,0.0757431995335602,0.201566348717771,0.54836803696482
1984,0.0274924548612535,0.0757144225349167,0.20095434319429,0.548427006754054
1985,0.0274775173837224,0.0757008902192194,0.201306383174686,0.547151357110128
1986,0.0274888079299019,0.0757879792167536,0.201573416876853,0.54555889139306
1987,0.0274634970825445,0.0756758222527571,0.202006150653867,0.549649435856157
1988,0.0274641524252211,0.0756760512964907,0.200639568928029,0.544786268869163
1989,0.0274504209788229,0.0757277491290624,0.201076250152532,0.544309326278401
1990,0.027478364460462,0.0757168839842514,0.200752154263448,0.552747734883001
1991,0.0274563874632312,0.0756863340813956,0.200816752970475,0.553187061810306
1992,0.0274693131032585,0.075739414191165,0.201653974663572,0.552488359513471
1993,0.0274706076187394,0.07577991639171,0.201527762628947,0.548359676713491
1994,0.0274630367520425,0.0756804470302296,0.200596656705008,0.545920477701855
1995,0.0274872003408471,0.0756789201040391,0.200913535256296,0.546239939963705
1996,0.0274718378911177,0.0756985172339949,0.200843683920349,0.546857990960744
1997,0.0274885965813924,0.0758591743771522,0.20103819894424,0.554485812985635
1998,0.0274680440301869,0.075721676916298,0.200987465199019,0.552299223822121
1999,0.0274808141413247,0.0758323184427131,0.201828774579694,0.553290253763253
2000,0.0274810234511146,0.0756633611455521,0.200903562184382,0.546145156187572
2001,0.0274914647431097,0.0758626461927258,0.202073958887833,0.551827955521863
2002,0.0274800773072298,0.075727955877381,0.201395159277985,0.551828881957812
2003,0.027483475349084,0.0757776407410939,0.20142367824097,0.551834698530305
2004,0.0274640944007531,0.0756818610608462,0.201951268050635,0.5487624291804
2005,0.0274740341039166,0.0757619911933257,0.201657924769937,0.554936529754637
2006,0.0274816835597964,0.0756647637937663,0.201200870566246,0.542652863151953
2007,0.0274628625848842,0.0757509460404413,0.201854255030499,0.546121493775359
2008,0.0274852292878628,0.0757071557400609,0.201021647489237,0.541579108769934
2009,0.0274798007277636,0.0757127691615123,0.201850576983762,0.549597990092523
2010,0.02748539442868,0.0755661514663878,0.201102465435174,0.54452378032983
2011,0.0274826066962748,0.0758326006497504,0.201849080063478,0.550568208674718
2012,0.0274834871647332,0.0757978407111673,0.201811662829468,0.553827093970264
2013,0.0274936315454082,0.0757156485222018,0.200725723219391,0.545154142732059
2014,0.02749219762187,0.075711426176657,0.200643523662044,0.552519377388224
2015,0.0274870268783744,0.0758525218255531,0.20243135260514,0.552213598984424
2016,0.0274790191695255,0.0757737357980706,0.201758170593867,0.551138369475871
2017,0.0274663171067787,0.0756639953862355,0.201095561377707,0.5491825793437
2018,0.0274740580328286,0.0757699292078357,0.201847672427936,0.547796550373766
2019,0.0274620602753652,0.0755612327628335,0.200151160597114,0.54368523892529
2020,0.0274681164751892,0.0758139056317313,0.201460133249013,0.552144393699074
2021,0.0274848463865838,0.0757148851175372,0.201461428818997,0.544515747279527
2022,0.0274604969129694,0.0756011817811779,0.200983817762235,0.547941540244009
2023,0.0274910318413225,0.0757580322253456,0.201032412500612,0.544366770444561
2024,0.0274670557918981,0.0757541436454626,0.201559901317555,0.557297201976118
2025,0.027478082945779,0.0757757887932581,0.201380366829963,0.548485501287782
2026,0.0274828320175898,0.0756875679894322,0.201332953870837,0.555495561983659
2027,0.0274805797069681,0.0758046984340857,0.201529830966543,0.550890509879883
2028,0.0274612076603396,0.0757717554584739,0.201070999724854,0.546772465981649
2029,0.0274850609077871,0.075782289766963,0.201524199316456,0.548310036422202
2030,0.0274749324819039,0.0757038306577696,0.20164342879756,0.550588602472303
2031,0.0275042835339376,0.0758016696342007,0.201384406198961,0.553659046997663
2032,0.0274729270491888,0.0755907039739003,0.201176866853072,0.552972810798702
2033,0.0274601857103611,0.0756611383925299,0.201871057010715,0.549626579377616
2034,0.0274768945740483,0.0757108790570835,0.201070197725443,0.553275840508552
2035,0.0274895648360402,0.0757612382789043,0.200894748059446,0.545471314503868
2036,0.0274676960514678,0.0757075117074334,0.201283101657021,0.540970700488113
2037,0.0274777057517499,0.0757168422533146,0.201319405538312,0.545010686234566
2038,0.0274726835007314,0.0756911516563212,0.200776360265106,0.551316596952876
2039,0.0274737015964605,0.0758178736696015,0.201870085667406,0.554860297310021
2040,0.0274697138381405,0.0756968743166871,0.200754257238182,0.552044694352945
2041,0.0274704080996286,0.0756172130367999,0.201019523557096,0.546279370772762
2042,0.0274719447110924,0.0757275285863229,0.201892837840787,0.544365230762031
2043,0.0274759444145582,0.0757487991271241,0.201432255094534,0.546010279423314
2044,0.0274742503363925,0.0757541249181922,0.2012944463377,0.540919898826066
2045,0.0274834161706617,0.0757308777370071,0.200697637303639,0.547356223025058
2046,0.0274820674340405,0.0756836930069594,0.201630452403434,0.548237807425351
2047,0.0274807785578387,0.0757903058297203,0.200866287797712,0.548273897168204
2048,0.0274790163950187,0.0757584756451389,0.200950708950608,0.545060563815557
2049,0.0274882564374805,0.0756491539233581,0.201707439877542,0.545892846210338
2050,0.0274902177951509,0.0757595522691169,0.201937749081805,0.557350061944142
2051,0.0274753706021726,0.0758018973215666,0.201258882634004,0.545530270661885
2052,0.0274735504249716,0.0757336035422283,0.201156268653281,0.554845595935239
2053,0.0274757766425354,0.075766710845106,0.201618900203852,0.551495141186441
2054,0.0274631625720236,0.0756608360899895,0.200737651774076,0.551444983879846
2055,0.027470708154536,0.0756348443198719,0.200950633561085,0.550306625309806
2056,0.0274755947972405,0.075702416818292,0.202205777973231,0.549110352929492
2057,0.0274833211994175,0.0758355281690155,0.200901185509304,0.551869058937311
2058,0.0274867247104073,0.0757455066497709,0.201010133072966,0.552594681455228
2059,0.0274896779767374,0.0756484797108085,0.202025451648308,0.552199377855873
2060,0.0274554934215409,0.0756082588640793,0.200973862036801,0.551818713814237
2061,0.0274962441558847,0.0758374342785346,0.201531915906931,0.551481001338971
2062,0.0274847692497201,0.0756434222215627,0.201965649377617,0.548662075441698
2063,0.0274864546450462,0.0757847131063027,0.201130555579925,0.546725746890075
2064,0.0274734921151716,0.0757306499516464,0.201378223826396,0.550289855486918
2065,0.0274665848461857,0.0757384771130155,0.201759419625807,0.549105983542696
2066,0.0274775030462636,0.0757174930600465,0.200778674731784,0.549448117015652
2067,0.0274725852721257,0.0756183910791355,0.200608355234495,0.54832534021867
2068,0.0274730458058863,0.0757942910506176,0.200247691334345,0.547846008628933
2069,0.0274771677711761,0.0757270442929639,0.201824358002676,0.552992190590984
2070,0.0274809046155981,0.0758126030819955,0.200988159258359,0.547053109615313
2071,0.0274881836717771,0.0757435671963207,0.201802398584469,0.544756679467683
2072,0.0274891067731373,0.0758541356006927,0.20170538116885,0.547290602646125
2073,0.0274782522287289,0.0758616399845306,0.201524189307337,0.5475712382264
2074,0.0274778513593028,0.0757260098520304,0.201740690684493,0.546054410471013
2075,0.0274741927752158,0.0755843950895942,0.200919780566995,0.548121105908166
2076,0.0274727447933823,0.0756418687874874,0.200330573615651,0.54584310994327
2077,0.0274712235175391,0.0757955610000291,0.200427052887619,0.550726607056802
2078,0.027464047057302,0.0757396012719632,0.201010500790116,0.546518907759665
2079,0.0274733304512813,0.0757100840148087,0.201888842959181,0.54664285717486
2080,0.0274798339101353,0.075906405618076,0.202135651820497,0.550300992248337
2081,0.0274835940857381,0.0758187357236518,0.201327979223686,0.548689912235257
2082,0.0274752829661491,0.075716125054923,0.201256790746862,0.545493990782787
2083,0.0274841109906699,0.0758386006617581,0.200811065431252,0.548964337960157
2084,0.0274936719053098,0.0757801681716217,0.202301666153403,0.551775119290778
2085,0.0274795340739772,0.0758450634642787,0.201587395150877,0.547949130081538
2086,0.0274746734681924,0.0757738892142151,0.201663334233932,0.550896445283738
2087,0.0274722526036662,0.0757504690980808,0.201442757344937,0.545678928303767
2088,0.0274646776626838,0.0757760852831638,0.200718821146685,0.544265504163745
2089,0.0274977860753127,0.0757034034743618,0.19997340956617,0.543728903262249
2090,0.0274688229182932,0.0757088268803099,0.200835528483499,0.552680500371683
2091,0.0274864162142865,0.0757404628849356,0.20101353455519,0.547685742827421
2092,0.0274785893804565,0.0757055478031028,0.201367242830185,0.546032928269717
2093,0.0274897211949984,0.0757664192607241,0.202175285240069,0.548615440351339
2094,0.0274780271983352,0.0757849840263583,0.201448622468545,0.550127248084177
2095,0.0274666902457469,0.0757770053246391,0.20137217189789,0.554945097240908
2096,0.0274892662847225,0.0757954636987894,0.201846282313927,0.552441478413046
2097,0.0274818426491405,0.0757344010145124,0.201249861461292,0.547704531876046
2098,0.0274680637868761,0.0757257515788363,0.201499942444685,0.550446583048671
2099,0.027484420384293,0.075747097116806,0.201223223496744,0.548760477991303
2100,0.0274851629192642,0.075830175313192,0.202299268255637,0.545573655549735
2101,0.0274800399494804,0.0757471286574161,0.201578390396273,0.541038943692086
2102,0.0274723555106531,0.0756317609602794,0.201811376816225,0.546682320262542
2103,0.0274782471956842,0.0755747092876531,0.200878190538262,0.548794156992703
2104,0.0274910001333957,0.0756749637845718,0.200175584991749,0.549038547903133
2105,0.027472743575644,0.0757071169942711,0.200463060462448,0.5426959992766
2106,0.0274701346854344,0.0756187799110175,0.201796530075784,0.54667873266435
2107,0.02746373318311,0.0756373399918004,0.200934543319599,0.551346120067032
2108,0.0274920666343429,0.0758319065656715,0.201832004487312,0.544693084414948
2109,0.0274766438445501,0.0756734544432769,0.20078456365625,0.549806103720804
2110,0.0274868740301,0.0758678281904426,0.201669843772932,0.545324693663137
2111,0.0274793621882432,0.0757595260395734,0.201616546795138,0.550536579868585
2112,0.0274754641418889,0.075785284644849,0.202556278086723,0.5425133035373
2113,0.0274773899516268,0.0756747958184181,0.200876013541318,0.553560414754852
2114,0.0274758725021384,0.0757715611227818,0.201942047457883,0.548897041625028
2115,0.0274629371733413,0.0755855956028573,0.201344396761257,0.539477805931078
2116,0.0274832560149216,0.0757476878049829,0.201681788330625,0.555406087048275
2117,0.0274934496161466,0.0758981944452673,0.201536176668406,0.547764437154323
2118,0.0274789457985584,0.0757164089532312,0.201109191919641,0.54742407765359
2119,0.0274958215109328,0.0757347145442743,0.201245074969998,0.549442316620826
2120,0.0274957080172367,0.0756665815107148,0.201342228695121,0.549942115265882
2121,0.0274811321952273,0.0757645310540046,0.20183405891573,0.545307204922951
2122,0.0274840223087499,0.075746341984331,0.202969849355902,0.550709240684226
2123,0.0274535558563655,0.07565695785741,0.201007826748091,0.546833193392426
2124,0.0274592228328058,0.0757483263313706,0.200843284190668,0.548115563846762
2125,0.0274730359444483,0.0758301669721516,0.20174047970169,0.544214041078572
2126,0.0274760973566791,0.0758108719540862,0.202078398885004,0.552758759137958
2127,0.0274842638170611,0.0757655114116587,0.202134564470023,0.552556160702075
2128,0.0274769894051451,0.0756871096716135,0.201923853443008,0.550436027869062
2129,0.0274975452809046,0.075745240050325,0.201554937044329,0.549730501055601
2130,0.0274747248761556,0.0757128595945942,0.201743205879675,0.546928507896816
2131,0.0274821657914088,0.0758836663666219,0.200977179980248,0.545275171896208
2132,0.02747336325457,0.0755787526932329,0.200401293499566,0.54781108378916
2133,0.0274743835484097,0.0757103619151262,0.200666240350253,0.546627563579546
2134,0.0274808772169355,0.0756641993650941,0.201195088678435,0.552062725181202
2135,0.027493018405001,0.0757032596417909,0.201127384074043,0.545643373917805
2136,0.0274788366651832,0.0758164385849793,0.201908523764409,0.545919291339755
2137,0.0274736212665355,0.0757387052858143,0.201481072601032,0.546834789031984
2138,0.0274822680992211,0.0757940533026311,0.20061914113725,0.548084872877197
2139,0.0274832537972727,0.0757871350563312,0.20143615987355,0.547500853402305
2140,0.0274634881178867,0.0756251680492482,0.2013517923906,0.548420671165542
2141,0.0274822241198482,0.0756750627490993,0.200905267572454,0.549903068829874
2142,0.0274684038917194,0.0758517472311496,0.201740845318577,0.548061588621392
2143,0.0274578016840465,0.0757594679601423,0.201828018975943,0.545470027972913
2144,0.0274875821683945,0.0756846774928035,0.201481704495747,0.544346214171755
2145,0.0274837639195038,0.0757693375772973,0.201004015653383,0.545401905669804
2146,0.0274878047249605,0.0757291606729623,0.200776700646123,0.548878364508079
2147,0.0274955684628948,0.0758193167670432,0.202573444156449,0.554344561428027
2148,0.0274867663848238,0.0759193757432931,0.200829948632577,0.550054868277127
2149,0.0274799389256384,0.0757311883096434,0.202028224181409,0.548311037958267
2150,0.0274742386307614,0.075697131271634,0.201755432430328,0.547618808485823
2151,0.0274699349347997,0.0756615134831164,0.20094237205405,0.548916802114226
2152,0.02748428919802,0.0758015631874793,0.201482871571581,0.549931132786554
2153,0.027483496879061,0.0757374015634602,0.200975036952394,0.544811427286802
2154,0.0274795793939082,0.0758713550609193,0.202202410751904,0.551928229842833
2155,0.0274900788462393,0.0758076057074836,0.201154987354883,0.549775153187479
2156,0.0274882397673967,0.0757693430079657,0.201688014380389,0.554107510222068
2157,0.0274868281880739,0.0756938690350633,0.200484724111064,0.545189782774193
2158,0.0274757324882798,0.0757917682418483,0.202446761735083,0.548346985397305
2159,0.0274736422733481,0.0757254587735769,0.201635656202383,0.551126680017219
2160,0.02750498708718,0.0757215996205781,0.200397103518167,0.543741840677738
2161,0.0274841753717929,0.0757638533107093,0.20146845698429,0.546941651840422
2162,0.0274882315384166,0.0757499494908396,0.201198782520034,0.54751978906185
2163,0.0274846006999333,0.0757130738439244,0.201851686994163,0.552681123750643
2164,0.0274726588089676,0.0756793790352499,0.200993885010775,0.548834681233639
2165,0.0274656097448329,0.0757052090795961,0.201449327081649,0.545284282807009
2166,0.0274583490367928,0.0757464188926697,0.20112341476065,0.544949276532398
2167,0.027493806358082,0.0757996993254655,0.201745314102395,0.550470462437863
2168,0.0274725620331527,0.0757610266041397,0.201683811676922,0.543635991625728
2169,0.0274734589795822,0.0755796565067482,0.200505741141108,0.544413421113227
2170,0.0274758686335447,0.075769091764535,0.200673235836646,0.546605907809765
2171,0.0274731340839831,0.0756848523796216,0.201437433638342,0.548639542428656
2172,0.0274823961941032,0.0758760562439496,0.201076032922557,0.550767383796887
2173,0.0274718957513941,0.0757572094790088,0.201993055067052,0.549683516144607
2174,0.0274907702785671,0.0758014648652335,0.20230705335918,0.551272834144552
2175,0.0274775192967192,0.0756031477093662,0.200619204719271,0.545005997577141
2176,0.027470786168128,0.0755746228097372,0.201491733174022,0.546268172210145
2177,0.0274731980567623,0.0757280017714086,0.200927266517065,0.542802905038047
2178,0.0274892299076357,0.0757370506706075,0.201086684459137,0.551011658918045
2179,0.0274683085406946,0.0756637229858228,0.201127883946526,0.547183318491701
2180,0.0274791998506,0.0757841274939301,0.201741490674493,0.551390172303002
2181,0.0274721976881298,0.075732192164691,0.202088277812667,0.545794805194194
2182,0.0274759563826228,0.0757765227653945,0.200905948708484,0.546528775750325
2183,0.0274630474340095,0.0756650892633222,0.20135575031865,0.546815486751452
2184,0.0274976230114395,0.0758652946048315,0.201799111546493,0.543536826674373
2185,0.027465623380529,0.075814121610954,0.201661232949615,0.546823293011812
2186,0.0274660086435214,0.0756909787377653,0.201334902151897,0.546796494392953
2187,0.0274685433775326,0.0756883821558524,0.20054547091652,0.55468196324022
2188,0.0274701916567044,0.0757546895980197,0.201886623896478,0.54740975841335
2189,0.0275015100078518,0.0759118389852309,0.202093236207958,0.550498553818265
2190,0.0274869815959882,0.0756815128749263,0.201971425597893,0.551371241772975
2191,0.0274714728523792,0.0757378961475086,0.201546660128196,0.55091333602119
2192,0.0274893580110863,0.0757546845240631,0.201675068391639,0.550005234186111
2193,0.0274789562373846,0.0757038953161588,0.201533055033755,0.54703259524696
2194,0.0274675387967312,0.0757022294643094,0.20080256528181,0.547572363319523
2195,0.0274612162811575,0.0755191519014126,0.200872911285967,0.544990791937285
2196,0.0274850627900125,0.0755977575734045,0.201586428424852,0.550688180460901
2197,0.027473819019231,0.0759160117672613,0.202487929356366,0.5500754889947
2198,0.0274754805936882,0.0756263736005583,0.201322157198379,0.546457055333038
2199,0.027471519492881,0.0755680916081149,0.200759830057598,0.542784003979778
2200,0.0274654705997172,0.0757005514417039,0.201045615412743,0.546129006086813
2201,0.0274855421523154,0.075706510962139,0.201279810850394,0.550785372402611
2202,0.0274642612918427,0.0756134056508268,0.201207662998294,0.548674820157911
2203,0.02747284571818,0.075802057053395,0.200654677534735,0.547343839432491
2204,0.027496535823271,0.0758795019660719,0.201350026239,0.549975706981873
2205,0.0274774178996082,0.0757736748610562,0.200641690083191,0.546838112029448
2206,0.0274662656849501,0.0755920645980195,0.200734214974475,0.552064099703542
2207,0.0274797370356379,0.0756893380274544,0.200955317459612,0.553097350632331
2208,0.0274740186235757,0.0757392661774348,0.201783619314925,0.5468045898566
2209,0.0274674595637214,0.0757364637212857,0.20119773712849,0.546089193449323
2210,0.0274797684569732,0.0756506551283552,0.201852107298618,0.541680342051652
2211,0.0274727343136722,0.0757337120789275,0.201680084923502,0.540655472538746
2212,0.0274937584563577,0.075565961836038,0.200924484331273,0.5498299738319
2213,0.0274698293263417,0.0756919835373832,0.200679695582096,0.547461161427936
2214,0.0274750646728566,0.0757084184231997,0.20157605227043,0.546389455136926
2215,0.0274713624459276,0.0756913768572319,0.201182448627806,0.547069700357674
2216,0.0274859930918115,0.0757701918984212,0.201659575580814,0.546613958780999
2217,0.0274786973108454,0.0757668685811482,0.200796275977623,0.546665921101096
2218,0.0274888222874112,0.0757636867833201,0.202235479445125,0.552433993754967
2219,0.0274679266546723,0.07557744427546,0.200914586971074,0.541406163001252
2220,0.0274673402872362,0.0755971531769926,0.200645356491186,0.548434961415995
2221,0.0274795930659006,0.0757710109517611,0.201706785534274,0.553773662112642
2222,0.0274724501195188,0.0756393206906327,0.201121919876784,0.552314851044831
2223,0.0274819246351876,0.0756349854393156,0.201162801693551,0.548119760831164
2224,0.0274612069367249,0.0757322594400845,0.201055406409417,0.551645763220557
2225,0.027471090945857,0.0757228292635962,0.201249404242532,0.548011682138985
2226,0.0274554339641147,0.0756934096203821,0.201266832071494,0.554397467714534
2227,0.0274780699910909,0.0758242633135245,0.20150486545471,0.545121036198278
2228,0.0274679582076633,0.0757740164788391,0.201338580968429,0.549657668227311
2229,0.0274827279070464,0.0757349823777112,0.201286635795051,0.553332023860811
2230,0.0274890111239981,0.0756679715724002,0.201322946597465,0.546671899689468
2231,0.0274731574843073,0.0757034210145758,0.20180918595555,0.546964628521076
2232,0.0274668618036912,0.075815622496805,0.20145231918138,0.546491295210481
2233,0.0274886484716802,0.0757757606980181,0.201653118310787,0.552548671029172
2234,0.0274638846840346,0.0756119057200742,0.201450990009007,0.544031661970599
2235,0.0275008268855856,0.0757914493651042,0.201054238732485,0.547100201930826
2236,0.0274713581362301,0.0758675319700274,0.201982578392065,0.55366664158064
2237,0.0274811483834822,0.075626378580978,0.200388423062833,0.54664264003297
2238,0.0274659324880428,0.075858846923107,0.202609135797674,0.549256408900933
2239,0.0274827751221286,0.075941510819455,0.201891999042382,0.55317619453764
2240,0.0274846544069656,0.0757291175436276,0.201239068481898,0.549298931367402
2241,0.0274795784810995,0.0757683641353365,0.201636781716924,0.555347227849972
2242,0.0274734762315866,0.0756035169077808,0.201107901958611,0.550292790977317
2243,0.0274771185801882,0.0756793451578703,0.201664739452943,0.549954846195794
2244,0.0274864317726338,0.0758666737222296,0.201829983495569,0.553798115175205
2245,0.0274723942488633,0.0756790888662412,0.201872324379284,0.552838560526822
2246,0.0274855682638528,0.075784094820319,0.201446943350231,0.544075307051946
2247,0.0274761012733,0.0757663928542689,0.20270195536306,0.55392219490299
2248,0.0274733433298839,0.0756408219645652,0.201112102388291,0.553744690924825
2249,0.0274807033822063,0.0755910428206684,0.201603576937719,0.547934838839238
2250,0.0274907084122,0.0756542818829551,0.200281115433439,0.543658064509338
2251,0.0274752661565112,0.0756614832873711,0.200720073173792,0.543622393601796
2252,0.0274849403632087,0.0756877878844059,0.200940993356831,0.544439307385922
2253,0.027453747943741,0.0756110776113025,0.201806675187322,0.548594224922142
2254,0.0274873831995164,0.0757956833797928,0.201455875647406,0.542823625614436
2255,0.0274878410354031,0.0757490233685118,0.201808016039912,0.546049328149283
2256,0.0274873467939204,0.0758066434415955,0.201989799533096,0.552737295016423
2257,0.0274669255903752,0.075598928204578,0.201636116120584,0.546775275170069
2258,0.0274759355737439,0.0758459630875591,0.201130932177943,0.547808426031069
2259,0.0274782005043497,0.0757516889173988,0.201621257943222,0.551109030385589
2260,0.0274727571734198,0.0757237949178738,0.201458625162872,0.551058444493408
2261,0.0274798480524276,0.0758942476339547,0.201943385496767,0.546637601014031
2262,0.0274832865287403,0.0757821732389864,0.202268733671352,0.552602589444425
2263,0.0274808612249291,0.0756815948965279,0.201236978966851,0.549920680743834
2264,0.0274750961702395,0.0758012093010637,0.200872421789423,0.549592381419807
2265,0.0274809293428571,0.075718387525071,0.201603823816357,0.545509119320237
2266,0.0274817778452499,0.075735017765982,0.201118378009348,0.543504139365384
2267,0.027473007847224,0.0756590494168865,0.201619383102019,0.545529502182243
2268,0.0274657535304338,0.0756344355782023,0.200512162460159,0.550789310382753
2269,0.0274926690686121,0.0756877043888584,0.200754505159692,0.550199244448113
2270,0.0274955131374091,0.075651790275668,0.200241785444465,0.544926349254977
2271,0.0274714809412301,0.0757840799725934,0.200798092096337,0.54828071647449
2272,0.0274545194798234,0.0755484369941157,0.20198533367402,0.543681764717658
2273,0.0274942350534944,0.075896654486493,0.202079070710929,0.552235474507194
2274,0.027462840068793,0.0756499407036043,0.201196672964905,0.549848409747382
2275,0.0274673869076776,0.0756799058666791,0.200931616445772,0.55078688628324
2276,0.0274871221927864,0.075875283147452,0.201852057702375,0.550450628967855
2277,0.0274873977002429,0.0756711898866679,0.201127884052271,0.545180308805464
2278,0.0274893662657209,0.0757195292222307,0.201697949704732,0.547426382411099
2279,0.0274605165765614,0.0758126318899338,0.20134549477521,0.552959840699494
2280,0.0274739649280242,0.075738981321247,0.201650892833399,0.550024069098758
2281,0.0274762617446677,0.0757430886537462,0.201248814821323,0.546449962734837
2282,0.0274871226092914,0.0757461479467742,0.201347074015625,0.545605842447833
2283,0.0274801110518843,0.0757860518169173,0.202337195212086,0.548565474886591
2284,0.0274752233870819,0.0757358198711064,0.201156936020445,0.550894505333521
2285,0.0274765358815991,0.0757212108323212,0.201222801249432,0.544003146765219
2286,0.0274873346875128,0.0757122056932448,0.200892411295218,0.55100905660196
2287,0.0274779088774833,0.0757313030968328,0.201168955989875,0.549972619557222
2288,0.0274629014952518,0.0756689122937126,0.201272794280191,0.553644181725135
2289,0.027485341620542,0.0756905290223242,0.201687957683637,0.547207014615819
2290,0.0274845007712231,0.0757313013402149,0.201155877514543,0.543563847791435
2291,0.0274928418776206,0.0757044293157512,0.201864984090559,0.545746867030151
2292,0.0274984375824928,0.0758335427499357,0.202310321232225,0.554236998501495
2293,0.0274880173624474,0.0757033470182108,0.201529775058906,0.544183550751829
2294,0.0274633218152948,0.0759006160703305,0.202822728110355,0.55200834375228
2295,0.0274782578681844,0.0756324960488854,0.20088107071352,0.548585441718473
2296,0.0274796074318062,0.0757748593951081,0.201749354327913,0.550020615282165
2297,0.0274698446493105,0.0756776269343856,0.202026596016161,0.549380282759539
2298,0.0274704046824255,0.0757081835375889,0.201343500081115,0.550623439870273
2299,0.0274700628443698,0.0757311202429527,0.201468813687708,0.54553786176079
2300,0.0274703165443195,0.0756453345211291,0.201134471268505,0.550066530099543
2301,0.0274743382557225,0.0757505273717078,0.202218537400138,0.544964692062255
2302,0.0274952367116819,0.075826931954907,0.201854067673365,0.546680915283692
2303,0.02748229010871,0.0758798633758877,0.201903984983868,0.55044133558506
2304,0.0274855225210064,0.0757312368191536,0.201715756495158,0.54629816646712
2305,0.0274832130188261,0.0756854782811831,0.20213954334613,0.548248490198946
2306,0.0274863908729501,0.0757785134741396,0.201458840273078,0.551099969322751
2307,0.0274721718590861,0.0758097487269023,0.202395805944731,0.548223072882748
2308,0.0274553779823589,0.0757345358588834,0.201097279360921,0.549543749964792
2309,0.0274748131735015,0.0756158663056692,0.201094567894751,0.545457479182532
2310,0.0274784332460773,0.0755971208484638,0.19974629336772,0.542783029679034
2311,0.0274815155311643,0.0758122687963614,0.201596255224577,0.554989010452751
2312,0.0274852050087692,0.0757400862081686,0.201273102583596,0.548457752344123
2313,0.0274690246823757,0.0757045139911234,0.201111239205918,0.543390384727445
2314,0.0274701503890928,0.0757175162803141,0.200911202729818,0.546216746298603
2315,0.0274861648819554,0.0758282030858975,0.20162552463112,0.549280672337134
2316,0.0274710877049182,0.0756485740215343,0.201604710771322,0.547231828389743
2317,0.0274833226343069,0.0756387850823123,0.20197893049511,0.550721702594726
2318,0.027483117399625,0.0758353939956191,0.200527767760804,0.548071513070953
2319,0.0274723961574618,0.0756984885446514,0.201256336612614,0.549445528012044
2320,0.0274672640832504,0.0757189486532031,0.201531657373573,0.552334697115878
2321,0.0274715679403401,0.0756289632095182,0.201469164784421,0.549500478024206
2322,0.0274654068216704,0.0757286821239224,0.202190714068229,0.553790344136322
2323,0.0274737299813362,0.0757820740183476,0.201609142982532,0.548548816661722
2324,0.0274832645565318,0.0757407858845942,0.200599436374921,0.547819848776011
2325,0.027478963246548,0.0757213145518576,0.201775996142495,0.552686042321608
2326,0.0274765348546412,0.0757576459664795,0.201333063080099,0.551389374002219
2327,0.0274703306557061,0.0756272877695297,0.200156316963141,0.548407519623948
2328,0.0274850574192372,0.0757119799258856,0.201243379408902,0.54654870608236
2329,0.0274811924786365,0.0757366379651293,0.201630508713288,0.5487841588833
2330,0.0274670688061928,0.0757221435695263,0.200734931272132,0.548092408633015
2331,0.0274680871223419,0.0757363535997642,0.200737686662809,0.554370558107968
2332,0.0274698466520271,0.0758067858762318,0.201386726295561,0.547043592983928
2333,0.0274710925775202,0.075773235260204,0.202028504468975,0.552740115876943
2334,0.0274799757289986,0.0758356544114509,0.201791968152618,0.547506829756993
2335,0.0274746690110345,0.0757444376595637,0.200981976390625,0.550480972610928
2336,0.0274556612340368,0.0755999216294076,0.201253358983088,0.55044405558661
2337,0.0274874666073545,0.0758426751542221,0.201835297976222,0.551014037247521
2338,0.0274876755372323,0.0757423982330661,0.201777771870417,0.543306302725244
2339,0.0274751177381646,0.0758359234458158,0.202232337149319,0.554271108912927
2340,0.0274914298237216,0.0757371651547461,0.201266767171163,0.54912437478919
2341,0.0274851764457855,0.0758305488071428,0.201734164121369,0.551635993919017
2342,0.0274782476448172,0.0757428129910578,0.201390150170472,0.553226007451373
2343,0.0274789093929018,0.0757723422038249,0.201235552708106,0.544281747251413
2344,0.0274813289677903,0.0756746153194029,0.201752671592458,0.544194160887305
2345,0.0274897215465675,0.0757371905559795,0.201572178343881,0.550112417457322
2346,0.0274731945686925,0.0757113779152243,0.201038016608428,0.557006531309773
2347,0.0274549904265077,0.0756746667573343,0.200352950434307,0.545032088580205
2348,0.0274847386817799,0.0757863349835712,0.201450719456337,0.5487755735763
2349,0.0274809259312962,0.0758100015348054,0.201820344703194,0.547069846454881
2350,0.0274753090982185,0.0757519614380941,0.20135628645009,0.550567914013235
2351,0.027475633832598,0.075688556470059,0.201540534692183,0.551270844421746
2352,0.0274914322567403,0.0757109376472457,0.20095940790428,0.548030592115659
2353,0.027465469043145,0.075749946643716,0.201313571694192,0.548955388306927
2354,0.0274784822857075,0.0757995643350924,0.202041094814195,0.550265521245757
2355,0.0274720860239743,0.0757578937944446,0.200791627140343,0.548381119988576
2356,0.02746073035651,0.075713950040069,0.201416085831182,0.545016587652089
2357,0.02748613635155,0.075728162412288,0.202115593638566,0.552695293724352
2358,0.027478535993036,0.0756416214272904,0.200972721706536,0.555074343730142
2359,0.0274750286867018,0.0756853111275165,0.201641259308357,0.549146604070393
2360,0.0274793068625868,0.0756820890765709,0.201048934088131,0.546347509187728
2361,0.0274778800528097,0.0757505104647212,0.20180701106745,0.548021195046377
2362,0.0274625824348959,0.0755917537423505,0.199633797692626,0.543460202536956
2363,0.0274808763169843,0.0758294141640447,0.201179100487053,0.545525625383167
2364,0.0274854197978528,0.0756576042812814,0.200844945780787,0.553083820194279
2365,0.0274748933965789,0.0756901887962724,0.201165692507798,0.549009098931402
2366,0.0274801205918315,0.0757918238385653,0.201485414448949,0.546619335190689
2367,0.0274936611644094,0.0758071267684547,0.20184289768495,0.553299418053783
2368,0.0274540722249987,0.0758293526561318,0.201485775719322,0.546610277996874
2369,0.02747267544146,0.0758053803249576,0.201730135618721,0.547991610939998
2370,0.0274763346772473,0.0756977602741376,0.2015006267658,0.551847370893364
2371,0.0274585644887409,0.0755414297043508,0.200605092626196,0.541478044631469
2372,0.0274769402336795,0.0756905138074227,0.200833459749557,0.54487385288951
2373,0.0274666532434102,0.0757612179129178,0.201313685902019,0.544810484499653
2374,0.0274826069390734,0.0757458509272702,0.201855723673031,0.548246275107457
2375,0.0274756853213793,0.0757220929185819,0.201424928972439,0.545497624409937
2376,0.0274846109969468,0.0757003919242422,0.201665556531155,0.549020042307002
2377,0.0274741480155584,0.0756992539751602,0.201323098050695,0.549610107653699
2378,0.0274758177220991,0.0756123465993753,0.201780858995499,0.546442398280431
2379,0.0274576338863264,0.0755236168289045,0.200364953899044,0.545592486231281
2380,0.027476891725469,0.0758679054478865,0.202180393039275,0.550893174075345
2381,0.0274742760256808,0.0757095612237838,0.201129809831664,0.546838426933187
2382,0.0274701185316506,0.0756190496221556,0.200297545408924,0.546990085026825
2383,0.0274738549708663,0.0755979244539922,0.200946229598166,0.55105189412404
2384,0.0274592151136927,0.0756730484287355,0.201343790137877,0.546712027641983
2385,0.0274767973185706,0.0758242293365725,0.201086590024914,0.545497881967094
2386,0.0274773810265689,0.0756330816116695,0.201214577727811,0.548777514545069
2387,0.0274660843486142,0.075660339026943,0.200892036099588,0.548934978471237
2388,0.027477412962551,0.0757239793871847,0.201522141642353,0.544906838657709
2389,0.0274875790218446,0.0757361535855668,0.201506201414909,0.550254026274066
2390,0.027485195396401,0.0756648893212649,0.201820392721201,0.553270196576268
2391,0.0274678709174603,0.075683812730183,0.201112008133333,0.549805252048475
2392,0.0274734393321031,0.0758188694345523,0.201514816751846,0.553299160874389
2393,0.0274660057484321,0.0756771977980084,0.201584832223702,0.547964707701499
2394,0.0274899809807708,0.0758229013182934,0.201265346955926,0.551130070074124
2395,0.0274780022231306,0.0758022071718819,0.20126638368777,0.553853066839769
2396,0.0274658347283671,0.0756863234643951,0.201404984289649,0.55026844845702
2397,0.0274753890405656,0.0756862779088104,0.201787020178043,0.551163355191396
2398,0.0274800736259114,0.07577428391616,0.202402867839241,0.548114203868081
2399,0.027492333484792,0.0758036338032996,0.201202975639711,0.5497240445941
2400,0.0274801592529311,0.0757105305452102,0.201596698224063,0.553911079980186
2401,0.0274721367859032,0.0758601628750868,0.202295168869904,0.551661949029759
2402,0.0274808579207047,0.0756943430679347,0.201683896678461,0.547431175237807
2403,0.0274857825536543,0.0757263378833287,0.202314308672809,0.546957798399346
2404,0.0274845966178303,0.0758827146224538,0.201736692347916,0.557003203313965
2405,0.0274514765114481,0.0757089814810929,0.200573925493602,0.551149635599217
2406,0.0274706559300893,0.0757879608754414,0.202769795296508,0.54619205211435
2407,0.0274877107583779,0.0757415057341645,0.201922899425405,0.547870065283813
2408,0.0274694487339377,0.075618853668333,0.200598141317462,0.549673935038179
2409,0.0274718682422849,0.0757973085910825,0.202194188611593,0.554756147827468
2410,0.0274866176740477,0.0756383728812398,0.200800438124818,0.548101743939217
2411,0.0274680553900163,0.0757523241343987,0.202129573724328,0.547297383525795
2412,0.0274799954550127,0.0758542701234475,0.201390783273641,0.548753984005128
2413,0.0274771514438125,0.075718337621156,0.201387761943257,0.55027194630207
2414,0.0274891912019038,0.0758151334844944,0.201827181548211,0.551514810931647
2415,0.0274853647936414,0.0757686722903041,0.201939151037157,0.54809995175538
2416,0.0274764178403784,0.0755357005274238,0.200653647366131,0.549378011532201
2417,0.0274942429583718,0.0756901824443034,0.201629945891287,0.548960550978898
2418,0.0274900073008361,0.075730003871395,0.202235629814237,0.554568972964218
2419,0.0274836637738138,0.0756941968989268,0.201146596998582,0.551182052685658
2420,0.0274820900325103,0.0757822955679823,0.200544735517736,0.546936995890279
2421,0.0274732455416999,0.0756792003616764,0.200636585744024,0.545215081065409
2422,0.0274599529180786,0.0757072384091217,0.200663750550111,0.543139252984278
2423,0.0274615981267247,0.0757655893852527,0.201709313289618,0.54796376910091
2424,0.0274801106205253,0.0755492776902572,0.20036218389156,0.545275497490602
2425,0.0274721511750277,0.0757867099256046,0.201493408730677,0.549977757228818
2426,0.0274838813637624,0.0757692654230697,0.202204936937476,0.551749822118005
2427,0.0274633074391578,0.0758262714738197,0.202073904376645,0.547870029853043
2428,0.02747143781198,0.0756606779369252,0.201054790896657,0.550406074957255
2429,0.0274689744855846,0.0755899295776585,0.200966874065566,0.546970578812324
2430,0.0274590281660461,0.0757423660067364,0.200856659834272,0.548918080934402
2431,0.0274674937998018,0.0757352496361388,0.20108742829245,0.546734926488469
2432,0.0274843515769722,0.075720140068745,0.201037110681011,0.549278511217005
2433,0.0274770141518438,0.0757898607781407,0.200863853431428,0.552665809717965
2434,0.0274737690828455,0.0757116758584891,0.200768930336007,0.54570330100835
2435,0.0274803860129919,0.0755757060451896,0.201223956004326,0.547075400769287
2436,0.0274836129057803,0.0756525316976447,0.20157907237587,0.55153273942768
2437,0.0274798807972916,0.0757431267062417,0.200895589115676,0.548629825314996
2438,0.0274726263757377,0.0758018298276555,0.202221346522196,0.543312093617839
2439,0.0274770110722278,0.0757221279755666,0.201445343887425,0.544998713775261
2440,0.0274803414931758,0.0757161988487765,0.201143138410426,0.548471982280965
2441,0.027473920620559,0.0757503240497519,0.201273880911557,0.549404018874059
2442,0.0274590178338661,0.0756465192535684,0.200916765201158,0.548012809979635
2443,0.0274897371398134,0.0757670696203034,0.201509720775002,0.551393131495628
2444,0.0274778253454469,0.0757578664550038,0.201959237359134,0.560202037112256
2445,0.0274852432194135,0.0757970896882003,0.20169568629586,0.548837263724582
2446,0.0274772176676754,0.0757563144937374,0.200788799563956,0.554805480758558
2447,0.0274863718153593,0.0756219062283223,0.201105438319241,0.551373152575804
2448,0.0274994741749348,0.0758404568112668,0.201822490648147,0.543921182915963
2449,0.027469219920055,0.0757830650481704,0.201577853369164,0.548913430373347
2450,0.0274795920100065,0.0757618231442231,0.20170936146125,0.54600961125943
2451,0.0274815437419296,0.0757844337300546,0.201610349471058,0.549310712447809
2452,0.0274856199749652,0.0757492393531056,0.202171565332182,0.550500641688315
2453,0.0274726956505178,0.0757751714164432,0.201536508536496,0.545772019254589
2454,0.027494198006207,0.0758011695397087,0.200769366124665,0.548225638087797
2455,0.0274912773041816,0.0757967754542648,0.202358215419496,0.546919899219226
2456,0.0274777545949388,0.0756989313839643,0.201476789973291,0.543715452332697
2457,0.0274804767639068,0.0758301508419684,0.202048379039322,0.549276179346072
2458,0.0274819289014104,0.0756947925454732,0.20100644470233,0.550600736655926
2459,0.0274797611352561,0.0757405133296266,0.201092905385888,0.553396043564232
2460,0.02747545541827,0.0756502119126397,0.200439763838638,0.547050329270396
2461,0.0274851159582827,0.0758656445723245,0.20171708655625,0.547954869703709
2462,0.0274760197673435,0.0756307065367142,0.20063463541586,0.557110477308211
2463,0.0274755958952878,0.0756884294296931,0.202052144963462,0.547521856613698
2464,0.0274758292897013,0.0756751120226885,0.201568202588364,0.545881205317752
2465,0.0274716847064432,0.0756834281995101,0.201406077853981,0.548718846291439
2466,0.0274881778088217,0.0756398568212127,0.201570527185017,0.548530539950618
2467,0.0274963538279732,0.0758304132602897,0.202127887341194,0.544898789894708
2468,0.0274634569437042,0.0756790000545552,0.201007211422048,0.552081442779595
2469,0.0274858665701242,0.075710449789974,0.201513208480049,0.546711339226868
2470,0.0274769720135789,0.0756460014020593,0.201444264404765,0.547657019937365
2471,0.0274778937464005,0.0756601112793949,0.201746298489227,0.55383829711088
2472,0.0274744712120152,0.0757140874881442,0.201935885817603,0.542240907056913
2473,0.027478028629393,0.0756889117145957,0.199979037524114,0.546727495324025
2474,0.0274748135278272,0.0757597592020113,0.202105595701124,0.549344516253998
2475,0.0274608607150027,0.0756559351537507,0.201787533816687,0.550942213571008
2476,0.0274698677415171,0.0757629831198527,0.201802938401606,0.554904780972484
2477,0.0274834776167819,0.0757555361225585,0.201314351795683,0.548408079261426
2478,0.0274747943679239,0.0758015186951548,0.202251416817467,0.546726273877142
2479,0.027460842461589,0.0755816137009829,0.20118814067716,0.551527738424678
2480,0.0274781905224503,0.0757064546242553,0.2012029835837,0.547902527512958
2481,0.0274986338186626,0.0757271444768777,0.201470581245387,0.548194542859988
2482,0.0274900426113002,0.0757765593782289,0.201131942372264,0.542558678105143
2483,0.0274779914198192,0.0758005644306488,0.201985416986783,0.542211360758742
2484,0.0274705761291688,0.0756310244255504,0.200733477135819,0.54933297972496
2485,0.0274682553282559,0.0756745486049179,0.201429925523414,0.549185373039893
2486,0.0274592628866348,0.0757400420394064,0.201353966531356,0.550605669325588
2487,0.0274959349022568,0.0758411927988886,0.201731249006058,0.554177540151145
2488,0.0274647412101978,0.0757565544973598,0.201651617252783,0.546366877982112
2489,0.0274698270704899,0.0757345885073641,0.202662609398989,0.555546233748181
2490,0.0274930016705021,0.0757202727340238,0.20092975266499,0.545464024415986
2491,0.0274895900408123,0.0756472202829935,0.20164775169068,0.548888614951667
2492,0.0274870483158177,0.0757567802124652,0.201764021158803,0.549521911789698
2493,0.0274694409399659,0.0756353858027153,0.20103442452992,0.541553594533916
2494,0.0274865428380744,0.0757502657467901,0.201318785269797,0.552071774996923
2495,0.0274734594649556,0.0757585300475239,0.200720446802009,0.547908297456037
2496,0.0274727091831051,0.0757282553884895,0.201861945608277,0.547370939307764
2497,0.027454791598046,0.0756651822400376,0.201586634004671,0.554646661987321
2498,0.0274840789814497,0.0756627215669834,0.201866264203718,0.545543409946213
2499,0.0274687073217373,0.0756291088494327,0.200928415142402,0.545197748477836
2500,0.0274722745387662,0.0757429446089004,0.202412816783009,0.552859985540343
2501,0.0274815759819232,0.0757269327663333,0.202288806041308,0.556618752048964
2502,0.027474487390183,0.0758417317005946,0.201786016269101,0.558888538696153
2503,0.0274788791281806,0.0757048572180295,0.201299283443192,0.54557657798596
2504,0.0274860244692147,0.0757244513993855,0.201426602320008,0.552815701685218
2505,0.0274654082616113,0.0756627120995928,0.200892955313479,0.551379940402297
2506,0.0274913822419687,0.0756803429347226,0.201275317897332,0.55528524775026
2507,0.0274772514516291,0.0758027991655898,0.201582529861372,0.547523488074161
2508,0.0274708070384424,0.0756140509846869,0.201333377639046,0.548025232026017
2509,0.027465327216951,0.0758621015793767,0.201841030871953,0.545737287852824
2510,0.0274759773103897,0.0756949547186384,0.201372424850491,0.553170992820918
2511,0.027479381999854,0.0757450238685748,0.201507596935568,0.555745277932732
2512,0.0274944817350461,0.0757796720985196,0.202521467703482,0.552529254147467
2513,0.0274927394189695,0.0758209432090344,0.201222212905566,0.550586816688484
2514,0.0274582024240569,0.0756502442049615,0.200434741775752,0.550473203382922
2515,0.0274826356755585,0.0757777746459046,0.200616235329294,0.547293765372028
2516,0.0274604472463509,0.0756786934860541,0.201446477409969,0.548653167890395
2517,0.0274878404619955,0.0758342151749044,0.201714013259892,0.548551252969396
2518,0.0274935597184116,0.0757852814217048,0.201633778940802,0.553438523796101
2519,0.0274703868933684,0.0757544619360286,0.201678743216112,0.540581369235779
2520,0.0274718555224445,0.075547226965685,0.201267477994143,0.550777440666691
2521,0.0274527811331008,0.0757061324419914,0.201586060202433,0.553105979296993
2522,0.0274696574837777,0.0756056891623316,0.201082027943239,0.544501945241397
2523,0.0274830517828117,0.0757448485051287,0.201611341913329,0.553402051766449
2524,0.0274699697808372,0.0756489443357463,0.201321610178017,0.546258339541602
2525,0.0274794280467507,0.0756865961678022,0.200928342332331,0.548224521920071
2526,0.0274631013824428,0.0757330035905795,0.20078104882583,0.552392624564043
2527,0.0274689833691048,0.0757771919575755,0.202873888774983,0.549255800464166
2528,0.0274778112380641,0.0756565135561369,0.201004079162096,0.545649884674743
2529,0.0274643640644868,0.0758601149822721,0.201991018574254,0.549892629691059
2530,0.0274889142251767,0.075730468139358,0.201378480580207,0.556742802860371
2531,0.0274676718972953,0.0755139978078547,0.20135369065114,0.552513261459339
2532,0.0274778150298599,0.0758417526249685,0.199656453520811,0.539369231530798
2533,0.0274861596773699,0.075824718501263,0.201684952783787,0.548425000713972
2534,0.0274709473092875,0.0757107712830477,0.202082341070482,0.550135328645431
2535,0.0274826483512239,0.0757306297160684,0.200840154210012,0.549264856473151
2536,0.027469991972443,0.0756088496063337,0.202033808020924,0.55460403813923
2537,0.0274826724839523,0.0757043480501289,0.201897267180321,0.552123763309569
2538,0.0274881017428313,0.0758427290660855,0.201604275820511,0.547692532461981
2539,0.0274831954377626,0.0757216891784528,0.201685451671319,0.549144808010124
2540,0.0274827961332047,0.0758562261343232,0.202545196441458,0.556548672147502
2541,0.0274842314718189,0.075748651888331,0.201374844694698,0.549323863588411
2542,0.027467078827684,0.0755844628850773,0.200465204692037,0.544994811197785
2543,0.0274745127121294,0.0756630486425068,0.201510708508184,0.55121717293535
2544,0.0274852616982206,0.0756679009406712,0.201891217837344,0.552912162341981
2545,0.0274840544367196,0.0758016868416051,0.201744766698722,0.549237926240766
2546,0.0274673108995079,0.0756359287604832,0.201084548482056,0.545495292204538
2547,0.0274831761076707,0.0756188732088824,0.201475729021681,0.543503807921512
2548,0.0274781457224776,0.0756764613958381,0.202266179462266,0.552255011316068
2549,0.0274952730573088,0.075739675687537,0.201477262079031,0.551945955570343
2550,0.0274662949542407,0.0756194639688031,0.200818101443657,0.548901487401448
2551,0.0274675743699157,0.0757958161925082,0.20145008742946,0.54664594436482
2552,0.0274779264671694,0.0756809579030594,0.200804061536679,0.547603556426592
2553,0.0274807759599331,0.0758605024133043,0.202352466589488,0.551652409815593
2554,0.0274761447251123,0.0756501820734141,0.201537604924479,0.546046162266418
2555,0.0274762831386831,0.0756382783997276,0.201519387760457,0.54806233708853
2556,0.0274825976126768,0.0756751585012317,0.201656259613623,0.546276177326283
2557,0.0274878447429202,0.0757488797156279,0.201717374052278,0.549604481585982
2558,0.0274871581545571,0.0756992548699024,0.202521768826622,0.5494809846119
2559,0.027485355687707,0.0757331007893796,0.201714960692345,0.556446985148387
2560,0.0274807837825174,0.0758142622888431,0.201967208121212,0.541955906247749
2561,0.0274902568850326,0.0757960993980362,0.201301811606125,0.551123112682569
2562,0.027472538257141,0.0757130936033655,0.202008452747925,0.549172191197298
2563,0.027469213806509,0.0756906065627137,0.202077058536174,0.551213374646214
2564,0.0274683362875844,0.0756579629757752,0.201299951121652,0.549564487798542
2565,0.0274859438722679,0.0756700113327927,0.201444118704459,0.545607504136234
2566,0.0274686687975117,0.0755827892185367,0.200869207029623,0.547214504476302
2567,0.0274655439241705,0.075723583006475,0.201889547094162,0.545962402219734
2568,0.0274734706316067,0.0757698282142981,0.20152801704554,0.544623327881817
2569,0.0274768417898758,0.0757311630415108,0.200242341356052,0.547890359236559
2570,0.0274842222242222,0.0756465812836064,0.201002168599761,0.548973092302459
2571,0.0274697148372294,0.0756836562520051,0.201083940887648,0.540599370917238
2572,0.0274628100886055,0.0756442111396183,0.201108977250652,0.553852608796218
2573,0.0274776267638458,0.0757401253468829,0.201528786560952,0.54843216361033
2574,0.0274697248751549,0.0756709601850968,0.201617577149722,0.55424841344954
2575,0.0274779735796382,0.0757213049733544,0.200764748037326,0.546967957090347
2576,0.0274773731111719,0.0758862173903784,0.202503094780587,0.553288500425486
2577,0.0274790835379893,0.0757198917157825,0.201614919702213,0.547134730074029
2578,0.027471168917336,0.0756696877948219,0.201395587301006,0.555621649500378
2579,0.0274718719109989,0.0758097445237718,0.201325615968582,0.552460246972668
2580,0.0274799771351995,0.0757876786252486,0.201357090731224,0.548769721184482
2581,0.0274599645341713,0.0756343388426538,0.20070221592824,0.551898681164221
2582,0.0274802472231368,0.0757633076319001,0.201982151493525,0.550665666201539
2583,0.0274592050082768,0.0757269455319508,0.201176889779216,0.551662794857335
2584,0.027457589086314,0.0756645339574902,0.201145004885825,0.5457503074241
2585,0.0274699859105424,0.075675083262257,0.201191972457651,0.547882715837485
2586,0.0274820781815325,0.0758400084378684,0.201438868614201,0.553352557495549
2587,0.0274887980237881,0.0759089984028071,0.201420708811136,0.543375884508866
2588,0.0274708440894346,0.075786334707169,0.201089540375893,0.547767793471195
2589,0.0274711599924825,0.0756628383144756,0.201681327168369,0.550556001556784
2590,0.0274735973106134,0.0757950725406746,0.201659808691459,0.551446857498692
2591,0.0274710139898955,0.0757826289133621,0.201528599200453,0.548954468739071
2592,0.0274783263695019,0.0756157693544492,0.200834421734602,0.550526618139724
2593,0.0274759500029685,0.0757371173722314,0.201412138419158,0.547633812813571
2594,0.0274723332530422,0.075633006577514,0.200439213493161,0.54354930007692
2595,0.02747412461347,0.0756705245652929,0.201189795458276,0.547325110045176
2596,0.0274874730726784,0.0757296713314075,0.201943141922765,0.545722472319061
2597,0.0274774658938391,0.0758078583221708,0.201000254717414,0.542774461567292
2598,0.0274801475846478,0.0756508653915242,0.201017477997803,0.555392974612464
2599,0.0274794429138294,0.0757780380148107,0.201567113200614,0.549495625790895
2600,0.0274909095680726,0.0756233884308483,0.200880228145323,0.545182491520345
2601,0.0274808576473029,0.0756919808216377,0.200888621545283,0.547469052365514
2602,0.0274720847457984,0.0756901704413849,0.201030208067428,0.54994815882354
2603,0.0274761526781353,0.0757051546260991,0.201926974300215,0.55172224238903
2604,0.0274706697240228,0.0757960280619306,0.201784583855694,0.55477796970348
2605,0.0274936865876962,0.0756576135045493,0.200682790127668,0.546593646439938
2606,0.0274643448776087,0.0756400885045151,0.201740955848536,0.543166366782144
2607,0.0274930892972079,0.0758609808474014,0.202205981576097,0.550658247918612
2608,0.0274774600654974,0.0757078279329549,0.201256955267483,0.547617918983501
2609,0.0274799995511098,0.0756665185459638,0.200622028446001,0.551290790149649
2610,0.0274662693249888,0.0757416715748985,0.200688158494325,0.547436241141388
2611,0.0274804790082737,0.0755731223761296,0.200430791908012,0.550520776918819
2612,0.0274770284155696,0.0756667916885953,0.202172238292755,0.546613740184312
2613,0.0274845682823272,0.0757261961100366,0.201874797917084,0.554029179981139
2614,0.0274878960138416,0.0757182049111347,0.201244901751426,0.547314123246787
2615,0.0274783979206169,0.0756938990378555,0.20020973799717,0.54204598115816
2616,0.0274719666482991,0.0757901498910594,0.201420096950918,0.548685846566339
2617,0.0274793279853867,0.0757427558511631,0.200931139669589,0.553538262171627
2618,0.0274771591739995,0.0757959459224653,0.201597887439825,0.546428651518222
2619,0.0274701881941274,0.0757401504616861,0.201278499682711,0.545573434899977
2620,0.0274705120360684,0.0757828959287702,0.200825166283401,0.545827056737398
2621,0.0274758623376156,0.0756734921241176,0.200101848851963,0.550705835992828
2622,0.0274752842505236,0.0757594316385197,0.202010032867794,0.544477337064441
2623,0.0274726898622069,0.075746248991958,0.201145835675121,0.548918846847974
2624,0.0274641304008203,0.0756604867388344,0.200898970436049,0.546697561286987
2625,0.027467919292395,0.0756944342193479,0.201095877181194,0.545120946003672
2626,0.0274596947897363,0.0756034160288467,0.201276984369253,0.552688577069153
2627,0.0274631031820403,0.0758064070476429,0.202346274083232,0.547165197563808
2628,0.0274623259832284,0.0756636462217052,0.201619563377425,0.546663894125949
2629,0.0275062484163317,0.0757579320501006,0.201703804718963,0.55075329262049
2630,0.0274963636528167,0.075836989671338,0.201293100286671,0.547218320340486
2631,0.027472666292038,0.0757522195911536,0.201858693655343,0.546452246341747
2632,0.027483294829818,0.0757882987600972,0.201737058048646,0.55182891609612
2633,0.0274689157417475,0.0757874023078753,0.202026419336459,0.548472089109172
2634,0.0274854196206683,0.0758627509768466,0.202147450482876,0.548013073858161
2635,0.0274742244691121,0.0757129425948127,0.201636746526676,0.556669631143978
2636,0.0274827981950385,0.0756938737044081,0.201237845593801,0.546178077503873
2637,0.0274904144203922,0.0757528038825138,0.200978727011108,0.545759368969045
2638,0.0274998907972989,0.0758954245158778,0.202598750786308,0.549752290390068
2639,0.0274749043620038,0.0756954609641663,0.201462213469067,0.54969226055005
2640,0.0274734185296033,0.0756043106015064,0.201296607601114,0.549362712635014
2641,0.0274846197900244,0.0755885712801431,0.200912622163441,0.553846438657048
2642,0.0274724587087523,0.0757668442308423,0.201934117883102,0.550289955627102
2643,0.0274642877066175,0.0755882295370883,0.201610755302005,0.548015236517397
2644,0.0274768274241157,0.0756694660027336,0.201645154780035,0.55383056240839
2645,0.0274819726133959,0.0755973562308652,0.200476784401668,0.54602498764695
2646,0.0274735335036878,0.0755686620879945,0.201273700795945,0.55212324459058
2647,0.0274707253410892,0.0757317014790098,0.202176661947412,0.544385135413815
2648,0.0274769791176466,0.0757205464758992,0.201469152139233,0.545520184850977
2649,0.0274873323632583,0.0756879992746642,0.200716449479767,0.54264327579416
2650,0.0274623625001063,0.0757329572541321,0.201543672308563,0.544815206157805
2651,0.0274697210762686,0.0758185283792885,0.201866163490499,0.549261052416695
2652,0.0274977063238805,0.0757556319173781,0.201787884182508,0.550273750712128
2653,0.0274811386790677,0.0758271477304909,0.202004232656231,0.548408503845941
2654,0.0274851712730778,0.0757593785241894,0.200861614211645,0.542143243122925
2655,0.0274776539904426,0.0757727133647676,0.200618580862403,0.552193480188795
2656,0.0274676619954669,0.0757466741557757,0.20200143694516,0.553989595080159
2657,0.027476125534394,0.0758248141952664,0.201715618323797,0.551319262896186
2658,0.0274803558310319,0.0758013863968406,0.202561645121698,0.547649136182735
2659,0.0274750532107199,0.0758668432480395,0.202450657583258,0.548434746025563
2660,0.0274879160423287,0.0756655347377876,0.201526106605028,0.543364394454807
2661,0.0274834999698482,0.075728093687095,0.201868559895178,0.549111234845907
2662,0.0274770104962635,0.0757288690719067,0.201769375768459,0.553984076632357
2663,0.0274737368274567,0.0757495998731567,0.202386532384019,0.552401506800105
2664,0.0274656537567477,0.075718786906149,0.201321672420793,0.549513182896659
2665,0.02745852556104,0.0756892486509844,0.200762468252728,0.547684209659548
2666,0.0274754191800866,0.0756227712558788,0.201185829202809,0.54866020768758
2667,0.0274766918779811,0.0756661565559083,0.20145827844186,0.54906347078023
2668,0.0274798283022633,0.0758531326038679,0.201496752025475,0.547340529903541
2669,0.0274739340059207,0.0757752718678056,0.201691565448089,0.546062464706193
2670,0.0274814231244486,0.0757228641440534,0.201977151464704,0.551652906789073
2671,0.0274662594188711,0.0756484713658188,0.201130036162329,0.545885069089604
2672,0.0274759355375913,0.0758363905952123,0.200932150089123,0.552497900888995
2673,0.0274706370601093,0.0757470966587844,0.201448068950993,0.55177498363708
2674,0.0274887635063861,0.0757212948918877,0.201782356371111,0.546821258514822
2675,0.0274765348485334,0.0756887989542608,0.200377271786833,0.549388840581083
2676,0.0274780259622691,0.0757455238284654,0.200877125626001,0.548281908658143
2677,0.0274798167219271,0.0757000993156233,0.201318923742474,0.55654969907083
2678,0.0274893478521894,0.0758219119720852,0.201215088497978,0.548388057280513
2679,0.0274789454439662,0.0758687455994281,0.20195547812798,0.547895527550491
2680,0.027470994485177,0.0756600885153483,0.20124865200295,0.54599087406708
2681,0.0274870710752827,0.0759813004721926,0.20238115423584,0.551985879638089
2682,0.0274828977675309,0.075675771265721,0.200686222205058,0.554149449242807
2683,0.0274854848716178,0.075703296392961,0.200848093270733,0.543986586575676
2684,0.027496037303965,0.0757141661126369,0.201403854214184,0.548533062144106
2685,0.0274622299236486,0.0756649435312592,0.201270110076278,0.548801528189347
2686,0.0274702860215277,0.0757309019724262,0.201545641385617,0.547027702203636
2687,0.0274755039332529,0.0757778035156868,0.201367870811575,0.551045219449331
2688,0.0274693846422237,0.0756129144866016,0.201737265094327,0.548139092106034
2689,0.0274823357463089,0.0757369692295409,0.201017244705142,0.550078685479428
2690,0.0274924419990002,0.0758190783813011,0.201576293182458,0.554456671041685
2691,0.0274667820074758,0.0756470200056795,0.201265957600947,0.544864120989538
2692,0.0274824320296992,0.0757399770239529,0.20112168685146,0.544517399107419
2693,0.0274854287899671,0.0757139081933815,0.200726326085359,0.550963587076583
2694,0.0274916742028499,0.0756915587307816,0.201804382503712,0.547938291680079
2695,0.0274821158304382,0.0756667164625456,0.201926417884353,0.546522751170633
2696,0.0274775174597613,0.0756911579464407,0.201247198348745,0.548767247478556
2697,0.0274737960075931,0.0757293791359869,0.201759724347837,0.549521923989116
2698,0.0274685259667574,0.075681053344926,0.200684413279881,0.545562258000477
2699,0.0274825262369932,0.0756914406510798,0.201721299811561,0.544453968333986
2700,0.0274712298689674,0.0756393862407162,0.201566191913099,0.546673571458195
2701,0.0274985564881564,0.0757460229724227,0.201242681383971,0.550417522213248
2702,0.0274757927577983,0.075767925425198,0.20128556160367,0.546157382409207
2703,0.0274618195043667,0.0757099363428083,0.200775979103469,0.544048607868449
2704,0.0274841681288709,0.0758869097184288,0.2018001242115,0.549622351237263
2705,0.0274924414855709,0.075547518975096,0.200553210578574,0.548028192059608
2706,0.02747158979303,0.0756818119473973,0.200767205634666,0.546201703625801
2707,0.0274747273724515,0.0759047719466451,0.202489548095329,0.549751799184675
2708,0.0274868530018218,0.0757604200456889,0.201830613733722,0.550399231342306
2709,0.0274719101517675,0.0756303717285091,0.200558510559653,0.550843374466978
2710,0.0274827899657868,0.0756990573833156,0.201463789413392,0.550347452298371
2711,0.0274798065946372,0.0756731616972623,0.201516557870212,0.549795800066609
2712,0.0274680314896748,0.0755849460285972,0.200835326940867,0.546547676106864
2713,0.0274787357826304,0.0757393208177418,0.201321966495357,0.550175175392399
2714,0.0274968936871418,0.0757441347521161,0.202558179290213,0.550847603993329
2715,0.0274794157851402,0.0757301893765731,0.201104839712036,0.551006445173352
2716,0.0274811389491975,0.0756531040405267,0.201697208090783,0.550235542099627
2717,0.0274588345490301,0.0757168891954161,0.201109083961024,0.547878477868483
2718,0.027490466787526,0.0757717145844546,0.202045372995187,0.551367918926734
2719,0.0274666934008509,0.0757205262484663,0.20052192468236,0.548742273274765
2720,0.0274659923766214,0.0756861786573219,0.201895645026587,0.547951479050547
2721,0.0274777838689688,0.0758426205226885,0.201317693658416,0.548916348104876
2722,0.0274794331908013,0.0757592493330022,0.200746090064676,0.551295107745013
2723,0.0274779658436033,0.0756980788424632,0.200460622643059,0.54156729334215
2724,0.0274826120989278,0.07564436425522,0.200807869372506,0.54620576772901
2725,0.0274707480316962,0.0759124185495711,0.20169125333576,0.548345302063624
2726,0.0274885860836452,0.0758220056853251,0.201120154009519,0.551584938220603
2727,0.0274687940983217,0.0757466915713068,0.201987160930034,0.551759790268534
2728,0.0274792423762749,0.0757334599166197,0.200926831935702,0.549033056539134
2729,0.0274780316834426,0.0757800460943817,0.201584252204647,0.545672589664398
2730,0.0274717671918768,0.0758101514336988,0.201753019553761,0.541077508372325
2731,0.0274829016826908,0.0755645469612276,0.200699111558123,0.547119320851968
2732,0.0274701935388777,0.0756631738017088,0.200961226387131,0.547023286687275
2733,0.027489998898797,0.0758272144565587,0.201902066771837,0.548903347722754
2734,0.0274838965402657,0.0757410788301786,0.201125194285519,0.549658077823475
2735,0.0274695896684686,0.0757741797806143,0.20124692306312,0.547989071234363
2736,0.0274662722534666,0.075783379194622,0.20138575984564,0.551177099924077
2737,0.0274698985047271,0.0757098991627226,0.201632779442224,0.551070338672954
2738,0.0274875984131996,0.0757145532965878,0.202227040612811,0.555902942223258
2739,0.0274786374588838,0.0756994308002178,0.200702964860131,0.547870335078441
2740,0.0274766934437515,0.075670097427446,0.20101358065269,0.547002414321955
2741,0.0274772351596272,0.0759579569764062,0.201485008851012,0.552505993376338
2742,0.027489051151618,0.0757549560187796,0.200993261731795,0.547185592383545
2743,0.0274746511155181,0.0756446020717648,0.200885916380363,0.545303580786629
2744,0.0274836996660732,0.075768137835704,0.201437638486358,0.548319457471255
2745,0.0274819655930671,0.0758030142103518,0.201967475568458,0.547785968701537
2746,0.0274779959923082,0.0758123932825964,0.201561782752488,0.544614400372132
2747,0.0274701285735366,0.0757506213766048,0.201287742747888,0.547037005075368
2748,0.0274670996038122,0.0756974107421706,0.201591551334121,0.546062997218659
2749,0.0274947283026228,0.0757903572939115,0.201559704038029,0.549559850894532
2750,0.02746992714574,0.0757318309355738,0.202085634481207,0.544233043459257
2751,0.0274782302076208,0.0757317307293211,0.201776582067703,0.553127281911188
2752,0.0274848240845894,0.0756945083843477,0.20089636573389,0.545587437435512
2753,0.0274709220635206,0.0755996445432107,0.202131404431735,0.54630136390597
2754,0.0274761841407171,0.0756135513488364,0.200889050029682,0.551396442542664
2755,0.0274842690770063,0.0757281338571308,0.201914513545927,0.548247754786641
2756,0.0274758197226947,0.075774167564887,0.201281839076652,0.555013388254826
2757,0.0274833872003101,0.0757034550940627,0.201574403573716,0.549007385947342
2758,0.0274755807632331,0.0756404338115971,0.200452897018388,0.545703374681711
2759,0.0274771230281644,0.0757725589972178,0.201264109025527,0.545694154288731
2760,0.0274569260135081,0.0756297929580226,0.201376273168055,0.547949699888056
2761,0.0274731784552639,0.0757329426088446,0.201789375986617,0.548309884110667
2762,0.0274830779265852,0.075706528368877,0.201565265651704,0.551552750464474
2763,0.0274822929765642,0.0755640975599407,0.20161810845011,0.546040345191745
2764,0.0274662377496858,0.0756598642552347,0.201070495078683,0.543932565354688
2765,0.0274751003505602,0.0756500130168499,0.200307527628348,0.542155819519059
2766,0.0274808061831757,0.0757023708351104,0.201063211334184,0.546768633789329
2767,0.027471567154941,0.0757715085978611,0.201752502461085,0.551456420042721
2768,0.0274713624335566,0.0758141974845451,0.201848882728377,0.553048949220694
2769,0.0274688324678981,0.0756770251903743,0.201296993246829,0.541123457218912
2770,0.0274686887678272,0.0757392584396211,0.202126080004609,0.553514258087481
2771,0.0274674490858207,0.0757644682278658,0.200829903992711,0.551470028467541
2772,0.0274714591506769,0.0756294444196671,0.201308165010085,0.543393221408769
2773,0.0274659447176175,0.0756373491906424,0.20195708582718,0.550264410083187
2774,0.0274607478021597,0.0756456215162976,0.201387328856695,0.544091065617683
2775,0.0274911450168132,0.0756261113298228,0.200904193092016,0.544597221216395
2776,0.0274951402339274,0.0758380600755277,0.200752280698891,0.549957080123721
2777,0.0274698934278065,0.0758091625611464,0.202340449010388,0.55332251580201
2778,0.027464221280176,0.0756353068956225,0.201701265520053,0.548831507964246
2779,0.0274823941059308,0.0756774171204956,0.202232633899646,0.545711354881633
2780,0.0274810723915425,0.0756800391997505,0.201019474287382,0.54444836842462
2781,0.0274658551953626,0.07571034435837,0.201903306866068,0.553077800155076
2782,0.0274887644760988,0.0758159852342972,0.200941770367422,0.54685815249306
2783,0.0274700970811121,0.075621258172047,0.201445732235471,0.547774775565532
2784,0.0274782659028658,0.0758023852918022,0.201188739864117,0.550385829512985
2785,0.0274820768779601,0.0758950064467255,0.202505198868217,0.546429948559138
2786,0.0274734187725428,0.0757096274388052,0.201212573998164,0.549999357506222
2787,0.0274698350449551,0.0757201528275181,0.201665537315106,0.547958577349872
2788,0.0274733287630035,0.0757065047194331,0.201008262988288,0.546058448896544
2789,0.0274711078541206,0.075727882272677,0.201274080370999,0.544113083537636
2790,0.0274827508212031,0.0757195540516404,0.201389431715714,0.546060730318014
2791,0.0274823740207517,0.0758377553384306,0.201175113747424,0.546611572135258
2792,0.0274764752054075,0.0757078518636001,0.201528734771927,0.547498985230511
2793,0.0274613179780479,0.075827041943601,0.202559555670327,0.551557574519934
2794,0.0274707607915814,0.0756669824947008,0.200743759563722,0.544609777420435
2795,0.0274825635647908,0.0757037660553466,0.201480696560391,0.544937881517239
2796,0.027479997244045,0.0757766853192486,0.202036116767731,0.544110396333863
2797,0.0274873584189285,0.075766056104086,0.201585481029867,0.551417830285342
2798,0.0274961589363704,0.0757595631796864,0.200757981686953,0.550813951272797
2799,0.0274765634311853,0.0758247745541899,0.201880655043003,0.54564096411429
2800,0.0274839413334997,0.0756861052957051,0.200109622397207,0.545330646249466
2801,0.0274723539767406,0.075824646775465,0.201238113736126,0.551167488669653
2802,0.027478019490614,0.0759095951485084,0.201664876181112,0.550314372357296
2803,0.0274715675088054,0.075721326118761,0.201624998857925,0.55310170977895
2804,0.0274665147488144,0.0756792998721287,0.202017709639694,0.547386961211528
2805,0.0274832672210285,0.0757972184886145,0.201002927822245,0.547820536710314
2806,0.0274709576227479,0.0757473974027918,0.201424719352297,0.549334126070601
2807,0.0274784941564003,0.0758059718228732,0.201301094322545,0.552455672725188
2808,0.0274757472063754,0.0756534682270374,0.2017602179498,0.54289388786638
2809,0.0274782503183406,0.0756938911506674,0.202457868558706,0.552258067327391
2810,0.0274823865460636,0.0756055092096493,0.201047603104643,0.554525895971859
2811,0.0274739192955257,0.075714273227291,0.201876081225793,0.545477587038154
2812,0.0274773361930874,0.0757295459811766,0.20069398320299,0.553857975941202
2813,0.027489682053411,0.07582585426339,0.200909495896715,0.545676668715572
2814,0.0274810841782544,0.0757547399835541,0.201727691208987,0.547921268189607
2815,0.0274673546796146,0.0756545307701415,0.201844538375307,0.546937858685095
2816,0.0274664996367339,0.0757418538857611,0.20109600841321,0.553497561803995
2817,0.0274766516081418,0.0756076463184584,0.201026533809234,0.549766955174638
2818,0.0274823684908153,0.0756738422791827,0.201360106699462,0.545490038847403
2819,0.0274884911850014,0.0758262648662713,0.201464297350612,0.554413970652035
2820,0.0274926967811802,0.0759777149121741,0.202740590033737,0.544779986475285
2821,0.0274726995338521,0.0758051150051572,0.201522299645062,0.546302566305036
2822,0.027496065845549,0.0757663965809602,0.200944982081724,0.544866311018324
2823,0.027467104287284,0.075700471717114,0.201696856558249,0.556808426818162
2824,0.0274859250620278,0.0759093189862597,0.201689935832169,0.547921029629145
2825,0.0274767563724197,0.0756455607692676,0.200923614290371,0.548289463768346
2826,0.0274787809270784,0.0757124532917966,0.202263339480734,0.552209483661372
2827,0.0274919541402142,0.0758078702887874,0.20171945751417,0.552226545807492
2828,0.0274728418159808,0.0756491119980177,0.201042963715499,0.548809556947034
2829,0.0274668360491939,0.0756159540823782,0.200952563947555,0.549605939332252
2830,0.0274861456194721,0.0758744424067046,0.202007203094246,0.551677849528507
2831,0.0274747872003706,0.075765857595424,0.201873667793488,0.548575812538882
2832,0.0274816990051307,0.0758385974806886,0.201163183324518,0.551179357672566
2833,0.0274831730449761,0.0758908833728969,0.201525473558443,0.540876430687285
2834,0.0274749915686669,0.0757612422934811,0.201867050337588,0.551358791054087
2835,0.0274860767153444,0.0755604106393979,0.201059765088033,0.544760511625688
2836,0.0274736204908605,0.0757463865320647,0.201734199216138,0.552098262001076
2837,0.0274646124808622,0.0756599138866824,0.20132151527118,0.54826477850066
2838,0.0274818928069323,0.0756886586135101,0.201395078703496,0.549071317342182
2839,0.0274910868549078,0.075862745493334,0.201706496436492,0.550410508929603
2840,0.0274904741217737,0.0757985690429543,0.201076194677515,0.546386556832754
2841,0.027481276670035,0.0758122273771503,0.201318314501715,0.543882154685387
2842,0.0274716825994969,0.075877577022722,0.201579707535254,0.546760699703648
2843,0.0274711159939085,0.0756482563561641,0.201788135937832,0.545326547356232
2844,0.0274534168941735,0.0756266801186988,0.201738377158747,0.544044911682267
2845,0.0274956011230128,0.0758402149731481,0.202027627031805,0.552247059472636
2846,0.0274937960798209,0.0758306202610878,0.201121131875727,0.550071195658758
2847,0.0274769893556736,0.0756433721892934,0.201244350543338,0.548268375901385
2848,0.0274838671997267,0.0755544102286119,0.201227552296658,0.548961794532501
2849,0.0274721355914001,0.075692906063107,0.200540139299936,0.550432950034271
2850,0.027478360759609,0.0756521792744882,0.201550250536756,0.545216550827118
2851,0.0274785066993297,0.075720855499362,0.202416423522866,0.549733225778147
2852,0.0274786255095683,0.075828141459398,0.201143872457772,0.543169244924428
2853,0.0274803236591335,0.0757720629115753,0.201197929302367,0.546768308835482
2854,0.0274772853034182,0.0757702169250637,0.201344262993566,0.54492953568526
2855,0.0274667052011405,0.0757408338290492,0.200575982626464,0.544137861456643
2856,0.0274786652132348,0.0756718246519625,0.201070136191272,0.544674683675225
2857,0.0274823002845853,0.0756583707425166,0.200485729390059,0.550602809398279
2858,0.0274837016091715,0.0758071121430836,0.202016658473323,0.546710988618909
2859,0.027478335801443,0.0756287111970254,0.201206938577314,0.540458624142778
2860,0.0274717029471083,0.0756198427752303,0.201850655064837,0.552154786091761
2861,0.0274822398123116,0.0757598832435373,0.202019087895951,0.55373847821525
2862,0.0274747471713599,0.0758456883247478,0.201914814495169,0.558265353530337
2863,0.0274851621152078,0.0757208210954829,0.201069231194118,0.5453156500714
2864,0.0274647652839567,0.0756373253486572,0.201085266968815,0.549162847308914
2865,0.0274853977838864,0.0757281415608488,0.20175773650398,0.556700787428501
2866,0.0274705251008367,0.075602369020645,0.201334794478721,0.548483458991711
2867,0.0274870426187656,0.0756799477505043,0.201025352243284,0.548130628635462
2868,0.0274873754702194,0.0757966539692285,0.202120607585482,0.543905687177428
2869,0.027480679919713,0.0758345489205364,0.201115816070577,0.554504873226587
2870,0.0274761610427608,0.0757746308528465,0.201331060289811,0.541465327707494
2871,0.0274921180943534,0.0757053571500746,0.200769758240928,0.551757302884116
2872,0.0274809740494845,0.0757764753966226,0.200873739363574,0.548271460378234
2873,0.0274803741544711,0.075777706054668,0.200857895520618,0.548188313948175
2874,0.027464204291083,0.0755351391653647,0.200837481160183,0.547373708309587
2875,0.027486191035353,0.0757181695132319,0.201384142876521,0.545114786157246
2876,0.027487631377177,0.0757213173047114,0.20075422408283,0.549645292356096
2877,0.0274600648574169,0.0757024990698189,0.201625719186734,0.544907576086132
2878,0.0274765248367294,0.0757167825589676,0.201073272967535,0.548760924792285
2879,0.0274981133189086,0.0757933426480903,0.2013763980154,0.546747050208074
2880,0.0274716359074995,0.0755973729294798,0.200824438002847,0.546207340444361
2881,0.0274835280762819,0.0757578369537441,0.202597979344019,0.550507452698241
2882,0.0274686171497612,0.0758170133677027,0.202068690430576,0.55135392127261
2883,0.0274811652628916,0.0758299170206124,0.201391464346062,0.546849659261523
2884,0.0274806883649155,0.0756342088704743,0.200642557204498,0.548306384206837
2885,0.0274742824694819,0.0757321647889577,0.202138675612215,0.549954576824767
2886,0.0274706859880341,0.0757282337565198,0.202302998645525,0.550239827546519
2887,0.0274799502794313,0.0757275097105494,0.201585578845885,0.550768149438429
2888,0.0274752714720739,0.075710220915008,0.201113673886119,0.545901456016451
2889,0.0274765101907417,0.0757035008900332,0.201795544639771,0.549086917882345
2890,0.027484629375984,0.0756330626585976,0.201996237930606,0.544141581892309
2891,0.0274705120259841,0.0757027533758822,0.200546261816778,0.544041948216975
2892,0.0274740849294506,0.0757171283986197,0.200883459057842,0.549402240822021
2893,0.0274901426908466,0.0758743320122356,0.201825022056454,0.554007908530932
2894,0.027498286018097,0.0757759305783704,0.201536690522261,0.55397621796702
2895,0.0274541200407498,0.0755728625371168,0.201170778606049,0.552688169186496
2896,0.0274710031510536,0.0757629487263707,0.201239078213068,0.554552087003749
2897,0.0274708979658875,0.0757784167365555,0.200430064673622,0.547849705204709
2898,0.0274769677646958,0.0757020881266029,0.201253613522163,0.546931626838291
2899,0.0274739206497109,0.0758269709371181,0.201104270343822,0.548239514693243
2900,0.0274787266502063,0.0756515812693931,0.200222082293303,0.54261668458869
2901,0.0274703903297756,0.0757643389417907,0.201478241032652,0.552665223418575
2902,0.0274753126519973,0.0757764676927288,0.20147695062003,0.544249840802643
2903,0.0274718572578958,0.0756983388649729,0.201492655699184,0.551109010209249
2904,0.0274584834375965,0.0755689322051963,0.200982552779362,0.544824954412222
2905,0.0274663376489149,0.0757499266749317,0.20148102245099,0.544624707821811
2906,0.0274826332182985,0.0756567139912134,0.201085317755642,0.543582598698428
2907,0.0274811880999867,0.07574056323536,0.201849935291686,0.552613441206398
2908,0.0274687841933842,0.0756978567282544,0.201834134853126,0.553364508958463
2909,0.0274890363682954,0.0759097407875469,0.201625365421945,0.551981475077782
2910,0.0274735684847634,0.0756518612532089,0.20125284400047,0.5474503776724
2911,0.0274703240585222,0.0756415924952557,0.200784826107412,0.549867587933146
2912,0.0274746057764719,0.075634934118985,0.200721517735339,0.550861292504548
2913,0.0274833539198812,0.0758488259399922,0.202021636982974,0.55311651809802
2914,0.0274707816218384,0.0756480147848671,0.201268620762606,0.548722237521792
2915,0.0274959215162578,0.0757762369096487,0.201150082127591,0.547592669339353
2916,0.0274867257899848,0.0757168614150482,0.200075234011061,0.55098689412551
2917,0.0274831082395552,0.0758519316915809,0.200739742109723,0.547459101039516
2918,0.0274849937556462,0.0758100518178816,0.201976612785489,0.544104078711872
2919,0.0274625385881386,0.0757084913078454,0.201657573122585,0.551451308183077
2920,0.0274791709269015,0.0757349965361583,0.201748672329558,0.551350250819581
2921,0.0274835573930789,0.0756640093257619,0.200884177833663,0.553874649951813
2922,0.0274979439466274,0.0758532957514449,0.201429065294865,0.554004504330902
2923,0.0274826118812411,0.0758172571150875,0.200826947324744,0.547411865199244
2924,0.0274805447805143,0.0757361370276978,0.200411904038252,0.548694052669317
2925,0.0274812670403061,0.0758545092312217,0.201354327796909,0.547030169982137
2926,0.0274924656486719,0.0757997795493092,0.201649886130666,0.554032006508133
2927,0.0274684377033993,0.0756046222388722,0.201051521621192,0.547688846595157
2928,0.0274619346843589,0.0757456532323649,0.201035816560314,0.549542162341009
2929,0.027456133314121,0.0757596947651669,0.201409529670582,0.551669984779248
2930,0.0274678276733093,0.0756884103918501,0.200882819064076,0.548846120302902
2931,0.0274735757047671,0.0756268075713085,0.201060566525004,0.551722046407835
2932,0.0274652107369467,0.0755828517322541,0.200628946979032,0.552049776787576
2933,0.027467930766026,0.0757251881817526,0.2021069336945,0.556169897187894
2934,0.0274624244046493,0.0756646098155664,0.20202119557115,0.553500772943582
2935,0.0275058088106005,0.0757691741827845,0.201688580264611,0.544051504402941
2936,0.0274789511110517,0.0756637331476031,0.201137915366664,0.546653182702748
2937,0.0274685577515653,0.0756981189719352,0.202245977922312,0.552730505816604
2938,0.0274779406897105,0.0757224717998584,0.201519107303492,0.555550741919386
2939,0.0274700587522197,0.0755417521080491,0.201503437645261,0.552316634633871
2940,0.0274764686818603,0.0756424992290099,0.201291892513491,0.551946544403819
2941,0.0274937004352368,0.0758727395985595,0.202283509494974,0.54937149844235
2942,0.0274719682410338,0.0757499119166341,0.201322338404661,0.542191997786026
2943,0.0274943345846349,0.0758060281079401,0.201363610789095,0.544906377921762
2944,0.0274615128966231,0.0756659783407188,0.201071654235875,0.545294114738536
2945,0.0274823053168788,0.075772885570389,0.201711058419465,0.552503240588691
2946,0.0274713076137291,0.0757181139728285,0.201898644612518,0.551751978617389
2947,0.0274746247547777,0.075742362708916,0.202290932514552,0.555461333939152
2948,0.0274779143134906,0.075687760554375,0.200309865467426,0.540657077064775
2949,0.027487123345317,0.0757101785496508,0.201348055587998,0.547341485049515
2950,0.0274690242439694,0.0756546728469661,0.201248693264155,0.544212417540003
2951,0.0274862701888447,0.0757258493343146,0.201779349929236,0.549248715190143
2952,0.0274726542570939,0.075805958538068,0.201824158111008,0.548669318890427
2953,0.0274724785898525,0.0756863895917827,0.200886245470956,0.547630193136808
2954,0.0274631794489857,0.0756573853600394,0.200985823133169,0.545362443724617
2955,0.0274828360792515,0.0757983217741956,0.201089718494461,0.551190957435634
2956,0.0274687052135875,0.0756372815337034,0.200185845118295,0.544120047984452
2957,0.0274806436487049,0.0756599221512619,0.202000540382229,0.546539331757478
2958,0.0274796539991615,0.0757745397426622,0.200676525407025,0.547107020499583
2959,0.0274869944597782,0.0757940996058365,0.201577810031716,0.550976414157235
2960,0.0274845279162215,0.0757579757524797,0.201404229014814,0.548858286241397
2961,0.027469196600685,0.075664140406369,0.201282950094099,0.546140847379656
2962,0.0274808726339505,0.075734400148948,0.201015428792209,0.554377129273377
2963,0.0274826050041347,0.0756674490503549,0.201083799448955,0.551722393421401
2964,0.0274754253054652,0.0756945604992708,0.200925883764498,0.548341916469086
2965,0.0274732218541659,0.0757840722980332,0.20125119493428,0.549612753696802
2966,0.0274599145266606,0.0756763348837862,0.201529374052377,0.554654260444287
2967,0.0274790954174764,0.0757896083588095,0.201303549860998,0.542468832714872
2968,0.0274776563281883,0.0756747026108386,0.201042202944939,0.553468707828983
2969,0.0274749328807761,0.075670623272001,0.201806960790278,0.55378368543995
2970,0.0274605667381434,0.0756843989875323,0.200947141088647,0.549709942929961
2971,0.0274827643755155,0.0758362291765551,0.201822902381821,0.540720572863048
2972,0.0274816910398127,0.0757428787684665,0.200848992734364,0.547060249439079
2973,0.0274735649980485,0.0756122516996261,0.200875018692273,0.547816510578403
2974,0.0274673948995676,0.0757152319703607,0.201885760046229,0.544840071541397
2975,0.0274882632678431,0.075729680596328,0.202385878571622,0.551620855053428
2976,0.0274680523269234,0.0757537529402663,0.200924584402979,0.546940319856794
2977,0.0274638614968246,0.0757104995362739,0.20066956124561,0.544646669089504
2978,0.0274844810166074,0.0757551515577191,0.200888827445165,0.544556121967993
2979,0.0274918383723837,0.0758291714998446,0.201543827717045,0.548716460048529
2980,0.0274718899420688,0.075742484812634,0.20103458176973,0.547638888655338
2981,0.0274719285590366,0.0756092022788648,0.20100561855203,0.547220336630028
2982,0.0274682505974147,0.075652548517926,0.201081403823882,0.546465928870052
2983,0.0274796533797685,0.0757635282451596,0.20140918430626,0.552106338249303
2984,0.027482584211517,0.0758151077804515,0.200875001645651,0.547410062813668
2985,0.0274879090108311,0.0756317066760606,0.201290380576047,0.547495627658711
2986,0.0274850688838607,0.0756988789420964,0.20226914610975,0.55134958369251
2987,0.0274903699436308,0.0758148326079237,0.202038325280116,0.554157576757258
2988,0.0274799731898006,0.0757507331269619,0.201687326657845,0.55053503228696
2989,0.0274704501214495,0.0757010233621639,0.201851029884619,0.550561611052544
2990,0.0274792182204591,0.0758334070439196,0.201983147869373,0.549807615658041
2991,0.0274856955263408,0.0757504574660108,0.201473454747216,0.551392145852391
2992,0.0274686897765338,0.0757436143325623,0.200943261357802,0.553029021235239
2993,0.02749130183123,0.0758061026005624,0.201816311222474,0.55110223611767
2994,0.0274777949604987,0.0757544847929933,0.201953651118049,0.545685320280232
2995,0.0274883599695174,0.075825379708518,0.201527136735473,0.544143323075245
2996,0.027467409268856,0.075703458365586,0.200590439945889,0.544162349028943
2997,0.0274768105930975,0.0757556677021689,0.201446206286008,0.543984110566472
2998,0.0274714445153147,0.0756654290731246,0.200864185035765,0.543602560589756
2999,0.0274928060728918,0.0757460970218281,0.20176203706406,0.546730776203468
3000,0.0274946474120919,0.0756159420325955,0.201023597207182,0.548992968545372
3001,0.0274678932443384,0.0755850056791451,0.200812074125926,0.546523789561011
3002,0.0274870685095092,0.0756950729704724,0.200682444429878,0.542152420522046
3003,0.0274857490153579,0.075814893090201,0.201654201254085,0.549583484637035
3004,0.0275003507630924,0.0758763086613772,0.201485019362689,0.550540517358422
3005,0.0274857468221367,0.0757344846784513,0.201175240352545,0.539822065795127
3006,0.0274774960543721,0.0757070573555006,0.201718870253003,0.546259430031463
3007,0.0274769465474306,0.0757702241215755,0.201391812060371,0.547964027707177
3008,0.0274822796967197,0.0758081243839181,0.201816835095909,0.548528630607719
3009,0.0274695799685875,0.0756480907451745,0.20081751677099,0.54625649790423
3010,0.0274803289958705,0.0757922192833341,0.20092113350047,0.545227023230563
3011,0.0274906052779394,0.0757174341137896,0.201748825844388,0.544539406123012
3012,0.0274717657671746,0.0756486236419964,0.200977336012541,0.549934506024284
3013,0.0274753956796469,0.075802587560447,0.201998084619851,0.554282132836712
3014,0.0274562455268407,0.0755518789208778,0.200929241182359,0.550274520125242
3015,0.0274832005250032,0.0757847636863535,0.201349207466913,0.551356648750853
3016,0.0274608545469925,0.0757976803133409,0.201508458941716,0.551356615203768
3017,0.0274845324190566,0.0758188891804276,0.202255211118653,0.54806802312108
3018,0.0274731349755711,0.0758268108651386,0.201890093255372,0.547889297229082
3019,0.0274918893170935,0.0758286784363142,0.201648253805947,0.552414206071033
3020,0.0274738587630024,0.0757337875611581,0.201330750838073,0.548435241510143
3021,0.0274675895207572,0.0757794219253669,0.201278684974464,0.542249275150854
3022,0.0274818234966612,0.0757145651160788,0.200982468483152,0.547279369586079
3023,0.0274791117914774,0.0757776371136496,0.201875749087978,0.542540807244777
3024,0.0274861140279325,0.0756503373929555,0.200993661823933,0.550326371730875
3025,0.027478729459128,0.0757306619226779,0.201276935741386,0.541050645601616
3026,0.0274725173470263,0.0756765651777106,0.200882157159316,0.554853701399717
3027,0.0274618595338897,0.0757458148623773,0.202419288120357,0.552106319930749
3028,0.0274734459084302,0.0757699907061018,0.202479133081692,0.547993611930346
3029,0.0274957156191414,0.0758107741270824,0.202510288424855,0.548285648639633
3030,0.0274743231630291,0.0757477695155887,0.200894724558869,0.544970442433418
3031,0.0274794847749617,0.0757585327557761,0.201842220588504,0.548936232015858
3032,0.0274751519126491,0.0757348398913203,0.200785894016829,0.545829740960995
3033,0.027470337475421,0.0758314589733262,0.201118998587223,0.547759821332908
3034,0.0274743913223963,0.0757853618803145,0.20101549745064,0.549512445213055
3035,0.027491397844854,0.0758435254085417,0.201209200379821,0.542742135629368
3036,0.0274815488248496,0.0757655615917703,0.200923928745506,0.552316590945154
3037,0.027475565879609,0.0756315765790749,0.201101849477333,0.548319702617383
3038,0.0274645170782657,0.0757678635230774,0.200710492328626,0.546758145343824
3039,0.0274767591856743,0.0756770677101461,0.201596173874403,0.55431648684097
3040,0.0275058438956446,0.075859002124391,0.201529513908202,0.549784570151653
3041,0.0274669143394383,0.0757560582115848,0.201745972636236,0.553112893138645
3042,0.027470862132616,0.0756946356028122,0.200543990012039,0.541481459574366
3043,0.0274854860032322,0.0757706427504042,0.201989249397113,0.544570679656586
3044,0.0274643451769259,0.0756629286916221,0.200715714615785,0.547872736738014
3045,0.0274732435992758,0.0757728840930899,0.200932923887531,0.546265435527644
3046,0.0274902263468122,0.0758208855261304,0.201648192740047,0.548828103405189
3047,0.0275029979252658,0.0758574767612862,0.201696352736752,0.547073463596995
3048,0.0274894391193579,0.0757889136158495,0.201473617240749,0.547990424524483
3049,0.027492493435439,0.0757645561914968,0.202150694559886,0.548346853377417
3050,0.0274772165026605,0.075739462156498,0.201108733228351,0.547470836227335
3051,0.0274832131462982,0.0757894001199243,0.200743032776312,0.547065637032058
3052,0.0274880586426644,0.0758604964020594,0.202392642669994,0.547423009865262
3053,0.0274713329260385,0.0757176169459078,0.20062512107772,0.54770351855322
3054,0.0274601804338923,0.0756623949763483,0.200329589292519,0.554051595167713
3055,0.0274788441620781,0.0756640041426275,0.200556628945395,0.552017654842074
3056,0.0274830164756655,0.0756414652168196,0.200959572216451,0.547499595607712
3057,0.0274820062665432,0.0757843204529438,0.201565668208348,0.548544045370777
3058,0.0274816781237304,0.0758328933174033,0.201287734526461,0.543964074871981
3059,0.0274645085384858,0.075688242538495,0.200657869921566,0.543255430243019
3060,0.0274841200534169,0.0756382712017174,0.201248776038094,0.548985114027041
3061,0.0274896812250759,0.0757413953954462,0.201597728339226,0.550629323461021
3062,0.0274770767890044,0.0756862507148166,0.201613699070408,0.54875367281431
3063,0.0274845959913081,0.0756548545288784,0.201184803076325,0.551346792628643
3064,0.0274534103877237,0.075657703131248,0.200963272916268,0.550235474577088
3065,0.0274799558397314,0.0756968517022682,0.200817547688384,0.551948591224858
3066,0.0274885028898594,0.0757241418002875,0.201264684245958,0.54594163738162
3067,0.0274645659100323,0.0757082378271192,0.201742044163035,0.544802899953071
3068,0.0274807125396818,0.0757077288285344,0.202085652378631,0.55307699873987
3069,0.0274716320812911,0.0757152651743409,0.201790523122795,0.546470147006623
3070,0.0274581490820393,0.075685015636441,0.202423176438255,0.545614547382582
3071,0.0274754428808194,0.0758536725672576,0.201433623082376,0.550835822662612
3072,0.0274841838693218,0.0757021529864208,0.20110679163551,0.548346631980625
3073,0.0274668933204927,0.075690938951096,0.201059375693437,0.546461943906861
3074,0.0274678796796041,0.0757119091993938,0.201373465659485,0.544893922381223
3075,0.0274947999644889,0.0759032792170642,0.201779772810611,0.546930753966627
3076,0.0274854407982802,0.0757933950556482,0.202287028424285,0.55035639623417
3077,0.0274963445378304,0.075694924367007,0.201205374115396,0.545598485424379
3078,0.0274877795545345,0.075677046407835,0.200942293328201,0.548764794294108
3079,0.0274643043862965,0.0756768793345768,0.201269789472524,0.548118691658581
3080,0.0274711051417473,0.0756660720035991,0.201013336315076,0.548726645227933
3081,0.0274429985862,0.0756075326163119,0.201612620937353,0.55209655091883
3082,0.0274716687851646,0.0758239853763019,0.201804558067731,0.550920178979001
3083,0.0274806214234117,0.0757525249961123,0.202582937284405,0.549160151735404
3084,0.027481935874353,0.0756604765023022,0.200715071917439,0.54289565596172
3085,0.0274600521965549,0.0756610723344907,0.200627075980732,0.539662004728562
3086,0.0274849325025323,0.0757231386219546,0.201251617369614,0.54496802737795
3087,0.027484947374849,0.0756968828612034,0.200864665823827,0.551197679908776
3088,0.0274846990582209,0.0756580569297778,0.200957721598176,0.542833352470188
3089,0.0274807577636317,0.0756607683597756,0.201662765536821,0.544894841153448
3090,0.0274836928249385,0.0756983714014676,0.20175745891337,0.549518226745803
3091,0.027469837585979,0.0757312790837608,0.201217131827756,0.551081681441365
3092,0.0274887017148302,0.0757602297079711,0.201246564968332,0.547561729476036
3093,0.0274761480575263,0.0757489406097353,0.200707266741281,0.549272140246043
3094,0.0274781169917625,0.0758001900133266,0.200302587561151,0.550697147764935
3095,0.027476387940571,0.07570683066354,0.201411970030862,0.547117509218836
3096,0.0274876674119063,0.0756780026535543,0.201536153510533,0.54465377707598
3097,0.0274646450457076,0.075750147825329,0.201640213147401,0.553809054298614
3098,0.0274734422336283,0.0756845883882242,0.201776539462841,0.554980010402762
3099,0.0274853499146699,0.075783932933215,0.200671246096427,0.551684566939028
3100,0.0274731993744328,0.0758021922756297,0.200819074905348,0.555460640251378
3101,0.0274757115217304,0.0756001709771359,0.200430845334473,0.537801668095044
3102,0.0274835191080882,0.0756689772628528,0.201314844157104,0.549037362166112
3103,0.0274916314896796,0.0758952727023571,0.202086295755244,0.542795772989658
3104,0.0274746665296231,0.0756692943432519,0.200728535738295,0.544321316432497
3105,0.0274685018822545,0.0757158018992823,0.200526036913301,0.542573424121003
3106,0.0274696099629846,0.0758120227450293,0.201214525158091,0.547446702935953
3107,0.0275079504732082,0.0756620933381604,0.201797680689336,0.54776636676168
3108,0.0274731038123596,0.0757164845213533,0.200491263172746,0.554056150092025
3109,0.0274823605007805,0.0757966280271463,0.20102243140979,0.553605425052974
3110,0.0274847571498139,0.0756215425802108,0.200692509167946,0.554782614029122
3111,0.0274725005467693,0.0755529637427432,0.200105544181063,0.552721760397411
3112,0.0274688905479421,0.0756435063082195,0.20138578740672,0.5521566708179
3113,0.0274890745236112,0.0757706675606893,0.201825422970072,0.552207304628023
3114,0.0274815477711555,0.0756713946189667,0.200382752428703,0.542043090292504
3115,0.0274832349414144,0.0758047985819976,0.201198161504343,0.544670069147518
3116,0.027472112529533,0.075776930955888,0.200849692995894,0.548941768867377
3117,0.0274662205377277,0.0757968060555563,0.202273484869262,0.554909041201605
3118,0.0274683919746098,0.0755808018208086,0.201399157225349,0.552771958824626
3119,0.0274861118261916,0.0757159883416544,0.201644932619734,0.550276907258265
3120,0.0274793493743649,0.0757505747410578,0.20159272254341,0.547819278616781
3121,0.0274733527097232,0.0758303519921598,0.201574750034988,0.543709436635405
3122,0.0274843273821553,0.0757214072489521,0.201532829158689,0.549191576126113
3123,0.0274800649885934,0.0758581531611419,0.201414228664946,0.553865528709993
3124,0.0274960223263933,0.0758619890476828,0.201676711013448,0.551198163190529
3125,0.0274817671324503,0.0756485693581345,0.20144157517511,0.5453136313303
3126,0.027485497367647,0.0757847503797521,0.201200909824928,0.546001444229405
3127,0.0274756645294005,0.0757478993785799,0.201291842562969,0.546121470957871
3128,0.0274766221611024,0.0756904450393707,0.200230293316641,0.545628442585926
3129,0.0274754017071164,0.0756913337845393,0.200329196727652,0.552998401938605
3130,0.0274849877229459,0.0757088661408668,0.200766889343418,0.547936490730301
3131,0.0274824462985054,0.0757698486119941,0.20200158534322,0.552615271535691
3132,0.0274662335709367,0.0756922482297635,0.20236240812755,0.546330711514843
3133,0.0274668138477379,0.0756467836038909,0.200864628892564,0.550749000248881
3134,0.027475810685608,0.0757838296653246,0.200747372429275,0.54152744829534
3135,0.0274678134718704,0.0756860383526037,0.200511561884141,0.549406564299572
3136,0.0274706357521949,0.0757244511339899,0.201816803776635,0.548256383563253
3137,0.0274838164844543,0.0757582889561484,0.202306682576783,0.553050961907597
3138,0.0274760411866564,0.0756762865165185,0.202561450852657,0.550109164280901
3139,0.0274862306336338,0.0758353855997997,0.201650805298261,0.555839518642713
3140,0.0274919803081092,0.0757615319695227,0.201104572958302,0.546986791073088
3141,0.0274735481781087,0.0755748755684109,0.200689497698906,0.547383543765245
3142,0.0274905870455898,0.0757722281103377,0.201962424220557,0.54757791521757
3143,0.0274866532459547,0.0757549530076897,0.201286757005258,0.553055012284377
3144,0.0274804190910631,0.075909435109509,0.20130986757507,0.549543886586429
3145,0.0274720021465998,0.0757988776719134,0.201296343555341,0.547431384284861
3146,0.0274759379855918,0.0757438698259692,0.201577832619528,0.551575393047079
3147,0.0274951615804958,0.0758835726152379,0.202913809265461,0.552875710633939
3148,0.0274754350606329,0.075700982508254,0.201204831215599,0.549293860222061
3149,0.0274682071338241,0.0757569951198212,0.202019594503114,0.547695953736726
3150,0.0274940175855161,0.0758285062727224,0.201554937246869,0.555189152152255
3151,0.0274846889629701,0.0757129995044181,0.202191674299263,0.553541203785277
3152,0.0274791789253371,0.0758065072013179,0.200573854721466,0.552078193973963
3153,0.0274596473422973,0.0756173881813441,0.201368734051107,0.551254475619045
3154,0.0274775475229695,0.075627151189318,0.200819419176167,0.545768035551962
3155,0.0274914753592401,0.0757714364376079,0.202164339707359,0.545347449909301
3156,0.027476805515228,0.0758787724754453,0.201702318108313,0.542891840606354
3157,0.0274793491460865,0.0758208828979673,0.200755643440991,0.540121005257251
3158,0.0274803022398928,0.0758086056300164,0.202282666479538,0.547579864371724
3159,0.027478919966156,0.0757458391763983,0.201520184254658,0.549112478096688
3160,0.0274739163969308,0.0758649971308516,0.201785454067818,0.541994319767976
3161,0.0274678433474463,0.075735817720529,0.201126504608272,0.547123876672185
3162,0.0274824233525709,0.0757252636215474,0.202633954094241,0.552827146267543
3163,0.0274845395726687,0.0757545010193334,0.201553775426715,0.553279150914556
3164,0.0274795241453344,0.0757529503899698,0.201278171191981,0.548439278695506
3165,0.0274863585203348,0.0757991365634626,0.201042983341656,0.551352203192177
3166,0.0274845201251503,0.0757317061000698,0.201156937315426,0.544232229892881
3167,0.0274776848528253,0.0757300566194698,0.201803321331745,0.54566354286793
3168,0.0274923858837985,0.0756632648223843,0.201754744630835,0.549314122173337
3169,0.0274882232857435,0.0758591144570264,0.202769757179378,0.549693675992606
3170,0.0274787473474705,0.0758022238136815,0.20162115002389,0.554214487096251
3171,0.0274691047986139,0.0757591876344074,0.200820267981941,0.545152897501901
3172,0.0274636905211285,0.0757465440083784,0.201499591071864,0.549463292156928
3173,0.0274774496783456,0.075779979910405,0.202070344712346,0.554797310030994
3174,0.0274789364588424,0.0757175695499284,0.201271981022201,0.54841609501696
3175,0.0274884063184258,0.0756848479264197,0.201274439963439,0.546941825116805
3176,0.027477486161386,0.0757525935882429,0.201656941073347,0.549409731576162
3177,0.0274818071031115,0.0757560535360551,0.201078405882413,0.547951057852213
3178,0.0274847038439924,0.075778668653304,0.20212497638265,0.549855731930954
3179,0.0274857443542715,0.0757548795781536,0.201445106719284,0.546023951755917
3180,0.0274694036652153,0.0755968209940041,0.200881332344418,0.546804503523985
3181,0.0274773856208773,0.0757529323274317,0.201573803055596,0.54881497238282
3182,0.0274832830726645,0.0758137915802102,0.20119092493579,0.547011321951044
3183,0.0274684523845563,0.0756359986015825,0.200407716452905,0.542830186023914
3184,0.027488055874319,0.0756773236101537,0.201023754026845,0.546403691359588
3185,0.0274705527432541,0.0756219957561142,0.200680493278187,0.54395091965847
3186,0.0274712285982789,0.0757666627818475,0.201388325515945,0.544497990116662
3187,0.0274932152663245,0.0756891573005656,0.200817610727601,0.549027662366245
3188,0.0274671283525271,0.0756748147229761,0.201474719594838,0.549180127102231
3189,0.027493730554353,0.0758770033297213,0.201817174850554,0.54398846990059
3190,0.0274952983489491,0.0758273266240703,0.201672020958669,0.544531199824516
3191,0.0274830789861362,0.0758421778512182,0.201512509945816,0.553181408879116
3192,0.0274873612004392,0.0756505457321185,0.201329800004942,0.552314353214121
3193,0.0274699833813215,0.0756243318330533,0.200987294280153,0.54857872550434
3194,0.0274987370564773,0.0756976866717792,0.201808987820322,0.549390122363597
3195,0.0274721710562908,0.0757302924167581,0.200927261431986,0.545612732675565
3196,0.0274740106923915,0.0756848611307386,0.202076107372151,0.545535363363857
3197,0.0274654275524642,0.0757154343881941,0.201726741070031,0.559402324799254
3198,0.0274770472925396,0.0757157944608158,0.201140928037094,0.553030613508541
3199,0.0274738391833434,0.0757171772558748,0.201141176773577,0.552887118553734
3200,0.027453220287789,0.0756124642252138,0.201185562144271,0.548637261497833
3201,0.027474902437958,0.0757256206836067,0.200723462169576,0.551403985395451
3202,0.0274876704995844,0.0757340025272942,0.201079109213522,0.550438487383028
3203,0.0274759664451118,0.0756695719775137,0.201684563690119,0.547474744657823
3204,0.0274775108193052,0.0756961310238378,0.201227173994571,0.544148146360794
3205,0.0274969289705837,0.075728035705363,0.200363801908501,0.546956338040497
3206,0.0274744249445513,0.0757088468083894,0.200732011816299,0.55201874375986
3207,0.0274772426851125,0.0756578079452879,0.200774311475573,0.543854367371186
3208,0.0274695622665327,0.0757295596693509,0.201338390711346,0.548362693427004
3209,0.0274955868448654,0.0756553100463685,0.200883473648566,0.545782262668298
3210,0.0274680450478691,0.0757247794277511,0.202047717058793,0.547094626445287
3211,0.0274818044783877,0.0756868722891827,0.201558624010504,0.553398565691106
3212,0.0274793143719675,0.0756167530636603,0.200297937669345,0.551453608256106
3213,0.0274839888763598,0.0758062224274086,0.202463482435891,0.55094240330764
3214,0.0274867695460497,0.0757884533802759,0.201797309343708,0.549752041044813
3215,0.0274626493103676,0.0756424044792418,0.20135159824972,0.542303480166574
3216,0.0274801939763872,0.0758375622043029,0.202267139432921,0.552419560490608
3217,0.0274803351120989,0.0757000139059117,0.201287859155738,0.541757763040852
3218,0.0274614220651631,0.0755333659784282,0.201020650993581,0.539958666569372
3219,0.027469193996992,0.0756458740698032,0.201141230280703,0.547591257039905
3220,0.0274860165910906,0.0757959132689105,0.200543233432331,0.547180512112873
3221,0.0274649011005305,0.0757075349327571,0.201631268249833,0.554354974114879
3222,0.0274799973057898,0.0758917649536972,0.201988941922829,0.546754245411965
3223,0.027472864345538,0.0757052610456408,0.200917117194236,0.54983012112007
3224,0.0274738455254775,0.0757248265186172,0.201229113971516,0.553170468288528
3225,0.0274677850832241,0.0756384653705016,0.200923607546871,0.540946564921944
3226,0.0274696654928457,0.0758646584371123,0.202700564600686,0.548792040972476
3227,0.0274799224415906,0.0756543578907883,0.200966788204418,0.551265910864028
3228,0.0275039585815862,0.0757973621281258,0.201677786424906,0.545966099603248
3229,0.0274797558329999,0.0758100504692379,0.201544948038572,0.552879101592797
3230,0.0274796420638042,0.0756948210362042,0.200945385679211,0.547170977482001
3231,0.0274852309933378,0.075719388362956,0.200913210827923,0.545570480605949
3232,0.0274837014539012,0.0757062955531805,0.200486717744895,0.549414178268554
3233,0.0274719089917176,0.075714584834884,0.201231230411348,0.545689403635001
3234,0.0274624911786193,0.075762674984569,0.201596525225626,0.544706653364677
3235,0.0274713374087877,0.075784991497522,0.201288283145383,0.540633937769956
3236,0.0274868947127987,0.0756705309553571,0.200699395128635,0.547694203546725
3237,0.0274696462435643,0.0757056275793343,0.201352654401203,0.553484339849772
3238,0.0274862655030558,0.075729663069163,0.20143072997492,0.552351573939984
3239,0.0274862652372127,0.0757665192408932,0.20169190837331,0.556778814056788
3240,0.0274947274866498,0.075906889531104,0.201656603568505,0.556230987617172
3241,0.0274607885555881,0.0757558595643764,0.200675342984862,0.552946085093117
3242,0.0274723881353048,0.0756494849088838,0.201611938008012,0.547953939088221
3243,0.0275037554296176,0.0758653082084114,0.201055096099919,0.553381360393134
3244,0.0274929534564375,0.0758157873830218,0.200891779758151,0.540774441143084
3245,0.0274688751059715,0.0757451853557761,0.201605738234575,0.551696683559692
3246,0.0274744993168145,0.0756763557879311,0.201178025205412,0.548102498629446
3247,0.0274709012667229,0.0757100068895401,0.201694114541076,0.546843051561444
3248,0.0274698781382189,0.0756945618578588,0.201361843328959,0.545183774162434
3249,0.0274797709212164,0.0757630355850082,0.200274191287807,0.54243917778483
3250,0.0274791645429205,0.075633830803917,0.201397408088716,0.551659364761765
3251,0.0274711923060559,0.0756975641794451,0.201323916871535,0.549241969284897
3252,0.0274760213881577,0.0757343005462991,0.201686871460004,0.551309196074913
3253,0.027478821631125,0.0758011151213115,0.201359679481091,0.545070989010366
3254,0.0274750803906741,0.0759038560323101,0.201365394556491,0.548347167868642
3255,0.0274836666771065,0.0758431418004851,0.20118660485312,0.54762467768657
3256,0.0274760387662251,0.0757768255843018,0.202036969072081,0.550375305766946
3257,0.0274836174089162,0.0758155529665242,0.202131922783216,0.551541354709617
3258,0.0274664475446116,0.075715346306963,0.200888774276207,0.550883314056921
3259,0.027491848870243,0.0758754317734672,0.202117022068983,0.547118934034447
3260,0.027478425931302,0.0757013817091976,0.201252734219015,0.543754343421073
3261,0.0274745802702227,0.0757369378657692,0.202218966845079,0.544818333254597
3262,0.027471489155163,0.0757760224844186,0.201354770232956,0.551663964058726
3263,0.0274718847799505,0.075660574537953,0.200590013201642,0.543952272937876
3264,0.0274892478466517,0.0757991376909322,0.201164593302674,0.549783232278493
3265,0.027464592340035,0.0757597006478455,0.201242907015279,0.542784247382328
3266,0.0274597949298976,0.0756052495563969,0.200659579367532,0.550324290477327
3267,0.0274755667633707,0.0757328727778083,0.20230573030469,0.547351652547209
3268,0.027477387525785,0.0757186942874058,0.200960582815794,0.551275764768406
3269,0.0274746802387445,0.0756609258438514,0.201228683829177,0.548231816605923
3270,0.0274904804990071,0.0758906306091177,0.200747023737974,0.545072641714472
3271,0.0274852778572572,0.0759197674237007,0.20176670498834,0.548617715552322
3272,0.0274744721982635,0.0758013309242551,0.202394845134344,0.555923957788234
3273,0.0274721234743687,0.0757767008709739,0.201046787484833,0.553675823792858
3274,0.0274651616321302,0.0757414676253595,0.20209295121118,0.553004715206488
3275,0.0274834724894137,0.0757821141371221,0.200970363083638,0.551269301198941
3276,0.0274961598387631,0.0758009036908276,0.201318076551916,0.546728437690861
3277,0.0274788284549992,0.075752063057241,0.201015810977981,0.549747544660524
3278,0.0274665440362483,0.0756582143799322,0.201347942120657,0.548437228138365
3279,0.0274703620359326,0.075634130623039,0.20169094196723,0.548166842218868
3280,0.0274835955054018,0.0757456391440431,0.201514453960947,0.548810944132847
3281,0.0274679319097329,0.0757381821962674,0.201037623397793,0.55166378789023
3282,0.0274775182381323,0.0758461487211308,0.201431494224088,0.547148843510757
3283,0.02746782461202,0.0755363403264537,0.201754809679376,0.545217990753112
3284,0.0274740012367817,0.0758432964284972,0.201380977447018,0.550013400535679
3285,0.0274797562619378,0.0756267228997022,0.201255860087739,0.551979717944425
3286,0.0274839037657395,0.0757382992875229,0.200839520847778,0.546703557380058
3287,0.0274871053503419,0.075970592426038,0.201706370534714,0.556470386438907
3288,0.0274877353250169,0.0757508244655005,0.201021971854364,0.548738759370336
3289,0.0274826479350686,0.0758101650795724,0.201780673107577,0.547681501633465
3290,0.0274502899857516,0.0755388289142813,0.200770098631322,0.548884178700372
3291,0.0274685495983428,0.0757988614125693,0.201673883521438,0.549083959597921
3292,0.027490976581765,0.0757919690689813,0.201687798573172,0.547655030383778
3293,0.0274672535556507,0.075761827446643,0.20096220172439,0.547742421965379
3294,0.0274865989757938,0.0758077382377805,0.201843500925876,0.544799984009137
3295,0.0274746747244805,0.0757154984062715,0.201426222007331,0.551402606916228
3296,0.0274828880017074,0.0757897919413392,0.200774151353159,0.546811771260124
3297,0.0274760032299281,0.0756725712434145,0.201253146993593,0.54243889603418
3298,0.0274690908412614,0.075539285505066,0.201140376068645,0.553127354911862
3299,0.0274833992280313,0.0759020156312863,0.201594427631838,0.55225283777586
3300,0.0274716963468193,0.0757018411531954,0.202412429573409,0.550642342467333
3301,0.0274942439089271,0.075819347483902,0.202019272959208,0.553462522841392
3302,0.0274740312111729,0.0757045026760891,0.200724307523841,0.552978285664011
3303,0.0274770662365216,0.0758350475064853,0.201132487072838,0.552115257407581
3304,0.0274626923869541,0.075681844762236,0.201165229893549,0.549938586918811
3305,0.0274866868751571,0.0756747247732967,0.201848740065941,0.545415917251952
3306,0.0274913752265096,0.0757731388533686,0.201712513251788,0.546596173558357
3307,0.0274734912040421,0.0756142136859301,0.200927094608634,0.54737079176756
3308,0.0274783062375708,0.0757476723050166,0.20244701792237,0.555810539430054
3309,0.0274690774277616,0.0756304438955722,0.201213241829964,0.545047833144702
3310,0.0274926888373138,0.0756976306777074,0.201204266216787,0.545819860327854
3311,0.0274688318684244,0.0756763034984153,0.201302693746223,0.546461726326757
3312,0.0274768028595196,0.0758202415240923,0.201122655063662,0.546094932705844
3313,0.0274850290426098,0.0757700578676415,0.201436724194351,0.554847481331569
3314,0.027460247562421,0.0757196608055983,0.20128882378491,0.5481029026843
3315,0.0274743361147958,0.0757894442007306,0.201425662774013,0.548654728432571
3316,0.0274677780564763,0.0756075095057036,0.201093923271597,0.540035969481439
3317,0.0274798526479737,0.0757452200524974,0.201111780869995,0.5484828270512
3318,0.027479939888307,0.0757469795360114,0.201336088711924,0.549439910376014
3319,0.0274676147529524,0.0758264297494216,0.201692187375129,0.548044901749651
3320,0.027468668073216,0.0756590315129296,0.201019867347209,0.553547650645026
3321,0.0274815240765376,0.0756190862325967,0.200628877958126,0.546007097025889
3322,0.0274721828719489,0.0757686895702243,0.200923479814755,0.547802215504854
3323,0.0274815443802916,0.0756767685044572,0.200698860395397,0.549955345524866
3324,0.0274692466183259,0.075897783354547,0.200925283286932,0.546936887083786
3325,0.0274761316453717,0.0756385680771479,0.200190605502515,0.54362234016298
3326,0.0274771253778239,0.0756023762809739,0.200989298733209,0.553207365295028
3327,0.0274889265176928,0.0758462966554013,0.201903485627788,0.543428663502855
3328,0.0274746400153625,0.0758110820152667,0.20109398653163,0.551901819231867
3329,0.0274834012219361,0.0758257909141747,0.201222790011178,0.549962639775691
3330,0.0274646978874567,0.0756175310742071,0.201074902809544,0.545250299780999
3331,0.0274783614321508,0.0756703601574022,0.201010623289467,0.550722543243742
3332,0.0274744279936077,0.0757306166103236,0.201831020080837,0.550176882103383
3333,0.0274761575729217,0.0757302827305889,0.201447438432026,0.548155604488894
3334,0.027478310383469,0.0756666458959049,0.202220739716277,0.54892653979833
3335,0.0274776900992164,0.0757307619668162,0.201151541553989,0.555986142869645
3336,0.0274759475064097,0.0756194729604234,0.200998624038152,0.547246551640712
3337,0.0274666678704845,0.0757314314617384,0.201790710496937,0.550212658671785
3338,0.0274908823458617,0.075789992070218,0.202309865430428,0.550039835112533
3339,0.0274792265428004,0.0757487542278384,0.201455554655311,0.549761535731884
3340,0.0274806083890451,0.0756405029512181,0.200354162252671,0.54492287840112
3341,0.0274918374010861,0.0758166109444923,0.201420623768557,0.553074085279716
3342,0.0274920677068579,0.0757647127549094,0.200979972138861,0.54480879954487
3343,0.0274794750302175,0.0756773407614367,0.201624343026965,0.55052518630092
3344,0.0274645195950052,0.0757907283652705,0.201244008195897,0.550065003661071
3345,0.0274665345266999,0.075705027096824,0.20229920669905,0.54950709305755
3346,0.0274714052655903,0.0757236324189955,0.20079087191513,0.552278608837425
3347,0.0274757505372306,0.0757898539733996,0.201938831701592,0.550519009723697
3348,0.0274902682141662,0.0757587341673411,0.202274311354004,0.551415732588299
3349,0.0274869932408249,0.0756301424351546,0.200706345003521,0.545022473243182
3350,0.0274768750399914,0.0756415850876138,0.201705576463435,0.551008409823138
3351,0.0274834899701842,0.0756887783431559,0.20080641459263,0.549281886903469
3352,0.0274829775259214,0.0757259019295631,0.201777082864786,0.552434731293641
3353,0.02746034782457,0.0756912097032822,0.200627260296268,0.542720103878242
3354,0.0274576658551304,0.0756954918963992,0.20037349739965,0.54298211954482
3355,0.0274863583130708,0.0757742020502277,0.201780696639372,0.54826969794677
3356,0.0274854976238613,0.0757589101613852,0.201486865560009,0.547742318974396
3357,0.0274823780933035,0.0757384543632582,0.201053775503335,0.547953473830703
3358,0.0274660614209109,0.0757507407777401,0.201120172915601,0.544825492434367
3359,0.027478034565415,0.0758361938551676,0.20205663147482,0.549616502217091
3360,0.0274638024908483,0.0757507673069099,0.201284725880683,0.552437156620714
3361,0.0274803384970688,0.0757122003925798,0.200939197364295,0.546597238186436
3362,0.0274850809016323,0.0757787294630653,0.201933548290293,0.548936860774384
3363,0.0274785893153014,0.0757234797481647,0.201164224403632,0.551021675940476
3364,0.027481791389544,0.0757454225970285,0.201219649252886,0.541089377613322
3365,0.027479951615121,0.0756824343033048,0.201251843920403,0.547525471339496
3366,0.0274688049097908,0.0758443317346702,0.200240654912674,0.548165576458837
3367,0.0274599000566507,0.075860335201015,0.201196225772826,0.543652510348464
3368,0.0274838210756222,0.0758036991785636,0.201163622307943,0.544992926269808
3369,0.0274841509207679,0.0757750143396497,0.202485824668639,0.554787884944274
3370,0.027473936382994,0.0758765187062526,0.201825295633688,0.54926526685665
3371,0.0274754321410497,0.0757361283926169,0.201277390373824,0.549582141027248
3372,0.0274740380923253,0.0756826159909732,0.201745060160424,0.54470311829121
3373,0.0274764405098683,0.075768111851639,0.201040759622158,0.545795050212251
3374,0.0274927246643568,0.0758004128717198,0.202211789875628,0.543899118813893
3375,0.027479867123002,0.0758547230156127,0.201544626270578,0.54237056917274
3376,0.0274795424586977,0.0758025358754741,0.201486546859845,0.553258840211214
3377,0.0274815928421153,0.0758177204725348,0.200854220621344,0.54338032989057
3378,0.0274946667565816,0.0758389396044521,0.20155813789434,0.551697452593143
3379,0.0274735948611454,0.0757010617381839,0.201864038765602,0.546758680061189
3380,0.0274943662734305,0.0757089580709575,0.201619790486561,0.54854872975078
3381,0.027468402666979,0.0756616676984054,0.201474890638925,0.546577322575694
3382,0.0275013648614876,0.0758406149576074,0.201858080263771,0.549536074834364
3383,0.0274729023767897,0.0758485013109038,0.201620353543233,0.543595673864542
3384,0.0274657264358167,0.0756232953096132,0.200835288717935,0.54639929158815
3385,0.0274658830991509,0.0757442929330063,0.201602723962601,0.543892025532749
3386,0.0274791319371842,0.0756437347937978,0.201650121844537,0.552647096407683
3387,0.0274852935005143,0.0758856364167305,0.201731785415108,0.548630164161439
3388,0.0274693978892991,0.0757034990560982,0.201458140475785,0.548074311976236
3389,0.0274813086699405,0.0756708600256937,0.201289789209191,0.548384390026314
3390,0.0274679778996748,0.0758391115244463,0.201026800339366,0.54981100726248
3391,0.0274806330713884,0.0756652050128746,0.20109855650277,0.55374626427376
3392,0.0274705683398924,0.0756367516276628,0.201851440840377,0.548753292994663
3393,0.0274787255796066,0.075665892450352,0.201944590901085,0.549887242007873
3394,0.0274857317255374,0.0756087984681209,0.200777663766821,0.555274101712204
3395,0.0274784754656769,0.0757064300470704,0.201127877349908,0.552356141466713
3396,0.0274775938659799,0.0757892935151416,0.202215790159608,0.551202223796118
3397,0.0274999527348497,0.0758574088715817,0.202029563180586,0.549294241787447
3398,0.0274806878177258,0.0757361997779966,0.200870947332913,0.543375844702479
3399,0.0274870268382536,0.07576566235411,0.200761907601401,0.545128505183007
3400,0.0274909376443937,0.0758243411431062,0.202283851664585,0.555231213098778
3401,0.0274763026819113,0.075662649650068,0.200920062977802,0.546870583626671
3402,0.027460937494136,0.0756362548067859,0.202080674034862,0.554314079649563
3403,0.0274754037065506,0.0757894707028559,0.201489136416763,0.550692563639397
3404,0.0274852809600019,0.0756965249618375,0.200603829704465,0.548746880420719
3405,0.0274779531022964,0.0758720689083008,0.202601008012035,0.546157134680118
3406,0.0274985175168882,0.0757776549044936,0.201179479364212,0.551532588915645
3407,0.0274802907416124,0.0759071011916008,0.201449611002043,0.544896368105592
3408,0.0274830342875611,0.0757082414951144,0.201055153049243,0.544270006725427
3409,0.0274695059193113,0.0758007365216791,0.20188735453412,0.548057087088522
3410,0.0274744929322895,0.0756842575832099,0.20131506557636,0.553868675244863
3411,0.0274814329573739,0.0758065251206823,0.200390879467486,0.54238875358721
3412,0.0274632426453334,0.0756368326047712,0.201251271245638,0.551317450221027
3413,0.0274941625752524,0.0757865633962018,0.200459596178772,0.544185427916681
3414,0.0274826417014269,0.0757631615812277,0.202389023701697,0.549071866405537
3415,0.0274942141142712,0.0758076198501863,0.201917143499968,0.554783625185636
3416,0.0274792116969268,0.0757456340080164,0.200805627050146,0.544715178150103
3417,0.027473074495728,0.0757075962401467,0.201700023626132,0.548916735561547
3418,0.0274850390376493,0.0758095226099268,0.202051126117926,0.546678897447094
3419,0.0274739514649385,0.0758071611427837,0.201595484465287,0.551801763318079
3420,0.0274823387246572,0.0756449005531107,0.201796063480971,0.549247913387078
3421,0.0274858446230194,0.0758300236720681,0.201792071028208,0.548820982637962
3422,0.027475481282487,0.0757395599205693,0.201287800595359,0.549729304801398
3423,0.0274816077271179,0.0756924801332344,0.201161222566106,0.547107198839256
3424,0.0274811185153826,0.0757269487884456,0.201372043819689,0.548293869498583
3425,0.0274598067051044,0.0756410961554039,0.200912749082327,0.550910281068327
3426,0.0274879392692855,0.0757284093880229,0.201731926934561,0.546129375407201
3427,0.0274764009378678,0.0756479286882968,0.20089828357071,0.549393239003126
3428,0.0274778536389668,0.075742840669403,0.20097989087192,0.544558497316511
3429,0.0274848642103627,0.0756954085269025,0.201574601978864,0.548214918358901
3430,0.0274723148971346,0.0756099522726391,0.201155156288202,0.552887074194005
3431,0.0274869910655819,0.0756405086389414,0.201474566273462,0.545351193807974
3432,0.0274802668180349,0.0755903569948699,0.200600692372923,0.543732752328535
3433,0.0274963688846564,0.0757555369544576,0.20109661860638,0.55052293584881
3434,0.0274634287971995,0.0756462560570436,0.200833992846569,0.550627344040692
3435,0.0274717983175905,0.0757014198796691,0.201344757898703,0.549885520777732
3436,0.0274626435216671,0.0757785555700823,0.202565310399163,0.553164676685317
3437,0.0274666788832936,0.0757284946460498,0.201579573609762,0.554548333912924
3438,0.0274799150788287,0.0756764618218597,0.200664223201255,0.544440873665248
3439,0.0274531731046053,0.0757224257486709,0.201468865931528,0.545267883284305
3440,0.0274758318688679,0.075636233788302,0.201036448107134,0.550404425486231
3441,0.0274990574921218,0.0757406674694018,0.201431986608159,0.549413146159548
3442,0.0274743404644348,0.075603849330618,0.200634930087582,0.546948449568184
3443,0.0274891636090201,0.0757356952872019,0.20182986896067,0.554783466287807
3444,0.0274765450985236,0.0757242565113108,0.201946330674291,0.553455087246806
3445,0.0274734686659167,0.0757048912571766,0.201095262689198,0.546122151397629
3446,0.0274788897110605,0.0756002411856854,0.200967658181685,0.546138107915078
3447,0.0274775290617668,0.0757609505594465,0.201277596333883,0.550912992921045
3448,0.0274909619892061,0.0756907365428143,0.200767987236613,0.543749258019768
3449,0.0274768917754847,0.0756825520418852,0.201134394791506,0.546608288356815
3450,0.0274632312634806,0.0756179224981411,0.200686731283816,0.546788134157329
3451,0.0274789743290362,0.0757401395646926,0.201187787154285,0.549391248346844
3452,0.0274593244947504,0.075746005145721,0.20118450660087,0.551955371082286
3453,0.0274757055881326,0.0758486624843587,0.201824158817895,0.547738715196232
3454,0.0274827493542509,0.0758807737940795,0.201394847921701,0.543639143435195
3455,0.0274573675841731,0.0757561265481836,0.200881766643174,0.545929406481653
3456,0.0274753711092473,0.0757236619791732,0.201083110021736,0.549457986131974
3457,0.0274900798822882,0.0757783061538671,0.201562785884851,0.546009925681438
3458,0.0274800580025985,0.0755904623001151,0.200667769469867,0.549098494950636
3459,0.0274804700631978,0.0756663216915547,0.201584431899122,0.549972001470446
3460,0.0274656850505817,0.0755626591507583,0.200977205484161,0.549088153655984
3461,0.0274847808516618,0.0756929642027048,0.201943706181123,0.54472205580746
3462,0.0274884280334503,0.0756225551795554,0.20199942843059,0.557639984059145
3463,0.0274848615538208,0.0757087017671031,0.200671604098766,0.552741221094853
3464,0.0274966024166984,0.0758459642032761,0.201535738263687,0.547740021759286
3465,0.0274612710374466,0.0757881318613261,0.201267686487649,0.54768630081349
3466,0.0274758948543971,0.0757386312573542,0.201833151920353,0.545957467466109
3467,0.0274897071333816,0.0757300504373598,0.201694410959827,0.547249868277616
3468,0.0274909116106683,0.0757469313216753,0.200984198026773,0.549192024145958
3469,0.0274721221825341,0.075797201585918,0.201538130000879,0.545417776881049
3470,0.0274863735767109,0.0757313630565299,0.201633768440346,0.551746308897387
3471,0.0274794304406377,0.0756805549169535,0.201942789061993,0.548270873775464
3472,0.0274851759530593,0.075787356802873,0.201472578161805,0.558948434393117
3473,0.0274751412425875,0.0757172499939487,0.200714510870989,0.542442432547434
3474,0.02747089242548,0.0756652667466076,0.201761139181063,0.548127712727755
3475,0.0274710477643871,0.0756741632183671,0.201719699780553,0.548267521688156
3476,0.0274950397397176,0.0757728161311141,0.201853955931095,0.54680437993681
3477,0.027470070213365,0.0756716763930549,0.20060140715843,0.54261446570301
3478,0.0274913849752264,0.0758557117095792,0.201576286612359,0.552507720370046
3479,0.027474465753391,0.0757245816636017,0.200911029655536,0.54510193791562
3480,0.0274808204352713,0.0756902329224363,0.201398911671394,0.549699567475663
3481,0.0274843084041594,0.0758945041254737,0.201563213781076,0.552440259135977
3482,0.0274713129933564,0.0756194817204732,0.200890183645205,0.553933235866007
3483,0.0274802049528552,0.0757754717863236,0.200979177023839,0.547275591157093
3484,0.0274817983751584,0.0756867618797988,0.201650846278224,0.542965507560083
3485,0.0274648823931542,0.0757423279738056,0.20144575673613,0.550872994275556
3486,0.0274813435858013,0.0757506179706919,0.201283351558567,0.546815130120747
3487,0.0274646975885695,0.0757470576464848,0.201311016416262,0.546280322583636
3488,0.0274754687809145,0.0758044109903175,0.201354178437925,0.545647184454644
3489,0.0274679569248705,0.0758007258909316,0.201664736606419,0.544473181921816
3490,0.0274763195902268,0.0758219038879348,0.202109534806662,0.549364232252957
3491,0.027478042922342,0.075784763874614,0.201439776768363,0.548439063487455
3492,0.0274764432729807,0.0756629071779997,0.200451945222274,0.544277857855429
3493,0.0274706585057468,0.075764922476149,0.202116724096419,0.547541677291097
3494,0.0274727723605523,0.0756350601583441,0.201243820237663,0.548982043717916
3495,0.0274850387143901,0.0755783269588729,0.201693424952906,0.546951961816058
3496,0.0274895318101476,0.0757286973795387,0.201056193272309,0.546739637377218
3497,0.0274874995016622,0.0757565800234245,0.201384622467828,0.546719274032972
3498,0.0274736346901117,0.075680803935043,0.200673895096076,0.543260918762905
3499,0.0274840317058498,0.0756219907963382,0.200326810047167,0.54687014668819
3500,0.027469201299926,0.0756630334080832,0.200891107303309,0.548120078182871
3501,0.027471182326769,0.0756625652504952,0.201742891175172,0.554952396800281
3502,0.0274804255366629,0.075785036498939,0.20126634696953,0.548722225598645
3503,0.0274844542578927,0.0757320639558323,0.201773998282681,0.549295336179199
3504,0.0274762086319324,0.0756601568160062,0.20080535318288,0.551357859506454
3505,0.027495129669365,0.0756983194437962,0.201380390202491,0.547904999492524
3506,0.0274891774622155,0.0757797158752581,0.20098637825945,0.547015370753564
3507,0.0274713660089332,0.0757215618556472,0.202022217728837,0.548242724031659
3508,0.027467328191118,0.0757627557186341,0.200492762780398,0.551889709931863
3509,0.0274666145036546,0.0756972371829859,0.201764494226547,0.554902765153893
3510,0.0274818230348702,0.0757706424382729,0.201441924552468,0.546456630967079
3511,0.0274676141021919,0.0756896435483763,0.201256306354317,0.54999559613989
3512,0.0274711266442353,0.0755992551755577,0.201472154637476,0.546887560154242
3513,0.027466159550037,0.0757408407065704,0.201615407886451,0.548264237314866
3514,0.0274918495867092,0.0757566304416815,0.201547335757425,0.554114159633618
3515,0.0274938248296792,0.0758340779068711,0.201582064265287,0.546863612846635
3516,0.0274766742933895,0.0757336629303605,0.201209585608122,0.545884052933853
3517,0.0274830722295785,0.0759556149816774,0.201456373583051,0.551043453310066
3518,0.0274892094902122,0.0757500575822266,0.202057205027729,0.547492330288618
3519,0.0274893105968792,0.0757800128781801,0.201813710788969,0.552549746851288
3520,0.0274735883717036,0.0757321526492387,0.202007397210843,0.547439547068635
3521,0.0274733166076047,0.0757059799821511,0.201520880639537,0.548680358729946
3522,0.0274780020825132,0.0757326173919329,0.201464810141299,0.547934975826284
3523,0.0274711913411626,0.0757014477267984,0.201657624221398,0.550581472376984
3524,0.0274715549244665,0.0758006361892094,0.201561130170474,0.548239862143292
3525,0.0274696234347381,0.075670287567302,0.200937345163678,0.546571951621889
3526,0.0274836355089818,0.0757822518286768,0.202286437688376,0.547788491759052
3527,0.0274662237401762,0.0757224239541748,0.201315894448623,0.547663004937092
3528,0.0274777300511869,0.0757062659107066,0.201939350335668,0.559935680826437
3529,0.0274766092490835,0.075747607877896,0.2008226970704,0.545638518120367
3530,0.0274875519762234,0.0758086603307586,0.202579988613332,0.552109245182013
3531,0.0274835282236305,0.0756460612466967,0.2007137065259,0.553155637700294
3532,0.0274718437053571,0.0757367923828506,0.200839170748697,0.547633105673487
3533,0.0274730123170305,0.0757053060812971,0.200865376306131,0.546762752102606
3534,0.0274864577047841,0.0757362675060686,0.201347540680993,0.5500218891993
3535,0.0274796857804743,0.0757489460446634,0.201652361104758,0.55130469058897
3536,0.0274878092367305,0.075774454314599,0.201632807992055,0.548267090601927
3537,0.0274758015165301,0.075638286921333,0.201101174728478,0.549782768977363
3538,0.0274630807557867,0.0756377603988375,0.201596707036492,0.548095070556338
3539,0.027482896913701,0.0757015887145507,0.201445110531053,0.550116857192063
3540,0.027485755664396,0.0757121643741979,0.201425888491377,0.549804383694687
3541,0.02748627428764,0.0758470371174653,0.201486632836882,0.552121946249196
3542,0.0274751716422041,0.0755813332831336,0.201040682823477,0.551015115404121
3543,0.0274811978745215,0.0758025858280621,0.200943769733079,0.551696513694207
3544,0.0274862259522674,0.0757552766600804,0.201048153166297,0.545212393468795
3545,0.027474230095593,0.0756720144001771,0.201155813140541,0.548069875952653
3546,0.0274755406794814,0.0758368856859712,0.201012409254182,0.553065550037207
3547,0.0274827348591563,0.0757910571562717,0.201839172706566,0.550571888459737
3548,0.0274667360458044,0.0757824963334289,0.20193132987616,0.55214365833043
3549,0.0274727413966934,0.0757581663404754,0.201871043115572,0.549942308708666
3550,0.0274603865503053,0.0756930095003602,0.201529338844737,0.548687985032108
3551,0.0274729499704493,0.0757559448027358,0.202109586370254,0.545956493387291
3552,0.0274728389177738,0.0758027375332932,0.201923539629945,0.557608625804433
3553,0.0274836541827388,0.0756175146801663,0.201155911839398,0.55838372553046
3554,0.0274932449714209,0.0758576012940681,0.200928554257405,0.544055580249768
3555,0.0274759634268824,0.075806399883313,0.201122354423451,0.548628176493202
3556,0.0274822296190968,0.0758267512291478,0.202063018416736,0.55579763130839
3557,0.0274874337332912,0.0757537358562737,0.200868792237476,0.550344389110721
3558,0.0274603478476902,0.0756876125140581,0.201300059683618,0.546880974373267
3559,0.027490222890345,0.0756974595215611,0.201375039343533,0.548405154358088
3560,0.0274694849082088,0.0757159487446981,0.200816291280631,0.5511736863525
3561,0.0274695789755539,0.075802440857642,0.201892201520401,0.544553760539048
3562,0.0274786078425267,0.0757153607640588,0.201057191135823,0.548339504028274
3563,0.0274708185826745,0.0757721966572221,0.201407690910079,0.544142142249075
3564,0.0274675531859524,0.0757120105966104,0.201944387514899,0.551100545049409
3565,0.0274665870501435,0.0756720274588992,0.200533791928352,0.552171674482083
3566,0.0274906404875299,0.0757646150254732,0.201121694488763,0.547254922727516
3567,0.0274692216891916,0.0757494468010071,0.201702193446815,0.545541011119651
3568,0.0274648953520145,0.0756760371549247,0.200872777138165,0.548522525069524
3569,0.0274697909674378,0.0757299484898398,0.201545094112083,0.545924572875887
3570,0.0274851240687189,0.0757317540582027,0.201842512114042,0.551686606477638
3571,0.0274715637391491,0.0758896785274703,0.201165267745448,0.550772770421927
3572,0.0274721137067966,0.075593516216653,0.201219530393956,0.547939749577241
3573,0.0274810327894791,0.075756442174598,0.201284496212518,0.548232150385979
3574,0.0274884684252109,0.0758105752089687,0.201665798848326,0.54546938052614
3575,0.0274737787184575,0.0757157243583265,0.200891289146398,0.547782476875269
3576,0.0274755605402209,0.0758125206528522,0.200776591463561,0.547912869435502
3577,0.0274861391139129,0.075688459403228,0.200372124007641,0.548601218646695
3578,0.0274840297894822,0.075722833555795,0.202181511791188,0.550621468583011
3579,0.0274928466266715,0.0757238943666699,0.201881504750769,0.549322241412443
3580,0.0274707691680653,0.0758305726562652,0.201312373222001,0.548634764848706
3581,0.0274732779081471,0.0755964364650568,0.201568621239882,0.549561484165592
3582,0.0274795404149763,0.0757526167062082,0.200981457352425,0.547183407300022
3583,0.0274945216644519,0.0757497565140438,0.20137406385858,0.549056544665969
3584,0.027483145229282,0.0757827188597518,0.200882992706952,0.542282616171757
3585,0.0274746848078808,0.0757594992345894,0.201730840684294,0.543513811487496
3586,0.0274845407197416,0.0757055649010621,0.201482901767049,0.551369246780247
3587,0.0274873882694116,0.0757395411668006,0.201559415831317,0.54545940599605
3588,0.0274690436165889,0.0758264125831372,0.201237758264983,0.549491832885596
3589,0.0274770911054912,0.0755628530538981,0.201727022509316,0.546620432255289
3590,0.0274686271436873,0.075800553720136,0.201448569608554,0.546495623179789
3591,0.0274843407329857,0.0757900093991513,0.200994948353156,0.547027261794612
3592,0.02747694460035,0.0757295671316834,0.201080552024809,0.545439055706948
3593,0.0274829754513127,0.0756660506113233,0.200600715875882,0.54929866510852
3594,0.0274734885968457,0.0756994831915664,0.201741064883086,0.548543301732453
3595,0.0274675855500862,0.0758055368538477,0.202158792098046,0.546971476514897
3596,0.0274850863750378,0.0757115665541939,0.20131548875107,0.544863220853992
3597,0.0274759220610853,0.0756787435419616,0.20077063294555,0.54890256071013
3598,0.0274795452693479,0.0758233447454328,0.200966398325567,0.544294996529216
3599,0.0274728157841307,0.0756288440707325,0.201190179281042,0.543794683702219
3600,0.0274712413218465,0.0757165714078775,0.201804448004258,0.543226622038421
3601,0.0274844915829408,0.0757892277069027,0.201998396939657,0.552141787294855
3602,0.027495688701618,0.0758038185642569,0.200877009495146,0.545174663796398
3603,0.027484659744818,0.075779331446077,0.201579829992295,0.547165592743351
3604,0.0274701346010678,0.0757232613985574,0.202180866616831,0.552454449319517
3605,0.0274824720228049,0.0757246238538933,0.201617979454653,0.549336341185141
3606,0.0274814378422134,0.0757640128486551,0.20187306541131,0.554479621293881
3607,0.0274816384179906,0.0756645347359225,0.200974399076244,0.542878393543728
3608,0.0274769898406836,0.0757230706064789,0.202048800821354,0.546131675383833
3609,0.0274606815078796,0.0756316726100236,0.201397237894356,0.543172656570233
3610,0.0274652500107722,0.0756547438704581,0.201058927751372,0.550520264314403
3611,0.0274512561846363,0.0757034735219515,0.201319440640306,0.550466938280621
3612,0.027487234012457,0.075699307667981,0.201259032778684,0.547605699394483
3613,0.0274733013423351,0.0756452399697132,0.201002326466554,0.547847795863777
3614,0.0274786652238733,0.075712300891924,0.202649253733383,0.558368751223147
3615,0.0274717375311574,0.07566084208176,0.20078751047621,0.552514338869057
3616,0.0274785197139348,0.0756311008453458,0.200958099471916,0.544634069434712
3617,0.0274734728471667,0.0757484237803999,0.20180489472609,0.550098595004177
3618,0.0274726058695166,0.0757615730098102,0.201832426224414,0.550742608998432
3619,0.0274794898445574,0.0757566170328074,0.201752377841002,0.553226699211251
3620,0.0274894154471903,0.0757906887925356,0.201899849204413,0.549341431437216
3621,0.0274802675003523,0.0756719609486631,0.202768409210414,0.55072228805112
3622,0.0274728991366787,0.0757221928221653,0.20200807234485,0.550180590008264
3623,0.0274759353573529,0.0758482116286101,0.201514202734966,0.549715290453848
3624,0.0274751262658824,0.0757064605691951,0.200838061712581,0.547866424779796
3625,0.0274758451694576,0.075685137031334,0.201048190356768,0.544724895017919
3626,0.027468871807609,0.0756831884692144,0.20144426683374,0.541571742080874
3627,0.0274851389049999,0.0758287109298507,0.201113026418158,0.54255184868213
3628,0.0274850752874154,0.0757227472702758,0.200866384036094,0.548886519485452
3629,0.0274853777064382,0.0757571543197366,0.201497038373664,0.543805929592812
3630,0.0274791993229934,0.0758251852234671,0.201542466027604,0.546741798108551
3631,0.027455951824643,0.0756611237927098,0.2013753606557,0.550827791320569
3632,0.0274920488280465,0.0756657073036885,0.200873350107666,0.545329162462549
3633,0.0274850188319395,0.0756790861379918,0.200764710814612,0.546854719145666
3634,0.0274788492542523,0.0757344318439298,0.201683995091094,0.556307986452458
3635,0.027477588015478,0.0756795785445695,0.200704548992335,0.545095705318667
3636,0.0274855953456784,0.075806809255496,0.201355348099937,0.546365721403395
3637,0.0274895759222207,0.0757006289020583,0.201278977380127,0.547843194530778
3638,0.0274864107460947,0.0758613356844794,0.201180120453809,0.545602584559675
3639,0.0274936134170447,0.0759316568358431,0.201432312058672,0.550702763948039
3640,0.0274616711131082,0.0757954222913078,0.201011544472644,0.54950383002505
3641,0.0274663321560339,0.0757651765517043,0.200574428297478,0.54610307486298
3642,0.02747825443937,0.0757701852151248,0.201747618346957,0.552873947022112
3643,0.0274831857691015,0.0757415912272351,0.20041057588171,0.54844046232887
3644,0.0274775039196594,0.0757199249214868,0.201113189730312,0.544464992682985
3645,0.0274762741890362,0.0758664811412665,0.201839975104528,0.547722652487131
3646,0.0274751293608259,0.0758250412726125,0.20148057605442,0.547505009665914
3647,0.0274663177404408,0.0756119072969522,0.201604832848841,0.548103855009453
3648,0.0274740431483742,0.0757599825961399,0.201034611096068,0.548174239760434
3649,0.0274814758771564,0.0757878118296888,0.201015984334945,0.54437826211768
3650,0.0274758169441198,0.075733507055747,0.201728150853153,0.551419560781081
3651,0.0274737969175078,0.0757537632449056,0.200646110595643,0.550938330873974
3652,0.0274847752546405,0.0757632524629352,0.2011448909078,0.545192578507487
3653,0.0274766049032646,0.0756985031967807,0.201222399015414,0.548537903588127
3654,0.027495966816225,0.0759239009746907,0.201674050351357,0.545393779383665
3655,0.0274979182359806,0.0757676750227639,0.200712451656181,0.539467438205617
3656,0.0274888756665381,0.075704688622934,0.20188492593896,0.548715984935662
3657,0.0274840139327784,0.0757626120710198,0.200875526246145,0.551905441410932
3658,0.0274854155504587,0.0756829402224069,0.200844235159799,0.54628627103866
3659,0.0274675298896715,0.0757207167186148,0.201831749975965,0.5469139590334
3660,0.027477316058298,0.0756226880830175,0.20070045880955,0.549274473671776
3661,0.0274731432068939,0.075574638494573,0.200865282989757,0.550474748433768
3662,0.0274799300652552,0.075736737004686,0.200783255307937,0.548087700427379
3663,0.0274836751375015,0.0757133263587981,0.201040615811013,0.548746806500818
3664,0.0274849735775521,0.0757506949969665,0.201198263483213,0.558761387440495
3665,0.0274653448980407,0.0756871439597046,0.200740685403279,0.541029002001836
3666,0.0274662572746628,0.0757440754360541,0.201085651736573,0.547781822081718
3667,0.0274676893236286,0.0756882449776275,0.201018628934446,0.545274568526073
3668,0.0274854838819042,0.075797677384537,0.201786511012914,0.545370247901084
3669,0.0274690222413772,0.075591004473289,0.200761655381591,0.544450188768266
3670,0.0274913091621544,0.075692827193418,0.200937811927873,0.552169486841915
3671,0.0274794825400126,0.0757231558422506,0.201070221619213,0.545548309765306
3672,0.0274862637926162,0.075684260554415,0.200747753650702,0.545188097136475
3673,0.0274764221942601,0.0757076896627304,0.201297324325556,0.550467468315678
3674,0.0274760095241652,0.0757234136303671,0.201841037157141,0.548419913442258
3675,0.0274852853723675,0.0759029229741011,0.202284292000699,0.549950702718602
3676,0.0274703862605486,0.0757915665294138,0.20154021639459,0.541805545828286
3677,0.0274963589958165,0.0756727202812122,0.201427679511669,0.553213783129882
3678,0.0274884918685567,0.0757779877505964,0.200731218789811,0.547860976108365
3679,0.0274836248797966,0.0757641816082182,0.201806272553308,0.552510501398847
3680,0.027467573871526,0.0758646407968397,0.202823431896125,0.550708247840385
3681,0.027479786594818,0.0757754891421715,0.200442149614756,0.547279133073239
3682,0.0274851067758411,0.0757328105208523,0.201889638916713,0.554409291942704
3683,0.0274747926922002,0.0756327099948616,0.201565967083289,0.548452336915014
3684,0.0274712231799258,0.0757280848454002,0.201876715897911,0.548329192894028
3685,0.0274700724583127,0.0757649897004878,0.201564054432694,0.549105054028437
3686,0.0274781897909891,0.0757568584864731,0.201809409608541,0.548748292042983
3687,0.027479156876524,0.0757596519228545,0.201445420115036,0.548802491041706
3688,0.0274919128438716,0.0757308261175915,0.201732753774406,0.547823012791075
3689,0.0274828061430057,0.0757965059233055,0.20098892330459,0.546494420514531
3690,0.0274699931554805,0.0756693005967998,0.202016746667558,0.548102477701821
3691,0.0274772850428267,0.0756132570809734,0.200761029152504,0.54945306103916
3692,0.0274874820931673,0.0757391463558966,0.201596592858162,0.550731198773487
3693,0.0274819215183921,0.0756618246539912,0.201637579035363,0.545492201010964
3694,0.027484541528731,0.0758182519159636,0.201461357873122,0.546643669628753
3695,0.02746866152955,0.0758084593495643,0.201582105329044,0.550565398362959
3696,0.0274601016243788,0.0756033447427242,0.201856892476117,0.548997973916095
3697,0.0274861364927694,0.0757939837829243,0.201103652577461,0.547572579440714
3698,0.0274700443252472,0.075770551104343,0.20178407378965,0.548733944973449
3699,0.0275073253219959,0.0758506724967629,0.201613399932981,0.547314222024016
3700,0.0274640212120189,0.0756502057073697,0.200906609626119,0.548216977435005
3701,0.0274753635244894,0.0757531493046881,0.201322650119575,0.55128840950127
3702,0.027470564485394,0.0758192215255474,0.201732910751269,0.550788154265001
3703,0.0274713237281026,0.0757466058344109,0.202313071075421,0.559734421487548
3704,0.0274851870501408,0.0758498109763366,0.201211395059337,0.545942857479208
3705,0.0274748890242549,0.075758264544883,0.20061910929185,0.548096576707169
3706,0.0274882923147669,0.0756643152443668,0.201652795933186,0.547255540888554
3707,0.0274803042607793,0.0757839112249056,0.201645191467196,0.553974519624687
3708,0.0274832378666539,0.0757576364354327,0.201243139092673,0.552440979253331
3709,0.0274717710445196,0.0757504975540242,0.201393903937861,0.549413360924361
3710,0.0274675370323225,0.0757283322786718,0.201743921869839,0.544801401881391
3711,0.0274784713413197,0.075804038352412,0.201783095785674,0.549789148336427
3712,0.0274771348419818,0.0756495396903038,0.201428428968061,0.545454145005862
3713,0.0274899682794279,0.0757447360342024,0.200831288566578,0.545090452492553
3714,0.0274778078853868,0.0756777799218637,0.200811645956845,0.551319324013819
3715,0.0274798391105197,0.0756283639905556,0.201024917122199,0.542585655720731
3716,0.027481522615168,0.0756950379193582,0.201888310556454,0.543420659966826
3717,0.0274803643770468,0.0757053901258878,0.201039529212813,0.547812296857027
3718,0.0274792516985653,0.0758613912949926,0.202332353153158,0.555126522370373
3719,0.0274862542357274,0.075782795134544,0.201143241613716,0.546095380516142
3720,0.0274905920230308,0.0756459648122156,0.201690865804167,0.553060204616848
3721,0.0274739274697384,0.0757167775308498,0.20173519063837,0.544960598268773
3722,0.0274827901745164,0.0757813965561221,0.20092251199534,0.551106126154766
3723,0.0274778586422828,0.075725179000526,0.20068296538677,0.549500310151786
3724,0.0274741166724376,0.0756942329080251,0.201496627051574,0.545896389924411
3725,0.0274732192342356,0.075690547268742,0.201380319777368,0.549667340240068
3726,0.0274519262015408,0.0757333515987208,0.201026009395999,0.547565778034438
3727,0.0274623530684886,0.0756447163904356,0.201162808942307,0.544348742343016
3728,0.0274820893327883,0.0757662302245918,0.201215697653022,0.547288171441813
3729,0.0274736212048154,0.0757025319487856,0.201636341754555,0.545043256649782
3730,0.0274792313081093,0.0758166915439696,0.202261786481614,0.548900675299579
3731,0.0274728066687152,0.075714642523496,0.201109297840454,0.548234016411999
3732,0.0274741389784482,0.0756874339908808,0.201674421525625,0.55237768592273
3733,0.027480621511551,0.0757660468714009,0.201300355329109,0.549035164604114
3734,0.0274810760926939,0.0758195180380391,0.202024657176565,0.550478779753003
3735,0.0274977814068735,0.0758128650826048,0.201126691557436,0.547864959702415
3736,0.0274836973939826,0.0756118818165915,0.201472737637851,0.54667690293813
3737,0.0274803664441252,0.0757263162526773,0.200694541888871,0.551078522508338
3738,0.0274629804141978,0.0754831084153929,0.201324735505885,0.553270449114712
3739,0.0274640561192016,0.0756815775481072,0.200875994518002,0.551597721132214
3740,0.0274701483601348,0.0756856409745919,0.202098643137938,0.551463392747312
3741,0.0274821137281648,0.0757736251745127,0.202342005295043,0.55283760745271
3742,0.0274831502272908,0.0758035297868313,0.202836609720883,0.548463911332581
3743,0.0274533432298554,0.0756200131124539,0.201007891500878,0.545769152073189
3744,0.0274717233279228,0.0756965924353786,0.201018074224053,0.54474934589261
3745,0.0274704290923937,0.0755929777473593,0.200490385029985,0.549637298674145
3746,0.0274844952217098,0.0757186164969173,0.202024432907525,0.543305616916292
3747,0.0274808788206692,0.075665995602012,0.201512262834127,0.548035986082875
3748,0.027460277703336,0.0756790398726794,0.202296031663186,0.546720334023166
3749,0.0274802891177402,0.075866159400621,0.20159362136968,0.553092584220637
3750,0.0274659313752372,0.075657965586482,0.201485999413692,0.557338337489697
3751,0.0274681978446748,0.0757102230322445,0.200648662514277,0.543497872245648
3752,0.0274976352654324,0.0757370758059668,0.201668260544088,0.552995833605801
3753,0.0274728882549558,0.0757440646314498,0.20174087751846,0.55210246423266
3754,0.0274907820118391,0.0757847698177164,0.20130502468365,0.550123055097364
3755,0.0274711221630236,0.0757739606426313,0.201481081371052,0.548129628653578
3756,0.0274603613748786,0.0756390646992607,0.201918760697911,0.546939293316945
3757,0.0274746484399378,0.0756644251516257,0.201584361951579,0.553836505358405
3758,0.0274806757719131,0.0756737427481387,0.201655364032633,0.543643307268227
3759,0.0274773527588447,0.0756432412162637,0.200780248986915,0.544770625759924
3760,0.0274907454692236,0.0757117813711684,0.201210534203114,0.551160347000681
3761,0.0274823516915741,0.0757237328090537,0.201516729867576,0.545125089560134
3762,0.0274760611441093,0.0756641140374237,0.201148066452278,0.549532986446868
3763,0.027474030189793,0.0756342598981279,0.200662163262998,0.539359538301799
3764,0.0274813449415154,0.075799980665157,0.201352247157388,0.55079779274469
3765,0.0274742091679211,0.0756989391867994,0.201555134246397,0.54791029514977
3766,0.0274910042575782,0.07591765074067,0.201870202111413,0.554005795098476
3767,0.027460728727447,0.0757445683653446,0.201206599534263,0.552245580288357
3768,0.0274725556200322,0.075678379623512,0.200598979991174,0.54299087739833
3769,0.0274662492012321,0.0757578567943052,0.201922294590588,0.552511696762406
3770,0.0274717708513463,0.0757006368266416,0.201019607237731,0.555049365429158
3771,0.0274776547153386,0.0757160343889749,0.201431497876503,0.547655025186882
3772,0.0274832697857958,0.075718722401749,0.200728463076839,0.543373247984426
3773,0.027492873047069,0.0758533918722517,0.201291184883157,0.560923177044294
3774,0.0274833188348873,0.075728974827807,0.201145211081456,0.547076321874014
3775,0.0274638254514108,0.0756309261098758,0.201704685690019,0.547522041878841
3776,0.0274792365442115,0.0757516976725475,0.200793683291114,0.547244040420709
3777,0.0274749481735564,0.0756768005241187,0.200205766208987,0.548228394442525
3778,0.0274891919854906,0.0756634879761602,0.200974482632781,0.544489200358593
3779,0.0274826258351937,0.0756985900369984,0.200909355503989,0.543492797574668
3780,0.027478224216436,0.0756973478015123,0.201176154755716,0.547151289695882
3781,0.0274776695416853,0.0756868939991039,0.202009505967269,0.55300371799694
3782,0.0274863836315166,0.0756827955549477,0.201131196927555,0.547683778141887
3783,0.0274853961448161,0.075761122892473,0.201097908840502,0.550886701451283
3784,0.0274800536871886,0.0756926753424698,0.200755126594341,0.5440492058385
3785,0.0274849691916105,0.0756637833321363,0.200305426434885,0.54639925358476
3786,0.0274713558944058,0.0756845457803235,0.201369346117561,0.555024899377778
3787,0.0274863370288575,0.07573327584362,0.200844000586117,0.544123815390775
3788,0.0274767738369772,0.0757686133172524,0.201540247009147,0.545391233982592
3789,0.027481828860583,0.0755777823710135,0.200954572829701,0.548821530907807
3790,0.0274801342733707,0.0758002995489475,0.201926922500036,0.549491747944248
3791,0.0274744283048398,0.075644156500269,0.200709658199521,0.548636468480105
3792,0.0274666396012393,0.0756844053660795,0.201176668067652,0.548776395120649
3793,0.0274696498046945,0.0756998382672495,0.201531013832183,0.549326776562075
3794,0.0274697823446309,0.0756639626578277,0.20044957230157,0.548569727215904
3795,0.0274855981674829,0.0757805094526133,0.201047345784383,0.551760024822193
3796,0.0274877166050266,0.0757501347636926,0.201556523638523,0.551054919994056
3797,0.0274799084740148,0.0757827734235057,0.20156907122799,0.54640667813087
3798,0.0274836010355546,0.0757869678027559,0.200632976601914,0.549426773325097
3799,0.0274720352983945,0.0758252950799289,0.20175161018371,0.547195542020568
3800,0.0274750871881584,0.0757512248686585,0.2008129146499,0.548384014251253
3801,0.0274728302463404,0.0757717098203289,0.202541929097196,0.550181116800977
3802,0.0274839642873494,0.0757886021660824,0.200661357226259,0.547950275518499
3803,0.02748786136909,0.0757856394414809,0.202163101860354,0.549642411278106
3804,0.027476186166997,0.0757175602218406,0.200798699008616,0.547648263941406
3805,0.0274767521902124,0.0756298769967865,0.201043247722481,0.548482532559743
3806,0.0274855755276727,0.0758070783218972,0.20184357797207,0.550559263704788
3807,0.0274716576030066,0.0757458125975679,0.201532481549915,0.554838315294641
3808,0.0274791588159062,0.0756704631220273,0.202261839806036,0.551784138920194
3809,0.0274688330386559,0.0758080141382465,0.200992716490232,0.551993924042103
3810,0.0274812408450667,0.0758520747900614,0.201761029130816,0.549474513168708
3811,0.027471827523042,0.0757737127969824,0.201658305277076,0.549563251084031
3812,0.0274505747605527,0.0756048410403783,0.201217015595209,0.545180741632392
3813,0.0274721475009311,0.0756093136271987,0.200541851944374,0.55170152336732
3814,0.0274963339346815,0.0757596509959875,0.201980324852238,0.554691043202174
3815,0.0274825887633552,0.075780557063012,0.201761911459771,0.547986276080153
3816,0.0274576069181044,0.0757065907140708,0.201133092685301,0.544437699934418
3817,0.0274695644670435,0.075698725424507,0.202255726442798,0.551353389672796
3818,0.027481916554758,0.0757322029614415,0.201318981959661,0.542181815659755
3819,0.0274762667949138,0.0757183776403787,0.201711728376261,0.549448499768159
3820,0.027478124974183,0.0757951882145854,0.201920745009252,0.555585573941317
3821,0.0274958507306894,0.0757544478977815,0.201499822456156,0.544128978831278
3822,0.0274779234239403,0.0757866332030935,0.201418982925347,0.550681403987172
3823,0.0274786582949728,0.0756715343809905,0.200989007787845,0.539657440541027
3824,0.0274625024741523,0.0755852947324169,0.20156244518742,0.550814321795871
3825,0.0274617465975048,0.0757202309787528,0.201198793890025,0.541981969290619
3826,0.0274835218291377,0.075739051370123,0.201333063324396,0.551044276492837
3827,0.0274787219020288,0.0757934951561112,0.202138784913236,0.548068050195572
3828,0.0274671336742605,0.075668181465849,0.200966874946668,0.54408548901684
3829,0.0274772159360687,0.0756359255793083,0.201054632773028,0.551611226699729
3830,0.0274846551733818,0.0757537090292415,0.201634755900175,0.545018551582938
3831,0.0274713604386739,0.075797100898109,0.200995667214513,0.548733853362206
3832,0.0274802045241844,0.0757306665097059,0.202194618431289,0.549279732258426
3833,0.0274724480042406,0.0756657551224746,0.20163215318029,0.550446988948945
3834,0.027457440132168,0.0756279816777774,0.201882222932002,0.555644462922514
3835,0.0274760666601519,0.0756601143407145,0.200847530320999,0.543045358424746
3836,0.0274837478330603,0.075653804278063,0.20170735745799,0.548849044636555
3837,0.0274820901532754,0.075816337218755,0.200928121609301,0.542458779775509
3838,0.0274662066047459,0.0756880647203401,0.200769631376567,0.548648530212398
3839,0.0274635187126675,0.0756844455476741,0.201448416861508,0.542126827456457
3840,0.0274826439503409,0.075791356240531,0.201572881827267,0.550965234904196
3841,0.0274716073396998,0.0757145709357384,0.202436260608886,0.554147603585696
3842,0.0274871135465918,0.0758027936482327,0.201116443018121,0.55523471021392
3843,0.0274691748068412,0.0756731378957693,0.201969759501538,0.552725272868529
3844,0.0274718419256366,0.0757286783377209,0.20125728463572,0.550686545149994
3845,0.0274809171347137,0.0756528123978597,0.201426329301519,0.552682244946739
3846,0.0274764469877095,0.0756987377377255,0.200941653646102,0.547566824906991
3847,0.0274677216446735,0.0757079668220019,0.201463871366083,0.55091580001275
3848,0.0274727190639819,0.0757277027876618,0.201768212501279,0.548740650531369
3849,0.0274766769205452,0.0756545022869813,0.201447053470259,0.548771165691213
3850,0.0274851948693633,0.0757107039259154,0.201005708296219,0.549645092293633
3851,0.0274694870162881,0.0757056665791858,0.201579116322213,0.549566205246201
3852,0.0274707844192379,0.0757862643310514,0.202608026895196,0.551239408277056
3853,0.0274764180161772,0.0756963088112071,0.200439725969952,0.544185434460713
3854,0.0274771429994918,0.0757274274217238,0.201450387614791,0.544794437745629
3855,0.0274783800971911,0.0755363766685136,0.200960051785576,0.54813245049634
3856,0.0274826633818748,0.0757988792104819,0.201835317224392,0.550429868365231
3857,0.0274788482369363,0.0756956495710536,0.201755065368987,0.548841017692067
3858,0.0274709829956738,0.0756616572258063,0.201135016635043,0.540617693331339
3859,0.0274808716407842,0.075899214223623,0.200945412451165,0.542219312109211
3860,0.0274765487357216,0.0757550776939797,0.201572297431867,0.553386883768881
3861,0.0274781854193268,0.0758025669315401,0.202244850105786,0.551570772788409
3862,0.0274581326042878,0.0756778948913783,0.201218671346274,0.55113670227951
3863,0.0274837054409154,0.0757288193749088,0.201503000880013,0.545143995991777
3864,0.0274705968235623,0.0756021628583288,0.201636840573825,0.553219227290245
3865,0.0274872733301563,0.075736245217041,0.201245987268031,0.552237252669315
3866,0.0274783787700484,0.0757306942184305,0.201482439868182,0.554328264514689
3867,0.0274755146083755,0.0757689272836147,0.201163983848966,0.548559956697952
3868,0.0274711646326651,0.0755332521584986,0.200926770261205,0.548945096650576
3869,0.027484188634838,0.0757216001114202,0.201337835595911,0.545289046737079
3870,0.0274898549823106,0.075748547976373,0.20145811961185,0.555162067360063
3871,0.0274935538947309,0.0758194781848524,0.201918890018013,0.551293133779274
3872,0.0274992019847063,0.075797504795085,0.201570238677729,0.552304256465543
3873,0.0274699802013858,0.075595978670347,0.200423313649337,0.546834278065833
3874,0.0274735961082613,0.0756882423095833,0.201032910201594,0.545849626600706
3875,0.0274747103749639,0.0757225165384434,0.201178273132158,0.548017061567959
3876,0.027478771835652,0.0758020378938462,0.201673746216861,0.545634713594956
3877,0.0274794957084487,0.0757988794613048,0.20086403583714,0.546010958197324
3878,0.0274935820709057,0.0758342831687242,0.200510219936757,0.546026074505234
3879,0.027479868010805,0.0758683616108003,0.201553135513303,0.54803180606055
3880,0.0274777103335797,0.0756936441063219,0.201362551169653,0.549379530987573
3881,0.0274752008310425,0.0758321546945182,0.202140693534675,0.552378301358867
3882,0.0274601603481283,0.0755972951082525,0.200633137095696,0.55209593763593
3883,0.0274882566789312,0.0757692994627857,0.201304848143777,0.554453067255141
3884,0.0274910735407823,0.0756888979936823,0.200345008993948,0.543228084387881
3885,0.0274928464172399,0.0757709839921195,0.201197486885596,0.550521586805174
3886,0.0274937936619595,0.0758091668133905,0.201174553382632,0.545235868734633
3887,0.0274738503767307,0.0757524833642287,0.202079695477222,0.54933774014764
3888,0.0274781904427138,0.075740201960499,0.201299054733156,0.550229889784086
3889,0.0274823449308212,0.075697759951742,0.20063955744477,0.552514821945152
3890,0.0274766451665413,0.0756873608229191,0.201690416084369,0.553280168773518
3891,0.0274767727435314,0.0756957247263479,0.201469748444317,0.549750968000841
3892,0.0275024643820895,0.0758045141077413,0.200710367999506,0.545409111414101
3893,0.0274851860375251,0.0757910328583392,0.201727147346084,0.549249505027137
3894,0.0274758807175619,0.0758211652836608,0.201565040866967,0.554920824602316
3895,0.0274830255860725,0.0757264101472867,0.200456603103303,0.549767473939001
3896,0.0274885151482944,0.0757444371437532,0.201743283889066,0.548308921217555
3897,0.0274911862050414,0.0757995375095595,0.202896395146601,0.54583253416115
3898,0.027483333462694,0.0757900384355171,0.2018717256992,0.554464916974612
3899,0.0274809930973228,0.0756434280876416,0.200990680877626,0.543993338539573
3900,0.0274684102000674,0.0755393414520977,0.201508417991542,0.552362844574794
3901,0.027471284123395,0.0757052051826201,0.201056392450514,0.551280791151529
3902,0.0274943809555351,0.0757020039092699,0.201185907264508,0.547916385376957
3903,0.0274788074873008,0.0756431406275815,0.200905241837348,0.545617921662117
3904,0.0274861350522416,0.0757936855320589,0.201283078132119,0.545430908838164
3905,0.0274743652840793,0.0757140063565391,0.20109677803252,0.54653351965207
3906,0.0274750370808313,0.0757352615519648,0.20089972748319,0.543401051471942
3907,0.0274819218927259,0.0756655103623787,0.201461275537044,0.550196684922011
3908,0.0274691525436645,0.0757037891207324,0.201104329980578,0.545630190276216
3909,0.0274749415810888,0.0757042726652373,0.200735021745354,0.549185026895853
3910,0.0274677234763913,0.0757009343475404,0.20105651486695,0.545057347565549
3911,0.0274825432690296,0.0756902161759556,0.200913320176044,0.54192482589107
3912,0.0274699976287442,0.0757302986481306,0.201045312088806,0.548402075925673
3913,0.02747604383761,0.0757396414826425,0.200774847228572,0.548615567224044
3914,0.0274768792862117,0.0757451857746768,0.202153546454949,0.545605159310857
3915,0.0274767012457302,0.0757446455536159,0.200915825255923,0.547127674261936
3916,0.027475522841817,0.0758417699458996,0.201384275707076,0.554391006202044
3917,0.0274820596199559,0.0757612724396118,0.201406000479991,0.54840994387685
3918,0.0274777966879837,0.075769370539098,0.201503883620524,0.548168110114159
3919,0.0274719152939088,0.0756469385749294,0.200435313904441,0.545804148885136
3920,0.0274865289247097,0.0758725064627855,0.201188729957422,0.546345618418095
3921,0.0274727790288788,0.0757757005260194,0.201097425035749,0.548447355534499
3922,0.0274777838371788,0.0756870183822136,0.200922984360559,0.551218083942206
3923,0.0274715654552355,0.0756666131357116,0.200793415771808,0.54243267087351
3924,0.0274857527187227,0.0757478697676476,0.201022212662959,0.544095829281415
3925,0.027464715962958,0.0756201540312723,0.200811381021284,0.550270954640736
3926,0.0274773003917817,0.0757436943653566,0.20155013351048,0.547754401345155
3927,0.0274736831157182,0.0757202603188913,0.201576896731763,0.548548889443915
3928,0.0274692366660389,0.0756440831292592,0.201089134681596,0.55138830103558
3929,0.0274749199580825,0.0758075231035292,0.202686183497811,0.552343614204597
3930,0.0274759292781024,0.0757626371135826,0.201159535701445,0.551005334362596
3931,0.0274803521886167,0.0757102124158987,0.200825015042692,0.546932883943688
3932,0.0274798092648595,0.075547791586501,0.201605341070707,0.552747173945681
3933,0.027477332540591,0.0757139869322257,0.202132145693875,0.550086342714995
3934,0.0274711307678932,0.0757022513527318,0.200858504575693,0.548371727643902
3935,0.0274802818088854,0.0758272184911488,0.202358564867765,0.551928287908609
3936,0.0274703746539963,0.075669626489835,0.201459020327074,0.550957020097687
3937,0.0274792542589671,0.0757833623890433,0.201148871153422,0.552647840074916
3938,0.0274597458841335,0.0757130562412039,0.200810669586164,0.545412873559695
3939,0.027480018419148,0.0757192455148407,0.201184762563591,0.551708597408616
3940,0.027485573018151,0.0756314771752465,0.201098197136768,0.54846557454767
3941,0.0274723507460879,0.0757699108558739,0.201507230314287,0.552889000229109
3942,0.0274839540365205,0.0757269898754369,0.200684855047411,0.551977003144105
3943,0.0274735896252224,0.0756499138925844,0.201417110151503,0.5512093787973
3944,0.0274731192154118,0.0757148182570797,0.201605226393094,0.552753516198288
3945,0.0274634789993123,0.0756605292693734,0.201496003375294,0.54733827127524
3946,0.027469630944624,0.0757336259561302,0.202437472790471,0.549041785321117
3947,0.0274930990928822,0.0756836487819771,0.20047966040462,0.544285813325954
3948,0.0274805155431225,0.0757323926441708,0.20156678251545,0.546617097778194
3949,0.0274997575486382,0.0758707056912468,0.201809008200408,0.549505593349227
3950,0.027488126824131,0.0757945637326015,0.20114157456185,0.53991630307334
3951,0.0274908787335148,0.0757241466767769,0.201582287428445,0.548946116411544
3952,0.0274841697195822,0.0758185942556125,0.201738742420499,0.549140114748008
3953,0.0274730807336096,0.0756537939866772,0.201971567183135,0.551950693479368
3954,0.0274858579074881,0.0757059918933347,0.201288073252832,0.546792304774773
3955,0.0274839590163651,0.0756875140041549,0.201421207842864,0.547435971159811
3956,0.0274683084090853,0.0757511804265412,0.201055983311695,0.541227715330163
3957,0.0274688640770857,0.0756218919977746,0.200731626884304,0.552154162892936
3958,0.0274792427612925,0.0757446812491348,0.201881033735443,0.552125928005654
3959,0.0274812424091447,0.075756079800902,0.202174578429502,0.548132862560537
3960,0.0274796228114327,0.0757714602278793,0.202128950709993,0.548589181128115
3961,0.0274741710445219,0.0757002999830207,0.200645018903735,0.546636453470901
3962,0.0274790725014439,0.0757647631064003,0.201681383845962,0.544507226082329
3963,0.0274822078504795,0.0757199080898687,0.200883548940389,0.547545320037499
3964,0.0274878393406123,0.0757776465719158,0.200785450204882,0.548317730133549
3965,0.0274639730559219,0.0756199905035313,0.20045086284799,0.551696022586451
3966,0.027495807221821,0.07582363134412,0.20090784276621,0.547295526724075
3967,0.027476534565454,0.075643868865294,0.200603400005303,0.545072716582419
3968,0.027485465944954,0.0757595913244444,0.202010104105748,0.544869982952179
3969,0.0274775899584272,0.0756505848232651,0.200615420731868,0.549725466615712
3970,0.0274740739358269,0.0757145307745753,0.201235650659496,0.547876432735173
3971,0.0274957304854756,0.0757535467734907,0.200931536323394,0.544002661745006
3972,0.0274913490764274,0.0756934126294968,0.201721519047422,0.552832265749783
3973,0.02747936965634,0.075723421331511,0.201330774691115,0.545343290008286
3974,0.0274984262508093,0.0757771673315475,0.202610095090714,0.550327860795515
3975,0.0274770209245991,0.0757158621939974,0.201660811051673,0.550727668603832
3976,0.0274836387533943,0.0756764752708419,0.202014324969606,0.546952251815441
3977,0.0274710499441663,0.0756699702467834,0.201401503826524,0.553201288295263
3978,0.0274844879947266,0.0757212300127891,0.20124507570689,0.55114452711925
3979,0.0274842666930968,0.0757503764059671,0.202263601386444,0.54780984470001
3980,0.0274623823914628,0.075741324254488,0.201392048642111,0.549507093435106
3981,0.0274793542245326,0.0758048749014239,0.201503581781528,0.547937977064467
3982,0.0274900870154192,0.0757102973421954,0.201764387339279,0.55047843599425
3983,0.02745909210237,0.0756875750405064,0.201561626019702,0.548287012609344
3984,0.0274747895060257,0.0757901188427748,0.201534137958508,0.554609365335571
3985,0.0275003718818526,0.0757534120629491,0.200774898443923,0.545082940369247
3986,0.0274877045810221,0.0757411814108706,0.201054565713679,0.545626162967703
3987,0.0274802439328896,0.075817757742048,0.202095247127855,0.550383408094107
3988,0.0274776854630967,0.0758449210843402,0.20206097730855,0.556328255469251
3989,0.0274731483546942,0.0756561837283313,0.200800127307912,0.544386443888947
3990,0.0274620907130597,0.0756405725797749,0.201179663206744,0.549998540178955
3991,0.0274804506206382,0.0757720568367728,0.200703516234529,0.545846408729855
3992,0.0274748244673648,0.0756750733197864,0.201285800752655,0.548142029424928
3993,0.0274690302592018,0.075700764998012,0.201206012673458,0.551952156551113
3994,0.0274807184338649,0.0757182432581917,0.200760948432055,0.543605615984098
3995,0.0274699245490272,0.0757193516144717,0.201693938301363,0.544407935856024
3996,0.0274745039863276,0.075677978181978,0.201420218990132,0.546916889248482
3997,0.0274757057667464,0.0757232115640913,0.200465799251972,0.545462922173367
3998,0.0274803616765917,0.0756437858357107,0.201241110462876,0.546160217865771
3999,0.0274830389485887,0.0757643298864165,0.200856775755991,0.547304488076636
4000,0.0274777219963766,0.0758057128864161,0.200665625776965,0.550955945145178
4001,0.0274813561855418,0.0757191716946812,0.201374636918475,0.548260583755212
4002,0.0274719586658307,0.0757114591501741,0.201320780336258,0.545699152066782
4003,0.0274667756027606,0.0756787808722183,0.200619164206505,0.551537967920342
4004,0.027488894305984,0.0757551472547914,0.20089816566997,0.543878019959535
4005,0.0274806405672774,0.0756570537850927,0.200554550630994,0.550253228842483
4006,0.027470896303453,0.0757046024872154,0.201961172391098,0.545863876451513
4007,0.0274684747181986,0.0757578983617447,0.201067034217206,0.547393866307347
4008,0.0274641376243127,0.0756702621626071,0.201325834376536,0.544808900513685
4009,0.0274822377806796,0.0756862345717738,0.201393736030641,0.548985713885949
4010,0.027473361240308,0.0756697234955604,0.201322828758325,0.541449044274567
4011,0.0274671151239219,0.0756147625274496,0.200802087595792,0.548651680697369
4012,0.0274782833321917,0.0756530346556733,0.200252786103344,0.546798842932044
4013,0.0274810250610634,0.0756359898688847,0.200896384119952,0.543260857131109
4014,0.027467538786873,0.0757749165994658,0.20286079218542,0.548183285960249
4015,0.0274667968732091,0.0756924436144846,0.201047417072387,0.547651727207429
4016,0.0274672740175924,0.0756403180909756,0.200813038471061,0.54549518462402
4017,0.0274730355647344,0.0757357577091681,0.201361643472434,0.552108986903398
4018,0.0274779354240622,0.0757744568629682,0.201982120166076,0.549491324533911
4019,0.0274930539167822,0.0757789393780385,0.201718388203363,0.551340822959847
4020,0.0274845266724865,0.0758353600860298,0.202027179858944,0.548343959135058
4021,0.0274743419975013,0.0757180136571785,0.201319550425806,0.542443699991669
4022,0.0274766233731348,0.07559756419174,0.200972228763427,0.553726919084813
4023,0.0274793099130536,0.0757330596174424,0.200602847390243,0.541124448199539
4024,0.027475034214104,0.0757309563633603,0.200944893484953,0.549081877886242
4025,0.0274675032201579,0.0759220701149863,0.202608922995928,0.547709187953617
4026,0.0274670816720041,0.0757624659735257,0.201896596039543,0.55297300893152
4027,0.0274836335050298,0.075662035105478,0.20145024589166,0.55004004415823
4028,0.0274853468371352,0.0758209897252313,0.201428060760031,0.546557543261865
4029,0.0274656417823598,0.0757728573844311,0.201751577204302,0.548678674399147
4030,0.0274850941928129,0.0756773335124127,0.200918388078763,0.54458677884733
4031,0.0274625149742015,0.0756958305752216,0.201026344250531,0.548757492233015
4032,0.0274991328194779,0.0757646984909765,0.200562241616296,0.550870705322782
4033,0.0274697519660973,0.0756094545613822,0.199851558430798,0.546473801000643
4034,0.0274776758305325,0.0756676061077897,0.202019769271587,0.551718529759994
4035,0.0274851282496534,0.0756787872812163,0.201272858632684,0.547198024498802
4036,0.0274795836081916,0.0757092310054218,0.200779364877213,0.548586559474607
4037,0.0274871748321171,0.0756902304659659,0.20102279885161,0.541964207184428
4038,0.0274745054545039,0.07563755014736,0.200635184843539,0.545777595957517
4039,0.0274890660478288,0.0757702272088433,0.2013342979667,0.549196570449009
4040,0.0274732889834571,0.0756185239573212,0.200616103976656,0.546329496896829
4041,0.0274801218391784,0.0756124328486626,0.200595859094803,0.553659422776524
4042,0.0274655827633778,0.0756744218608076,0.200771150724866,0.545694308855754
4043,0.027489514150002,0.0756407007111257,0.200658638651122,0.543898397970296
4044,0.0274711105364637,0.0757489090852691,0.200322825537824,0.546178040038014
4045,0.0274786214987048,0.0756121681322016,0.200825783914271,0.549602177135543
4046,0.0274793382230254,0.0758013452701649,0.201471354502863,0.54928923245572
4047,0.0274839285339744,0.0757242574028847,0.201145474784723,0.552613402211431
4048,0.0274807795635992,0.0756567259274774,0.20099148256545,0.547226585423703
4049,0.0274813186995114,0.0757656257630593,0.20141088052249,0.548233567713223
4050,0.0274810151465357,0.0757429861484957,0.201613791637992,0.543056827138296
4051,0.0274738832876593,0.0757917650007331,0.200837046830401,0.548443812099613
4052,0.0274661344744527,0.0756347530040686,0.200891571437561,0.545187138479875
4053,0.0274691842343102,0.075798247746694,0.201532366939034,0.549725267022544
4054,0.0274867610060529,0.0757254962021072,0.201466812624737,0.551359992547267
4055,0.0274836687317139,0.0757611843777298,0.201500316074304,0.554667782967633
4056,0.0274730784644682,0.0757421293420569,0.20165810523766,0.548961024720655
4057,0.0274728927048543,0.0758959129812035,0.201428538457412,0.54709269478025
4058,0.0274589969062953,0.0755093838693277,0.201508275499719,0.547418247004337
4059,0.027476332137248,0.0757838879249529,0.20196656070412,0.552955330696835
4060,0.0274708075810669,0.0757430396495297,0.200914429403081,0.549710132798676
4061,0.0274856484219647,0.0757415341789054,0.201475341176762,0.554421017390507
4062,0.0274713514501257,0.0757636565467265,0.201765963840165,0.552640152064759
4063,0.0274681888160148,0.0756623838768819,0.201480653419967,0.553943863318973
4064,0.0274818476660527,0.0757200782399227,0.201847239225398,0.551738783017568
4065,0.027482222244361,0.075665802671045,0.201495764827498,0.544301021946398
4066,0.0274687803839742,0.0757100748687442,0.20165707433371,0.549829010324827
4067,0.0274821220037478,0.0755832702507551,0.20092429189148,0.549701535043629
4068,0.0274673964277218,0.0757352843119444,0.201864765299064,0.544554928947206
4069,0.0274801133292048,0.0756640109868147,0.200937908361002,0.547712808275771
4070,0.0274682159240959,0.075746183945328,0.201913084153276,0.549606699811021
4071,0.0274825358025791,0.075671644605733,0.200444742002042,0.544597816207547
4072,0.0274625390031028,0.0756500250647174,0.201762950996721,0.549868952444771
4073,0.0274826140273515,0.0756597573507981,0.201220322331087,0.544982368751659
4074,0.027486977465147,0.0757860957972022,0.201378159366025,0.547674804916511
4075,0.0274715840891463,0.0758442521382355,0.201915380867737,0.546722637874666
4076,0.0274721154678164,0.0758009982927154,0.201893191943886,0.547492506494997
4077,0.0274565919357018,0.0756124157437581,0.201220389985053,0.545458320201384
4078,0.0274732882737045,0.0756307759552933,0.201345148928954,0.546282726116334
4079,0.0274747590072165,0.0757905594944404,0.201360242127558,0.548494057415954
4080,0.0274776522339059,0.0757209977254154,0.200488590829106,0.55337860768875
4081,0.0274924532364313,0.0757504859271768,0.200661797336184,0.551936648780892
4082,0.0274802669828333,0.0756933816906025,0.201777690612887,0.545197141320687
4083,0.0274572073310199,0.0755663933630447,0.200872941745155,0.545239289860481
4084,0.027476120964807,0.0758232978895354,0.202404007063791,0.552690124280524
4085,0.0274836340529002,0.0756328769492633,0.201442858550349,0.552213972633519
4086,0.0274823401914135,0.075729796149438,0.200545553281239,0.545607800520966
4087,0.0274785174498578,0.0756459843729532,0.201292705780963,0.547144134116399
4088,0.0274744072974671,0.0757206865324448,0.201691343275509,0.54839885329049
4089,0.0274706953184845,0.0756915460856027,0.201216676523566,0.544157039133281
4090,0.0274735274089082,0.0756681212945333,0.201764527500962,0.551130280739398
4091,0.0274849956187349,0.0758012108644837,0.20135744665641,0.544971734097467
4092,0.0274966676500978,0.0756934634487849,0.201289352310024,0.549163008875462
4093,0.0274714093014379,0.075615755240512,0.200490588528685,0.546553432506108
4094,0.0274824311894269,0.0756918814737924,0.201457782147168,0.548599836947652
4095,0.0274733908685146,0.0755864244443707,0.201117692205768,0.544129434514866
4096,0.0274734697807528,0.0756470393222101,0.201374509505692,0.548289306856767
4097,0.0274977758694585,0.0757348765821,0.200690750395614,0.544210764505297
4098,0.0274713947687846,0.075601831390139,0.200337515587141,0.547528833026934
4099,0.0274853413280862,0.0758192153256038,0.201625714516922,0.550795072622923
4100,0.0274723856015891,0.0757469980572864,0.20218041223484,0.547408425893039
4101,0.0274554768720859,0.0757228891226151,0.201385385280539,0.547466044982785
4102,0.0274775140475422,0.0755705024737484,0.201057973348401,0.551434919252976
4103,0.0274863278863319,0.075767620536633,0.200916100624508,0.552530050532173
4104,0.0274788822773558,0.0756265998670554,0.200128942965102,0.542870914699871
4105,0.0274747537760456,0.0756590492135099,0.200591641998888,0.554049207192214
4106,0.0274726791693633,0.0756678286328306,0.200496612525258,0.541622501842146
4107,0.0274764634204188,0.0756541284562417,0.201097155465508,0.54832493780882
4108,0.0274706667832989,0.0756677548969376,0.20163422726836,0.545001575891787
4109,0.0274767041245169,0.0757032481044965,0.201183641476973,0.548817610408
4110,0.0274698882665899,0.0755809227595665,0.201427443878362,0.545490896475512
4111,0.0274670922736041,0.0758351719484073,0.202227498200745,0.555073895353722
4112,0.027491163492518,0.075700544761773,0.201630601239133,0.547944504465757
4113,0.0274713796723357,0.0756729148410086,0.201406656448298,0.549491247048192
4114,0.0274652487313677,0.075667766466932,0.200082399525622,0.549685877103508
4115,0.0274969444738101,0.0757624121384389,0.201691026159157,0.552765382630003
4116,0.0274913581651792,0.0756967006653246,0.200863988317681,0.546944894893076
4117,0.0274870209733431,0.0757330960743754,0.202585934128706,0.555728689972123
4118,0.0274812904323463,0.0757305251530234,0.201671159535394,0.550816788817484
4119,0.0274560455566359,0.0756055936598563,0.201230444640794,0.554352939941101
4120,0.027487190669937,0.0757744534583979,0.201469315331279,0.552849930466048
4121,0.0274739936266311,0.0757638089550856,0.201417749329211,0.545836721982094
4122,0.0274862871804445,0.0757961762342997,0.202224748588996,0.545209350692221
4123,0.0274840075815469,0.075885085913677,0.201702745066634,0.545970184678889
4124,0.0274797989255094,0.0756851993273009,0.200802606450415,0.545079593251537
4125,0.0274679532538633,0.0756305966211137,0.200659105950611,0.548709600215333
4126,0.0274769695505954,0.0758053414804291,0.201499094492683,0.550086866862324
4127,0.0274695452264018,0.0756763254311875,0.200266019681814,0.550599397280391
4128,0.0274866676406366,0.0757353499067817,0.200721034264878,0.552902399611127
4129,0.0274743577512761,0.0756924797782988,0.201084029669427,0.55112907257853
4130,0.0274806743732598,0.0756934271940291,0.201923959301191,0.547580256738407
4131,0.0274982558748176,0.0757487536880076,0.202065400101985,0.552331532797081
4132,0.0274801649052866,0.0757425423541339,0.200730580742969,0.5525828506571
4133,0.0274785675263942,0.0757907789382944,0.201374875736243,0.54834818782129
4134,0.027475562462228,0.0757793714085917,0.201028730595448,0.546820592115965
4135,0.0274710673436201,0.0755735692582603,0.200900419351705,0.549366134269979
4136,0.0274878514723625,0.075725856382151,0.201422534960468,0.551649287591952
4137,0.0274780579334084,0.0756635949334129,0.200418805777368,0.546550435215101
4138,0.0274629429597843,0.0758015347872808,0.200636405293081,0.548277701461512
4139,0.0274783679193394,0.0756828573847521,0.201789647479988,0.549606428667628
4140,0.0274754762942576,0.0756762033483255,0.201512124178508,0.555657781274369
4141,0.0274754607805774,0.0757649500942933,0.201163235908601,0.548960593319871
4142,0.0274962203997108,0.0757707473274925,0.201726083065969,0.547255493182852
4143,0.0274748416041257,0.0756606863854428,0.200741392618529,0.545573924286998
4144,0.0274744817957408,0.0757429079716942,0.201304275346099,0.550656597826648
4145,0.0274844529694854,0.0757633756032999,0.200990935671619,0.545940670954579
4146,0.0274875802680861,0.0756526418569057,0.200929242987135,0.547777170626372
4147,0.0274681497042375,0.0756697360827354,0.201702925248974,0.548964424142962
4148,0.0274738462481188,0.0758441022469135,0.201673367955418,0.551821080096655
4149,0.027492909147393,0.0756902709251082,0.201294530021711,0.546234319829582
4150,0.0274847855301827,0.075684372944731,0.200604544141713,0.548169879257837
4151,0.0274546267694144,0.0756330559698791,0.200968727147672,0.547920644832743
4152,0.0275078179035305,0.0758723550443089,0.202252989827775,0.550916136323829
4153,0.0274829706691419,0.0757473019976222,0.201503610588432,0.55098288849958
4154,0.0274826739255534,0.0757828035149666,0.20179969643803,0.550433195381878
4155,0.0274752443718538,0.0758106332516912,0.201375323126608,0.547023058718148
4156,0.0274749743824405,0.0755645272779751,0.200322588517584,0.551514812155594
4157,0.0274673449073286,0.075664799691319,0.20129651750568,0.543712315867573
4158,0.0274780302797881,0.0756516517052003,0.201756428073621,0.549030543730382
4159,0.0274951684688963,0.0757403214640625,0.200528596133677,0.54821805389614
4160,0.0274792566216878,0.0757475743641918,0.200848816158953,0.55030256099712
4161,0.0274623534412682,0.0757108676228717,0.201094432006209,0.543931657302137
4162,0.0274896174456631,0.0757328182864404,0.201412836324896,0.545717880733424
4163,0.0274549842903027,0.0756762187988696,0.201937133079835,0.547110860975129
4164,0.0274817310109099,0.0756862867181685,0.201282129374656,0.547248053493037
4165,0.0274857999678181,0.0758099822797054,0.201775582968844,0.545588488081098
4166,0.0274724979286606,0.075698746968365,0.200815234527331,0.549275888279344
4167,0.0274734081743325,0.0757595317546516,0.201869310106496,0.549921680173313
4168,0.0274693318799617,0.0757355991575219,0.201699521390095,0.553618337280382
4169,0.0274876581608551,0.0756834975263135,0.201239480573051,0.550805516595183
4170,0.0274703615120968,0.0756158466003936,0.201106740588949,0.547689694062096
4171,0.0274827802054556,0.0756421734456736,0.200896056848223,0.550827163357459
4172,0.0274700464867605,0.0757247458165322,0.201095903233095,0.550115844790482
4173,0.0274629823929153,0.0757049691688094,0.201709588332162,0.544247171673962
4174,0.0274895831866941,0.0758191012415907,0.201242168881912,0.553811798273131
4175,0.0274847487530507,0.0757467370718664,0.202198031098977,0.548223989480384
4176,0.0274845861862512,0.0757933509723245,0.201791252868061,0.549372162777135
4177,0.0274756361886124,0.0757650630100395,0.201051671675924,0.548706154561733
4178,0.0274803305626529,0.0757554780702295,0.20153690928285,0.546776951116372
4179,0.0274804871648455,0.0758610413564892,0.202422728895209,0.543451896180016
4180,0.0274772346624078,0.0756052818882899,0.201150285838452,0.545862823676385
4181,0.0274745112592153,0.0757872731442224,0.201465411404928,0.54957555138972
4182,0.0275079008527864,0.075909131249839,0.201655316818187,0.544042882889521
4183,0.0274933137727555,0.0756260656821216,0.200616789637789,0.541499219593012
4184,0.0274901428649043,0.0758104002713178,0.201012764901649,0.547944282556632
4185,0.0274781298909826,0.0757485649622431,0.201819096503683,0.546064416072823
4186,0.0274853137998607,0.0757669949091224,0.202066849444412,0.552449574978988
4187,0.0274771733830322,0.075604210116168,0.20101442821706,0.540727893504405
4188,0.0274878715141642,0.0756900694473229,0.201126130215606,0.543469782130051
4189,0.0274730559749535,0.0756856952516772,0.201460609661902,0.553500511872563
4190,0.0274578304470364,0.075704902686569,0.201061964779682,0.549916679225003
4191,0.0274908044988771,0.0757760835704604,0.20134206552935,0.5481846785821
4192,0.0274648585002924,0.0755858544964865,0.201411401139671,0.546583051003424
4193,0.0274707327729961,0.0757170844116259,0.201588344963297,0.547839081573011
4194,0.0274664975258318,0.0756855486732075,0.201859479318833,0.54556796541706
4195,0.0274871920389487,0.0757840235914871,0.201159440953378,0.548649477569647
4196,0.0274878722731248,0.0757385597129823,0.200711503844361,0.548005981229932
4197,0.0274862508810529,0.0757185150923437,0.201272051661785,0.544151509434713
4198,0.0274715208958612,0.0756876614208919,0.202040611077676,0.549507611078846
4199,0.0274801809330438,0.0757418690381322,0.201105485614569,0.545959547605901
4200,0.0274648668968694,0.0757001249820079,0.201421777337941,0.549432580519106
4201,0.0274765272756281,0.0758399699175432,0.201355973039943,0.551127584944972
4202,0.0274666031609668,0.0756561180344556,0.200313387685088,0.545729253863242
4203,0.027468372743206,0.0755213331184718,0.201706478622628,0.546551917789717
4204,0.0274742629069698,0.075686808296498,0.200539455180294,0.546191089912303
4205,0.0274858285172946,0.0757216110360512,0.201362631556158,0.549880299578648
4206,0.027469785800067,0.0757276586957101,0.201645226973147,0.547369416998518
4207,0.0274799254641611,0.0757040595527762,0.200929837920189,0.548317880362624
4208,0.0274902430537803,0.0757453697658827,0.200748674600943,0.542844423984692
4209,0.0274606107952928,0.0756706519419489,0.201119233361463,0.548402937803527
4210,0.0274706751359597,0.0756815579385884,0.201426115535427,0.54984228592491
4211,0.027478420721678,0.0758214288195325,0.201823301387123,0.547647636734187
4212,0.0274878928820768,0.0757216929334554,0.201356858453137,0.551091766296707
4213,0.0274654948448297,0.0756611498054651,0.200990378738256,0.547927003277932
4214,0.0274683559598908,0.0756831494462996,0.201454740213151,0.548625506234277
4215,0.0274820882632781,0.0756797084952796,0.201606147070459,0.545584913845827
4216,0.0274577951004056,0.0757567196957592,0.200971305746262,0.550150055532165
4217,0.0274775588295505,0.0757615807601976,0.201817868366649,0.549751532885369
4218,0.0274878505354961,0.075726071152167,0.201352077949297,0.544476390830698
4219,0.0274892727926326,0.0757252267744185,0.202214943948658,0.553302052219166
4220,0.0274903040346585,0.0756976508172052,0.201846038362189,0.551134574278034
4221,0.0274915235285893,0.0757283032007482,0.20150772231177,0.549172391371622
4222,0.0274751240253351,0.0756365515890026,0.202021926855016,0.547576908636093
4223,0.0274597922328181,0.0757618227298273,0.201311500409389,0.550287759967435
4224,0.0274817071627724,0.0758059671016757,0.202225449279418,0.541717981047623
4225,0.0274747837887981,0.0757144115307036,0.201029340102942,0.549338226531667
4226,0.0274876760809216,0.0757326724096303,0.201475625542839,0.548642471388651
4227,0.0274780552058326,0.0757190452826716,0.201175152884459,0.550773054147769
4228,0.0274727797822401,0.0757265330621897,0.201689480257315,0.546238997813753
4229,0.0274766902500009,0.0756645168565256,0.201549851634292,0.544234429291689
4230,0.027485018438619,0.0757128310744269,0.201116185017376,0.551470097345396
4231,0.0274760528325543,0.0758054186427011,0.20104509597773,0.551625119103034
4232,0.0274901513660885,0.0757521428438135,0.201368850469275,0.546607026931899
4233,0.0274809742239848,0.0757514511190571,0.201208535797145,0.544191419804857
4234,0.0274724316439935,0.0758220128028802,0.202370645497165,0.549640863217864
4235,0.0274867161877113,0.0758841569181116,0.201471054512202,0.55127925046904
4236,0.0274866817611491,0.075670736521806,0.201559469984915,0.549744648911266
4237,0.0274706151040097,0.0757360737044747,0.200976997584646,0.54800097787254
4238,0.0274771640560769,0.075877639712707,0.201314066730151,0.547743392722655
4239,0.0274810202380088,0.0756948835260917,0.201289974274709,0.546449091446408
4240,0.0274739125146902,0.0757327024104227,0.201535991387206,0.541979779695554
4241,0.0274734560983112,0.0756210809979639,0.201269149907553,0.55691608176015
4242,0.0274778003713207,0.0757702274966067,0.201731615920583,0.552579327950535
4243,0.0274707452036652,0.0757081451604304,0.201267622058001,0.545172889697038
4244,0.0274907462880257,0.0757451680816487,0.201474324352261,0.55180306780887
4245,0.0274920974359601,0.0758036417443539,0.201946563415959,0.543233387736979
4246,0.027481152121311,0.0757890788521318,0.200619900835836,0.548205744541347
4247,0.0274743129825765,0.0758527121282391,0.201635144913871,0.551036238437209
4248,0.0274822086909863,0.0757027100199532,0.200792441736491,0.546493810879747
4249,0.0274760629768579,0.075867647641117,0.201099829272497,0.546184824025316
4250,0.0274901847548512,0.0758206216554224,0.201993337991608,0.554472617578881
4251,0.0274874812971,0.0757505678966027,0.201779751225996,0.551065723018037
4252,0.0274843592606572,0.0756682933851358,0.201494799907057,0.544770271838023
4253,0.0274951859958298,0.0757097991158648,0.200571106674638,0.553021336631702
4254,0.0274607512458901,0.0756543693821961,0.201907819237368,0.551609537117052
4255,0.0274674212857306,0.0758151452837192,0.202246921132043,0.552542938357375
4256,0.027477018216429,0.0757749811612917,0.201174420096331,0.542184624462714
4257,0.0274731834508996,0.0757063347446396,0.200779957117292,0.548422321069082
4258,0.027483898585955,0.0756905871488033,0.200961324573353,0.551268941717336
4259,0.0274744381182015,0.0758339242441968,0.201858172828432,0.552308316712141
4260,0.0274814370004464,0.0756578390929756,0.201105397195834,0.544511338585349
4261,0.0274780339983316,0.0756833706197476,0.20102414762764,0.547801870494273
4262,0.0274660358419317,0.0756624602920942,0.20100411697277,0.548478987651778
4263,0.0274771657048965,0.0757342811880748,0.200815758025775,0.545351174758677
4264,0.0274782487024579,0.0756769747519906,0.201267106745104,0.546723605879687
4265,0.0274640835483124,0.0757104248773586,0.200748541525959,0.547010187709978
4266,0.027474605181278,0.0756695693175812,0.201450043535596,0.545967841732828
4267,0.0274827507206274,0.0756526191999471,0.201379104802165,0.549388519960187
4268,0.0274699512728504,0.0758237983409476,0.201377048616801,0.546761380753965
4269,0.0274885120583337,0.0757094955158686,0.201273203238576,0.545901483044423
4270,0.0274680210480865,0.0756133218443545,0.200827923977136,0.551611510681306
4271,0.0274844760649125,0.0756659685434935,0.201375142770636,0.543037169989593
4272,0.0274687465902255,0.0758281713451052,0.201961448779085,0.55177802332712
4273,0.0274681423957341,0.0755652422107351,0.201070918367207,0.543806717913834
4274,0.0274712171441674,0.0757075765758863,0.202024207177973,0.551230827607118
4275,0.0274747920803495,0.0758352705166008,0.200988893076733,0.548728915181007
4276,0.0274891582668082,0.0757474106102108,0.201613824706472,0.546259539849216
4277,0.0274821098732634,0.0758248527190259,0.201711881015882,0.553058431934172
4278,0.0274690877008554,0.0758219159584768,0.201856754315282,0.549050260536476
4279,0.0274829279666982,0.075621654754095,0.20138811323923,0.554203307063135
4280,0.0274844508273775,0.0756460251983865,0.200912993711259,0.547519564725771
4281,0.0274688411329789,0.0757081556390253,0.201587398018769,0.546773846649383
4282,0.0274677676240723,0.0756498895223554,0.200593943045858,0.549952278810106
4283,0.027472260302279,0.0756168180448558,0.20069917273921,0.548488815670525
4284,0.0274716576514739,0.0757688785268987,0.201128182134449,0.544280598419125
4285,0.027495234546241,0.0756888533709106,0.201264362270532,0.552262345980194
4286,0.0274843226280968,0.0756618405213752,0.201290796328845,0.547159203243747
4287,0.0274783747530269,0.0756686541106151,0.201045944274267,0.545099666706425
4288,0.0274759531298784,0.075826253242278,0.201878270502449,0.547932209308072
4289,0.0274690458824968,0.0757555540405111,0.20164900498016,0.5494440708008
4290,0.0274664807226042,0.0756917228005888,0.201797584866967,0.552738306912843
4291,0.0274830610158965,0.0758267548570009,0.201166068582871,0.545680965540197
4292,0.0274865552472223,0.0757735068961828,0.202428929215229,0.550950248837882
4293,0.0274880343627931,0.0757373694660242,0.20101180988992,0.544731686418386
4294,0.0274793371209476,0.0758231168297434,0.20155671263333,0.547143551315142
4295,0.0274796042045129,0.0757007074906013,0.201708197259766,0.551464988852617
4296,0.0274898557109199,0.0756586450464348,0.201737932666439,0.555856407126534
4297,0.0274761731892616,0.075743368647421,0.200822056664449,0.546815009225066
4298,0.0274674131277339,0.0757523319439967,0.201405950863155,0.547488299460476
4299,0.0274731438101863,0.075654983980212,0.201470460704486,0.557481734264731
4300,0.02747741380537,0.0756546668863515,0.200746986605931,0.546809335944575
4301,0.0274793456857548,0.0758776617081942,0.20192680810731,0.550589846204042
4302,0.027471032835945,0.0757601921543381,0.20125971642916,0.549143554643855
4303,0.0274704654503811,0.075842375328746,0.201613119269606,0.546554267896356
4304,0.0274659833276687,0.0756667532565812,0.201144125246969,0.547974653302656
4305,0.0274652374474547,0.0756648814508514,0.200668925105828,0.542917954547779
4306,0.0274786471651235,0.075757730420178,0.202334942659035,0.547793674686031
4307,0.0274843980478949,0.0756730933809982,0.201774213788379,0.544582586246862
4308,0.0274653187492724,0.0756680072212961,0.201694789787457,0.547481930509553
4309,0.027477854031313,0.0758011666112079,0.201379784008593,0.545722549770287
4310,0.0274703747486842,0.0757085048404844,0.200256086427419,0.552456991640071
4311,0.0274687453610964,0.0756865880711923,0.201304239388269,0.543086029691612
4312,0.0274844740819455,0.0759114052788959,0.20246808447498,0.542998826098519
4313,0.0274798408374042,0.0757697066418014,0.200731619215709,0.547570533951979
4314,0.0274828926056695,0.0756934674293975,0.202521247030124,0.548033049375902
4315,0.0274794021278774,0.0756730362375074,0.201015951176405,0.551475765363469
4316,0.0274865012921443,0.0757986069957285,0.201681275825339,0.551159238689207
4317,0.0274838338174758,0.0757433767988441,0.201196607446614,0.5533403754617
4318,0.0275023961130648,0.0758380525633271,0.200901916628099,0.549144289304037
4319,0.0274596827467118,0.0756865920113002,0.200798279220133,0.547281341099414
4320,0.0274636263747528,0.0756887342996435,0.20095914311969,0.546393242918762
4321,0.027464476385419,0.0757241072132881,0.201187576311209,0.541423940472611
4322,0.0274851673808056,0.0756166153491094,0.200843766521392,0.545010192999904
4323,0.0274698955131207,0.0756843504232724,0.200030016392202,0.544199168857008
4324,0.0274715857525343,0.0757757127531028,0.201459047648011,0.547795579581688
4325,0.0274801023266195,0.0758007129918366,0.200902356609621,0.537684964218273
4326,0.0274879911805772,0.0757186186040886,0.201667218620744,0.544640244575197
4327,0.0274698797742375,0.0758200193251677,0.201025987264695,0.549552531358799
4328,0.0274740738316821,0.0757257757750252,0.200583773237935,0.550951426938912
4329,0.0274860129688758,0.075828144021028,0.201439702656907,0.547681752879393
4330,0.0274808981336465,0.0756367034009951,0.201046636258276,0.549325503416778
4331,0.0274781931822874,0.0757742315200119,0.20161032350966,0.54351570544439
4332,0.0274750554818553,0.0757797631380249,0.201406887305185,0.542812583919914
4333,0.0274710371148347,0.0757426300258659,0.201636628478282,0.551861187763603
4334,0.0274649446510147,0.0756184935051034,0.201073260728282,0.551298772261154
4335,0.027480339516537,0.0755707493712331,0.200883319102142,0.547847948291369
4336,0.027475215467934,0.0757265536598231,0.200983950908881,0.552289162600005
4337,0.027463702887188,0.0756691342512445,0.20137946027615,0.549914796421953
4338,0.0274908843301994,0.0758545073772562,0.201288736921996,0.547123317230318
4339,0.027481739899483,0.0756199910053414,0.200816401160271,0.544727151424608
4340,0.0274789151716629,0.0756851366449871,0.201548687654455,0.546872703374385
4341,0.0274766942058664,0.075614245513335,0.201743804554241,0.553019193569114
4342,0.0274712561737021,0.0757125765303717,0.20265695532323,0.547027322410471
4343,0.027481763908344,0.0757715366003606,0.202638779774041,0.548385957003742
4344,0.0274877045404258,0.0757381593400681,0.201153407924304,0.554111928592583
4345,0.0274662844277364,0.075520780702606,0.20125081488109,0.550318360788772
4346,0.0274725756981512,0.075754816266119,0.202330997346577,0.550740189651945
4347,0.0274603630965849,0.0756785614371167,0.202104472869093,0.557100894177533
4348,0.0274688736824195,0.0757273249885161,0.202167609567532,0.548738811581507
4349,0.0274767262874089,0.0757719549401918,0.201279375617505,0.553447169700926
4350,0.0274806169780299,0.075728598934418,0.201586486210981,0.546487016176199
4351,0.0274652733047529,0.0757075505076659,0.201363161262958,0.550101343314283
4352,0.0274975424498475,0.0757674906626267,0.201429650468124,0.548810192029658
4353,0.0274820670256055,0.0756420403671356,0.201308847891567,0.551303885555117
4354,0.0274778404576488,0.0757446292890743,0.200766791201661,0.547560772078529
4355,0.0274713142143889,0.0755893088997587,0.20155634525283,0.545903580541949
4356,0.0274624071070992,0.0757641810447695,0.201046467536724,0.553778324612508
4357,0.027472385173389,0.0757367381979534,0.201960386599367,0.553632119951695
4358,0.0274642859469036,0.0757225059802151,0.201300206592212,0.549296208582568
4359,0.0274659200398133,0.0756727703366335,0.202028685756179,0.55064694355979
4360,0.0274790602076464,0.07574170961677,0.201586241064558,0.542709693526206
4361,0.0274770274249771,0.0757399571182183,0.201544684554976,0.545789866394974
4362,0.0274623831325948,0.075653800503127,0.200184259858106,0.545541195035532
4363,0.0274711430185047,0.0757244627613198,0.201595946501911,0.551541233796467
4364,0.0274810046156958,0.0756667066411112,0.199922779569848,0.54856986736275
4365,0.027493910526002,0.0757002873394435,0.201157829733198,0.55245767030976
4366,0.0274623303198199,0.0757051536689572,0.201264813521601,0.54756713960836
4367,0.0274754114239725,0.0757981901187328,0.200111738329464,0.543031026546939
4368,0.0274807730672903,0.0757560572544116,0.200342414050857,0.545638738539813
4369,0.0274681044961697,0.075604176279384,0.200924952233937,0.544203972247272
4370,0.0274753351318993,0.0757259828032506,0.201318215181333,0.546514423357578
4371,0.0274832541316845,0.0757535504712888,0.200823896699461,0.548241472337062
4372,0.0274754528185275,0.0757084271373008,0.201223589376628,0.550535492490602
4373,0.0274745639897549,0.0756839234246442,0.201224498349402,0.552057048801071
4374,0.0274780045345105,0.0757283519996932,0.202042512433068,0.54773846301128
4375,0.0274740315301035,0.0757659343010673,0.202542525844979,0.553805209804266
4376,0.0274959844293514,0.0757174426788106,0.201332941848206,0.546498201339888
4377,0.0274777493549503,0.0757290991392902,0.201059103181487,0.551254163763864
4378,0.0274684409781292,0.075846450766198,0.20152479624952,0.542606654634929
4379,0.0274748597720924,0.075735123954128,0.200998811666718,0.548532551374375
4380,0.0274780708715997,0.0757127588425296,0.200753622590228,0.547291512198522
4381,0.0274769637861657,0.0757247150051177,0.202023047545825,0.547148604747785
4382,0.0274831184226786,0.0758323643972222,0.201849883089371,0.551000458097027
4383,0.0274845207869622,0.0757745250911612,0.201664172415909,0.548383912244596
4384,0.0274788474900661,0.0757370426170708,0.201160320055284,0.548174899029502
4385,0.0274831990189645,0.0757200620252214,0.201758128018897,0.556042430664547
4386,0.0274719727024455,0.0757447341107102,0.201767615984021,0.551083744481794
4387,0.0274775136460464,0.0757408181520036,0.202427190911703,0.547862995737398
4388,0.0274877124465185,0.0755744859294153,0.200934901646049,0.549344802287171
4389,0.0274817240475352,0.0757199470576894,0.201439577844699,0.552206169544881
4390,0.0274875739094431,0.0757776892236484,0.201949801364462,0.544375111301216
4391,0.0274956637387983,0.0757821444826517,0.201501415052714,0.547528822377476
4392,0.0274955272655561,0.0756678398264948,0.200641872565529,0.547674040593054
4393,0.0274650755965595,0.0757655410138188,0.202026234810546,0.545100617380125
4394,0.0274650378296639,0.0756869456366289,0.201158239847792,0.548900750112602
4395,0.0274821832150931,0.0757161142515415,0.201234491138389,0.55103000705874
4396,0.0274773353609462,0.0757209192255359,0.201994377340805,0.551322793182119
4397,0.0274630700135062,0.0756284719695785,0.200884939430255,0.546655552002115
4398,0.0274758762601184,0.0757827753665858,0.201309582854075,0.549523416747414
4399,0.0274793328294042,0.0758578404344705,0.201981475291739,0.547065971448781
4400,0.0274891285623846,0.07575126403678,0.200892458835871,0.551071141239163
4401,0.0274701412184205,0.0755957955091214,0.200957733211842,0.549622325119718
4402,0.0275020047424322,0.0758132088857406,0.201523131560814,0.54748052453941
4403,0.0274812621377101,0.0757221291500896,0.201648831389898,0.551313668795831
4404,0.0275008346728203,0.0757744951503822,0.202179252165403,0.548400039821657
4405,0.0274906931763865,0.0757850010285199,0.200663355454424,0.542947307475112
4406,0.0274703154566915,0.0757563217945181,0.201999231389162,0.552174190546225
4407,0.0274629525376198,0.0757208194811308,0.20180417716442,0.546415971046636
4408,0.027473271734372,0.0756905379463334,0.201639044296105,0.556563964347915
4409,0.0274737101859845,0.0757201382404614,0.200948668180273,0.55181738063976
4410,0.0274875827832657,0.0758465402358152,0.200907680372457,0.55081175949941
4411,0.0274756444090402,0.0758617902646874,0.201507034989795,0.550453656845151
4412,0.0275017167717973,0.0758019466715115,0.201864018435707,0.549866473912548
4413,0.0274630066659499,0.0756946507957162,0.201715678820464,0.542730828860159
4414,0.0274776242916668,0.0757839183782165,0.201433005795866,0.54094030224867
4415,0.0274710292365641,0.0757238157475818,0.200458926953149,0.544034031983439
4416,0.0274760954885711,0.0756925277508142,0.200516652808947,0.550147944392996
4417,0.0274743368107201,0.0757110208687931,0.201098139667188,0.543057321322339
4418,0.0274836004657715,0.0756575002527344,0.201047974348386,0.545291201713263
4419,0.0274719347779961,0.0756670835028011,0.201299595802532,0.546171159065414
4420,0.0274831973527884,0.0758459995078503,0.201726054870118,0.553608978486107
4421,0.027490446563676,0.0756520177588869,0.201030234236129,0.551774756599493
4422,0.0274928385026042,0.0756976802190009,0.200683325857786,0.545098263540522
4423,0.0274838490641991,0.0755891021280883,0.201256553979223,0.546759936505516
4424,0.0274759142721348,0.0757276394631007,0.200884501036719,0.549952239838216
4425,0.0274972034404059,0.0757433167158093,0.20171182439614,0.553262962617496
4426,0.0274785013795178,0.0757777246682743,0.201637841930381,0.54880378331865
4427,0.0274654144403887,0.0756884646875819,0.201712794442113,0.550873029206811
4428,0.0274789451887345,0.0756743983340585,0.200752924204949,0.544328077650269
4429,0.0274836781652402,0.075788193470317,0.200904820988073,0.551744671238325
4430,0.0274762190013626,0.0757311568708121,0.202074703557599,0.551494688966159
4431,0.0274667280790131,0.0756768102876207,0.200112191039187,0.546886368913292
4432,0.027478973420904,0.0756802636666706,0.201112927719028,0.54714223251308
4433,0.0274819130270842,0.0758339402110681,0.201297867996135,0.543487720521427
4434,0.0274884565964949,0.0757946446210547,0.200908764907436,0.547913199355301
4435,0.027465923571633,0.075746735670939,0.201576240978036,0.551303151939414
4436,0.0274839786953286,0.0757548659996947,0.201565289784423,0.53891255322437
4437,0.0274738933440242,0.0757345006535344,0.201754798989638,0.554379881679319
4438,0.0274789270233117,0.075674644174732,0.202049000236863,0.548853371420163
4439,0.0274825905873387,0.0756797693095871,0.200517824831927,0.547584025141489
4440,0.0274778278851086,0.0756684692476742,0.200878685171954,0.549196026442107
4441,0.027456664265386,0.0756848322484111,0.200945605426587,0.543814330163396
4442,0.027492186061835,0.0757899831321797,0.201876497094481,0.556175481537809
4443,0.0274709729386944,0.0757298814367051,0.201726629709938,0.546970565339876
4444,0.0274791937134928,0.0757204161011651,0.201519654317923,0.547960994244361
4445,0.0274779473923212,0.0757556945660836,0.201366571903031,0.543021698197577
4446,0.0274920563314242,0.0756645733328968,0.200959427368714,0.54549666428509
4447,0.0274789159832599,0.0757509265548016,0.202223682152495,0.548834368543252
4448,0.0274773255973547,0.0756772667747332,0.201665343678971,0.545317598750759
4449,0.0274815727655254,0.0756873478087702,0.201211052640134,0.550458515378946
4450,0.0274806093780303,0.0757632477042755,0.201531636258675,0.551478961589451
4451,0.027486848401193,0.0758375429725731,0.202316312543852,0.551756382103134
4452,0.0274719009312666,0.0757257219039064,0.201128483566524,0.545258574134658
4453,0.0274840633329829,0.0757625092460216,0.201373856579035,0.547637020048136
4454,0.0274790885985731,0.0758684446312997,0.202450619160528,0.553198982028362
4455,0.027477983907972,0.0757777726055625,0.20205726256171,0.549100500239057
4456,0.0274830741931709,0.0756844543960445,0.200903111102947,0.548330301359069
4457,0.027478504117275,0.0758973717016081,0.201719759918499,0.546854774251268
4458,0.0274700228387661,0.07577680853037,0.200922458254118,0.545486762766556
4459,0.0274635556265085,0.0756897174130405,0.201132242276044,0.547049637549369
4460,0.0274689630352675,0.0756485963531152,0.200399482936377,0.544138854420376
4461,0.0274851761173854,0.0757965493827582,0.201153569225961,0.552740858653505
4462,0.0274589692931334,0.0756676508217329,0.200614438241657,0.545912990163793
4463,0.0274847919503299,0.0756956363277603,0.200721428544916,0.550713877104862
4464,0.0274755991157705,0.0757053861831473,0.201670380983446,0.543314784882339
4465,0.0274851654178136,0.0758713314595451,0.201939819239974,0.543958888403604
4466,0.0274853216073005,0.0757004453774671,0.20078090081076,0.552923637496743
4467,0.0274596772736967,0.0757379880291459,0.201616574255227,0.546502064052645
4468,0.0274905113909167,0.0757272784654001,0.201025594490576,0.549455429314754
4469,0.0274767370372542,0.0756068987828382,0.201323950307126,0.550150017703125
4470,0.027482765057849,0.0758670774128748,0.201623195592695,0.550473275662669
4471,0.0274711065938476,0.0756784044349024,0.201784763506108,0.545923124386629
4472,0.0274748121730118,0.0757301239405109,0.200651143284969,0.55084381808965
4473,0.0274632022232968,0.0756304248658376,0.201133107932357,0.553137719486687
4474,0.027488089471035,0.0758000407552666,0.20228632828985,0.553143731528326
4475,0.0274945247084181,0.0757674643528094,0.20160132402613,0.545717759512832
4476,0.0274940389118695,0.0758377676353085,0.200935333504112,0.552695332650458
4477,0.0274828593712693,0.0757259466683393,0.201325561134268,0.549252809935931
4478,0.0274684951939409,0.0755897546062116,0.200952228278957,0.552543136225669
4479,0.0274852719620757,0.0757578383765628,0.201702160339693,0.545570256777408
4480,0.0274692033372379,0.0757746096038758,0.20205401876098,0.554594871234112
4481,0.027470027056584,0.0758451821662007,0.202225128055939,0.54794899104049
4482,0.0274781609819805,0.0756540788547082,0.201270029538883,0.54933291808275
4483,0.0274676205973173,0.0757017504423276,0.201893418326737,0.554210117974631
4484,0.0274682995134431,0.075585215263001,0.200822023578287,0.544685051799293
4485,0.0274843123163944,0.0758302950508723,0.202037432098693,0.55596555541723
4486,0.0274722276529896,0.0754670650501582,0.200161392868219,0.543847742805117
4487,0.0274808061307877,0.0756543749097744,0.201860533754975,0.551796982055699
4488,0.0274812278525613,0.0757122858902924,0.201044697133495,0.556018670472062
4489,0.0274840972467382,0.0757026430680478,0.201384292798932,0.548470476861771
4490,0.0274745116181253,0.0756603471416474,0.201250443259166,0.547351079955746
4491,0.0274711985574506,0.0756840017375083,0.201357483323453,0.546901631421038
4492,0.0274773291427508,0.0758092328441181,0.201764413670469,0.550770169619782
4493,0.0274779266774596,0.0758097328277498,0.20210888775884,0.553229245774404
4494,0.0274818828976389,0.0757644693120512,0.201193422747219,0.54829091980624
4495,0.0274758923301604,0.0756574267135298,0.200708615005659,0.551315147360278
4496,0.0274790197754202,0.0758255024531819,0.201295170328955,0.546096311796929
4497,0.0274743069402319,0.0756912396130751,0.201170877976039,0.54608148837797
4498,0.0274880778246465,0.0757917970105311,0.201686775895292,0.546237868540984
4499,0.0274716378740751,0.075711650163149,0.200457756541306,0.543441583880911
4500,0.0274927166105166,0.0757398753944756,0.201681570940297,0.555939335232052
4501,0.027472318361276,0.0756714691424881,0.200779536078902,0.552973862523123
4502,0.0274710743699843,0.0757231712728607,0.201263133333736,0.549981142042617
4503,0.0274784366718842,0.0756487358049938,0.201498485006112,0.543835547601181
4504,0.0274862451000845,0.0757027418496727,0.201249428815237,0.543996198560696
4505,0.0274779249390836,0.0758487539665692,0.200752640205281,0.553871809694247
4506,0.0274922156300833,0.0758007807900719,0.20100653974514,0.549743490441592
4507,0.0274727948065376,0.0758502660711826,0.201462135185732,0.547160016482274
4508,0.0274819271552578,0.0756909794596719,0.20170669485492,0.542631741388332
4509,0.0274754705937026,0.0756993666406769,0.200946141381758,0.548221445056953
4510,0.0274754182174995,0.0755998792308871,0.201352877265022,0.547568330134149
4511,0.0274896193774708,0.0757253756047766,0.202083702574353,0.542768571977181
4512,0.027473080793372,0.075624754972742,0.201078833156454,0.548827625144541
4513,0.0274696011896432,0.0757763942733917,0.201358037233187,0.549714972190511
4514,0.0274754814793845,0.0757318141271347,0.201377955055344,0.549874018941356
4515,0.027482661666615,0.0757087765393264,0.201214557178409,0.544329925750715
4516,0.0274705058732994,0.0756087864494991,0.201503760332883,0.548536497009171
4517,0.0274743450485527,0.0757981285924996,0.201441541097607,0.546795443795792
4518,0.0274712607353826,0.0757428092841106,0.201502899323858,0.548045447583106
4519,0.0274582489627579,0.0756618629762254,0.200718580140735,0.547028085747278
4520,0.0274512287741521,0.0756323872341677,0.199952461985714,0.543425505905227
4521,0.0274766634169383,0.0756511857450457,0.200793115688365,0.548898545411765
4522,0.0274817340340947,0.0756026766443457,0.200708687881841,0.549260705698263
4523,0.0275027507949359,0.0758090576049442,0.201628313782055,0.547043521892369
4524,0.0274881450761873,0.0757519910458517,0.20199984286252,0.54886502180015
4525,0.0274703515441142,0.0756232439322144,0.201346748569256,0.544441301177052
4526,0.0274825109694184,0.075691659617859,0.201568290813906,0.550666786423481
4527,0.0274758581236496,0.0757247091450826,0.201350812776413,0.554670244552619
4528,0.0274664880172036,0.0757570182011591,0.201883974879608,0.541845413118812
4529,0.0274831346851692,0.0757533567108509,0.201311670609927,0.544167590000156
4530,0.0274732825229194,0.0758328136895324,0.20186542187539,0.551259320867683
4531,0.0274787263709312,0.0756916891499344,0.201409743385071,0.554265478706077
4532,0.027483272026433,0.0757387876663312,0.200968218465051,0.547455233892666
4533,0.0274679316538815,0.07566761504118,0.201027290762351,0.545899202841565
4534,0.0274935104285622,0.0758232595187117,0.201544202860503,0.556113612329524
4535,0.0274822024809863,0.0758061914112268,0.201963231174082,0.548394914480309
4536,0.0274837331793459,0.0758102988170959,0.201419755787358,0.544743417908274
4537,0.0274714859219078,0.0757080516191633,0.201425256716831,0.544588804132489
4538,0.0274745084821625,0.0757184767346426,0.202445642834952,0.554611142282059
4539,0.0274785325029389,0.0756176729472534,0.201576283448622,0.548947096465074
4540,0.0274711963718812,0.0756627721810048,0.201147519551426,0.547520545855072
4541,0.0274829216624509,0.0758662924759035,0.200988266654722,0.552191364023464
4542,0.0274677585097015,0.0756821741938419,0.201415658243339,0.549919352189474
4543,0.0274894988367467,0.0757208152956399,0.201050098299511,0.549773802175471
4544,0.0274654317448968,0.0757209793084362,0.202053803382532,0.554926611589478
4545,0.027500590351618,0.0757221803054111,0.201148931465774,0.549354973858507
4546,0.0274814763726869,0.0757224555861193,0.201445187794797,0.547954115380128
4547,0.0274899018730133,0.0757409255076339,0.201735279943233,0.552194070776577
4548,0.0274746027727175,0.075693986625089,0.20128615334468,0.548202321160128
4549,0.02747499111827,0.0756836696509194,0.201013401575537,0.543541284392971
4550,0.027467563302138,0.075765160967301,0.201312091839656,0.548279349969998
4551,0.0274846772622067,0.0757949026165175,0.201876971574477,0.544761959910919
4552,0.0274724434191381,0.075707089335084,0.201200686435896,0.548970928616992
4553,0.0274923671578379,0.0757678088773046,0.200779575280171,0.546635017345918
4554,0.0274796384372821,0.0757158245491139,0.201206560696342,0.546646207921939
4555,0.0274570821275724,0.0756354211792439,0.200929959975472,0.552763274325619
4556,0.0274765878986418,0.0756561105253441,0.202096475905094,0.549983859135473
4557,0.027481811048871,0.0757749452026666,0.201369733873725,0.549673287927037
4558,0.0274871066173897,0.0759204486651326,0.201887272228504,0.55121428370077
4559,0.0274912787548852,0.0757135351847967,0.201824044156979,0.55161458080163
4560,0.0274937478538655,0.0757954728924314,0.20037969648712,0.545848754829933
4561,0.0274758055112556,0.0757660391581966,0.201431811089927,0.547734646371931
4562,0.0274781600710193,0.0758007118155981,0.20151712758559,0.543647528610969
4563,0.0274817883745789,0.0757663560762941,0.200475140354769,0.550737040637774
4564,0.027475431694271,0.07562054675217,0.201180085459619,0.548912300186927
4565,0.0274836517496819,0.0757652660653034,0.201328341680113,0.549209784873364
4566,0.0274740164329536,0.075758755259282,0.201183963656058,0.550148688373578
4567,0.02746732876858,0.0757020768560481,0.200487729597156,0.543883223959357
4568,0.0274812878791279,0.0757861881533694,0.200971588719426,0.553377761632108
4569,0.0274719853272094,0.0758330114963574,0.201597610291859,0.5544575941833
4570,0.0274795833329579,0.07576462783382,0.201257774721016,0.547300909063361
4571,0.0274705705014835,0.075748986061673,0.201207617579453,0.550469410164032
4572,0.0274659117601723,0.0758091016935406,0.201393028102899,0.550539914021821
4573,0.0274779659159422,0.0757215030652419,0.202204229950965,0.551651221099838
4574,0.0274752996681348,0.0755868202092019,0.20123264730349,0.556743522182194
4575,0.0274988539783391,0.075708592463989,0.200565757430332,0.543591634443487
4576,0.0274753189707128,0.0757688888130878,0.201660272552056,0.547535967696512
4577,0.0274696632175359,0.075832540034148,0.201066019602642,0.54912238805116
4578,0.0274605147446086,0.0755756684482083,0.200642427082756,0.54976077793719
4579,0.0274879439104592,0.0756183032649458,0.202708609439368,0.55323412441255
4580,0.0274671867458483,0.0757551489191381,0.200358537153069,0.548976072322658
4581,0.0274851333550359,0.0758506912567214,0.201463251849911,0.551521099776809
4582,0.0274859982917142,0.0757900146066642,0.20152802643368,0.552818960993834
4583,0.0274738664711212,0.0757051380801569,0.201081400882552,0.548943361999474
4584,0.0274783187741994,0.075801658615977,0.202187751460461,0.551348355920616
4585,0.0274716083802161,0.0755903568552687,0.201092262017006,0.548263651322198
4586,0.0274793001652327,0.0757055433520015,0.20059807133092,0.547652837315366
4587,0.0274727305796305,0.07573039770161,0.201902530606486,0.550949246364879
4588,0.0274906798054498,0.0757488094911623,0.201891938566895,0.549321554140895
4589,0.0274855317271794,0.0759457501783153,0.202313075586178,0.546370973598593
4590,0.0274616253375099,0.0756602987391426,0.20106039755693,0.554123720265802
4591,0.0274678509752517,0.0757251132883003,0.201008708263674,0.551112198651304
4592,0.0274687709713424,0.0757102460867848,0.201158189480681,0.551390712324151
4593,0.0274607411541341,0.0757570691462105,0.200506557365626,0.543778432195173
4594,0.0274840487347693,0.075840184700499,0.201756744432071,0.54684842313729
4595,0.0274606666607851,0.0757741421644814,0.20231770703132,0.552208569442396
4596,0.0274875574253359,0.0757848974846449,0.200630554233846,0.545637274317353
4597,0.0274867980793743,0.075783753528139,0.20177070408153,0.550041139373036
4598,0.0274867931363965,0.07584408980584,0.20193255489086,0.553192974719716
4599,0.0274863335167758,0.0756824608688526,0.200842967089627,0.546227636770101
4600,0.027486630522038,0.0757289017693022,0.201935316588558,0.545488440686199
4601,0.0274679179044509,0.0757176921745302,0.201094381267677,0.549104484219344
4602,0.0274761859355183,0.0756619184876537,0.201292812473392,0.543523111499524
4603,0.0274743093963065,0.0756397406422112,0.201429050328321,0.547065368186791
4604,0.0274621247454687,0.0756987100258873,0.201172921610873,0.550396481287723
4605,0.027477105988923,0.0756286225705063,0.201022770420831,0.547104869455507
4606,0.0274794146642508,0.0758132212294808,0.202381361028923,0.554697796616032
4607,0.0274743554706816,0.0757226356895901,0.201309149737339,0.549011103243757
4608,0.0274990922938203,0.0757403021392261,0.201188208395899,0.548536692439585
4609,0.0274724910746536,0.0756828577568843,0.200964687668785,0.547836045882502
4610,0.0274711695783708,0.0756374590209803,0.200915599957623,0.549551222899411
4611,0.027473259332993,0.0757123645071758,0.201390924933668,0.55245994181808
4612,0.0274622904690187,0.0757300345728925,0.20222806622809,0.548449310899019
4613,0.0274908770037469,0.0757853802943903,0.200859780151904,0.548303910563476
4614,0.0274725089550293,0.0756894269846135,0.201268135900283,0.549344322135158
4615,0.0274755642130955,0.0756883160968973,0.200790639075237,0.544115887366927
4616,0.0274899059063062,0.0757799831067763,0.200837945696475,0.548513492551229
4617,0.0274822171374715,0.0758389813366254,0.201906977704355,0.549513303447279
4618,0.0274810027238928,0.0756754289119339,0.201067192745731,0.552568991219505
4619,0.0274838780226724,0.075740009830656,0.200759015169975,0.544971882871243
4620,0.0274776400128467,0.0756952815885296,0.202169122602765,0.555136704040047
4621,0.0274815919891082,0.0756548048138543,0.20147830682484,0.547558799114094
4622,0.0274788942027088,0.075666583438775,0.201100820665636,0.553944608198551
4623,0.0274890267458591,0.0757976508294484,0.200662395604693,0.546028294886172
4624,0.0274811119647076,0.0758160606096345,0.200801849344984,0.550279651827169
4625,0.0274995764556195,0.0757688349357376,0.200322890517866,0.545074097935279
4626,0.0274751906054111,0.0757711543625454,0.202174685963037,0.550155415302415
4627,0.0274736701132029,0.075731878416998,0.200355147849127,0.547612334329743
4628,0.027480022794059,0.0757789558090369,0.20124222923335,0.548584789082844
4629,0.0274839494275189,0.0756371920254354,0.199982467975045,0.545401758145975
4630,0.0274693855499503,0.075704461801797,0.201516866057534,0.555286281784763
4631,0.0274827559396005,0.0757440999265683,0.200918848290312,0.546535097518614
4632,0.0274821110933403,0.0757742367078017,0.201880622848914,0.547722104111138
4633,0.0274849781496047,0.0757416305337954,0.201754788603206,0.549777913000187
4634,0.0274775385148018,0.0758244358364938,0.201026967978759,0.55219678481723
4635,0.0274906738160206,0.0757692147609959,0.201594732310013,0.546790870206038
4636,0.0274791990397361,0.075765608707945,0.201575838770364,0.54820289511804
4637,0.027454417465087,0.0756593605649378,0.201081282146321,0.550630822464295
4638,0.0274893949155245,0.0758034904214411,0.201947722163952,0.54501063008307
4639,0.027479466849295,0.0756636638418005,0.201341510386628,0.552995068090792
4640,0.0274619033783698,0.0758459256933702,0.201892648816996,0.543182691623737
4641,0.0274826745360561,0.0758722037577938,0.201357482708803,0.545255288021669
4642,0.0274655298469903,0.075631795860736,0.20098663042721,0.548206532061821
4643,0.0274676923855535,0.0757291615817326,0.201990839993806,0.551143269121104
4644,0.027462982869126,0.0757728960407256,0.200960994865823,0.553234829546
4645,0.0274783739074144,0.0756629065633976,0.201589126530909,0.552139277860802
4646,0.0274764736075846,0.0756113108292403,0.201616751929985,0.552694387711241
4647,0.0274549660252444,0.0756802753776528,0.201190328724749,0.544913714050334
4648,0.0274732623122507,0.075587392874156,0.201655179772919,0.54987121342297
4649,0.0274711611013211,0.0756538450321566,0.200090928538208,0.544764426114163
4650,0.0274819003150201,0.0756937416815993,0.201606775183486,0.551834582972708
4651,0.027471788948529,0.075674641115614,0.2007233663472,0.551547891116034
4652,0.0274611937795928,0.0756412722791469,0.201990666611525,0.549926387704851
4653,0.0274756584223907,0.0756901640361021,0.200572631153477,0.547247961459135
4654,0.0274729441177553,0.075636307696341,0.201048777297702,0.543400156173289
4655,0.0274608536300068,0.0757938009538148,0.201268259811625,0.554016139306657
4656,0.0274692932042603,0.0756687145749733,0.201587757647508,0.551011925614909
4657,0.027478683112914,0.075637399313887,0.200920611770414,0.54546834708098
4658,0.0274701604122274,0.0757794412622583,0.200951658802316,0.55357516787565
4659,0.0274771808601928,0.0757232770284043,0.201384753719299,0.5508949997456
4660,0.0274892573791975,0.0757397917057664,0.20209579587947,0.551931815827931
4661,0.0274586165844453,0.0756248955367387,0.201472347155468,0.544948592324237
4662,0.0274721435055433,0.0757265986527899,0.201596386900965,0.549377956036825
4663,0.0274849190790801,0.0757990208113956,0.20150175884695,0.554802737920833
4664,0.0274687813227414,0.0756533554539168,0.20182090142686,0.551793246074792
4665,0.0274996014806056,0.0757373966344163,0.200997137633136,0.542773820532769
4666,0.02747694250785,0.0756887744598766,0.201382994813176,0.548092922557207
4667,0.0274560919100778,0.0756004691415326,0.20057515777419,0.544543094087248
4668,0.0274693458049032,0.0756589136463883,0.200411976773555,0.545335351755416
4669,0.0274879779339556,0.075632233058979,0.200968843681781,0.556986839952732
4670,0.0274713239224916,0.0756844464983052,0.201371100785459,0.551003160089451
4671,0.0274624339732766,0.075790973318266,0.201934436988743,0.550431860985172
4672,0.0274696316912337,0.0756903112343779,0.202170856692859,0.547872544047309
4673,0.027470816346208,0.0758395994617925,0.202455246865934,0.546586888886971
4674,0.0274773625258772,0.075788270598965,0.20176270863121,0.547103875605786
4675,0.0274818052751946,0.0757091111336196,0.201097369745459,0.551865225388953
4676,0.0274889152593894,0.0757838896275083,0.201494099657621,0.552732287275538
4677,0.027482663113555,0.0757100516598494,0.201646093443166,0.553153396565934
4678,0.0274757332036843,0.0757669935659001,0.20204838099437,0.550109673003941
4679,0.0274678402112489,0.0756156987095521,0.200514843251919,0.548354584060435
4680,0.0274666154242844,0.075779752597578,0.201084337306464,0.550855386151193
4681,0.0274720388257675,0.0757394788741734,0.201041817068983,0.551941691381679
4682,0.0274942828766246,0.0758232831038943,0.201605955095184,0.546785454990475
4683,0.0274955954371938,0.0757630104228383,0.201522586825017,0.551069349020522
4684,0.0274756989465009,0.0756488901538452,0.200614196812292,0.544353924510594
4685,0.0274560626995707,0.0757685223471596,0.201244934586038,0.546916989527136
4686,0.0274756801861793,0.0756590765379496,0.200790958755093,0.547221278429711
4687,0.0274879805786223,0.0757968083897756,0.20126208778962,0.546097336287056
4688,0.0275012434524916,0.0757974711794327,0.202125478913781,0.547657738618266
4689,0.0274698570555709,0.0756275545034732,0.200935807076974,0.548783282254278
4690,0.0274838555641405,0.0758707014174358,0.20126500066025,0.542395924124362
4691,0.0274892963818566,0.075679138092889,0.200686461955951,0.549110786739096
4692,0.0274826957989616,0.0758530701683841,0.200952067078877,0.548117300859435
4693,0.0274734757284028,0.0756394617278405,0.201606579567729,0.552061891348755
4694,0.0274963663556484,0.0757321039408024,0.201431712828693,0.55236636826707
4695,0.0274848215627619,0.0757488571742212,0.201340023617739,0.551848822778076
4696,0.0274817810058372,0.0757735284095913,0.201271692217383,0.547630265685913
4697,0.0274852769699619,0.0756699181551567,0.200799824129128,0.547840876012871
4698,0.0274800690750876,0.0757259099763421,0.202013207519011,0.545953492767113
4699,0.0274792538881252,0.0756544121575469,0.201003052724296,0.551126537553448
4700,0.0274798316894827,0.0756431438258598,0.201559728009974,0.547962126212225
4701,0.0274772656902028,0.0758728466067667,0.202128706464262,0.546618947217485
4702,0.0274663487531738,0.0758529472001564,0.201854074369668,0.553830597286303
4703,0.0274801538767843,0.0757069465479847,0.201278979959023,0.543060132724027
4704,0.0274801034853105,0.0755951554816725,0.200899357012757,0.553820335070015
4705,0.0274860175835477,0.0757632913416391,0.200912125201335,0.546029363523233
4706,0.0274715748482612,0.0758043728156798,0.200616730810273,0.553776576218927
4707,0.0274707566953558,0.0757709862949292,0.201945970963253,0.547720803077287
4708,0.0274719637294485,0.0757953915139497,0.201275848037331,0.550467997973358
4709,0.0274711982344979,0.0757053000590279,0.201147430430608,0.556367475734317
4710,0.0274759312123275,0.0757129261290364,0.201790338782295,0.547971419745802
4711,0.0274762722413591,0.0756736141151253,0.199977709903248,0.546493744399099
4712,0.0274835013825199,0.0757627133821788,0.202144275060905,0.547403480213026
4713,0.027478585339497,0.0758225591191568,0.202352102637965,0.547876122724133
4714,0.0274785490173956,0.0757065171096776,0.202056098439812,0.549239677671779
4715,0.0274751768442353,0.0757751784332536,0.201675227025114,0.551008232707804
4716,0.0274868312227964,0.0757194144365528,0.201340861267784,0.545430316392787
4717,0.0274706536124351,0.0757109631492355,0.202039476380274,0.548301181388099
4718,0.0274721608237737,0.0757833639810083,0.201300260938163,0.550154450117489
4719,0.0274841054741445,0.0757592308534294,0.201836360758692,0.553768150028045
4720,0.0274746517227838,0.0757890098750146,0.202229768617227,0.550617782203915
4721,0.0274806846953746,0.0757180006281496,0.201215557911591,0.548442727510038
4722,0.0274805140618575,0.0757549718762938,0.201190817170629,0.551692046889131
4723,0.027462091360254,0.075783099585453,0.200567928135363,0.548830830414097
4724,0.0274662750389559,0.0757289776807411,0.201173441606499,0.54861193144211
4725,0.0274870511084859,0.0757630102794553,0.202170336984892,0.545378623311313
4726,0.0274916928037734,0.0757443786054437,0.200721171678523,0.544322067060243
4727,0.0274815544396758,0.0757749012951703,0.201804530192282,0.54613330288026
4728,0.027497651594486,0.0758030954405426,0.201492285866359,0.548632322478321
4729,0.0274733510174322,0.0756742637124698,0.201533825714562,0.547898487022298
4730,0.0274797579868199,0.0758136008202985,0.202264433634284,0.546206471886554
4731,0.0274727512804897,0.0757778103761302,0.201049059568525,0.55011783884202
4732,0.0274892274458791,0.0757582867019481,0.201341864368734,0.547424085849784
4733,0.0274885267294036,0.0757328167841916,0.20156423718518,0.549008717211087
4734,0.0274751548639909,0.0758686763653299,0.201855953887494,0.546179706239466
4735,0.0274660102236285,0.0756804255962279,0.2013423152941,0.552116125134307
4736,0.0274807395999608,0.0758158995552098,0.201433234333094,0.540240509564956
4737,0.0274894343549547,0.0757981138151575,0.202163063410025,0.551689462047728
4738,0.027473640152259,0.0757316800106927,0.200657548124543,0.554666142289845
4739,0.0274906808374621,0.0758943196866457,0.200815246089005,0.550943117759725
4740,0.0274736272529136,0.0757074333359612,0.20050506875792,0.551140459213504
4741,0.0274682431752934,0.0756785766369679,0.200485300706485,0.545993207123472
4742,0.0274716075920205,0.0756812229494692,0.20145896218956,0.547939898780804
4743,0.0274864345940209,0.0758270810065358,0.20142604895848,0.547576501470596
4744,0.0274674037038183,0.0757331739320581,0.201539299633807,0.552682818852045
4745,0.0274971481439769,0.0757787059235128,0.201117037542945,0.549799153171051
4746,0.0274782968821194,0.0757743186372853,0.20156280223138,0.551934018894958
4747,0.0274774554414724,0.0758022088819151,0.201234703001088,0.552205182202236
4748,0.0274793392640097,0.0757433079460976,0.201453281732615,0.547606300186651
4749,0.0274789495381469,0.075730143702304,0.201880898584354,0.54566500199958
4750,0.0275014312444746,0.0757689442043642,0.201759863857945,0.550420606843801
4751,0.0274774123393181,0.0758538229679813,0.201044652330874,0.545593872010902
4752,0.0274939711174234,0.0757104657170048,0.20117821738964,0.552148235794724
4753,0.0274724483667479,0.0755887923538281,0.201944261999074,0.545296023222194
4754,0.0274827361467682,0.0757060864610844,0.201551438248656,0.552274294947302
4755,0.0274838576114815,0.0757838717195078,0.200183943060479,0.53963720133117
4756,0.0274723485867655,0.0757477391180255,0.20170407631661,0.55236949175937
4757,0.0274804819348341,0.0757969690252878,0.201599051382908,0.543982334642439
4758,0.0274947627837344,0.0756762255817498,0.201652635342543,0.538796267561856
4759,0.0274715550101053,0.0756024303597018,0.201625389669744,0.553390188989059
4760,0.0274782141266975,0.0757470625570082,0.201392938104498,0.546956731295636
4761,0.0274859989760358,0.0758112789712081,0.201259858452395,0.546289211756011
4762,0.0274784177464862,0.075692363884807,0.201403987982528,0.548615301596789
4763,0.0274847125452764,0.075831344267632,0.202018008791229,0.548071277126392
4764,0.0274763310218396,0.0756911251986932,0.201669398062132,0.549803366534302
4765,0.0274656892580813,0.0757344164170433,0.20093790997273,0.54448668533198
4766,0.0274692034991245,0.0756230460379326,0.201589064075932,0.544605401205655
4767,0.0274642954353923,0.0756784533140435,0.20132768290623,0.551558833501224
4768,0.0274577776937031,0.07573775188505,0.201353445538154,0.541841497331792
4769,0.0274741144157129,0.0757131927153253,0.202141580094876,0.553712803376765
4770,0.0274880655296707,0.075666048831692,0.200904581031437,0.548888479922873
4771,0.0274817682494212,0.0758229566627704,0.201571032138378,0.554540424039327
4772,0.027458420339643,0.0756786058495876,0.201974705020946,0.54748167045374
4773,0.0274866938457579,0.0757463223873028,0.201292922236349,0.543246361196005
4774,0.0274771508879666,0.0757223197123267,0.201636159454738,0.552424166151782
4775,0.0274712422975548,0.075766432729895,0.201639603989177,0.548539919505141
4776,0.0274631845849122,0.0757457533367833,0.200253722208244,0.551379553684153
4777,0.027476797902822,0.0758048057847931,0.201082855665687,0.546880527877747
4778,0.0274901252205007,0.0758119091652782,0.201341472437036,0.546952392052276
4779,0.0274717456174373,0.0757601246802287,0.201702944346402,0.553523225596925
4780,0.0274698799817716,0.075731555562252,0.2015643585501,0.545009461953165
4781,0.0274781663513256,0.0756035142555352,0.201421978975955,0.552107606378375
4782,0.0274717830839957,0.0756669905919581,0.201622629963073,0.549660203670656
4783,0.027487696955698,0.0756360048255162,0.201681416829506,0.553598996790537
4784,0.0274883701270769,0.0758881754250323,0.201766568465072,0.545505723697889
4785,0.0274649891589994,0.075660463574471,0.200383245252239,0.548998216953558
4786,0.0274840860649551,0.0757857826443262,0.201107573160647,0.550040736215198
4787,0.0274883936026649,0.0757366666005038,0.200828578827306,0.552336350309708
4788,0.0274786977774211,0.0757163990116744,0.202548544864426,0.552228908957687
4789,0.0274847057465207,0.0757188879155594,0.200768655301905,0.549167988751476
4790,0.0274788889048955,0.0755913980076647,0.201507952607028,0.549723223191881
4791,0.0274721307698035,0.0758115259920414,0.201900540657014,0.550383594236691
4792,0.0274859075687477,0.07580915295325,0.201273963060193,0.544318507980045
4793,0.0274782693519701,0.0756120364719431,0.201585091753161,0.547219122109686
4794,0.0274863285557127,0.0758987598903213,0.201591688439647,0.545222922540646
4795,0.0274695290141621,0.0757118492580323,0.201030160219717,0.544758717252836
4796,0.0274916612119083,0.0758167992696509,0.201853368834319,0.554985792569062
4797,0.027490525825067,0.075782436779754,0.201697366152502,0.548996834246313
4798,0.0274797218769498,0.0756292674846175,0.201464490092925,0.550709776172624
4799,0.0274783711134169,0.0757763522909581,0.201945099761508,0.550904984435509
4800,0.0274818840007135,0.075678945685129,0.200739955654774,0.549047966719782
4801,0.0274843186534013,0.07578734529361,0.201746051155549,0.548723517020828
4802,0.0274545872587343,0.0755819552316154,0.200813092863803,0.544958476319248
4803,0.0274787375457041,0.0756727681232191,0.201987004384511,0.55773976320636
4804,0.0274761241735636,0.0756836390293314,0.201759677144889,0.545165402621592
4805,0.0274740203756795,0.0757232383717734,0.200708635650244,0.547081321536649
4806,0.0274695507929136,0.0755812246446124,0.201233836310027,0.545374263832871
4807,0.0274687314166463,0.0758165244255618,0.202238040729886,0.547520045528878
4808,0.0274757030149071,0.0757090723350157,0.201551240130261,0.547154028918806
4809,0.0274835533706358,0.075701541830594,0.201205062887608,0.548600876616216
4810,0.0274853272999083,0.0756853432818893,0.201411991522175,0.54855878823938
4811,0.0274790162751404,0.0758358344199566,0.201190353901553,0.551995626094079
4812,0.0274905966103813,0.0757207153475833,0.20162245520749,0.54960784955058
4813,0.0274950773582234,0.0758316595459074,0.201524685134843,0.549086350505722
4814,0.0274692536832673,0.0758204539329618,0.201723057935816,0.55116180118673
4815,0.027483891064317,0.0757733059482932,0.201986873011555,0.553159331531348
4816,0.0274862702993687,0.0756982427213827,0.202002511113416,0.546154148030274
4817,0.0274966592253884,0.0756874259919966,0.200756536268246,0.547044867467125
4818,0.0274673752839472,0.0757291489955093,0.200860137920008,0.552657837066762
4819,0.0274864140918734,0.0756783819613823,0.201419259622509,0.551893974237042
4820,0.0274712400413621,0.0758543414836267,0.201708355716059,0.552265310095732
4821,0.0274870104952264,0.0756596981506593,0.201288076409527,0.551900426119099
4822,0.0274586368150658,0.0755782490063981,0.200821508103794,0.546506529269802
4823,0.0274939209885347,0.0758184222011594,0.201038978841369,0.544534017368448
4824,0.0274920879852271,0.0757448258149794,0.202135734395076,0.552487823314009
4825,0.0274953913970927,0.0758127508302815,0.20202410980766,0.548208268610883
4826,0.0274734845265507,0.0758885450236477,0.20198434400746,0.552014796365081
4827,0.0274896830481516,0.0757653427095548,0.200531411791492,0.548575085111687
4828,0.0274900548214991,0.0759168302125533,0.200918786248675,0.544051021242106
4829,0.0274823859426845,0.0756458975703788,0.200902479424208,0.544768278842457
4830,0.0274529760243763,0.0756997112015223,0.201886359328059,0.552066312899812
4831,0.0274845230219257,0.0758364173288829,0.202067718778778,0.548102077100431
4832,0.0274694028353165,0.0758157106292138,0.201765515051735,0.554836534810463
4833,0.0274494013316059,0.0757086607744608,0.201175218723157,0.544934407769235
4834,0.0274876342968392,0.0759295746502816,0.201341445807254,0.543140620486665
4835,0.0274691055737547,0.0757377419904202,0.200726847096968,0.546708983852957
4836,0.0274896190046588,0.0756999133389301,0.201064531815301,0.544174262028253
4837,0.0274720975244361,0.0756254356207376,0.202138069093155,0.547046893657114
4838,0.0274699067946278,0.0757302880599601,0.200895115359063,0.546309626890242
4839,0.0274918780908714,0.0758563270774206,0.201717296623259,0.547961217160301
4840,0.0274780557587464,0.0757647061330473,0.200802276538668,0.548888855718299
4841,0.0274835615802403,0.0756943382119596,0.201313273134162,0.550852868649797
4842,0.0274794717553746,0.0757263092539421,0.201723436002467,0.546245918960733
4843,0.02747043063427,0.0758252626226677,0.202290061058043,0.547933289740403
4844,0.0274939195844569,0.0757742647326691,0.201524505280179,0.557374792220725
4845,0.0274715126702429,0.0757075796608342,0.201791537275968,0.549601803203192
4846,0.0274894798945674,0.0757671523657021,0.20185783093315,0.548010333896709
4847,0.0274822110120692,0.0757067398993862,0.201435157660827,0.546168869691733
4848,0.0274993474045278,0.0757421070622386,0.200993137575044,0.546663904443565
4849,0.0274626312555034,0.0756816252049138,0.200842369723733,0.542750865439911
4850,0.0274905900962374,0.0757291218335797,0.201192017856225,0.548242306567046
4851,0.0274635062167865,0.0757116065098193,0.202101812512791,0.546377166925346
4852,0.0274675477037413,0.0757338956721749,0.201815733072088,0.547149665051091
4853,0.0274799904225545,0.0758842363429685,0.202025315144442,0.557018675817595
4854,0.0274688502224908,0.075743059503668,0.20114151672285,0.545716014309225
4855,0.0274951946837935,0.0756814253822403,0.201374526257223,0.550647678973518
4856,0.0274758393560253,0.0756827173565961,0.201774442191814,0.555826673045646
4857,0.027481378942527,0.0758587669871497,0.201588597402661,0.550299724423158
4858,0.0274671000473657,0.0757257416947359,0.201382643795558,0.550928828180086
4859,0.0274908433080612,0.0757290180885504,0.200613439035498,0.551433426249211
4860,0.0274727779223243,0.0756780876075097,0.201577309715762,0.544233358411362
4861,0.0274654957449759,0.0757221319740622,0.201216938605645,0.547715774388588
4862,0.0274979702227729,0.0758359365455442,0.200991172883601,0.544055251413833
4863,0.0274818797931355,0.0757734088114158,0.200751872057662,0.545684661627164
4864,0.0274674976766788,0.075673723428072,0.201564582836202,0.547667634640412
4865,0.0274885074277226,0.0758062954756745,0.201969000557063,0.545982996892523
4866,0.0274610651328554,0.0756982612480355,0.201657735331199,0.546301823991489
4867,0.0274629314032551,0.0757533683063306,0.200639305678161,0.548009073100653
4868,0.0274734934820896,0.0757457097868709,0.20228446252475,0.548502626589595
4869,0.0274736518589007,0.0757048145651642,0.200913568362425,0.551233442471006
4870,0.027487010446756,0.0757921441009175,0.202386520792589,0.54776558548079
4871,0.0274796081045592,0.0756926232525615,0.200891518163125,0.545799148958322
4872,0.0274666676794543,0.0757361340861829,0.201211700203515,0.54911422302455
4873,0.0274720638846749,0.0756573582634402,0.201274037528536,0.548315775843525
4874,0.0274717922301169,0.0756737497377104,0.201279151521858,0.552768197357011
4875,0.0274808000949041,0.075705610040819,0.201263809787626,0.552423676054493
4876,0.0274796808994675,0.0757820103641416,0.201325419611276,0.547834756851809
4877,0.0274857150866887,0.0757220910857341,0.201767846382861,0.55187734271369
4878,0.0274635643690215,0.0758023065287578,0.200483671022688,0.54661867748424
4879,0.0274842550432481,0.075818444295683,0.201590850966844,0.548372662456991
4880,0.0274923180724775,0.0757984590302178,0.201074791274375,0.543375100360039
4881,0.027478980628671,0.0757115867294442,0.201304439212486,0.545371764071534
4882,0.0274867442223832,0.0758026671157972,0.201266928894075,0.548068089291032
4883,0.0274844146212168,0.0758600446392316,0.200848218953205,0.548060420156466
4884,0.027482490812996,0.0756828187927253,0.201185992757654,0.546677126509247
4885,0.0274765896898472,0.0756421397718007,0.201273559194375,0.546443811620882
4886,0.0274633143181161,0.0757259895434715,0.201133848391095,0.549729088318618
4887,0.0274820126547884,0.0757054531370029,0.201740389664315,0.550656798775625
4888,0.0274897654070247,0.0758362248544915,0.202015919114917,0.551873981629378
4889,0.0274651798786271,0.0758463468602037,0.201987375931335,0.551152332333465
4890,0.0274881756841074,0.0758415942125718,0.201923729289312,0.550778816257999
4891,0.0274911220122959,0.0757403875936063,0.201473285039798,0.549213246178336
4892,0.0274723641890858,0.0757262933028231,0.201711155875438,0.550739016174662
4893,0.0274815580089772,0.0757940052173621,0.201530542263604,0.548373635627201
4894,0.0274721419047496,0.0757145004008447,0.202097069326842,0.5455566325695
4895,0.0274585321337214,0.0756975977851298,0.201080254450054,0.551209593271668
4896,0.0274788207392491,0.0757383473878463,0.20035574133512,0.543004441477601
4897,0.0274881769206175,0.0758261159040179,0.201650999522293,0.549263078588483
4898,0.0274847025182087,0.0757165870748476,0.200813181378435,0.550766875702985
4899,0.0274728379623756,0.0757075176764892,0.200795748880689,0.549945523391385
4900,0.0274869740134364,0.0757647108704252,0.202367067973866,0.542874249754351
4901,0.0274737542219418,0.075875550901159,0.200990123894095,0.54185458049617
4902,0.0274780002312921,0.0757866052950828,0.202495572997506,0.552668634453427
4903,0.0274671920612355,0.0757417955628141,0.200968986572297,0.547397096964462
4904,0.0274983438268314,0.0757583439043862,0.200817082830403,0.545888389761395
4905,0.0274824481074545,0.075749794671308,0.20230520487147,0.551041987814061
4906,0.0274959903541246,0.0756999619407501,0.200914850045775,0.548529358225398
4907,0.0274808355082016,0.075621710023197,0.200444589275873,0.553789246906903
4908,0.0274638472846357,0.0756994678727919,0.201972861875846,0.550144098819334
4909,0.0274958710696041,0.0756738038115404,0.200961059893589,0.548838184684213
4910,0.0274854722876745,0.0757334644933901,0.201652619833358,0.548329827923239
4911,0.027472845487584,0.0757708418915192,0.200589033047497,0.544525048465885
4912,0.0274691814359723,0.0757318325394247,0.201869424485682,0.552962235569221
4913,0.0274844325382211,0.0758199703188505,0.201618967085884,0.55119572507479
4914,0.0274756656801781,0.075738830881055,0.201169849488611,0.545651731945139
4915,0.0274772299202438,0.075702424769678,0.201475716793458,0.551540371877601
4916,0.0274733670114186,0.0758284796872923,0.201330243159929,0.549028409409634
4917,0.02748737191128,0.0756335853205735,0.200359357681817,0.54724562617877
4918,0.0274649865190209,0.0757025473527578,0.201273696823514,0.55256824450071
4919,0.0274711448506089,0.0757055009055647,0.201229364004128,0.548816013141007
4920,0.027483609035986,0.0756915961768126,0.200762537340128,0.547501466833202
4921,0.0274764598126766,0.0757147899548981,0.201435377856905,0.552489790621838
4922,0.0274861795097587,0.0755628632549521,0.200757256812146,0.545966630379614
4923,0.0274777720597104,0.0757720053805024,0.202258562062499,0.551989983319586
4924,0.0274658477409441,0.0758098782292743,0.202097698414426,0.544620840136104
4925,0.0274708240557344,0.0757753513650645,0.201881413766357,0.552183003207697
4926,0.0274790368756734,0.0757438670240869,0.200974025660393,0.547676245072858
4927,0.0274685728968588,0.0756249185136919,0.201645699982029,0.550551757484455
4928,0.027484084473551,0.0757366663537883,0.201072541861998,0.544346216345123
4929,0.0274879423581158,0.0756316908937846,0.201143613888999,0.551878260961427
4930,0.0274594468265553,0.0757371082110725,0.201287139199718,0.54733400066528
4931,0.0274696961098494,0.0756693841420178,0.201183068853961,0.546305251759924
4932,0.0274762637672449,0.0756796187842045,0.200963618731789,0.549454868621345
4933,0.0274727884730259,0.0757332311130129,0.201439115648676,0.54870070639173
4934,0.0274800250207655,0.0757588013608419,0.201604555211582,0.543837518720761
4935,0.0274857100454995,0.0756250756982142,0.201140958171205,0.54924191837515
4936,0.027490955044203,0.0756248417676158,0.200536060876685,0.545208347605571
4937,0.0274652459260063,0.0756750134732815,0.201501298890281,0.544544250983511
4938,0.0274752637694303,0.0758106709885401,0.200829626265962,0.546376163561953
4939,0.027488097751456,0.0757967597359608,0.201747115876873,0.550969131686134
4940,0.027465490002425,0.0756856342795434,0.201310340194744,0.538477163291498
4941,0.0274537089776271,0.0756987714851914,0.201449501043213,0.550199743310972
4942,0.0274581918948246,0.0757666268515289,0.200654979550746,0.544901842250244
4943,0.0274624315079254,0.07558165330176,0.201880531740477,0.552216089717954
4944,0.0274817174236645,0.0757636610867605,0.201401806029092,0.548592937033158
4945,0.0274993533043818,0.0758357762175833,0.200699240079022,0.551198450771288
4946,0.027500749256435,0.0757838310934955,0.201829455664853,0.547759417617586
4947,0.0274809276994506,0.0757218630501152,0.201999808504286,0.552604773840287
4948,0.0274808343705912,0.0757654717048085,0.200929488338202,0.548157346470308
4949,0.027477542649229,0.0756924701625337,0.201245133679902,0.550904953668238
4950,0.0274790939158288,0.0757749760375663,0.200637728718937,0.547277202539356
4951,0.0275024479862219,0.0757973875227241,0.201697227298671,0.545491941159482
4952,0.0274737228267169,0.0756606933192903,0.201017105569869,0.547200587683367
4953,0.0274769947611823,0.0758500190109595,0.202783567727965,0.549616141093555
4954,0.0274705570096394,0.0756519131782474,0.201206785901313,0.549051129532841
4955,0.0274844415345933,0.0756391667046973,0.20130298348902,0.551600058762592
4956,0.0274760920611109,0.0757143913214203,0.201608702656622,0.551552163857559
4957,0.0274572761488651,0.075712124084698,0.200743809319068,0.544906221539078
4958,0.0274771866989943,0.0757151132697012,0.200471252994799,0.542086066313026
4959,0.0274868960434993,0.0757030095169561,0.200990772762991,0.554352487682769
4960,0.0274743635013358,0.0756116845920315,0.201415272403725,0.552495083488559
4961,0.0274714284565361,0.0756355486541614,0.201946087905484,0.548617301671487
4962,0.0274714734539757,0.075786764342085,0.201815653064875,0.54723642801486
4963,0.0274881599395539,0.0759776030716107,0.202099006661258,0.547811740751864
4964,0.0274829427657915,0.0758336088300855,0.201684913246594,0.548702563365743
4965,0.0274823535731163,0.0757367529725992,0.201272038181663,0.547061570132176
4966,0.0274774238056951,0.0757183195405478,0.201102307133767,0.552453299645358
4967,0.0274814659938424,0.0757432522677054,0.201484972502112,0.550848270558292
4968,0.0274884387311111,0.0756765720105991,0.201017015014909,0.545247002404445
4969,0.0274798598652153,0.0757912139511721,0.201396126250966,0.551937468937961
4970,0.0274864717301064,0.0756731100290869,0.201905858656914,0.549263771118983
4971,0.027490933993427,0.0756353831544462,0.202092976908145,0.548591502600874
4972,0.0274803043607876,0.0757848295687763,0.200387780081482,0.542912555139434
4973,0.027474715050724,0.0758195084597563,0.201015611663632,0.551698857129142
4974,0.0274814261027514,0.0756756739938763,0.201594395294289,0.549582046462182
4975,0.0274954710031283,0.0757533832017504,0.202144674383518,0.551864228163322
4976,0.02747734982947,0.075674362311374,0.20170206440475,0.541251120516613
4977,0.0274872065381532,0.0757602398240155,0.201336730482784,0.550804199723725
4978,0.0274561639976023,0.0758095186958564,0.201638816662546,0.544599625008026
4979,0.0274887297645416,0.075782793163661,0.201178318526894,0.548699921777822
4980,0.0274880439597448,0.0757667654474126,0.201171898494434,0.543454542835769
4981,0.0274699627449668,0.0757686619087221,0.20184589592082,0.548700320962346
4982,0.0274761762258098,0.0757665437483459,0.201613008344442,0.549015130184237
4983,0.0274858999393091,0.0759379692056995,0.201994902102113,0.546936515332535
4984,0.027489493767258,0.0758135998141014,0.201303714118833,0.541705039456395
4985,0.0274811888889091,0.075788751178647,0.201203285896005,0.547724091465701
4986,0.0274850095130934,0.0757714858888116,0.200908531586763,0.550445288199753
4987,0.027495185291415,0.0757473152462053,0.201041156809408,0.550930525981359
4988,0.0274841276098758,0.075740465660029,0.201824767223223,0.546101679950729
4989,0.027481784458051,0.0757526349126658,0.201051309228586,0.547858204440974
4990,0.0274600338539374,0.0757561156326808,0.201020083136162,0.545527582430607
4991,0.0274803560824065,0.0756606319893741,0.20153352957973,0.549507983730898
4992,0.0274529483140019,0.0756877837414365,0.201145715927936,0.549025946458452
4993,0.027481411787188,0.0756642286086392,0.200764231767317,0.548277310903105
4994,0.0274804603253676,0.0758105201041332,0.201547725440625,0.551495802907706
4995,0.0274916068015449,0.0757415300460705,0.200969353435854,0.547926702737246
4996,0.0274796929743076,0.0757405395389714,0.20147499518253,0.552653398495325
4997,0.0274763031023327,0.0756588831978714,0.201065285285763,0.547965266280942
4998,0.0274837510066883,0.075572350496825,0.200218051773663,0.544298619660473
4999,0.0274699799286511,0.0756986100374496,0.200561758459859,0.548782583268464
5000,0.0274698106179538,0.0757352505544321,0.200633221503898,0.546441579804399
5001,0.027468089833845,0.0755792161698341,0.201020946400799,0.545830621935844
5002,0.0274713344200037,0.0756595838538085,0.201062323699846,0.548933346816758
5003,0.027480223625383,0.0756783282736986,0.201533771382636,0.54966961146848
5004,0.0274882209854059,0.0757877111130134,0.201768836104222,0.544741997282752
5005,0.0274792883017473,0.0756560758251082,0.20214389845683,0.543413042908258
5006,0.0274784025913905,0.0758277053310564,0.200940641254489,0.548139779161143
5007,0.0274661704694194,0.0757216448311792,0.201578592395165,0.547467099754274
5008,0.0274694788588605,0.0756620883153369,0.201153052831474,0.542816553310371
5009,0.0274804813988453,0.0757279038052523,0.200694653471797,0.543835894294404
5010,0.0274605932769793,0.0757128796008882,0.202027238980115,0.548549284537067
5011,0.0274793940668165,0.0757839927221544,0.201562292669367,0.553513051565611
5012,0.027486343930279,0.0756880749842789,0.200451821841759,0.547735923346799
5013,0.02748070700526,0.0755491354818114,0.201447165805968,0.54977158523681
5014,0.0274844991559201,0.075738008801382,0.201830173199714,0.547991226024917
5015,0.0274779717781751,0.0757976418262337,0.201826701690668,0.549148087628375
5016,0.0274611767114066,0.0757957810065358,0.201983755008288,0.548645626795249
5017,0.0274803309487516,0.0757936287122822,0.201719750329726,0.554318197399231
5018,0.0274763339331422,0.0757448574822716,0.201688319745315,0.553995513116434
5019,0.0274854765481624,0.0756729468172799,0.200601499989822,0.547067569662747
5020,0.0274738143299748,0.0757565270720757,0.201534221634133,0.54733284093689
5021,0.0274710336517975,0.0756939740420418,0.201662211476434,0.553683764613791
5022,0.0274833074986573,0.0756887438790583,0.201021680040212,0.544036473574546
5023,0.0274764018727737,0.0757822508855936,0.202381344695019,0.55571480818758
5024,0.0274769490808267,0.0758304546261401,0.20162063956206,0.545642314592581
5025,0.0274735058727966,0.0757496630420215,0.20131186688892,0.551047813362639
5026,0.0274794314932447,0.0755862971296769,0.200680353160747,0.55004517163415
5027,0.0274760958951556,0.0756882425535132,0.201005730402763,0.546349732990755
5028,0.0274555085089911,0.0756234079309781,0.200276720827626,0.553391292996569
5029,0.0274750476674739,0.0756830624538715,0.201042600523965,0.549992288848422
5030,0.0274645030091573,0.0756896911580603,0.20188466189852,0.551232474478172
5031,0.0274784267648081,0.0756690039870798,0.201694569668125,0.552565983446136
5032,0.0274939623333385,0.0756449707036593,0.201299305013329,0.546837763291529
5033,0.027482120927787,0.0755705339920407,0.201492593395161,0.548257937785979
5034,0.0274779182138756,0.0757035402800918,0.202255092669255,0.550903557038123
5035,0.0274806609660736,0.0757693952489454,0.202015506467179,0.551531577965298
5036,0.0274832701202538,0.0758031892448963,0.201338144155655,0.546248474983117
5037,0.0274722507407721,0.0758679791796239,0.201420517973807,0.544135556158845
5038,0.0275026336006268,0.0757529867894514,0.201485208148747,0.552546169612407
5039,0.0274725177438527,0.0757795474374441,0.201038173692944,0.549944380487797
5040,0.0274968051028303,0.075968961751835,0.20241415834058,0.551600933210281
5041,0.0274821702054663,0.0757311533303835,0.201544895205804,0.543503256257082
5042,0.0274707486872985,0.0757380252362473,0.201928055716077,0.549477421035105
5043,0.0274810823549832,0.0756435189817716,0.201760626353888,0.550525772225086
5044,0.027482031168428,0.0756668387280165,0.200551138334725,0.552148864642416
5045,0.0274791118788346,0.0756654756756022,0.20174908807064,0.552212368302201
5046,0.0274644050710628,0.0756301573022974,0.201050375416258,0.551086823712731
5047,0.0274828875273863,0.075764601305352,0.200673517578478,0.542073725263865
5048,0.0274869255164411,0.0756972054293801,0.201090709157667,0.548508971198591
5049,0.027493907592265,0.0757886331339225,0.202144039430337,0.550279351965724
5050,0.0274728460903163,0.0756568621314608,0.200491013787302,0.5387311221081
5051,0.0274629071972219,0.075644170444708,0.201581250391556,0.55053802765896
5052,0.0274892805893759,0.0757545667816856,0.201421360671459,0.551306487877402
5053,0.0274726162524336,0.0756997044910636,0.20128861845024,0.545630141230548
5054,0.0274830012765135,0.0757401519745418,0.201496814452856,0.548459997460459
5055,0.0274745908461527,0.0756293490302925,0.20039173250651,0.540988388932701
5056,0.0274831810701468,0.0757471030137205,0.201789100434092,0.548344614184537
5057,0.0274702406384371,0.0758295346949971,0.201574281605272,0.542750484193523
5058,0.0274671377570253,0.0757643835251706,0.201850137497754,0.54899168349339
5059,0.027488525321246,0.075689147078447,0.201279721341658,0.549227383426186
5060,0.0274821006386758,0.0756968226584242,0.201401261501005,0.555095535958764
5061,0.0274633865460155,0.0756342158804247,0.20091775736196,0.552406133495
5062,0.027502394435523,0.0758586555054138,0.201487257517577,0.544852528656968
5063,0.02747154026114,0.0758028228047099,0.202279818965695,0.545120586452205
5064,0.0274750605226565,0.0756913819187955,0.200853799766099,0.548857279383979
5065,0.0274696911766456,0.0756580406471299,0.201149822192921,0.545302039256557
5066,0.0274762394325726,0.0758325206283834,0.201453184495533,0.546514443578883
5067,0.0274768250062217,0.0757121102995437,0.201390519112361,0.555631198998292
5068,0.027483321402222,0.0756492470953057,0.201053032367005,0.545925119882851
5069,0.0274702545532797,0.0756080374802218,0.201465163745392,0.547195983769193
5070,0.0274808296770908,0.0757251841871057,0.201083889606024,0.549172421763683
5071,0.027469681817008,0.0756191746131346,0.201758697927247,0.550634541031762
5072,0.0274856480867347,0.0758400778028506,0.20210270015973,0.54582466288211
5073,0.0274694741486778,0.0757031994024278,0.201286270455933,0.553583713745043
5074,0.0274738821154004,0.0756034376606883,0.201074042099088,0.549118620138477
5075,0.0274657263768497,0.0757036924154906,0.20117620277625,0.548721882369262
5076,0.0274831464754236,0.0757670770022765,0.201544629857372,0.546579943081289
5077,0.027496284158012,0.0757362666239288,0.201562331769638,0.545091739373168
5078,0.0274818499979018,0.0758129468248697,0.200928989682636,0.544555116586742
5079,0.0274694497356782,0.0755939369181891,0.20141896624663,0.550088971683169
5080,0.0274863014922094,0.0757505558593531,0.201254704558718,0.553667515398037
5081,0.0274674123352337,0.0756508080070714,0.200466416744062,0.545286246793612
5082,0.0274816592125486,0.075787004818918,0.201788335936183,0.551027516532588
5083,0.0274799885154404,0.075778317863218,0.200278685969106,0.545199804193395
5084,0.0274696576917004,0.0757029193796733,0.200643409375096,0.550562664189175
5085,0.0274741903146597,0.07570559332148,0.201607586188787,0.544781083415344
5086,0.0274757516980038,0.0757700646132251,0.201245204600796,0.553080753316308
5087,0.0274709839645312,0.0758577728008417,0.20235512918737,0.5544745837118
5088,0.0274707159403278,0.0756599790216975,0.201007491244697,0.550592274751655
5089,0.0274742291353735,0.0756486667097458,0.202068112314222,0.555215299301466
5090,0.027466984370235,0.075802418916432,0.201645425003088,0.548501063596563
5091,0.0274901460021666,0.0757848818451378,0.201131769667099,0.551699848457618
5092,0.0274666414966128,0.0756970580489751,0.200866690304161,0.552285671646567
5093,0.0274787876265501,0.0758129707660618,0.201894744747364,0.549712858260334
5094,0.0274888184797873,0.075774721894932,0.201083221909458,0.545020603109315
5095,0.0274905817184972,0.0758817122322335,0.201656877991246,0.547775457673945
5096,0.0274884100941402,0.0758103169424647,0.201385157939312,0.555479205240351
5097,0.0274668556991357,0.0756755555950097,0.20132623526735,0.553368415615728
5098,0.0274734244633165,0.0757709151206126,0.202210248661732,0.547845806012005
5099,0.0274858091663215,0.0758020145451039,0.201459418882511,0.553027161315769
5100,0.0274735033099931,0.0756100024957675,0.200245657795144,0.549047941501407
5101,0.0274871623997961,0.0756554925230891,0.200819948480593,0.545330948095572
5102,0.0274804728894108,0.0757089357605212,0.201199565692164,0.552235855854243
5103,0.0274824554276335,0.0758144349948144,0.201132460985906,0.545932855451614
5104,0.0274739990301222,0.0757359037525419,0.201719543884543,0.54497891316291
5105,0.0274928686534035,0.0756677157504312,0.200643826143601,0.547133682164629
5106,0.0274819395242603,0.0756069899454997,0.201562221276271,0.550080458791482
5107,0.0274895740960459,0.0758221425914836,0.201452096929283,0.550774460583046
5108,0.0274609112622169,0.075717817993224,0.201824878115451,0.550538559358033
5109,0.0274765357892166,0.0757236332614754,0.201917523808511,0.544010144576392
5110,0.0274634443070935,0.0757485486816277,0.202482029441376,0.553576946158785
5111,0.0274693103828283,0.0756777709606784,0.201860099833487,0.547905891980311
5112,0.0274981237473399,0.0759339685500209,0.201527565456649,0.55077280709602
5113,0.0274635830615235,0.0757549721189258,0.202224217479464,0.549579546228793
5114,0.027467444320692,0.0756288308377163,0.201189114538806,0.548244114633812
5115,0.0274984031514063,0.0757316954330027,0.201468534423265,0.54534317356728
5116,0.0274846542786408,0.0757307240060442,0.201149935753073,0.550888443644263
5117,0.0274828159276242,0.0757292491978544,0.200579753366641,0.547768189270673
5118,0.0274645603841548,0.0755399288869163,0.201244732261059,0.546755658572035
5119,0.0274741070043657,0.0756386351621295,0.201747856803073,0.551983570751592
5120,0.0274707912330386,0.0756732779355255,0.200990769429475,0.547697729545659
5121,0.0274799546107879,0.0757722205236968,0.201945616025344,0.552153568914744
5122,0.0274743698464049,0.0757669297963677,0.201434146934294,0.551609074788437
5123,0.0274616230508723,0.0756563437936843,0.200563413081662,0.550566453344477
5124,0.0274817908145432,0.0757095990726017,0.201211604033986,0.547981729330874
5125,0.0274748257086845,0.0757448920729712,0.20139759550859,0.549821336859439
5126,0.027459423758083,0.0755769257020548,0.201001277565611,0.547716212150666
5127,0.0274799976051472,0.0756144594012838,0.200632880008984,0.546545738928674
5128,0.0274500367144586,0.0755987548339513,0.201214813422683,0.550644827574061
5129,0.0274730888560144,0.0758325827905387,0.201461713039356,0.550188613826664
5130,0.0274804801977512,0.0757951709309371,0.201530360059748,0.549140046011284
5131,0.0274879570930719,0.0757315671563994,0.201533025760684,0.558275023775148
5132,0.0274871604541606,0.0757427423425634,0.201657994955994,0.551242702974045
5133,0.027485580713367,0.0757084419799081,0.201002758517659,0.546240411668226
5134,0.0274877498187523,0.0757725129948552,0.201597667847421,0.551014596435906
5135,0.0274825732529398,0.0756454948362907,0.201504805362712,0.547890713481966
5136,0.027457921422845,0.0756964364880414,0.201791960637821,0.54875463784427
5137,0.0274895261738079,0.0757336045557417,0.20156823118661,0.55074087467502
5138,0.0274797247396491,0.075838090432901,0.202178615389455,0.550192023751091
5139,0.0274710323770345,0.075726655202398,0.200854568195661,0.554752647873107
5140,0.0274710829735716,0.0756546952305872,0.201716613691319,0.546501028678405
5141,0.027507729214966,0.07580298629426,0.201100693949918,0.550639378352643
5142,0.0274816526747651,0.0757240204233614,0.201603943603458,0.550122613476853
5143,0.0274685276480801,0.0757939623455831,0.200669776692981,0.545597272626348
5144,0.0274748631310648,0.0757165155649449,0.201168376937978,0.546723037631187
5145,0.0274858053675671,0.0757386129091591,0.20140448186521,0.549938279690921
5146,0.0274795187401972,0.0757362477375261,0.200849993625113,0.542061825259906
5147,0.0274671139320663,0.075623220309706,0.201526166485072,0.549461808761671
5148,0.02747642353528,0.075684062156267,0.20153735146158,0.549627145423243
5149,0.0274663082816688,0.0757455050723678,0.20165935116347,0.547145979435181
5150,0.0274638265528463,0.0756490803671881,0.200891769626218,0.54871771476601
5151,0.0274703729711604,0.0759650445312517,0.202158089519656,0.546252348857853
5152,0.0274712604075199,0.0756682601362488,0.202416044898971,0.549494677586705
5153,0.0274840048424787,0.07572493256127,0.201071204741507,0.543677872563775
5154,0.0274745080287037,0.0758274502377298,0.201754691453006,0.551709143985172
5155,0.0274791231101938,0.0756695612551049,0.202011861145101,0.555518407018184
5156,0.0274589736490704,0.0757964987135134,0.201718667614494,0.544123015310398
5157,0.0274686756734609,0.0756707016988127,0.201041631907194,0.548930350772661
5158,0.0274705950508253,0.0756994999342078,0.200962725828048,0.552512830431401
5159,0.0274815008237411,0.0756985844839392,0.201111661312729,0.552707317342538
5160,0.0274894492701892,0.0757453132897817,0.201001289602029,0.546730976093842
5161,0.0274761646421588,0.0756452049405643,0.2020003662403,0.548025362512853
5162,0.0274787319493216,0.0756995249107087,0.201510344256646,0.550645143822856
5163,0.0274823186735533,0.0757420442268848,0.20154282723264,0.553063285230346
5164,0.0274826189558492,0.0756300176630634,0.201353059166822,0.545789458672258
5165,0.0274795122092759,0.0757067915273743,0.201591371401547,0.548287109280856
5166,0.0274638021775992,0.0757783530855083,0.201398093348402,0.543259113464308
5167,0.0274765193307379,0.0758194355879697,0.201798728408769,0.550712797563377
5168,0.0274689857425618,0.0756445106363234,0.200749899715425,0.547512775564986
5169,0.027481592321899,0.0757270274600364,0.201895448249325,0.552582531755123
5170,0.0274629184450331,0.0757609403263224,0.200371224928497,0.549960274961689
5171,0.0274751354249202,0.0755604437196409,0.201004810402533,0.549036923589968
5172,0.0274886183594701,0.0758351745934823,0.201455539890634,0.542723713590078
5173,0.0274622658077741,0.0756895367299741,0.201514055687048,0.549052637802264
5174,0.0274763011543163,0.0756487077555244,0.202308874751679,0.547200088317078
5175,0.0274620866804603,0.0756966589620277,0.201201333155089,0.542970287396505
5176,0.0274814891335386,0.0758530009888441,0.201529906435528,0.548812236030915
5177,0.0274766632530553,0.0757323882667943,0.202053973731853,0.548780837892966
5178,0.0274841582581094,0.0758204591822418,0.201387750206964,0.550681813307699
5179,0.0274602131343659,0.075692114484134,0.201238074789248,0.542355188201253
5180,0.0274884075148627,0.07578924784617,0.201325545225111,0.551201932300729
5181,0.0274942871699857,0.0757179303516714,0.200541262224173,0.543275775133922
5182,0.0274789708582641,0.0757517527463927,0.201666794719162,0.551401762866886
5183,0.0274749785494405,0.0757484635069592,0.201633060755599,0.548853336458403
5184,0.0274915281375228,0.0756993872386751,0.202054702564046,0.544723702665068
5185,0.0274711544026323,0.0756556292260756,0.202163646572298,0.548214273785889
5186,0.0274702856005444,0.0757893521152219,0.201388449217488,0.552561106101863
5187,0.0274665174277864,0.0756974268201223,0.201633472891665,0.552040186332156
5188,0.0274862220663091,0.07571203918711,0.201610549870956,0.549486388629939
5189,0.0274694387927196,0.0756058114954336,0.20192405725522,0.549846734868699
5190,0.0274779178949541,0.0756440979084713,0.200657008867141,0.547819929440605
5191,0.02748867205801,0.0757222252392308,0.200841956759725,0.547951348935742
5192,0.0274638075582612,0.075707113299091,0.200462147793319,0.550220221926632
5193,0.0274603728285136,0.0756538635628101,0.200183510914677,0.544637578951899
5194,0.0274782554279816,0.0756719468755687,0.201664771872343,0.550291439699141
5195,0.0274821153753473,0.0757225706304224,0.201427511697472,0.551295072675078
5196,0.0274808665478788,0.0757512598789291,0.201701616772152,0.553831554985802
5197,0.0274824053446418,0.0757652724110549,0.200429842882427,0.540475063084622
5198,0.0274773997318915,0.0757192137690874,0.201002959691513,0.548678579386584
5199,0.0274921087384398,0.0756770967652251,0.201669021535268,0.546058256149167
5200,0.0274852414792123,0.0757644641987339,0.201496498505492,0.5477155810336
5201,0.0274859980732625,0.0756898394850868,0.20149176443881,0.550529058385754
5202,0.0274793974025901,0.0757494770352344,0.201218523446663,0.546357962364088
5203,0.0274895745173944,0.0758097306108413,0.201414887139624,0.544437554842951
5204,0.0274759703134358,0.075657023759011,0.201378249308217,0.555821403986638
5205,0.0274739815014758,0.075557432606078,0.201665732851361,0.552919751088029
5206,0.0274729239205861,0.0756580341389799,0.200615809568209,0.554093410619589
5207,0.0274525631364007,0.0758114198930849,0.201829376198849,0.553145011767231
5208,0.0274745295911486,0.0758197021939938,0.201072378116,0.553120513392244
5209,0.0274779897040581,0.0756584400129157,0.201275142807311,0.549590788317134
5210,0.0274803983155043,0.075643872102405,0.200950903183929,0.546833085919507
5211,0.0274715861846387,0.0758354180497737,0.201554388994597,0.545319168259045
5212,0.0274736454962951,0.0756736538427486,0.201113649074263,0.545443036357332
5213,0.0274883388458216,0.0757763164267574,0.201611954243038,0.547567249836646
5214,0.0274811128255514,0.0757286095606199,0.201082091684771,0.547480191745677
5215,0.0274765739866595,0.0757732387575659,0.201795854788215,0.550997707005415
5216,0.0274564629559691,0.0755681321314212,0.201331307142646,0.553771184569125
5217,0.0274762319984599,0.0757320563340058,0.201516267375065,0.545530141244394
5218,0.0274715173163315,0.075733779300608,0.201819751829061,0.550093138617664
5219,0.0274742251325172,0.0757157336256202,0.202198711415884,0.550602761144244
5220,0.0274839679171177,0.0758063892254911,0.202027921496889,0.550919040661303
5221,0.0274835120180179,0.0757904718866188,0.201641169222902,0.549731738919567
5222,0.0274610946271997,0.0755995764684904,0.2010933121122,0.547922721048314
5223,0.0274798327337711,0.0756539650563708,0.2013663744115,0.552607707666428
5224,0.0274905031783852,0.0756530971074804,0.201682553856749,0.54779959362469
5225,0.0274748017822655,0.0756908126645103,0.202223207537768,0.550342332310282
5226,0.0274747592876333,0.0757705260301268,0.201227840847756,0.547613150694898
5227,0.0274792452164682,0.0757043427986596,0.2014672284531,0.5421696270562
5228,0.0274843247776431,0.0756496216687596,0.200791566735814,0.550910994366267
5229,0.0274779310107616,0.0756803005346363,0.201015930639945,0.547036692206196
5230,0.0274778344440415,0.0757133438371368,0.200216069467647,0.54372038052588
5231,0.0274816887901732,0.075763211430971,0.201836764582625,0.549184107003098
5232,0.0274954599585503,0.0759602231009563,0.202214967236031,0.546600970192551
5233,0.027473098396999,0.0755879456611983,0.201085249694212,0.54369516745716
5234,0.0274766462150256,0.0758024477016593,0.201294822964882,0.547900671137498
5235,0.0274800974443481,0.0757699504222193,0.201495085321219,0.552775646115447
5236,0.0274888069732063,0.0757284528463825,0.201634340416317,0.551040043364623
5237,0.027470702008338,0.075745238451517,0.201557367582418,0.545883912272317
5238,0.0274699036438893,0.075721917542928,0.201122690027834,0.546209505466478
5239,0.027469573827469,0.0757466953825422,0.201587831731555,0.54826722994632
5240,0.027477852074093,0.0757958291502518,0.201441001400627,0.551463848210947
5241,0.0274802090796575,0.07574221256491,0.201178032760568,0.551528107889473
5242,0.0274953472937714,0.075665042277172,0.20113855635472,0.546197688670655
5243,0.0274708158557525,0.0757119014169205,0.201833596221427,0.5470841272772
5244,0.0274549895440795,0.0755362413532269,0.200624331159563,0.553716538006939
5245,0.0274871817614881,0.0758655749515482,0.202456675771018,0.553989903987335
5246,0.0274665541350506,0.0756111256511279,0.200909534524728,0.547553562822811
5247,0.0274724303489573,0.075714020459542,0.201623736695163,0.5463683167745
5248,0.0274736668348909,0.075662105683231,0.200711744921966,0.547977206680825
5249,0.0274830749869466,0.0757626812377122,0.201432459476123,0.545611665539311
5250,0.0274849282059371,0.0757136030443358,0.20109030475318,0.549175960519479
5251,0.0274592840377659,0.0756489605972941,0.201319417827686,0.544200268561639
5252,0.0274762001136534,0.0757204409999783,0.201500595870627,0.548891734386596
5253,0.0274843290692951,0.0757744949672885,0.201677073546891,0.549575914727903
5254,0.0274747206739546,0.0756540714963498,0.201916764816944,0.54964812610142
5255,0.0274891069396767,0.0757728991975344,0.201966447388461,0.550109204383658
5256,0.0274713516696819,0.0755905008657956,0.200854657235776,0.550782677096692
5257,0.0274781694049818,0.0756769557949675,0.200426340883183,0.544136402456398
5258,0.027508885917004,0.0757151928722711,0.201941420192804,0.546607164992472
5259,0.027469584095213,0.0757679539627244,0.200842425371858,0.547849853100328
5260,0.0274676851361955,0.0756673699840706,0.200430786188142,0.54646678094004
5261,0.0274856398047489,0.0757809252819192,0.201296846998806,0.55150720111808
5262,0.0274647551442322,0.0757708027135908,0.201504228920823,0.547978438185032
5263,0.0274721137502052,0.0755815061791976,0.200377259379983,0.550341932601198
5264,0.0274812776742886,0.0758674561546653,0.202141820137894,0.550023373946696
5265,0.0274969339833458,0.0756910117578023,0.201328308638337,0.548891680565344
5266,0.0274699220274183,0.0757995364407414,0.201469144822706,0.55248825465189
5267,0.0274703340367905,0.0758103971111287,0.201586006513258,0.544272761101755
5268,0.0274734974833342,0.0758124741922773,0.201663893912027,0.550065065785302
5269,0.0274796543559192,0.0757693897322277,0.201681150860752,0.544956213252188
5270,0.0274824098465569,0.0757035760716591,0.201030548161331,0.546961452773243
5271,0.0274625854703595,0.0757627925987593,0.201659359793247,0.547947022809881
5272,0.0274884709240621,0.0758058351906251,0.200620549477343,0.545391537953567
5273,0.0274765808268223,0.0757540837535411,0.201328865747311,0.549498102834984
5274,0.0274729730597929,0.0758492324635815,0.201355135513937,0.553188398879434
5275,0.0274782643346965,0.0757167308299658,0.200946593237121,0.551974740399881
5276,0.0274745937931958,0.0756169320299131,0.201603650211023,0.541933023532679
5277,0.0274659394291745,0.0756229615256396,0.202192324902152,0.54458368379362
5278,0.027477058541409,0.075682676268268,0.201138268304065,0.552036522613079
5279,0.0274768121863757,0.0756741588308566,0.201095692131254,0.543844622003775
5280,0.0274750909003164,0.0756667999398342,0.202080629758542,0.544463243819858
5281,0.0274779889889807,0.0757234322300687,0.20153082445339,0.543036695282089
5282,0.0274733281027204,0.0756782507579423,0.201701571306351,0.548947332703365
5283,0.0274803317800291,0.07572146261991,0.201841121205905,0.550007578514721
5284,0.0274625837555675,0.0757475549636601,0.201698382921884,0.552911455586783
5285,0.0274742386965114,0.0758343169479694,0.201124601211455,0.547787281258626
5286,0.0274758112866986,0.0757332051408434,0.200995200214598,0.547743075608763
5287,0.0274790801227686,0.0756978524721645,0.200860341942815,0.549799562560652
5288,0.0274780843054538,0.0757746950130541,0.201556043210695,0.552017893159323
5289,0.0274739080516196,0.0756644777355487,0.201616611060703,0.551492183774281
5290,0.027481138676812,0.0757906478354388,0.202207611162548,0.548617058201255
5291,0.0274740593417731,0.0756698625671973,0.201145083808471,0.542308000087417
5292,0.0274787817868869,0.0757782699388311,0.20099178973345,0.548071426316891
5293,0.0274852523825045,0.0758008434434779,0.202233958036242,0.549664514701669
5294,0.0274717367319523,0.0757668174544094,0.201949770911886,0.546080567204277
5295,0.0274753759903236,0.0755929642362963,0.201228608592502,0.545868581832048
5296,0.027483533146703,0.0757817689453652,0.201562002355509,0.551624166599517
5297,0.0274670261841316,0.0756531227730578,0.201072205545787,0.553392548966602
5298,0.0274881104698183,0.075885041329444,0.202440757141221,0.556547609135075
5299,0.027464610784561,0.0756215042337086,0.20048535699783,0.54815096800329
5300,0.027471714324299,0.0757480526770432,0.200769192994774,0.5446310941587
5301,0.0274740607789444,0.075708384930622,0.202145507163918,0.549711143675516
5302,0.0274792996828275,0.0756305988657256,0.200869631350148,0.55085418395722
5303,0.0274802752867109,0.0756835633683345,0.201321046601319,0.550550467089338
5304,0.0274855226878903,0.0756559036374236,0.201285979728993,0.546991839346142
5305,0.02746595353623,0.0756492676073277,0.201280657821156,0.553330201696665
5306,0.027486688455687,0.0758376484171829,0.201905151447438,0.542962703701753
5307,0.0274716680078808,0.0757897130800046,0.201563461030763,0.548860454234528
5308,0.0274824255442246,0.0757355698891979,0.200849914982644,0.547676649105655
5309,0.0274941853362612,0.0757429641886912,0.202146363667585,0.549401707750488
5310,0.0274737215599161,0.0756259884559372,0.200578622372281,0.551676914611539
5311,0.0274843285331925,0.0757427574241433,0.200442821675864,0.551377960241769
5312,0.027473151363284,0.0758114732646775,0.201482361676812,0.548506574180974
5313,0.0274786966460446,0.0758580443447071,0.20246440909303,0.552603174672069
5314,0.0274612554183893,0.0756029773443254,0.201486753170399,0.550423450650366
5315,0.0274726148324499,0.0757710344330517,0.200215143009594,0.54911535919342
5316,0.0274694682901829,0.0758835986117831,0.201355071536876,0.548773190315036
5317,0.0274751259017632,0.0759522090621714,0.201699870642273,0.547131384572731
5318,0.0274812369365082,0.075711154662904,0.201050986401921,0.54717464097063
5319,0.0274718288169646,0.0758142307640406,0.201676969688673,0.550047824755147
5320,0.0274684582459961,0.0756588101630483,0.200895160780714,0.544588143252262
5321,0.027462532583632,0.0756992802534488,0.201640315083578,0.54700482874704
5322,0.0274723423548019,0.0757191196718933,0.201053567447438,0.5527908124782
5323,0.0274617633066579,0.075758199967155,0.202494547204136,0.554562780183511
5324,0.027481731410264,0.0756503084168842,0.200393939634517,0.554206040899793
5325,0.0274939611506469,0.0757233916038985,0.201038235858813,0.551973921469891
5326,0.0274832388297956,0.0757413970589945,0.20118544061688,0.549383234183007
5327,0.0274792859226695,0.0758362371841451,0.201241058880466,0.541815752168742
5328,0.0274765866095577,0.0758191442185455,0.201210195585701,0.550004185699025
5329,0.0274764878243723,0.0757664333395126,0.200822710232227,0.54684447789992
5330,0.0274696099112828,0.0756341010565899,0.201684352700235,0.544136032921776
5331,0.0274747260504101,0.0757075136159865,0.200911974023125,0.544441032699652
5332,0.0274876568972818,0.0758993859960971,0.20176725262275,0.552507805302992
5333,0.0274846059933535,0.0758713421409577,0.201789805039004,0.549894331844715
5334,0.0274798910542604,0.0757494088119522,0.201999095941951,0.548484177107872
5335,0.027473590102213,0.07577341306067,0.201321734447052,0.546939950485645
5336,0.0274775950142966,0.0758289763526931,0.200522285871657,0.548452610688193
5337,0.0274628757912182,0.0756175688700338,0.200562982700374,0.544007103553524
5338,0.0274735654933691,0.075749188169489,0.200644154283882,0.545273398551899
5339,0.0274767797797418,0.0757517975534512,0.200971019461968,0.55015587894222
5340,0.0274780817404647,0.0757142827876219,0.201058513545697,0.552959227288502
5341,0.0274702365983821,0.0756661939072145,0.202052417937446,0.55162587401835
5342,0.0274679697582173,0.0757528935854554,0.201697746996679,0.55134185408398
5343,0.0274852075079363,0.0757045289705539,0.201108058115085,0.5484967469513
5344,0.0274712551754263,0.0756667268150584,0.200020756876202,0.5493657050736
5345,0.027483707475251,0.0756483557253685,0.200649117825099,0.543474514952803
5346,0.0274704017337786,0.0755479356657313,0.20153595561056,0.54551775086297
5347,0.0274823678181918,0.0758431998712845,0.200807722912074,0.55039692387066
5348,0.0274887161832489,0.0758026084511059,0.201936973005493,0.54633089817177
5349,0.027477190626221,0.0756790716230538,0.201216431511974,0.551194507026402
5350,0.0274868997022399,0.0757468422878817,0.201135283013558,0.542454240751009
5351,0.0274923790602057,0.075671470778265,0.201018681897516,0.551817008178017
5352,0.0274827146348054,0.075801928716138,0.201493182452923,0.546225815188004
5353,0.027459264030351,0.0757247096690452,0.200669151122275,0.546283460469678
5354,0.027487371633167,0.0758770613418396,0.201464569322015,0.553669767551336
5355,0.0274692731540333,0.0756442593165657,0.201340676971254,0.543684062775137
5356,0.0274822838032533,0.075770475592492,0.201157322843294,0.537626370557591
5357,0.0274732950184807,0.0757123456632088,0.201335221758825,0.549624304400714
5358,0.0274834440647281,0.0756921756310624,0.201115547248008,0.54724818979599
5359,0.0274825600671281,0.0757033285429128,0.201326413700405,0.545608019571956
5360,0.0274721870595643,0.0756772763601466,0.201521940973778,0.552017288628522
5361,0.0274698074947287,0.0757767817505007,0.201797063192329,0.546953437752432
5362,0.0274870555313563,0.0757852131136752,0.200816717505825,0.550942226109169
5363,0.0274816769255343,0.0757322250307958,0.201946746051521,0.553953081975548
5364,0.0274848254806694,0.0757066515759455,0.200789393998217,0.54776637972336
5365,0.0274831029326186,0.075724887230933,0.201302045466141,0.549855160222859
5366,0.0274792650045221,0.0757994148516687,0.201206419079884,0.553661986315238
5367,0.0274954634198866,0.0756407971177837,0.201152737077568,0.545837443843831
5368,0.0274969433690849,0.075740949444807,0.201725552260318,0.550530283103265
5369,0.0274836732740992,0.0756302293676139,0.201553911763403,0.542826225770022
5370,0.0274974956899051,0.075801333597466,0.201202239007438,0.5537207233398
5371,0.0274839730883182,0.0756747806723042,0.20153468107992,0.55161670752086
5372,0.0274757512333001,0.0758812507071937,0.201756260099506,0.54962905145008
5373,0.0274674614398237,0.0757917966512435,0.201793372631801,0.546881850383627
5374,0.0274790492385452,0.0756785806961403,0.200713900321997,0.547497571263687
5375,0.0274771488809735,0.0757746428135621,0.200492478964623,0.545778375717106
5376,0.0274793908103027,0.0757238548763459,0.201418963802763,0.547769719768779
5377,0.0274906232313902,0.0757970426418579,0.201027028640788,0.549786182319395
5378,0.0274748595412595,0.0759254051176935,0.201658025938014,0.548830806581804
5379,0.0274810808335174,0.0757424723266917,0.201138780160589,0.546814080036337
5380,0.0274645818422169,0.0757188360385744,0.20233965822798,0.54731457728235
5381,0.0274813990239892,0.0758316225856048,0.202471228757934,0.556061189657092
5382,0.0274950796092412,0.0756345999595842,0.200160320152743,0.550303098158264
5383,0.0274691361497628,0.0756734021572749,0.200606218459431,0.545899306894045
5384,0.0274746615919769,0.07570764122875,0.202174782898584,0.547285545799687
5385,0.0274821484392159,0.0757299283742027,0.2013558633398,0.543538863276582
5386,0.0274804815366582,0.0757794953605935,0.202102145731145,0.546185881331209
5387,0.0274720829545702,0.0758137861292634,0.201907371941396,0.55054195838732
5388,0.0274800415432839,0.0757561981334287,0.201959055874196,0.545545535229805
5389,0.02746936040241,0.075745498517165,0.201674462955048,0.549265725487082
5390,0.0274917738750908,0.0757899617115971,0.201095913451543,0.551900610769691
5391,0.0274770560839694,0.0757285818908891,0.201133031770531,0.542945868243889
5392,0.0274960087660316,0.0757742070339986,0.201733344343203,0.550276204309027
5393,0.0274902533012839,0.0758245238325231,0.200862576321337,0.551703530133554
5394,0.0274846957512507,0.0756595399929193,0.201713036372333,0.548320367969587
5395,0.027466818427266,0.0756319685804947,0.200677272572523,0.54913268094155
5396,0.0274974786672393,0.0757322257842569,0.202190060591457,0.550821583265221
5397,0.0274806157013437,0.0757530732304643,0.202145662710897,0.545670815643835
5398,0.0274778551080865,0.0756600013314787,0.201263364524417,0.548706559117924
5399,0.0274812036300743,0.0755919615551341,0.201629471659107,0.555676647775413
5400,0.0274885684854064,0.0757091392090112,0.202163326491848,0.552422326413344
5401,0.0274831519317703,0.0757461238355178,0.20128350274289,0.548313170408716
5402,0.0274760990535415,0.0757312514876702,0.200729457337309,0.547026044928156
5403,0.0274929667196986,0.0758364114414711,0.201250736284791,0.547865344032777
5404,0.0274735928143003,0.0758192948498386,0.201338531751094,0.548139716563715
5405,0.0274729652945257,0.0757390089208954,0.200380772732399,0.543705630582728
5406,0.0274943491906131,0.0758488232062604,0.202255912415379,0.548944375313053
5407,0.0274928184773189,0.0759074031807747,0.200941278843444,0.550565922610838
5408,0.0274772291507219,0.0756531390951593,0.201768066018544,0.55285463058387
5409,0.0274802083636076,0.075603939491117,0.201292344504718,0.54836667063124
5410,0.02746197026525,0.0757246425481461,0.201159473394487,0.543702976071227
5411,0.027489686649754,0.0757216583029294,0.201800804724708,0.54489784160308
5412,0.0274872932593577,0.0758691573152137,0.202001088942088,0.552623512399415
5413,0.0274816674672962,0.0757381579523897,0.201363567972985,0.549717104737027
5414,0.0274678152132432,0.0756721343740722,0.201409722813526,0.551610839889245
5415,0.0274684416367807,0.0757857809614119,0.201876653173795,0.546405012610338
5416,0.0274661063401618,0.0757644140201437,0.20100129265259,0.550978919399499
5417,0.0275022666558278,0.0757618901199619,0.201605790331126,0.548512586746527
5418,0.0274887942818865,0.0757348206309481,0.201771670848029,0.556991510094551
5419,0.0274665879542644,0.0757371654608063,0.201597505710379,0.550637608928839
5420,0.0274792127363321,0.0757648993672902,0.20170037931419,0.549916086015574
5421,0.027485587820934,0.0757040665763679,0.200876205863887,0.545168017438623
5422,0.0274940228200987,0.0756920393329227,0.201575114639204,0.55298514877661
5423,0.0274577506113783,0.0757839170792541,0.2011752021094,0.549002463872268
5424,0.0274720458250692,0.075616955145334,0.201472592547625,0.548198125963452
5425,0.0274900113272182,0.0758619870596042,0.201297261928519,0.549473978515257
5426,0.0274791174192788,0.0758283890267409,0.201809908834744,0.549573651261012
5427,0.0274751042549847,0.0757464634025582,0.201284873481928,0.547191058159986
5428,0.0274798362248245,0.0757518871651474,0.20182791270038,0.550674006626417
5429,0.0274642517793292,0.0756591219291479,0.200154939812732,0.547895846925545
5430,0.0274638936840523,0.0757746970059806,0.201665062946945,0.55403731054522
5431,0.0274743302125074,0.0757366913968296,0.201620939222652,0.551211550048882
5432,0.0274840521031364,0.0757485048297756,0.201765013855043,0.549925183685246
5433,0.0274777008974761,0.0756977821900489,0.200767076135163,0.547157624231443
5434,0.0274755161967915,0.0755903587611324,0.201852368512643,0.54848758773545
5435,0.027472915822833,0.0756545802862073,0.201527025125883,0.553278170124779
5436,0.027489694686344,0.0757363847703408,0.201468141761957,0.549343984314896
5437,0.0274754545528435,0.0756809997683818,0.202089140364209,0.548725631081437
5438,0.0274867251552486,0.0757778968253572,0.201678153882374,0.555305382344712
5439,0.0274708110818664,0.0757051863715623,0.200264037435365,0.540690048095274
5440,0.0274849332140103,0.0758329869227984,0.201666090871241,0.543800794822715
5441,0.0274842964397902,0.0758072393277127,0.202398432774416,0.55303426063015
5442,0.0274685123897335,0.0757535560679679,0.201590494777365,0.545266141655456
5443,0.0274816976420328,0.0757511832037731,0.200953640028696,0.545031602276189
5444,0.0274958578527748,0.0758905255755036,0.201923992541679,0.548037680814063
5445,0.0274842083402403,0.0757125944740716,0.201843764132818,0.543658343206593
5446,0.0274836056784194,0.0757258788224424,0.201099785355676,0.548018750357483
5447,0.0274682948012633,0.0756301573636183,0.201213631067869,0.551540060963897
5448,0.0274655854802796,0.0755505858183947,0.200320625484817,0.545470625802291
5449,0.027480178587735,0.0757818688525651,0.201073998479421,0.549657392300513
5450,0.0274862398742071,0.075761123129341,0.201067737796932,0.547076268796864
5451,0.0274807671449645,0.0756914531059493,0.201119646580079,0.549079326913705
5452,0.0274743159094175,0.0756103259624352,0.20203220968559,0.552545946856481
5453,0.0274702257131619,0.0757960383994555,0.201514884504709,0.555207204002192
5454,0.027482666218336,0.0757432561099707,0.201701815056553,0.553058646092065
5455,0.0274809923728732,0.075656412911623,0.2010354903493,0.548450406989922
5456,0.027480518987772,0.0757930591816608,0.20116850539029,0.545558079232407
5457,0.0274730634775024,0.0757224380911277,0.201172811951897,0.547252207475143
5458,0.0274817507151117,0.0756713976289728,0.200585466127209,0.545506030280981
5459,0.0274591294415438,0.0757179984172423,0.201095400302338,0.544581984482528
5460,0.0274683163836512,0.075738624757457,0.201331378524409,0.543615157565521
5461,0.0274582768596936,0.0756881509589636,0.20164939508415,0.549353760737711
5462,0.02749480490633,0.0758416007435535,0.201151233175878,0.542090901233539
5463,0.0274740378826724,0.075727302914284,0.202489647500633,0.54853377568314
5464,0.0274827581639934,0.0755655264426377,0.201235552770082,0.548310946558101
5465,0.02750007861219,0.075758604304918,0.202451089301103,0.54458321066235
5466,0.0274678279891154,0.0757952802983607,0.201393149822547,0.550277938292235
5467,0.0274766330657564,0.0757047500635472,0.201543853195802,0.547177282395458
5468,0.0274784376932286,0.0756960230113423,0.201644354430527,0.549927571797031
5469,0.0274697584131685,0.0756478540033055,0.201070193359507,0.547721197181147
5470,0.0274818443025763,0.075725554646031,0.202079802359452,0.547577509346757
5471,0.0274688370267801,0.0757424335479385,0.20253308051738,0.549926182541164
5472,0.0274802375111181,0.0757498360269776,0.201763540322769,0.54782414295553
5473,0.0274824284785791,0.0758364077208973,0.201956377602089,0.550910432552746
5474,0.0274817691162713,0.0757648023088111,0.200883906860752,0.548735053898251
5475,0.0274632619008594,0.0756182009507961,0.201243074025352,0.552333326658779
5476,0.0274809348225656,0.0757208395603037,0.201330424972392,0.547305922937504
5477,0.0274768597612996,0.0757666560108384,0.200944709415274,0.548341338886269
5478,0.0274759680240871,0.0757198156263836,0.201456123645339,0.550290935157042
5479,0.0274497634437777,0.0757211526814283,0.20123060923165,0.544360215670934
5480,0.0274660476065561,0.0755975012466724,0.201253323341032,0.548492784479536
5481,0.027483502372949,0.0756890126775793,0.20111418438351,0.546534550757247
5482,0.0274673611084837,0.0757913915477031,0.201829019810119,0.553917039206218
5483,0.0274635326269276,0.0756887860000429,0.201133959523973,0.556107640034478
5484,0.0274778836077019,0.0756239946529528,0.200578336465487,0.546626821335181
5485,0.027475284605014,0.0757615429505208,0.201931492294842,0.549698096029683
5486,0.0274739527240999,0.0757042442391579,0.201603791248911,0.546681684674937
5487,0.0274857318969413,0.0756753432199262,0.201608900565921,0.549329902412257
5488,0.02747696552111,0.0757607805877985,0.20146872852784,0.549025986656301
5489,0.0274819562343188,0.0758386781878543,0.201637982893455,0.550744421343789
5490,0.0274745922867505,0.0757165891580176,0.201154838963011,0.554925372925614
5491,0.0274725520066965,0.0757375142068929,0.201725402830788,0.554945165323062
5492,0.0274828262455816,0.0757648202967001,0.202441685229598,0.551336003449278
5493,0.0274682853021941,0.0756341250745031,0.201670853416781,0.550867540069465
5494,0.02748474462391,0.07579021850814,0.201304550986954,0.55259098396188
5495,0.0274718726601616,0.0757860941038744,0.200948692916814,0.55178900046421
5496,0.0274821543126076,0.0757499371886144,0.201764441861636,0.551477741889278
5497,0.0274983953459505,0.0757689285049458,0.200829710576693,0.553045080752468
5498,0.0274839270696251,0.0758362058117714,0.201585401391878,0.553817293196415
5499,0.0274799485310711,0.0756737594550534,0.200943652161376,0.543176393486378
5500,0.0274809263822391,0.0757710848306501,0.202379762332846,0.551369907502517
5501,0.0274778302377159,0.075684121851569,0.201230588447885,0.549486296690286
5502,0.0274924677696422,0.0756406395204185,0.202099660321914,0.548875104624846
5503,0.0274905098800753,0.0758357848447838,0.201485743419685,0.550255522655535
5504,0.0275036825547943,0.0757626461812359,0.201441147895452,0.5415001788337
5505,0.027457886707246,0.0756074986324905,0.200898470803711,0.545857010696412
5506,0.0274816509993975,0.0758433471809128,0.202328954732353,0.548583442879186
5507,0.0274971710700172,0.0757124149056781,0.201542120801991,0.549536463388208
5508,0.0274664952233024,0.0756460028380246,0.200893627850944,0.545941675158638
5509,0.0274890897364086,0.075782060074067,0.201579040647717,0.550767478931288
5510,0.0274606156990761,0.0756031744002426,0.201296122161476,0.542472093546266
5511,0.0274775271127306,0.0758358407469979,0.201752350461693,0.543967117865293
5512,0.0274833040039063,0.0757501078083362,0.200984640682066,0.544916532250967
5513,0.0274840931311173,0.0757905976444416,0.201820803546209,0.550343989853083
5514,0.0274820955273856,0.0756816007228351,0.201008026262449,0.549136976485572
5515,0.0274677730344354,0.0756160097665575,0.200426868974836,0.54312560774951
5516,0.0274653902532817,0.075865573980416,0.20134900396059,0.548622003767181
5517,0.0274698365054017,0.0757924274745592,0.201246134087604,0.548607185344002
5518,0.0274579192311955,0.0757822566896148,0.200784283567833,0.549236522344051
5519,0.0274740017665687,0.0756987422125171,0.201026913754487,0.552045584799119
5520,0.0274927421123755,0.0757059583738433,0.201151340793562,0.544655636602072
5521,0.0274653540391683,0.0756123322806716,0.201019127848828,0.543450956802014
5522,0.027456050449886,0.07573751506363,0.201041091304705,0.548028758512498
5523,0.0274767843043378,0.0757834130668952,0.201085075848464,0.55477928506807
5524,0.0274908437228489,0.0756563153616138,0.201416370833742,0.545598768806673
5525,0.0274795502830146,0.0758112028206762,0.200903506154945,0.546483838447344
5526,0.0274795678409071,0.0759078084066149,0.202045698248354,0.552333099586002
5527,0.0274827972444041,0.0757686611804824,0.201255538164115,0.551276217170728
5528,0.0274619185717608,0.075773194786971,0.201834267191735,0.548832319688008
5529,0.0274816545555518,0.0757442721451706,0.201830230756369,0.55324788839532
5530,0.0274739140232312,0.0756646573197089,0.201248131792858,0.550535719370673
5531,0.0274775221540692,0.0757836597132502,0.202083080433316,0.545391464744499
5532,0.027479009817107,0.0757704239013236,0.20138953008375,0.547868473823242
5533,0.0274700803841275,0.0755846993095928,0.200966036576134,0.550369193396762
5534,0.0274720324005028,0.0756913474441989,0.201223154746214,0.543500103670223
5535,0.0274830118856079,0.0757069140226282,0.201650245421428,0.55286162082219
5536,0.027475937919125,0.075686895935964,0.201116908439775,0.549359087813085
5537,0.0274719492491138,0.0757734722599497,0.201483896116966,0.550861609523041
5538,0.027475299391225,0.075672826075359,0.202054034202623,0.548977214634176
5539,0.0274880536944763,0.0758401450136827,0.201647424107793,0.550058222878122
5540,0.027479786754791,0.0757929553037841,0.202045500569667,0.550362349634883
5541,0.0274699097819816,0.0757119910631781,0.201386887246245,0.55083649426441
5542,0.0274802010076419,0.0755937105511012,0.201290446400029,0.551903947159596
5543,0.0274716852319847,0.0757368537716435,0.201312624011089,0.548390329363653
5544,0.027471702730573,0.0756860941626089,0.200657311876434,0.546881605552665
5545,0.0274827382711502,0.075722819607186,0.201379720382641,0.550395380615469
5546,0.0274658407253638,0.0756085021517327,0.201342227228344,0.550420004213092
5547,0.0274789779728336,0.0758305317590803,0.201293579461611,0.544640096575462
5548,0.0274714490099528,0.0757615818076409,0.201647221934502,0.543827325938311
5549,0.0274707930377609,0.0755887521876681,0.201095314393498,0.545009180107382
5550,0.027490069389286,0.0757133641823702,0.201308316885136,0.549830383209113
5551,0.0275015092625495,0.0756888714660196,0.200719795963888,0.548029424477681
5552,0.0274772638712652,0.0756980218060983,0.201660281944594,0.548134364222885
5553,0.0274776448322906,0.0757406096517864,0.200941991229336,0.549097774428923
5554,0.0274739788657028,0.0757268119026067,0.201783314061171,0.548456080391721
5555,0.0274659609562391,0.0757394000009616,0.201156375637181,0.546024231032397
5556,0.0274844308830534,0.0758264008727484,0.201772479932328,0.545052472065822
5557,0.0274754774711486,0.075670019334872,0.201218083188339,0.546808535315635
5558,0.0274884017385204,0.0757162367788855,0.201018746084348,0.550021660378857
5559,0.027482120947611,0.0757737778870288,0.201532421611634,0.544806056968598
5560,0.0274742974930275,0.0757237004583112,0.201900676725367,0.552118496557921
5561,0.0274824255364764,0.075715551431609,0.200899150667549,0.548608086515433
5562,0.0274598045293808,0.075786714441955,0.201595191785804,0.541049981147129
5563,0.0274791380795499,0.0757177945116478,0.200271631075024,0.54712919635022
5564,0.0274755398722425,0.0756901137037884,0.201358945269005,0.547482361348068
5565,0.0274908923829814,0.0757149604977596,0.201553320824545,0.544560951814097
5566,0.0274832797537342,0.0758125064078929,0.201381565214991,0.552911274127236
5567,0.0274759838912564,0.0757360596498081,0.201935344150545,0.551341006412347
5568,0.0274857019617812,0.0757964563305547,0.201219594607192,0.544789803851836
5569,0.0274707486325224,0.0758072541710564,0.202445369334626,0.550416674558727
5570,0.0274729586460217,0.0757374256259196,0.200819527834853,0.547985699680673
5571,0.0274810316634775,0.0758031195575186,0.20200145895593,0.553492450010336
5572,0.0274900693598936,0.0757289181457499,0.202128786512307,0.553420007212682
5573,0.0274723768205549,0.0758135445898988,0.202635240634829,0.552380241764493
5574,0.0274890586828927,0.0756823442670548,0.202201697913091,0.554170455283422
5575,0.0274881628837878,0.0756785426911462,0.202081551927178,0.551930185392126
5576,0.0274843890137803,0.0755780242336239,0.201524883571684,0.552643550926973
5577,0.0274861651712706,0.0757766804877383,0.201865652175634,0.55128868688532
5578,0.0274864066550147,0.0758808803975922,0.201620003917756,0.548198728484494
5579,0.027487695338024,0.0758553743878766,0.201059709206631,0.547618370457747
5580,0.027477764244309,0.0756648372592514,0.201035855309488,0.542754865836134
5581,0.027471724701214,0.0756831936158068,0.201085801215082,0.546732803167843
5582,0.0274690969890814,0.0757278367052192,0.201932901726017,0.554876077847831
5583,0.0274874973400902,0.0757135765305523,0.201534485042906,0.547997258618991
5584,0.0274887735061654,0.0757237849677722,0.201231202313454,0.549582473522533
5585,0.0274857097386621,0.0756672598987708,0.201327420753279,0.543432628164032
5586,0.0274704905997422,0.0757709319240357,0.201538715679997,0.55327874002117
5587,0.027476314495779,0.0757134349312245,0.201630049633846,0.549993437510345
5588,0.0274895609973579,0.0756540412400924,0.201302661264214,0.544520995432591
5589,0.0274775553096901,0.0758842914256499,0.201309464024022,0.550921005969103
5590,0.0274805025602324,0.0757113608197987,0.201203928547331,0.548180613895679
5591,0.027474981381427,0.07573287560931,0.201412585007234,0.546419355617781
5592,0.0274723233507482,0.0757448986230422,0.201205471777501,0.546424549836688
5593,0.0274697113049488,0.0757691857348588,0.201253410096511,0.545042631322387
5594,0.0274712898711433,0.0757150735820218,0.200785076189608,0.55058549523412
5595,0.0274789290177692,0.0756888886757804,0.201288586911235,0.549636543093706
5596,0.0274779098112679,0.0758021694559199,0.201741010828026,0.54856315591095
5597,0.0274979669168309,0.0757461431783615,0.201368435762371,0.548173735394491
5598,0.0274559087921039,0.07560030361186,0.201853832525741,0.54837058405879
5599,0.027492269083347,0.0756032246809649,0.2011789771714,0.549029578554195
5600,0.0274685432912973,0.0757987183828394,0.201543545055657,0.548051062985162
5601,0.0274791248040529,0.0757443836563313,0.201737288801978,0.546316330107372
5602,0.0274820931619163,0.0759107960433091,0.201710224193542,0.548084525388518
5603,0.0274825930655764,0.0756766430525818,0.201150651242224,0.552117695758106
5604,0.0274755635489081,0.0755840561690645,0.201733344483427,0.547127394009528
5605,0.027475292030286,0.0757796641235813,0.201302389718802,0.544700858352561
5606,0.0274872521662861,0.0757336598791818,0.201715746880115,0.546103453001058
5607,0.0274780617257571,0.0757501189674542,0.201702368131848,0.549379908766314
5608,0.0274834949390955,0.0757132478992792,0.201099036428929,0.549048076674889
5609,0.0274893589186102,0.0757973871199525,0.200656504648157,0.546497564275021
5610,0.0274868602456395,0.0758396494454739,0.201272073114186,0.546804661671699
5611,0.0274806782833521,0.0756722395461292,0.201038741521523,0.548743748663264
5612,0.0274702792035752,0.075670237626431,0.200845924983653,0.545989678969087
5613,0.0274712601405467,0.0757196080799852,0.202051356937895,0.545891820899004
5614,0.0274890944540918,0.0757258220306248,0.200872834631807,0.546711018364155
5615,0.0274784889467998,0.0758293629691117,0.200657357544409,0.54152565588487
5616,0.0274822327870498,0.0758974426322049,0.201455330124686,0.541720845639695
5617,0.0274909568111559,0.0757764979271733,0.201273667070648,0.549241852465689
5618,0.0274852027216864,0.0758046781489707,0.201767895780865,0.546646059589524
5619,0.0274588293501099,0.0756878306213393,0.201503820637279,0.548441698847558
5620,0.0274771230507588,0.075537720111889,0.200875922095027,0.54901371318807
5621,0.0274663180551972,0.0757886169301316,0.20074569837909,0.552053099027086
5622,0.0274737691007251,0.0756316907145311,0.2008829574947,0.550127358265194
5623,0.0274759773442827,0.0757846728777264,0.202056926407404,0.549171465485076
5624,0.0274731664945855,0.0756114381046428,0.202159458732446,0.554984812691078
5625,0.0274792969302576,0.0757678091954415,0.201427524164415,0.550619399563936
5626,0.0274811398185735,0.075789420795913,0.2016403692379,0.549325842851781
5627,0.0274822826784308,0.0758159835428567,0.201346487650847,0.549104419421776
5628,0.0274660505196529,0.0757189710400639,0.200965556068252,0.546625787848308
5629,0.0274883345324604,0.0757858285275171,0.201120629777425,0.550469994035166
5630,0.0274754799562449,0.0756654683295987,0.20153939592875,0.547924214744896
5631,0.0274680337433692,0.0757475570840591,0.200855164442404,0.546842999045472
5632,0.0274768386852772,0.0758383651867154,0.201050382312453,0.545931833591953
5633,0.0274804098137821,0.0758813741655783,0.201434505405323,0.550801188787459
5634,0.0274705398413883,0.0757111501275148,0.201559984066887,0.547883648961113
5635,0.0274983131607503,0.0756369784536176,0.201815599714364,0.555134255109431
5636,0.0274613135877813,0.0756909893257726,0.201778138633892,0.55057473022316
5637,0.0274867066626293,0.0758248460532482,0.201320208699402,0.547052316053658
5638,0.0274557129952234,0.0756111748202975,0.200687323443338,0.547733917062511
5639,0.0274702756839784,0.0757278734802987,0.201686210727042,0.546321011682239
5640,0.0274801728814589,0.0757763368273035,0.201254062803618,0.54594429403207
5641,0.0274850218259164,0.0757032037576742,0.200890196234815,0.548190938255919
5642,0.0274738533400794,0.0756682066492783,0.201327725166827,0.550497455087633
5643,0.027479278387319,0.0758375895593166,0.201796882412603,0.550555106310034
5644,0.027477477019692,0.075588619375493,0.201398202556627,0.550142606829054
5645,0.0274746223038961,0.0756995668190554,0.200878276253782,0.548351026612511
5646,0.0274729049723551,0.0757198253899154,0.20083139464147,0.549605144918687
5647,0.0274963070000245,0.0758154131821743,0.201444782989659,0.555375958874021
5648,0.027497788783,0.0757559549317414,0.202146303347332,0.549916995650468
5649,0.0274814815891946,0.0757344423924007,0.200801449719615,0.547582528548138
5650,0.0274956268828876,0.0757254466150586,0.200788188036274,0.55218626221608
5651,0.0274685483194945,0.075725072242085,0.201043619843014,0.548287331243717
5652,0.0274878089575267,0.0756915991488424,0.201388341821602,0.557160936497364
5653,0.0274864307853286,0.0757808243772627,0.201525352043961,0.546922240038473
5654,0.02746907555591,0.0756754552275623,0.201731639606646,0.551014566486776
5655,0.0274953094661752,0.0756826868336559,0.201165850700651,0.553068584074317
5656,0.027488722823358,0.0758005063148761,0.20116336082354,0.552222010894795
5657,0.0274793377654463,0.0756468426497977,0.201122725121178,0.544882663331309
5658,0.0274928147961842,0.0759232954911434,0.201737310893864,0.551313656363938
5659,0.02747348767923,0.0756841644417741,0.201663009872962,0.552599609570947
5660,0.0274737035453803,0.0758182894488218,0.201462571453853,0.548648553933931
5661,0.0274917414059645,0.0756925661568952,0.201394583902672,0.549341830394313
5662,0.027472384784765,0.0757158205075511,0.201906707836884,0.54447811558711
5663,0.0274612657815372,0.0758260626729038,0.201331929122118,0.559384809719455
5664,0.0274654820193045,0.0757324937086921,0.202008028523164,0.547179373568516
5665,0.0274812645088707,0.0757461938933911,0.202063888688784,0.555807092151775
5666,0.027486477385399,0.0756635649602784,0.200535979400146,0.550722049100876
5667,0.0274877179711656,0.0758112183065892,0.201538834370477,0.554034252022024
5668,0.0274727944935358,0.0755424319369173,0.201606132177686,0.548920214019352
5669,0.0274621608677542,0.0757176898398185,0.201615811146522,0.545615533652906
5670,0.0274818705749904,0.075708364885781,0.201433021624876,0.55139986051292
5671,0.0274632367103521,0.0756627247548228,0.200670163010113,0.550066378527993
5672,0.0274702654794959,0.0757433280548604,0.200975493367061,0.550827080131609
5673,0.0274837502030379,0.0757110901378976,0.201582903599184,0.551655652811928
5674,0.0274842505430914,0.0757772971272472,0.201641537232993,0.546539738845899
5675,0.0274606576610782,0.0757466925490218,0.201375037553915,0.555532388324274
5676,0.0274697657377108,0.0758033558015458,0.201149613219071,0.544340314573114
5677,0.0274825371867332,0.0757070470038963,0.20075066247792,0.546345604211277
5678,0.0274679122270315,0.075675130902019,0.201019017086948,0.54853394509631
5679,0.0274841817470657,0.0757103272536332,0.201236955176881,0.545850190275203
5680,0.0274750252510337,0.075687383329458,0.201127018769685,0.545544395799833
5681,0.0274684008896079,0.0756953374961738,0.201128736907219,0.554831482690939
5682,0.0274596086729805,0.0756809181959055,0.201540882865893,0.545937579594616
5683,0.0274714343564073,0.0756938870775368,0.201264095645469,0.548096657060563
5684,0.0274920023293846,0.0756258658560944,0.201708938635415,0.549205193167141
5685,0.0274757222246745,0.0757764134639625,0.201436766067682,0.543340316057979
5686,0.0274833330586154,0.075814639631217,0.201862023077211,0.552015708183139
5687,0.0274796996197123,0.0757735714652413,0.201030364254509,0.551413927018359
5688,0.0274653208436229,0.0756636097266837,0.20130393576527,0.545623707960971
5689,0.0274782907714844,0.0757403167040555,0.201638721043583,0.551128115660442
5690,0.0274841702967285,0.0757270385182589,0.201469955825646,0.545784342322103
5691,0.0274812632536446,0.0756307658415112,0.201176148598323,0.548986511956463
5692,0.0274936496748747,0.0757589958069569,0.201374329541385,0.549299269866271
5693,0.0274795176120936,0.0756148762847699,0.20057735316221,0.5438558635241
5694,0.0274770257099217,0.0757225073118171,0.201116813747377,0.552976419663306
5695,0.0274653151745669,0.0757527430149465,0.201431296757431,0.547752620139219
5696,0.027482100870659,0.0757577776073076,0.201655427806602,0.544032774740196
5697,0.027468107988017,0.0756957331406708,0.202016239739965,0.553073756793164
5698,0.027472281537565,0.0757172150639102,0.201620229167746,0.545175937135807
5699,0.0274704447545912,0.0756609003663066,0.201683047011739,0.552661369757623
5700,0.0274795142036487,0.0757521401618171,0.201896458707615,0.55262477937463
5701,0.0274580960597327,0.0756180829959934,0.200596610912089,0.542063444925409
5702,0.0274850946105581,0.0757252899390194,0.202343484809041,0.546424382664789
5703,0.0274776045196607,0.0757830250237628,0.202207471901482,0.550071564036455
5704,0.0274696396517923,0.0756361149912487,0.20089629570419,0.54665735922485
5705,0.0274969301184259,0.0758302289740821,0.201945649525198,0.55025534146913
5706,0.0274777438498326,0.0758271759403769,0.201581839173095,0.54979139860461
5707,0.0274746210325884,0.0758204806459698,0.201797783834731,0.544001370264721
5708,0.0274774988503419,0.0757172220103135,0.200998835127821,0.543637796089404
5709,0.0274795361321453,0.0756872586698206,0.201251089741356,0.547660538237254
5710,0.027479595025769,0.0756985550799589,0.201327300678095,0.546534401329297
5711,0.0274902724215299,0.0756842063639071,0.200788289650395,0.54618000150168
5712,0.0274821499786788,0.075676451823268,0.20073006581869,0.547923838321433
5713,0.0275081470329755,0.0758277524229473,0.201798777955325,0.55065893344183
5714,0.0274747750189555,0.0757957070719335,0.201911450734248,0.552876013968371
5715,0.0274855620997906,0.0759514674269146,0.20198866047613,0.549926987520929
5716,0.0274787478451369,0.0756128911164056,0.200719731691922,0.547463933032744
5717,0.0274698956270147,0.0756556097942682,0.201529402669567,0.553805464184332
5718,0.0274897748157181,0.0757340456366508,0.201044709767578,0.547105838527473
5719,0.0274766146433709,0.0758052983945017,0.20099198912202,0.547918026002332
5720,0.0274845183458154,0.0755849285676459,0.20108838555596,0.548358128922559
5721,0.0274748358158882,0.0756465803727595,0.202155688342755,0.550155860726913
5722,0.0274645949878183,0.0757676601064198,0.201522819498987,0.547386588485967
5723,0.0274767202456105,0.0758354108561196,0.201318343568248,0.552682511133262
5724,0.0274898121755914,0.0757871233084211,0.202595129819972,0.552968658830267
5725,0.027477588851282,0.0758148954615703,0.200740674074391,0.548893412914527
5726,0.027481010604248,0.0756215692008348,0.201185394455121,0.547740144959401
5727,0.0274694056688362,0.0756739167732532,0.200935362878167,0.545455784567013
5728,0.0274840754820103,0.0756901336247007,0.200618811024611,0.547509266301291
5729,0.0274797209257883,0.0756912755271088,0.20074613280327,0.54770926196338
5730,0.0274636757871502,0.0756399476451502,0.200420295572213,0.548839410240607
5731,0.0274754052981241,0.075777089541581,0.201319658612005,0.550064653650894
5732,0.0274781970736128,0.0756861088702936,0.200881523637968,0.545561483490243
5733,0.0274736255840036,0.0756498706587586,0.201411494159333,0.553155010435224
5734,0.0274779650892208,0.0757486590644717,0.201463176455191,0.548330215326399
5735,0.0275033154305509,0.0757918953413398,0.201800035465205,0.547752345430957
5736,0.0274868730823231,0.0758514207916555,0.201939484055162,0.545688415767252
5737,0.0274762892654796,0.0756430066046118,0.201060215982966,0.548206605576527
5738,0.0274823539523365,0.075763415803654,0.201416874290737,0.544924217687001
5739,0.027486511575991,0.0757674854777639,0.201050698572751,0.548529293675803
5740,0.0274753095071771,0.0755996804895801,0.200492016921693,0.545793426656475
5741,0.0274687150298449,0.0757646235370739,0.201032403289405,0.552783359481927
5742,0.0274887350438004,0.0758046269168633,0.201809058672852,0.54272759117354
5743,0.0274682950406,0.0757050637008706,0.201247682948355,0.550680458764729
5744,0.0274840840696973,0.0757356223676308,0.201691619030241,0.549476225710885
5745,0.0274841987715383,0.0757081307040781,0.201798749794148,0.546632495897387
5746,0.0274606625082143,0.0756797599843937,0.200751867727999,0.543479563538964
5747,0.0274779862344383,0.0756846527604518,0.201018368942481,0.553092379260527
5748,0.0274828787972409,0.0759023566161389,0.201689374173541,0.55522969056047
5749,0.0274815333391798,0.0756895991354301,0.200723167235472,0.548009512892987
5750,0.0274734249239278,0.0757894310397948,0.201719255817166,0.541163926868426
5751,0.0274518281402733,0.0755861620975923,0.201367203192868,0.547762101932896
5752,0.0274767385719978,0.0757803764235438,0.201406706384977,0.548523750775019
5753,0.0274671212497003,0.0756897590715672,0.202046033490902,0.550354714472504
5754,0.0274721773081878,0.0756462939774805,0.200972565127956,0.54681504674333
5755,0.0274895040402423,0.075669636884546,0.201568510351374,0.550615135281334
5756,0.0274934719308212,0.0757403310012092,0.201339856744862,0.544310346138728
5757,0.0274691073459465,0.0756922595031814,0.202057962534558,0.556435386154339
5758,0.0274954821029836,0.0758564741563888,0.201272539040733,0.543835542469948
5759,0.0274857703935774,0.075674551516935,0.201290240952432,0.553151891094743
5760,0.0274571228126299,0.0757951822721875,0.200548873106749,0.551948393699226
5761,0.0274813837367013,0.0758101162522903,0.201718129232385,0.552649157247817
5762,0.0274826585155644,0.0757348089276762,0.200640730059671,0.548192753102828
5763,0.0274653634195994,0.0756594708020901,0.201313096828654,0.549912490151997
5764,0.0274639767210301,0.0757793933683233,0.200896530603716,0.546038290210005
5765,0.0274791476636632,0.0756851106610465,0.201335109205883,0.545954519380857
5766,0.0274622412535946,0.0755817488064843,0.201176921530938,0.548363237962249
5767,0.027478838759118,0.0757482128028778,0.201302168610967,0.544641898849328
5768,0.0274794760846296,0.0757573863214417,0.201928736604204,0.54873600278819
5769,0.0274616559177738,0.075616890216531,0.20136379733912,0.547393507125904
5770,0.0274611715056428,0.075639942702795,0.201642272543137,0.543090363754139
5771,0.0274743879120406,0.0756940300892516,0.200272642641156,0.543564285964386
5772,0.0274665255401776,0.0758244020334816,0.200840694077615,0.54667530641417
5773,0.0274780363821673,0.0756775438328022,0.200833649438271,0.544187468937084
5774,0.0274526815058238,0.07565799315843,0.201620828873425,0.550933315928135
5775,0.0274819272260359,0.0756134970887117,0.201687542208428,0.548987206361171
5776,0.0274779526508193,0.0756578458882949,0.200559655589757,0.553039203812794
5777,0.0274707259124978,0.075711161618387,0.201371755954466,0.553168065000287
5778,0.027492293093327,0.0757573471796969,0.201560948176387,0.543780474690911
5779,0.0274732617211323,0.0757061371994756,0.202288906581934,0.553084264267834
5780,0.0275008071695252,0.0758583162574145,0.201721042576778,0.548508194558468
5781,0.0274791424533856,0.0757521104950023,0.201797782799364,0.54343257369056
5782,0.0274749255655126,0.0757375060863952,0.201449259737364,0.545108465647146
5783,0.027473782360606,0.0757660150491194,0.201385515257318,0.543801469539675
5784,0.0274724364948415,0.0756547454179211,0.200878781360396,0.547678346322369
5785,0.0274879311024324,0.0757360923686193,0.201003247111659,0.544255398611951
5786,0.0274802509451664,0.07576292839495,0.200432315587507,0.545971923084938
5787,0.0274777140220801,0.0756497994589054,0.201414460140114,0.547482959661276
5788,0.0274801607022222,0.0756529993991966,0.201545506583321,0.552282541143274
5789,0.0274796961688083,0.0756548820397565,0.201445964029507,0.54884831151237
5790,0.0274811251135814,0.0756563492810997,0.201509808393701,0.54908090433201
5791,0.0274881548291398,0.0756847120965529,0.201034216328279,0.550125028275326
5792,0.0274932294481898,0.0757994950678649,0.201892546866894,0.545275711297449
5793,0.0274771499651321,0.0757898527317012,0.200707345320439,0.541099418323043
5794,0.0274801178556115,0.0757487617882161,0.201205178755755,0.545704117892078
5795,0.0274790663251242,0.0757848721331935,0.201393640274905,0.546504979960045
5796,0.0274707131862227,0.0756878985259448,0.201202544062619,0.547959587525058
5797,0.0274892817385122,0.0758141035153299,0.201695136293796,0.546774400449779
5798,0.0274803352876129,0.0756158859582619,0.201203468605669,0.554131510949637
5799,0.0274774786042487,0.0756519882214139,0.20084784209731,0.550232693612784
5800,0.0274757691025564,0.0757026113572391,0.201528964998537,0.546370835174192
5801,0.0274588916647102,0.0756300503852696,0.201478718965747,0.546423331141886
5802,0.0274818500023666,0.0758336711461454,0.201559714671553,0.548210446126934
5803,0.0274891753030019,0.0759161044644404,0.201615378806174,0.55161612827882
5804,0.027489269523165,0.0758270433732224,0.201746426221757,0.552364582352583
5805,0.027451898232813,0.0755634307976198,0.2009399549152,0.548391528580238
5806,0.0274768917827782,0.0756827964308713,0.201647444506216,0.544550393434709
5807,0.0274719413677288,0.075682698187455,0.201792039504123,0.550959634368558
5808,0.0274614067098118,0.0757112998128779,0.201170464422748,0.550190913203866
5809,0.0274516575752858,0.0756663104266372,0.200474177833276,0.550362176427262
5810,0.0274922461204723,0.0757479263591037,0.201094322061228,0.555334698077312
5811,0.0274941171707199,0.0757597533437061,0.200764887783315,0.5469281369952
5812,0.0274766197455476,0.0757312553793974,0.201181940165886,0.546925580321244
5813,0.0274775971424575,0.0756426295345978,0.201742035211162,0.55081202710141
5814,0.0274841136706005,0.0756892796995963,0.201385194377895,0.546600552603759
5815,0.0274741566891321,0.07567219622482,0.201216032908441,0.55335363429412
5816,0.0274623582563132,0.0756244272582948,0.200753663514181,0.549690975392737
5817,0.0274952140826449,0.0758039549932865,0.20158139187713,0.547804390055678
5818,0.027494506970059,0.0757528757680098,0.201305796120095,0.55211960027473
5819,0.0274734116556747,0.0755869022415148,0.201042303741259,0.554352963798855
5820,0.0274900520109612,0.0757157645671633,0.201229293656832,0.547112067949298
5821,0.0274878637143631,0.075856615055002,0.201762327619712,0.551523460653667
5822,0.0274801341399615,0.075586448611347,0.201238668360765,0.55184271931212
5823,0.0274619260292217,0.0757585267076653,0.201381272041941,0.548171283402675
5824,0.0274811101590939,0.0756430124199202,0.201552215566233,0.552658675190174
5825,0.0274780422711375,0.0756339961923448,0.201630503270465,0.550076101595215
5826,0.0274640304166309,0.0757594826033333,0.201746512637899,0.551470750269068
5827,0.0274784994098616,0.0757078100355078,0.200940074801498,0.546566673657497
5828,0.0274740173150542,0.0757626195090868,0.202558775553702,0.55304735830224
5829,0.0274867767560785,0.0759063496741345,0.201218454536794,0.542682401253959
5830,0.02748004881694,0.0757723504740535,0.200935982493612,0.543843642770169
5831,0.0274523653344911,0.0756010510472845,0.200486545642679,0.553475431861614
5832,0.0274820745142096,0.0756974858508053,0.201333182739569,0.550797640482057
5833,0.0274847678482073,0.0757559174969127,0.201870690343663,0.547262738654872
5834,0.0274683120211341,0.0757240637557068,0.201915023375881,0.549516213720842
5835,0.027486788037703,0.0757266750534032,0.201308294718827,0.546609297038038
5836,0.0274826432959371,0.0756790268147211,0.20050131193552,0.548145743694378
5837,0.0274659798594221,0.0757205625228491,0.201711370486886,0.545080755387977
5838,0.0274627590037318,0.0757432242347072,0.201550474654157,0.548336228966587
5839,0.0274786088236502,0.075748444060998,0.201804912702568,0.546338905311516
5840,0.0274800594669045,0.075601394146429,0.201459302819191,0.546415264359561
5841,0.0274879321972525,0.0757024496094129,0.20099571001864,0.547119615762665
5842,0.0274916450149343,0.0757291078647265,0.201202579162094,0.55647461332622
5843,0.0274968636210309,0.0757773085885364,0.200669946891364,0.545279949361138
5844,0.0274873623475269,0.0756785870364804,0.20157901505401,0.552887573822806
5845,0.0274747789255587,0.0757173384940597,0.201798715306596,0.544403556825221
5846,0.027457674619335,0.0756366805635012,0.20003766207618,0.552783952884726
5847,0.0274713604920328,0.0757296548723999,0.202302898594514,0.550749827559651
5848,0.0274797852049618,0.0757556365921594,0.201492439196655,0.545489512821714
5849,0.0274514220328944,0.0755497933263712,0.20038073694868,0.544842820487402
5850,0.0274737406310243,0.0757418160014657,0.201712996602508,0.542452760667282
5851,0.0274775433206831,0.0757401961749633,0.201407331494846,0.546771236477487
5852,0.0274718758734901,0.0758116890335455,0.201500245589427,0.544235803110786
5853,0.0274706918782914,0.0756639918241151,0.200763551145092,0.549941915136698
5854,0.027473014886235,0.07564601037769,0.201450797495245,0.549210621581045
5855,0.0274763919280594,0.0756498830335783,0.200364873533121,0.552465449650339
5856,0.0274772313304647,0.0757991247561421,0.200838950418625,0.545262455510725
5857,0.0274669610673332,0.0756092729697502,0.200771177464894,0.545754125341832
5858,0.027464742480891,0.0757628604718618,0.201777005597236,0.543121706140732
5859,0.0274808714434239,0.0757195006280687,0.201359508072704,0.551876821998765
5860,0.0274819368107109,0.075802299834909,0.200893989750553,0.549185670983702
5861,0.0274702938970289,0.075732942602823,0.201560950076606,0.552906017706886
5862,0.0274745525503419,0.0758239720258551,0.201964014756347,0.552145952623492
5863,0.0274718197665848,0.0757693241012887,0.200597183894902,0.549393303210972
5864,0.0274664160421205,0.0756704737690077,0.201221441024566,0.551866063670326
5865,0.0274792959530706,0.0756716015711479,0.201300643199987,0.547038531197293
5866,0.0274631078292321,0.0755421919979791,0.20083948590723,0.550501552486752
5867,0.0274674463290145,0.0758497671828172,0.201251964012847,0.550255015057267
5868,0.027489293633542,0.0759168291456867,0.201607459688124,0.551222011088226
5869,0.0274705763167908,0.0757379092051192,0.201680386056147,0.54496486908906
5870,0.0274845573452979,0.0757143212620186,0.200061186547677,0.549043235865025
5871,0.0274878834418101,0.0757332541632696,0.202080677330701,0.548971641890562
5872,0.0274784176496043,0.0757404007036569,0.201063516353651,0.548164414238701
5873,0.0274847929089895,0.075783442580129,0.20181245455467,0.548234584973395
5874,0.0274680220560707,0.0757579432179442,0.201395854787244,0.546957929665464
5875,0.0274732890437754,0.0757083474959784,0.200974777867296,0.543863900697266
5876,0.0274822220709909,0.0758101040323429,0.201406768779775,0.546708271975013
5877,0.0275008661579437,0.07573519926018,0.201607422401083,0.550300404773607
5878,0.0274880612402287,0.0758122988564766,0.201729247116062,0.550994385064029
5879,0.0274825550706352,0.0756376545839129,0.200805820902222,0.553772684914118
5880,0.0274764169863104,0.0757983967769375,0.200969001359832,0.548225033598404
5881,0.0274816813147562,0.0757525594016408,0.20158004376424,0.548099623756469
5882,0.0274633782305817,0.0756186960422686,0.201105254052471,0.546705486986045
5883,0.0274703858656129,0.0756051313628569,0.201354008637882,0.549291886812757
5884,0.027470969092765,0.0757337256650354,0.201300761195685,0.550395067891431
5885,0.027471916576244,0.0756469385280104,0.200826605918444,0.545488904381249
5886,0.0274883381397749,0.0757277779570757,0.201608868595187,0.543723635724652
5887,0.0274815351098085,0.0757836468265427,0.200947390889403,0.548866027258995
5888,0.0274685842660138,0.0757604787949342,0.201325633251471,0.551660576798769
5889,0.0274841489305068,0.075770067845199,0.201940614463308,0.546223423077917
5890,0.0274838904709485,0.0756704910748776,0.202025855331198,0.552338765065316
5891,0.0274698962327672,0.0757148434477171,0.20222306202942,0.545882667234143
5892,0.0274844241683912,0.0757418929915604,0.20145195097043,0.547103929525063
5893,0.0274848071580415,0.0757132218423904,0.201024126111787,0.551598984003757
5894,0.0274672867199326,0.0757010617084564,0.20152884563973,0.551019331246551
5895,0.0274711834614682,0.0756353285173395,0.200519615575374,0.54873714857778
5896,0.0274852536623014,0.0757609828086346,0.201188189497976,0.553089255224557
5897,0.0274729136100206,0.0756547142373854,0.200940084473969,0.550362897007612
5898,0.0274641928387577,0.0756646406178938,0.2014297796573,0.552827255094567
5899,0.0274753556562917,0.0756568109220496,0.202173494079849,0.550756856668665
5900,0.0274790868551787,0.0756767180401336,0.201143289345862,0.544471825262462
5901,0.0274915895235964,0.0758320239321867,0.201731592408698,0.551800726068284
5902,0.027468614842015,0.0756359915472153,0.201570531119809,0.55088429672912
5903,0.0274807132866494,0.0755877672730456,0.199778246914944,0.543325320078624
5904,0.0274812322010214,0.0757505865206107,0.201339108244623,0.549013020705795
5905,0.0274627730238791,0.0757085383542219,0.201400827028449,0.547993838501712
5906,0.0274693939149452,0.075739467337342,0.201733453044724,0.553086472466856
5907,0.0274848763544103,0.0758033114801852,0.201072860424831,0.549236789570728
5908,0.0274656883696144,0.0757034835806149,0.20023694261116,0.553368795304833
5909,0.0274719058226528,0.0758212088277288,0.201285996362657,0.546986644736079
5910,0.0274966727647188,0.0757876627233198,0.201754409909155,0.540254524442664
5911,0.0274867455107138,0.0757960106554025,0.201394485806979,0.547495696980091
5912,0.0274863761859784,0.0756216059214631,0.200791260330047,0.548546442684084
5913,0.0274768088014804,0.0756652094881289,0.201141181518482,0.551870922985484
5914,0.0274689019349691,0.075730934484924,0.201725733252773,0.549299862034477
5915,0.0274724912788968,0.0757163077745831,0.201202470204956,0.542577298365211
5916,0.0274595762314132,0.0757717274248549,0.200721149946987,0.547800464801484
5917,0.0274861638078232,0.0756926616317847,0.201455678819227,0.549563333412375
5918,0.0274867983956034,0.0758509943891901,0.2009908810296,0.544670300995709
5919,0.0274742649782632,0.0757473075481655,0.201379960580512,0.540183149429033
5920,0.0274814011738837,0.0758001272400986,0.200901736368002,0.546546772470064
5921,0.0274723830791548,0.075774693569346,0.201241613756563,0.545276645786537
5922,0.0274666730155816,0.0756724678163852,0.201125964617248,0.549411764543275
5923,0.0274789528304588,0.0757737883749568,0.201959453878895,0.547404691638177
5924,0.0275014095421406,0.0758701594507178,0.201583000373811,0.545186618924512
5925,0.0274817840029195,0.0757329914339333,0.20203413287225,0.553235180895302
5926,0.0274801171077085,0.0757522245781646,0.201896412502519,0.547832395196149
5927,0.0274823198830914,0.075730611972633,0.200316675818846,0.546969018169138
5928,0.027488029443265,0.0757310061826178,0.202124437799838,0.547186688489454
5929,0.0274505293836372,0.0757322326722781,0.201349306731899,0.544678738001202
5930,0.0274726692357549,0.0756904589603744,0.201136707245409,0.549045192850995
5931,0.0274678061221255,0.0756565940191879,0.20136454088422,0.548363515236071
5932,0.0274736624584774,0.075742297099717,0.20220979954926,0.547647509673251
5933,0.0274667923127677,0.0756990398013577,0.201018653036214,0.547485045840772
5934,0.0274788225801972,0.075717814568337,0.201236903497594,0.550966308810481
5935,0.0274796751448457,0.0757974233440676,0.201996057897123,0.545928226362006
5936,0.0274757623819711,0.0756785104819082,0.201544755626799,0.547275212573082
5937,0.0274654765218598,0.0757273737852611,0.201748670252498,0.554591767202015
5938,0.02748367569321,0.07582787254905,0.20076669173955,0.55086560858179
5939,0.0274909283828986,0.0756175819129806,0.200812372738226,0.550225073649057
5940,0.0274992872376927,0.0757221169538807,0.201723984092707,0.544328826907146
5941,0.0274713098301776,0.0757742536097076,0.200893448604504,0.545493988456045
5942,0.0274762861580387,0.0757096915862939,0.201175678859423,0.542671562791617
5943,0.027479972137733,0.0756812104207832,0.20058748698455,0.547775968030491
5944,0.0274743640521367,0.0755945427407375,0.20141033326887,0.550426148897801
5945,0.0274628821125721,0.075683478369107,0.200911814511034,0.548855071581097
5946,0.0274635542264711,0.0755988148213922,0.202174421926302,0.555769498012085
5947,0.027496989062668,0.075802837157157,0.201661054779623,0.549459053477467
5948,0.0274728980097284,0.0757967131663702,0.201688046882385,0.545712246933554
5949,0.0274719904370021,0.0757573921666563,0.201175999590681,0.547118930796748
5950,0.0274769614601419,0.0755739900100339,0.201946484151698,0.550464175073308
5951,0.0274740596735364,0.0758942255009639,0.201939645629466,0.548697577540597
5952,0.0274870874969124,0.0757402307437229,0.201477828909172,0.55102020495549
5953,0.0274884997945421,0.0756487030309567,0.200660792474294,0.547512420607275
5954,0.0274858934710418,0.0758098029555048,0.201605555274165,0.550776959102458
5955,0.0274722797350898,0.0755476124562361,0.201465875860705,0.551195583117521
5956,0.027479042018894,0.0757357782341666,0.201486459851367,0.551533303464093
5957,0.0274723893784131,0.0756689415782436,0.200410562149991,0.547567844729308
5958,0.0274811656198872,0.0756223938507505,0.201073544687818,0.545054446374436
5959,0.0274902199228893,0.0757992971896023,0.202904853182856,0.553476727224292
5960,0.0274773642073213,0.07568181496311,0.201389656196309,0.545801280221656
5961,0.0274702190729202,0.075609507014011,0.20114671003673,0.550644421082018
5962,0.0274745127792964,0.075673738142901,0.201449330697181,0.543145371820916
5963,0.0274795156686863,0.0757065075755539,0.201141052062354,0.547030986103034
5964,0.0274994927898944,0.075855551734656,0.202371962135493,0.555434788567135
5965,0.0274578389388462,0.0757029230561596,0.201249246260027,0.546449148393461
5966,0.0274829307055986,0.0757637290054432,0.202487620223421,0.556239112518453
5967,0.0274843393273134,0.0757755430021446,0.201082921539123,0.546452819030655
5968,0.0274593845506017,0.0756887343918313,0.201782353569087,0.548585909613214
5969,0.0274919233553372,0.075828133529601,0.201613430844067,0.548883715601295
5970,0.0274944675807688,0.0757961078285768,0.200923194012496,0.537742285899996
5971,0.0274713081900588,0.0758859162666196,0.202118275439319,0.552952609578816
5972,0.0274738415807285,0.0756750574256195,0.201759908202686,0.548806012536753
5973,0.0274499850202212,0.0755749114118622,0.201250202743605,0.551512381350037
5974,0.027467189354012,0.0757255168591956,0.20192894131837,0.550878936024311
5975,0.0274636842031028,0.0758508961939581,0.201763711761351,0.548045232255585
5976,0.0274890025751557,0.0757417983440737,0.201261453301098,0.543704950905446
5977,0.0274743585261565,0.0757271396854395,0.20131183617545,0.549195405514674
5978,0.0274869260717084,0.0756795681430454,0.200793854433783,0.555413963835894
5979,0.0274750619818283,0.0757863666066695,0.201712121336075,0.553404085485307
5980,0.0274655392587772,0.0756843108250984,0.201603186507129,0.549205902777613
5981,0.0274704021434927,0.075730934333266,0.201747829003972,0.550465003055983
5982,0.0274530322541546,0.0756509355186649,0.201446832557156,0.552477840056333
5983,0.0274764230520474,0.0758185138413394,0.201173351667807,0.544048511285169
5984,0.0274574277791126,0.0757266859904936,0.201132541599374,0.543982325770022
5985,0.0274765972593801,0.075799292107227,0.200909820853378,0.544938441801765
5986,0.0274884723497567,0.0757182006928983,0.201640535759003,0.549776846512362
5987,0.0274795108711285,0.0757759354656668,0.201154273644011,0.550446840652512
5988,0.0274679458842146,0.0756138675177702,0.20073674786844,0.551901480652581
5989,0.0274775013376443,0.0758619810674461,0.202129575507216,0.546729150753991
5990,0.0274726316904962,0.0756456532559743,0.201792256067466,0.548285872085119
5991,0.0274757230360493,0.0756330712643405,0.20075837567977,0.543350950615192
5992,0.0274903039841271,0.0757492824388818,0.201196116465199,0.543727223622862
5993,0.0274865958047545,0.0757066811115694,0.201520992366963,0.551505246542427
5994,0.0274779753923491,0.0756592606525415,0.201041651082719,0.548240035493798
5995,0.0274712071228354,0.0756359195999883,0.200240502676653,0.547084360289799
5996,0.0274842771351172,0.0757268454619553,0.202091419211981,0.55651834398851
5997,0.027478459471428,0.0756531810183909,0.200880930087546,0.550836872173363
5998,0.0274820748498753,0.0757260886365697,0.201652611465683,0.550463813169204
5999,0.0274865100066804,0.0756639604206986,0.200995786250818,0.545484647631383
6000,0.0274756632606024,0.0757631459258936,0.201615225671822,0.547348998518922
6001,0.0274961760644084,0.0758273599862634,0.20217017220738,0.546584320109014
6002,0.0274983998427618,0.0758451148836068,0.201400933426929,0.545917273537157
6003,0.0274655338394996,0.07561787953358,0.201183647687867,0.550476703323616
6004,0.0274846500358321,0.0757461083301735,0.201034801600491,0.548855465371794
6005,0.0274699643022485,0.075694144565741,0.20054603765035,0.545037668948312
6006,0.0274785156544927,0.0757548976366417,0.20228390452104,0.547522607662393
6007,0.027462126478565,0.075633847879932,0.200525740136692,0.54853277548299
6008,0.0274786034326952,0.0757219190740957,0.201344812838536,0.5552546533652
6009,0.0274695621800062,0.0756884215946033,0.201518279882566,0.546519928632702
6010,0.0274788950246892,0.0757737378089068,0.20123754577636,0.55041813511314
6011,0.0274709213187534,0.0758105216078644,0.20125185827473,0.549753970476519
6012,0.0274840006294894,0.0758575594065452,0.201261454949662,0.546898780571921
6013,0.0274770843921307,0.0758272530358076,0.201461565615686,0.555499069427376
6014,0.0274694957703484,0.0756911088557303,0.201959537768648,0.546684641583142
6015,0.0274802059452707,0.07571472777734,0.201494886252164,0.552116188011314
6016,0.0274731201731258,0.075727379503522,0.201565510291336,0.542788636965153
6017,0.027484694691455,0.0757810056856492,0.202009139876678,0.552586177409856
6018,0.0274785188577639,0.0757611476914246,0.202424104085224,0.547213438420272
6019,0.0274559148036457,0.0756874450209153,0.20059514217489,0.548829196206497
6020,0.0274906691112386,0.0757377266572074,0.201695771441444,0.54779516502449
6021,0.0274892846915422,0.075783875464316,0.201953535698238,0.547946715718932
6022,0.0274771019668258,0.0758407551050329,0.20179634461155,0.54562720650726
6023,0.0275000256471751,0.0757575019994377,0.201234520665893,0.545478172672487
6024,0.0274755526422481,0.075733886203467,0.20198234197949,0.549237755122028
6025,0.0274623071737354,0.0755018403303029,0.200765786873026,0.545213431933668
6026,0.0274729745749378,0.0756960143874036,0.20134957611918,0.54860762780558
6027,0.0274707458918493,0.0757523028119481,0.200760654728566,0.550261330879737
6028,0.0274590430054026,0.0755565764006996,0.200172264013143,0.545236884902525
6029,0.0274692875326398,0.075905912867824,0.201950910512983,0.54870735828863
6030,0.0275009208934273,0.0757047171687998,0.201059735262733,0.548846691476925
6031,0.027470979379903,0.0757911651414205,0.202131214666357,0.55470163100076
6032,0.0274849515053808,0.0757907508610316,0.201672792941319,0.551216662689852
6033,0.0274678629852664,0.0756855270656597,0.201176898513203,0.549388413875414
6034,0.0274997074432676,0.0758742115826054,0.201504550295686,0.546299192264988
6035,0.0274733570911899,0.0757923901372053,0.202332536377871,0.551031129816985
6036,0.0274741507001643,0.0756661323553696,0.201864756533484,0.548926484537295
6037,0.0274775762025138,0.0756366219987862,0.200731148431662,0.543777224390874
6038,0.0274844072071214,0.0757759818962977,0.201649792698544,0.545745333372363
6039,0.0274932641468617,0.0757237207509992,0.20178420014666,0.550133265105317
6040,0.0274630612097769,0.0757443709126514,0.201564266470826,0.548343662750893
6041,0.0274933564476028,0.0757474886098879,0.200438547777591,0.5487983911834
6042,0.0274657939165273,0.0756691521598248,0.201601667651879,0.548563167279039
6043,0.0274760893703978,0.0758225253151993,0.201764529148971,0.547775710781164
6044,0.0274905050058872,0.0757883117187826,0.201563416081256,0.550119032247461
6045,0.0274741392129515,0.0757009398971456,0.201084741005358,0.549581283249117
6046,0.0274813131230045,0.0758336971489083,0.202150870630497,0.550422023033837
6047,0.02747746322533,0.0757346594933437,0.201002800177771,0.550150498433335
6048,0.0274614519766659,0.0756468808739562,0.200589958112375,0.550011881707673
6049,0.0274668782445985,0.0756783172946262,0.201351150807185,0.546063989811969
6050,0.0274788326154248,0.0757379937282043,0.201957453543549,0.548829111297904
6051,0.0274692184746993,0.0757128968285318,0.20174907352745,0.541784835979008
6052,0.0274659496480161,0.0757274282753729,0.200721422986502,0.548961436484773
6053,0.0274886214606055,0.0758629571400807,0.20156617854328,0.554415838918901
6054,0.0274823813387998,0.0756214625381716,0.201291388149896,0.555115281108661
6055,0.0274745753971157,0.0756516422632588,0.201211624675438,0.547718097808532
6056,0.0274914259335526,0.0758086251237879,0.202522104068712,0.549661798376235
6057,0.0274653832432058,0.0757213046279279,0.201312434594804,0.551600029770451
6058,0.0274617798936525,0.0757665557851343,0.201657108620797,0.55654192758629
6059,0.0274937946549448,0.0756932283646427,0.201537361290364,0.542356442755451
6060,0.0274745045846789,0.0756488995514432,0.202259822801198,0.551483304405904
6061,0.0274819135118895,0.0758107267114022,0.200773131135287,0.546533473125227
6062,0.0274671936235947,0.0757965169690187,0.201302749833622,0.552842230558986
6063,0.0274575675434076,0.0757671353633499,0.20190358887337,0.551817965721293
6064,0.027476988048436,0.0757597103171495,0.201198775433006,0.55400408349201
6065,0.027475889727138,0.075570822972258,0.200421316804258,0.545311478351292
6066,0.027476922624471,0.0758145305975916,0.201674654760777,0.545864016510345
6067,0.0274830374993641,0.0757379069600276,0.201437302948099,0.551393400813162
6068,0.0274808655327704,0.075641104775036,0.200999406136983,0.547812872276908
6069,0.0274819604033096,0.0757386135895308,0.201813321321033,0.543404311354032
6070,0.0274781968598545,0.0756408058026606,0.200701435235015,0.545629955601901
6071,0.0274863992946984,0.0757704501132498,0.201641976845752,0.551248673601353
6072,0.0274912272105975,0.0757630282462208,0.200876520102913,0.548683690401043
6073,0.0274754777629914,0.0756668363090629,0.2013161741329,0.552399741426608
6074,0.0274958629372011,0.0757226444211808,0.201440955675248,0.54717927977057
6075,0.027484268327944,0.0759361958584282,0.201186030597448,0.551668086410715
6076,0.02748620881203,0.0757925281605498,0.20158685655435,0.556934042075657
6077,0.0274929420133287,0.0758023946499668,0.200437420096531,0.546556254745182
6078,0.0274809601630398,0.0757160709390955,0.202092490239478,0.556657219400119
6079,0.0274716730659984,0.075614223447311,0.200890481913014,0.543454476768083
6080,0.0274791610334754,0.0757280579708484,0.200307668373009,0.546092118862179
6081,0.027471064300907,0.0757446747481016,0.201570147245767,0.547647136877661
6082,0.027458959590915,0.0757472586402959,0.201980644307812,0.549484204612465
6083,0.0274767045379434,0.0756969592796942,0.199935550143032,0.545237700174093
6084,0.027494340400633,0.0756304886255025,0.201811899292993,0.549000579361056
6085,0.0274723426302829,0.0757610548912164,0.201586291923339,0.545158430945537
6086,0.0274780063285891,0.0756923961599065,0.201399758320939,0.551872368376938
6087,0.0274866275392038,0.0756249957469444,0.201657205431842,0.553742602875749
6088,0.0274711896910946,0.0755944309259954,0.201687222191656,0.550153317963254
6089,0.0274617122600872,0.0755612212982626,0.200520542857311,0.543103416344715
6090,0.0274697000628554,0.0756880259993327,0.201833683642666,0.555053643926646
6091,0.0274771708872411,0.0757877490875925,0.20143278641661,0.541562172496041
6092,0.0274867739745886,0.0758089289389158,0.201191052008657,0.548369596540314
6093,0.0274589646704624,0.0756925707191253,0.201357469342371,0.546279259855653
6094,0.0274813349011315,0.0755916349745287,0.20090019782189,0.552192308414109
6095,0.0274749682245443,0.0756933785129044,0.202237490340709,0.550746072975993
6096,0.0274938459875666,0.0756260485946464,0.201162563039683,0.553413504839799
6097,0.0274716560273263,0.0758193270287206,0.201643903401475,0.546552636079102
6098,0.0274724469440854,0.0758139167283994,0.202047445938253,0.554632940657946
6099,0.0274778385714931,0.0756901086400368,0.201173813464651,0.54875786717949
6100,0.0274787752252214,0.0757233431181625,0.202155439957988,0.552011480658806
6101,0.0274879879807248,0.0758260844966895,0.201413385420606,0.546900914768403
6102,0.0274749192837312,0.0756957039879262,0.201344757981646,0.549833669702131
6103,0.027482166224603,0.0757249641352284,0.200743925083107,0.547052438776313
6104,0.027480854591654,0.0756870312453592,0.201146492239176,0.553305260437745
6105,0.0274817527256089,0.075770778259434,0.201293474866212,0.550653922495911
6106,0.0274810079758267,0.075729035801956,0.200738817335594,0.549035693805
6107,0.0274762258830945,0.0756479543067097,0.201023723044075,0.542030048023271
6108,0.0274589982139831,0.0757997143806673,0.201282659066226,0.547349596679791
6109,0.0274827393147914,0.0756817181413204,0.201109895489412,0.548975684842531
6110,0.0274937412960084,0.0756701535218358,0.20030660141378,0.544661201529062
6111,0.0274702977154112,0.0757429828857724,0.201090462131229,0.544538292836263
6112,0.0274829921160063,0.0756452998750002,0.201121532218267,0.550909811061197
6113,0.02748155881936,0.0757255730287234,0.201192766708735,0.549064848875267
6114,0.0274850556777298,0.0756631443652648,0.201115553610769,0.547672702512394
6115,0.0274702337915171,0.0756146160466295,0.201141808827979,0.54704795477965
6116,0.0274679318505189,0.075684895780549,0.20110679860505,0.546047675405811
6117,0.0274905240170705,0.0756164018425681,0.201544094395791,0.546066815455072
6118,0.0274765573118616,0.075610235174405,0.201302052545831,0.547124467679971
6119,0.0274721858780202,0.0757998231479252,0.200638262549835,0.547779411287717
6120,0.027472494872801,0.0757475029077201,0.201832095409965,0.550752562676457
6121,0.0274703934707014,0.0756302202099215,0.201516754416801,0.554086749364186
6122,0.0274656459680104,0.0757776382891497,0.201436258356811,0.543351718426289
6123,0.0274809881187218,0.0757840515227012,0.201311583280066,0.546354869851377
6124,0.0274916214110746,0.0757831257371417,0.20169953971629,0.552646662644252
6125,0.0274959527128788,0.0755871253753859,0.200579783486539,0.548263025248583
6126,0.0274785222444163,0.0757758827505621,0.20209957693102,0.556648516818881
6127,0.0274778336758632,0.0757722793834536,0.201710913233997,0.551945144097994
6128,0.0274884604969089,0.075628363014211,0.200997169725437,0.541194701356273
6129,0.0274761060840546,0.0758018060919535,0.201368174321339,0.548840818454876
6130,0.0274736784557232,0.0757378566967985,0.201083947292951,0.547639186401658
6131,0.0274825182256029,0.0757594229236645,0.201481282055355,0.551433081604004
6132,0.027478440711801,0.0757307910234138,0.201124805457552,0.545667841242499
6133,0.027475935555316,0.0757680354350821,0.202687794959537,0.549775967770741
6134,0.0274754284321218,0.0756489574783108,0.200968221482384,0.549339331307834
6135,0.027482904116717,0.0757452968882368,0.201360669859976,0.551223246330307
6136,0.0274851006107918,0.0757882051246265,0.201243046450892,0.545982626416705
6137,0.0274875439802593,0.0756520269166076,0.200730992903215,0.552185955575656
6138,0.0274779643027689,0.0756465966187152,0.202140942418076,0.548862760700949
6139,0.0274867852917382,0.0758269230779922,0.202888520812729,0.553381226512572
6140,0.02747705038404,0.0758316842458693,0.202571448006401,0.54519388389774
6141,0.0274731340819614,0.075650666206575,0.200612049501766,0.541822981432174
6142,0.0274686060942864,0.0757433459054076,0.201962949298893,0.548751850788538
6143,0.027471978194465,0.0756797294608497,0.202297194968244,0.546426575046148
6144,0.0274767743505535,0.0757131706896255,0.201056890365776,0.548696173403959
6145,0.0274575122827037,0.0757181939569436,0.201139246467767,0.543940102250176
6146,0.0274624238200598,0.0757907342783814,0.201324484331258,0.546891757880416
6147,0.0274767331362976,0.0757682585435937,0.202033323698657,0.559162605922776
6148,0.0274771014184293,0.0758715743122006,0.201619171172947,0.551652952187489
6149,0.0274874425810966,0.0757275720356462,0.201412099916674,0.547546262107441
6150,0.0274952428163266,0.0757448245582931,0.200984517542698,0.548800952348315
6151,0.027469823511563,0.0758053986195755,0.201050188336322,0.55056760540359
6152,0.0274922176590884,0.0757618110252769,0.201073423779246,0.545958870432534
6153,0.0274759396204977,0.075651537966343,0.201393219529173,0.545061145731064
6154,0.0274797455379476,0.0757365796674724,0.202525384461381,0.549504357388877
6155,0.0274747577141134,0.0757803633152014,0.202465490133317,0.545888598398606
6156,0.027481750858606,0.0757398199685089,0.201236045527759,0.544623662415129
6157,0.0274936344216823,0.0758142531408956,0.201832863897155,0.555881709001149
6158,0.0274802127675311,0.0757374764575223,0.201327520080737,0.548269881614329
6159,0.027490246913832,0.0756961976555735,0.201425439124943,0.552180979567758
6160,0.0274739440176292,0.0757856325153298,0.20038752291162,0.547883236297835
6161,0.0274762320883501,0.0757300208567645,0.200369785765965,0.549331508213102
6162,0.02750119428154,0.0759203894799627,0.201517517926768,0.553944607196746
6163,0.0274641520858872,0.0755975294720097,0.200946455877862,0.548582282709154
6164,0.027485824684361,0.0757406293531502,0.201790543399878,0.547001573036532
6165,0.0274744526051614,0.0757916628354256,0.201428576693266,0.550212651022765
6166,0.0274674712282296,0.0755434403480259,0.200905818612695,0.54614285903092
6167,0.0274800113493038,0.0757898527052523,0.20097979538981,0.553041036827987
6168,0.0274803586273686,0.0756683746673625,0.201274960461317,0.546876346637973
6169,0.0274829351874479,0.0757705666706652,0.201561452466071,0.545168808175443
6170,0.0274707420193704,0.0757016995254471,0.200900841075677,0.549717554611137
6171,0.0274801662289353,0.0757253427162032,0.20095004871077,0.547540616568333
6172,0.0274720044627795,0.0756224447675261,0.201518282250541,0.551875093980758
6173,0.0274884207387621,0.0756840172414144,0.20181788749107,0.551256528439995
6174,0.0274882378729695,0.0758209726668066,0.201781350761344,0.54905883018594
6175,0.0274818183830187,0.0756825560765144,0.201012630344042,0.543062944755492
6176,0.027463105251094,0.0756620898767264,0.201967938950819,0.548819367397578
6177,0.0274861621884819,0.0756510623470665,0.201311785136638,0.542857088703887
6178,0.0274771583595068,0.0757835212951991,0.201544116450526,0.549674502104398
6179,0.0274778917619748,0.0758679025203886,0.201603412189236,0.553718512257756
6180,0.0274705190902198,0.0756874324200969,0.201310642198955,0.546731879353147
6181,0.0274776538759032,0.0756563400889826,0.202401257035252,0.550679939576701
6182,0.0274625627208222,0.0755965034808267,0.200531321637618,0.545488759553339
6183,0.0274782109659285,0.0756144918530851,0.201716301109259,0.553613828525737
6184,0.0274787812978972,0.0757612098608322,0.202502282825524,0.545706773426756
6185,0.0274581801865647,0.0755503959019096,0.201132485753005,0.547511826211881
6186,0.0274781898020228,0.0757991988973606,0.201353810312315,0.549368121785817
6187,0.0274958338567541,0.0757645510945533,0.201288212189706,0.547789410079623
6188,0.0274812112106282,0.0757513760539793,0.201450321734214,0.54789004282505
6189,0.02748113876637,0.0756853622161622,0.202188657483695,0.556705433677635
6190,0.0274763178988289,0.0757093818123152,0.201064588085037,0.551009333236222
6191,0.027484608618573,0.0757779046236596,0.201256294753444,0.549518001201285
6192,0.0274657539811148,0.0757328886446308,0.20150999153617,0.551466931521384
6193,0.0274712124637448,0.0756386839935359,0.200923823257874,0.552151149295156
6194,0.0274752529373973,0.0757458824755462,0.200920789459445,0.547543537883055
6195,0.0274850849343806,0.0757305402366215,0.201357582737845,0.547001453320015
6196,0.0274757580847718,0.0756487106860031,0.200848838578202,0.545585545584251
6197,0.0274681432872611,0.0756719307724084,0.201621449755609,0.549170631675661
6198,0.027479306392193,0.0757672068168773,0.201695204616084,0.551582213593955
6199,0.0274680684944281,0.0756153786994322,0.201129821489993,0.547259803746001
6200,0.0274681258542662,0.0756745575192969,0.201308630749049,0.548053683689351
6201,0.0274908059000221,0.0757294491951174,0.200851582695922,0.545840063408047
6202,0.027484153273331,0.0757772806764425,0.202322495605049,0.550107311879769
6203,0.0274776161311046,0.0757973993546583,0.201472133839456,0.545968198327554
6204,0.0274887763485574,0.0758110494687591,0.201321130339553,0.545233285506177
6205,0.0274917781599566,0.0758037177259334,0.202168101686684,0.549620913213346
6206,0.0274780541573055,0.0755970982945385,0.200944238844173,0.544592519173864
6207,0.027491044051328,0.0757275798784773,0.202599087433918,0.548840913708999
6208,0.0274948740836906,0.0757805394758967,0.202099468172578,0.551262681048251
6209,0.0274901017178906,0.0757208451566668,0.200652014606313,0.548027093987913
6210,0.0274824564168223,0.075717504618896,0.201185406262804,0.547539510237459
6211,0.027476222983005,0.0758021387806529,0.201931705630791,0.547404923965237
6212,0.0274757350164398,0.0757012490179572,0.201822503773132,0.541541485863425
6213,0.0274815465456526,0.0758317201739272,0.20180983161333,0.551931069249662
6214,0.0274756863818479,0.075701640030739,0.201026806139963,0.54606161017578
6215,0.0274891259313283,0.07575199103205,0.201065756654229,0.551544610776098
6216,0.0274751682179618,0.0757956579763236,0.201735616044436,0.54257070487111
6217,0.0274821664982725,0.0756732628102973,0.20205498667941,0.554017105554511
6218,0.0274710712049179,0.0757863363191213,0.201229223979005,0.544369715337843
6219,0.0274815053339925,0.0756827329352314,0.20160238058987,0.546280481007421
6220,0.0274972743977063,0.0757629475237451,0.200886771912237,0.549841234086503
6221,0.0274753856080301,0.0757680799690206,0.200878306657295,0.544609061587427
6222,0.0274636504296525,0.0756590555939777,0.201557496395671,0.552639397652784
6223,0.0274806340751761,0.0758546661264531,0.201955490307741,0.551008684516043
6224,0.0274587763021741,0.0756958496565742,0.201534651409574,0.542748693135821
6225,0.0274740497068701,0.0757291045184098,0.201902723572574,0.55027394946945
6226,0.027483711898492,0.075774062746253,0.201394629470662,0.550808163630447
6227,0.0274652709969854,0.0757291697874974,0.201304394936587,0.549251345104962
6228,0.0274753174313034,0.075858774166595,0.20150332349909,0.546658165407719
6229,0.0274639219221108,0.0756099261114414,0.20111363661809,0.550967627657917
6230,0.0274731846546224,0.0756987939082626,0.200460815745612,0.553133628283574
6231,0.0274813764319479,0.075729132386468,0.201854186994996,0.547717352700645
6232,0.0274727049750301,0.0756889139787801,0.200746423301171,0.54594157250871
6233,0.0274757587569205,0.0756695194928544,0.201117957848476,0.549143609081469
6234,0.0274905947012338,0.0758191574547517,0.201044991601604,0.55253804411965
6235,0.027483300993267,0.0759204227707438,0.20206410021364,0.554682053753272
6236,0.0274726595796295,0.07561508433555,0.200909936169443,0.549623578803968
6237,0.0274810680547722,0.0758576482212008,0.201484229296752,0.554179579166202
6238,0.0274823992989034,0.0757923579867526,0.201024751937936,0.548315932869274
6239,0.0274891358825172,0.0757243653605897,0.201677344256801,0.549897546529347
6240,0.0274901007730628,0.0757753086124062,0.202188475843203,0.555753136880783
6241,0.0274648432511968,0.075804783438634,0.20139748391728,0.546088661069282
6242,0.0274851591873004,0.075747041790998,0.201411596109486,0.548210993059537
6243,0.0274766208300831,0.0756204963762245,0.200749161304357,0.546645935604026
6244,0.0274782906905234,0.0757746649173607,0.202611361265556,0.552638399995117
6245,0.0274849077334386,0.0756868428807896,0.20105984570901,0.550396706845057
6246,0.0274822578752365,0.0757563547104868,0.201502457779062,0.548988175875246
6247,0.0274617404285336,0.0756580991692194,0.2008480188376,0.547193467986581
6248,0.0274629633773803,0.0756688171133249,0.201217625847082,0.54777630574685
6249,0.0274874925762778,0.0757626461446077,0.201651954780127,0.549874115937845
6250,0.0274831045328128,0.0757127743953333,0.202229946329327,0.54729204928378
6251,0.0274729184488268,0.0756499648151841,0.200992667557458,0.551421326694957
6252,0.0274767678443369,0.0757794203929664,0.201486577723011,0.553361929992968
6253,0.0274730857333645,0.075725029914373,0.20187166190282,0.55077924407382
6254,0.0274756216312438,0.0756303933821578,0.201300616751052,0.544842558684871
6255,0.0274686328711232,0.0757805162673627,0.200840753108053,0.548693373431614
6256,0.0275001590376002,0.0756694710912682,0.201154727359267,0.548267614622748
6257,0.0274794304245403,0.0757516507795868,0.201656502711723,0.546687932636665
6258,0.0274761110103329,0.0758819013683508,0.201089377223081,0.546200959791842
6259,0.0274882511035146,0.0757068227599098,0.201538347650749,0.541185384338621
6260,0.0274918657665533,0.0757726505367786,0.201807386617208,0.552504840693515
6261,0.0274740499508493,0.0758419098987493,0.202384189584425,0.548853395769734
6262,0.0274804309344912,0.0757061641830088,0.200549656699066,0.554845932654082
6263,0.0274751759832122,0.0757123607098774,0.201134620784948,0.549414586777022
6264,0.0274748623866717,0.0758514325081108,0.201642441081916,0.554323029362024
6265,0.027485922436971,0.0757255973946598,0.201327851150769,0.548547333093141
6266,0.0274613150792904,0.0756633839901168,0.200222700713286,0.543315427408556
6267,0.0274817908631183,0.0756338336875605,0.2011103186514,0.548528986469905
6268,0.0275025509877157,0.075774638400513,0.201947962948164,0.546853297999277
6269,0.0274869195585341,0.0757441177237272,0.201357442343757,0.549032897569928
6270,0.0274748730784646,0.0756668868182963,0.201896645132173,0.547783841521389
6271,0.0274697238399024,0.075763512067292,0.201670811940262,0.550086513299831
6272,0.0274677019384235,0.0758162468138263,0.201722782684672,0.550381125670611
6273,0.027484833917871,0.0758134408591207,0.201523062521062,0.557068215739671
6274,0.0274772411190346,0.0757741474833889,0.201083666164295,0.550259289984178
6275,0.0274829840848755,0.0758166005681322,0.201225838875233,0.548555835849903
6276,0.0274868828201646,0.0757555897119004,0.201135969325034,0.549942950084443
6277,0.0274969052566313,0.0756802146650326,0.202326699515073,0.547816949330692
6278,0.0274684413550639,0.0757587025619298,0.201209310643358,0.546345668249933
6279,0.0274773677643335,0.0757717558556953,0.20168688712635,0.550851198096616
6280,0.0274899877589592,0.0757910218788512,0.201972051537625,0.550403440594894
6281,0.0274833715114414,0.0756319058714163,0.200521221496688,0.546066411147852
6282,0.0274818038399705,0.0757508431968161,0.201095859383663,0.551536470362055
6283,0.0274739300716527,0.0756273510000249,0.201249562153297,0.542165898779948
6284,0.0274890769638399,0.0757239713961506,0.202180994709518,0.555722225897326
6285,0.0274817198183129,0.0758036052383197,0.201658291854388,0.542133900414317
6286,0.0274746138716236,0.0756833792933174,0.201004483367677,0.545445574481139
6287,0.027476257751829,0.0756840634724205,0.201398058658489,0.546381706524198
6288,0.0274729192384403,0.0757409971558437,0.202733394337811,0.549146649058766
6289,0.0274769348737396,0.0757305375376864,0.201461736985675,0.557478057376833
6290,0.0274813014467019,0.075640567273597,0.200817105504421,0.549068471201793
6291,0.0274818803910015,0.075568607618635,0.200915234635408,0.547770884753243
6292,0.0274669720125456,0.0755926929450654,0.200484088145017,0.545700479952501
6293,0.0274815160331478,0.0757568372104962,0.200663997695012,0.550031154409789
6294,0.0274749411546096,0.0756856691328839,0.201085041653171,0.55418223108022
6295,0.0274672085796823,0.0757692676565281,0.201320294027317,0.547415911737841
6296,0.0274663883822821,0.0756117521929077,0.200940479151344,0.54600620515196
6297,0.0274921182005178,0.0758165707009956,0.200503936820964,0.546509466986732
6298,0.0274663870316555,0.0757791204588304,0.201429660395709,0.545110267238269
6299,0.0274680470586755,0.0757699878529177,0.201514870856698,0.552283405947587
6300,0.0274679951981394,0.0757610558090676,0.20218975785617,0.544737841361932
6301,0.0274877748000008,0.0757892212227741,0.200984653128787,0.542940394853074
6302,0.0274935606587577,0.0758822287238616,0.20188862605984,0.552275687026505
6303,0.0274969257801476,0.0758515485890387,0.201518462931523,0.55363029501428
6304,0.0274831814709856,0.0757710349310311,0.201292453109459,0.547449325277697
6305,0.0274793307556066,0.0757037683050772,0.201052661932245,0.542206816875635
6306,0.0274794532022379,0.0757883424356751,0.201163476461143,0.54753682259747
6307,0.0274617295347805,0.0757480218117815,0.200758267105797,0.54586332052928
6308,0.0274671799242271,0.0756980593836154,0.201679003440383,0.548199356239952
6309,0.0274620003612196,0.0757139105389409,0.201503669765736,0.549021962063029
6310,0.0274805120863589,0.0758558833758936,0.200526675467755,0.550171925653334
6311,0.0274684338829816,0.0756042916846925,0.201292164417873,0.546837724403755
6312,0.0274824913131217,0.0758943384198629,0.200797444453082,0.546092349264803
6313,0.0274775212858067,0.0756168501404081,0.200428741566753,0.544933410436465
6314,0.0274825197588702,0.0758667539476446,0.201016057986616,0.550609800861926
6315,0.0274715682138381,0.0756881474172037,0.201775707106772,0.553258901100848
6316,0.0274767161553286,0.0757598956775448,0.200755773962591,0.547100507198361
6317,0.0274788555719576,0.0757644604086643,0.202355498752469,0.549213894598172
6318,0.0274916038440548,0.075757559760012,0.201496839055903,0.558524960309985
6319,0.0274602360706317,0.0756220572175369,0.200695683567335,0.545322505861303
6320,0.0274713717504946,0.0757611947766033,0.201818801689556,0.552082468896157
6321,0.0274732417938155,0.0757574400681204,0.202054204070773,0.548824111088598
6322,0.0274874461953511,0.0758591966828243,0.201666933781951,0.55116446843033
6323,0.0274766630652361,0.0755987223207358,0.201313356219083,0.549678846155057
6324,0.027463731158009,0.0755894380258768,0.200508409301995,0.550131975484753
6325,0.0274749069894682,0.0756628397510767,0.201171768207568,0.55080242393823
6326,0.0274670193591123,0.0756095937251449,0.201438654656271,0.549011814324019
6327,0.0274745365080375,0.0756577102776387,0.201272355455769,0.54558144111529
6328,0.0274834359894889,0.0757004020055245,0.201230749769907,0.546176015799564
6329,0.0274834929476985,0.0756943229296989,0.201311495534883,0.551104993658288
6330,0.0274754636842011,0.0758118830714296,0.201895114571038,0.546501335322692
6331,0.0274900940425972,0.0758205752565093,0.201338360085828,0.54817133309815
6332,0.0274728307712295,0.0756531590381871,0.20110287809043,0.54448407428655
6333,0.0274733464193642,0.0757648650956931,0.201649102296594,0.553517802081477
6334,0.0274871214160473,0.0755969014789263,0.200886049503747,0.550122572879331
6335,0.0274814292749845,0.0757679283806192,0.201804591609214,0.545834105832159
6336,0.0274818473139591,0.0756458668718135,0.201532294498094,0.545804289075449
6337,0.0274702992749866,0.075735632165037,0.201502196309063,0.54633417579529
6338,0.0274768074922077,0.0756632174749646,0.20092646799582,0.542604836147097
6339,0.0274755632788931,0.0757842529058553,0.201417148310474,0.547551190081588
6340,0.0274683523626262,0.0757780914135581,0.201939085548746,0.546555760591102
6341,0.0274689545367872,0.0757978587924846,0.201745696430963,0.550036308835682
6342,0.0274838371636329,0.0756639616227788,0.201007857706678,0.545309428216759
6343,0.0274751047279439,0.0756341155163623,0.201132784760835,0.545016421221878
6344,0.0274827414178454,0.0756406681682653,0.201861162908539,0.549932136196965
6345,0.0274785762427353,0.0757098159373423,0.201356508592311,0.54631193883469
6346,0.0274727302417256,0.0757192073700628,0.201355045051888,0.549391962781256
6347,0.0274711299624941,0.0757572721696089,0.201331401458819,0.5520778772145
6348,0.0274771678626101,0.0757288833350671,0.201645472130175,0.547564492651953
6349,0.0274781775908672,0.0757561705699711,0.202301838849353,0.551065516118935
6350,0.0274796513637054,0.0759504807274075,0.202179725507198,0.546535103354699
6351,0.0274657337311075,0.0756120331632935,0.201044274322621,0.546797249465292
6352,0.0274717004275748,0.0757137149638611,0.200899156865474,0.548703543942223
6353,0.0274821878269753,0.075708130200713,0.200585747306484,0.543602891426239
6354,0.0274820386115982,0.075723337800192,0.201864726582898,0.550746159240819
6355,0.0274970431872527,0.0757486545397939,0.201506678935648,0.545958440684074
6356,0.0274813396705053,0.0757323278723156,0.202310587109779,0.555686732633686
6357,0.0274747377821424,0.0758680686079299,0.201220757239602,0.552536712178196
6358,0.0274780928187378,0.075799222768728,0.201563770523036,0.548779001857612
6359,0.0274914010492466,0.0757885732399698,0.201757760224409,0.553775130442325
6360,0.0274538153529565,0.0756323358397574,0.201388703841244,0.54858456045788
6361,0.0274816813725324,0.0758265287004938,0.201082257986631,0.554153757675722
6362,0.0274696721728129,0.0756932454485022,0.201989553179408,0.551634749897758
6363,0.0274738048844608,0.0758498267784087,0.201501132038354,0.550270670709094
6364,0.0274836628273149,0.0758482777128833,0.202033762992573,0.549968110423351
6365,0.0274861410553873,0.0756842376678735,0.201471514214313,0.547440246693049
6366,0.02748056531132,0.0756271958208169,0.200745767129931,0.543922524609532
6367,0.0274798530393651,0.0756800414880114,0.201026304166597,0.552910527059443
6368,0.0274815007758821,0.0755877936430137,0.201019056113345,0.550022543770878
6369,0.0274711726570953,0.0757684038526851,0.201938966918461,0.546441000267751
6370,0.0274843728602274,0.0756808002560859,0.201359075379878,0.542099415520636
6371,0.0274642646743566,0.0757179733152585,0.201516080090795,0.550919000190927
6372,0.0274798653133031,0.0757796314677395,0.201526428285263,0.542374390593488
6373,0.0274663650218312,0.0758557535667144,0.202292548337463,0.548487681783972
6374,0.0274803907417389,0.0758095000368708,0.201747510317026,0.548895199232703
6375,0.0274757535238964,0.0756756476052032,0.201135005441833,0.547101768103949
6376,0.0274772079240327,0.0756233559106284,0.200799021466385,0.549335287046364
6377,0.0274813731980618,0.0756496652235678,0.201181898552294,0.545651106973194
6378,0.0274715149710104,0.0757878593173354,0.202082720413315,0.548268812148634
6379,0.0274824542510186,0.0756620206329759,0.200908814755349,0.54605374079398
6380,0.0274723173375982,0.0757317134864401,0.201731130617738,0.551865765577947
6381,0.0274957985545296,0.0757567663273766,0.201610522680984,0.550776448245386
6382,0.0274747307681453,0.0757798575412569,0.201293018277329,0.545430532970746
6383,0.0274629781068119,0.0756973395583151,0.200658187408631,0.545846532000509
6384,0.02745610452924,0.0756298239410507,0.200911724704365,0.543367245739945
6385,0.0274881981222157,0.0757523462685544,0.201321609222909,0.553959467058573
6386,0.0274633496602439,0.075686645541835,0.200610998267215,0.546079867048087
6387,0.0274627627588819,0.075611988671371,0.201089085080863,0.545334705414077
6388,0.027482258663142,0.0758548006188162,0.202002481557834,0.551657713172399
6389,0.0274867803602595,0.0758891618103999,0.202186018097091,0.548905888872987
6390,0.0274895762590392,0.0758363836156429,0.201736749728472,0.54548955597916
6391,0.0274862899367044,0.0758218718811674,0.2020263946516,0.547241705563598
6392,0.027470466525953,0.0757759246560495,0.201000572804045,0.545675748230742
6393,0.0274906768617482,0.0758789912510274,0.20235375572103,0.551032424172223
6394,0.027498711473001,0.0756526485927926,0.201173825723586,0.548877928040905
6395,0.0274895672467998,0.0757929266431692,0.201751055600912,0.545014057627927
6396,0.0274823786095258,0.0756746464251846,0.201612956946799,0.549997403002497
6397,0.027476441980238,0.0759210702248553,0.201236222362719,0.549319008989172
6398,0.0274678481520919,0.0757794695510941,0.201778448804193,0.550262586546588
6399,0.0274835147563941,0.0757527427437707,0.200417936896389,0.551320173261505
6400,0.0274655904778389,0.0757082114662525,0.201432682737697,0.54592309662231
6401,0.0274700801088614,0.0755967693077916,0.200856299073583,0.546845609803418
6402,0.0274682327740521,0.0756508992420337,0.201276112399978,0.538051545970486
6403,0.0274760200759937,0.0756305921479459,0.200857573646595,0.549921550689027
6404,0.0274791770729661,0.0757217288151393,0.201344269890017,0.550637626175021
6405,0.0274938287023379,0.0757160431278359,0.201695278490334,0.548251314985599
6406,0.0274700137914196,0.0757098168882236,0.201973708713126,0.547964943101462
6407,0.0274837736224619,0.0757149971862424,0.201453426772455,0.554978284183217
6408,0.0274770993868602,0.0757398126717106,0.20055937409897,0.543006937980127
6409,0.0274736037171595,0.0757747134367085,0.201259581856912,0.547244515168475
6410,0.0274778827947079,0.0757642924366799,0.200241476413384,0.543038297097036
6411,0.0274802198355203,0.0758706625050374,0.201649143481189,0.547259648208389
6412,0.0274790306961183,0.0757432731284612,0.201409348749393,0.552436456420165
6413,0.0274585074706152,0.0757221782889076,0.202138664637984,0.548833464205938
6414,0.0274811005557465,0.0757778639184706,0.202181418534298,0.550873083891584
6415,0.0274868976168509,0.075782313845023,0.200622004287393,0.550643954630441
6416,0.027471322558349,0.0756884050061033,0.201124711495296,0.547813648231302
6417,0.0274797953361509,0.0758358860508569,0.200709901572013,0.546049817008728
6418,0.0274663203219784,0.0757251694289814,0.202097557790341,0.551177945763875
6419,0.027495556060802,0.0758359234699795,0.200698671937505,0.548652555170818
6420,0.0274684589075416,0.0757727474660766,0.201230293972239,0.554013210311598
6421,0.0274685176659126,0.0756773346283061,0.201746340028978,0.548045583976061
6422,0.0274807750799451,0.0757032536480579,0.201186328773853,0.552151336140787
6423,0.0274766009921635,0.0759405306553296,0.201813083740402,0.556513066699962
6424,0.0274747560735584,0.0757494156663978,0.200538438835925,0.545878203920064
6425,0.0274611115051169,0.075704676467217,0.201297206053299,0.549009163357544
6426,0.0274937538741002,0.075718113520593,0.20156527189211,0.54708704785207
6427,0.0274817580963518,0.07573247201719,0.200676404528667,0.550668315418541
6428,0.0274868079619079,0.0758995691230521,0.201896653559128,0.543996454758366
6429,0.0274620566559442,0.0755799604293584,0.199825459150936,0.54423714848003
6430,0.0274696747630981,0.0756578380936117,0.20144934721912,0.549075782778215
6431,0.027490667502353,0.0756556324354986,0.200874658990772,0.552735219948857
6432,0.0274814816571603,0.0757659248685394,0.201739972337985,0.556167245589871
6433,0.0274700979850695,0.0757552815824938,0.201655117448486,0.552264717821861
6434,0.027479375640722,0.0757600965440143,0.201427883689173,0.545633498830275
6435,0.0274777391523042,0.0758120698321769,0.201735378382558,0.55343346395006
6436,0.0274922352210381,0.0758028898453033,0.200999991009406,0.555654442176118
6437,0.0274757736269826,0.0756910995089551,0.201583673825932,0.547537032269687
6438,0.0274668215283201,0.075649529097325,0.201288523130501,0.55167566510244
6439,0.0274594329981934,0.075594617225449,0.201488567681569,0.553462537258842
6440,0.0274931593191484,0.0758194919137053,0.201309460925768,0.547737003757889
6441,0.0274782593566291,0.0757266065850223,0.201363810082877,0.548387865981058
6442,0.0274981166193277,0.0757194695073853,0.201004553136225,0.546795885136036
6443,0.0274797779364513,0.0758080959699809,0.202936936131202,0.548660710587488
6444,0.0274785007062604,0.0756977819821233,0.20128245702545,0.547616188115257
6445,0.0274722294219681,0.0756336380896217,0.200902475498258,0.546928369913218
6446,0.0274773793499792,0.0757973263979713,0.201316389605488,0.551048959959002
6447,0.0274794749192601,0.0758967593226045,0.201903226974806,0.552121986555799
6448,0.0274792450678219,0.0757902777939018,0.201185178808541,0.548331142659039
6449,0.0274576710125216,0.075639030049459,0.200925357876128,0.551132218779591
6450,0.0274571370036868,0.0757040223886937,0.20082134969041,0.548937680213645
6451,0.0274849225974565,0.0756839612084771,0.201159999434674,0.54494385307986
6452,0.0274814738541992,0.0756561194300553,0.200609982706642,0.548689552877131
6453,0.027471177926158,0.0756715302131103,0.201535111754417,0.548686695336726
6454,0.0274863420855477,0.0757309750803463,0.201430488501231,0.545037221604561
6455,0.0274740533430578,0.075651605342676,0.201004424060227,0.549056804616981
6456,0.02747804406767,0.0756534233620186,0.201477659320408,0.543475943525655
6457,0.0274786404578065,0.075733104555242,0.202319813104423,0.547872140040901
6458,0.0274801990433712,0.0757016021066155,0.201650758133977,0.552654048072316
6459,0.0274848802564527,0.0757633193436444,0.201361062424112,0.550513004391093
6460,0.0274899639767343,0.0758315208041872,0.201759744068218,0.547623089659683
6461,0.0274986705736669,0.0758158653262666,0.202055464359386,0.548695995469371
6462,0.027471769365282,0.0757615934519963,0.202631804626766,0.555907659717684
6463,0.0274617180026364,0.0758065134500204,0.200726442070652,0.546357825624942
6464,0.0274693113786515,0.0757157575209274,0.201171091924756,0.551630811052018
6465,0.0274766919398258,0.0757430405748827,0.201717241102115,0.553147064900104
6466,0.0274813658119956,0.075700250359198,0.201373232411755,0.548925589716256
6467,0.0274901822501417,0.0758271493768645,0.201068592277021,0.550172026422934
6468,0.027505729115689,0.0758117733512257,0.20188538153919,0.550332925278336
6469,0.0274869439002381,0.0757058763399007,0.201657910716832,0.545189932897346
6470,0.0274570532167856,0.0756200845867772,0.201270594497823,0.546299390419676
6471,0.027470776658864,0.0757767213997777,0.20122460804257,0.552251067599819
6472,0.0274769134883758,0.0757852537358892,0.201355859221969,0.546876351962908
6473,0.0274645020020493,0.0757107043157254,0.201922821155026,0.553493180195398
6474,0.0274918403653372,0.0756586879478198,0.201721791067033,0.55118399985162
6475,0.0274800998220129,0.075657311843214,0.200318299210209,0.547339496305989
6476,0.0274639764864957,0.0756663410536142,0.200683977265133,0.546618594168803
6477,0.0274626822044019,0.0758425268871574,0.200979454631211,0.550787874217746
6478,0.027469563504137,0.0757078014441837,0.20167727924614,0.553732898842308
6479,0.0274698439352254,0.0758445401016741,0.201890135817681,0.547552767097975
6480,0.0274721308967855,0.0756837894975531,0.201693410489322,0.549918160205083
6481,0.027484243006536,0.0757487371917981,0.200831042584795,0.545468497479446
6482,0.0274832190143682,0.0757766407196447,0.200724068799843,0.551131937163373
6483,0.0274820964153642,0.0756473032247752,0.201258332380448,0.553635930942827
6484,0.0274685940241496,0.0756920625200966,0.201706278174396,0.554038085567133
6485,0.0274685466474692,0.0758013630266383,0.202222873376899,0.552466004842938
6486,0.027470586966518,0.0756272359364408,0.201512882243188,0.550290344522795
6487,0.0274698999726621,0.075693576243403,0.201728928630607,0.546691636785185
6488,0.0274812734604579,0.0757500713761535,0.201283815984529,0.554892706303453
6489,0.0274706947977776,0.0756683694926317,0.20104897428836,0.553419655334713
6490,0.0274803318894579,0.0756919638227213,0.201532948330326,0.54770572886737
6491,0.0274688085011562,0.0756852108979157,0.201672727130065,0.551461741321819
6492,0.0274664535499477,0.0756631868000474,0.200493560697728,0.549222056084057
6493,0.0274672774630872,0.0756879495009675,0.201012856075203,0.549294944551838
6494,0.027475489652557,0.0757095468862715,0.201756047661416,0.549852725142473
6495,0.0274613332023191,0.0756478095266466,0.201249129456675,0.554362080928379
6496,0.0274616333651479,0.0756583775341564,0.201671212156407,0.556785118825242
6497,0.0274893126291282,0.0757931170610946,0.201166385331064,0.544394090782795
6498,0.0274785538268495,0.0756556656725573,0.201571119080272,0.546780973636922
6499,0.0274715046079314,0.0756905262996593,0.201353469600973,0.551610552177945
6500,0.0274537695301248,0.0756441720476408,0.200525000405726,0.543523573171388
6501,0.0274705115923612,0.0756183405756791,0.200843650384451,0.546279013333697
6502,0.0274600960139387,0.0755978095717782,0.201702256840332,0.545055478793181
6503,0.0274934673708569,0.0758134706779016,0.201210196526562,0.54857717551874
6504,0.0274809932691328,0.075833070537735,0.200668438198564,0.546695338579129
6505,0.0274782355505451,0.0756777369464406,0.201287649169992,0.55074888163788
6506,0.0274772792533266,0.0758228269937815,0.201781017421049,0.552395973144987
6507,0.0274683781777067,0.0757350795290577,0.201082922378085,0.547585509675019
6508,0.0274933905494127,0.0758167306829677,0.201421521334249,0.551953796060306
6509,0.0274651396286934,0.0757279119307218,0.201163126839683,0.548879034319053
6510,0.0274788316899851,0.075769120326524,0.201187301469541,0.54993449786815
6511,0.0274852015368259,0.0758895912037459,0.201648012374928,0.553294696620411
6512,0.0274814200038872,0.0756750390941608,0.201216492263238,0.54904078122632
6513,0.0274675707962611,0.075651243423383,0.201647795949618,0.550533313427658
6514,0.027476446281253,0.075800020415298,0.201764669565651,0.547689932547454
6515,0.0274629054264022,0.0757334404555229,0.201649263445849,0.555169787012383
6516,0.0274817116584749,0.0757969285461489,0.201602231269067,0.550115511470232
6517,0.0274607027262338,0.0757768731910445,0.202047311405102,0.54383085085033
6518,0.02745249422743,0.075664595092674,0.201474869336983,0.549612711885122
6519,0.0274927305584713,0.0756783196802677,0.201879607878605,0.552985271966481
6520,0.0274798745550744,0.075752923634921,0.201743351511754,0.549188646028492
6521,0.0274679873592108,0.0757230794302058,0.201806283952893,0.553581323334128
6522,0.0274786617062381,0.075761947348609,0.201015682098798,0.553779022383704
6523,0.0274894774907754,0.0758372674008756,0.201040768609334,0.549072273814367
6524,0.0274655199663299,0.0757106836203495,0.201032614099387,0.547113879661665
6525,0.027483366026354,0.0756943542563037,0.201394465619544,0.542827299574189
6526,0.0274653233581494,0.0756365442082974,0.201540911752992,0.547676664486435
6527,0.0274711556571898,0.0755926385764103,0.200866437044255,0.549007370748425
6528,0.0274881494502115,0.075687245183335,0.201487085447216,0.547741560836144
6529,0.0274758432968187,0.0756463402987091,0.201652051238462,0.557192396143496
6530,0.0274835032221213,0.0756949207811689,0.201710102574518,0.54918275042918
6531,0.027483592280367,0.0757850325335069,0.201335891124564,0.546143214247194
6532,0.0274761836952835,0.0756711591701564,0.201321326969579,0.549715200334427
6533,0.0274865309763524,0.0758224134537659,0.201350127906252,0.547756965330832
6534,0.0274679523336511,0.0758302207114916,0.201741981916601,0.549312017306794
6535,0.0274702094434585,0.0758752964881651,0.201426779499863,0.549470107613022
6536,0.0274690924895661,0.0757046183748399,0.201187447971451,0.544508378459512
6537,0.0274898280834256,0.0757977860501328,0.201810831853824,0.551468883138935
6538,0.0274919469354663,0.0756646638112713,0.201683192450167,0.550518351229597
6539,0.0274689702470545,0.0757013913620268,0.201017475754512,0.549993410399252
6540,0.0274531153581022,0.075744748469627,0.202310123808922,0.551581303236102
6541,0.0274880810367327,0.0759296519303136,0.201271372475646,0.551294162897984
6542,0.0274866243531037,0.0758229420512263,0.202013796817725,0.548634923260678
6543,0.0274694376594389,0.0757002748276783,0.201149386548951,0.549418309744365
6544,0.0274866675516262,0.0756535962468712,0.200245655394853,0.54517199868188
6545,0.0274868202372725,0.0757888663430218,0.201121613923998,0.550614547495422
6546,0.027450317123294,0.0755686021960579,0.200512888558738,0.545743512525252
6547,0.0274942086954774,0.0758487213113364,0.201088080137221,0.551819313563656
6548,0.0275029294859984,0.075802013583511,0.201767569953285,0.545552694132196
6549,0.0274809791515251,0.0758125981029256,0.202038111702325,0.549723223541532
6550,0.0274648766358292,0.075722722262046,0.201017227475488,0.548698461728424
6551,0.0274874538479807,0.0757447869091069,0.201675473456863,0.550487287858265
6552,0.0274780454906892,0.0757846640704874,0.201250669152537,0.544033584257848
6553,0.0274782663635024,0.0755421501617231,0.200812837495113,0.546623755519452
6554,0.0274828247023587,0.0758262704996547,0.201501896947174,0.548691111506334
6555,0.0274752457515042,0.0757209085265315,0.201949830782954,0.550959435372805
6556,0.0274789431227896,0.0758383822346466,0.200889943243496,0.546583662264708
6557,0.0274802257466709,0.075653248388091,0.202224711615082,0.551803839198843
6558,0.0274973011411846,0.0757059049360527,0.201112411882812,0.550084812014556
6559,0.0274823419753104,0.0758889805814994,0.202004846635741,0.554338810508702
6560,0.0274844933752229,0.0756700835654514,0.201517095564378,0.551349766910047
6561,0.0274712455624037,0.0756983940946738,0.200753620937113,0.550426778692715
6562,0.0274835853283242,0.075661596717159,0.201386439644433,0.5444667558353
6563,0.0274873959377697,0.0758098541046357,0.202079276424606,0.549909110774301
6564,0.0274691734972869,0.0757398701797133,0.201928834012261,0.549910615728457
6565,0.0274749204733908,0.0756498886259281,0.200754921373529,0.541308808979805
6566,0.0274658187137259,0.0756890521443157,0.200727444837893,0.548536659779828
6567,0.0274708255799814,0.0758209219334767,0.202385759116821,0.551146938111384
6568,0.0274739465004969,0.0757274921922559,0.202049404410515,0.546891630842065
6569,0.0274729978029655,0.0756230295625987,0.201634513408639,0.542436566936906
6570,0.0274869539652525,0.075838986709097,0.201257463560461,0.547100041769432
6571,0.0274680603324726,0.0756899709373456,0.201588351870621,0.552183107074986
6572,0.0274806166047361,0.0757763039773348,0.201894446905393,0.554335413120127
6573,0.0274682686242299,0.0757760743660944,0.201305996943596,0.551013905489943
6574,0.0274631270949582,0.0757523618624591,0.201389393425457,0.555040949756743
6575,0.0274795643965713,0.0757759239865349,0.20171513816649,0.54932361270733
6576,0.0274602003081139,0.0756727823686199,0.201506730342586,0.549216162712416
6577,0.0274678613160887,0.0756722260089395,0.201684442531893,0.548873562119501
6578,0.0274681565294827,0.0756565110984518,0.201013139558176,0.545083656661311
6579,0.0274802238710517,0.075751367042885,0.202450932337232,0.55626975888639
6580,0.0274772668757032,0.0756423464260018,0.201879279814456,0.554524257414714
6581,0.0274908702553289,0.0756997220949729,0.201857572927553,0.552448704170629
6582,0.0274760939519468,0.0758045149963851,0.200963002899388,0.549002357313256
6583,0.0274784287381116,0.0757341322596648,0.201124111777365,0.547415561314889
6584,0.0274761200516351,0.0757514861002005,0.201144514696397,0.543596538946928
6585,0.0274874632948177,0.075629849620091,0.201475107024569,0.551441493758357
6586,0.0274699008543754,0.0757058136064955,0.201517846783485,0.54811196758441
6587,0.0274758650183881,0.0757785200092532,0.201133283250613,0.551697756587227
6588,0.0274787683271501,0.0757806799241655,0.200633740362865,0.5465752115633
6589,0.0274794150243016,0.0757212756670222,0.201250694691735,0.545862490846889
6590,0.0274806541471288,0.0758964772890925,0.201992100789277,0.551314682228563
6591,0.0274867503620439,0.0758445345041943,0.201979312581105,0.553676681007288
6592,0.0274716277634789,0.075781509137015,0.201910306660546,0.54808951125591
6593,0.0274796837834962,0.0758328860150804,0.202286345162818,0.550066403146245
6594,0.0274700210329991,0.0757017758507971,0.200821816284627,0.547578225658076
6595,0.0274902746468424,0.0756364012803402,0.202035806395937,0.549517761934152
6596,0.0274897534202073,0.0757005133073761,0.201720409415086,0.548552995513921
6597,0.027489503939289,0.0757822847781302,0.202441678331191,0.546773359239742
6598,0.0274797046717435,0.0757573396925231,0.202355159100371,0.54911319996059
6599,0.0274726985363411,0.0757930205990866,0.20183981064272,0.540185972595079
6600,0.0274897885586619,0.0756844749770038,0.201395234957337,0.548201963236844
6601,0.0274769292345431,0.0757301267525328,0.20123104954124,0.55192547576678
6602,0.0274861061609756,0.0756459681970217,0.201031000221387,0.546822335107429
6603,0.0274524990405007,0.0755270908060997,0.201733277589831,0.545066657703157
6604,0.0274836157177154,0.075640646191054,0.201992845233277,0.545682750742484
6605,0.0274636526298813,0.075626712508977,0.200913335660294,0.548698520279387
6606,0.027480233651417,0.0756451033982322,0.201806118856481,0.544978973874521
6607,0.0274833892216073,0.0756635959214536,0.201455731422654,0.54574499791764
6608,0.0274656873445576,0.0757381234503401,0.20157924379016,0.546342938408782
6609,0.0274702209253221,0.0756917333501671,0.20165119897907,0.547084140999384
6610,0.027466732145927,0.0757831992968166,0.201614099554328,0.550546570698008
6611,0.0274755933736156,0.0756745080744433,0.201531503758256,0.549194188393804
6612,0.02746239792154,0.0756369484735009,0.20120856156307,0.553274262860363
6613,0.027457595395434,0.0757021907126007,0.201919051781553,0.546696460382432
6614,0.0274886802449804,0.0758341330638333,0.200646402537796,0.549545738564942
6615,0.0274833342581796,0.0756950418015081,0.201115847598857,0.546653014294589
6616,0.0274838968714901,0.0757340456525943,0.200789508914415,0.549076721674331
6617,0.0274708845064276,0.0757569001899725,0.200906136975188,0.546640111302848
6618,0.027483190964109,0.0757624841691592,0.200632815240313,0.54727549209398
6619,0.0274899629972354,0.0757274621698096,0.201413904915787,0.548744493456542
6620,0.0274872785030602,0.0757572927430165,0.200942814282879,0.554634574391167
6621,0.0274841787273635,0.0757820602549687,0.201479690106575,0.550278082984536
6622,0.0274706003342825,0.0757818303279651,0.201807122000692,0.552182997374525
6623,0.0274838787443873,0.0758174045804934,0.20202536107129,0.548684156321024
6624,0.027490959241953,0.0757386061977763,0.202468747104921,0.551558070697005
6625,0.0274790892294307,0.0756692105886404,0.201024103466198,0.545598912828523
6626,0.027483324908318,0.0757553735205063,0.201581457406887,0.548350286525562
6627,0.027481445026482,0.075779296646239,0.201469394562575,0.548474666553998
6628,0.0274889785802225,0.0757356439523012,0.20122139308601,0.548539683204816
6629,0.027475419547586,0.0757150467394971,0.201600722281244,0.543993092679395
6630,0.0274559770148019,0.0755570205114669,0.201130913824019,0.555666388467305
6631,0.0274895741639775,0.075881803945507,0.202129017860775,0.546259552123776
6632,0.0274806240879133,0.0756972609669229,0.2007334920594,0.547787248056042
6633,0.0274802514456383,0.0757783711692817,0.201201191395611,0.546937366966235
6634,0.0274614940262998,0.075636348600021,0.201094627591144,0.542903448414441
6635,0.0274909004048528,0.0758627008580801,0.201691572754563,0.546878414632045
6636,0.0274836360546984,0.075824707350481,0.201150675367636,0.548426736533064
6637,0.0274746538297668,0.075832190364356,0.200730353677045,0.5426315446515
6638,0.0274779686739316,0.0756909135502942,0.200902021087444,0.54536856929421
6639,0.0274474790787993,0.0755225145213709,0.201086447728208,0.548201509368907
6640,0.0274590924432474,0.0756737812641141,0.202216176827163,0.550896549699362
6641,0.0274716448887806,0.0756410846978024,0.201209070683601,0.5509525001343
6642,0.0274766520804628,0.0756755862473913,0.202160207181749,0.548771103444843
6643,0.0274855317178105,0.0757983204170236,0.201522778295799,0.554350535700546
6644,0.0274660749056566,0.0756896307661351,0.201705845267741,0.550361954727824
6645,0.0274842402579825,0.0756891044723065,0.200896477226984,0.548866381431146
6646,0.0274837444943352,0.0756904818239912,0.201117057453814,0.543761553537773
6647,0.0274805716701429,0.0758448268832621,0.201680853865699,0.552196565996078
6648,0.0274844269468329,0.0757915947492603,0.201849228466121,0.55162083501738
6649,0.0274848850483183,0.0756798202738563,0.202044535563114,0.553993793793925
6650,0.0274856599513919,0.0757004888614235,0.202136734694703,0.549621861350841
6651,0.0274807195069344,0.0756726945093529,0.200708535165561,0.552652194357085
6652,0.0274758157533181,0.0758226617951783,0.201162540678709,0.550235175311347
6653,0.0274833061353744,0.075707428238734,0.200754104348551,0.5520310154307
6654,0.0274836404766907,0.0757796791451905,0.201962166543294,0.551141245179588
6655,0.0274742663562791,0.0758292174790003,0.201736313739781,0.548842726837673
6656,0.0274759391634276,0.0757899857408747,0.200679606660231,0.545196244643319
6657,0.0274774641362715,0.07562896826892,0.200102238165772,0.546818679750971
6658,0.0274609425712284,0.075733585690545,0.201294555739168,0.547656797430584
6659,0.0274908092607599,0.0758670159737844,0.201764071026697,0.555639158980996
6660,0.0274705498096215,0.0758782768344266,0.201934589431154,0.547448785275451
6661,0.0274779124977544,0.0756965100246849,0.201640754478797,0.5474775454971
6662,0.0274795595630354,0.0757769876783021,0.201145575218115,0.554390685038167
6663,0.027483603573454,0.0756542930582747,0.20111793640769,0.546156757022137
6664,0.0274651545550905,0.0756703993137844,0.200980021405733,0.551251870526101
6665,0.0274769765789258,0.0756637575575376,0.200943984605132,0.552420306904086
6666,0.027465123822714,0.0757332420964089,0.200932810575298,0.546731940478317
6667,0.0274809404338214,0.0757155165809112,0.201680903251525,0.545794300814466
6668,0.0274855506684501,0.0756479915997843,0.200376397168311,0.549059142020639
6669,0.0274766629700992,0.075729101456553,0.201463705175219,0.547286363817072
6670,0.0274743767650562,0.0757595013368475,0.201457903187428,0.551396829164956
6671,0.0274653183106039,0.0757796820606977,0.202488776717921,0.54575738382698
6672,0.0274891402140115,0.0757462609698032,0.201927333609333,0.54895236180629
6673,0.0274794016604934,0.0757071846355596,0.201219426818054,0.55129731049031
6674,0.0274872830215313,0.0757408354256489,0.200923098953697,0.551291051753771
6675,0.0274807410919473,0.0757544487996112,0.201559163329891,0.549779578112682
6676,0.027478528396884,0.0758863539866371,0.201624413329279,0.548009025621283
6677,0.0274850995830104,0.0756706582244247,0.201709518773023,0.547157063034509
6678,0.0274761559547154,0.0756812040267015,0.201348934869793,0.544638955241711
6679,0.0274894501013097,0.0757547609441317,0.201858606360398,0.548571804658746
6680,0.0274845245888972,0.0758760164686415,0.201791655822426,0.54666075915669
6681,0.0274817009820929,0.0757011654819474,0.200865989119668,0.55034396828103
6682,0.027481986577953,0.0757974345788584,0.201093789017168,0.547933225577489
6683,0.0274607507992718,0.0756958981941988,0.202053712958381,0.548320329130526
6684,0.0274885733538029,0.0758311044320677,0.201721535522688,0.550934162917152
6685,0.0274928750323207,0.0758060571567738,0.201296736047113,0.546698264966947
6686,0.0274623841928069,0.0757015943571495,0.200834675693671,0.54694076280066
6687,0.0274682760468604,0.0758052867448951,0.202289760563318,0.549785323054587
6688,0.0274666396828731,0.0757725732657731,0.201751001276524,0.547179941753296
6689,0.0274784029197337,0.0757383053758569,0.20145759318162,0.548951006395081
6690,0.0274646378913703,0.0756147098103759,0.201252131571325,0.544627072737633
6691,0.0274898044164292,0.0757529762351944,0.20148209045654,0.547622856435607
6692,0.0274839265603527,0.075701851520097,0.201212718979189,0.542190658381736
6693,0.0274717443161419,0.0756687081029541,0.201741797721858,0.552947992335952
6694,0.027481391650792,0.0757799535205123,0.201452534903466,0.54619228448812
6695,0.0274621162604697,0.0757152438464557,0.200868061522132,0.549460077759429
6696,0.0274953532884039,0.0757019883138386,0.201166438668007,0.545248338318565
6697,0.0274805455638691,0.0756263249065417,0.201313472223672,0.545096137133025
6698,0.0274885272895258,0.0757396795695625,0.201224466355772,0.554408330948382
6699,0.0274773608845036,0.0757017353294625,0.20124392570239,0.556738788473424
6700,0.0274905464031462,0.0757915015882807,0.200469433586056,0.544300867900155
6701,0.0274736936659171,0.0756880262180397,0.201133331741739,0.552207171233015
6702,0.0274906842005524,0.0758296667885704,0.201693727656231,0.548401156194639
6703,0.0274847537769097,0.0756879790228341,0.201297472812637,0.548967140510573
6704,0.0274804546712718,0.075837324798063,0.20165958589803,0.551949950750023
6705,0.0274567358212928,0.0758338987990741,0.200941165391746,0.552629120781768
6706,0.0274852041424303,0.0757998280231984,0.201581811327367,0.548495891178764
6707,0.0274754566110782,0.0757953991672385,0.2010676213998,0.549510794573366
6708,0.0274522023172087,0.0756110093420003,0.201663678151143,0.552181661439534
6709,0.0274822158086627,0.0757263981291145,0.201511136011448,0.554433063919452
6710,0.0274986770353543,0.0757623275391404,0.202008186860815,0.554059514026299
6711,0.02747760860838,0.0757194207630229,0.20141507974028,0.550951674059259
6712,0.027488513436396,0.0757785428191872,0.200900198459175,0.547197911317255
6713,0.0274873830651731,0.0757860977525105,0.202243734361195,0.547759451080034
6714,0.0274861895585006,0.0757378417122858,0.201238638693829,0.545390142239801
6715,0.0274871319133152,0.0757911397251459,0.201015635428635,0.551498420855843
6716,0.0274710967923213,0.0759281350377779,0.201348203778661,0.546318700041398
6717,0.0274776965259216,0.0756034205754563,0.2008987911601,0.551179048601283
6718,0.0274868727200404,0.0757913098671765,0.201828585234764,0.54610019937787
6719,0.0274836680690586,0.075867800764231,0.201133483968993,0.549981915458001
6720,0.0274705406152707,0.0755531576926411,0.201042977635435,0.546442707163692
6721,0.0274813786722031,0.0755943643495351,0.200744359366071,0.546814589816239
6722,0.0274802104879989,0.0757039205119318,0.201033429456206,0.550579673019266
6723,0.0274867551454236,0.0757421673566296,0.20183775107428,0.549643072146019
6724,0.0274811398390704,0.0755614797699965,0.20076607882615,0.548805846752958
6725,0.0274841075283416,0.0757970327034689,0.201506795783122,0.550004986517143
6726,0.027474261598252,0.0756519782011017,0.201105403584374,0.546508933728563
6727,0.0274919156074922,0.0756981326332182,0.200626157833585,0.550475188393298
6728,0.0275027053298368,0.0758196598799485,0.200892144461616,0.541588812727044
6729,0.0274784285586984,0.0755808062280628,0.200945772023015,0.545621672937169
6730,0.0274781840626725,0.075778743926101,0.20132731072294,0.552751942544368
6731,0.0274700570136836,0.0758995932166606,0.202102328391275,0.546772608689568
6732,0.0274810392942301,0.0758215106383311,0.201968861245508,0.547952737245552
6733,0.0274729831258906,0.0756336442538985,0.20139271275481,0.547754415994949
6734,0.0274808159183928,0.0758015877279968,0.200975080012463,0.546222426937865
6735,0.0274838812987453,0.0757153824614463,0.201646153333928,0.545381338445951
6736,0.0274797793150074,0.0757410653239882,0.200431595130297,0.542514086051013
6737,0.0274750872624937,0.0756056757861395,0.20174887623398,0.551462954419677
6738,0.0274682775772647,0.0757067262696606,0.202002493913356,0.550727912529045
6739,0.0274654985547018,0.0756214414568849,0.200700858226656,0.54636785273605
6740,0.0274825986035627,0.0758682128562892,0.201973766499925,0.554282026936847
6741,0.0274783997313106,0.0757234627499591,0.202403254606643,0.556634966202227
6742,0.0274624791551679,0.0756688952744917,0.201765640885112,0.552925324064715
6743,0.0274835610465398,0.0757454572273724,0.200923785495451,0.548399162196835
6744,0.0274634618892437,0.0756713160922353,0.201385106235087,0.549811752812807
6745,0.0274753454322005,0.0756456162061673,0.201040254246588,0.54435983079376
6746,0.0275038814600188,0.0757964743667831,0.201991475823705,0.544250205588362
6747,0.0274758068052783,0.0756909999555032,0.201688377113349,0.544553524392096
6748,0.0274884505479318,0.0758538116824811,0.201856262686957,0.547571196128286
6749,0.0274738987703225,0.0756838538676821,0.201152434659567,0.54374410380148
6750,0.0274940286673017,0.0757166264160173,0.20112233770708,0.544196443625761
6751,0.0274839031345868,0.0758079067045305,0.202067216445003,0.54734595441783
6752,0.0274823983740414,0.0757426481032072,0.202089821584641,0.546248095150083
6753,0.0274737911073383,0.0757140552044099,0.200869502549235,0.552510627255224
6754,0.0274827598930353,0.0757241379613556,0.201543580933889,0.548217208976418
6755,0.0274593203434714,0.0756040517410471,0.200721167169629,0.546584347712257
6756,0.0274936000646135,0.0758489428961413,0.202272648933769,0.55164635416303
6757,0.0274643160103867,0.0757573460774748,0.200791810080822,0.551207726460302
6758,0.0274726028328244,0.0756234644429317,0.200962582962665,0.548222603466924
6759,0.0274642224113418,0.0757716208929895,0.201134875837278,0.545980758832109
6760,0.0274760812099589,0.0757466093007674,0.201766414302531,0.548563891678113
6761,0.0274763685853823,0.075680434358592,0.200536842985557,0.553964081156313
6762,0.02747217598077,0.0756201887582023,0.201388705005505,0.545208940564806
6763,0.0274829971607843,0.0757315866045311,0.201862240681826,0.554502913267749
6764,0.0274547680287085,0.0756175415692184,0.201080716747771,0.5491777163237
6765,0.0274813370136597,0.0757883550952135,0.20146222907284,0.546025342374555
6766,0.0274856370558427,0.0756407199103308,0.201393718918428,0.551020147059846
6767,0.0274855456560416,0.0757298541548645,0.201421022623055,0.552725311404529
6768,0.0274772047337205,0.0757514788655347,0.202120958791867,0.55271154782703
6769,0.0274686278221953,0.0757526014167216,0.202181884077742,0.551035208273348
6770,0.0274722743964129,0.0758347407643271,0.202297857204099,0.544875776244706
6771,0.0274730984682366,0.0756841974075087,0.200303167858636,0.547858485070233
6772,0.0274872693450032,0.0757733133406383,0.201439340217823,0.551014215865264
6773,0.0274724172550519,0.0757206651181618,0.200856245399038,0.544394921029999
6774,0.0274809397166292,0.0756730692226647,0.200730135373475,0.546671640268276
6775,0.0274931256218775,0.0757577853502052,0.201394352336868,0.544879486925722
6776,0.0274833555497918,0.0756800468774338,0.201029158697472,0.54382566506074
6777,0.0274826306603583,0.0757230176652793,0.201519848954776,0.549859625857261
6778,0.0274799145502565,0.0757772088676178,0.20150211334197,0.551054610540015
6779,0.0274886809135769,0.0757488864601062,0.201466481095137,0.550883468412123
6780,0.027486918998618,0.0757324889392301,0.20156608469853,0.548345624376825
6781,0.0274807986037466,0.0757426850844227,0.201166592160469,0.548142503739027
6782,0.0274761597520213,0.0757051418313802,0.201394782026361,0.552689551168085
6783,0.0274843275625756,0.0758269464477267,0.201144199682436,0.548785110905194
6784,0.0274654875751932,0.0755386389703015,0.200722157053063,0.544252944840767
6785,0.0274814546433367,0.075761441217899,0.201019207354887,0.548243733204598
6786,0.0274772492398959,0.0757404548450886,0.201522581049965,0.549821692417117
6787,0.0274740084472624,0.0757109770844184,0.200820174582606,0.550119206641962
6788,0.0274752706797698,0.075602491341266,0.202037127076572,0.548757210752028
6789,0.0274867586262517,0.0757197290747645,0.201230829470815,0.548284022212422
6790,0.0274727500157529,0.0756064234590569,0.20093957877082,0.546160875928638
6791,0.0274880176905621,0.0757735108255994,0.201762818891037,0.548733107085147
6792,0.0274847737819732,0.0756942894028557,0.200841541858033,0.547941815932861
6793,0.0274993836486465,0.0757984966272131,0.201899555566776,0.55050205838071
6794,0.0274761188760906,0.075709164324339,0.201341237392078,0.545611398426906
6795,0.0274911562244214,0.0757195805261473,0.201365930014049,0.547157660171612
6796,0.0274862601178945,0.0757100129656543,0.20114813723524,0.545189593708701
6797,0.0274780064114728,0.0757101965383091,0.200307718711086,0.544930813780346
6798,0.0274654230575245,0.0756075624795102,0.201207417684207,0.548160835123168
6799,0.0274674357932643,0.0755988124812016,0.201420377138842,0.54523788215331
6800,0.0274812308292008,0.0757238855879345,0.200839604404045,0.551282547888107
6801,0.0274753877113838,0.0757175428347494,0.200735404594083,0.544017000849432
6802,0.0274670448964012,0.0757958295203345,0.201734594617794,0.554301317578143
6803,0.0274826374413174,0.0757401145236472,0.200579087801157,0.545540371705606
6804,0.0274729260209807,0.0756212962811525,0.201019449018449,0.552290268954945
6805,0.0274804447361763,0.0757676699825313,0.200660193993156,0.549557746078084
6806,0.0274728564435723,0.0757408641478557,0.201446286496471,0.548547222028117
6807,0.0274779333158136,0.0756707075978324,0.201164808768242,0.544942470350625
6808,0.0274877794666906,0.0756986192771209,0.202335636472429,0.551108473055567
6809,0.0274812394791952,0.0757927877399178,0.201468300827692,0.540785780956182
6810,0.0274713570736379,0.0757140199835128,0.201358395171191,0.553420191370388
6811,0.0274722727171681,0.0757749471229128,0.201539020835186,0.552456578452479
6812,0.0274576346888348,0.0755646911186072,0.20100088919672,0.550959552989721
6813,0.0274687959338252,0.0756295058882032,0.201140621361929,0.547383956357862
6814,0.0274686245747805,0.0756963489196027,0.201320172623772,0.54475834360808
6815,0.0274737467209819,0.0756182856240036,0.200981363171706,0.549459994488872
6816,0.0274683826040973,0.0756987229723245,0.200861439339705,0.545934554951048
6817,0.0274689916887282,0.0757065527949086,0.201179515911474,0.550449947345923
6818,0.0274827859783987,0.0757638711185089,0.201277963256805,0.553000359805463
6819,0.0274843519228785,0.0757439069499668,0.2010062731202,0.551870602043256
6820,0.0274800701309631,0.0757793777793064,0.20194764270396,0.547294024517187
6821,0.0274755855842041,0.0755630098712608,0.201038111434764,0.542865183348145
6822,0.0274770676110892,0.0757470377749418,0.200156241329151,0.546817842407278
6823,0.02748653712327,0.0756619871355093,0.201097916430997,0.552334358973198
6824,0.0274763521576445,0.0756848082145561,0.201141356362448,0.551102545810365
6825,0.0274797990563714,0.0757835474072503,0.20208184315535,0.550169096196125
6826,0.0274683288976181,0.0755321433089075,0.201328490153999,0.54907122723258
6827,0.0274813337971461,0.0757411811139711,0.200713457687669,0.549270187061357
6828,0.0274712132409478,0.0756145394702079,0.201251531077991,0.544700697241801
6829,0.0274722060432652,0.0756472301117432,0.200888445841006,0.55295139434952
6830,0.0274809074755191,0.0758597161164589,0.200545315589486,0.547732217548785
6831,0.0274728117687492,0.0757465863982225,0.200854168756119,0.548633434364317
6832,0.027475602980816,0.0756653844535644,0.2015923174435,0.547818456946869
6833,0.0274821789803343,0.0756941289750559,0.2008689784047,0.546943463396642
6834,0.0274788069679444,0.0756186543983955,0.201526922943508,0.543148960920096
6835,0.0274715702382433,0.0757191619377717,0.202316480397531,0.545256584882797
6836,0.0274792938057509,0.0756368949002798,0.202632420341112,0.554382177528466
6837,0.0274971557342065,0.0758137493203837,0.201230740595121,0.548478356992354
6838,0.0274801702616383,0.0756794466935685,0.201310114491677,0.55376101040906
6839,0.027489171568207,0.0758040676491843,0.200995938376432,0.550017085226793
6840,0.0274776414519898,0.0758724899920287,0.201341530736294,0.553528539111048
6841,0.0274800839608889,0.0756906464755322,0.200962693234312,0.544590792692473
6842,0.0274784222698644,0.0758356555412338,0.201795528052734,0.550608177552559
6843,0.0274622333687674,0.0756135666855672,0.200138966581366,0.55217900008191
6844,0.0274890990100434,0.0756930436842956,0.201322645776938,0.553951783523299
6845,0.0274777448513257,0.0756319936796475,0.200608504802239,0.547031937993335
6846,0.0274829325087748,0.075711356417328,0.201252407487597,0.546725521305518
6847,0.0274730626453429,0.0757126624050944,0.200037385579434,0.547150035810767
6848,0.0274515153759151,0.0757423519846786,0.201377531859203,0.547056889816877
6849,0.0274727940407601,0.0757516052846256,0.200503572837447,0.544496894516619
6850,0.0274934022324119,0.0757664227009249,0.200914924925845,0.550244158869217
6851,0.0274770350839736,0.0759772815179039,0.201125807873017,0.551698436704775
6852,0.0274694648502571,0.0755288806215118,0.200616988924128,0.549097415327813
6853,0.02747859273375,0.0755796399883237,0.200906928321842,0.545497105744269
6854,0.0274675977471576,0.0757454046582462,0.201212598902208,0.547502711041664
6855,0.0274868408170236,0.0758453565152246,0.201628760286576,0.541436396408771
6856,0.0274692174548643,0.0756499819032835,0.201834484326914,0.548086377556299
6857,0.0274818513572001,0.0758983195727803,0.201882841563597,0.551847947299717
6858,0.02748603771128,0.0756950930209673,0.20145833248478,0.547118912600341
6859,0.0274781845247229,0.0757737850054697,0.201579156419981,0.554492107810467
6860,0.0274629985212498,0.0756887910903107,0.201420013374111,0.549112313974928
6861,0.0274804613317087,0.0757320176955441,0.201056733591314,0.550833144116214
6862,0.0274660092373338,0.0756109625834019,0.201741995570009,0.546091388129408
6863,0.0274744393419953,0.0756278990930765,0.201263860866406,0.551763399856151
6864,0.0274866210609548,0.0757924908794424,0.201081560003139,0.550363451707824
6865,0.0274762194572608,0.0757530748908786,0.202425165899062,0.548463066756792
6866,0.0274790033256449,0.0756675812478635,0.201915313882118,0.545837035505864
6867,0.0274795471892096,0.0757489999809811,0.201697000729162,0.551890120825591
6868,0.0274796508966549,0.075711217491068,0.200182541324654,0.546302409856102
6869,0.0274593599315835,0.0758388587780208,0.200524300252843,0.545638907584647
6870,0.0274643943735574,0.0756263437535383,0.201173897517064,0.548580102798698
6871,0.027479835923598,0.0756748522875994,0.200532001490316,0.545363052131092
6872,0.0274642529179495,0.07577181585424,0.201926660375365,0.553388827202656
6873,0.0274780339624293,0.0756878830788435,0.201259540707334,0.547248320018795
6874,0.0274868334860703,0.0757126343004911,0.201075439322747,0.544710926190546
6875,0.0274719398975346,0.075582578342411,0.200571877441378,0.546277886646868
6876,0.0274683366580818,0.0758447499845839,0.201215853874344,0.544903481169505
6877,0.0274842662574294,0.0758575283717979,0.201402712798245,0.551225439535593
6878,0.0274821674467999,0.0756706834812961,0.201860464314786,0.552011543645656
6879,0.02746199545906,0.0757215136298021,0.201297760045227,0.546399877095954
6880,0.0274815933360041,0.075889142292219,0.201467281097213,0.546365402499971
6881,0.0274800801227222,0.0756890684622817,0.201430499395119,0.546048507833327
6882,0.0274627460164991,0.075643340382938,0.201283472264369,0.551269031300763
6883,0.0274786154084965,0.0756368345924105,0.2013402899424,0.552133784736748
6884,0.0274748374191056,0.075757421103016,0.201309306516669,0.550669740704065
6885,0.0274886635538005,0.0757510883302813,0.201538210059253,0.55058420373542
6886,0.0274714031880539,0.0756862426880196,0.201049718707076,0.548434789903485
6887,0.0274663242652434,0.0758497917824324,0.201590145320602,0.548039337211373
6888,0.0274735236455526,0.0757774473665771,0.201919173338652,0.550170674343003
6889,0.0274913020652763,0.0757793312082669,0.201906605919624,0.550973721543356
6890,0.0274720544508488,0.0757483074278555,0.201064798631839,0.550501237708047
6891,0.0274852255943623,0.0756270777145259,0.201221650654942,0.55112427486237
6892,0.0274709414349521,0.0757154878066365,0.199940439640728,0.553273782487867
6893,0.0274691573031253,0.0758438367453615,0.201798659389506,0.554703171165838
6894,0.0274773282017125,0.0757448887960873,0.201227130544163,0.549832793938077
6895,0.027489720075713,0.0758828317561808,0.201839552024037,0.551471191045517
6896,0.0274770570317804,0.0755571367290693,0.201071207654713,0.540233039715266
6897,0.0274770660950644,0.0758203959630823,0.201602492698715,0.548367587146944
6898,0.0274793370983316,0.0757481427863633,0.201298724027235,0.543051288149911
6899,0.0274825564147688,0.0757051641707404,0.201879842736014,0.554615590289151
6900,0.0274634291092212,0.0756111148027752,0.200987871737706,0.547784400182208
6901,0.0274777082191517,0.0757827162951853,0.201454286764752,0.549117359947166
6902,0.0274787085713137,0.0757024196266202,0.200886572995791,0.549248329151541
6903,0.0274890978212251,0.0757568588451411,0.201990204494482,0.550786763690354
6904,0.0274867400980381,0.0758303755814924,0.201263208446602,0.548924673383576
6905,0.027476753006684,0.0756996385731859,0.200169156758047,0.547553845966502
6906,0.0274783596347631,0.0756995723107753,0.20056691669119,0.549665575102748
6907,0.0274778481294793,0.0758218408944696,0.201785772218196,0.548222755491487
6908,0.0274710301212615,0.075587231081205,0.200885517903311,0.545862401956643
6909,0.0274722124809793,0.0756878923746333,0.20104585886687,0.542035794940446
6910,0.0274808343642092,0.0758774042420059,0.20204092555003,0.550181172820688
6911,0.027474348855331,0.0757923303516981,0.20250881533534,0.554851760986119
6912,0.0274735279464618,0.0756897664027008,0.200849599842102,0.546638958094067
6913,0.0274725159163369,0.0757096659793252,0.201613373154116,0.556184452306697
6914,0.0274789772047034,0.0757835230264962,0.201478693878715,0.549795246187637
6915,0.0274817497783762,0.0757493264720023,0.201467348588736,0.549436584337455
6916,0.0274686472390884,0.0757198291603499,0.200832755342618,0.550549032744207
6917,0.0274752276235337,0.0756419768157319,0.201592197337473,0.547218424636687
6918,0.0274744228661316,0.0756911964501959,0.200594280095623,0.54155592848476
6919,0.0274833460186985,0.0757083231070543,0.201003996493824,0.546072324288203
6920,0.0274799909808496,0.0758870839743912,0.201723743978215,0.549724354727047
6921,0.0274736592504026,0.0756742797567979,0.20017720766496,0.551077496490815
6922,0.0274734262520042,0.0755995605117426,0.201389958356103,0.550125361025623
6923,0.0274770062755095,0.0758632583644728,0.201620308575501,0.547022654371855
6924,0.0274547938934679,0.0755829558274125,0.201033879678883,0.553122372393596
6925,0.027478553858297,0.0756771898164337,0.201015146668046,0.546575742911663
6926,0.0274782729868542,0.07578312672635,0.201096324486864,0.54945052284466
6927,0.0274762162002038,0.0757552101798348,0.202358338528491,0.544972412835072
6928,0.0274792048208777,0.07585684358198,0.201504170075026,0.547107033884866
6929,0.0274752405742967,0.0758567506544906,0.202280216199096,0.551510508010746
6930,0.0274757680779998,0.0758229961680605,0.201777700346837,0.54910803671749
6931,0.0274757141897171,0.0758071137235863,0.201091107879497,0.549703412612689
6932,0.0274743808746591,0.0755803683544706,0.201324741604357,0.543280316742942
6933,0.0274737129583834,0.0757101984245682,0.20125195913995,0.552508191250494
6934,0.0274772786102439,0.0755808603173838,0.200195768776562,0.551478765319702
6935,0.0274758745291194,0.0757132043029908,0.201462834218842,0.551226759667081
6936,0.0274768916914184,0.0756788386660363,0.200905338388859,0.544985040141408
6937,0.0274844767163281,0.0757388728145314,0.201784942693566,0.553190401616384
6938,0.027463073663416,0.0757720555053786,0.201384314560257,0.545283352283505
6939,0.0274638539358032,0.0759208433455558,0.202135144265572,0.549988860063835
6940,0.0274731470909391,0.0757097767941463,0.201758929509762,0.548625136611392
6941,0.0274868752264168,0.0758328663390744,0.201750477999706,0.549995348108265
6942,0.0274839494038395,0.0757217897289327,0.200877208389194,0.551537913237121
6943,0.0274711886000393,0.0758175689254446,0.20111239202358,0.546854689959133
6944,0.0274884854568279,0.0758678688657278,0.201988987045661,0.552304175522903
6945,0.0274732361287432,0.0756550772787243,0.201768151920818,0.550299985596627
6946,0.0274752326995173,0.0757782120818235,0.201287759931434,0.552355136487758
6947,0.0274800553159394,0.0757153089479248,0.200629062686422,0.547126637136996
6948,0.0274808855412274,0.0758570651050052,0.200675612419866,0.547724946094182
6949,0.0274695798313205,0.0756250450626164,0.200868276526223,0.537858928578743
6950,0.0274876734401082,0.0757920943294023,0.201435358921867,0.547487050829565
6951,0.0274754689813802,0.0757225626031661,0.200571326716952,0.550265579578701
6952,0.0274780208834102,0.075712460647025,0.201286162055412,0.550246357584154
6953,0.0274751600847997,0.0756565090194462,0.201156967211097,0.549609131069057
6954,0.0274641089145191,0.0756445588365727,0.201639193308595,0.549236060893742
6955,0.0274924994712971,0.0758373312640135,0.200840378404104,0.545233954027376
6956,0.0274659682439656,0.0756738561343973,0.201695016716039,0.546439274442565
6957,0.0274873123433452,0.0757050982389206,0.201660633204926,0.546743826746008
6958,0.0274796123221907,0.0758438332632407,0.20122927156749,0.553525690345585
6959,0.0274828393918701,0.0757029009921767,0.202178434384846,0.552726765277053
6960,0.0274865640915724,0.0757709989627205,0.202190113786299,0.554412429865208
6961,0.0274764792214146,0.0757477826794128,0.201075594716282,0.545489128507447
6962,0.0274733170234607,0.0756831177352869,0.200351456366488,0.545197679672702
6963,0.027473780099059,0.075800533667215,0.201136786156283,0.548648918959851
6964,0.0274692575682377,0.0758264997544391,0.201316548045121,0.548991301622173
6965,0.0274790589777494,0.0755841049161664,0.201306807556294,0.549749176851037
6966,0.0274759212149743,0.0757728631629404,0.202136055909353,0.546581716699587
6967,0.0274771746710173,0.0758139522385002,0.201941079005448,0.550594581957698
6968,0.0274702801323663,0.0756829471332712,0.20120658987783,0.545668370631156
6969,0.027466889087761,0.0757544495883681,0.20107604439152,0.548477966746652
6970,0.0274549157597633,0.075698851817958,0.201829395446916,0.554192370224101
6971,0.0274734507682167,0.0757542248776883,0.200803356069908,0.549393588127392
6972,0.0274799336602543,0.0758474979276593,0.202479491550168,0.548851838891949
6973,0.0274899265779167,0.0757160553598547,0.201407619798681,0.544085527910504
6974,0.0274880172916091,0.075901717382723,0.201385130134109,0.547537028297302
6975,0.0274850228611216,0.0758328289951569,0.201127041463406,0.549126287081489
6976,0.0274823975650875,0.0756827413508008,0.201569974142549,0.550379851375992
6977,0.0274796778083483,0.0757521519684197,0.201426077828522,0.547910183419003
6978,0.0274808182960427,0.0756187812565129,0.201247432599805,0.548616432255439
6979,0.027477162247558,0.0757903690845283,0.201174951851842,0.550113762564557
6980,0.0274866652623591,0.0756420280643466,0.201523071529478,0.549465792738955
6981,0.027452568230819,0.0756399260206602,0.202351101050589,0.549086666523935
6982,0.0274717569872656,0.0756388404901217,0.201329823969626,0.541829593528093
6983,0.0274726565179135,0.0758885473215345,0.201432794551436,0.543056455011119
6984,0.0274786700274261,0.0758016346699264,0.202333524684385,0.552011664186096
6985,0.0274789800281764,0.0758477149995088,0.201933408228584,0.552569943312305
6986,0.027455957308371,0.0756953023272041,0.20160564041977,0.543522524587684
6987,0.0274584827369046,0.0757819467154404,0.20113979446874,0.545599427428335
6988,0.027462879587536,0.0757187736048747,0.201879748583174,0.551561206028226
6989,0.0274765159982924,0.0757409834134107,0.20229369388201,0.552293511104615
6990,0.0274731596537618,0.0756182947642308,0.201720303238423,0.551578651423998
6991,0.0274782944749429,0.0756417521056491,0.201267400799749,0.551326891121398
6992,0.0274744151789157,0.0757548470299058,0.201857935556622,0.55365758816741
6993,0.0274786397244442,0.075686993095188,0.200775033627609,0.547186801588217
6994,0.0274797061572439,0.0756632708108808,0.201414801420707,0.543966520077374
6995,0.0274678314625115,0.075827013061324,0.202356263412382,0.554964863845778
6996,0.0274667844020531,0.0756577713315189,0.201712850646908,0.55114446652966
6997,0.0274989415761531,0.0756701292161436,0.201116539432278,0.553492593083263
6998,0.027484237520586,0.0757553314586119,0.200790864354466,0.54040488141983
6999,0.0274825135281746,0.0757232386084762,0.20140159745437,0.553145053231353
7000,0.0274820004717755,0.0756051422774358,0.201110460646287,0.546767169341164
7001,0.0274934894941988,0.0759174986191338,0.20212597022049,0.552697341763375
7002,0.0274904194753176,0.0757546457463465,0.201587571500588,0.551016261704925
7003,0.0274904226466829,0.0758695765932702,0.201531422120938,0.549655010535823
7004,0.0274733190683583,0.075793662138684,0.20165698773106,0.552405299731712
7005,0.0274759565585757,0.0756855349342378,0.200791508369007,0.54342261390188
7006,0.0274656788086189,0.0758201833902449,0.201613720528231,0.55155710117404
7007,0.0274734487170076,0.0757517644770156,0.20152944232672,0.547168752810712
7008,0.0274704104473078,0.0756595819169061,0.201673643984377,0.548132088884488
7009,0.0274557032194818,0.0756874178332552,0.200992706721864,0.551075162465755
7010,0.0274782261213497,0.0757959081221246,0.200324872241243,0.543480931544385
7011,0.0274612286384311,0.0756405665718887,0.200783618151891,0.547426998302509
7012,0.0274845080154661,0.0757578567104736,0.200714631889448,0.552191541396792
7013,0.027482537386966,0.0757661318250154,0.201537172519507,0.550082432484071
7014,0.0274720301889136,0.0757443267878272,0.20197870628426,0.546999795324878
7015,0.0274785242314402,0.075847638079973,0.202814391522357,0.546407982159452
7016,0.0274776207616624,0.0757429832021533,0.200854873463219,0.551644551737209
7017,0.0274774770275683,0.0756854783381392,0.20142693591892,0.548969045486486
7018,0.027475920559537,0.0756683024208626,0.201487064589299,0.548991901473423
7019,0.0274955643985739,0.075893770377991,0.201313560409117,0.552224161505498
7020,0.027483799036674,0.0757825356464993,0.201590559748987,0.549269776291421
7021,0.027490082192515,0.0758083304987701,0.201194760360443,0.552073930004697
7022,0.0274870624054368,0.0757156387801313,0.20118800172815,0.547228434006991
7023,0.0274884524953183,0.0758333219786751,0.200958160809572,0.552535422608199
7024,0.0274768123405399,0.0756146851284,0.200898973219099,0.552080128932535
7025,0.0274743092971507,0.0757797151765254,0.2009801881326,0.550339521286071
7026,0.0274762342193172,0.0757347685826762,0.200532550396789,0.548381515370796
7027,0.0274840344578968,0.0756918027104725,0.201373813403429,0.554305649451426
7028,0.0274917862482343,0.0756882438260645,0.201108792335782,0.543192648212507
7029,0.0274750003181747,0.075639899614522,0.200264229950943,0.546548619086138
7030,0.0274746742753242,0.0757709236434209,0.202436509696171,0.55368641190951
7031,0.0274923167182729,0.0758075391789325,0.202373212070192,0.551554104525661
7032,0.0274881725918728,0.0757576195496861,0.20225322366583,0.549512335650034
7033,0.0274777945500585,0.0757663266691464,0.200848877569427,0.548998138479264
7034,0.0274807650955314,0.0757008132372841,0.200954281567471,0.547176463535645
7035,0.0274820957822345,0.075809653960538,0.201685418374705,0.550952412605851
7036,0.027464017875425,0.0757257704007203,0.200713106957827,0.550218897283147
7037,0.0274796185779614,0.0757995429687508,0.201664657591455,0.550370394799934
7038,0.0274838541415578,0.0756518238146366,0.200811405885359,0.549383079177135
7039,0.0274814728134396,0.075762571743278,0.201130178193693,0.552955839281356
7040,0.0274756982400176,0.0756593437052727,0.201685534553585,0.549912966674442
7041,0.0274764799035712,0.0756686680786099,0.200279082026156,0.554026273762443
7042,0.0274743824441199,0.0757633818502913,0.201182042149206,0.548246443726577
7043,0.0274638270286801,0.0756443930951823,0.201342936246,0.545531814686444
7044,0.0274515835220049,0.0757217967478561,0.201294134595513,0.547040108261539
7045,0.0274595945691269,0.0756702698843327,0.20102522216635,0.552853323852187
7046,0.0274831746774304,0.0758063781936586,0.200992619406948,0.544764841710469
7047,0.0274808655777237,0.0756829280779833,0.201580861163868,0.548990698178831
7048,0.0274723528752226,0.0756642159695047,0.200999993552498,0.54770982541209
7049,0.0274719279491214,0.0757383537525432,0.201389651446421,0.547897087693775
7050,0.0274762489058348,0.0757592345530095,0.200973507502907,0.549990800816071
7051,0.0274679859520222,0.0756422988266362,0.201114373861461,0.544105998389665
7052,0.0274950062820531,0.0757362285968421,0.20110238208698,0.549930305505872
7053,0.0274740697172278,0.0757950252871263,0.201266670345947,0.551860510016156
7054,0.0274764346513044,0.075716750779273,0.201126401182543,0.5535758595072
7055,0.0274955994840392,0.0757089153870585,0.201597838283869,0.549937683940885
7056,0.0274822101938686,0.0757725433181648,0.202104528073453,0.544342248047994
7057,0.0274929171226294,0.0758087611677341,0.201632207915134,0.551367693957762
7058,0.0274888678585537,0.075822805271919,0.2020016613439,0.544401967040142
7059,0.0274768513888073,0.0757682101735457,0.201437543346551,0.553517762601219
7060,0.0274729411675093,0.0755942941434727,0.201336100012727,0.545553561174687
7061,0.0274689919228939,0.0755516774360927,0.201299931052504,0.549931474260416
7062,0.0274796711863862,0.0756207289643383,0.200385140839461,0.550072163578541
7063,0.027487761421249,0.0757252309772385,0.201400982080979,0.547380395581705
7064,0.0274918051191059,0.0757564842688406,0.202187040270166,0.551978360520106
7065,0.0274802716720842,0.0756419485209185,0.201267391030376,0.543835631417136
7066,0.0274746793398747,0.0757941527614461,0.201487920478733,0.547289870313492
7067,0.0274639399486764,0.0756981061287282,0.201873626188238,0.54791277550668
7068,0.0274755176959862,0.0757695607400784,0.202471661215175,0.551329622182159
7069,0.0274685960230156,0.0756759320517868,0.201473618142229,0.546373312851845
7070,0.0274793485206404,0.0755938686576719,0.200552290774443,0.550272691734451
7071,0.027485262609426,0.0757352543049572,0.201014191540747,0.546791193083607
7072,0.0274551955154612,0.0756621928790071,0.200697634806278,0.550681893949376
7073,0.0274689478259239,0.0757427432861759,0.20247444433701,0.555880665197345
7074,0.0274909147966959,0.0757663871650444,0.201101303858963,0.54374561757081
7075,0.0274673403724795,0.075670862199333,0.20113534824667,0.546592408501461
7076,0.0274645978814608,0.0755294302292471,0.20130631356418,0.546396309399366
7077,0.0274933472898616,0.0758163302313002,0.201529401027481,0.543636804905634
7078,0.027467680272597,0.0756829949201131,0.200962838734738,0.544659997576116
7079,0.0274728033374956,0.0757243117733127,0.201425566368015,0.5480067678612
7080,0.0274801214164456,0.0756126632557207,0.201111159260157,0.546221725037555
7081,0.0274756671689967,0.0756367490961291,0.200676692213063,0.542971163452281
7082,0.0274894547489475,0.0757870490487056,0.201254105718822,0.547928675861717
7083,0.0274823930355662,0.0757337108231817,0.201211951818666,0.543039857333787
7084,0.0274572116197664,0.0758479740296057,0.200977968737099,0.54934289313584
7085,0.0274862782313817,0.0758299316706063,0.201384071589026,0.546782617204477
7086,0.0274921520635957,0.0757079248315853,0.201434990846638,0.552430716507765
7087,0.0274709026855859,0.0756727919162344,0.200423293906002,0.546246282948232
7088,0.0274652089098878,0.075655625014474,0.201308546673685,0.548135709217641
7089,0.0274845277573007,0.0756162300198823,0.200621219053381,0.54428607428529
7090,0.0274725228587713,0.0757207749696236,0.202281133275131,0.546002986395254
7091,0.0274817391477657,0.075641536204799,0.201128393459633,0.54403598205077
7092,0.0274723782515457,0.0757247793579138,0.201430436050218,0.54934389075955
7093,0.0274836772945114,0.0756324310307398,0.201032010227434,0.543856101724862
7094,0.0274768466270795,0.0756467445454281,0.202041921649468,0.550379727105438
7095,0.0274847197114931,0.075642023476962,0.200790486809441,0.545350125158155
7096,0.0274766264717582,0.075624237649037,0.201053944507948,0.552790592892361
7097,0.0274840134871686,0.0756488785307099,0.201303888953097,0.548708036984455
7098,0.0274783097472119,0.0755944310557921,0.200946655152788,0.547447926846645
7099,0.0274782399128859,0.0757543025812152,0.201338741727508,0.548352928838131
7100,0.0274690422413602,0.0755695693209323,0.201159919120316,0.548317497544167
7101,0.0274642267271795,0.0757698898062586,0.201763578307698,0.554824138781379
7102,0.027476711117299,0.0756303632371896,0.200943180853413,0.551603765571924
7103,0.0274814448411086,0.075745869299509,0.201196620442025,0.551503367823171
7104,0.0274651576379467,0.0757957372016794,0.200685563475606,0.543868903217811
7105,0.0274905148047884,0.0757660137681653,0.201409772878902,0.549193369083552
7106,0.0274868986841011,0.0756479481926917,0.201268289059197,0.550804994921142
7107,0.0274920236182145,0.0756196027412603,0.201282798565678,0.54961061025947
7108,0.0274763768178585,0.0757586935565655,0.201596584203033,0.552208016836554
7109,0.0274930795401084,0.075797371247064,0.201767725385548,0.54849816367049
7110,0.027477380701094,0.0757471560281656,0.201335636592587,0.550289672192241
7111,0.0274683398508174,0.0756792798378421,0.201654152394975,0.549890852605759
7112,0.0274980930732376,0.0756877735819318,0.201122837327938,0.555039597820068
7113,0.0274749484612848,0.075709307774563,0.200438854803182,0.548088700926464
7114,0.0274582838919985,0.075590686125108,0.200749467348118,0.545766597321055
7115,0.027473070014389,0.0757567750117683,0.201921143360141,0.548193569847687
7116,0.0274840085273325,0.0756819562682964,0.201495830382539,0.55655221580813
7117,0.0274898307664349,0.0758049171174607,0.201700032693323,0.550128577135366
7118,0.0274678757907315,0.0757562402137632,0.201312766339046,0.550434413742816
7119,0.0274884501520979,0.0757455833188494,0.201705858055516,0.549955140918124
7120,0.0274774776290096,0.0757723795820968,0.201506060538129,0.550736963544464
7121,0.0274894819818639,0.075844597893033,0.201712760906016,0.549918348868445
7122,0.0274704882046805,0.0757179014910784,0.20172317660047,0.555071551540436
7123,0.027484687516924,0.0757486073805193,0.201116167986426,0.549422541223235
7124,0.0274808208054917,0.0757702277085671,0.202220889183575,0.550456192817833
7125,0.0274870000232721,0.0758423341848558,0.202009633680234,0.549955284915215
7126,0.0274561354145,0.0757537704689626,0.201045696570388,0.548440082986881
7127,0.0274903432635212,0.0756478375261234,0.200913978328145,0.54576275094209
7128,0.0274842513414546,0.0757207359719081,0.201537842396831,0.546861460158682
7129,0.0274833243472435,0.0756676449689637,0.200654550306844,0.552181290818219
7130,0.0274702348333218,0.0757464085987946,0.202004390119115,0.553141367429781
7131,0.0274774719415272,0.0755881676251753,0.200924010703793,0.549137401868534
7132,0.0274742120794337,0.0756918023478464,0.20202395866065,0.553742919076555
7133,0.0274750266237963,0.0757927382315543,0.201116221645734,0.542615652312917
7134,0.0274770769609155,0.0757691573312541,0.202350884555827,0.54833923294322
7135,0.027482855607268,0.075594142812069,0.201279163112609,0.547156130538284
7136,0.0274714479931759,0.0755309062147339,0.200801827599335,0.545845223796077
7137,0.0274906292351134,0.0758396314773238,0.201952958144062,0.548857562551318
7138,0.0274939842414014,0.0756550372286388,0.201612921516264,0.546429141202501
7139,0.0274731596597894,0.0757854917574261,0.200614468448932,0.547531884292504
7140,0.0274676176743331,0.0757735338360216,0.202233701479563,0.547387443561509
7141,0.0274865466782956,0.0757600050875354,0.201628569397474,0.549212502758878
7142,0.02747918330946,0.0757123827261001,0.201818787677616,0.544392294975763
7143,0.0274638169931936,0.0757166635143052,0.200539233669259,0.550580117633981
7144,0.0274835961661817,0.0757650473489348,0.201448745563008,0.546142226950006
7145,0.0274728135508515,0.0757508670580676,0.20158339802472,0.547791768811118
7146,0.0274925390461623,0.0758350084702291,0.20075678960335,0.548035745550145
7147,0.0274739015907959,0.0756518164245797,0.201070408519143,0.545615695869066
7148,0.0274712945268871,0.0758280605612273,0.201748531132441,0.555898801769976
7149,0.0274873839994409,0.0758041241633437,0.201576702943384,0.551174378592165
7150,0.0274749761940825,0.0757360428865669,0.201084863831246,0.547908130159419
7151,0.0274797549579609,0.0757596387874114,0.201777637833645,0.552194195621746
7152,0.0274813230778719,0.0755340404477798,0.20107834691979,0.54846248553856
7153,0.0274844823724342,0.0756782337374776,0.201288700599432,0.54606550799571
7154,0.0274947470740056,0.075687000658462,0.201793139444851,0.545998521508015
7155,0.0274655082490597,0.075799699143935,0.202033660851434,0.54716103098526
7156,0.0274692032920324,0.0758141673903106,0.202519087936298,0.554993363202039
7157,0.0274832955288519,0.0758200596874063,0.201432157881697,0.546543503842147
7158,0.0274648236779793,0.0755678189502509,0.201825609491879,0.547234046907696
7159,0.0274880934014726,0.0757842791291711,0.201910213607279,0.55397138776529
7160,0.0274685563415838,0.0757016457068001,0.20192850593855,0.556835604525714
7161,0.0274787308514164,0.0756820285035097,0.201849742257634,0.54793890990034
7162,0.0274788170781272,0.0757304704371234,0.20149256602207,0.551785387216941
7163,0.0274880735088045,0.0757145132622793,0.201318376431352,0.546201220567544
7164,0.0274767345643768,0.0756786312043212,0.201767662748922,0.555640518117384
7165,0.0274760415673084,0.0757490897736689,0.201086140315844,0.552968018298962
7166,0.0274636111571621,0.0756226669882577,0.20151753547442,0.548761179566947
7167,0.0274783139253825,0.0757488915351938,0.201302265627228,0.546006709721698
7168,0.0274803364229902,0.0757171393533253,0.202211639097532,0.549551113248676
7169,0.0274779946148024,0.0756945374158585,0.201703472882098,0.550291958007519
7170,0.0274738837956071,0.075670854872136,0.201499436682658,0.550068587203153
7171,0.0274771780670114,0.075695193061123,0.201983094669589,0.54725299723384
7172,0.0274820783367129,0.0756934154654701,0.200957981341806,0.550602759832808
7173,0.0274564715576474,0.0755641615544158,0.201897740838374,0.54936763657452
7174,0.0274742492998911,0.0757090865629815,0.201354317271879,0.547227957096625
7175,0.0274755522181396,0.0757756691768082,0.201277878285814,0.547154251410014
7176,0.027475541938432,0.0758016393672691,0.200887598033386,0.54934448826922
7177,0.0274769924217191,0.0757785394291869,0.201615047054496,0.543559045309256
7178,0.0274789315703695,0.0757933637950831,0.201000530434268,0.54577194769113
7179,0.0274828097247094,0.0755881072079396,0.20073706847993,0.5507765418659
7180,0.0274699638637374,0.0757379578522486,0.200764970218687,0.548329184042253
7181,0.0274661586969709,0.0756917647972612,0.201361570411714,0.546881528159353
7182,0.0274789732909028,0.0757533031401266,0.201147684119844,0.548386397236999
7183,0.0274746448087131,0.0756599598332085,0.202154037598843,0.553844993341563
7184,0.027465442901653,0.0757372062167423,0.201394621502018,0.546530375395496
7185,0.0274914499243753,0.0756895796536163,0.201508055657153,0.549625517749593
7186,0.0274786975277384,0.0758273193382604,0.201892393187497,0.549227451705133
7187,0.0274836105625338,0.0757496249642459,0.201715282504036,0.5442832884979
7188,0.0274646861636489,0.0755803369972649,0.20107828098714,0.543405964204863
7189,0.0274890711343273,0.0757194339938102,0.202273788350527,0.551795286344275
7190,0.0274785269349775,0.0758267254809626,0.202210812464743,0.551563580307669
7191,0.0274645991119684,0.0757145689469731,0.201631248458375,0.545784246593526
7192,0.0274627123294276,0.0755927570379117,0.201385072099828,0.55098335685062
7193,0.0274860083353737,0.0757022006357157,0.200506904311875,0.543471997493837
7194,0.0274877297401984,0.0756743783933807,0.2020470846993,0.546881493962082
7195,0.0274695421909053,0.0756124335075454,0.200652912502937,0.542302667897876
7196,0.0274851489319847,0.0757624196633151,0.200815285008089,0.549196253703327
7197,0.0274712353577038,0.0757243334966253,0.202247833217474,0.549555488525417
7198,0.0274684855777869,0.0756664387458053,0.200125257769702,0.545542472880727
7199,0.0274800142307314,0.0757737762295052,0.20175250214576,0.552419239900443
7200,0.0275074743776099,0.075689783175177,0.20072542225392,0.551191447623703
7201,0.0274669548584016,0.0756665994583352,0.201258313619878,0.544402144851746
7202,0.0274770954833146,0.0755605470265865,0.200586026295143,0.551812168589442
7203,0.0274512177657851,0.0756358343229837,0.201975722323582,0.546653859325856
7204,0.0274848230296785,0.0756154907921079,0.200994129510784,0.55121317284528
7205,0.027474322080002,0.075733101428593,0.20154277328828,0.54897768165353
7206,0.0274775009102617,0.0757658296990764,0.201819115030811,0.54847741933048
7207,0.0274834449159462,0.0757384013549202,0.201109304433095,0.555618139562158
7208,0.0274709469192612,0.075659441956509,0.201041637547641,0.54653581848698
7209,0.0274878800505314,0.0758156524302111,0.20110209109368,0.542293104547424
7210,0.0274825744416795,0.0757733135314418,0.200867753279604,0.548361462955508
7211,0.027476855704129,0.0757712793922664,0.201414164650604,0.549559437709499
7212,0.0274765603697405,0.0757211582491422,0.20197757675657,0.548314988320691
7213,0.0274903483097075,0.075884164888262,0.201355197395791,0.553290482904163
7214,0.0274847395715064,0.0759403968908437,0.20093865441076,0.548308997413523
7215,0.0274837334425563,0.0757275528469914,0.200985579060852,0.550249196674415
7216,0.0274746701813499,0.075780448005657,0.201042390068993,0.544637199701088
7217,0.0274909168608752,0.0757734824369273,0.201399263545761,0.544621534491432
7218,0.0274742806895629,0.07561062099496,0.200589020501456,0.545628155164592
7219,0.027466832572571,0.0756943437714152,0.201301124971713,0.553237921332987
7220,0.0274745858710739,0.0756540740488247,0.201014971223872,0.546002579246516
7221,0.0274799593096816,0.0756511751403917,0.201698330998057,0.543118799750801
7222,0.0274731085007122,0.075699757498202,0.201149392096732,0.542067915722733
7223,0.0274720254069088,0.0757361942515522,0.202140706766026,0.555474628590755
7224,0.0274855106619545,0.0757991471810984,0.200677285374454,0.545544274945849
7225,0.0274941941210699,0.0758431440811081,0.201878846277154,0.547972716683274
7226,0.0274791951349692,0.0757215923846108,0.200922977424929,0.549166889333054
7227,0.0274922652996001,0.0757428904625053,0.20148665602607,0.547519221758287
7228,0.0274999571571678,0.0756903656758205,0.201475260022282,0.555298747752051
7229,0.0274879699209423,0.0758282122012082,0.202906068884141,0.552930253068439
7230,0.027482572434257,0.0757088027601476,0.201191079622449,0.544361425652069
7231,0.0274744328121821,0.0756842395089419,0.200806815637114,0.545274268337652
7232,0.0274773138975553,0.075642015051833,0.201195917385407,0.545812799874451
7233,0.0274792990602515,0.0757133690679922,0.202118622896255,0.549570563379553
7234,0.027488306303295,0.0757929753116836,0.200601540089455,0.546620301356011
7235,0.027482371462656,0.0758205749294206,0.200523847638143,0.548248532790655
7236,0.0274673605897057,0.0757254779292363,0.201768887829218,0.546864993157878
7237,0.0274707095429185,0.0757250021387231,0.200989034805327,0.547596621550646
7238,0.0274654872407518,0.0757362941765414,0.200787173688614,0.54773947861112
7239,0.0274593764767227,0.0755732292319866,0.201532645322259,0.550592767987921
7240,0.0274644792187679,0.0756646606651108,0.201464994039054,0.548562261703736
7241,0.0274687180465465,0.0757441581174015,0.201066063481217,0.547698798184306
7242,0.0274739666083997,0.0757965132589109,0.201755700231826,0.545831275856295
7243,0.0274769073379657,0.0758453467416708,0.20236855527189,0.547377412879701
7244,0.0274760353564536,0.0758783652704225,0.201760835458131,0.55395613911555
7245,0.027474420684761,0.0758480026470931,0.201114450086684,0.544993869780184
7246,0.0274536619010386,0.0756495193647421,0.201497162196853,0.549345857865456
7247,0.0274774562359893,0.0757135452469647,0.201929584305887,0.548123864094945
7248,0.0274608440835483,0.0756151968208373,0.201642712578288,0.551640166521646
7249,0.0274855915063559,0.0757813340351919,0.201278425970755,0.551195170175376
7250,0.0274702099657892,0.0756024387333704,0.2007205841487,0.54232049533509
7251,0.027489175674819,0.0759089584335581,0.201343138907969,0.554056112226514
7252,0.0274799505734667,0.0756670822676647,0.201302960700899,0.549842917547356
7253,0.0274791483945043,0.0757534514157188,0.202538742047898,0.547043219551099
7254,0.0274812704116085,0.0757820958406286,0.201375306320406,0.546183198517349
7255,0.0274724120870233,0.0757032953770473,0.200561235516536,0.548283662025042
7256,0.0274735356186519,0.0755860761795034,0.20125636630484,0.550655663210081
7257,0.0274808893084076,0.0756594210078324,0.20150701070239,0.547892011714096
7258,0.0274775261528859,0.0756750156839254,0.200816774814949,0.544054949414181
7259,0.0274700032845718,0.0756561120417702,0.201134345233712,0.552458535761178
7260,0.0274803790662277,0.0757750628832107,0.201220075877221,0.542908598595965
7261,0.0274849168442045,0.075709067857806,0.202566016043759,0.550685596159826
7262,0.027487408823452,0.0757591521828143,0.202016946970526,0.548648685070701
7263,0.0274724798929947,0.0757081678224231,0.202044225691639,0.548980430476567
7264,0.0274891068705741,0.0757637827228177,0.201073405830982,0.549542246891016
7265,0.0274801008765898,0.0757277715567214,0.201593637307929,0.553288419180417
7266,0.0274754454837865,0.0757637545384636,0.201658032167748,0.549807164622481
7267,0.0274750069627493,0.0757023848163575,0.201733196673073,0.547398165495418
7268,0.0274784036617831,0.0756956459970699,0.200124210508553,0.553516468784155
7269,0.0274670004405897,0.0756129372760987,0.201273333506902,0.548830762117944
7270,0.0274792465252983,0.0757295411608795,0.20100944145003,0.548083029128426
7271,0.0274808252350764,0.0756294042913747,0.201624533392707,0.543453019343497
7272,0.027466360971314,0.075798924296647,0.201652121207104,0.555982750713
7273,0.0274719464264466,0.0756651581919184,0.201459946694716,0.550552017826153
7274,0.0274807358110956,0.0756826046071111,0.200246453619931,0.548182063381794
7275,0.0274688977507722,0.0756460273297593,0.201636951382727,0.552991032525651
7276,0.0274826092666616,0.0757158959500799,0.201349122290601,0.546139675382461
7277,0.0274783339584246,0.0758739474509156,0.201389123944182,0.54779938984419
7278,0.0274952132688938,0.0757991024318233,0.200854442484873,0.546334376196907
7279,0.0274772396677205,0.0757004610129813,0.201178483683658,0.550710654659517
7280,0.0274797360562091,0.0755947489078233,0.201599240936307,0.552853162939598
7281,0.0274897356583043,0.0757803944329607,0.200564543801147,0.542116970774144
7282,0.0274784802917883,0.0757296075218373,0.200446358359122,0.545960742594378
7283,0.0274740793096181,0.0757400504309318,0.201188795039956,0.542439940924528
7284,0.0274927059845885,0.0757187469044508,0.201475298970695,0.547472694104369
7285,0.0274822454796223,0.0757430227428104,0.201407475388065,0.549911950252766
7286,0.027462081627579,0.0756485137310001,0.201249593504755,0.554271835728268
7287,0.0274795783265141,0.0756825541833714,0.200731380257699,0.551090366980408
7288,0.027481817482373,0.0758688687471099,0.202306565527768,0.542671459946021
7289,0.0274696986567433,0.0757726915465361,0.201233515771662,0.554767484973134
7290,0.0274688310209159,0.0756833565537093,0.201107640106778,0.554414077380438
7291,0.0274837865522764,0.0756940504878519,0.201046239464855,0.544831120791294
7292,0.027488525968704,0.0758338782991382,0.201857641223188,0.557258279083895
7293,0.0274912672364226,0.0757676305672981,0.200810641486492,0.548449213840316
7294,0.0274725847666581,0.0756023926528005,0.201410730231055,0.548092306183596
7295,0.0274871746597523,0.0757390309869745,0.201235597128148,0.546771015333063
7296,0.027471555070801,0.0756817201567172,0.200977167147882,0.55011786094793
7297,0.0274727438856858,0.0757390538333804,0.200707247970198,0.551051920238473
7298,0.0274652960711471,0.0756429647075895,0.201487852799919,0.551646924570595
7299,0.027487200595743,0.0758486792297646,0.201267048253532,0.547984521968727
7300,0.0274858284517982,0.0758408696157884,0.202112288550964,0.550038921814919
7301,0.0274848265312308,0.0757494287990681,0.201524491322634,0.549346815971841
7302,0.0274852038924586,0.0757865573082945,0.20108055790361,0.548794467795433
7303,0.0274845519673557,0.0756221530163237,0.200977010890268,0.551958220006126
7304,0.0274791841666189,0.0756208174045973,0.20139755788901,0.545729025938248
7305,0.0274879410289389,0.0757774027017927,0.201954838782382,0.546776792843518
7306,0.0274660623438899,0.0756600125030311,0.200923470621349,0.541262714683952
7307,0.0274797292052237,0.0757566718278289,0.20202496444279,0.549838062078021
7308,0.0274882175112149,0.0756806739241347,0.201100511068811,0.54705166650998
7309,0.0274838841034409,0.0757549723859262,0.201664179268052,0.548021678044007
7310,0.027490600345739,0.075672478097077,0.201579222575435,0.546816320756916
7311,0.0274693876079968,0.075708620933073,0.2014461859281,0.550277092524107
7312,0.0274768461607762,0.0757690490864651,0.202025000172494,0.554414069451245
7313,0.0274624632680166,0.0755494222961546,0.201364300365196,0.548968761578887
7314,0.0274648886132996,0.0757385068021897,0.200355918630535,0.545790940118009
7315,0.0274598086781475,0.0756249978984943,0.201714088959146,0.545568815751814
7316,0.0274822011674133,0.0756492293716379,0.201226521983872,0.550273446018766
7317,0.0274760597793733,0.0757987119643228,0.201118316412765,0.53951158766349
7318,0.0274971273185631,0.0756208046716919,0.200963988836624,0.544504095134562
7319,0.0274898066294021,0.0758496012963988,0.201195331906551,0.546587117037316
7320,0.0274948625486608,0.0758230820611104,0.201189455757383,0.54071104443195
7321,0.0274676749577278,0.0756752925379358,0.200955048125773,0.549739562574154
7322,0.0274735140276229,0.0757040949614423,0.201677435618251,0.555809190158166
7323,0.0274804148208753,0.075749472915587,0.200857075085985,0.549273570429454
7324,0.0274860239419895,0.0756809108967323,0.201666301759482,0.552598369790365
7325,0.0274789379048279,0.0757425424298927,0.201168991048973,0.548550657974888
7326,0.027491361410513,0.0758158124986207,0.202392988316315,0.550439948910232
7327,0.0274878252852727,0.0757049187725143,0.201742586511284,0.55174498114289
7328,0.0274821580486102,0.0757585410475595,0.201014247646122,0.545779312770407
7329,0.0274837944094969,0.0757442940784667,0.201825878670766,0.553985620325122
7330,0.0274723760017664,0.0757388199984968,0.200955975856883,0.549135543852499
7331,0.0274730586969425,0.0756655339371004,0.201215416756572,0.547829096960863
7332,0.0274732329609475,0.0756127927447461,0.200900896772791,0.549230123255484
7333,0.0274806548065416,0.0756178567035013,0.201586185560061,0.546706381941916
7334,0.0274673809416492,0.0756091882953761,0.201151167126425,0.551437979028916
7335,0.0274722527066559,0.075654475943779,0.20150167963587,0.549342011748273
7336,0.027489696050882,0.0758186495411092,0.201985945892188,0.54767706416884
7337,0.0274903869964114,0.0756878347701814,0.200695429152478,0.545866906518362
7338,0.0274702486602487,0.0757138049989604,0.201255145995749,0.55191095156763
7339,0.0274808615938023,0.0757275293400138,0.201390783734141,0.54945377162071
7340,0.0274918133289666,0.0758974895964488,0.201661698437856,0.5465552898645
7341,0.0274836234303451,0.0756233624028846,0.201273531820532,0.543026127101073
7342,0.0274861059810288,0.0757056457743535,0.201623449017541,0.554235185179602
7343,0.0274693665394648,0.0756677841845568,0.20148087441685,0.54718253941546
7344,0.0274679402063149,0.0756491541739578,0.201712094079512,0.549312194963208
7345,0.0274851804830432,0.0757394467937507,0.20095272170563,0.550872115906853
7346,0.0274879281129556,0.0756897604374993,0.2012906551063,0.545695211955332
7347,0.0274768311247642,0.0757869553207198,0.202229397768895,0.547177740056231
7348,0.0274850596826515,0.0756368747502053,0.201066813030089,0.545596793771377
7349,0.0274614442370597,0.0756982618669038,0.200848210564971,0.545429375917274
7350,0.0274706839632937,0.0756186983882793,0.200440277786353,0.544753963322222
7351,0.0274683150853353,0.0755823116004492,0.201607628325688,0.548809320614079
7352,0.027462588155138,0.0755935882437301,0.200517106806973,0.549252552953161
7353,0.027467435640768,0.0757472754156944,0.200518946233175,0.54455800622801
7354,0.0274839108121994,0.0757712689898236,0.201423139960282,0.551573958847435
7355,0.0274686955801711,0.0757256672094653,0.201252715337179,0.549695005213969
7356,0.0274880406389479,0.0757528909027897,0.201433513656902,0.555135587786725
7357,0.0274655062349998,0.0757756544050451,0.201699769041586,0.551563547026689
7358,0.027471784773993,0.0757660223658257,0.201452666995549,0.551755210611794
7359,0.0274828768394508,0.0756664486979743,0.200508721249276,0.542833824444418
7360,0.0274578106415645,0.0756639443283041,0.200868270061335,0.548404634004214
7361,0.0274671678459231,0.0757813605789564,0.201820460164634,0.55005403699509
7362,0.0274863384320449,0.075797497557079,0.201684241387412,0.54738368486293
7363,0.0274798494724263,0.0755266737052426,0.201241227101788,0.551536363199699
7364,0.0274934590812501,0.0758479250343788,0.201196276356397,0.545985849671666
7365,0.0274898377418477,0.0756930944495519,0.200997526257245,0.543624948087497
7366,0.0274832740886792,0.0757875990941788,0.201346256640077,0.54942166815363
7367,0.0274748484672912,0.0757688507391047,0.201109103744608,0.544527566131889
7368,0.0274768005083403,0.0756719597825364,0.20011985565383,0.549911457566536
7369,0.0274743616012631,0.0756169378021303,0.201392294807922,0.546781590895177
7370,0.0274542129973365,0.0758772477902233,0.201558824272754,0.548882313539163
7371,0.0274909794081001,0.0758155145979281,0.201385891420143,0.553425987639649
7372,0.0274904022703233,0.0756931354831579,0.201063706200557,0.545826474075187
7373,0.0274879420204722,0.0758094182814022,0.201512932462774,0.553727879029834
7374,0.0274681276188738,0.0757913865282002,0.200360221841786,0.554828953984735
7375,0.0274903276796211,0.075648007876793,0.200990010785088,0.552398535117151
7376,0.027465876370223,0.0757232023329536,0.202184979643034,0.548727658512522
7377,0.0274819788663356,0.0757068637775633,0.202361202513424,0.547711595240126
7378,0.0274791974684062,0.0756646944683847,0.200873998182335,0.541379986787527
7379,0.0274654605425456,0.0756804877018854,0.2017867410731,0.553824459348818
7380,0.0274868596431005,0.0757721553743283,0.201063134317496,0.550660002127104
7381,0.0274853337284211,0.0757729714142264,0.201520852449973,0.552787556289996
7382,0.0274803644960532,0.0755920497469617,0.200421141790675,0.547496444533311
7383,0.0274757157515806,0.0757887518383807,0.202537630489531,0.546321033572685
7384,0.027487380090699,0.0758748401921086,0.201384460407001,0.550801223582913
7385,0.0274915208899667,0.0758616127689404,0.201332806109703,0.550004775811895
7386,0.0274801879078395,0.07563873797993,0.201357376396222,0.544487590290804
7387,0.0274744799476689,0.0757819436432184,0.200789649665714,0.550998959706362
7388,0.0274735776885701,0.0759312909227337,0.201939775243694,0.543877268653108
7389,0.0274786690142068,0.0757806212432246,0.201274099300835,0.555766421357726
7390,0.0274795241798861,0.0755637087179911,0.201079320850672,0.550998848289226
7391,0.0274643847490478,0.0757587993319994,0.202502374627738,0.547842475352964
7392,0.0274668725703776,0.0756914084567924,0.200943500905312,0.543801061132032
7393,0.0274787685744562,0.0757524161268445,0.201483590224753,0.550795278292
7394,0.0274623656119521,0.0757158251379041,0.201547399170852,0.549264051199772
7395,0.0274706980930144,0.07576040720616,0.201455241165261,0.545775401166245
7396,0.0274521149063725,0.0756731793771444,0.201361330636239,0.544193123737531
7397,0.0274720131981077,0.0757373108660724,0.201020374780513,0.550432293687532
7398,0.0274820689060917,0.0757255684574452,0.201000232691503,0.552344994576082
7399,0.0274809393562173,0.0756563500215191,0.201151452759474,0.54808195411953
7400,0.0274755528551261,0.0756397750280549,0.201453309788599,0.547017223524009
7401,0.027460343336331,0.0755592362654114,0.20147057067675,0.548974077381929
7402,0.0274705628471448,0.0757101193036893,0.20062615384619,0.54859501066613
7403,0.0274823760413965,0.075888469963393,0.202170840615272,0.549505354003058
7404,0.0274958651743934,0.075811387469972,0.201929064268848,0.55058948911484
7405,0.027481016503797,0.0757318173560784,0.200772502489929,0.547204024805819
7406,0.0274751548073657,0.0756556041387298,0.201584720992939,0.545801434606718
7407,0.0274871863615065,0.0756795769389342,0.201679545415578,0.543965507429886
7408,0.0274729445822367,0.0757944557560342,0.202179344000954,0.555584393213764
7409,0.0274788291828666,0.0757679110132124,0.2025005661489,0.553013125286124
7410,0.0274757717669144,0.07585187780463,0.201791143633469,0.544742023544947
7411,0.0274749573953592,0.0756878960186986,0.200506316955467,0.542057448952391
7412,0.0274794880622152,0.0757863632770309,0.201367481129993,0.552589242161368
7413,0.0274876155675283,0.0757430718641962,0.202188423881977,0.550359294810307
7414,0.0274873620367411,0.0756619019329124,0.201655692644853,0.54162551864041
7415,0.0274789652628492,0.0757192506052141,0.200199441493643,0.546347870244811
7416,0.0274915974727557,0.0757155229475096,0.200962836880411,0.545087127844654
7417,0.0274803430046299,0.0757468870998995,0.200923866835507,0.548492846351727
7418,0.0274706288792445,0.0756142710069448,0.200885274839544,0.55120113952597
7419,0.0274825186993392,0.0758351447303041,0.202006292658464,0.555123063643771
7420,0.0274628565453587,0.0757730288203932,0.20084382223243,0.546306242462172
7421,0.0274646474335306,0.0757217305243214,0.200659077196215,0.547024420001089
7422,0.0274738801413443,0.0758173718377576,0.200888686728258,0.554279871724443
7423,0.0274671159727699,0.0757459517165962,0.200576656508416,0.538745651755587
7424,0.0274671936827402,0.0755932268555295,0.201825322145226,0.547437115485699
7425,0.0274651243000003,0.075652152409781,0.200564044634988,0.543739205857945
7426,0.0274743454190965,0.0758405210332712,0.201677039513103,0.552956630777065
7427,0.027477204093179,0.0758595265094852,0.201553344644867,0.550688814905455
7428,0.0274901370310143,0.0757072268202009,0.201749957228805,0.545534815967693
7429,0.0274812044495149,0.0757462632358191,0.202549466295713,0.545414294756312
7430,0.0274731532468576,0.075739352682009,0.200731279969553,0.548769225674089
7431,0.0274757838533334,0.0757427821110892,0.20171538745652,0.553259046597717
7432,0.0274920242695719,0.0758501493181955,0.20163056868908,0.549273791471467
7433,0.0274628212820836,0.0757653648212276,0.201995303370936,0.544053455778235
7434,0.0274746939752378,0.0757427171910143,0.200831620173277,0.543037485569365
7435,0.0274736834784569,0.0758306258166141,0.201983290004578,0.543527282474701
7436,0.0274752157195747,0.0756509606716698,0.202025327526724,0.54891024877609
7437,0.0274641335685143,0.0756941080514024,0.200928703785231,0.555329628823891
7438,0.0274694839229377,0.0757796112289361,0.202620078153864,0.553309577510126
7439,0.0274958798254992,0.0757464987777112,0.201304670459724,0.546077332141553
7440,0.0274702682210083,0.0757836053897998,0.201066800917297,0.546665274705206
7441,0.0274802284471154,0.0756651982091345,0.201718465998344,0.547088555171431
7442,0.0274721541949999,0.0754795170731707,0.200712093030766,0.547810732738148
7443,0.0274724385719973,0.0756591150914355,0.200883058066517,0.549325907242283
7444,0.0274739781835528,0.0756966325493375,0.200769841069618,0.550151701775538
7445,0.0274668541978991,0.0757072069206318,0.200642414181249,0.543376476407272
7446,0.0274837300614719,0.0757076633765833,0.201252532363806,0.541860871421036
7447,0.0274878441836087,0.0758440033259233,0.201070804613185,0.5470643682675
7448,0.0274873907628401,0.0758579647350948,0.201631213748921,0.549223853484665
7449,0.0274886882251159,0.0757557217609237,0.200854745673082,0.551310680384117
7450,0.027472231603432,0.0756628140535237,0.200352184013641,0.548178095118194
7451,0.0274706056236782,0.0757326869309005,0.202097972651927,0.543608996720721
7452,0.0274805720671137,0.0758446507791912,0.201442381956282,0.550935512068551
7453,0.0274766468397188,0.0757336331673857,0.200245006078395,0.547379224075638
7454,0.0274646093730815,0.0757576125647337,0.20127140503667,0.543806218503227
7455,0.0274867468665611,0.0757494744698789,0.202061608702436,0.542123972733363
7456,0.0274688503315406,0.0755485555280289,0.20154775863042,0.551704942730603
7457,0.0274856361036906,0.0756122999378398,0.200723681238593,0.5426785996397
7458,0.0274979087385121,0.0757448115495625,0.20107079958131,0.54907781336463
7459,0.0274808815087645,0.07569496019925,0.201217191776281,0.544194395090773
7460,0.0274850714052852,0.075659436159802,0.201323198990906,0.549023295480337
7461,0.0274927028993242,0.0757957381845921,0.201086069334422,0.547075966581308
7462,0.0274748179085339,0.075670019135913,0.201475134605945,0.544591536531909
7463,0.0274780929587008,0.0757007404207376,0.200674971256218,0.549937077001526
7464,0.0274706410734499,0.0758421473770731,0.200819766633929,0.543333564373816
7465,0.0274890674510841,0.0756674665510749,0.20161082678816,0.544677242440027
7466,0.0274696511835426,0.0757192729750372,0.200991922410333,0.547425980205271
7467,0.0274785158721117,0.0756174719576114,0.201613338968227,0.546820183914064
7468,0.0274662263011373,0.0758635803569194,0.202066373809803,0.54787928230688
7469,0.0274696390030995,0.0756790510514317,0.200869447570459,0.543544912632779
7470,0.0274643761774207,0.0755945009911021,0.201083162864925,0.548043455191156
7471,0.0274708219811455,0.0757614719106623,0.201185991474881,0.549452003614515
7472,0.0274774091850512,0.0757685404396391,0.201660678668965,0.547851428648087
7473,0.0274664448631208,0.0757330562662673,0.201891954008653,0.543671508664027
7474,0.0274727316554767,0.0756848831091738,0.201359206789231,0.555205850422925
7475,0.0274675945897283,0.0757590788568645,0.201035126622271,0.545484964615773
7476,0.0274694017140269,0.0756986033935474,0.200774225074157,0.547945974377429
7477,0.0274739631793154,0.0757553006125188,0.201052461904319,0.544137055329627
7478,0.027471050042835,0.0757226724592061,0.201796080748954,0.552636346024883
7479,0.0274817590408195,0.0756869811991996,0.20103043223846,0.549408797429286
7480,0.0274602849702663,0.0757026600323205,0.20114601390237,0.553422378045401
7481,0.0274722149004295,0.0757195180492564,0.201733970252946,0.546018208485949
7482,0.0274669491228768,0.0756813524687996,0.202513827685324,0.554492601825442
7483,0.027459808359969,0.0755788805256737,0.20195897202812,0.557806405760099
7484,0.0274675118343255,0.0758024639365409,0.202121115835355,0.546265396403963
7485,0.0274805207986567,0.0757196620818368,0.201434749033239,0.549796879679546
7486,0.0274696219092738,0.0755931704682534,0.200904546316876,0.546712498480584
7487,0.0274952648211738,0.0757823370963948,0.201502864285148,0.549596779723482
7488,0.0274888094464892,0.07572740679935,0.202247539201618,0.553261421460135
7489,0.0274981248057831,0.0757431479734676,0.201295867307022,0.545763759139405
7490,0.0274989270887544,0.0757760890782502,0.201595228485032,0.5490634490075
7491,0.0274779621026981,0.0757116870788157,0.201557129469852,0.553830098405374
7492,0.027482907627937,0.075627305087861,0.201922230357254,0.548291408904747
7493,0.0274846322535851,0.0757872205974905,0.201573710877243,0.547296001128785
7494,0.0274728554860649,0.0758219257997354,0.201492066422103,0.552304098018385
7495,0.0274803714955383,0.0757716720375375,0.201545578078902,0.54496455442628
7496,0.0274761295035821,0.0756923343098264,0.201479816106845,0.544295127764904
7497,0.0274649938966458,0.0756423705513331,0.200427778540923,0.546724948344448
7498,0.0274707058794152,0.0757835368290638,0.201935032925505,0.548959644311789
7499,0.0274831546905634,0.075765888400003,0.201935677817904,0.542402653674087
7500,0.0274728652176743,0.0757596107140862,0.200889777926084,0.542451758976217
7501,0.0274751657090009,0.0757686000916672,0.200889551117334,0.549834666204245
7502,0.0274765295478761,0.0756250571900852,0.201055286719187,0.547689018924715
7503,0.0274748250571273,0.075770882374634,0.202560413400965,0.547885156611419
7504,0.0274623568314348,0.0756503763415176,0.200775558228052,0.54733247854401
7505,0.0274794744784312,0.0756707024356561,0.200721081712495,0.548910194962933
7506,0.0274789422566961,0.075803381265651,0.201046482187804,0.544946982908304
7507,0.027470328207304,0.0755588946194342,0.200530763640319,0.550025884646927
7508,0.0274848101105752,0.0757796639324469,0.200986433323736,0.539438722367862
7509,0.0274826722152487,0.0756122788190258,0.201032226731304,0.547898016534227
7510,0.027476547801862,0.0757636227694169,0.201229668337237,0.55432871225186
7511,0.027466009014628,0.0756791173457383,0.201533234613874,0.546451808388027
7512,0.0274740481583217,0.0758218713222855,0.202116594009496,0.553197213727945
7513,0.0274798767572809,0.0757793094014275,0.201316125906682,0.547589996414303
7514,0.027487028865366,0.0758694223319789,0.202465691796119,0.550552950233296
7515,0.0274873455079046,0.0757150283501918,0.201347135724652,0.548199402000159
7516,0.0274783863719176,0.0757326384846174,0.201283427439546,0.548676231752903
7517,0.0274755504630719,0.0757087018214308,0.200960283904204,0.544042532465659
7518,0.027486747915803,0.0757787121648116,0.201429495023891,0.544156518673434
7519,0.0274679538513572,0.0757362242417026,0.201066352829181,0.547361929056624
7520,0.0274743585676612,0.0755960327251631,0.201225487666589,0.557249648014097
7521,0.0274859320492011,0.075792432280371,0.202050998114374,0.552118210010543
7522,0.0274872282175349,0.075792732338307,0.201608172304386,0.552701605308458
7523,0.0274842177367099,0.0757593629525944,0.201298457907831,0.556794106929616
7524,0.0274795270671474,0.0756947623018493,0.201238309208058,0.550720322762895
7525,0.0274866501695669,0.0757041007926058,0.20147595037508,0.54302810887699
7526,0.0274766669302852,0.0758259478756407,0.200458918608951,0.54598009244064
7527,0.0274672606872323,0.0757549307934486,0.202336620473687,0.549501054169647
7528,0.0274682272470314,0.075730328942251,0.201487661370678,0.545317145778606
7529,0.0274731403610469,0.0756587963325403,0.201339026667689,0.5467421550166
7530,0.0274898810799705,0.0757735435115632,0.202286772206216,0.550954839051112
7531,0.0274722109833155,0.0756812027174468,0.201127210871976,0.549097216229008
7532,0.0274634621552473,0.0756553222676706,0.201263364986968,0.545096591772651
7533,0.0274707893724001,0.0756832585505675,0.200763576999833,0.550659634145926
7534,0.0274749736601381,0.0757682194476767,0.201078652768295,0.54957392789885
7535,0.0275061494742259,0.0756843008619405,0.20058440977773,0.549807720614531
7536,0.0274557909392385,0.0756306827346251,0.200818241848169,0.549349441015785
7537,0.027478282769305,0.0757871059438068,0.201380264749102,0.551045450693801
7538,0.0274607079664482,0.07581650602047,0.202497116524618,0.55118500616644
7539,0.0274821920503991,0.0757630661326106,0.201915705221993,0.549306024332985
7540,0.0274802261581842,0.0758074876686185,0.201494461455451,0.547086975678066
7541,0.0274696320265975,0.0756882521968378,0.200540604756867,0.543569358803354
7542,0.0274854844123267,0.075650511585385,0.200493439113295,0.546948670586176
7543,0.027460433965708,0.0757638673977148,0.201723896307459,0.5541613907718
7544,0.0274768034353814,0.0757128289099607,0.201517527109202,0.550253268202442
7545,0.0274840723463014,0.0757399281271125,0.20136935782149,0.550693028050303
7546,0.0274760767268509,0.0757426820639117,0.202131319719413,0.547524141840728
7547,0.0274717153225296,0.0757497157291378,0.20074505976947,0.547689505066877
7548,0.0274757132056576,0.0757781066865083,0.201830877661882,0.546883416852116
7549,0.0274758305911552,0.0756223682283753,0.20077371084014,0.551517778751941
7550,0.0274784759389472,0.0757386237914186,0.201822219862068,0.557208808946422
7551,0.0274724971222438,0.0756403318970164,0.200887766861265,0.543962198207556
7552,0.0274814726663498,0.0758299370485233,0.202122127359364,0.544187977913436
7553,0.027469256121194,0.0756033344039134,0.201027688579239,0.547399508722995
7554,0.0274830003927578,0.0757417908721532,0.201517392074938,0.551191074402167
7555,0.0274818412460359,0.0758166483224474,0.201889192177521,0.550657963873575
7556,0.0274801333554888,0.0757021828925371,0.20134854370819,0.550622656446632
7557,0.0274699569883672,0.0756527647920919,0.201087941264309,0.54664958633009
7558,0.0274734510358655,0.0757430361275281,0.201290604754181,0.552356291233961
7559,0.0274755739376802,0.0756854059614937,0.201699320616212,0.550241029803114
7560,0.0274769261595792,0.0756881668629131,0.201078188121808,0.54847146193822
7561,0.0274670567266472,0.075622888783638,0.201745451063916,0.553104743962186
7562,0.0274777005333592,0.0757391245550842,0.201913468185404,0.553875020865267
7563,0.0274830407761965,0.0756398757820959,0.201177047284432,0.546052592176618
7564,0.0274724205027991,0.0757572854005768,0.201591027157569,0.547745909047843
7565,0.0274766202249165,0.0756439177676711,0.200725208598471,0.551946319842185
7566,0.0274810710015576,0.0757823194756109,0.201782269879724,0.5436946535606
7567,0.027486141183576,0.0757122831386091,0.200689434792644,0.544062576901777
7568,0.0274757007465422,0.075662517218899,0.201066122364454,0.550065569018865
7569,0.0274807807841123,0.0756617962939511,0.201099343581924,0.553543658612334
7570,0.027466316724472,0.0756383020616462,0.200539444131691,0.546594030478964
7571,0.0274812342661023,0.0757046952399744,0.200830836989664,0.550941711644348
7572,0.027474058020694,0.0757225566290566,0.201155521883913,0.548893531299308
7573,0.0274784194589944,0.0757740226916133,0.201736682757825,0.547047986590628
7574,0.0274853794546478,0.0757839933343398,0.201857399658333,0.546798225127728
7575,0.0274851672165695,0.0757224765497547,0.201946407381796,0.551271028603067
7576,0.0274848631896959,0.0756904829159921,0.200241091533358,0.547935794188578
7577,0.0274800117038929,0.0756640413932364,0.201947576597787,0.548729299526481
7578,0.0274819982861487,0.075859134264936,0.202346284672024,0.551048078606118
7579,0.0274679651719029,0.075763920373394,0.201844683623602,0.553327069836493
7580,0.0274805734104401,0.0757752934636863,0.20138226404933,0.547220036646898
7581,0.02746835135002,0.0757442948824329,0.201672093513571,0.550196290156131
7582,0.0274940460275599,0.0759018133265007,0.202022900664506,0.55326187128479
7583,0.0274807389234038,0.0757118672989516,0.201636816525344,0.551267529732909
7584,0.02747423673304,0.0758549980063298,0.200334620245107,0.551633098048239
7585,0.0274697107253253,0.0755969773509038,0.201184559292567,0.547664855183951
7586,0.0274843968460775,0.0757800015652393,0.201459087157427,0.543830557495504
7587,0.0274812017067292,0.075762395822016,0.200153793434505,0.542795216598676
7588,0.0274744815887868,0.075771592468207,0.20224392571007,0.548516318768461
7589,0.0274775773671672,0.0758045904676784,0.201664194331702,0.552281370505408
7590,0.0274832639441048,0.0758328905755366,0.201861222223807,0.549573238796647
7591,0.02748093165945,0.0757554579241627,0.201721404269704,0.550650249308885
7592,0.0274849573057411,0.0757369608187041,0.20140659540868,0.548114923644959
7593,0.0274869140726106,0.0757831064162605,0.201641856137486,0.547865558908037
7594,0.0274712612239468,0.075682901359868,0.201808952177992,0.547308571866488
7595,0.027480423545624,0.0757188082146625,0.201615388720567,0.547999258073695
7596,0.0274613223000424,0.0756845694251615,0.200756391856487,0.546740274359013
7597,0.0274709146995077,0.0755432797797912,0.200155395524312,0.5477427253038
7598,0.0274637315268601,0.0757454336223018,0.201187391251648,0.545000472312037
7599,0.0274734122754504,0.0757631946261158,0.20125719930701,0.548318676034055
7600,0.0274806329326539,0.0758166737950265,0.201167501205203,0.545625910618254
7601,0.0274550811873142,0.0756112883216938,0.201520985505521,0.557130804618961
7602,0.0274882725597781,0.0758118787626285,0.202074305223226,0.553066886345868
7603,0.0274803023701864,0.0758032314363127,0.201177907357433,0.55261135855703
7604,0.0274674256952451,0.0756329498474644,0.201632557835163,0.551185564916874
7605,0.0274656473667774,0.0756983445582751,0.201335040577098,0.543065772463603
7606,0.0274781083637413,0.0756727694816932,0.201561152702841,0.551948326479696
7607,0.0274829707705272,0.0756520598256947,0.201486487400031,0.552635480860277
7608,0.027479294416123,0.0756358792313521,0.200533881309856,0.545234049872144
7609,0.0274668851579018,0.0755758168238459,0.20029081396342,0.545938919915145
7610,0.0274878618869778,0.0757664251725943,0.201355316995508,0.551818814672224
7611,0.0274850438630652,0.075599449826466,0.201516155727319,0.547347360190314
7612,0.0274932862326827,0.0758339251625162,0.202002663555428,0.554913594966611
7613,0.027469127001413,0.0756674813281893,0.201508343680041,0.545466436864241
7614,0.0274835139264038,0.075797039891941,0.201432477007316,0.55409527183886
7615,0.027475769077512,0.075685660108501,0.200794181469947,0.552088675659156
7616,0.027477200221143,0.0756701860865484,0.201559367793481,0.550299302602639
7617,0.0274853212071491,0.0757384377502263,0.201030594561948,0.544325930691075
7618,0.0274742952828259,0.0757131506677478,0.200615171625755,0.546050011585354
7619,0.0274765784586333,0.0757466764700149,0.201021761388555,0.548273790057751
7620,0.027478934513297,0.0756479234782049,0.201772662340004,0.549368350715198
7621,0.0274768371040196,0.0758374921835417,0.201402431980424,0.552339369714494
7622,0.0274649340522827,0.0758928708946059,0.201935774476219,0.555077220412052
7623,0.0274776587832142,0.0756863275620257,0.200808213751405,0.547962032463308
7624,0.0274753664466182,0.0758233619374229,0.200680888467336,0.547269043849714
7625,0.0274848211290553,0.0758067891673643,0.201434052874744,0.549683546591619
7626,0.0274658902686643,0.0758205965959515,0.202315782401054,0.554551940938549
7627,0.0274765283227497,0.0757839496566063,0.201251773551591,0.550157072156027
7628,0.0274737802574785,0.0757749916930515,0.20163928888263,0.54648208067635
7629,0.0274763482467013,0.0756902494786752,0.202052696418564,0.549509481835608
7630,0.027482385411147,0.0757611079334051,0.202295497825886,0.549062298612215
7631,0.027478450567292,0.0758253163254966,0.201851448497725,0.552564068624133
7632,0.0274736337937591,0.0757297201973862,0.201078056808903,0.554217409494043
7633,0.0274823255044993,0.0757451830013764,0.201972340539155,0.548422231308458
7634,0.0274825852911906,0.0758757782260081,0.202141827032737,0.550312503106676
7635,0.0274688530530719,0.0757902266228575,0.201364983502535,0.551290358676964
7636,0.0274809570205205,0.0756124982518813,0.200875463149237,0.548254870239954
7637,0.027470883559926,0.075748721621743,0.200593491296694,0.554403873420435
7638,0.0274574740130011,0.0756993140135937,0.201218764540842,0.545784578997633
7639,0.0274710173112815,0.0756073564627835,0.201109423709093,0.551952694584759
7640,0.0274770032682386,0.0757246608408386,0.201732280447251,0.549137870345122
7641,0.0274821972892519,0.0757908553500597,0.201136131544339,0.551773527847859
7642,0.0274659326847918,0.0758093820616557,0.201026743166888,0.543893821306479
7643,0.0274793333863476,0.0757685870288436,0.202263867671985,0.545945779395861
7644,0.0274874738006823,0.0757949110104355,0.201693997553761,0.550955805904957
7645,0.0274733530168802,0.0756514668127637,0.202048708833469,0.545778371103789
7646,0.0274691920502893,0.0758593629449758,0.201873758163603,0.549716172296916
7647,0.0274671115978431,0.0757394477874942,0.202061251307605,0.551760893101559
7648,0.0274732050880792,0.0757237303298313,0.201142177694002,0.544591716897875
7649,0.0274745141480431,0.0758445893514852,0.201296226267616,0.551655745418379
7650,0.0274782476539771,0.07557999737291,0.201188208818854,0.544185665401847
7651,0.0274726248365119,0.0757447836336748,0.201116350665228,0.546725890260648
7652,0.0274712773028073,0.0757357664890808,0.200465490487178,0.547094888001042
7653,0.0274845886506677,0.0758426418595791,0.20152520590477,0.543003137553908
7654,0.0274856841312822,0.075694817749457,0.201679396933663,0.552151091969324
7655,0.0274631357449864,0.0756189977337686,0.201083672494588,0.543495910202288
7656,0.0274561365996363,0.0756260729880653,0.201089408971605,0.54914383495382
7657,0.0274807407595003,0.075812849230356,0.201507975358601,0.548919708111016
7658,0.0274813763987026,0.0757485580912685,0.200577018200992,0.548609540127541
7659,0.0274583263909413,0.0757371369988832,0.201264193194792,0.548910804857257
7660,0.0274701151850907,0.0756541171800656,0.201368119416945,0.54994294282153
7661,0.0274783425124331,0.0756891566836744,0.201594508317328,0.54609152669418
7662,0.0274774942436504,0.075622915403315,0.201278815854687,0.552947665030132
7663,0.0274831034844333,0.075831621294234,0.201063998610291,0.550208360126338
7664,0.0274834336218575,0.0757331577949105,0.201434586914095,0.548778253513042
7665,0.0274904048683223,0.0758667903567534,0.20277077529466,0.554919304978871
7666,0.0274786371290442,0.0757480190930019,0.200255910120439,0.546543519256024
7667,0.0274745329991093,0.0757693107316743,0.201384119614679,0.547479579466119
7668,0.0274757054263379,0.0757940017565253,0.201379210659842,0.555831426930512
7669,0.0274888578166198,0.075624476292777,0.201086515767595,0.552631483863688
7670,0.0274805201232794,0.075709423707971,0.201534940279071,0.547338161069839
7671,0.0274732381902422,0.075725224977717,0.201941237342223,0.552350997509233
7672,0.0274692097477384,0.0758166589470361,0.201851110309142,0.549365455194082
7673,0.0274860749658355,0.0756720030424205,0.201608063426342,0.556472402716038
7674,0.0274820212986155,0.0757972245677154,0.202327717098344,0.551697777550576
7675,0.0274922229492609,0.0758503119250689,0.201414224764921,0.549518999207726
7676,0.02747213360836,0.0756928023944401,0.200959052566192,0.546321726999994
7677,0.0274644417543,0.0756096615240218,0.200367440510568,0.548294772932709
7678,0.0274709528746849,0.075843854023511,0.201495272521873,0.546455817394802
7679,0.027479510429074,0.0756907834334194,0.201618685503827,0.552358286407238
7680,0.0274834886514585,0.0757113458532669,0.200859020552037,0.548902556022359
7681,0.0274696977767963,0.0756495671620909,0.201301017009619,0.544889597027827
7682,0.0274716783761719,0.0757735206760562,0.201628832939666,0.546908079262
7683,0.0274800205725909,0.0757009242632068,0.202002858759294,0.546921282839559
7684,0.0274801431248394,0.075693313704667,0.201642013876092,0.554685596444042
7685,0.0274858440684319,0.0757149006597575,0.201717378249265,0.547310388874551
7686,0.0274758299011151,0.0758015842647287,0.20075139674138,0.548113988572656
7687,0.0274854023288171,0.0757013343470736,0.201724756211742,0.549351430077102
7688,0.0274791446757477,0.0757679544833811,0.201679559956352,0.551336109873047
7689,0.0274866988675345,0.0757970847842668,0.20126987913462,0.547963832326366
7690,0.0274769390453597,0.0756412745406513,0.200392349025812,0.552868453936107
7691,0.027485477144138,0.0758267278748852,0.201943008624801,0.553362887902765
7692,0.0274707960513535,0.0756541754588452,0.201706481893336,0.550716869469063
7693,0.0274707696805534,0.0757132813300158,0.200934580202452,0.551365215065973
7694,0.0274633012809365,0.075650285327574,0.201299344088577,0.549131498096736
7695,0.0274649084412843,0.0756332607169638,0.201791432268386,0.549172466085238
7696,0.0274626338931692,0.0757039797753709,0.201380045870439,0.544933037882164
7697,0.0274657444069806,0.0757442942780101,0.202212781928729,0.552446624500085
7698,0.027466617678415,0.0757257139807398,0.200981100771189,0.54640049141524
7699,0.0274636760196997,0.0756798902509629,0.202198638176016,0.54561521451666
7700,0.027476335880499,0.075654150497662,0.201634931058137,0.544806646860073
7701,0.0274744875675464,0.0756703776922442,0.200826506782289,0.551343163163252
7702,0.027480386019452,0.0757113901051886,0.201755039494276,0.547555404488895
7703,0.0274929299105452,0.0757733184865352,0.201886315306024,0.553692936165346
7704,0.0274826915794608,0.0758845269938635,0.20076680872477,0.551814256344788
7705,0.0274908402070174,0.0756835403381248,0.202022081303886,0.550879667671442
7706,0.0274885433457403,0.0756793931396978,0.201209260237638,0.549046309469324
7707,0.0274855196898228,0.0757271771862131,0.201248622919105,0.547665346505923
7708,0.0274722682635254,0.0756929175339933,0.201305575270512,0.547247320092432
7709,0.0274623803664122,0.075668061936004,0.202126741114144,0.555778059897104
7710,0.027488262525593,0.0757342070310204,0.201489904256606,0.552355479955857
7711,0.0274780017937648,0.0756237606143092,0.200502526170185,0.546819976902863
7712,0.0274698598900303,0.0757317210067385,0.201736525848007,0.553401425223163
7713,0.0274815570443221,0.0757093576894642,0.201121620935446,0.545737491050288
7714,0.0274771567397006,0.0757562135684956,0.200777469688545,0.553662681300921
7715,0.0274767373044819,0.0757229299697625,0.201100824017735,0.548518952149642
7716,0.0274731305750531,0.0755946939277146,0.200891604837331,0.545092199559116
7717,0.0274829725421755,0.0757493340849706,0.201916671327482,0.546417516492307
7718,0.0274678602260444,0.0756839400895323,0.200625351996159,0.547585929343777
7719,0.0274807911289685,0.0757179309672165,0.20170090878847,0.548643572692988
7720,0.027490657473772,0.0757305907193587,0.201790642413871,0.547530458267141
7721,0.0274787058115826,0.0757376597389188,0.201656825627558,0.547868947628017
7722,0.0274613291389754,0.0757729451477036,0.201782730170754,0.541812321248147
7723,0.0274701634807873,0.0757175410465544,0.200199339164243,0.546459733431542
7724,0.0274860890383478,0.0757576061531422,0.20065374858452,0.5491803216504
7725,0.0275077427200817,0.0757865539212279,0.201288021696597,0.545762558031994
7726,0.0274909219767467,0.0758128475936687,0.202114892343916,0.545451573327839
7727,0.0274805453996388,0.0756844726595883,0.201630115076748,0.549480337775614
7728,0.0274802838741241,0.0755837036948243,0.201152826029844,0.550394715276728
7729,0.0274824420614042,0.0756753305740241,0.200265863626815,0.546196971499131
7730,0.0274911043013704,0.0757260197179721,0.201445772151652,0.543257786010171
7731,0.0274895241702674,0.0757973783176104,0.201795325952115,0.548772048400015
7732,0.0274773082632829,0.0757738628825104,0.201719916477936,0.548811829443569
7733,0.0274959252582947,0.0756787844945766,0.201910528251599,0.551172244697793
7734,0.0274990129533057,0.0756945086830257,0.200695588204054,0.553541139033032
7735,0.0274712810696453,0.0755607396107371,0.201162303493559,0.544417901291239
7736,0.0274731404292776,0.0757254799264686,0.201991430868716,0.547294724125219
7737,0.0274752366018131,0.0757012116936614,0.201348791243462,0.54969806644401
7738,0.0274614093146756,0.0756458822171285,0.201517955627366,0.546561071429664
7739,0.0274855119465379,0.0757202328015318,0.201111294106674,0.546631176416848
7740,0.0274907433431555,0.0757648584725367,0.201306416792037,0.546556271187564
7741,0.0274826106381694,0.0756964121779997,0.201547575826045,0.558724303233473
7742,0.0274669643483682,0.0757753101602567,0.201649513004546,0.549126013146978
7743,0.0274761049425638,0.0757119990276607,0.201584616865839,0.548286025201963
7744,0.0274827457412343,0.0757099411793377,0.201225637852235,0.548743125773881
7745,0.0274847361946384,0.075708958578055,0.201999119588269,0.555488374825153
7746,0.0274628819762035,0.0757687020875832,0.201900949047569,0.550897132993014
7747,0.0274715296006541,0.0757462143729137,0.20164095211598,0.547751724955687
7748,0.0274765019666844,0.0758761593400099,0.201999341839716,0.552638322492426
7749,0.0274754938956393,0.0756781051955343,0.201679607438591,0.549655998146477
7750,0.0274734597753657,0.0757837484828891,0.201353395068736,0.546616339974448
7751,0.027451283147373,0.075653613819545,0.201041934916853,0.542392465946817
7752,0.0274642593560727,0.0757424257542726,0.201315144485515,0.546943624791243
7753,0.0274992648186435,0.0757622061429371,0.20069823052249,0.545105361738155
7754,0.0274716759720416,0.0756909828240994,0.201534242548394,0.545550141118258
7755,0.0274714404593626,0.0756331178675429,0.200961047935994,0.546325073136639
7756,0.0274802549317236,0.0758669967000037,0.201087023707209,0.54845736183979
7757,0.0274776380300909,0.0757094162704864,0.201668233448684,0.547133744083479
7758,0.0274790366762083,0.0755427183608261,0.202454697951974,0.556513180248769
7759,0.0274663185888542,0.0756904826537001,0.201113174689039,0.548187205198716
7760,0.0274833675238355,0.0755640510158523,0.200638933290925,0.551246701166208
7761,0.0274689959524365,0.0756257337415598,0.201156384302812,0.553289310099186
7762,0.0274601823192046,0.0757124109093216,0.201358528708901,0.551196029347368
7763,0.027484813693066,0.0758270421799356,0.202010637263595,0.55018914484419
7764,0.0274636470284616,0.0756965947835868,0.201262986432512,0.550230041360948
7765,0.0274792780840171,0.0757483885872797,0.201800175618683,0.550401977280871
7766,0.0274732862494318,0.075806674207306,0.201657866992787,0.552504451743579
7767,0.0274766852763435,0.0756954970743268,0.200671761359788,0.545355085755316
7768,0.0274705063641928,0.0757501354112065,0.202037317011625,0.550030875792731
7769,0.0274594916026415,0.0756726829540047,0.200783869305043,0.554323651233969
7770,0.0274862299188712,0.0759061194285566,0.201767011172866,0.553376446242395
7771,0.027480464658327,0.0757995140995012,0.202363140076214,0.553280260629062
7772,0.0274893191538584,0.0757973793424942,0.201660571944237,0.552946088092598
7773,0.02746661248649,0.0757349162948413,0.201497299576809,0.554515960699981
7774,0.0274723570807577,0.0756839055305284,0.201791422312075,0.550002498304287
7775,0.0274840248200545,0.0756385697481116,0.200952035899,0.544578022499783
7776,0.0274767656302762,0.0757106315629231,0.200927817810775,0.550501395372877
7777,0.0274954567365621,0.0757030972090874,0.201833058686486,0.55079404730252
7778,0.0274703317724881,0.0758087365449167,0.201655197893542,0.552044833485612
7779,0.0274631405687648,0.0756541832954896,0.200732040915397,0.544349883657594
7780,0.0274724427286546,0.0756746148062143,0.201536309077837,0.548075590532157
7781,0.0274887533685724,0.0758221048098506,0.200613960969543,0.549523284790758
7782,0.0274922860210005,0.0757314032545601,0.201188605020709,0.549349585518008
7783,0.027483558248999,0.0757724178326525,0.201591028743111,0.545414489327633
7784,0.0274634457236221,0.0756600049300362,0.201652752651767,0.549650736317218
7785,0.0274604913164762,0.0757099807829242,0.201603333767783,0.550247153351855
7786,0.027493939218286,0.0757999149820322,0.201785423062148,0.553851612013739
7787,0.0274782068467313,0.0757950868902773,0.201076381840692,0.550693506903385
7788,0.0274749222601689,0.0756187372413799,0.201590024245048,0.552604400779476
7789,0.027454298487485,0.0755408956604594,0.200559655260143,0.545020592657047
7790,0.0274830219537903,0.075691123978829,0.200738840607054,0.543808393028554
7791,0.027488406405413,0.075855234498381,0.201707947914228,0.546317373800743
7792,0.0274767552943334,0.0756216621735988,0.202242744663308,0.553719448406195
7793,0.0274741710368459,0.0755997265230239,0.201050496561427,0.546087369766241
7794,0.0274851749327665,0.0757422741433386,0.201381148011083,0.542086737391191
7795,0.0274858249617148,0.0756180002031746,0.201397896561983,0.551992016501053
7796,0.0274875104801068,0.0756798991630189,0.200649252879371,0.549906350110465
7797,0.0274635600959325,0.075676916851703,0.200346285771036,0.549971093986789
7798,0.027485594179162,0.0757041499553656,0.200395905348496,0.539556809204826
7799,0.0274742793335186,0.0756855357252898,0.200948533532642,0.546959098655696
7800,0.0274673382464319,0.0756973327995097,0.201464128178204,0.551441037732278
7801,0.027474674748331,0.0757094879425111,0.200769682359829,0.544894319524312
7802,0.027485851314776,0.0757189842975894,0.200918459258306,0.55174477951749
7803,0.027480241088873,0.0756792985083047,0.200282653519635,0.548344106888781
7804,0.0274694060997805,0.0756681844811298,0.201189890726676,0.550226960500144
7805,0.0274800720002468,0.0757561730357284,0.201217982183332,0.5439898452787
7806,0.0274769569281141,0.0757411494158069,0.202033080543304,0.553281948631866
7807,0.027467804592345,0.0757931355131539,0.201573105376021,0.5503092589801
7808,0.0274838350827011,0.0758864289922228,0.20139358691338,0.549180788140748
7809,0.0274776151962829,0.0758433200772934,0.20138798438263,0.544196572534682
7810,0.0274817439511403,0.0757490142234035,0.201827526735223,0.547756114148904
7811,0.0274561956224437,0.0755548174810041,0.200791995925079,0.546175405533639
7812,0.0274685497676096,0.0756868595345485,0.201919736840774,0.551741393782391
7813,0.0274829845165852,0.0757822650178572,0.20114865465066,0.548080282510104
7814,0.0274858636055959,0.0757488287547492,0.200541277009859,0.550947851972367
7815,0.0274702556629142,0.0757808249987447,0.200264314621736,0.541125748390151
7816,0.0274842144366228,0.075821977967947,0.201659284236312,0.551784581023963
7817,0.027494339864363,0.0758553328084127,0.201481642044999,0.546448464310061
7818,0.0274809947499113,0.0758004461760016,0.201185648530544,0.54909830996686
7819,0.0274741141459647,0.0756904570619042,0.201226304771527,0.55440147246233
7820,0.0274884822724294,0.0756766289109661,0.20148953527611,0.547630712624315
7821,0.0274838842306277,0.0757417010898202,0.201131539484415,0.548933136649579
7822,0.0274717783323165,0.0757946610704973,0.201422481007435,0.549445652434356
7823,0.0274974837733746,0.0757706711459363,0.200787128511906,0.546880901027511
7824,0.0274806423110008,0.0757390572138634,0.201343645716538,0.549556469661742
7825,0.0274952291592338,0.0757136171428161,0.201720902177587,0.545260970953105
7826,0.0274595754470537,0.075771040955049,0.202843724894371,0.546819334477389
7827,0.0274798705493501,0.0757081751710536,0.20107719020903,0.542628262619112
7828,0.0274819149769601,0.0757352728150298,0.201125403814656,0.557346730099901
7829,0.027486045131101,0.0758855839154526,0.200985185023527,0.547446357762481
7830,0.0274789301559155,0.0758042698793312,0.200896292284325,0.546092760575764
7831,0.0274730312367991,0.0757149604729836,0.201030007509288,0.552242324864818
7832,0.0274725150613513,0.0757837934634557,0.202348835491884,0.544990812437488
7833,0.0275013307418344,0.0757416312729158,0.202471202183706,0.551052364507919
7834,0.0274733139186669,0.0757337860912904,0.201151639414037,0.548209507130824
7835,0.0274842231337731,0.0757242746998648,0.201554526399903,0.546070387097733
7836,0.0274771660782418,0.0756707126473901,0.200917941575905,0.543939084420816
7837,0.0274545323211341,0.0757434804704653,0.201330628401628,0.548265493789247
7838,0.0274794229301836,0.075776109075969,0.201796542543802,0.550668450278864
7839,0.0274685456394469,0.0755863478588447,0.202169605488674,0.55239323240573
7840,0.0274854598033264,0.0758351020797532,0.20091838177028,0.548369702284464
7841,0.0274881693600379,0.075725517351732,0.201348217400826,0.547639667216385
7842,0.0274922920872862,0.0756662915435232,0.201951843203817,0.548440947687039
7843,0.0274773332101916,0.0756812666291049,0.20051869997103,0.551378147367024
7844,0.027467362863733,0.0758169698007736,0.201934685931106,0.550464151974009
7845,0.0274716019220932,0.0757475860454991,0.201210327060526,0.55031719429869
7846,0.0274720953981755,0.0756117153301633,0.201599037742173,0.552851372668483
7847,0.0274787509129104,0.0757479024912787,0.201670882643353,0.544846336672433
7848,0.0274847304851674,0.0756868293612484,0.201606332072031,0.548049422610332
7849,0.0274756419709066,0.075791046817034,0.201703115598531,0.546540031006843
7850,0.0274858524370221,0.0756006201870886,0.200906228965665,0.547181204434186
7851,0.0274868437063887,0.075796837446028,0.200924357818742,0.548395485146723
7852,0.0274803050418823,0.075738514664815,0.200760122777077,0.5425556203148
7853,0.0274848113931271,0.0756916906282928,0.20060481085212,0.549460138200368
7854,0.0274913820277459,0.0757805526188128,0.201475588043227,0.549317720276495
7855,0.0274864061203231,0.075812318144352,0.201057384507515,0.544386270183915
7856,0.0275043168307919,0.0757606775053511,0.201302578299815,0.545501733325363
7857,0.0274689073778761,0.0756664371550652,0.200719421172232,0.54496631810814
7858,0.0274747391228971,0.0758301075306881,0.201267116244093,0.544665916583251
7859,0.0274810760196652,0.0758423218789954,0.201728706195921,0.551242785492519
7860,0.0274613148022573,0.0756233552692324,0.200989361326733,0.548950708554108
7861,0.0274677561874034,0.0757632371444803,0.201570565198728,0.555734400262721
7862,0.0274691494280204,0.0755846152536047,0.200690131228232,0.546574758732087
7863,0.0274855344534909,0.0756864010082677,0.201327212344138,0.550947488249192
7864,0.0274704727066023,0.0757653895499126,0.201727962162861,0.552367883320687
7865,0.0274612662751702,0.0758129155227496,0.200885611188405,0.548989854286826
7866,0.0274733869760178,0.0757954522508095,0.202119972441729,0.550011514869718
7867,0.0274751146977176,0.0755974985992368,0.20080729485144,0.553982249630282
7868,0.0274655497234757,0.0756035391776727,0.201196747185243,0.545614195885469
7869,0.0274835329667754,0.0757187042157024,0.201437796323944,0.543704280665343
7870,0.0274801183055751,0.0757649361378136,0.201050997426239,0.549975921756482
7871,0.0274797873392668,0.0757652612249346,0.202039437996025,0.550264472617216
7872,0.0274735533948336,0.0757437006015474,0.201179540134311,0.551059436735808
7873,0.0274754766157079,0.0756653818376044,0.201422849504743,0.547399755581139
7874,0.0274753655408187,0.0756867344036896,0.200921820449106,0.551675913685194
7875,0.0274694619475978,0.0756796414697134,0.201310382216013,0.551220678991357
7876,0.0274795651362983,0.0757684380923299,0.201386150263691,0.544209586603486
7877,0.0274848328349433,0.0757568794903324,0.202154425884349,0.552672420544601
7878,0.0274717893587365,0.0757231682943932,0.20130033973933,0.54777052520447
7879,0.0274724913062337,0.0758093857397589,0.201487287840323,0.547276271293946
7880,0.0274783056566337,0.0757283139153951,0.202095380691738,0.553024960206124
7881,0.0274687699590636,0.0755310214060949,0.201526276025491,0.556878990982614
7882,0.0274759623761096,0.0758186185595149,0.201733836356732,0.548148802414984
7883,0.0274877602633891,0.0758298928692861,0.202187369326922,0.549401431737704
7884,0.0274761613789383,0.0757562022044158,0.200747479380843,0.547326511886923
7885,0.0274812216817838,0.0757149937032286,0.201524413616016,0.547950162912843
7886,0.0274729741903898,0.0757613957060343,0.201728804110662,0.548987425336566
7887,0.0274766426980221,0.0757752118910289,0.201354465464865,0.551954288595686
7888,0.0274852150098848,0.0756396834707372,0.20090172139356,0.553280865162087
7889,0.0274825870795369,0.0757854200234927,0.201368502990371,0.548460701666009
7890,0.0274798960120824,0.0757620408200809,0.201857590384991,0.548636110128417
7891,0.0274867261686476,0.0758336871815534,0.201325014486937,0.545403576301299
7892,0.0274683314225479,0.0756367706319332,0.200346295598613,0.545858308906392
7893,0.0274757805360562,0.0757367766769307,0.201391352427487,0.546959686965695
7894,0.0274738231313631,0.0757281189133117,0.200586775847466,0.551495814832629
7895,0.0274925520849788,0.075800766915311,0.200983071239591,0.545161559123716
7896,0.0274889423517335,0.0757788287180477,0.201067368881474,0.543165288138049
7897,0.0274763018535076,0.0757739550939291,0.201830964470589,0.546068366085687
7898,0.0274773910878004,0.0757781044442172,0.201347645589641,0.552705994085183
7899,0.0274897223433633,0.0758806137107327,0.201664664897237,0.549523422806932
7900,0.0274735490642424,0.0758157456504859,0.201361628892512,0.546437023263202
7901,0.0274864352260645,0.0758279557039043,0.201878007376931,0.554608982857001
7902,0.0274833551918603,0.075865612414248,0.201905296427224,0.552258518864764
7903,0.0274851089438719,0.0757271265210524,0.201183226569786,0.554081216188121
7904,0.0274896399858868,0.0757811164707406,0.201272145795828,0.553486427921209
7905,0.0274789567852318,0.0757978802974578,0.20110916525623,0.544559902591913
7906,0.0274790394604285,0.0757607598644819,0.201367211758613,0.548287730260268
7907,0.027482056586744,0.0758509391074448,0.201251155053192,0.546536402700155
7908,0.0274617274938267,0.0757833591185177,0.201655927785266,0.550902788341311
7909,0.027480136132279,0.0757864586036219,0.201257651778411,0.550354029637919
7910,0.0274707694335718,0.0757102711089436,0.200720252057574,0.547719809289771
7911,0.0274596827663399,0.0756589239739648,0.201375463773633,0.549816222772451
7912,0.0274865399232161,0.075723989496019,0.20078523699349,0.548388577458011
7913,0.0274998595627137,0.0757812556533899,0.200955743642211,0.547583653779252
7914,0.027476864595474,0.0757080167712087,0.202745669675999,0.546753482008639
7915,0.0274888087868959,0.0759152136655685,0.202005138138731,0.546744810435656
7916,0.0274702926362993,0.075682458615477,0.20111945187232,0.545395245052936
7917,0.0274777702036392,0.0757537852456793,0.201592831543559,0.549192395186978
7918,0.027478633574926,0.0756292037156668,0.201785064071038,0.554466809267414
7919,0.0274861733618258,0.0757403726504503,0.201532283926258,0.553559087650692
7920,0.0274644533984694,0.0757876828825575,0.201762201755881,0.550326808812161
7921,0.0274720612149764,0.0756786752160995,0.20098341990036,0.543026108343977
7922,0.0274776607152156,0.0758104950229903,0.200900464475743,0.547224034969453
7923,0.0274629093033648,0.0756207133755442,0.201326451401274,0.550299650391319
7924,0.0274930631219368,0.0758344347489198,0.201067263675109,0.553113475442514
7925,0.0274862180807885,0.0757752198551988,0.200823292096269,0.545788794564022
7926,0.0274615503401207,0.0755906544302383,0.200333463888274,0.54576298982472
7927,0.0274488392450704,0.0756334389353966,0.20051348838442,0.545711117707448
7928,0.0274782990816675,0.0757609407875678,0.201248319510725,0.553386533990163
7929,0.0274833533719296,0.0757051321278701,0.201633436798208,0.546257842601847
7930,0.0274854528794963,0.0758823681981587,0.201821015644407,0.550021993766281
7931,0.027486346429942,0.0757473830332866,0.201405210477105,0.550871792638922
7932,0.0274783113848095,0.0756597667101523,0.20139330702182,0.545593540548902
7933,0.0274705519802562,0.0757695445158015,0.201770570803111,0.546098157713942
7934,0.0274690837229607,0.0757164486029012,0.200864972333452,0.539445347556309
7935,0.0274653588899424,0.0757123378496975,0.201529455638709,0.550109328664041
7936,0.0274681114384617,0.0758508428160359,0.201973820278795,0.551944332867716
7937,0.0274857308404532,0.0757330261394245,0.200815865169341,0.544064121154473
7938,0.0274804340564984,0.0756664076536546,0.202094673698417,0.542411286196006
7939,0.0274753904294695,0.0757789688196496,0.20087282125822,0.548096141874789
7940,0.0274966986487755,0.075837315024782,0.201319818305213,0.546001367860164
7941,0.0274663263783524,0.0756604162007269,0.201415498391572,0.55114295117518
7942,0.0274753044025786,0.0757969158881072,0.201349326060937,0.54683653124701
7943,0.0274820981969368,0.0756941715291257,0.201043783902539,0.549707481507795
7944,0.0274869514324322,0.0758547326472798,0.201013711041058,0.547686180964324
7945,0.0274772361245355,0.0757884007896015,0.201177696611936,0.543968612759004
7946,0.0274746399112468,0.0756937207863396,0.200428995220459,0.548237303392112
7947,0.0274826924904878,0.0757529946581328,0.201315601114027,0.550215553408452
7948,0.027483173514799,0.0758121035748871,0.200817825679385,0.554972549338374
7949,0.0274815864174396,0.0756708934384843,0.201328936215085,0.542931788312637
7950,0.0274661679959432,0.0756938597721851,0.201541976869657,0.547497428026097
7951,0.0274796531307809,0.0757274492248218,0.200612385973255,0.542372673930916
7952,0.0274911662223945,0.0758325474400437,0.201384967828838,0.552776475671307
7953,0.0274790814980365,0.0756870839633725,0.2006632973285,0.551728400918512
7954,0.0274830811642219,0.0757341066767883,0.201288120049162,0.549688262992202
7955,0.0274750594494806,0.0757420225044498,0.201304641100995,0.549415144912959
7956,0.0274844731290225,0.075662197941877,0.201071741816717,0.54510490054292
7957,0.0274847042399755,0.075812883860943,0.201454622927028,0.549525667666695
7958,0.0274823972139391,0.0758016329853582,0.201686263085503,0.542434637131734
7959,0.0274799189862962,0.0757174596032989,0.20235982375229,0.553242720750218
7960,0.0274620982947052,0.0757149689428992,0.201097810126845,0.553742149446646
7961,0.0274826145555517,0.0756042403370969,0.20096214993545,0.547315763779896
7962,0.0274975530810799,0.0758466223276287,0.200951075128443,0.544907882506809
7963,0.0274715225487625,0.0756554521826875,0.202203119005799,0.549625244391982
7964,0.0274941766594491,0.0758004558097722,0.201619897267092,0.550645749079358
7965,0.0274764402479886,0.0756728300608406,0.201127940878424,0.546632193198169
7966,0.0274647123581981,0.0756418666845765,0.200008397925041,0.545213904657523
7967,0.0274771814246257,0.0757607660532294,0.201765777121843,0.550522879160405
7968,0.0274737361367889,0.0756710947716473,0.20103138396719,0.553357101063237
7969,0.0274659300585268,0.0756847381724198,0.201321711038218,0.552666493013772
7970,0.0274741504633581,0.0757496954397748,0.201654754710619,0.549670118476809
7971,0.0274758772208839,0.0756699655419291,0.200289767252301,0.54749701323936
7972,0.0274920893490994,0.0758592932442576,0.201654642956892,0.549187872946028
7973,0.0274768312846653,0.0757702451661468,0.201639081971396,0.545778215252796
7974,0.0274811910417192,0.0756106533125051,0.200313864538782,0.546156745218888
7975,0.0274842141564045,0.0757644122833287,0.201540206669603,0.549606408758802
7976,0.0274731994687001,0.0758065683653879,0.201093551969595,0.547374700081358
7977,0.0274819750520888,0.0757002140910424,0.20176716978553,0.548957615376489
7978,0.0274745308030912,0.0757249022739449,0.201123274600133,0.545160432086565
7979,0.0274800636113435,0.075808759486364,0.201539099144622,0.548464702081412
7980,0.0274951229793509,0.0757646462565928,0.200867351580246,0.546603404455789
7981,0.0274825188532258,0.0758158409272283,0.201142054791101,0.54221322301663
7982,0.0274679928581858,0.0756898528320285,0.201910738321696,0.549954158509516
7983,0.0275034952084017,0.0757920007742339,0.202202162741907,0.543422553345229
7984,0.027485213325145,0.0757384788472206,0.202137997452253,0.554330076575696
7985,0.0274701344958978,0.0756472492304571,0.201961190774988,0.550974652714924
7986,0.0274957150901039,0.0757284474764561,0.201441560947545,0.548345047457114
7987,0.0274547803849885,0.0754765579251526,0.201337627499156,0.549957137976323
7988,0.027490002822254,0.0756916105001791,0.201052991006804,0.543052200999409
7989,0.0274745135950353,0.0756806779056105,0.200381630650085,0.55168000203006
7990,0.0274782573349529,0.0758162912493729,0.201657752955577,0.544293532618344
7991,0.02745256923893,0.0755748720447125,0.200842696219543,0.546829313493696
7992,0.027471758625244,0.0758229794498362,0.201818066969221,0.548761971006582
7993,0.0274849625663221,0.0757774008036362,0.202163272266861,0.550657989034116
7994,0.027489227930592,0.0758141050001689,0.201325108465018,0.548377750577427
7995,0.0274793573507346,0.0757166890766783,0.201794873981629,0.550344162406574
7996,0.0274805870995479,0.0757486152937508,0.20142102547087,0.54472965657155
7997,0.0274793959433845,0.075628444591866,0.201015772339197,0.548582192796677
7998,0.0274599711859588,0.0757254331268433,0.201548016575013,0.549218484927135
7999,0.0274826518005022,0.075744641241625,0.200873090537815,0.55228501231328
8000,0.0274777006539184,0.0757748055384715,0.200955401313086,0.550192134997003
8001,0.0274900407597807,0.0756698676913266,0.201840427992039,0.549983693947877
8002,0.0274681204388908,0.075675245465728,0.200508054303094,0.544052409518032
8003,0.0274793913212139,0.0756463407268092,0.201463529794296,0.546622197952662
8004,0.0274860663726651,0.0757417271896572,0.20133718872767,0.550313011803109
8005,0.0274744698286434,0.0757167815045263,0.201334495515772,0.545225005393175
8006,0.027489787052344,0.075772217034474,0.20141467047771,0.547799593574771
8007,0.0274819246625139,0.0755869123865278,0.201788469495537,0.547678967556554
8008,0.0274854511599529,0.075786895171796,0.201426513873186,0.547002753753392
8009,0.0274826891228543,0.0756637543145864,0.200438746227232,0.548686224449559
8010,0.0274655188925771,0.0758228538014711,0.201616795960933,0.544670242435997
8011,0.0274850155179974,0.0758299755347426,0.201824453518505,0.546310542300748
8012,0.0274832449943055,0.0757185773203055,0.200621874853186,0.545399639445843
8013,0.0274902540137409,0.0757084409603198,0.200812255942249,0.548819804472926
8014,0.0274791429994001,0.0757145317765954,0.201134786926569,0.543816637961747
8015,0.0274644547284946,0.0756535486394466,0.201581646264319,0.547067345242635
8016,0.0274710001988674,0.0757454973319454,0.201622113269846,0.54778964965503
8017,0.0274795969913821,0.0757865405216076,0.201083534008815,0.551259137532563
8018,0.0274954041111809,0.0757924924390901,0.201963163563661,0.553670823488228
8019,0.0274792987359942,0.075723868948121,0.20049491869634,0.553669772914911
8020,0.0274762921336787,0.075539667023209,0.201328927349862,0.551135590590559
8021,0.0274780267143684,0.0757451980595367,0.200792241960527,0.544031838755449
8022,0.0274773584273053,0.0757330168924965,0.201997561590143,0.549574242268375
8023,0.027478540562842,0.07560119779766,0.202283729233022,0.554627134322961
8024,0.0274818323883971,0.0757461833636229,0.200742902427632,0.547641306277408
8025,0.0274817601030281,0.0756920379550839,0.201079801588026,0.540958933347261
8026,0.0274883704609161,0.0757753457274181,0.201011063985989,0.544379170927706
8027,0.0274773853363909,0.0757495993608478,0.202344058039084,0.558958502368692
8028,0.0274822334471406,0.0758022810069588,0.201401331701,0.548232974916695
8029,0.0274758767304553,0.0756871415039185,0.200906778906977,0.552172677972492
8030,0.0274727139333669,0.0756085096343279,0.201153544604092,0.543448509834246
8031,0.0274709031681781,0.0757171040800973,0.201517318198121,0.546305297770408
8032,0.0274876988500807,0.0758340093877069,0.20141792265864,0.550049014202504
8033,0.0274710223409457,0.0757773266947054,0.20089800419106,0.543768263203477
8034,0.0274944260343992,0.0756635225995256,0.20073536095392,0.549345620559804
8035,0.027486046133654,0.0757116113359779,0.200832630942235,0.549774847275528
8036,0.0274758468807515,0.0757081415614116,0.201436236503072,0.548656365951282
8037,0.0274655172110734,0.0758057234985702,0.20148721939769,0.546730084715689
8038,0.0274640086055779,0.075744181375353,0.201818170745351,0.547060711104753
8039,0.0274728610356025,0.0757377869253907,0.201367794120675,0.553608415944267
8040,0.0274730538053304,0.0756566031104517,0.200072720587765,0.546258052084778
8041,0.0274873498163745,0.075926722196593,0.202011422631209,0.551394007575469
8042,0.0274708173303956,0.0757176521660027,0.200929008466397,0.545305282249042
8043,0.0274636326308838,0.0756834110116154,0.200387076577915,0.545001867555952
8044,0.027473576419869,0.0758107788209319,0.20225003432738,0.552164386068604
8045,0.0274734389373585,0.0757438230647249,0.201782865032618,0.548873594143195
8046,0.0274801376097828,0.075698242752184,0.200967816091423,0.553695443740328
8047,0.0274926168085771,0.0757869638859004,0.202104138876999,0.551942418533744
8048,0.0274857690700166,0.0757689332958972,0.201325444900427,0.551798303983591
8049,0.0274897524608348,0.0756456536771969,0.201286640106289,0.538869553237925
8050,0.0274771598837943,0.0757310669698171,0.201924258668323,0.550069476751102
8051,0.0274888249847499,0.0756522595024175,0.201129731239547,0.549668474398672
8052,0.0274750671070727,0.075765834764465,0.201904033278494,0.545385919620738
8053,0.0274867306932165,0.0756900338032477,0.20046749029188,0.549229949186334
8054,0.0274590233606675,0.0756010754417081,0.201023854535381,0.549317445815566
8055,0.0274899761337149,0.0757568482898448,0.202282220309764,0.551916633101025
8056,0.0274852507245861,0.0758265045392763,0.201265877212817,0.550037943693489
8057,0.0274877311604794,0.0757602685853859,0.202165755236613,0.550146500980775
8058,0.0274837061731283,0.0757554508385374,0.201999223254205,0.547507575582775
8059,0.0274691652433859,0.075740874356361,0.201426688627653,0.550806409809623
8060,0.0274605535278673,0.0757554941623302,0.201182280332883,0.552464791418858
8061,0.027458703502324,0.0757828832042498,0.201696088419598,0.547626909700302
8062,0.027494311306306,0.075756649305744,0.201197694887433,0.545929865476401
8063,0.0274717383180087,0.0756979505881898,0.20151032916845,0.550373999878
8064,0.0274759034962346,0.0758243917577124,0.200181470751575,0.542398986191171
8065,0.0274930391636799,0.0757307275488334,0.201931371569199,0.545771810529086
8066,0.0274788963210842,0.0757623399339896,0.201363852289178,0.551498540946637
8067,0.027463483607284,0.0757536258308055,0.20054335957481,0.546008850297094
8068,0.0274941568614242,0.0757625383779924,0.201174186794493,0.548024677834637
8069,0.0274853246596729,0.0757133140614658,0.20076233096923,0.545748628132235
8070,0.0274829921250455,0.0758939668017584,0.201909070446828,0.552632459140955
8071,0.027480210389266,0.0757479218069008,0.201102350818963,0.54732435585876
8072,0.0274779387064339,0.0758181445516305,0.200548474019237,0.549062940249118
8073,0.0274766685165359,0.0756578894504257,0.201016422622138,0.539465958347719
8074,0.0274949839075432,0.0758004800814602,0.201748987882287,0.551530455027802
8075,0.0274699462904125,0.0756964430373728,0.201497655998121,0.555968335728066
8076,0.0274855261771415,0.0757010803708607,0.20114128559556,0.549349202488314
8077,0.0274791102175606,0.075617126747645,0.201188723517859,0.54606412392637
8078,0.0274864113741004,0.0757463625638461,0.202170980188397,0.550045070678758
8079,0.0274802791743202,0.0758251465592085,0.201273861504676,0.54709521846358
8080,0.0274948464886056,0.0757565831305363,0.202238726734183,0.550867019821848
8081,0.0274826511114432,0.0757212627302154,0.201145840500465,0.554277001438641
8082,0.0274870652938578,0.075722342413948,0.201888205806353,0.552536489373045
8083,0.027458995397945,0.0756246322517928,0.201970660988375,0.550978852845105
8084,0.0274906022265468,0.0758354408595235,0.201670206841635,0.546672894404633
8085,0.0274804561504192,0.0757822224238952,0.201508343370629,0.549873631708448
8086,0.0274967723191269,0.0757595412976574,0.2009826855098,0.551010226867962
8087,0.0274691729735833,0.0756305301424063,0.201122771764444,0.546233378563866
8088,0.0274800174633773,0.07563978327268,0.202528674123149,0.55658463868849
8089,0.0274673007817462,0.0756403019028466,0.20091169091353,0.553657673727786
8090,0.0274911374791133,0.075699545160106,0.201919188449631,0.547795769069953
8091,0.0274739073782357,0.0758445548481907,0.20153945079814,0.547074435406169
8092,0.0274779935939103,0.0757038713967302,0.201538680161427,0.548514509685961
8093,0.0274740147859708,0.0757377515131327,0.201667401568978,0.54866665450931
8094,0.0274920843703828,0.0756989280003714,0.201301501188292,0.549037649352839
8095,0.0274682929050466,0.0755622145258007,0.200973948384394,0.547404840595952
8096,0.0274668731580296,0.0757158569840969,0.201542383880995,0.541437367935883
8097,0.0274685677992296,0.0757062119914147,0.201020247711732,0.54884911460324
8098,0.0274744588720626,0.0757216196106505,0.201210263024464,0.54796819206036
8099,0.0274583049652739,0.0757841322194562,0.202079644794548,0.553186522707611
8100,0.0274793201747954,0.0757603110503988,0.201813187520572,0.548891525045596
8101,0.0274746260629535,0.0757886659353464,0.201603552145795,0.545680863842932
8102,0.0274770823932548,0.0758364943946462,0.201736492464096,0.552507366938719
8103,0.0274705452233824,0.0757684616062789,0.2010168607561,0.545931347961052
8104,0.0274850828988458,0.0757822678640933,0.201191299763517,0.547483354418137
8105,0.0274778117419806,0.0757619201424523,0.200917261244851,0.549402624682499
8106,0.0274721002104154,0.075627049645084,0.200975099631855,0.555333944556068
8107,0.0274751085460243,0.0757594815086699,0.200832324430708,0.549238957935195
8108,0.0274741339964107,0.0756738652800862,0.200572852990009,0.550414118673923
8109,0.0274867638348152,0.0756470730046204,0.201255480711825,0.551054867412531
8110,0.0274812139453821,0.0757072570598242,0.202062708637576,0.543868780274448
8111,0.0274703122085202,0.0756162566417293,0.200654306945946,0.548200984038119
8112,0.0274894102060151,0.0757697555698437,0.201335343708465,0.545949953456289
8113,0.027470419026111,0.075784954947937,0.201529813232389,0.548120280523564
8114,0.0274806226582892,0.075741407999404,0.200359852571045,0.54732661745143
8115,0.0274719009883104,0.0755359053170068,0.201038253766433,0.548451190289313
8116,0.0274810497321754,0.0756946034005405,0.201974207850299,0.543779539368704
8117,0.0274806233746252,0.0758301114857104,0.201874722408096,0.553284474908635
8118,0.0274870265511535,0.0758144802772563,0.201482961881694,0.549564465522142
8119,0.0274713990644651,0.0756781513576491,0.201666062959066,0.544762932337015
8120,0.0274704090621676,0.0756591498630378,0.201084618634183,0.548281594485612
8121,0.0274830743179046,0.0756112768049472,0.200923896556197,0.547895009960115
8122,0.0274753361588064,0.0756862055811319,0.201888874538826,0.552837150768583
8123,0.0274669550431523,0.0756714067697515,0.200936344575317,0.547278604875102
8124,0.0274813587565829,0.075733539132999,0.201664358856595,0.550881522132233
8125,0.0274670584556282,0.0756228593447139,0.201275867585535,0.544855723006876
8126,0.0274842299801884,0.0758062367210041,0.20168327829886,0.55035498596312
8127,0.0274787733028072,0.0757627686897732,0.201557661406705,0.549533769553347
8128,0.0274950707728909,0.0758195048976764,0.202153228715265,0.555623748914291
8129,0.0274594161698684,0.075703831150253,0.201327899300977,0.5477997787068
8130,0.0274703195011939,0.0757635103097645,0.200808913166409,0.54974212307384
8131,0.0274867261985337,0.0758208491149138,0.201610609675411,0.542765125854225
8132,0.0274760330628263,0.0757010509958625,0.202366629427749,0.547232830843254
8133,0.0274786215500523,0.07585433604189,0.20125099554855,0.551929293074513
8134,0.0274851708636482,0.0756658408195982,0.201438959590356,0.545139836695757
8135,0.027479888924811,0.0758246229089297,0.201773761339987,0.550103891251335
8136,0.0274734183626499,0.0758034428139593,0.202168057578402,0.553458655134087
8137,0.0274770869193186,0.0756628784875154,0.201715131652644,0.552943733757798
8138,0.0274857287300383,0.0757723541935793,0.201631190149442,0.55024998087738
8139,0.0274793655760656,0.0757651257988476,0.201621937804132,0.550150878262508
8140,0.0274853556262981,0.0757511693799281,0.200822669093055,0.548262916870771
8141,0.0274812845243161,0.0757584426902692,0.201626797881092,0.541555010130424
8142,0.0274753989024592,0.0755864929825617,0.201503753544533,0.548008451425462
8143,0.0274626821228048,0.075739329355715,0.201303661027408,0.540420972905677
8144,0.0274767871032687,0.0758036367090764,0.201713242819126,0.553371047378335
8145,0.0274613807722693,0.0756613062999157,0.201934007259109,0.554204105633445
8146,0.0274845478058889,0.0758102671427083,0.202094849782649,0.552870269874984
8147,0.0274880115657646,0.0757781069780158,0.201417107260942,0.548215475902476
8148,0.0274731818259562,0.0757743988387194,0.202141381488948,0.550003554058018
8149,0.0274696381430271,0.0755126465992869,0.201087314488378,0.552663325616548
8150,0.0274862403832924,0.0757002052547308,0.201459813845872,0.544223303866803
8151,0.0274800026696718,0.0756142011868077,0.201837785406604,0.552123734444157
8152,0.0274822187279708,0.0756739196879241,0.201205596911813,0.547587713918516
8153,0.0274624049705894,0.0756548497658315,0.200695603167754,0.548655074745568
8154,0.0274916907756501,0.0758362180848158,0.201225810198992,0.551051738468194
8155,0.0274876503067238,0.0758064497625243,0.201670985369729,0.546568249978143
8156,0.0274974766552861,0.0758079768208111,0.201359321109461,0.545356567529788
8157,0.0274646501452274,0.0756918410459668,0.20197855051853,0.549921054600814
8158,0.0274860539532923,0.0757785176644948,0.201681550325296,0.554436995228497
8159,0.0274860468451184,0.0757205627466989,0.200815938436013,0.545254097313191
8160,0.0274922132171731,0.0757306356791886,0.200533329202985,0.548186475205478
8161,0.0274777817207796,0.0756964444651774,0.201674786752349,0.551708124037513
8162,0.0274727907876163,0.075797422072112,0.202525862558032,0.55746136209511
8163,0.0274871832348893,0.0757299129935106,0.201634811520427,0.546512171874398
8164,0.0274669778718236,0.0756080171099047,0.200847543355019,0.546711085721551
8165,0.027474747401024,0.0756677698657783,0.201425468771045,0.547658978574615
8166,0.0274755270750346,0.0757243048300203,0.201815208815397,0.556624482941437
8167,0.0274910010295756,0.0755814080398588,0.200807720668658,0.549541561851792
8168,0.0274778542100208,0.0757831383509867,0.201716000732298,0.547236302424
8169,0.0274669784814358,0.0756720992571016,0.200596325794944,0.548781083664877
8170,0.0274853900161719,0.0756907154803407,0.201386562295994,0.550651105150724
8171,0.0274635284245493,0.0757886817299117,0.201094905845833,0.543202119548469
8172,0.0274617948296474,0.0756725822160876,0.20114184560005,0.54885769085923
8173,0.0274697468357883,0.0758395440581227,0.201940517440917,0.548520828063377
8174,0.0274655461931594,0.0757511270874365,0.200977727149619,0.54340351813366
8175,0.0274695569754029,0.0756767747193812,0.200823932240604,0.54713508581076
8176,0.0274902320772751,0.0758342437911134,0.202682468701809,0.552719827504744
8177,0.0274861404142192,0.0756738815961816,0.201811801564725,0.549189993942015
8178,0.0274955360853114,0.0757809094929562,0.201369249158965,0.548062013156583
8179,0.0274807101476735,0.0757124433220639,0.201280709710339,0.551624928105684
8180,0.0274827278912201,0.0756469833173089,0.201034457348019,0.550341987244445
8181,0.0274703484745801,0.0757600766611572,0.200498873363037,0.54749779675578
8182,0.0274831090160701,0.075674344676921,0.200468933005993,0.544009281521214
8183,0.0274843364183566,0.0757331522171416,0.201016685677493,0.547436747481227
8184,0.027469678796322,0.0755738545023423,0.201787694535202,0.55354897547582
8185,0.0274639762172555,0.0757414310434629,0.202557283102494,0.553068591628768
8186,0.0274739494902747,0.0757291012670959,0.201974040235089,0.546167931772977
8187,0.0274763907979505,0.0757963420751296,0.201567737506031,0.544641977592289
8188,0.0274755202578751,0.0758783970804534,0.201592270496066,0.546982870555439
8189,0.0274826172458711,0.075723819741967,0.201088643390212,0.548031892111453
8190,0.0274838427466511,0.0758443850863372,0.20181098467909,0.547373898225838
8191,0.027487336831159,0.0757760508327076,0.202491254619026,0.549041530051129
8192,0.027470158662089,0.075918441394763,0.201710367013397,0.545527211397767
8193,0.0274742148093932,0.0756919110398296,0.201674807652119,0.550352247670298
8194,0.0274857283056399,0.0756915524001422,0.201739184444541,0.549498424066758
8195,0.0274765318224211,0.0757654103295576,0.200824958845116,0.543942734307125
8196,0.0274623920399354,0.0757313569217985,0.201670270783565,0.546231567201877
8197,0.0274899959472402,0.0756988077951048,0.201208774407505,0.548749304473323
8198,0.0274744957754999,0.0756924189964145,0.200999239911519,0.546463453395384
8199,0.0274739189838476,0.0757111565071636,0.201129310021056,0.554457631157746
8200,0.0274878455707099,0.0757368246444421,0.201501385525719,0.553847947159753
8201,0.0274635937641745,0.0756390383089382,0.201725784746473,0.550912968095446
8202,0.0274800962714322,0.0757385803862189,0.201366144032328,0.550326166170712
8203,0.027480607270924,0.0758237511502123,0.201144736039339,0.552278923688094
8204,0.027487330877841,0.0757550852898658,0.201904254882356,0.551614769727232
8205,0.0274697124581297,0.075706686892555,0.20116831383412,0.549379515005379
8206,0.027473586015346,0.0756462811181071,0.200947752673406,0.544456587339163
8207,0.0274705664687291,0.0756350714657767,0.200959736158983,0.549260829295315
8208,0.0274848412113823,0.0758026763520492,0.202266916926769,0.550868538112943
8209,0.0274629664532561,0.0757019430699215,0.201948339769587,0.551091644529797
8210,0.0274779875642893,0.0756862469809677,0.201859968998017,0.552188221359862
8211,0.0274519019924492,0.0756754868428519,0.20138679395185,0.551613171799405
8212,0.0274720846411066,0.0757008819698137,0.201483381127571,0.546188808375918
8213,0.0274646641163093,0.0757591809086623,0.201399136942223,0.547020120128298
8214,0.0274704658088247,0.0756830137780577,0.201158669494855,0.544567557951869
8215,0.0274772270320379,0.0757155579403814,0.201663665913363,0.55016200931075
8216,0.0274685289197601,0.0757464111077037,0.201332917757977,0.554366011136131
8217,0.0274774784696345,0.0756331872919205,0.201147807367582,0.550038326443467
8218,0.0274665147852586,0.0757281285143867,0.201450631896239,0.549548292456962
8219,0.0274903271343513,0.0757528762852626,0.202257607146413,0.551638323845008
8220,0.0274756174455269,0.0756830142562023,0.201251224096978,0.55246577219068
8221,0.0274719752595606,0.0757486267896423,0.201470436692811,0.54707867164365
8222,0.0274646151995424,0.0756569745403968,0.200731722968384,0.546389196873252
8223,0.0274769482162673,0.0756292174592966,0.200553933966103,0.549218811215369
8224,0.0274717840861193,0.0757048092849,0.20125589969755,0.550156358679147
8225,0.0274761124957546,0.0757464958841197,0.201853729552429,0.546386591742004
8226,0.0274840245619664,0.0758297345339245,0.201680858570789,0.548416433442947
8227,0.0274749491267442,0.0756678193275993,0.200789186231792,0.544443686661828
8228,0.027488845663703,0.0757373088689277,0.201570153519458,0.544643192437046
8229,0.0274719841172366,0.0757298023472282,0.201205297898386,0.551133092536077
8230,0.0274793234474955,0.0757927651113028,0.200990064784948,0.541564495327496
8231,0.0274805768275839,0.0758000309694209,0.201011573758756,0.551302092344723
8232,0.0274830423247479,0.0757158770100742,0.201641090964835,0.543767805682871
8233,0.0274848105349779,0.0758499371823382,0.202213424185974,0.550222252862322
8234,0.0274819940728316,0.075777558816667,0.20161672240031,0.557558667725307
8235,0.0274785780590629,0.075733911750832,0.201782031742847,0.548898070479868
8236,0.0274604307212706,0.0757122599482235,0.201195970930558,0.5496978481011
8237,0.0274773329381012,0.0758047859143159,0.202185602833848,0.544890428026306
8238,0.0274843686567076,0.0757138857022367,0.20111404511764,0.545444284461312
8239,0.027483871247803,0.075782195862012,0.201032886924301,0.552191494908706
8240,0.0274836973692575,0.0757899657116281,0.201372191078024,0.549985281363582
8241,0.0274571801402818,0.0754925940074,0.200899468181359,0.546481420936439
8242,0.0274696413756283,0.0757488429262915,0.200445134322777,0.54651031627685
8243,0.02747464302255,0.0756712379202407,0.201076259883723,0.546523853755742
8244,0.0274818000666334,0.0757717286246563,0.201688003431472,0.55175095741779
8245,0.0274634875438798,0.0757658802034433,0.201198829019607,0.546150596133525
8246,0.0274919386287631,0.0757157127274401,0.202089927271724,0.553442359671458
8247,0.0275032746647434,0.0757154756667663,0.201891600963691,0.554255534226398
8248,0.0274806983720833,0.0756817564966259,0.200886759073406,0.547642079658798
8249,0.02747377698438,0.0757511310358605,0.20186232589953,0.552535955584419
8250,0.0274783009167927,0.0756598641351926,0.200427625190542,0.54333124570195
8251,0.0274899153379023,0.0757746570172293,0.201485217207976,0.555934696237796
8252,0.0274552044993975,0.0756584184382832,0.200840758256935,0.55137321345751
8253,0.027459796317674,0.0756960096699543,0.201440939630583,0.553295288569474
8254,0.0274828705894672,0.0759008897460577,0.201575398104991,0.548290163744236
8255,0.0274684664672736,0.0756573048239335,0.200961355491025,0.545104302447586
8256,0.0274646961478876,0.0757445819102861,0.201411275223745,0.545643915656407
8257,0.0274782185845459,0.0757582740219866,0.201145773061106,0.542950387572546
8258,0.0274707655063588,0.0757734013903756,0.201659607064105,0.545790801331968
8259,0.0274947987921375,0.075756653017366,0.201554095605942,0.548588275522228
8260,0.0274981931785993,0.0757345738571319,0.200983820679488,0.55040306813717
8261,0.0274821013886685,0.0757834010791381,0.201674296721603,0.550871590970692
8262,0.0274711913741726,0.0755355803138227,0.200246357830249,0.548600725922606
8263,0.0274830970485304,0.0756827890471146,0.20033657943119,0.548524096148683
8264,0.0274659176028549,0.0757828899389457,0.20143073852653,0.551138931790911
8265,0.0274953074502736,0.0758095104485619,0.202077337526981,0.553191439757847
8266,0.0274819064642016,0.0756013506298097,0.200254155224772,0.546804253960957
8267,0.0274781341521241,0.0756520410999492,0.20134162579333,0.551292393804303
8268,0.0274783374242297,0.0757373268729801,0.202258350240247,0.551331640661015
8269,0.0274634939211826,0.0755208351169827,0.20096750928406,0.54613154448123
8270,0.0274630941539333,0.0756494053436806,0.200651723793266,0.547304150952303
8271,0.0274792145000297,0.0756192844871665,0.201288000778143,0.552427726916475
8272,0.0274825143017898,0.0758446020334623,0.202036549546694,0.548422403965593
8273,0.0274821638359191,0.0757745611514562,0.202201055527388,0.5608640981948
8274,0.0274619490757686,0.0756403822915949,0.201590111243578,0.550506527972309
8275,0.0274766884459387,0.0757974895919806,0.201343070756912,0.549909159873372
8276,0.0274879619409506,0.0755879931320705,0.201359139875175,0.550080049884115
8277,0.0274720241569886,0.0758730346368205,0.201140213027759,0.549897498541379
8278,0.0274736237072388,0.075593720260185,0.201316400965943,0.551355855822022
8279,0.0274752028909431,0.0757910514044981,0.201359624078009,0.545731975865332
8280,0.0274644834944933,0.0756384992801104,0.200971907263519,0.551080865970095
8281,0.0274852610895942,0.0757230789797214,0.200957264745983,0.545218862900548
8282,0.0274739613391047,0.0757018925362688,0.201038113515992,0.546181192681692
8283,0.0274815035407447,0.075729670526972,0.202337965713255,0.548683788546327
8284,0.0274669915601006,0.0756963505614645,0.201665214447878,0.5407566524457
8285,0.0274895313295789,0.0757203842604223,0.201817532854044,0.553514020801221
8286,0.0274761537538245,0.075833811854586,0.20172530628148,0.545761993598081
8287,0.0274781896522465,0.0756545931593208,0.20113568246363,0.554449440379908
8288,0.0274523129497721,0.0756919418964363,0.201616954993394,0.545167993261515
8289,0.0274693246254424,0.0756706440671855,0.201471084888755,0.548962973497214
8290,0.0274636374005475,0.0757775434516008,0.20167145510298,0.55261225843793
8291,0.027475597234021,0.0756142908531342,0.201135500437894,0.548398653962705
8292,0.0274741218001304,0.0757174576951884,0.201135823212675,0.549978919436828
8293,0.0274847540374625,0.0756524424196611,0.200679471011637,0.548008214139792
8294,0.0274706175611965,0.0756227173280209,0.201146180669266,0.546403129583975
8295,0.027489438007986,0.0758199318018377,0.202205972599426,0.545278959499421
8296,0.0274963997520994,0.0758966397204928,0.201611250946853,0.552123577474435
8297,0.0274685757318248,0.0757789528470035,0.200914715202031,0.550628703466083
8298,0.0274769815805405,0.0756790636551548,0.20147485320532,0.549503404863766
8299,0.0274868326169422,0.0756326326507029,0.201984818875049,0.551447961931345
8300,0.0274769662487885,0.0757520965459477,0.202180403126143,0.546049356167721
8301,0.0274785101888383,0.0757009356134944,0.201673856744761,0.550081768736784
8302,0.0274823578215468,0.0756507213004355,0.200809667863311,0.546309490589193
8303,0.0274695903818637,0.0757733338588494,0.200499261452322,0.542992360598417
8304,0.0274716083257955,0.0757499462749997,0.201177480818779,0.551945159647761
8305,0.027487119404896,0.0756757040246559,0.201741233651149,0.554012433950306
8306,0.0274931607198441,0.075729395819621,0.201582119182962,0.551295679866862
8307,0.0274799270705166,0.0757819147244316,0.200973254734128,0.54851548088072
8308,0.0274838340668479,0.0757129593593408,0.203097940831072,0.55251230194315
8309,0.0274735648520282,0.075927734433919,0.20120679813086,0.552159093487625
8310,0.0274892575794683,0.0757640897332692,0.201356157097862,0.545843280491863
8311,0.0274782762776555,0.0755867530945097,0.201353107354501,0.552133116892971
8312,0.0274992933136556,0.0757604912817574,0.202130671009795,0.552452038423921
8313,0.0274847448258618,0.0756837300467099,0.202164247298572,0.550509605005834
8314,0.0274588011015591,0.0757967302210246,0.201894132711858,0.554723567552021
8315,0.0274760186858705,0.0756933377782297,0.200279866285064,0.547946466875221
8316,0.0274911620034192,0.0758282756029944,0.201218244313644,0.549249463665419
8317,0.0274695245162104,0.0758610473337975,0.202010563728372,0.552136296964451
8318,0.0274596514185341,0.0756906338205706,0.201259517332501,0.540803202318399
8319,0.0274689703095193,0.0757604923523376,0.20226523010326,0.547107614997528
8320,0.0274842497818608,0.0758015186298611,0.202156274591654,0.549205686606113
8321,0.027474108821599,0.0757825061968831,0.201330686899742,0.544843513157127
8322,0.0274723975233592,0.075804303127036,0.202382468790841,0.549442111125721
8323,0.0274967717332986,0.0759310120369713,0.201753634537762,0.545466269274567
8324,0.0274770262993651,0.0756112769527493,0.200984720398002,0.547730062178377
8325,0.0274748897274724,0.0758220345223367,0.201414156824283,0.546472463198437
8326,0.0274606555155302,0.0757063040463563,0.201560507213614,0.549184443694698
8327,0.0274757678428577,0.0757856437532921,0.201043818943541,0.548498172272493
8328,0.0274749017730524,0.0757173258318094,0.200638660220038,0.548095662731148
8329,0.0274719846681209,0.0757838323257455,0.20196501309858,0.550655488570296
8330,0.0274798554703501,0.0755934903709512,0.201716128321032,0.547737538079408
8331,0.0274807357151627,0.0757305890541448,0.201191918581061,0.549013193768543
8332,0.0274708432488275,0.0757285761529813,0.2014273100528,0.545813648730692
8333,0.0274803197855905,0.075646512924437,0.201364013563124,0.549059827726804
8334,0.0274693318398785,0.0756413998187181,0.200815547334013,0.54405073187835
8335,0.0274815337682146,0.0758292760818159,0.201838015528056,0.543973294870242
8336,0.0274824538781065,0.0755900397010254,0.201120123321021,0.552461892044293
8337,0.0274738001763547,0.0756859914295595,0.201439239867441,0.551683550755248
8338,0.0274854122460287,0.0757801574224468,0.201383301870431,0.555335349796567
8339,0.0274752733047454,0.0757667123006812,0.201101776793674,0.549359488495951
8340,0.0274715219529966,0.0756578442663581,0.201622669914171,0.552516267868573
8341,0.0274686584068488,0.0756863272377737,0.200383102584355,0.549762529973574
8342,0.0274695351862049,0.0757255748670835,0.201929403307595,0.554960176264618
8343,0.0274859003256132,0.0758648471914285,0.201807947322191,0.550103726312407
8344,0.027475904051846,0.0757613306699227,0.201036916692581,0.549024865879957
8345,0.0274694285512344,0.0756605360307844,0.201370697295203,0.542945798397401
8346,0.0274805060221317,0.0756745451611406,0.20100127677925,0.545027762637818
8347,0.0274752167419807,0.0758307913267504,0.201395964334034,0.548143384682779
8348,0.0274739705352136,0.0758228244386838,0.201391338450736,0.552195082440547
8349,0.0274579420412459,0.0756573913142153,0.201274575667659,0.553260437060692
8350,0.0274822689913603,0.0757705892451637,0.201586590016721,0.547361047831391
8351,0.0274704455466045,0.0757450734499115,0.200830625511086,0.543390569555466
8352,0.027474227852027,0.0756766149386256,0.201216688863554,0.550703698138295
8353,0.0274923152616583,0.0758088873196383,0.201086856824489,0.549914145338787
8354,0.0274631551290285,0.0756902484187528,0.202082643449102,0.551367164378653
8355,0.0274863944886454,0.0757415945292276,0.200753206746222,0.547402123014505
8356,0.027475172130972,0.0756185646514751,0.200951847327187,0.546435935312864
8357,0.0274741697771987,0.0758307962162687,0.201031608096282,0.544081260191291
8358,0.0274882937454135,0.0756539575630605,0.200890391685037,0.547550788175225
8359,0.0274741642755467,0.0758355373990309,0.202409920584271,0.550581857563712
8360,0.0274917854693395,0.075642947844641,0.200785525690662,0.549264455497884
8361,0.0274785484149676,0.0756742392196989,0.201278423391661,0.544640809863012
8362,0.0274687710910194,0.0757675900309336,0.201073631813305,0.552279957962064
8363,0.0274758461968536,0.0757725380341024,0.201178806812161,0.549840618652069
8364,0.0274787491763198,0.0755608090697867,0.200246856782563,0.548405255652042
8365,0.0274844681733846,0.0757082279179829,0.201947582456835,0.555081665005846
8366,0.0274801362578782,0.0757024512091732,0.2012690471631,0.549102176715017
8367,0.0274541900728119,0.0756347135387769,0.20104346634275,0.54812349539109
8368,0.0274739051244126,0.0756315927902124,0.201027054798367,0.550686963987213
8369,0.0274721090574934,0.0757538414329565,0.200599843001366,0.541078823878025
8370,0.0275001367527299,0.0758650539884023,0.201144400646038,0.552177014846087
8371,0.0274810814624664,0.0756546815855853,0.199756018412115,0.540019970368928
8372,0.0274663408409056,0.0757015194088363,0.201177947674591,0.548036591341578
8373,0.0274859784934285,0.0757184474726762,0.201339591461623,0.552664048008497
8374,0.0274724340528391,0.0757118994701319,0.201770402637618,0.554443704400791
8375,0.0274830079991823,0.0758604375147198,0.201223298127826,0.548423957388772
8376,0.0274787134710502,0.0756030559161019,0.199560095458361,0.544453956635748
8377,0.0274782408392945,0.0755792323441291,0.201121295948472,0.544675043903975
8378,0.0274851772173146,0.0758180981171511,0.201050984452591,0.545726690213964
8379,0.0274773960184986,0.0758030313543919,0.20098968267561,0.548994517228285
8380,0.0274846353318386,0.0758539092218377,0.201488318292602,0.547483340957155
8381,0.0274818430911104,0.0758676264241866,0.201617025097692,0.55309462271046
8382,0.0274813163389062,0.0757352892323657,0.201791841635725,0.548791066422079
8383,0.027483990216494,0.0757248977099637,0.201107805045885,0.547466610805327
8384,0.0274886793183582,0.0757820331881217,0.200942015505245,0.549285819301033
8385,0.0274816622806548,0.0757242038479863,0.201153478980123,0.544473053098319
8386,0.0274935626979444,0.0758352876056996,0.202869329838366,0.546735176026851
8387,0.0274684423070176,0.0756609511918321,0.200916521919985,0.546946990541982
8388,0.0274707946845616,0.0757896664059144,0.202708976350047,0.546512796623499
8389,0.0274569556760574,0.075657372763523,0.201101387021903,0.550678032192424
8390,0.0274702828293858,0.0756987271973988,0.201411119233232,0.551183018548862
8391,0.0274617778176326,0.0756891621164294,0.20152088458978,0.546971400506749
8392,0.0274862163525723,0.0757122252922493,0.201841008222392,0.547816720001112
8393,0.0274681577366386,0.075772095858046,0.200675530536065,0.54143316843778
8394,0.0274812350094879,0.0756437413895748,0.201558466570305,0.548405264348821
8395,0.0274947050675263,0.0758870564487522,0.201879072995036,0.546677408939453
8396,0.0274568413479366,0.0756945503445858,0.200969393789904,0.554726477008949
8397,0.02748465349804,0.0756203596217696,0.200949423292531,0.550529932268987
8398,0.0274901012998058,0.075821934450054,0.201486521638707,0.542034825866992
8399,0.027486450136504,0.0758507053822394,0.202296693197096,0.5522855584415
8400,0.027490054217508,0.0758089054772645,0.201687084921417,0.547354995610616
8401,0.0274816120746612,0.075633915172857,0.20141552931991,0.550723443848349
8402,0.0274823208216313,0.0756124392548419,0.201777224953136,0.548245040804133
8403,0.0274819844128338,0.0758029018042722,0.201563586583748,0.544369682077944
8404,0.0274900987100335,0.0758847205290377,0.200783182701739,0.544908180775421
8405,0.0274825974071912,0.075815956323086,0.202103182503374,0.549287201581431
8406,0.0274645346120336,0.0757912554295428,0.202335178706108,0.548816070899721
8407,0.0274647506927085,0.0756927016571935,0.201094198611553,0.542957367092351
8408,0.027463437726629,0.075617823812255,0.201566915453515,0.550278776323446
8409,0.0274706991590053,0.0757890424238063,0.200696024760272,0.550377653600568
8410,0.0274881982472319,0.0757858514789377,0.201521563369839,0.541976670334891
8411,0.0274670102072785,0.0757249927018476,0.201318950920563,0.550130750482155
8412,0.0274855178831343,0.075788324218391,0.201532162605816,0.552225918213865
8413,0.0274606433010857,0.0757702779014231,0.201897795496586,0.54838282046427
8414,0.0274673138984881,0.0757234336443835,0.201133950201969,0.546200664972027
8415,0.0274983032860881,0.0758127221535475,0.201836487884243,0.546563838772373
8416,0.0274701144331802,0.0757595279976232,0.200532099801548,0.550082385180107
8417,0.0274775045155011,0.0757816149416055,0.200933443258672,0.547029070905028
8418,0.0274666323559638,0.0755626426576186,0.201248201140234,0.551818302481525
8419,0.0274762780074801,0.0757451731598618,0.20171495192437,0.551202628897493
8420,0.0274734816111048,0.0758160875921196,0.201334412926697,0.549914824534272
8421,0.0274758122785837,0.0757518508641346,0.200838548024625,0.546950318172931
8422,0.0274923458762104,0.0757572163345855,0.201115753537554,0.55108738537825
8423,0.0274727154267483,0.0756405785922401,0.201054512374065,0.54327734870797
8424,0.0274683221183172,0.0755771235336944,0.200790259966715,0.547854188783482
8425,0.0274729311559044,0.0757920155980272,0.201258616047977,0.54998878043346
8426,0.0274710544946549,0.0757303033289648,0.201021736953573,0.54877150892357
8427,0.0274847098309999,0.0757195327836023,0.200214419194151,0.546843568319966
8428,0.0274704979887948,0.0757433168278155,0.201387675334456,0.548524203573837
8429,0.0274551149157381,0.0756205843508727,0.201132177176472,0.550063277247086
8430,0.0274688985057928,0.0757045325297391,0.202496499636908,0.551361815848082
8431,0.0274915314186846,0.0758337663495731,0.201731707549741,0.549553405197312
8432,0.0274779306132854,0.0757449704726638,0.201366908687092,0.551069401103484
8433,0.0274740035874274,0.0756709883918757,0.202304996544946,0.553522799863547
8434,0.0274699372172154,0.0757578013581886,0.201143453942641,0.55058343967835
8435,0.0274868654879261,0.0756804624504778,0.20180545332117,0.550961615043647
8436,0.0274688477647458,0.0758309969113529,0.201986229670032,0.544928404958788
8437,0.0274802945720601,0.0756613804737492,0.201928137653684,0.552132585304514
8438,0.0274736355711824,0.0758603138008367,0.202085938493238,0.550132587810063
8439,0.0274852147660854,0.0756408578108382,0.200466228197692,0.543934441057782
8440,0.0274587699385391,0.0755546920864574,0.201141959482803,0.544809980200962
8441,0.0274707993131739,0.075701257416573,0.201285309497866,0.544804513931952
8442,0.0274836634161237,0.0757057232241957,0.201695600293674,0.551233996370165
8443,0.0274712946332915,0.0757345806773559,0.200901251964108,0.543825340146306
8444,0.0274748070648806,0.0756443997640388,0.200620538942427,0.545950517810432
8445,0.0274858840832613,0.0758392349297023,0.201875474320963,0.549482219640047
8446,0.0274804548759437,0.0756693327264977,0.200253917780402,0.550461635987599
8447,0.0274726307508428,0.0758243839771283,0.201747630902548,0.546297064070345
8448,0.0274809791885513,0.0757012830728085,0.202547565154665,0.554235749587779
8449,0.027481899556751,0.0757922383455592,0.201669867351788,0.547380417442719
8450,0.0274741648014325,0.0757969783128501,0.202054718235278,0.546673293000372
8451,0.0274635435544265,0.0756769596475539,0.201161376046228,0.548272679847282
8452,0.0274832542355367,0.0756838242550853,0.201911369965227,0.543194949519378
8453,0.0274535958775301,0.0757037561772927,0.20113615424692,0.547311635942322
8454,0.0274613864849636,0.0755849639427478,0.20101783668781,0.548810639481626
8455,0.0274748489680279,0.0756681086804167,0.201727340475417,0.5504698509464
8456,0.0274731864724267,0.0757541066756974,0.201561017971118,0.55133996316663
8457,0.0274856523925566,0.075809824519714,0.201300129499252,0.543614896047957
8458,0.0274877029223789,0.0759211714675242,0.201742604429522,0.55007168683228
8459,0.0274833684780536,0.075702964306514,0.201656424594771,0.545534901200813
8460,0.0274692954013379,0.0757349519142624,0.201500308451491,0.54258321011804
8461,0.0274829096803305,0.0758126742118161,0.201412036763872,0.549266310123765
8462,0.0274556762820423,0.0756409826827434,0.201373004741705,0.543008494961746
8463,0.0274750909948566,0.0756504212945765,0.201513043461379,0.551287535958335
8464,0.0274760311883274,0.0757465383231108,0.202285569726682,0.548244981205288
8465,0.0274793247670686,0.0757423294047131,0.201008786629446,0.553275963104431
8466,0.0274663684613652,0.0756180198573247,0.202007582747414,0.544894787140788
8467,0.0274816471307326,0.0756608964919709,0.201713940006788,0.549959939707203
8468,0.0274636769821593,0.0756904473888779,0.199898736867863,0.548718251446148
8469,0.0274776946461448,0.075857162321478,0.202538833640159,0.549751866054999
8470,0.0274794087560941,0.0757843288969667,0.201746369111066,0.550326264215117
8471,0.0274610728569101,0.075803512094325,0.201863072085524,0.545214482953314
8472,0.0274830333939183,0.0757383338288185,0.200571304584282,0.545791767999767
8473,0.0274844781004946,0.0758839851335734,0.201705091756391,0.552927427570767
8474,0.0274739139782999,0.0756152350644322,0.201210523896019,0.553745186998691
8475,0.0274774505305315,0.0757535824457015,0.201430653621559,0.549458566149678
8476,0.0274684543061123,0.075692433373574,0.201704905995804,0.542603929665476
8477,0.0274926599619809,0.0758667132363348,0.201643490305256,0.551982072748832
8478,0.0274645499906946,0.075796266510361,0.201436521803026,0.542728698175015
8479,0.0274830905772743,0.0757438360090137,0.201868036276993,0.549782004046983
8480,0.0274872060873325,0.0757193309274621,0.201608575317872,0.556917997828057
8481,0.0274824748372723,0.0757768165659187,0.201460587534375,0.552952615853724
8482,0.0274515554429737,0.0756037545535616,0.200962723812059,0.54070979936127
8483,0.0274691963872934,0.07569101498332,0.201648139861034,0.547725789424863
8484,0.0274801564531928,0.07575284900358,0.201263753826337,0.549762552016532
8485,0.0274833497708282,0.0757723247325367,0.201883958956561,0.54486207969773
8486,0.0275022550840402,0.0758272228259822,0.201414963544659,0.553505366695221
8487,0.0274838820630647,0.0756806203433468,0.201137952939526,0.547527923213617
8488,0.0274735216225952,0.0756742393044987,0.201191519311679,0.550548164806598
8489,0.0274668789619607,0.0756791978073001,0.201256127852069,0.54911062536297
8490,0.027468802116546,0.0758071020000524,0.201764050823582,0.542779897165424
8491,0.0274760485072162,0.0757980034056042,0.201777068044492,0.548139638523633
8492,0.0274609415324082,0.0756195226384729,0.201030732089523,0.544479923560193
8493,0.0274656100552058,0.0757091538138601,0.201014507873305,0.54697880506538
8494,0.0274934981872969,0.0758494224496232,0.201795823246637,0.550632170100896
8495,0.0274822317858517,0.0757027909083176,0.20113561199998,0.55542582035247
8496,0.0274775744440356,0.0758446480648378,0.20133032939188,0.546308075435957
8497,0.027494425126636,0.0757840900352021,0.201029032454682,0.548022645744361
8498,0.0274621465839713,0.0756456068708225,0.201333702494295,0.5458496572549
8499,0.0274742293976028,0.0756066156349166,0.201501691088761,0.554265225627803
8500,0.0274687935277308,0.0757589345877206,0.201414997796907,0.549523795056487
8501,0.0274786877522477,0.0758517975613464,0.202352398579089,0.547909349601992
8502,0.0274618974024902,0.0755621569587416,0.200854591682877,0.551224259204854
8503,0.0274926981721287,0.0758194403377968,0.201257295595381,0.546748631385294
8504,0.0274671181857242,0.0757369270128751,0.202187772536455,0.548445018474295
8505,0.0274815217827732,0.0756549497262546,0.201505448772394,0.554928851067552
8506,0.0274667579981898,0.0756128654099477,0.201627758121988,0.55657122414489
8507,0.0274665875613057,0.0757227840446975,0.200892784460508,0.545181225661199
8508,0.0274778685744769,0.0757324063115375,0.201173200612101,0.55083071417139
8509,0.027486298923101,0.0758152071400417,0.201429422687284,0.551546532491836
8510,0.0274882636094696,0.0755573514275075,0.200611327626117,0.54578721199317
8511,0.0274651677714923,0.0758415223483124,0.201471207764653,0.551228461834024
8512,0.0274783797401363,0.0756774391280996,0.201456734628319,0.556670585550087
8513,0.027463399644274,0.0757367971696962,0.201936661250419,0.54858001295892
8514,0.0274898113989292,0.0757647544503199,0.201488236098639,0.550360172867407
8515,0.0274767610654366,0.0757737792444614,0.201048455239847,0.547798830506479
8516,0.02746539945312,0.075636043201598,0.201006261692653,0.547937737607144
8517,0.027472508463314,0.0755896939289508,0.201652907324483,0.546680962969207
8518,0.0274634018483321,0.0756754040899382,0.201702059390051,0.552098518522934
8519,0.0274843411766551,0.0758262384500769,0.20195658609015,0.547565718848428
8520,0.0274862108830364,0.0758277968493506,0.20080894951776,0.550066383687803
8521,0.0274742203002669,0.075712811195305,0.202104644887941,0.551084352255842
8522,0.0274784027633166,0.0757200089972836,0.200899692269689,0.550082792201295
8523,0.0274876855041512,0.0757606924666353,0.201824103963099,0.549373067263702
8524,0.027487353864938,0.0757539624781537,0.201295494758609,0.547584006223848
8525,0.0274906313224148,0.0757728027964221,0.200718967618684,0.547123582084518
8526,0.0274706322397647,0.0757575663865377,0.200992858258167,0.55451195560092
8527,0.0274624046982614,0.075752835952897,0.201299053483031,0.552915566127924
8528,0.0274770654122299,0.0756997746081397,0.200884085948436,0.552875019407979
8529,0.0274648804510147,0.0757718150694603,0.201166400168975,0.541231852801125
8530,0.0274725205486504,0.0756929676565075,0.200685654415342,0.551609899498422
8531,0.0274611410217604,0.0757082535888672,0.20204943013601,0.549890278164702
8532,0.0274708431483668,0.0756575493236782,0.201162933202341,0.548597807176789
8533,0.027483092414747,0.0757220579681312,0.20163233007533,0.551102703149332
8534,0.0274716047510631,0.0758328248271401,0.20131386186737,0.545514042681332
8535,0.0274787688391817,0.0757150327626152,0.200882112348138,0.54395531066503
8536,0.0274887922557519,0.0757217817806989,0.202230832835939,0.550457662484802
8537,0.0274772755732758,0.0757245128734621,0.201537044227145,0.549312117583709
8538,0.0274905080643188,0.0758028649286301,0.201983431114462,0.549595320633941
8539,0.0274747451957726,0.0757669335086631,0.201382776899813,0.547416038295308
8540,0.0274944786970906,0.0758712219373394,0.202397813830693,0.555379528212295
8541,0.0274834029407784,0.075761037311283,0.201297793795507,0.546861535541942
8542,0.0274718415752363,0.0756788667182727,0.201719370897854,0.552451100036757
8543,0.0274797210206291,0.0755621017094614,0.201240427696428,0.547003199089863
8544,0.0274895382479995,0.0757954358833869,0.201891561287272,0.552887593232341
8545,0.027471487401313,0.07569375180217,0.201306210593685,0.549133717632271
8546,0.0274640953688099,0.0756878036094705,0.201422356384968,0.552954760268354
8547,0.0274992816008812,0.0758221903914898,0.20159006207982,0.547085397946518
8548,0.0274703931695722,0.0757601373699391,0.201370624702434,0.54829924187335
8549,0.0274728941266693,0.07570873734185,0.2006941381034,0.546005117428801
8550,0.0274918591907763,0.075827295741649,0.201206609018337,0.545897279251854
8551,0.0274787377551435,0.0756262607563413,0.201284255980419,0.54386418713211
8552,0.0274885345425042,0.0758561599362273,0.202236074351152,0.545210636440261
8553,0.0274545261879463,0.0756683757217122,0.201537932262251,0.543654974249619
8554,0.0274847125119726,0.0757274369384906,0.201704234001656,0.54514814830136
8555,0.027487937781248,0.0758080865447239,0.20216093704338,0.551731541934454
8556,0.0274701735138105,0.0756343570731537,0.200677989826956,0.549885832294361
8557,0.0274909934956882,0.0757939268089352,0.201156685826259,0.558494249369363
8558,0.0274772304698677,0.0758182212128816,0.201744187972526,0.54608447039813
8559,0.0274875523465187,0.0756138591530841,0.201603482547822,0.547946516623923
8560,0.0274758791089579,0.0756530016809107,0.201596607585447,0.549318488418105
8561,0.0274922603412333,0.0757354109614696,0.200684460151635,0.550817386841944
8562,0.0274735449323989,0.0756902744293514,0.200934570393102,0.549265988879947
8563,0.027473884904555,0.0757680303559922,0.201664605976007,0.551162377400851
8564,0.0274787960935209,0.07577503884299,0.201724169247979,0.554284415909486
8565,0.0274741750815185,0.0757317119402077,0.201246565948867,0.546696681168751
8566,0.0274726066679647,0.0756183362761497,0.20081040791992,0.543423431484916
8567,0.0274793884632755,0.075666708236226,0.200897074696199,0.553242440562497
8568,0.0274802021090229,0.0756166339970954,0.201352361613028,0.552573249213699
8569,0.0274835974598736,0.0757902082871974,0.201249051616022,0.551275373737256
8570,0.0274695802756335,0.0757470375107868,0.202385354252009,0.547993715745047
8571,0.0274564884125629,0.0757692405017786,0.201043034564915,0.551307792729983
8572,0.027483627889894,0.0757513518397549,0.202179394898968,0.552608332976251
8573,0.0274821548889772,0.0757334074238282,0.200240266758844,0.543482414485997
8574,0.0274922994996014,0.0757800662180424,0.201662723135565,0.550419952743765
8575,0.0274938081049256,0.0758396369305512,0.201890275449536,0.551876849564449
8576,0.0274808170229405,0.0756514782461978,0.201020213442722,0.548367955049746
8577,0.0274802090517243,0.0757011135901166,0.200554350107834,0.549657510226156
8578,0.0274795236609152,0.0755948809050086,0.200792894273202,0.549785113870525
8579,0.0274627480780011,0.0757229551749289,0.2013906942526,0.548372321357539
8580,0.0274800579833141,0.0757513331699414,0.202269183085254,0.552909985719163
8581,0.0274682871155902,0.0756414533040072,0.201565562072018,0.549995368783722
8582,0.0274898505355004,0.0756725520022447,0.201367111117111,0.546722922153327
8583,0.0274741145587151,0.0758079266106057,0.201410060214816,0.547028066511066
8584,0.0274878590725308,0.0758256920900387,0.202220946581199,0.551437258526648
8585,0.0274734397671685,0.0756900068608289,0.201498517409252,0.547801861640867
8586,0.0274816322463487,0.075702591964638,0.201715319551319,0.547269874706427
8587,0.0274840051758474,0.075741242211296,0.202450045065011,0.552184414004408
8588,0.0274809760534942,0.0756828136027172,0.201313740816604,0.551714150006661
8589,0.0274839240195357,0.0757276911685418,0.201716930344171,0.5527701058303
8590,0.0274673817397797,0.0757574547675644,0.201678501462177,0.551275593490104
8591,0.0274692488753261,0.0756314565891266,0.201527275361205,0.550273924517361
8592,0.0274785671798067,0.0757875987547617,0.200857768253196,0.553218802122273
8593,0.0274740960110442,0.0758122843355002,0.200914542367734,0.556369515061406
8594,0.0274889971753979,0.075779085352304,0.20150894461312,0.555222480400559
8595,0.0274867527293498,0.0758006290891825,0.201447096073307,0.549428727071983
8596,0.0274832811645784,0.075819549443895,0.200719152589976,0.554072903568134
8597,0.0274764367937536,0.0757145833578082,0.200891044505912,0.545433048734067
8598,0.027479718911613,0.0757460595677335,0.20108457456735,0.542670007183501
8599,0.0274640290638447,0.0756655195047849,0.201309493952802,0.550975185089984
8600,0.0274847744055546,0.0757510299864387,0.201352327051044,0.547948714002818
8601,0.0274756621210254,0.0758623300329977,0.202055815248967,0.54514535522848
8602,0.0274768912063431,0.0757748724322992,0.201636768555813,0.549724335736495
8603,0.0274771705717305,0.0757563019286097,0.201857784099607,0.551063041598135
8604,0.0274834829986839,0.0756855392948538,0.201052929814623,0.544382592561784
8605,0.0274783445062361,0.075805633966677,0.201246403839891,0.547070011682839
8606,0.0274792609161499,0.0757617393853201,0.201355628542428,0.549250070164516
8607,0.0274733722718241,0.0756104039445245,0.200832821286121,0.545207847274672
8608,0.0274843432901031,0.075709230686333,0.202023401752055,0.551182099134182
8609,0.0274760624125772,0.0757428925449896,0.201229975229181,0.548852180995051
8610,0.027485517601734,0.0757535061486025,0.200817380249914,0.549873529809472
8611,0.0274730153942177,0.0755926682303749,0.200554012530416,0.547945561191244
8612,0.0274853439467552,0.0757285722223962,0.200816021847596,0.551021484363057
8613,0.0274666326199296,0.0757650674067342,0.201898276366849,0.548294632801089
8614,0.0274627221892842,0.0758013021003035,0.201165493208007,0.548202709141687
8615,0.027489402659956,0.0757845392165861,0.200778316075337,0.549393998686882
8616,0.0274672284420353,0.0757248797194768,0.202045195924091,0.553771723467696
8617,0.0274776531430387,0.0756075541395105,0.201825284302911,0.548822671046686
8618,0.0274880577842072,0.0757518084981548,0.201662502882647,0.551696413053799
8619,0.0274782786283825,0.0756811779042835,0.201359247922531,0.552015480966452
8620,0.0274629962293174,0.0756734813139221,0.20091572604272,0.544752114892884
8621,0.0274760987339611,0.0757228880386319,0.20161160713489,0.546100340884104
8622,0.0274738255379489,0.0757276722027988,0.201495969603711,0.550494747406023
8623,0.0274923251630019,0.0757798825247956,0.200717571990386,0.546716893026812
8624,0.0274618879754886,0.0756663392006527,0.201059691524583,0.550203480435382
8625,0.0274903030931018,0.0759515079337375,0.202090720412232,0.550938857193481
8626,0.0274817510349831,0.0756577626464449,0.201718140619039,0.550127818170482
8627,0.0274805039203514,0.075734371243941,0.201600706723475,0.54524631567584
8628,0.027483289533126,0.0756554062205341,0.200887440147361,0.548441321662662
8629,0.0274856868938143,0.0757176447306611,0.201900507472414,0.548510949145116
8630,0.0274709660233624,0.0757185246915669,0.201563342791056,0.547844520870975
8631,0.027492183492292,0.0758075474645813,0.201501379721514,0.547165230373559
8632,0.0274790954638518,0.0756151571359064,0.19970171247415,0.542770877444332
8633,0.0274573639795639,0.075586198779434,0.200862959974577,0.55413794489603
8634,0.0274785574082563,0.0756767793745746,0.201440075544826,0.554549936938374
8635,0.0274700262058481,0.0756778245443608,0.200181733057567,0.544727979406095
8636,0.0274592679362649,0.0756967833029173,0.201195883200861,0.551483157526006
8637,0.0274715183189558,0.075789960635898,0.201358809275929,0.546482054903374
8638,0.0274863068508961,0.0757343837791167,0.201517608192237,0.546669163408007
8639,0.0274850763334155,0.0756877890665108,0.20207687478947,0.548417457937012
8640,0.027475428587329,0.0756955197428851,0.201937197345323,0.550649822000493
8641,0.0274754738868411,0.0756826305135081,0.201400880276197,0.546245089388867
8642,0.0274817525185973,0.0758030548702752,0.201384329197847,0.543619252432714
8643,0.0274755035581467,0.0757095192065431,0.201318273604711,0.5514592018371
8644,0.0274614784221555,0.0757335465457186,0.20118142649655,0.546962065670959
8645,0.0274641233439829,0.075592508223582,0.201465705596115,0.548652349254618
8646,0.0274717568365219,0.0757596955236975,0.201566213972317,0.551514784698934
8647,0.0274756145881707,0.075707989944786,0.201042431811945,0.545714436919303
8648,0.0274813316703643,0.0757297379390414,0.201013710581943,0.545699081864982
8649,0.0274907954782921,0.0758795693780929,0.201997476794236,0.551186399586543
8650,0.0274782445168127,0.0757673734044386,0.200456556868632,0.54822719500771
8651,0.0274730338147858,0.0757024750607837,0.20055707558062,0.544805242380534
8652,0.0274603175774999,0.0756799543396189,0.201021603437768,0.546019998544427
8653,0.0274902155848735,0.075683807598873,0.201673762429744,0.557752159259427
8654,0.0274749319858913,0.0756540765459435,0.200677033107995,0.54746089663516
8655,0.0274858090142314,0.0757408678605721,0.200530971622081,0.543476020389929
8656,0.0274836431522151,0.0758429607805109,0.201110201069214,0.549637191664558
8657,0.0274797574467073,0.0756310607863484,0.201034238739722,0.549727834897777
8658,0.0274692474267068,0.0756204703541108,0.202314696258116,0.549535590543199
8659,0.0274734052512898,0.0758656646237147,0.202603852330969,0.553480269647305
8660,0.0274801923009182,0.0757151002461804,0.201764372859504,0.551933864724288
8661,0.0274944942278457,0.0758723096526683,0.202321779417376,0.54431945840144
8662,0.0274849995432914,0.0757756771701808,0.202110870649522,0.553167815961768
8663,0.0274797088004844,0.0757043199796594,0.201892271012194,0.544390958530714
8664,0.0274858306131242,0.0757083574421987,0.201286456430738,0.553424037779214
8665,0.0274810390046048,0.0756900921755215,0.201331665998029,0.549390137750107
8666,0.0274783816336018,0.075758574549928,0.201844979250193,0.546036979365364
8667,0.0274664312319029,0.0758231059724918,0.202005595165593,0.542580853215163
8668,0.0274943067095421,0.0757955027156149,0.201401462274561,0.553538714655075
8669,0.0274653343960198,0.0757834604917493,0.201076724703895,0.54445465490594
8670,0.0274721273171042,0.0757823638942673,0.201182354131688,0.548103684198092
8671,0.0275004979067358,0.0757950578747759,0.201788624104964,0.54811230364767
8672,0.0274724893877274,0.0756144905680607,0.201322607732391,0.549079166881563
8673,0.0274698683530136,0.0757775976794493,0.201256309152599,0.54649255579122
8674,0.0274841133818317,0.0758453877121554,0.201745437955623,0.545339250463308
8675,0.0274891000087913,0.0757546060297505,0.201655628544477,0.552784174016739
8676,0.0274870769679933,0.0757737402774018,0.201865600052905,0.553084386528231
8677,0.0274757861353123,0.0758499768634656,0.201936324128644,0.549479397609061
8678,0.0274865896388839,0.0757538420223221,0.201824331413623,0.555747705898617
8679,0.0274624512065693,0.075772453364111,0.201771134654185,0.547861762724437
8680,0.0274617599821378,0.0756705364447358,0.20127355324231,0.546495469724065
8681,0.0274892924276184,0.0756879616290341,0.201087609988544,0.548641537023239
8682,0.0274726073443812,0.0758098014507469,0.202381542920833,0.546391488420926
8683,0.0274710643835067,0.0756452151650279,0.201203609311824,0.55352506237564
8684,0.0274863867444168,0.0758389329410976,0.202066583373869,0.553109646755169
8685,0.0274504451682284,0.075692065649938,0.20131380290238,0.550788334000489
8686,0.027474737197262,0.0757744966980343,0.201656007655136,0.543498812891496
8687,0.0274919240308091,0.0758042837817168,0.201872043041811,0.55266882282657
8688,0.0274931726385826,0.0756725594958311,0.201176868897688,0.547256148763622
8689,0.02747611670531,0.0757600339304432,0.20089064408666,0.544946882645596
8690,0.0274830519516343,0.07570070279732,0.200045943812985,0.548759381439083
8691,0.0274707837911606,0.075636190852555,0.202098972416314,0.54792711928713
8692,0.0274680551447457,0.0757990210133479,0.202393667423806,0.554103456926725
8693,0.0274812927174726,0.075827198894833,0.201259022726535,0.55212993568354
8694,0.0274777408597507,0.075837708385975,0.201516944174037,0.548419795181123
8695,0.0274800536431798,0.075783072527836,0.201527594424435,0.551821868863888
8696,0.0274827064112509,0.075607691112997,0.201609779394527,0.544619053757871
8697,0.0274779658006941,0.0757265489761632,0.201224474504714,0.550222947796918
8698,0.027481391376004,0.0757900454998734,0.201674204919954,0.549544594242109
8699,0.0274862500249965,0.0758280918285562,0.20173074985322,0.550513432021949
8700,0.0274857416011512,0.0758613936306037,0.20204013437572,0.543472099168504
8701,0.0274805644752118,0.0758219130103132,0.201662080220398,0.552177347462822
8702,0.0274614405781366,0.0757514429259898,0.20221778881823,0.550966140925132
8703,0.0274688880612413,0.0756896805453763,0.20169202806674,0.545171464776132
8704,0.0274850031007523,0.0756775322620194,0.201045634410384,0.545009611034967
8705,0.0274871283918675,0.0757065314109421,0.201329071882039,0.552397460944007
8706,0.027485258255464,0.0758553839419823,0.202241490985055,0.551560903154646
8707,0.0274791310475799,0.0757752504266501,0.201536338615152,0.545940658302452
8708,0.0274692341309238,0.0755959963123914,0.200479621006112,0.547681171611877
8709,0.0274806825910634,0.0757409861942235,0.201545522876432,0.541128762313569
8710,0.0274917132644729,0.075751108696577,0.201148475969475,0.54625353799839
8711,0.0274745962323207,0.0757217755738588,0.201564869664219,0.550049348181586
8712,0.0274794191167525,0.075766548906927,0.201867553546721,0.555015686642916
8713,0.0274757977791037,0.0757002948105195,0.201691217050424,0.550542631967217
8714,0.0274787165688542,0.0757665878465108,0.201584573000336,0.552991790618256
8715,0.0274750326510391,0.0756616366295128,0.201019374880969,0.548335703141312
8716,0.0274833194776912,0.07570579186908,0.201519916416241,0.548041897284883
8717,0.0274783269648968,0.0756944001470044,0.202168770715403,0.543141635682551
8718,0.0274888322740635,0.0757978367761192,0.201323312536467,0.554500063448661
8719,0.027473400908112,0.0757510406604084,0.201087567218799,0.550771613605058
8720,0.0274723608187248,0.0757571257127081,0.201298243859428,0.544159903867307
8721,0.0274679813982893,0.0757457949644373,0.201092260614693,0.549891661799565
8722,0.0274629500338991,0.0756727693508123,0.20145156393178,0.552342832466431
8723,0.0275000489156208,0.0756594419755043,0.200793005846277,0.549382335466459
8724,0.0274714779410274,0.075804615331734,0.202275874999057,0.545635977991021
8725,0.0274689054028134,0.0757842492324835,0.201250857792985,0.548771160230495
8726,0.0274888952271439,0.0758682006939592,0.201766090164528,0.551366852014869
8727,0.0274759652783495,0.0756959970768961,0.201251001029911,0.550522023710688
8728,0.0274770577186711,0.0756931620802217,0.201665980659882,0.553026674845403
8729,0.0274783360255793,0.0756467031605773,0.201983782505174,0.552663305824055
8730,0.0275005245869915,0.0758358438567344,0.201133991128504,0.54844838231656
8731,0.0274741858313687,0.0757458183069454,0.201579416723871,0.547899910695061
8732,0.0274713810803084,0.0755728841407623,0.199918067506105,0.547024238813937
8733,0.0274706533170237,0.075693748434101,0.201277935484068,0.548251966216568
8734,0.0274818637880604,0.075747319876299,0.201577709016334,0.546086020996536
8735,0.0274854440377392,0.0756985461834041,0.201048767558543,0.548198538996366
8736,0.0274785487782902,0.0756703011835393,0.200786604884576,0.543513647095443
8737,0.0274746101649828,0.0757249614706864,0.20184019812996,0.543089962949893
8738,0.0274840128335336,0.0758702519178693,0.201803791572942,0.54502184482595
8739,0.0275025102709207,0.0757000374880589,0.200300051056883,0.543945076518654
8740,0.0274864189569318,0.0756965378885908,0.201813736828302,0.551721273578073
8741,0.0274658541338604,0.0758297004707523,0.201030747613657,0.547799261858692
8742,0.0274795158673341,0.0758121360471104,0.201089738302723,0.551965255756051
8743,0.0274681024084087,0.0757633061189763,0.201221767922101,0.548360795001842
8744,0.0274707789110542,0.0756701577317449,0.201876702190306,0.554525402919097
8745,0.0274791216071089,0.0757510997754511,0.201030239150492,0.545240593009942
8746,0.0274730869344562,0.0757561792517813,0.201586423141057,0.546351993351389
8747,0.0274787799000061,0.0756199127935061,0.201832464162095,0.55309685706256
8748,0.0274832675252537,0.0757480735565437,0.201082241096478,0.544032505731131
8749,0.0274759780917813,0.0756159667340638,0.200874584475163,0.550717381846551
8750,0.0274739782785751,0.0758069323245405,0.200862993334183,0.552020788533454
8751,0.0274495036268785,0.0756132832898899,0.20089360794548,0.55239192879569
8752,0.0274882795709819,0.0758977144695504,0.202167969581119,0.55037665041791
8753,0.0274935278150003,0.075801087015509,0.20141785147771,0.548720448260332
8754,0.0274926654054335,0.0756876568274975,0.201607588648031,0.546940814933309
8755,0.0274803855250241,0.0758564926713487,0.202109962376696,0.553431754716165
8756,0.0274663029932123,0.0757057364134304,0.201429793642311,0.547344239022214
8757,0.0274605482546591,0.0757539710827419,0.201626786746204,0.548031180029669
8758,0.0274589123502742,0.075649317283564,0.201510578330335,0.547121941466938
8759,0.0274745814690871,0.0756353969224867,0.201310290274554,0.549562506911862
8760,0.0274691253404265,0.0758377737833963,0.201562164633431,0.5521744796019
8761,0.0274896083171541,0.0757719392242572,0.200754367960608,0.548431690994249
8762,0.0274641675643983,0.0757258857256715,0.201379198604474,0.550902640742199
8763,0.0274802167130304,0.0756506846053544,0.201517742922358,0.548267816509054
8764,0.0274491857687718,0.0757004996277809,0.202002903908195,0.544489378176918
8765,0.0274794733781065,0.075728655413995,0.201520861383378,0.548809897512972
8766,0.0274622464619632,0.0756772971402816,0.200556319631245,0.548474218418374
8767,0.0274579682839331,0.0756318310122444,0.201468433803844,0.549151209321204
8768,0.0274879994479991,0.075830620524675,0.201375726098108,0.54355591522416
8769,0.0274794807381462,0.0758960127367819,0.201731469079354,0.550757747591164
8770,0.0274699233729916,0.0758945194059883,0.201060651631827,0.54871255707636
8771,0.0274852294506294,0.0756585746724358,0.200861148338275,0.54922248401821
8772,0.0274709804841876,0.0757637405154164,0.201927473223544,0.545090265241571
8773,0.0274809255924062,0.0757677475679712,0.201184215359299,0.553876686563846
8774,0.027473745689129,0.0757493889835973,0.201490038161933,0.550212738410925
8775,0.0274574172799497,0.0756463588468386,0.201240328558031,0.544080158198217
8776,0.0274797680729925,0.0756825930179764,0.202444983496487,0.550455853032857
8777,0.0274744841326272,0.0756756230867157,0.200298284657202,0.546326070678563
8778,0.0275003519469103,0.0757170598231897,0.201159091966907,0.55013212478591
8779,0.0274772871275132,0.0756497271313409,0.20108603555699,0.54994641567031
8780,0.0274707450942372,0.0756998099928815,0.201519936780356,0.550914976102973
8781,0.0274631488545305,0.0758140602516667,0.201711739216155,0.547859561312972
8782,0.0274703991708982,0.0758921674998655,0.202240488483809,0.550998585780381
8783,0.0274732357550598,0.0756127550373,0.201055171171671,0.552286206443955
8784,0.0274598037210867,0.0755959968113653,0.200809998350942,0.542659097958556
8785,0.0274804219502836,0.0756956535866897,0.201692411992472,0.550715924075355
8786,0.0274631350605956,0.0757622442658878,0.201712828410434,0.547942594745902
8787,0.0274917565931985,0.0758296257032569,0.202254197663577,0.548278815282977
8788,0.0274811262973883,0.0757602581516664,0.201584115209199,0.552522154684756
8789,0.0274850151410761,0.0758520867714955,0.2016498143489,0.542773092786992
8790,0.0274825679386746,0.0758284678046486,0.201512022857039,0.547868970916826
8791,0.0274713520062864,0.0757527817046171,0.201918038873898,0.551278446559719
8792,0.0274581953045293,0.0756498105824483,0.201013023270407,0.551758143930231
8793,0.0274999350399404,0.0757518784405529,0.200549640439763,0.544840357633791
8794,0.0274756472784624,0.075787668889453,0.201507015324167,0.546594878917084
8795,0.0274790673345985,0.0758008922348514,0.201481674735827,0.547886499985386
8796,0.0274763772051264,0.0758130209425228,0.200752052874191,0.548538304100411
8797,0.0274892783192769,0.0756644680138687,0.200801494854981,0.543019878231485
8798,0.0274954964316471,0.0757663231474659,0.201682508279077,0.545256605220098
8799,0.0274827268395038,0.0757318722676527,0.201969114805953,0.551225765609108
8800,0.0274664084249853,0.0756889026144763,0.201600829159196,0.550706783142452
8801,0.0274721066632929,0.0757467121623603,0.200985348454358,0.552411520389516
8802,0.0274893541606121,0.0757116632217183,0.201822973254648,0.547631524964678
8803,0.0274828077130555,0.075844218714071,0.202380860593721,0.550107897137635
8804,0.0274813732048116,0.0756845693365609,0.201305617753835,0.548027990779057
8805,0.027477867805963,0.0756339142696937,0.201084730424817,0.54902625595835
8806,0.0274792566337928,0.0758345917138679,0.202681509051909,0.553964207949549
8807,0.0274862124616615,0.0757907704701384,0.201604140770446,0.555839304061985
8808,0.0274615905957247,0.075795170408387,0.201443399762079,0.550596471757093
8809,0.0274707888876163,0.0757008198897473,0.202034247603686,0.54890969651589
8810,0.0274896573546161,0.0757921974061358,0.201109907535081,0.550169883853281
8811,0.0274701128620318,0.0757507870536808,0.20182687247624,0.551161730134031
8812,0.0274758641801166,0.0757759176268877,0.200774038954939,0.54918727550692
8813,0.0274715477850798,0.0755849953586374,0.20067422540738,0.546319185871928
8814,0.0274597732002687,0.0757179343062214,0.201437366846829,0.55199738014559
8815,0.0274852204384151,0.075872506756225,0.202148759391326,0.553968769312746
8816,0.0274772054079876,0.0757347129146506,0.200798907202273,0.540514544435713
8817,0.0274699133257312,0.0757278567001259,0.202380615164368,0.550828809406084
8818,0.0274749907441343,0.0757720052026379,0.200994485363186,0.550911595293428
8819,0.0274790771447562,0.0758473036342624,0.201787894356439,0.553029855163087
8820,0.0274806400728219,0.0757104649888078,0.200714061270302,0.541282087786344
8821,0.0274624122935429,0.0756791395945804,0.201045091957254,0.553678314159076
8822,0.0274725885568993,0.0756582007454279,0.201767739071018,0.548331165321979
8823,0.0274782553989355,0.0756410869916851,0.201515405240195,0.559669254731858
8824,0.0274707477978601,0.0757231592862333,0.201805375865749,0.550421650875235
8825,0.0274853050413579,0.075792820855083,0.201107802341213,0.550082243745079
8826,0.0274822151106242,0.0756857750486837,0.201582690256734,0.550865395597377
8827,0.0274744934247892,0.0757208426515043,0.202246386438758,0.551147066438741
8828,0.02748272461898,0.0756898526929532,0.201232597886789,0.552107700830715
8829,0.0274787489249658,0.0757797445217368,0.200991682442438,0.551817415999912
8830,0.0274714373151414,0.075705416526354,0.201555912780922,0.546676405067265
8831,0.0274729621003935,0.0757001130368094,0.200754501307846,0.551944702115947
8832,0.0274742641989232,0.0757627634734292,0.200602199806915,0.547776654566812
8833,0.0274753963080899,0.0757491639500064,0.201540505251343,0.552205943440955
8834,0.0274710884545014,0.0756903263331857,0.201946008822346,0.554230826528788
8835,0.0274670719981786,0.0756695445830081,0.201249892747465,0.54994441545648
8836,0.0274851762883811,0.0757668048847633,0.200929037336732,0.54935506424541
8837,0.027475964152982,0.075686354638827,0.201361116794156,0.552988516622396
8838,0.0274752984575127,0.0756384479591415,0.200760845377141,0.541991461796333
8839,0.0274699228166758,0.0757976305697892,0.201130780950192,0.545383637444989
8840,0.0274820319045781,0.0755631093098045,0.200784179564201,0.552075477171525
8841,0.027461303279982,0.0756822872064336,0.200583713994485,0.547443960619494
8842,0.0274745735494569,0.0757032654729971,0.202594699462349,0.548871416622821
8843,0.0274902398671927,0.0757822770955526,0.201882881192623,0.5508599924783
8844,0.0274817420297456,0.0757697142091555,0.20141182165245,0.552967025070684
8845,0.0274548362056327,0.075574106478692,0.200596897273963,0.543521365932962
8846,0.0274742393086637,0.0756994468017787,0.201499088847162,0.546719823608414
8847,0.0274742193789007,0.0757914643220096,0.201637459374578,0.552547105941959
8848,0.0274828973766736,0.0757243736919152,0.200719066760662,0.550350518849106
8849,0.027496266778901,0.0757079742144789,0.202022907314887,0.549550166093393
8850,0.027465537171971,0.0757620278078626,0.202205871804411,0.550917260010177
8851,0.0274755493511301,0.0757456697554103,0.202186371494714,0.545922033749531
8852,0.0274700697414249,0.0756361110946361,0.201034832663551,0.544485510888312
8853,0.0274773842773048,0.07575554662962,0.201114378294754,0.544423675533542
8854,0.0274712124683831,0.0756622692159526,0.201382057508546,0.546724642373326
8855,0.0274844889421298,0.0757537107344519,0.2018449815303,0.546926415001826
8856,0.0274760320094777,0.0756308492830656,0.200956931243055,0.54732927130727
8857,0.027472633014123,0.0757376179864684,0.201245800610042,0.551473873525324
8858,0.0274768069120118,0.0756846266684706,0.201027601793467,0.547235106725537
8859,0.0274630602609425,0.0757539533903834,0.201375516495228,0.542727329159358
8860,0.027474814177259,0.0757068890442905,0.201124491668713,0.549192598959446
8861,0.027484408917224,0.0756381323542655,0.200771559399285,0.546020273818353
8862,0.0274789858071914,0.0758334900067114,0.202581000575812,0.552555576412742
8863,0.0274934729259048,0.0758137854972574,0.201322272492559,0.548232087154605
8864,0.0274661276770725,0.075672142716128,0.200143269341381,0.550513621432376
8865,0.0274840564178845,0.0756863920851043,0.201095112771727,0.547847829600334
8866,0.0274718096225494,0.0757040477042362,0.201559316041335,0.547925835394679
8867,0.0274776743767457,0.0757794362106184,0.201392707165461,0.550938834334643
8868,0.027471563311435,0.0757733452852189,0.202166990536978,0.550898338815519
8869,0.0274909728368332,0.0758178100319532,0.201741431410422,0.549211455600146
8870,0.0274828545916534,0.0758443525672643,0.201525642624395,0.545297954438965
8871,0.027476241793615,0.0757973084882607,0.201718748536433,0.552161242735187
8872,0.0274889951106351,0.0756477144242288,0.200937631194177,0.545495365053054
8873,0.0274776929025731,0.0757624141608561,0.201536236734715,0.548502312180742
8874,0.0274736524024731,0.075757824989999,0.200785477766177,0.545043871191395
8875,0.0274734955613889,0.0756829898944833,0.201439897877601,0.54805965520198
8876,0.0274669524617358,0.0757054093027286,0.201077971283697,0.545326410460544
8877,0.0274733711146072,0.0757138961022995,0.20167563236008,0.554041513477408
8878,0.0274814196989518,0.0756899421924677,0.201815318572642,0.554307743768289
8879,0.0274904074890959,0.0756312753691455,0.200995934688654,0.547938458506959
8880,0.0274699143507453,0.0756941304800828,0.201845502093213,0.54909644968253
8881,0.027469538475752,0.0757881861800699,0.201563483789452,0.548308261670576
8882,0.027496852620755,0.0757884387321122,0.201845935589502,0.552592064553412
8883,0.0274684827803395,0.075839875841023,0.202317774198617,0.553283765697002
8884,0.0274607403658003,0.0757644532921004,0.201116629288061,0.550044913093093
8885,0.0274703381678077,0.0757677123353874,0.200875862932117,0.552986370879746
8886,0.0274754271854446,0.0756710287315674,0.200884195565267,0.55161138928284
8887,0.0274738473737017,0.0757910888384725,0.202086855301278,0.551709286564969
8888,0.0274941869744632,0.0757286648221738,0.200833356783728,0.5454264251458
8889,0.0274646162854847,0.0755349598517521,0.201706644872184,0.547053764550288
8890,0.027489389637018,0.0756765062478761,0.200762351964114,0.548523010480269
8891,0.0274780259362778,0.0756936129297689,0.201278428268275,0.553690473102398
8892,0.0274890200968972,0.0759096209922139,0.201320614516127,0.55121352436951
8893,0.0274773945293203,0.0757062126129788,0.201684976911282,0.550108466098619
8894,0.0274697294396297,0.0757706218674702,0.201370396759006,0.55006761437946
8895,0.0274746475540016,0.075726324726195,0.201471120394139,0.553880081950734
8896,0.0274789297151574,0.0756490411205215,0.201032607856815,0.546712129136124
8897,0.0274751956659006,0.075622937128557,0.20108046066925,0.546550074823217
8898,0.0274728686166786,0.0756845089783323,0.201059991254555,0.550511063451685
8899,0.0274665992666122,0.0756312433978351,0.20106760956696,0.550176858776552
8900,0.0274792643959844,0.0759326761009717,0.201694486406708,0.553277713049072
8901,0.0274942540310958,0.0758429364261731,0.201588277598925,0.543552863820132
8902,0.0274683673958164,0.0756471384601292,0.201749922461825,0.554651229020329
8903,0.0274754114173972,0.0757110953298626,0.201891288687272,0.548331973537942
8904,0.0274745252840429,0.075604446725923,0.2011490568259,0.548595565555764
8905,0.0274720517389681,0.0757886304789059,0.202349480630698,0.550811659870829
8906,0.0274698387188109,0.0756834562437665,0.201376591342423,0.550358323261164
8907,0.027486343191675,0.07569598330617,0.201380184162371,0.549419966641994
8908,0.0274565781729343,0.0756751073405694,0.200502685731564,0.54422569455702
8909,0.0274697818719595,0.0757101629624109,0.201546421970371,0.547149122794972
8910,0.0274752256187845,0.0757509463135824,0.200918984472079,0.548499916432366
8911,0.0274807991278679,0.075740839233335,0.200478320341937,0.551263205246072
8912,0.0274749312974417,0.0756994696838439,0.201151935642517,0.549649914856294
8913,0.027490322519698,0.0756896480385698,0.201133433158892,0.549016581367226
8914,0.0274746111111128,0.0758520067143196,0.20232002719682,0.548529561487888
8915,0.0274665599361078,0.0756962828606956,0.202000167475521,0.552487050607339
8916,0.0274810053306603,0.0757399998813019,0.201936988595497,0.549513921920941
8917,0.0274682930454102,0.0755719602386336,0.201400908847104,0.550548859101841
8918,0.0274793942097705,0.0757109687143748,0.20047155750098,0.548087357047113
8919,0.0274727930710118,0.0756965992292961,0.201145856919385,0.547104204268168
8920,0.0274722330861005,0.0756490729092523,0.200488460037341,0.543279334048601
8921,0.027479094583738,0.075675892952378,0.201475303904625,0.547485130518738
8922,0.0274741228879512,0.0757269131289095,0.201346299257594,0.556501071031108
8923,0.0274804848919199,0.0756961895513293,0.202241366847025,0.54757632393514
8924,0.0275000183601712,0.0758934888501971,0.201654595140612,0.548835714507129
8925,0.0274949863969947,0.075806864680934,0.201628917028489,0.549037733008787
8926,0.0274710304039684,0.0757590283413494,0.201689778354066,0.549570657257645
8927,0.0274913164803916,0.0756749615229465,0.200966524435735,0.550010332853196
8928,0.0274746683446626,0.075620622891078,0.201186455930091,0.549092704093688
8929,0.0274779439864204,0.0757132805653176,0.201130562006371,0.546061551310794
8930,0.027486837336487,0.0758089952763513,0.202076601656302,0.552228755310383
8931,0.0274745030581473,0.0755950640130417,0.200427466574112,0.55142722692429
8932,0.0274915125756661,0.0757991535330472,0.201492352676282,0.550366561178796
8933,0.0274775665934193,0.0756450394304806,0.201568523727302,0.548621762276435
8934,0.0274858539970278,0.0758482349109915,0.202691976565046,0.551993083410805
8935,0.0274925261617665,0.0757373991920302,0.202037393016384,0.551377901894128
8936,0.0274851409498905,0.0757010950107014,0.200428722473303,0.542651413602216
8937,0.0274712657343998,0.0756729162172642,0.201712584391613,0.546696093529667
8938,0.0274893093253063,0.0758096761236128,0.201349762139419,0.547502300549148
8939,0.0274854360230754,0.0757160741248975,0.201983367082048,0.550878808013101
8940,0.0274876914341515,0.0758807806114618,0.201303522147991,0.550576594271192
8941,0.027479619367838,0.0756321577554377,0.200857621057754,0.547975417461758
8942,0.0274893196441876,0.0757107874427071,0.20203815936066,0.549306524796083
8943,0.0274780622092214,0.0757900304238377,0.201339115593219,0.556837836573525
8944,0.0274836501324664,0.075850804934885,0.201866959696197,0.547660631160245
8945,0.0274893401705167,0.0756391788345354,0.201827765132507,0.556331787995889
8946,0.0274791693336608,0.0757101779548445,0.2006185972937,0.550691605559811
8947,0.027481006634246,0.0757774464228736,0.20193512478782,0.548248776941654
8948,0.027468240034229,0.0756822434278383,0.201244057486349,0.550149106117035
8949,0.0274855221113286,0.0757846245703661,0.201852351079588,0.550624233775747
8950,0.0274634669022196,0.0757192334503127,0.20133787875986,0.546729955707934
8951,0.0274775337128315,0.0756893383650236,0.201101700459809,0.542820522520062
8952,0.0274918844368431,0.0758554528127379,0.202029702904562,0.550985595482376
8953,0.0274765250918754,0.0758446416432439,0.201476928409128,0.545817908001414
8954,0.0274861878755317,0.0757248408194086,0.201336885504015,0.553403544205475
8955,0.0274679866920057,0.0757210008202827,0.201613579677979,0.550836244842479
8956,0.0274672189562649,0.0756882516768908,0.201026598011236,0.548410656959476
8957,0.0274825671655307,0.075635152587163,0.201008471402995,0.547522500024916
8958,0.0274776992686884,0.0756522607571896,0.200822101380238,0.548218977535125
8959,0.0274805702555826,0.0756262323143736,0.201696314522225,0.551750826351494
8960,0.027466074597941,0.0757578878729695,0.20246037591406,0.545631505870162
8961,0.0274593128519831,0.0757398286321938,0.201779129439375,0.548483903693145
8962,0.0274812289389412,0.0756574192898707,0.201044020970471,0.548973008602068
8963,0.0274849883058225,0.0758429246490002,0.201354766796789,0.546815433105325
8964,0.0274773805182682,0.0757223628357114,0.201767528100704,0.546663480017443
8965,0.0274670931424077,0.0759205690651759,0.201810510004392,0.544437986004116
8966,0.0274833195127615,0.07567991202814,0.200943616622422,0.549383099964331
8967,0.0274717541740077,0.0757217669264231,0.201662133160333,0.549304878900429
8968,0.0274756304949752,0.075733722845267,0.201978754451051,0.552576108698405
8969,0.0274799168484819,0.0757250580466014,0.201131214543088,0.551878372727558
8970,0.0274641009004541,0.0755191815317037,0.200391781782199,0.552681487704365
8971,0.0274726861023459,0.0756354187631514,0.201364868704378,0.545447019011273
8972,0.0274822188395656,0.07577908294997,0.201246706833804,0.549664183500758
8973,0.0274863045093366,0.0757959989632378,0.200985177767087,0.549008964634055
8974,0.0274893171431632,0.0755831590009229,0.200686836690538,0.548311511490986
8975,0.0274811166783617,0.0757042218091779,0.2022838943306,0.551984966922239
8976,0.0274833110634797,0.0758121781899437,0.202313642267303,0.552130122436844
8977,0.027488306496073,0.0757791407677832,0.201405728239867,0.550243296951638
8978,0.0274754950758907,0.075749781226601,0.201971299200626,0.552896459783243
8979,0.0274813906002658,0.0756491590464967,0.201545856420168,0.548624477329301
8980,0.0274781244088476,0.0757647092149294,0.201358362196528,0.548687256003595
8981,0.0274738389149463,0.0757948459800642,0.200419816554979,0.547936002625438
8982,0.0274949638521848,0.075892789677085,0.201560048272422,0.547137311604336
8983,0.0274758781947975,0.0756086235574427,0.200151547095224,0.546671944274113
8984,0.0274747221635408,0.075686303513726,0.200568185126527,0.548073216271527
8985,0.0274973301330403,0.0757412941984493,0.201329104050495,0.546104742315949
8986,0.0274820305942614,0.0757738274527243,0.201699832117672,0.548019641274476
8987,0.0274770467713308,0.0757236606916355,0.201920573102176,0.555336216370714
8988,0.0274682647419273,0.0757622126420526,0.201170006890217,0.545985061736474
8989,0.0274985828060052,0.0757835797185579,0.200868218578269,0.548003207259312
8990,0.0274767747306656,0.0755387325832851,0.202009141212683,0.550501772442186
8991,0.0274788179619752,0.0757265269876601,0.201157256504851,0.54567995345483
8992,0.027473186120147,0.0758203268559105,0.202219459289395,0.548558444284853
8993,0.0274740265119199,0.0758579687575627,0.200936187152499,0.552182710620373
8994,0.0274689666996456,0.0757258245599168,0.200753485559509,0.548359602674533
8995,0.0274686218633637,0.0756234184449778,0.201961181012212,0.547718085798647
8996,0.0274744058844984,0.0758890959051955,0.20221366606794,0.543698374536415
8997,0.0274961012280908,0.0758007287119477,0.201507054490112,0.550528379592532
8998,0.0274773820509125,0.0757348462189195,0.201595778328449,0.545028953965856
8999,0.0274829672762612,0.0757970557828583,0.201835844818298,0.54831184961821
9000,0.0274826584129073,0.0757831239992431,0.201935508957503,0.543015259323465
9001,0.0274694977202147,0.0757147279190863,0.201101362239461,0.549192514481677
9002,0.0274880977401258,0.0758678809304896,0.201677204331213,0.551236883937472
9003,0.0274764406454912,0.0757192964619132,0.201448767170952,0.551305572002569
9004,0.0274753503153395,0.0757837148842039,0.201699877182953,0.547764067746341
9005,0.0275031205593248,0.0757717996250823,0.200821205781347,0.549260148003447
9006,0.0274694287671639,0.075670978394723,0.200560461461023,0.544312523388644
9007,0.0274659762600816,0.0756587468660798,0.201764984892307,0.554324200615536
9008,0.0274712950499478,0.0755994029015331,0.201236549923031,0.545239158974863
9009,0.0274636769635082,0.0757322496976843,0.201597476288388,0.546064050893496
9010,0.0274810051464793,0.075670381549216,0.200917916534631,0.545601786903334
9011,0.0274854467760608,0.07566148273689,0.201527961340641,0.5406009878569
9012,0.0274891828037796,0.0757352018639421,0.201736182312095,0.548067821294107
9013,0.0274721527957903,0.075776988756974,0.200877974072237,0.540952636820799
9014,0.0274875582011009,0.0758423075013191,0.20275732477305,0.552311762333423
9015,0.027477227749922,0.0756874805392667,0.202433544254605,0.550772688543419
9016,0.0274716980821692,0.0756744369520856,0.200284736551084,0.545004967792912
9017,0.0274855426564421,0.0756693317206557,0.201306360639647,0.546546788957536
9018,0.0274808361516099,0.0758325792938318,0.201631293475946,0.552605061690279
9019,0.0274582485910094,0.0757272375026136,0.200479639629571,0.543148370720218
9020,0.0274839368474494,0.075798660240482,0.20194144680195,0.546479100764617
9021,0.027481039524244,0.0758448984647269,0.20119688359243,0.549277542145533
9022,0.0274908167833876,0.0759122391024287,0.201832098424215,0.555154940931132
9023,0.0274703577401171,0.0756766553133574,0.201817041245229,0.551175413336274
9024,0.0274706995657,0.0756540163305836,0.201057012540033,0.542642475495977
9025,0.027481770009866,0.0757690655463042,0.201535411763888,0.547543947924984
9026,0.0274812787399027,0.0757185975976664,0.201163047586519,0.54451093411619
9027,0.0274712086522109,0.0757598180292658,0.200647606540576,0.549055493455941
9028,0.0274784454399911,0.0757313241237562,0.201129988437114,0.549950115766517
9029,0.0274714382193395,0.075613222279298,0.201007415232361,0.548637769847959
9030,0.027475945208898,0.075705529726484,0.201600053567673,0.54791450591466
9031,0.0274584338728705,0.0757085768613813,0.20115283556523,0.552218909857392
9032,0.0274804254552073,0.0756396871457029,0.200790293602357,0.53969601069299
9033,0.0274721595584411,0.0755823818048362,0.200886623683254,0.546778078529391
9034,0.0274845940076868,0.0757342931850104,0.201817622702457,0.552005978496022
9035,0.0274815744094138,0.0757362383790121,0.200333476103528,0.545660747648727
9036,0.0274976004843226,0.0757758457949386,0.201055121367696,0.549519048903521
9037,0.0274790547749013,0.0756115829868585,0.201782529462231,0.548560891253012
9038,0.0274780809273166,0.075634475026337,0.201021657140453,0.547059794289674
9039,0.0274713856368302,0.0757382396336266,0.201685505385235,0.550214678820113
9040,0.0274606608193557,0.0757186401739582,0.200919265387957,0.551382251660599
9041,0.0274846436298522,0.0756537843240755,0.200999453882228,0.546051661186643
9042,0.0274802381445638,0.0757391197586734,0.201129943418033,0.548176012770102
9043,0.027495806517954,0.0756725809262209,0.200836492495159,0.556162821695708
9044,0.02747905196894,0.0757444317807739,0.201484210625798,0.550973489147153
9045,0.0274878544097334,0.0756415196884587,0.201433713606967,0.548291084630736
9046,0.0274688001298358,0.0756934526965388,0.202220809759757,0.55354505253562
9047,0.0274730734432191,0.0757373745675972,0.201400006121479,0.547785004597813
9048,0.0274678677334493,0.0756653946500475,0.201032681962214,0.546315049503858
9049,0.0274743335839164,0.0756626534634916,0.20121615486712,0.550858688540199
9050,0.0274576471181428,0.0757113456027641,0.202564271774066,0.54997029152567
9051,0.0274778821070083,0.0756976368090923,0.200715512397468,0.549624716273495
9052,0.0274805667151058,0.0758352645914933,0.201771675564687,0.550497689066665
9053,0.0274694601040655,0.0756942318185457,0.201417949829684,0.55405141733694
9054,0.0274741281974515,0.0757340945738106,0.201196189563335,0.553163522526853
9055,0.0274785299191998,0.0756153661959587,0.201684793538742,0.546776948981442
9056,0.0274781227397473,0.0757183770380189,0.200904288513775,0.550935045113252
9057,0.0274787569182192,0.0756254433331393,0.20162048531681,0.545710539797917
9058,0.0274848964898618,0.0757189928893188,0.201987841257875,0.553458695188059
9059,0.0274734108468057,0.0757654429485699,0.201731461625951,0.546261859399182
9060,0.0274747920566012,0.075807576692898,0.201534246102369,0.547363455352368
9061,0.0274795044338895,0.0757975573747457,0.20206782655974,0.551235991439186
9062,0.0274759222659293,0.0758039996017263,0.201885205255512,0.549254350239417
9063,0.0274862565343173,0.0757094149256702,0.201655279693754,0.552237644981163
9064,0.0274717080917147,0.0757452401082413,0.2021081981202,0.550062359180124
9065,0.0274799544842303,0.0756422949598493,0.201172507562034,0.543002360388814
9066,0.0274743541479312,0.0756963514809283,0.202194390411905,0.551957927040431
9067,0.0274744351280033,0.0757064386882314,0.201395144269471,0.551426213129887
9068,0.0274783325416456,0.0757933957144699,0.201747038838647,0.544380172690365
9069,0.027474099417525,0.0756776640166131,0.201135234937831,0.541975936697448
9070,0.0274877348899854,0.0759001164077669,0.202049112825867,0.554590102608335
9071,0.0274881868462415,0.0758029139564347,0.20187753605851,0.548345164957614
9072,0.027473896814012,0.0757317128006967,0.20136447185226,0.545505935496672
9073,0.0274774803894062,0.0757534666580315,0.200177372750016,0.541855857255711
9074,0.0274781652545247,0.0756914933127165,0.201412578094701,0.545449998110744
9075,0.0274714215368573,0.0756850293903846,0.201227332014962,0.550303279665626
9076,0.0275018428702517,0.0757631303597666,0.201570670313212,0.545574253544687
9077,0.0274680198738628,0.0758319538149732,0.200723273423261,0.545827732678906
9078,0.0274764248327497,0.0756888731009262,0.201056764598336,0.543676128598933
9079,0.0274923298439357,0.0758349523557484,0.20228528624417,0.550110503833975
9080,0.0274755355385906,0.0757873685017123,0.200849867548002,0.550740258198287
9081,0.0274719305425097,0.0757124046582777,0.201384816030589,0.546475222062291
9082,0.0274638767386302,0.0757072323985692,0.200898656323603,0.549390856240586
9083,0.0274865547875072,0.075849308726624,0.202317244242313,0.544651739106234
9084,0.0274846462397792,0.0757300425463591,0.201339471033772,0.547327342536703
9085,0.0275040130561854,0.0758349640091872,0.201869985376009,0.54954675063781
9086,0.0274932516829448,0.075813481096213,0.201480812095817,0.547865186152342
9087,0.0274749435515824,0.0757741589952586,0.202076242124339,0.549825679172626
9088,0.0274728656417483,0.0756110357083629,0.201444944807857,0.547384627801604
9089,0.0274665552224018,0.07568271199368,0.201258513794016,0.543890978218928
9090,0.0274865071819264,0.075695006611206,0.201767171827872,0.552465220665544
9091,0.0274678809148146,0.0756599400333218,0.201278408748403,0.54315775803336
9092,0.0274803974599051,0.0757812180120782,0.200635015173565,0.542618552726737
9093,0.0274819041134853,0.0758033750720012,0.202039042517283,0.55441703157341
9094,0.0274720894573934,0.0756463782574283,0.200252533888532,0.546615563071053
9095,0.027476227785431,0.0756941229914439,0.201485485038421,0.546006995544122
9096,0.0274815277576696,0.0757433165850492,0.201219265701732,0.550423017391014
9097,0.0274816867027603,0.0756318758765964,0.20165863921812,0.556407516666727
9098,0.0274685963051344,0.0756239315606851,0.201817670441177,0.550120826746606
9099,0.0274848209216555,0.0756809637956879,0.201169474856652,0.547435258594054
9100,0.0274689372560697,0.0757764794355249,0.200884662888266,0.547474936481261
9101,0.0274760813331583,0.0757051611273346,0.20201185844608,0.547149705963283
9102,0.0274785510662496,0.0757354566918188,0.202516776349696,0.549307652473147
9103,0.0274637193718168,0.0755985217438973,0.201361142936765,0.547700651598374
9104,0.0274692353960917,0.0757084079792338,0.200328288534647,0.542950248574865
9105,0.0274719385665123,0.0756751372037332,0.201452195213719,0.549367354513282
9106,0.0274800373826261,0.0759155143475057,0.201780152382698,0.54864407961822
9107,0.0274959081245671,0.0757916275033457,0.200996055697945,0.552222171919285
9108,0.0274800304402511,0.075663504723546,0.200684302211924,0.544182565875861
9109,0.0274854204262487,0.075762171187297,0.20170145734995,0.550348163247283
9110,0.0274733160772294,0.0756559682020929,0.201629655202042,0.54967389438578
9111,0.027466803243328,0.075752459704826,0.201015990999284,0.550392338343187
9112,0.0274736119676139,0.0757620861777928,0.201745923382458,0.548504980027418
9113,0.0274755053190789,0.0756728558078703,0.201475621667467,0.555642591906441
9114,0.0274866068825039,0.0756868657226126,0.200881795590763,0.543000732077964
9115,0.0274913644430813,0.0758670296704308,0.202123907693217,0.550086387722617
9116,0.0274881255819829,0.0759208322146042,0.202093951124956,0.54823619039371
9117,0.0274671612997052,0.0757597145671962,0.20139217687147,0.553412095725678
9118,0.0274891439483448,0.0758071887869229,0.202069585926838,0.553382388711621
9119,0.0274730772605777,0.0758139942875651,0.202074760259449,0.548600124977645
9120,0.0274792934853375,0.07565806463202,0.200991491859826,0.543412507811587
9121,0.0274814933802174,0.0758189369918386,0.202349095819659,0.543912173850973
9122,0.0274646131362484,0.0756829660915518,0.201303989221869,0.542933883133941
9123,0.0274719146081904,0.0757269949090135,0.201113075214561,0.543010934683516
9124,0.0274822616571448,0.07575780435504,0.200311431912121,0.547715743756013
9125,0.0274611520574977,0.0756105169723467,0.201352050572444,0.547366057223228
9126,0.027485865479411,0.0757485718018442,0.201489077047595,0.550963616949467
9127,0.0274776936781449,0.0757781968163653,0.20161194971366,0.549704214075279
9128,0.0274726655139079,0.0756541313727508,0.201863555932541,0.555579536569661
9129,0.0274817636271083,0.0756744211129469,0.200933086819148,0.5412336230189
9130,0.0274774255923182,0.0757979493849459,0.201774223981696,0.553144098649201
9131,0.0274619617588483,0.0757957770138176,0.201952952398777,0.546290626190808
9132,0.0274924586758534,0.0757576392747069,0.202025680390048,0.549326024050921
9133,0.0274683044364337,0.0756009649564563,0.200793519657319,0.550052797506422
9134,0.0274705416265521,0.0757011557824536,0.200816630989317,0.553937629670554
9135,0.0274852561930753,0.0756346161034437,0.200264081560607,0.545314625120579
9136,0.0274690611403137,0.0757802172510645,0.202065804818471,0.546343997729903
9137,0.0274707386594373,0.0757772160054925,0.2017647406446,0.546481032316547
9138,0.0274875648984214,0.0758351000200568,0.201109456280866,0.548963677673303
9139,0.0274796026741515,0.0757708898239823,0.20216163234559,0.550311995509339
9140,0.0274779494006861,0.0755657983627825,0.200693354109745,0.546212996815343
9141,0.0274642599582136,0.0757345479624672,0.2009271893233,0.545580499356114
9142,0.0274753404526906,0.0756688874150194,0.202623942669459,0.550790927828727
9143,0.0274887297603225,0.0757239799763259,0.202229258755353,0.548720940240392
9144,0.0274625641879374,0.0756478384701515,0.201577910507564,0.547225014244232
9145,0.0274861643036612,0.0756721545130963,0.201710616449213,0.553364999789461
9146,0.0274829706703814,0.0758283547682157,0.201079127560519,0.542966569047073
9147,0.0274834421754193,0.0757716177037717,0.201770619419633,0.549176174057213
9148,0.0274827804966124,0.0756723491624204,0.201550049610309,0.540932585147114
9149,0.0274908448446192,0.0756664206911456,0.200683944670398,0.548569147916846
9150,0.0274764861317355,0.075818869336689,0.201114362828022,0.547584860659967
9151,0.0274767563529131,0.0756999739551644,0.2017524186054,0.55098676408217
9152,0.0274794365987792,0.0757335166010334,0.200469700265347,0.55071436217657
9153,0.0274786073166251,0.0758104827751388,0.20204027615364,0.554901420738211
9154,0.027485799396089,0.075793267859656,0.201629963167812,0.550270371379816
9155,0.0274926937073225,0.0756953887496339,0.200966357698388,0.544749937840719
9156,0.0274831833512177,0.0757283183130971,0.200852685791292,0.546128717238166
9157,0.0274644595663908,0.0758624493430366,0.201216317375948,0.553071990249346
9158,0.0274755652687868,0.0756999402571939,0.201351265574271,0.555305381677988
9159,0.0274761522491669,0.0757071329206584,0.201727139520249,0.549596158239269
9160,0.0274796991773666,0.0757251394373302,0.201420793565821,0.5543378453907
9161,0.0274742609951332,0.0756482563598198,0.200834196562969,0.54869223290376
9162,0.0274834785870142,0.0759007123958985,0.201452168011966,0.550276608834113
9163,0.0274712993961345,0.0757148206175829,0.201026959085436,0.544236025718502
9164,0.0274746590046086,0.0756449399324505,0.200142341876753,0.548663704860822
9165,0.0274682644739602,0.0756751866732594,0.201584667633377,0.546917274895108
9166,0.0274843899660738,0.0757374008126557,0.201026833849616,0.545751881593622
9167,0.0274823285276088,0.0756833384933415,0.200655478092038,0.554077126000715
9168,0.0274868990691939,0.0757292706242058,0.201989613433819,0.551618153598892
9169,0.0274787526444636,0.075656537005277,0.20086459195264,0.546615883143834
9170,0.0274682899264369,0.0757002467457529,0.201207056347162,0.549508140868992
9171,0.0274773069299513,0.0756441311438345,0.201288047339327,0.547014649044588
9172,0.0274821204213943,0.0757659996780531,0.200741658675695,0.551127868168875
9173,0.0274738199231536,0.0757049790608454,0.200565977482179,0.541357332923643
9174,0.0274864423243289,0.0757927906713872,0.201629245448329,0.551213466999783
9175,0.0274803117524124,0.0758413675880161,0.202255382186687,0.550620107455127
9176,0.0274722485939264,0.075723854301854,0.200647386702994,0.548500189646498
9177,0.0274741290173911,0.0758244322114066,0.202192708965593,0.551861014106586
9178,0.0274654459911331,0.0755755658914579,0.200694794162206,0.550989157287449
9179,0.027473417185739,0.0756302747955097,0.201847343816907,0.550855287978353
9180,0.0274776885390547,0.0757419678024622,0.201801146722333,0.549250912575915
9181,0.027481690684325,0.0757212594437402,0.201610724340823,0.550759338109635
9182,0.0274679559880432,0.0757520618190778,0.201691804677425,0.545241097610213
9183,0.0274746105041708,0.0757276195514517,0.201695027539199,0.552982680589803
9184,0.0274760268918895,0.0757506752622073,0.200373479199621,0.546546029421898
9185,0.0274681403240426,0.0757734960563988,0.201166554683745,0.546320641046149
9186,0.0274940167413257,0.0758302237076741,0.201972025516134,0.553444806288625
9187,0.0274710930552248,0.0757959661081124,0.201987028891008,0.554416039935502
9188,0.0274867302392376,0.075894292805844,0.201630192363978,0.547147350654039
9189,0.0274695354717937,0.0758539937196576,0.201863095529344,0.552192891796163
9190,0.0274604754045567,0.0757090601633698,0.201160595477558,0.550471572134963
9191,0.0274784422186246,0.0757481263676245,0.201983867746979,0.544412095913257
9192,0.0274846749055727,0.0756899189521291,0.20133866697933,0.550801997625831
9193,0.0274670339547076,0.075650168004624,0.201586897964848,0.545360368082656
9194,0.0274756886125037,0.0757940439287699,0.201307617451327,0.547681414035727
9195,0.0274744469687724,0.0756251675214939,0.20148539536305,0.548522469599978
9196,0.0274786309114841,0.0756366003647673,0.201401669641247,0.547114781262167
9197,0.0274747622855819,0.0757728176168885,0.201700163542569,0.547682497322611
9198,0.0274707055874482,0.0757619766988423,0.202630182801999,0.551430277997005
9199,0.027480469504484,0.075706135694324,0.200938256470714,0.544792696349415
9200,0.0274661474803041,0.0757526528225377,0.201615279057494,0.548355926659152
9201,0.0274631564125785,0.0757639461571108,0.202123703602665,0.552476181427845
9202,0.0274745320059485,0.0756347123171432,0.20142715825491,0.547900555172741
9203,0.0274830125949415,0.0757863474338512,0.201860147981675,0.551913346965649
9204,0.027480673005004,0.0756773866688615,0.200746428730124,0.544422508207441
9205,0.0274695295622431,0.0757353778569146,0.201392747564731,0.550716387351424
9206,0.0274773290037374,0.0756867435619382,0.201561958253721,0.549774650497495
9207,0.027476784485284,0.0757619634957055,0.201218904481274,0.54615277745399
9208,0.0274737616720497,0.0757210416198643,0.200915532138039,0.544018131561914
9209,0.0274866764574575,0.0757400223720967,0.20236402991245,0.542488376716738
9210,0.027492424347091,0.0758459123347628,0.201537896461724,0.547352042147915
9211,0.0274905504474283,0.0757156696487907,0.201254858543656,0.553625962796444
9212,0.0274795461303336,0.0758539945482688,0.202421621243455,0.555836517438698
9213,0.0274659579695452,0.0755283189779084,0.201296658270769,0.547340667665556
9214,0.027492953249308,0.0758960521170556,0.201863809949289,0.548423871708653
9215,0.0274776945931148,0.0756939951073254,0.200889622365756,0.554912953610999
9216,0.0274718681249012,0.075739424280941,0.200950988685413,0.553420114455998
9217,0.0274761507191993,0.0757235608155309,0.201176728109616,0.548691481286087
9218,0.027472003781944,0.0756629471065994,0.201781728172961,0.543562814605129
9219,0.0274697457976159,0.0755852634451433,0.201266748447125,0.555407671375688
9220,0.0274581818566675,0.0756672334510729,0.201352132896256,0.548630703244242
9221,0.0274681008442838,0.07575443300288,0.201094517609822,0.541708393861869
9222,0.0274749629203101,0.0757346561577102,0.201565868805304,0.553422975907589
9223,0.0274800278681661,0.0758561630651825,0.200960178792776,0.549477264334287
9224,0.0274874450428755,0.0757409965804896,0.201965130591122,0.558196483652199
9225,0.0274722581776506,0.0756523526724678,0.201535991936045,0.548514951249151
9226,0.0274667759050975,0.0756823502969873,0.201517171103726,0.55136493138074
9227,0.0274772997439486,0.075595207764188,0.20142208662955,0.54512047781535
9228,0.0274581244967366,0.0756622939773974,0.20102589562927,0.540684871753689
9229,0.027489321753228,0.0757934421713992,0.201229171853711,0.548416699191606
9230,0.027495224670596,0.075726689154257,0.200698634641018,0.543528218475768
9231,0.0274710325196722,0.0757869902515363,0.201807948951787,0.547436789219563
9232,0.0275005718249404,0.0757895165210719,0.200833259340888,0.550944249289017
9233,0.027462587893785,0.0757689076264089,0.20124009532111,0.547785388997593
9234,0.0274576784562853,0.075596989849002,0.201797446033099,0.551259523125006
9235,0.0274953202865196,0.0757957587194865,0.201742130352801,0.549227366826876
9236,0.0274631908974361,0.0756526578140837,0.201389585826985,0.545998077005882
9237,0.0274742075058273,0.0757809534033149,0.201831673341554,0.550000803136003
9238,0.0274696861461363,0.0758023325486192,0.201223043337505,0.551833500619532
9239,0.0274823386127875,0.0756845754575554,0.201591988961108,0.545738047245308
9240,0.0274794873578237,0.0757681210641584,0.20200161159679,0.549401034439615
9241,0.0274658045469866,0.0757988116765265,0.20192455994768,0.551792215740105
9242,0.0274751614691396,0.0756948536442485,0.201719309808433,0.54766181865618
9243,0.0274839842929738,0.0758767453012249,0.201921415086074,0.548402048124239
9244,0.0274756598286354,0.07559319226287,0.201340321617753,0.548173410234258
9245,0.0274857410029471,0.0757286785250338,0.201691994472084,0.545497975228391
9246,0.0274717608393262,0.0756719913148928,0.201279477834067,0.549339294992294
9247,0.0274771995585739,0.0757507795880374,0.201585905129943,0.555045985655437
9248,0.0274917701011011,0.0758059721007768,0.201340239286057,0.548304411215179
9249,0.027486373308443,0.0756584718151705,0.201328604319016,0.548177847001785
9250,0.0274975752126213,0.0758546973913513,0.201966479297001,0.54441521966226
9251,0.0274703026034719,0.0758098856016473,0.202558078152728,0.543873413222651
9252,0.02747317107913,0.075727465324862,0.201172204801001,0.548515432604928
9253,0.0274627865782487,0.0756487701201692,0.200446417760288,0.550795009824425
9254,0.0274631332561181,0.0758158006655675,0.200467220271071,0.544737570375518
9255,0.0274611788531559,0.0756437522400671,0.200869795046128,0.553239903092704
9256,0.0274902676248095,0.0757543898539775,0.201245724221285,0.548206478069447
9257,0.0274879659561224,0.0757009576594705,0.201207177235724,0.549317759057008
9258,0.0274760521144859,0.0758641812392862,0.201259380683719,0.543937662181405
9259,0.0274642321833752,0.075864141381438,0.201077662829909,0.547726433995966
9260,0.0275021044968497,0.075919366296139,0.202134055091293,0.55663339612365
9261,0.0274905992176453,0.0757796398408666,0.202064129067456,0.553384158433605
9262,0.0274752115568436,0.0758967201657976,0.202389749237536,0.550747744424206
9263,0.0274746045725095,0.0757757467440652,0.202063480993839,0.554305705879859
9264,0.0274729742968275,0.0756972058735118,0.201487687231323,0.552726012117773
9265,0.0274839051025167,0.0757245779536694,0.20147710102436,0.54769636015009
9266,0.0274899410151973,0.075632199502822,0.200922444971279,0.544782271958383
9267,0.0274841307484315,0.0757481314179673,0.202108734173191,0.550497561185613
9268,0.0274821206339344,0.0757228021595933,0.201583719636109,0.545526658659709
9269,0.0274927232939129,0.0757323001739438,0.200797845612045,0.545240898671379
9270,0.0274736992734556,0.0757542319564952,0.201188462946353,0.546526675882781
9271,0.0274617709798231,0.0756999618653997,0.202308395030623,0.555225247211477
9272,0.0274807570342751,0.0757095171758457,0.201177680573888,0.550624604754776
9273,0.027472940496205,0.0757603733789332,0.200969787598597,0.548961093699953
9274,0.0274986089543422,0.0757660121796049,0.201316855580631,0.554773675618284
9275,0.0274689859571935,0.0758089321078437,0.202426581042259,0.549508816971805
9276,0.0274777775556523,0.0758468615310096,0.202226070578363,0.553957177253791
9277,0.0274736074457747,0.0757607900028439,0.202464968550885,0.550803950030241
9278,0.0274758285254723,0.0756696491819811,0.201780254700096,0.552793252769043
9279,0.0274723726292174,0.0756378444609136,0.201873549175335,0.548336985273694
9280,0.0274708266921021,0.0757971352917908,0.201006791340928,0.54920185057193
9281,0.0274774261285719,0.0757780623078147,0.201834437443881,0.556297021049417
9282,0.0274707010837758,0.075753226944778,0.201513900640381,0.547982382900864
9283,0.0274726325855798,0.0757476297114074,0.202758832032326,0.554646577274841
9284,0.0274745072946174,0.0757636579370774,0.202140200381564,0.543903608741505
9285,0.02747450007441,0.0758089455674015,0.201394156839576,0.545972460523581
9286,0.0274822415451256,0.0756805379051513,0.200164823396758,0.543377345298929
9287,0.0274701361084855,0.0756944595400495,0.200757200620525,0.547378560386157
9288,0.0274780035279034,0.0756919986757811,0.201499891363969,0.55075964776758
9289,0.027479550615571,0.0756791391846992,0.201394506752642,0.54584025789321
9290,0.0274803813582617,0.0756632497841012,0.200623191743418,0.544517003525393
9291,0.0274602565605576,0.0757147391778893,0.200970263864145,0.550271526640602
9292,0.0274578034059238,0.0756363007690051,0.201268599967971,0.54825657701542
9293,0.0274693717360034,0.0756997857295192,0.200500280507761,0.547915486029479
9294,0.0274689420639037,0.0755851813166428,0.20073100983961,0.548869273882679
9295,0.0274875882931122,0.0759245669345656,0.200934421896308,0.543887946659807
9296,0.0274738771124807,0.0756006559271881,0.201401418841402,0.551527064597196
9297,0.0274695251865801,0.0756885632063207,0.200687549366105,0.546335558265477
9298,0.027479097042987,0.075655392156112,0.201145202915364,0.551081301937033
9299,0.0274806049718099,0.0756812164076614,0.201724676467592,0.553391810468446
9300,0.0274884435030766,0.0758304887855161,0.202100510641807,0.54904451916018
9301,0.0274890152088471,0.0755988614390192,0.201250229287306,0.546028211249198
9302,0.0274710594795478,0.0756294968436132,0.200802165030399,0.546788421328389
9303,0.0274941016040067,0.0758012345258976,0.200449901150259,0.546744029414191
9304,0.0274951011250501,0.0757948257275683,0.202219954217557,0.547119574835768
9305,0.0274791090827915,0.0756767606110743,0.201672106385371,0.543745390326371
9306,0.0274660764665801,0.0757517056479094,0.201889795870303,0.554225938416731
9307,0.0274701017837005,0.075772708848504,0.201797098600353,0.550726747115996
9308,0.0274792815514468,0.0757365395804389,0.201242580274973,0.547176059948769
9309,0.0274788726393485,0.0757629191427385,0.200996899706613,0.54691579358228
9310,0.0274793365687579,0.0756124932600225,0.200881743100084,0.548083989100041
9311,0.0274827368348627,0.0757442609517909,0.20175664932548,0.548865738452981
9312,0.0274591541751213,0.0756523481615781,0.200854434605293,0.544495661392771
9313,0.0274858352959988,0.0757932850547312,0.201667752580645,0.548189514241383
9314,0.0274929443052489,0.0758039155913767,0.201561309744279,0.545325255645706
9315,0.0274750497223546,0.0757220516666137,0.201034913140745,0.546075651671848
9316,0.0274844915080492,0.075630195857482,0.200517586079705,0.542760825168329
9317,0.0274731472705095,0.0756161091144341,0.201692829370653,0.546472603762838
9318,0.0274748864746044,0.0756354542485295,0.20094166797234,0.546522108002092
9319,0.0274712562337896,0.0757837571545087,0.201953515898284,0.542514558583275
9320,0.0274594900585291,0.0757321909330459,0.201127168136054,0.544818369701928
9321,0.0274795435138064,0.0758132159652123,0.202248355059215,0.552941057463162
9322,0.0274864449202694,0.0758263412029842,0.202138296731736,0.546785749630035
9323,0.0274755032022807,0.0757119715897094,0.201368219908622,0.5483088441883
9324,0.0274887167375325,0.075738035493785,0.200950846397753,0.546028595275323
9325,0.0274725270745513,0.0756496225900643,0.201379735885446,0.550674377631948
9326,0.0274816319250472,0.0758442666218291,0.201099566862184,0.545720174206553
9327,0.0274831499565562,0.0756905388302669,0.200376593162433,0.544142958020162
9328,0.0274674765548709,0.0756713647045602,0.201858438718289,0.552563132492765
9329,0.0274762014893304,0.0757227139440868,0.201377079522239,0.548251008699421
9330,0.0274897340343935,0.0757755864864204,0.201456710755664,0.549889461991272
9331,0.0274830112748624,0.0757291091041667,0.200818454216745,0.545589789243213
9332,0.0274597665368966,0.075593687943845,0.201767241184503,0.551823316092173
9333,0.0274602980828285,0.0756196993710983,0.201436344173478,0.545375107448752
9334,0.0274895221559483,0.0758030269507476,0.201374774933697,0.553719324390444
9335,0.0274978390237324,0.075828484381418,0.201782515432688,0.551213926148762
9336,0.0274665011722891,0.0756845534745747,0.20166216713175,0.544703120009389
9337,0.0274603716082477,0.0756629378095196,0.200668843330761,0.546753420169897
9338,0.027482604218085,0.07574322334405,0.201821082955209,0.551006148775021
9339,0.0274742161548756,0.0758933501830958,0.202253777812978,0.550501050273527
9340,0.0274883049919665,0.0757154372260571,0.20150861196481,0.553820845104505
9341,0.0274723373908088,0.075731357376287,0.200710314815781,0.541915375519577
9342,0.0275009187968039,0.0758016300854748,0.201159331870974,0.547089663270339
9343,0.0274703218428547,0.075712376483632,0.201449129372174,0.545087070168702
9344,0.0274881501891613,0.0758911169319222,0.201595307990138,0.548351046327838
9345,0.0274734539573398,0.075673571402017,0.201326898719618,0.552131922562069
9346,0.0274812315082646,0.0758213476922332,0.201556001658807,0.548132843211333
9347,0.0274775349804033,0.0756937435997297,0.201246846614691,0.543264243755113
9348,0.0274746997325692,0.0756794416806219,0.202047051596304,0.550676831655644
9349,0.0274555231458059,0.0755971968589276,0.200960492069321,0.54732007472801
9350,0.0274891012453642,0.0758420953662911,0.201617473222345,0.545862007289986
9351,0.0274936867546604,0.0756751597965504,0.20103331678294,0.544090153886765
9352,0.0274855830014028,0.075820322666001,0.201177602229759,0.55348065685939
9353,0.0274858518834519,0.0758206965965226,0.20108355935248,0.546267567498786
9354,0.0274833425137162,0.0757526852105727,0.201113109918668,0.546043547824116
9355,0.0274684598029137,0.0757545028952068,0.201188899150076,0.549267478548631
9356,0.0274660806343494,0.0755810971059802,0.200802341588838,0.552317028561202
9357,0.0274671538747783,0.0756573445182057,0.201042347877675,0.54694671097583
9358,0.0274931285294114,0.075713881600773,0.201397491102642,0.543478762015746
9359,0.027459370479986,0.0757382895382226,0.201287489707099,0.55004584449056
9360,0.0274812887579945,0.0757396415704806,0.201679202977947,0.550094358252339
9361,0.0274586323834243,0.0756396126032138,0.200966210767449,0.549772482292312
9362,0.0274888592692471,0.0756526348555942,0.200546276190108,0.550640693058563
9363,0.027466483244256,0.0755880624369738,0.200428698901841,0.543377535211495
9364,0.0274802123495278,0.0758166210648831,0.201063115870455,0.546801574772974
9365,0.0274530726092061,0.0756955529758889,0.201683165265112,0.545786514621306
9366,0.0274623976680063,0.0756134600774662,0.201182457097447,0.548461130919269
9367,0.0274778301775433,0.0756690618710102,0.200368174540793,0.551936867634216
9368,0.0274633069891925,0.0757657510679624,0.20219471812133,0.554505646158776
9369,0.0274692909011996,0.0756388648481524,0.201445950883437,0.544751315151879
9370,0.0274741302568036,0.0757621101583995,0.201160537536805,0.550251832341931
9371,0.0274674989972599,0.0757544928535119,0.200762276750556,0.545024919347912
9372,0.0274870689973725,0.0758149716387378,0.201710409654692,0.551707492442105
9373,0.0274789542184486,0.0755855666493737,0.200850753072766,0.545931850030404
9374,0.0274879164896215,0.0757610098224264,0.2008729895629,0.544558753241486
9375,0.0274813058703435,0.0757588176705807,0.20187801410585,0.551480371008434
9376,0.0274683547076907,0.0757335071419773,0.201028970604977,0.545262725984446
9377,0.0274730607368589,0.0757592129965094,0.200592193117079,0.54377435768626
9378,0.0274656123658855,0.0755525427872665,0.200283996515087,0.542588821420795
9379,0.0274759192885174,0.0757027069138821,0.200216551019405,0.549047815954996
9380,0.0274649416401436,0.0756131385733049,0.201830350644371,0.548062694960616
9381,0.0274784666519455,0.0758331203864951,0.201536751386466,0.553705585265502
9382,0.0274782054886559,0.0756241938395475,0.201108901924169,0.549575177195402
9383,0.0274790803066944,0.0759108459728404,0.202750793063022,0.55764824385062
9384,0.0274811617316591,0.0757974600070096,0.201420320899195,0.544678838322302
9385,0.0274986090354253,0.0757445630863787,0.20169410239624,0.549061180725774
9386,0.0274840208524967,0.0758055477703149,0.201147982993918,0.548208512087013
9387,0.0274846419299018,0.0757044554129371,0.200569478950206,0.548060339621318
9388,0.0274682095139448,0.0757374223725296,0.201699891711572,0.54716473738885
9389,0.0274819284105793,0.0756633134914724,0.201709324184136,0.553380995596286
9390,0.0274881819732498,0.0756318504206547,0.202298151140181,0.546649300811758
9391,0.0274839762597452,0.0757630965558763,0.20168228567732,0.548329398621804
9392,0.0274834367589147,0.0757653995666573,0.201254676564885,0.545771783561212
9393,0.0274796838704826,0.0757547104409905,0.201113291226489,0.548455081974064
9394,0.0274915259608457,0.075642121081805,0.20115537496438,0.545024195513867
9395,0.0274600207475297,0.0756676698318501,0.200823245210759,0.553127047901808
9396,0.0274700170044286,0.0757866457055635,0.20143971612713,0.54923025294953
9397,0.027495269728744,0.0756104769600941,0.200381899926135,0.544045429911314
9398,0.0274813302715004,0.0757784923819511,0.201972779784537,0.555077237117297
9399,0.0274571095953514,0.0756386796179457,0.200817364954654,0.544520977359291
9400,0.0274592252779243,0.0757198158922945,0.200873717776569,0.552138002078086
9401,0.0274719651008495,0.0756152610754393,0.20108145031002,0.549123684348071
9402,0.0274913966576731,0.075798765590311,0.200361943279135,0.553986876068126
9403,0.0274804543665534,0.0758266685612394,0.201997458494133,0.549520141415708
9404,0.027470355402001,0.0757227032868026,0.20182813891376,0.549229984562319
9405,0.0274855642655151,0.0757452440973028,0.201820704286215,0.545646806150086
9406,0.0274723520862196,0.0756873808757616,0.201005102322772,0.549586828218952
9407,0.0274929856002521,0.0757621639238719,0.201011757462582,0.547354180665636
9408,0.0274784451341104,0.0756940779642606,0.200901443224112,0.549295464725824
9409,0.0274895508071829,0.0757656483551173,0.201176687150256,0.549408774719814
9410,0.0274888104811356,0.0758428063071,0.201238640847417,0.551962054893747
9411,0.0274784383591173,0.0756207904546966,0.201589104697997,0.547619127103288
9412,0.027485870183618,0.075762594791947,0.201694059460706,0.550591999179559
9413,0.0274688440912148,0.0757666064636963,0.201158084619791,0.546951042694103
9414,0.0274788105863993,0.075738357116434,0.201314496237528,0.547000109541467
9415,0.0274729974322882,0.075649317128593,0.201573025257538,0.542923743366566
9416,0.027475005936929,0.0757416801472588,0.202034511779457,0.549120476190441
9417,0.0274735105805045,0.0756373514953687,0.201654874510225,0.553043199316975
9418,0.0274843026238643,0.0756469754289258,0.201022034982407,0.54796460811172
9419,0.0274795828941864,0.0756444451278344,0.201510766525564,0.546861165295162
9420,0.0274802260078415,0.0756854662212299,0.201522398878965,0.551442463048823
9421,0.0274663328163261,0.0756307026865766,0.201548193567999,0.546116906682621
9422,0.0274787095948002,0.0758026576151864,0.20093618941287,0.553173911876765
9423,0.0274760193553307,0.0757033949326681,0.20135881677129,0.549911874317164
9424,0.027472128991713,0.0757552454305233,0.201371316506334,0.546658845628401
9425,0.0274655225500724,0.0756239174888893,0.200693809878951,0.549495418910023
9426,0.0274804958468758,0.0758822280636115,0.201779324228694,0.544559592029978
9427,0.0274714125728771,0.0757386446968801,0.201758440074595,0.546461182406041
9428,0.0274900515889395,0.0758134810807569,0.201701444628208,0.552830442515313
9429,0.0274767741980469,0.0757104234027965,0.200775571343771,0.550444267044336
9430,0.0274715204219661,0.0758128260171809,0.20173583078363,0.552177916915456
9431,0.0274914745046389,0.0757472514248233,0.20118423586359,0.552879441693537
9432,0.0274823792889643,0.0757547414099633,0.20198814315154,0.551094179535707
9433,0.0274783095723547,0.0757960766284013,0.201901782212634,0.551865972775089
9434,0.0274842537112245,0.0756955827580653,0.201706735827066,0.543452669392469
9435,0.0274764660497042,0.0757621291566404,0.20160745632695,0.54334430030863
9436,0.0274740125670515,0.0758236614981262,0.202439640927492,0.550651921134133
9437,0.0274695032944435,0.0756591066780972,0.200511137069502,0.541408519889079
9438,0.0274740448784079,0.0757434214572678,0.201624409244843,0.551314462924341
9439,0.0274836282463006,0.0758103584329229,0.202164146853131,0.549537673188843
9440,0.0274874800505388,0.0758194220276056,0.202330459118996,0.54792540496464
9441,0.0274723229165562,0.0758133752659891,0.201594593232634,0.554793338176817
9442,0.0274874607109862,0.0758170832470438,0.201491536261646,0.545919233085134
9443,0.0274712052746193,0.075809841627477,0.201306238801575,0.547115249160245
9444,0.0274830731329618,0.075682309903759,0.201199014539568,0.554931483388064
9445,0.0274814588448661,0.0757180673728825,0.201312359993804,0.554087387312474
9446,0.0274792145524388,0.0756079790655432,0.201059332814946,0.548326952076152
9447,0.0274877525290796,0.0758279245843376,0.201389092709323,0.545011156892709
9448,0.0274766569480539,0.0757428910245123,0.20093299947871,0.542855652725891
9449,0.0274749651319581,0.0757409262119935,0.201447553447754,0.549465552680422
9450,0.0274677118750826,0.0755631644335303,0.20094512096802,0.546853218967073
9451,0.0274914449346807,0.0756785759837905,0.200938685131799,0.543861540816884
9452,0.0274966204544378,0.0757273689747183,0.201056570370279,0.543510577608865
9453,0.0274773326984549,0.0757977313577917,0.20090513085784,0.545560177981152
9454,0.0274727627189892,0.0757592527822138,0.201456131077971,0.550865588677597
9455,0.0274663138374474,0.0757539944871475,0.201697023767157,0.549150425076162
9456,0.0274891588021294,0.0758270689695529,0.201033593427985,0.548254740247727
9457,0.0274756407862902,0.0757986917916794,0.201369008424044,0.551554219273807
9458,0.0274727247579034,0.0757730022518744,0.201181945686706,0.550049445121189
9459,0.0274786497360778,0.0757729741825832,0.201985093262045,0.546841980181756
9460,0.0274646682886798,0.0756880174704363,0.201888385999322,0.544098643031309
9461,0.0274834666467966,0.0757919347491364,0.201696521806837,0.548019737162006
9462,0.0274813560156672,0.0758176702113483,0.200464823355884,0.547648394350317
9463,0.0274832086661153,0.0756619258682672,0.201378273947951,0.550421160745712
9464,0.0274744624481713,0.0757639526435709,0.200838717501752,0.542612100451713
9465,0.0274825465286306,0.0758813542243332,0.201068506285221,0.547738307541948
9466,0.0274763106198212,0.0757578032032341,0.201316160473951,0.545847412619208
9467,0.0274732939625197,0.075763546662701,0.202192421839419,0.547034707694592
9468,0.0274773243800002,0.0757179627789122,0.201675276579722,0.549098146867591
9469,0.0274745101819021,0.0757556947233582,0.201050201555355,0.54387887982902
9470,0.0274704991853839,0.0757287963698716,0.201548222762738,0.546927154919615
9471,0.0274743891441395,0.0757604914892435,0.201002620724376,0.551569190952614
9472,0.0274784762084823,0.0757827840110356,0.201075605871671,0.551825509491964
9473,0.0274889276829769,0.0758594338455855,0.201130090398741,0.545801576944865
9474,0.0274737631822909,0.0756763847167847,0.201578793196602,0.546479355340765
9475,0.0274723007443007,0.0758327593751393,0.20158718694393,0.542448209485961
9476,0.0274734394454596,0.0756729265310927,0.201205554411167,0.54735839525503
9477,0.0274677977084528,0.0756995829806041,0.201855121074509,0.54673918996394
9478,0.0274725398686667,0.0757898795955833,0.201677897950848,0.549344279804923
9479,0.0274846172272641,0.0756948073629754,0.201715771950325,0.544039788427231
9480,0.0274769752409477,0.0755982361342251,0.201265781063679,0.545626130891082
9481,0.0274882849237825,0.0756932500261454,0.200995993679146,0.547921419512725
9482,0.0274636482320826,0.0756082475318026,0.200763145977424,0.546658418404597
9483,0.0274947406015311,0.0758052440336764,0.200480141907952,0.548750303935197
9484,0.0274784928801577,0.0757254437852665,0.201562738655177,0.54949483737963
9485,0.027467753882327,0.0756833055069723,0.201269117637344,0.548157070333467
9486,0.0274607520487703,0.0756777673871649,0.201603835501255,0.553647706210939
9487,0.0274686478572661,0.0757183588016356,0.20116449488749,0.544892121197789
9488,0.0274638911326994,0.0757473951342035,0.201128440352746,0.553814375983769
9489,0.0274810460610464,0.0756281743920959,0.200849668731082,0.550476124972601
9490,0.0274853267591878,0.0757545280565003,0.201321502589262,0.548937954162659
9491,0.0274733355970428,0.0757592790123426,0.201308392746787,0.552200794920904
9492,0.0274600825973327,0.0756893773710818,0.201086240407836,0.55231801535608
9493,0.0274681804714012,0.0757715296435542,0.20167447301632,0.544316137619931
9494,0.0274747591216591,0.0757608232527754,0.201086153202183,0.545474670050782
9495,0.0274786559872494,0.0757773795372466,0.201640309539778,0.548452457113952
9496,0.0274940708192442,0.0758138007063481,0.201409580264807,0.553324838114433
9497,0.0274852545417657,0.075654571418678,0.200604647286983,0.550467360090815
9498,0.0274762305154513,0.0757066069764596,0.201458753086915,0.552964432326607
9499,0.027482889552474,0.0758118771289894,0.201679390380448,0.55187361756314
9500,0.0274656077505483,0.0757202869763074,0.201429475660759,0.54732823537194
9501,0.0274811823835919,0.0758334488461184,0.201218192051623,0.546979965699744
9502,0.027471117105768,0.0756967872227693,0.200389474404867,0.551579467399922
9503,0.0274738491228654,0.0756256889377353,0.20101089247232,0.544354731881141
9504,0.0274596812740083,0.0756930315801982,0.202143147105048,0.549114083281677
9505,0.0274685773916178,0.0756589536814812,0.201109337296935,0.54642719351589
9506,0.0274830139731613,0.0757612093151909,0.200966347457693,0.542524696188339
9507,0.027478164500998,0.0756968374807879,0.202036500335626,0.553995869331361
9508,0.0274758440967254,0.0757216884929636,0.202225339467409,0.555562915032365
9509,0.0274832828859698,0.0757661815659865,0.202224789120647,0.551278767381642
9510,0.0274683190662099,0.0757791715342665,0.201337233355313,0.548879040393441
9511,0.0274826738095981,0.0757219691015177,0.201530966573263,0.552052661713872
9512,0.0274837112760686,0.0757726953923091,0.200666697394823,0.543590460756584
9513,0.0274870143287976,0.075758903464578,0.2016742103907,0.550439692426277
9514,0.0274638289733374,0.0755780462784763,0.200657023657597,0.547049827179444
9515,0.0274803459559514,0.075703098685152,0.201739836691159,0.548423453460762
9516,0.027477291410096,0.0757050747874017,0.201268072216145,0.551309752716039
9517,0.0274850851650009,0.0758434927921821,0.201743837010313,0.544469070679151
9518,0.0274751592303894,0.0757195096941887,0.200941678119321,0.553333650427635
9519,0.0274711670398945,0.0757405107972011,0.202465200046147,0.546735068189376
9520,0.0274926597861774,0.0757049935404258,0.20164535125544,0.553850049566691
9521,0.0274761068889037,0.075755220002826,0.201597869078414,0.548348118863596
9522,0.0274736958273057,0.0756722631461959,0.201873791493467,0.549424881855765
9523,0.0274798251103538,0.0757068824745567,0.201286506758905,0.544777517188306
9524,0.0274715598065816,0.0756569064079399,0.201324243892626,0.554296758795363
9525,0.0274751055683247,0.0756031746441569,0.201099773992786,0.5440751045045
9526,0.0275044842937143,0.0757584943630985,0.201478369301589,0.549607876493639
9527,0.0274752248308262,0.0757726799315819,0.201478806356386,0.552800836663597
9528,0.0274658882803189,0.075793659517784,0.201629260732667,0.55082692259718
9529,0.0274552216577386,0.0755943949254679,0.201407095214545,0.556786719931044
9530,0.0274916742270998,0.0757462586168497,0.201462785234839,0.550767678158639
9531,0.0274844346796124,0.075796722454282,0.201266270673174,0.550808638592105
9532,0.0274770623393063,0.075773518244347,0.20096072258067,0.547492331144877
9533,0.0274814933001881,0.075742284759395,0.201715607670274,0.548700926174047
9534,0.0274770986029428,0.0757976882608013,0.201878452848447,0.554099153864879
9535,0.027491274702694,0.0758530752195444,0.201772576995522,0.542760637007358
9536,0.0274824281381502,0.0757053311138332,0.201687149013851,0.55267982742497
9537,0.0274752699846346,0.0756648688720649,0.201129425032575,0.55138682900007
9538,0.027481478906173,0.0757645647320788,0.201533803097617,0.551962618416322
9539,0.0274804658983238,0.075732116278837,0.201579626501513,0.54884986376868
9540,0.0274861718494201,0.0758105672498161,0.202202486643992,0.546659790284887
9541,0.0274895691029003,0.0757595382481758,0.200701365346697,0.549765456701087
9542,0.0274819038024004,0.0756981355012076,0.201522384615795,0.54972596002376
9543,0.0274831314881238,0.0757261435156915,0.20150567524824,0.546414065046162
9544,0.0274838709629831,0.0757267740781132,0.201324268890216,0.551258254987649
9545,0.0274847168669125,0.0758435561633077,0.202467639258501,0.550512939450767
9546,0.0274823480597291,0.0758318787828308,0.20123604036292,0.549461071891081
9547,0.0274714782953682,0.0757855762349548,0.200965626674209,0.543833196800636
9548,0.0274754703659514,0.0757084745558627,0.201389997596503,0.543002313361548
9549,0.0274633574645558,0.0757539108097438,0.201732056407622,0.549317518824979
9550,0.0274843740913425,0.0758212926384622,0.201599369949465,0.555590203019804
9551,0.0274817283238239,0.0757631262284427,0.200896418853464,0.54774005724658
9552,0.0274710786307747,0.0756326594171204,0.201367502145568,0.544511203312469
9553,0.0274712343121815,0.0757515383564533,0.201707606944714,0.549241460975167
9554,0.0274948385281608,0.0757572450884974,0.20161600059589,0.545817091570665
9555,0.0274778578223544,0.0756375555431066,0.201729592203195,0.556436686408108
9556,0.0274827419665137,0.0757458457005605,0.201313168239557,0.547136699015609
9557,0.0274745019776053,0.0758454927790204,0.201140828583558,0.544543031782184
9558,0.027476502296471,0.075766074671884,0.20122005723203,0.549535947244348
9559,0.0274736587136654,0.0756893583532994,0.201512874089262,0.541117734175181
9560,0.0274714783320058,0.075858269220656,0.201517116551867,0.543980250319935
9561,0.0274732005376758,0.0756286432816864,0.201373142821243,0.549442489619839
9562,0.027480787639435,0.0758093923267137,0.201551210115128,0.550533938602813
9563,0.0274700228937524,0.0756195954656074,0.200788130131621,0.544482732447443
9564,0.0274806326030812,0.0756445698662205,0.200915199185607,0.546275848619371
9565,0.0274689421068353,0.0756761692457515,0.200818094097307,0.554148369242051
9566,0.0274805005729667,0.0757737562666292,0.2016596422963,0.547736262270053
9567,0.0274865355383268,0.075735880692784,0.201448314481675,0.544654256098394
9568,0.027481507249886,0.075850842462225,0.201351604515788,0.551773337119376
9569,0.0274915187858031,0.0758624107957178,0.200977491359747,0.545665018603554
9570,0.027471632242453,0.0756966933603869,0.202081425130969,0.549513941717785
9571,0.0274683379718978,0.0756464889654816,0.200253349190833,0.544749232628919
9572,0.027482713365131,0.0756792291274845,0.201073406453089,0.544289039265244
9573,0.0274759859558685,0.0757672191995754,0.202076068801626,0.548735719133513
9574,0.027487007260699,0.0756849230069905,0.20162477226875,0.549848458616409
9575,0.027493386390197,0.0756698989096599,0.200708522542877,0.544397874614955
9576,0.0274847258334283,0.0757988237587285,0.201491240621854,0.557192733691566
9577,0.0274807617420839,0.0757781752482625,0.202824680524255,0.547638277059
9578,0.0274788725501483,0.0756889863682105,0.201813386089268,0.553947153291934
9579,0.0274696315983271,0.075819789952998,0.201101250688001,0.545047961264825
9580,0.0274605890942387,0.0756097304495619,0.202612529760039,0.547724996780059
9581,0.0274816680619864,0.0758792487367913,0.201418395339197,0.54757904399922
9582,0.02748800243225,0.0758354582217916,0.201780675981848,0.551062832253191
9583,0.0274653526990931,0.0758056332692202,0.201676380382928,0.5477696369741
9584,0.0274781399411154,0.0757583163742981,0.200790505878317,0.545876828915102
9585,0.0274799868249901,0.0757818582340764,0.201174232741836,0.544726759449567
9586,0.0274850470742428,0.0757226969638281,0.201096435316493,0.546781995043633
9587,0.0274749586102477,0.075787407040058,0.200356437005064,0.545048969362678
9588,0.0274729621611337,0.075685911072182,0.201565973703963,0.550030692565709
9589,0.027475557758273,0.075734814521424,0.202536199524065,0.549690016925914
9590,0.0274911251898988,0.0756928697842808,0.201263450833353,0.545607697406334
9591,0.0274750174967466,0.0756731839332927,0.200845793622795,0.549054765354841
9592,0.0274833501803919,0.0757501755721344,0.201840625971309,0.553566434648236
9593,0.0274796022105616,0.0755859067344564,0.20066372442677,0.545289707292249
9594,0.0274724579155331,0.0758034176255022,0.202310906754086,0.556167668594606
9595,0.0274628582791212,0.0757906924893799,0.201447056590543,0.548442316128551
9596,0.0274851409737093,0.075763979559542,0.201331240389735,0.550903809096621
9597,0.027472431098252,0.075748561235165,0.20211072520735,0.551447771165205
9598,0.0274734561566875,0.0757340799142176,0.202112162713082,0.550867678598739
9599,0.027470677711328,0.0757225604388438,0.201615402113708,0.545444664162923
9600,0.0274903822321795,0.0756854497694912,0.201561997975938,0.557340546161464
9601,0.0274756308013091,0.0757160821221197,0.200681556159521,0.543140769993477
9602,0.0274784276327362,0.07578576557008,0.201253570269427,0.552513054647108
9603,0.0274753674554567,0.0757515190503967,0.201010063309595,0.550786244695379
9604,0.0274672049093122,0.0758102709859213,0.201000534505253,0.547095409802267
9605,0.0274753275424781,0.0757810059364735,0.201681716797819,0.549618273981911
9606,0.0274895519399598,0.0757856411842948,0.201547403902687,0.550145103198869
9607,0.0274881637353582,0.0757778601213632,0.202377621365874,0.547395700719028
9608,0.0274730343103303,0.0757127056399886,0.201453031357709,0.545497746798377
9609,0.0274837253010103,0.0758140043660025,0.201799246396249,0.547720124646601
9610,0.0274890591133753,0.0756253591093654,0.201269279130719,0.552630615029403
9611,0.0275060368908358,0.0757724930906803,0.200562330369974,0.555056801249415
9612,0.0274715258478394,0.0756323402611551,0.200824810364999,0.549995153930688
9613,0.0274769271875818,0.0757306219843138,0.201466545571573,0.548941460965187
9614,0.0274896314566546,0.075790342766994,0.201789601030693,0.549481477554434
9615,0.0274770559228843,0.075583135925577,0.201539745802439,0.552856368859205
9616,0.0274842134851704,0.0758316548178599,0.201497084026745,0.551654238234491
9617,0.0274874721106095,0.0757957359509641,0.201623899677047,0.552805922093189
9618,0.0274741510212476,0.0757879678428026,0.201554589233686,0.542251082727279
9619,0.0274827371431842,0.0755940575157581,0.201205367786443,0.544533100792126
9620,0.0274601729062687,0.0757129816798851,0.20113942440195,0.556058665930496
9621,0.027468743328724,0.0757874613845206,0.20143631019239,0.545175625116456
9622,0.0274786596515198,0.0757400740912391,0.202130459438932,0.544205308952966
9623,0.027455067328122,0.0756032427757433,0.200935063692592,0.546298958992082
9624,0.0274869657122608,0.0757926302606277,0.201606591920275,0.549738690210941
9625,0.027494291532674,0.0756006695896785,0.201423811660756,0.549243126123116
9626,0.0274774986704527,0.0756341152079715,0.200751373702888,0.549908295920281
9627,0.0274717843511441,0.0756910153357308,0.201073934400957,0.54522663814541
9628,0.0274928335407237,0.0758173565785997,0.202301444841059,0.551993474061614
9629,0.0274583002620419,0.0757629704462148,0.201397865471341,0.544969992029657
9630,0.0274711837071,0.0756560596895236,0.201463213291453,0.55153549129095
9631,0.0274764510816008,0.075767537525411,0.201252639032684,0.552441692309208
9632,0.0274944529230275,0.0758317128611716,0.201904229415938,0.548848993717171
9633,0.0274642199919393,0.0757703209934664,0.201962484203719,0.548784321532464
9634,0.0274784951256832,0.0756445472159949,0.201847263195516,0.544791824043983
9635,0.0274642104756626,0.0756095093099335,0.20102148230619,0.544248878771162
9636,0.0274571730876788,0.075668055141735,0.202104797496089,0.547765570311101
9637,0.0274872074444562,0.075674251301759,0.201930621297089,0.549807320970034
9638,0.02749066618616,0.0758886520524158,0.201159709325195,0.549720297984775
9639,0.0274888035336539,0.0757231501698923,0.201425240578241,0.546968634758717
9640,0.0274810500354148,0.0758257323197484,0.201673533132058,0.547934105236759
9641,0.0274853320009817,0.0758561857992988,0.200889490513918,0.548533709829776
9642,0.0274666827360302,0.075779417838788,0.200716760890867,0.54425626421449
9643,0.0274577066425693,0.075668847849383,0.201329220741548,0.548230985627046
9644,0.0274714700321107,0.0757189593870482,0.20074136572393,0.542415441478397
9645,0.0274806421457097,0.0757270366848626,0.200523810597484,0.546119181537657
9646,0.0274636937919263,0.0757095228508979,0.20116805477406,0.554275525401867
9647,0.0274726985593762,0.0757750747447645,0.201569769623703,0.553111927095646
9648,0.0274605434895175,0.0756464558837684,0.200904997916887,0.544232680350544
9649,0.0274772290844561,0.0755133298715755,0.20076978807882,0.547428529374833
9650,0.0274757977298501,0.0756942018017446,0.201421675887813,0.552760820771863
9651,0.027482586884655,0.0757176528521185,0.200569758408607,0.544543409541404
9652,0.0274722015325588,0.0756612808548509,0.20069595213486,0.545313990176179
9653,0.0274737854450394,0.0756436515052844,0.202118061174873,0.551099757000091
9654,0.0274914514866336,0.0757497649226924,0.201681970817428,0.55002911802213
9655,0.0274899086756751,0.0756632093281554,0.200804872505058,0.548207041850092
9656,0.0274920340511582,0.0756566814117575,0.201410118574478,0.553739942614964
9657,0.0274820942454658,0.075730521796845,0.201365020570031,0.542832134425853
9658,0.0274889636808878,0.0757686896545078,0.201653645624596,0.547774070540359
9659,0.0274844349067507,0.0758431797679617,0.201250186106826,0.551232925380696
9660,0.0274680093022222,0.0757179401805051,0.201331163572983,0.551704287788989
9661,0.0274835086088389,0.0756631946640117,0.201480174992468,0.55343450250061
9662,0.0274677480034637,0.0757056244995788,0.20189695981681,0.550359662142526
9663,0.0274779736137871,0.0757748469185783,0.201404439311162,0.545463264438662
9664,0.0274566502542841,0.0756462725878123,0.201659364022952,0.552853622857615
9665,0.0274699073809148,0.075681316483551,0.201511389074642,0.551998565795253
9666,0.0274777519320946,0.0756926952623826,0.201089282380921,0.546878388868049
9667,0.0274662119340615,0.0756929014063901,0.201444839461731,0.548665280356825
9668,0.0274736160593423,0.0757079187214851,0.200934514556113,0.547306659347248
9669,0.0274775989041813,0.0757897499611293,0.20103470697846,0.549617888565854
9670,0.0274954458194351,0.0758872445559875,0.201441450367713,0.549683305311621
9671,0.0274767769327055,0.0756975024019362,0.201408620722763,0.546705710339564
9672,0.0274781705047841,0.0757729939205148,0.201005292924135,0.551433079336992
9673,0.0274728012545599,0.075636879719858,0.200909349085184,0.545184696917643
9674,0.0274726789324804,0.07579774023094,0.20150207163982,0.547212720029785
9675,0.027488377768334,0.0757793504156593,0.201499864556987,0.542179953920302
9676,0.0274755334604079,0.0758181509788964,0.201394349879727,0.549231176099232
9677,0.0274758519208412,0.0757207401733196,0.201387730827488,0.548953946672937
9678,0.0274713352584819,0.0757325260170395,0.201382445546365,0.545398468931321
9679,0.0274912116627837,0.0758096008812118,0.20137853534671,0.547463366487245
9680,0.0274576636922773,0.0756929609585763,0.200941020515585,0.546413332291011
9681,0.0274823089970243,0.0757511019732125,0.201375557148954,0.546601788976078
9682,0.027469286997966,0.0756864872091375,0.200879682088931,0.543121187878383
9683,0.0274832839543397,0.0758381580967018,0.201643093928871,0.546497378143214
9684,0.0274727698807523,0.0758565807967446,0.201849796859535,0.552458158906593
9685,0.0274851656037786,0.075715121782533,0.200416600381069,0.547223189785848
9686,0.0274877340971224,0.0757642888949864,0.201522593290584,0.551690470824624
9687,0.027477101800988,0.0757254880975539,0.201314890390661,0.545727262420677
9688,0.0274626913487224,0.0756594913712033,0.201324032690408,0.55012504236038
9689,0.0274708364636008,0.0756925357279712,0.200310954987167,0.547554644895426
9690,0.0274793494705037,0.0757385627293951,0.201456171572804,0.548437949263191
9691,0.02748390060163,0.0757632209943998,0.201972355519455,0.551415246750382
9692,0.027464404394139,0.0757122857563784,0.20066916318642,0.541942511785228
9693,0.027465986125551,0.0757352370409173,0.201468035371677,0.547024072584006
9694,0.0274761438774498,0.0757776395050053,0.2016804415201,0.549029723080597
9695,0.0274786978602374,0.0758097509211881,0.201875396152664,0.549588740690235
9696,0.0274700073167256,0.0757510324265695,0.20155674127797,0.552580378794739
9697,0.0274848844928687,0.0756673980860774,0.201242249903532,0.550080007487402
9698,0.0274804109739124,0.0756914094220096,0.201181304713463,0.550071196985361
9699,0.0274697468670936,0.07570268824717,0.201388980071424,0.545424751540418
9700,0.0274662819089837,0.0756296273349595,0.200587905509037,0.549485695647025
9701,0.027467947377198,0.0757080099222676,0.200913366638667,0.548815498893383
9702,0.0274959858163148,0.075700628002727,0.201910359157288,0.549849043157972
9703,0.0274793718594501,0.0757448935191932,0.200576748208639,0.548392391610575
9704,0.0274851387994622,0.0758247424356766,0.201993752003384,0.549635894186718
9705,0.0274739462515712,0.0757024006824328,0.201328676101043,0.544246688212532
9706,0.0274748268289289,0.0756905080878282,0.200775687045832,0.545859386328882
9707,0.0274776313042983,0.0755797198675898,0.200991778024156,0.546707329480233
9708,0.0274819849732627,0.0757191753296635,0.20219147436152,0.544250574265023
9709,0.027465431798787,0.075650786909944,0.200797350639835,0.545540558563549
9710,0.0274642618630825,0.0756574788715361,0.20129232718824,0.55122581601649
9711,0.0274613376264886,0.0757358487709741,0.200643167283721,0.550232319153311
9712,0.0274898423172835,0.0758526687615844,0.201963233947413,0.552476740308337
9713,0.027474182907284,0.0757790605554392,0.201786639121429,0.549662995384034
9714,0.0274703334584838,0.0756463275493808,0.201273288833595,0.545464666615097
9715,0.0274518263206663,0.0756709855618839,0.201647254440489,0.555528614060136
9716,0.0274720648608531,0.0756418353982525,0.200370932294243,0.542295714435977
9717,0.0274847887769073,0.0756076007041525,0.20150021836753,0.549812833093533
9718,0.0274667484955642,0.0757166434674341,0.200945987912768,0.544681092202774
9719,0.0274776716213045,0.0756989850792681,0.201381425806684,0.549065205106652
9720,0.0274896500214724,0.0756685068187785,0.201561906938616,0.54925475387476
9721,0.0274861625793772,0.0758250881086706,0.202449220821945,0.553691555871384
9722,0.0274872105978021,0.0757968028377498,0.200939654208147,0.54778716748968
9723,0.0274797349195869,0.075742039416258,0.200802892120309,0.546407504920162
9724,0.0274956364365686,0.0757343873245601,0.201823357664829,0.550987710954816
9725,0.0274846258769697,0.0757430246028177,0.200976347568776,0.544316582689397
9726,0.0274827872760346,0.075600003085913,0.201034691228458,0.547252854803527
9727,0.0274880921767789,0.0756937396200007,0.201609090939016,0.547968073239523
9728,0.0274730343033892,0.0757560278776057,0.20167702241113,0.543052905699294
9729,0.0274688314455934,0.0757167764378747,0.200286218261845,0.547294573450832
9730,0.0274775777275131,0.0757177917774728,0.200767553458079,0.540750107166184
9731,0.0275112153070198,0.0757847696967462,0.201318403570417,0.548586580154781
9732,0.0274736651053323,0.0757697673031584,0.201814573125378,0.544040821461719
9733,0.0274693493336915,0.0756796873445618,0.20179822841924,0.54887871073817
9734,0.0274654375944501,0.0755907187051898,0.200883083841057,0.544013641602295
9735,0.0274941370776515,0.0757559121200687,0.202173957335566,0.549520044239122
9736,0.0274767785148961,0.075692787551833,0.202139194657677,0.5471002196309
9737,0.0274894971144723,0.0757966770187427,0.202299125708466,0.554192054733187
9738,0.027471667701126,0.0757134624756751,0.200870044883801,0.548750450237596
9739,0.0274717830028416,0.075726435274177,0.201656730797768,0.549424168366716
9740,0.0274867217688469,0.0758290226802314,0.201570098546765,0.544170015903902
9741,0.0274956909434508,0.0758284014789146,0.201872593218635,0.551230645042585
9742,0.0274662469397408,0.0756771013484202,0.201029193644147,0.546027966378487
9743,0.0274675092540902,0.075690078963863,0.200979396563165,0.545976578827225
9744,0.0274753276277792,0.0756580216485073,0.201445474234933,0.547307961734718
9745,0.0274908279026734,0.0756627105132976,0.202175856643136,0.547745758376846
9746,0.027488758245263,0.0757732543123362,0.202213363748947,0.549987592893344
9747,0.0274822106233574,0.0757360961369401,0.202147904068768,0.548851951609873
9748,0.0274741716893058,0.0757939141825193,0.200096084949046,0.542089107094897
9749,0.0274768285799905,0.0757404986404044,0.201752146464208,0.549796333508572
9750,0.0274752932979383,0.075775732467772,0.201861886511369,0.554546834208694
9751,0.0274651101625233,0.0757542831694042,0.20144442670079,0.541176671690498
9752,0.027477890975947,0.0757437697496266,0.201743541049719,0.551819907675615
9753,0.0274867559720916,0.0757303754289378,0.201907751794208,0.551235840158437
9754,0.0274581112004976,0.075646513937726,0.201070983496924,0.546016758703159
9755,0.0274772426315003,0.0757595637840738,0.201266998171547,0.54731734837338
9756,0.02747906888136,0.075651133021783,0.200609992587876,0.542109259700831
9757,0.0274749409635002,0.0756526662518841,0.201265045931583,0.549209086353351
9758,0.0274691769876301,0.0757545645891624,0.200924558574809,0.545433006771926
9759,0.0274786855406028,0.075756759847796,0.201580146590077,0.547742217452453
9760,0.0274931790347501,0.0757899035153803,0.201098536689915,0.551805015222155
9761,0.027477171131415,0.0757069564597113,0.20114272021152,0.544681132225293
9762,0.0274744423492785,0.0757566999672716,0.201675699174056,0.553581353896771
9763,0.027477176100192,0.0758556328623115,0.201491388687549,0.551862612526678
9764,0.0274504081088917,0.0756072987445343,0.200044559434472,0.547751544608909
9765,0.027472173872728,0.0756316519695645,0.201236702298661,0.551350057408858
9766,0.0274893052260985,0.0758049182188236,0.201630024001167,0.551101683458158
9767,0.0274795398427344,0.0757328556161408,0.201708012072204,0.546037315797359
9768,0.0274678619286645,0.0757850384820039,0.201871149830302,0.550897872254382
9769,0.0274684194237897,0.0756069332581841,0.201060624749801,0.550935999869392
9770,0.0274771448121304,0.075889042739347,0.202260712887744,0.547768872027033
9771,0.0274742112156974,0.0757660064216826,0.200477049235264,0.545697286851252
9772,0.0274892136672512,0.0757819997965885,0.201561253248755,0.552817077874523
9773,0.0274892244604976,0.0757672459037967,0.201000274002984,0.550935381378356
9774,0.0274861303945266,0.075718736998584,0.202138923501008,0.547714639443972
9775,0.0274712737103451,0.0756219784713686,0.201782531805992,0.541505311425671
9776,0.0274996311770023,0.0757123237863672,0.201204902540484,0.548393100327499
9777,0.0274778966129212,0.0757763651999991,0.201075591255633,0.549634765256026
9778,0.0274821514856624,0.0756502782172264,0.201675255586931,0.553897122813775
9779,0.0274758998316206,0.0757183716695223,0.201427486014004,0.551522691087276
9780,0.0274789050124104,0.0758194673648907,0.201299309008883,0.550083788095779
9781,0.0274840132764963,0.0756963334133827,0.201483369463493,0.547421077830444
9782,0.0274658851394688,0.0756190004825986,0.202279234273177,0.553681812081756
9783,0.0274953730102507,0.0757938376657763,0.202143894856084,0.556405504045492
9784,0.0274911809767659,0.0758114461629216,0.201143041723936,0.547035366396567
9785,0.0274832439693729,0.0756772585485899,0.200849738482621,0.554638066791263
9786,0.027481913432673,0.0758686930690213,0.202125257185304,0.548083351780328
9787,0.0274797971104022,0.0757478758091262,0.202171750234653,0.552607541062888
9788,0.0274896758520781,0.0758179856329647,0.200859018505183,0.540795891791932
9789,0.0274841201740202,0.075823825101085,0.201975773290872,0.548607260463364
9790,0.0274778828709328,0.0757181050219655,0.200563605316069,0.549958617871895
9791,0.0274636591149381,0.0757342640453706,0.202729468592813,0.552284637058192
9792,0.027475469379508,0.0755872602200585,0.201028252827385,0.549902931908107
9793,0.0274885141125937,0.0758718140636965,0.201359109037138,0.549868281861668
9794,0.0274783312633489,0.0756614620551112,0.201414001712791,0.546077160846628
9795,0.0274845942971864,0.0758260300690825,0.20149571771562,0.545811553093936
9796,0.0274901113722883,0.0759376164197089,0.202199564948723,0.542459484356595
9797,0.0274817701153187,0.0758155380511557,0.201671917843753,0.548528759974595
9798,0.027482535690689,0.0757627957076207,0.201500235044508,0.542010087255396
9799,0.0274685300847745,0.0757014364064148,0.201226680081335,0.543450662441449
9800,0.0274740692765861,0.0755848130046681,0.200045203671598,0.546720649717631
9801,0.0274648606411551,0.0756942835381474,0.20046024030572,0.547548463627691
9802,0.0274634212711378,0.0756283413694193,0.201125673736757,0.542464499996235
9803,0.0274736836520633,0.075675759870114,0.2009877341284,0.551445877173965
9804,0.0274822206273815,0.0757297725901956,0.202654230365774,0.552682646918391
9805,0.0274782007459158,0.0758189870454041,0.200482580424808,0.547789056380064
9806,0.0274706846618537,0.07569865758322,0.2007560058391,0.5495152015298
9807,0.0274726369000175,0.0755921380374025,0.200843967794445,0.549724967454503
9808,0.0274716822374646,0.0758289280951233,0.201639914350879,0.553387846364026
9809,0.0274688688973336,0.07572378899842,0.201518057348501,0.546663168991705
9810,0.0274662445963264,0.0756539522402232,0.201183174989219,0.554068657520517
9811,0.0274787394963876,0.0755953506663691,0.200921712086112,0.547758797962335
9812,0.0275047826188191,0.0758466993135199,0.201039738032642,0.550690906397399
9813,0.0274831503604251,0.0756912471724257,0.200831831276869,0.544214012960607
9814,0.0274749628326984,0.0756897065426018,0.201419199354584,0.552463597522588
9815,0.0274931810998835,0.0758240877845407,0.202698788133917,0.547100494099215
9816,0.0274627061372883,0.0756708149082163,0.200923351345442,0.54894974117822
9817,0.0274765255915979,0.0757457232889234,0.201147631756578,0.54417104635087
9818,0.0274708723187022,0.0758180591432496,0.201966909148013,0.550905255558526
9819,0.0274699426555171,0.0757343959991334,0.20105976637615,0.549424316563612
9820,0.0274773075882781,0.0757373855614921,0.200633277695568,0.548276162126949
9821,0.0274694162340542,0.0756768646133912,0.201398570102777,0.54743931536648
9822,0.0274768605951972,0.0757400050263799,0.201969387365702,0.547308073529079
9823,0.0274817338730517,0.0757340404575814,0.201381762509425,0.551597531407007
9824,0.0274908023027256,0.0758794765011019,0.200968724728597,0.548848422608919
9825,0.0274766135184485,0.0758731714997881,0.201567860362179,0.5475856198796
9826,0.0274810380895006,0.0757260900781731,0.200950021637338,0.548203092050651
9827,0.0274786900682311,0.0757053098683135,0.201990555248088,0.544836405414526
9828,0.0274781367714202,0.0758217214583435,0.202002892126887,0.550374487987358
9829,0.0274762493638946,0.0757848435602764,0.201869820102095,0.551214719286011
9830,0.0274754744849092,0.0758091792116418,0.201091722275123,0.551317597064019
9831,0.0274769468137963,0.07568676419731,0.201522375821205,0.545432896167458
9832,0.027479974941717,0.075811842135796,0.201583636844117,0.544727877305911
9833,0.0274680735553725,0.0757856692449168,0.201917549940813,0.547133238022404
9834,0.027481441512865,0.0757048806003249,0.201924640312386,0.552759488782656
9835,0.0274843102883562,0.0757352981797973,0.201311475598156,0.546989841435709
9836,0.0274719773466663,0.0756013453961157,0.200516273516693,0.550698357957545
9837,0.0274640648010065,0.0757690732133208,0.200626117761793,0.547966431277578
9838,0.027488727935434,0.0757730044312166,0.201410941840405,0.546090040792247
9839,0.0274744169462355,0.07582075117436,0.201463455493631,0.548795619744729
9840,0.027490198304469,0.0756997884935065,0.201697029858309,0.548230621934515
9841,0.0274747933234356,0.0757705082325924,0.201312292637923,0.54735056078688
9842,0.0274713350836535,0.0757804802247595,0.201792517037774,0.549960122466118
9843,0.0274705028023297,0.0756460219374177,0.200919788348217,0.550744750507116
9844,0.0274868658767209,0.0757849217852588,0.201278696556752,0.549557222863237
9845,0.0274731721617815,0.0756081583254523,0.201193905266588,0.547655982171252
9846,0.0274737527079467,0.0757469812211811,0.201429283052624,0.546504898290898
9847,0.0274675225685138,0.0757727349921847,0.201593081855895,0.548768684245883
9848,0.027479088863158,0.0757486751791459,0.201269858403939,0.545869682134711
9849,0.0274684242908623,0.0756528628970658,0.201770026328803,0.554951443810908
9850,0.027486051224486,0.0758403030681779,0.201970144763668,0.548914760813656
9851,0.0274708241153368,0.0756037399618136,0.201384675104488,0.546706872125867
9852,0.0274666682608432,0.0758329987437352,0.201273993265816,0.555443381956799
9853,0.0274688836871428,0.0756556127686616,0.200755577837693,0.546801910498062
9854,0.0274695457180513,0.0756807890691866,0.202060892438814,0.548497719463142
9855,0.027473324058183,0.0756013003398589,0.200614176411402,0.54562176974258
9856,0.0274721337148384,0.0757811135779554,0.20172026126621,0.550425626997007
9857,0.0274755537129625,0.0757387816190396,0.20102846841144,0.546857461827431
9858,0.0274640015648315,0.075848609470607,0.201570718519434,0.545513841693812
9859,0.0274833134902014,0.0758377243167165,0.201787816287902,0.546132565707752
9860,0.0274785948635858,0.0757190162471581,0.201515329540278,0.547335188993556
9861,0.0274668711838335,0.0757842102251417,0.201489353944099,0.555945451652398
9862,0.0274706225523443,0.0757704031575531,0.202390055045698,0.549941319574993
9863,0.0274778388499081,0.075669379270328,0.20192089734126,0.556924544143006
9864,0.027465118215563,0.0756616601505492,0.200795718746169,0.546282378267529
9865,0.0274817670183111,0.0757209537178396,0.201400211624343,0.551113165921496
9866,0.0274807017613864,0.0757561231156806,0.200559298533539,0.547243908555628
9867,0.0274615287305522,0.0756461055984036,0.201155647076061,0.544000919540745
9868,0.0274643029469953,0.0756448304300812,0.201433929633233,0.552032549748181
9869,0.0274892163085016,0.0756514572154147,0.201326621311034,0.543105780185705
9870,0.0274822238265836,0.0756871073495159,0.201505734749046,0.553986317178069
9871,0.0274668677906037,0.07573715314484,0.20177904500538,0.548328002399645
9872,0.0274879334341101,0.0757779933940623,0.201392147461733,0.549187691727169
9873,0.027486810100986,0.075755265362789,0.201588717329928,0.547610846516895
9874,0.0274624384084374,0.0757524486183317,0.202284787944752,0.550244775471291
9875,0.0274822389450839,0.0757779842918292,0.2012416631274,0.552514295415136
9876,0.0274744119826494,0.0757713442636408,0.20200607009536,0.555329036678745
9877,0.027496871451539,0.0757634136221526,0.200733517995997,0.543748859174582
9878,0.0274849676755501,0.0757201632646938,0.200664829034329,0.546548020294245
9879,0.0274573909115837,0.0756384618517792,0.201057416986528,0.545883016980435
9880,0.0274818617631925,0.0757236337063871,0.201097442284049,0.548794936130096
9881,0.0274684032879904,0.075792727640483,0.201859624767747,0.548541432242238
9882,0.0274723423480134,0.0757375003856691,0.201717343018065,0.551648388877983
9883,0.0274863146373501,0.0755469035673628,0.201635227810515,0.552048919300916
9884,0.0274714006469071,0.0756636520216643,0.202022953578326,0.548306054130951
9885,0.0274853236855501,0.075770840044954,0.20192293804727,0.550231520066375
9886,0.0274826129482005,0.0759478732126846,0.201402484493381,0.548152894660165
9887,0.0274806015960068,0.0757317330633301,0.200895010740143,0.548756977400348
9888,0.0274749270393385,0.075798012229848,0.201829786884968,0.546227498038844
9889,0.0274716071639715,0.0757078495427949,0.200628964086002,0.546334326934123
9890,0.0274739286421656,0.0757421183976798,0.201905278527014,0.551387303779975
9891,0.0274925646170587,0.0758203164071193,0.202226495072707,0.547424197528038
9892,0.0274862045976091,0.0757733163553177,0.201934435346359,0.554237735746595
9893,0.0274588894144057,0.0756304290890709,0.200957640240998,0.543107409636952
9894,0.0274822167910224,0.0757449336193709,0.20137744746737,0.548311454589999
9895,0.0274855651111236,0.0757810461809486,0.201262634620074,0.539838051457306
9896,0.0274675112196681,0.0757700780676099,0.200950993037076,0.54093355846995
9897,0.0274702385240917,0.0756657746780649,0.201429950485432,0.552033805618794
9898,0.0274897644579136,0.0755697085576935,0.200733322749925,0.548085593825834
9899,0.0274750423523451,0.0757432167862231,0.201001578909029,0.552043412662412
9900,0.0274740538325459,0.0757622305836727,0.200632449534394,0.54281535899119
9901,0.0274785188652272,0.0757098113374419,0.201331761599083,0.548528044421464
9902,0.027492216856359,0.0758301341640224,0.20184744403553,0.55600813851627
9903,0.0274785299184319,0.0757150825070681,0.202241831023692,0.552770162265512
9904,0.0274782134932888,0.075636020445901,0.201109586267679,0.547577948280538
9905,0.0274863705440438,0.0756654724286166,0.201547800512369,0.549443856026933
9906,0.027462278619076,0.0756055476396669,0.200820562080509,0.548702433054675
9907,0.0274669205713708,0.0755755134682452,0.201246900345921,0.544751902232013
9908,0.027475475281615,0.0757698724750782,0.201136887877732,0.547797185322959
9909,0.0274770398721904,0.0758829431100949,0.201537069486041,0.550834915190096
9910,0.0274806186790481,0.075531075580534,0.201459681957798,0.544839600493665
9911,0.0274734130990194,0.0756695005293753,0.20137104489721,0.549065086770156
9912,0.0274919881525432,0.0758623004514827,0.201655105534028,0.545067331413392
9913,0.0274785101939286,0.0757328599524318,0.202392293740744,0.546740953948314
9914,0.0274746302646142,0.0757457039047972,0.20126149987561,0.548561818565098
9915,0.0274930249957286,0.0757565339729869,0.201689604424567,0.547307078897748
9916,0.0274875103309746,0.0758212728431137,0.201477472275427,0.551035936716336
9917,0.0274770407977526,0.0756638603270781,0.201802390665263,0.551610938182122
9918,0.0274853539657314,0.0756987254624088,0.201615507419928,0.55087939267725
9919,0.0274769581224132,0.0756797583506129,0.200546862140954,0.548959184485755
9920,0.0274570052399651,0.0757362508698594,0.20136918091877,0.553548640660963
9921,0.0274719238483529,0.0757420896931047,0.201299406319171,0.544090434986288
9922,0.0274692539519213,0.0756155503603117,0.201319632055241,0.546922138408534
9923,0.0274652602901677,0.075766667466694,0.201557362820734,0.548879153319603
9924,0.0274920901263226,0.0757919446644651,0.201934427903732,0.543851037758997
9925,0.0274625248660545,0.0758206341139631,0.201142130028006,0.547257151231422
9926,0.0274823148576336,0.0757190693647966,0.201159410324497,0.545009643080668
9927,0.027489004999747,0.0758292991105292,0.201484024726261,0.55130034610932
9928,0.027473324294462,0.0756273618610211,0.200842937482718,0.553780793663224
9929,0.02748747627105,0.0757658221129933,0.201941685865098,0.546252162916481
9930,0.0274814822974886,0.0757732188074407,0.201845212978025,0.548840068852438
9931,0.0274758154168636,0.0757611631736713,0.201903546312898,0.549619557698791
9932,0.0274761742960916,0.0755879286645207,0.200848101174808,0.542833149310817
9933,0.0274741818454043,0.0756948558405589,0.201219422672915,0.547576043597645
9934,0.0274765482098148,0.0757117461068829,0.201287600561599,0.550480548112598
9935,0.0274809517820241,0.0758023746053957,0.202285500128721,0.55111130068863
9936,0.0274790736783073,0.0756886842835965,0.200939852557748,0.546442916066952
9937,0.0274739776217544,0.0757365587614136,0.201210383092497,0.549076156914747
9938,0.027479401302917,0.075662700987209,0.201845166118566,0.549367265082411
9939,0.0274715849267629,0.075739727800345,0.201308643029443,0.546717684851788
9940,0.0274768644627082,0.0756793565156392,0.20180163014487,0.549970023360678
9941,0.0274820976005455,0.0757614818977891,0.201033556144777,0.551070219893308
9942,0.0274691550408098,0.0756815998442644,0.201843012041943,0.543562965755622
9943,0.0274713545957066,0.0757488567638169,0.201685387472931,0.545968813512571
9944,0.0274885756904501,0.0756910456765045,0.201274728770703,0.548497324377005
9945,0.0274769857805843,0.0757729029382948,0.201234968668738,0.548785541436003
9946,0.0274780997714764,0.0756689723006918,0.200234267483084,0.543322206007395
9947,0.0274715605894078,0.075471514281899,0.200905579887032,0.553632386518683
9948,0.0274735366321414,0.0757018086625043,0.201195918609799,0.548302318787989
9949,0.0274749426623326,0.0757985896329672,0.201533576773612,0.5521200645193
9950,0.0274743439724827,0.0756801647004325,0.201041442007186,0.550884885923128
9951,0.0274746073075453,0.0755504286117248,0.201221977730687,0.548979989714269
9952,0.0274741700697705,0.075777308400847,0.201878480230668,0.546009212468361
9953,0.0274824208837677,0.0755837225483049,0.200661753225139,0.544386138499515
9954,0.027468064563947,0.0756895958928188,0.2018469022016,0.553256455568126
9955,0.0274847579223579,0.075622382969784,0.200394617645118,0.549044260653168
9956,0.0274775876074099,0.075735483458829,0.201071715197563,0.553094216289607
9957,0.0274713176006706,0.0758474854774655,0.201347625485762,0.551591947993515
9958,0.0274767651162228,0.0756819632636958,0.201378724423572,0.549155021091808
9959,0.0274752367225406,0.075830600729361,0.201883495909067,0.551120263842098
9960,0.0274737121458978,0.0756993300098206,0.200816480928295,0.544913037258409
9961,0.0274914379733333,0.0757424359049684,0.201584848923951,0.549217591477436
9962,0.0274707441546672,0.0757346684536536,0.201363870276768,0.550052830924761
9963,0.0274647234054416,0.075734612441383,0.201554554131255,0.549614620279917
9964,0.0274583527502172,0.0756015646961283,0.201173508944811,0.555092325992951
9965,0.0274732536052462,0.0757919962272371,0.200817751562221,0.548309730920552
9966,0.0274836593821343,0.0757321597400301,0.200945018695155,0.544473294701196
9967,0.0274843871052798,0.0757640729405502,0.201644719203315,0.553036054111462
9968,0.0274651427455938,0.0756519285961924,0.200540240118276,0.547311269957252
9969,0.0274747335487485,0.0756597521041064,0.2017094749489,0.547033158322124
9970,0.0274804276843923,0.0756426687244674,0.201315651844358,0.55151340147744
9971,0.0274824028405516,0.0757557576599323,0.20110441580834,0.549272773334653
9972,0.0274762008289673,0.0757496290581585,0.200464155620535,0.545355407284781
9973,0.0274868922586195,0.0757862576820813,0.201733420732328,0.552512731292628
9974,0.0274716848990579,0.075639036760261,0.201578714798371,0.548309030050147
9975,0.0274698124178076,0.0757502061140275,0.201419458299464,0.54846039985306
9976,0.0274682663607168,0.0757202718552829,0.200689520969662,0.543681057230378
9977,0.0274871161527234,0.0757684703496493,0.201799653272619,0.55099491420595
9978,0.0274823973264194,0.0757388246207962,0.201237481023805,0.551551893756535
9979,0.0274706381518516,0.0757014733665286,0.201085767753142,0.54673111544743
9980,0.0274740867938774,0.075744106762706,0.202003552419096,0.548359247152201
9981,0.0274656651757631,0.0757436243716384,0.201172453780482,0.549249137677172
9982,0.0274807556149583,0.0757529287020792,0.201030141339283,0.544602419169075
9983,0.0274724579657678,0.0757250161200222,0.202005773786709,0.546753115432747
9984,0.0274770127423795,0.0756745978417325,0.201735268742781,0.559961753789501
9985,0.027471962562371,0.0756430463443422,0.200916516446786,0.554029260368629
9986,0.0274859767517855,0.0759173566822012,0.202320482549232,0.548611153243889
9987,0.0274799290759071,0.0757579285898386,0.201410474638377,0.550971248007668
9988,0.0274957453754283,0.0757770027721116,0.200875248756422,0.54959170558283
9989,0.0274693080535752,0.0757396960511045,0.201574693340018,0.547543899635249
9990,0.0274762770226485,0.0757180466055082,0.201702993825627,0.549366051740815
9991,0.0274783002855135,0.0758231270425724,0.200829556304486,0.552753696395018
9992,0.0274741311984005,0.07577764421612,0.201180929014232,0.548995938024314
9993,0.0274717356530331,0.0757474400117785,0.201966122175788,0.548850638888053
9994,0.0274730193170949,0.0757144578870699,0.20209121061638,0.551513889279476
9995,0.0274664629051954,0.0758137903101608,0.20116500221619,0.550402381688029
9996,0.0274687132793907,0.0756943722147716,0.201484074569815,0.546132509957914
9997,0.0274907240348451,0.0758167420759693,0.202437673554274,0.547936924476019
9998,0.0274804959383166,0.075710955751054,0.201047411401793,0.546421665539555
9999,0.0274593619334936,0.0756094218708631,0.200971623738458,0.551572205545648
10000,0.0274774493079812,0.0757280744267421,0.201636677390173,0.544948763436167
