"draw","lambda_at_index_7","lambda_at_index_13","lambda_at_index_19","lambda_at_index_25"
1,0.0836097810577162,3.99247942904548,1.53042311151364,1.16994296477615
2,0.0822160613432423,4.97205002559287,1.72781906389671,1.18197163965194
3,0.083396363437407,5.02850281493725,1.66683717883193,1.22155381507479
4,0.0817353757370057,9.01076119781989,2.11749151160664,1.28731105603586
5,0.0844127915092848,6.07477099947795,2.09856755623732,1.16093493815024
6,0.0833379163501659,4.70044551277024,1.85888085399094,1.23114809710333
7,0.0834785598642302,5.7693835772187,1.91923874627436,1.23612158754616
8,0.0834466783524092,6.05269692346542,1.51754333306654,1.15903511775556
9,0.0828012854178258,3.38439898672562,1.27426496237102,0.986989880124401
10,0.0844985564502283,5.48249449803277,2.89605585140998,1.17262074613371
11,0.0842407695878958,3.39355388512879,1.81222810815551,1.07954525007638
12,0.0834931209508475,7.64140703839898,2.58740587167994,1.18354404117859
13,0.0856579791507795,8.62731022959334,1.52216596236878,1.06040769176843
14,0.0854904696535228,4.77063534180048,1.62656090918428,0.939662831027258
15,0.0828209152197676,3.87477277424155,1.80272275093868,1.42430831332352
16,0.0836872002120466,4.26568186233691,1.88954449258022,1.14103192516816
17,0.0837735787158208,3.02205047525144,1.28850876383469,0.934023320679862
18,0.0829616187263264,6.10527390111187,1.64777577193444,1.08995885564154
19,0.0839341295339434,14.6023304381429,2.00014151548182,1.29556816777576
20,0.0835273369184662,9.13013172336554,2.13320983873773,1.15701935910661
21,0.0828110983794894,4.29508361643792,1.74065821426738,1.32806140518314
22,0.082887691621957,6.09960759616599,2.05148015948566,1.2730672067432
23,0.0837069992215959,3.73384912181092,1.30418206174801,0.951066415832904
24,0.0835117619236194,8.71406632440787,1.86720313243439,1.24655344957364
25,0.0837442300810531,3.35037286812728,1.59623671451671,1.25526358774259
26,0.0840157553949243,4.09808026673872,1.24363714492895,0.910363548705749
27,0.0842264007165186,5.67119719786253,1.68655835721185,1.14382613653879
28,0.0829512828823232,2.84438228916635,1.44836319309365,1.1080053083289
29,0.0848773740658867,6.76552888735685,1.57289751911652,0.95293764811916
30,0.0823862495314344,6.59571762478646,2.26263917775863,1.1316906132565
31,0.0833243126007349,4.00680265635856,1.34040307976881,0.914874487974408
32,0.0839911950157267,6.20502429290342,1.83358032907032,1.14253973133806
33,0.0841397783041773,6.93428231442754,1.83687255501817,1.15457684414425
34,0.0853124976559787,8.15380070957976,1.55896581201487,0.884729953249574
35,0.0837098407626762,9.6116550036755,2.18835198898349,1.3328523047601
36,0.0842714912788253,8.92217209163717,1.92962528365409,1.57041695927149
37,0.0813773266109788,7.97678578645895,1.87584785613539,1.30925542717945
38,0.0835947725647347,12.4602438577364,2.20406200322705,1.70035054301219
39,0.0839253580449116,4.019058875942,1.56308840026018,1.04937278817667
40,0.0837694728791337,2.98740347566301,1.36279165068212,0.894341904427497
41,0.0830438763411397,6.43415172687338,2.04702261542873,1.20596625496803
42,0.0838657278921076,7.12197907401913,2.17661803339331,1.17127449410014
43,0.0825554093655614,18.4024301277342,2.11718374487613,1.26163390794769
44,0.0833596097529163,6.82339852363887,1.82685664035741,1.17059247093131
45,0.0834264259201793,15.3785225160239,1.86662520240383,1.09167525358085
46,0.0841331175386886,9.5443300917199,1.46838571643201,0.919178722605252
47,0.0841216153139676,4.25978957022365,1.47382756350645,0.981706975953356
48,0.0845688344872726,11.6120175782603,1.98457827728416,1.20049338697924
49,0.0847644225271744,4.06082625588941,1.21738220855857,0.89660914725316
50,0.0860987871147849,11.1161956361291,1.90727354364665,1.27389601171874
51,0.0843065157578092,4.12404967730333,1.38070166874661,0.938986339536969
52,0.0835799810174378,4.98993471133847,1.21900910790971,0.997378296007815
53,0.0832127061191301,4.03814625272426,1.62477568521322,1.05685614230625
54,0.084696875821781,5.78833608363997,1.71206376137034,1.0449334006908
55,0.0837781322267347,4.35198184309287,1.84339104145052,1.12640767475774
56,0.0846425270998118,3.65661909056682,1.62160733234083,0.936289343932143
57,0.0835918662837178,3.23854135009889,1.26747044868566,1.11022653492346
58,0.084668406474559,7.49028094017568,1.68428408695149,1.03390173219371
59,0.0846839710133753,3.34535196368505,1.93419793664754,1.12043168699015
60,0.0830201634156954,4.5985754537561,1.49054639650811,0.977432048545564
61,0.085216427558442,5.4254131861787,1.46142557665488,0.872119766591328
62,0.0839917062033407,5.44813160255752,1.53128799840494,1.28520972386541
63,0.0830985113326648,4.08851548731015,1.89216837481543,1.07891025964094
64,0.083782922220115,10.3272757787123,2.00667663087757,1.16477947661449
65,0.0830413716221846,4.64449391286873,1.55012469457087,1.1743699690751
66,0.0839386542843899,5.94957613652963,1.65317459717323,1.08205394767275
67,0.0832154830952024,2.99657175785093,1.63775801369872,1.02240487362489
68,0.0815975715954641,5.92512965972465,1.98745974960273,1.18740683641388
69,0.0831697584641113,11.6082485325196,1.95839699564463,1.11054289019754
70,0.082061117107929,3.49887568828227,1.28505569386564,0.978395804992883
71,0.0840364121298556,3.29702725266562,1.31953442925302,1.03022303204257
72,0.0822275909717326,7.46819379573932,1.88231006615491,1.12073216665188
73,0.0832126254003295,5.0412202155662,2.21675035015326,1.44941765703871
74,0.0818424317581519,13.9661683834441,1.84567777699891,1.25247009932146
75,0.0819373040567132,2.9661858353663,1.10276272522794,0.844969218176732
76,0.0850794037071617,3.3981918142179,1.52892354019595,1.0635054573296
77,0.0820212566158006,6.25228666196705,1.78001966139772,1.12293704444564
78,0.0837253361528827,4.68988212852818,1.91774015024704,1.35329282050233
79,0.083526362075335,12.6034842523784,1.95240247553455,1.13814858966748
80,0.0823080794026416,7.28600242852229,2.17564190798394,1.37501530149086
81,0.0833558085002058,3.19834488734296,1.47001229123394,1.0499008990894
82,0.0836393980402484,4.51595833468653,1.59133704334139,0.983262955161822
83,0.0820268417046368,5.90302548512218,1.84320051996609,1.04631392446181
84,0.0840517819768878,8.18056006440548,2.08623584842843,1.02054265291933
85,0.0839873964655552,2.97471538377814,1.14602295777344,1.00814827369329
86,0.084646270864175,7.22099929846179,1.98046922065057,1.06867699576672
87,0.0835938412082328,5.51407501723398,1.65405490912129,1.06162350763038
88,0.0846721088238706,12.5863023718265,2.50542820678192,1.26141563060085
89,0.0829921626573091,12.2797792031313,2.14654486294415,1.1843453973953
90,0.0848915425410096,4.44104732117417,1.5572553902299,1.16861532645393
91,0.0839565695015335,4.469761796181,1.66380014629286,1.25359668138793
92,0.0832358745163538,3.31070276322706,1.46104434221522,1.0144118844544
93,0.084250290155658,4.12391207197381,2.07960525109798,1.16985500559698
94,0.0841414610636308,9.36951265170183,2.51183068667489,1.58223062781943
95,0.0840229287210682,3.47329040484431,1.89148647501744,1.2150514826078
96,0.0835363407660595,7.67851129752157,1.58323154471952,1.05864229809526
97,0.0844396765456331,4.39710675362883,1.4334877788395,0.876211061088283
98,0.0826449221425004,5.00128795353925,2.21763755077394,1.10606912107859
99,0.0844543075247247,6.06698942063244,2.0993720973725,1.07314518111096
100,0.0834872300967374,3.37576801419689,1.48482609756233,1.14787842991656
101,0.08423882222647,7.93759804192429,2.43704393676496,1.28022183653452
102,0.085270164792319,8.71154398864395,2.22933894538777,1.12094288882271
103,0.0836973576631162,3.46513449243006,1.35284396718901,0.970256176722945
104,0.084242585560903,4.6070351951519,1.51106967566334,1.07460366617882
105,0.0838244885806155,2.98873230061551,1.82443582053454,1.22258804762601
106,0.0847590825604909,4.57032667813355,2.45199675746258,1.53814834368797
107,0.0834595048017739,3.53394007866708,1.42156099723811,0.836354745308385
108,0.082755737912171,3.00453447337179,1.4132200851962,0.967147421537195
109,0.0842779583828771,8.9523376949172,1.93293344648992,1.18973282520704
110,0.0848268813188377,4.41012936482552,1.47505779941094,1.26613447275699
111,0.0832486208185857,6.5497157650271,1.41201710232771,0.91547418586739
112,0.0838191830584085,5.0313786797647,1.72279030597146,1.34871124999776
113,0.0839797479692917,8.08738864845767,2.09746237384285,1.36102861024256
114,0.0832229576072195,15.7479946852418,1.99560109527462,1.17065951341601
115,0.0831816142982665,4.32759046502783,1.26223946577775,0.798499230341813
116,0.0840185714348219,7.24525419813816,1.89648747864689,1.28980607009538
117,0.0842702098642676,3.52101584424804,1.55169968615675,0.937929774144575
118,0.0852754171824492,5.39081211748349,1.55206123446602,1.1235311959082
119,0.08397241529124,4.07836548337259,1.52277249236338,0.874576848580264
120,0.0845831473395477,2.75707315935071,1.36417329638779,1.01142201910187
121,0.0830201463201825,2.89934217434694,1.45768952483985,0.977772754314232
122,0.0838588444745171,3.38466867788361,1.37869851134717,1.01529886717965
123,0.0835316052435404,6.73697321962945,1.63652135765269,1.247594188404
124,0.0822776185063198,4.02837516934366,1.4539839405557,1.03768362460138
125,0.0814079329086504,3.15080961537473,1.36240159812847,0.996910621654826
126,0.0821014003963999,3.82411980312518,1.59341281389144,0.85900904169329
127,0.0832558702351875,2.8840092571582,1.42326782724867,1.04383951773522
128,0.0834047923042771,3.14894254536675,1.6622039851374,1.02120544655406
129,0.0840012767444358,5.11001241411017,1.56116939041337,1.09040042382913
130,0.0835047996635478,4.91554551012098,1.947424388959,1.39283287478447
131,0.0829255624893571,3.11555828273241,1.47433321435087,1.05385993418645
132,0.0831900396503044,5.97684018932671,1.70497650655945,1.05833010167011
133,0.0843863367762532,6.90406108915186,2.05135996292757,1.44818024977469
134,0.0828857405031204,4.58910729142677,1.65754760146896,1.0544511994913
135,0.0830135697913976,8.13719431349985,2.09150934544786,1.29888421243652
136,0.0843621524370599,19.1925034259871,2.01309322900435,1.49902690479099
137,0.0833043447756648,4.62983092549543,1.45908271546086,1.25693055131356
138,0.0839832072436108,5.15690116552236,1.45010586561842,1.10657394415709
139,0.0843055706127136,11.1980586467095,1.98425318763747,1.25532754581092
140,0.0818849554531648,6.85544889025871,1.99435803659112,1.21589086986286
141,0.0836860868413208,6.47041017123183,1.76952875401831,1.06499983853185
142,0.0839218629424254,5.49018922549746,1.76998341140161,1.06758722761851
143,0.0825083755544194,5.69732000200135,1.50830853299606,1.05895863871612
144,0.0846291074803869,5.56070550126636,1.72210313389355,0.987974231061959
145,0.0835837410694754,2.93535821928622,1.5484530935228,1.13834452101875
146,0.0837483045755002,3.54705381090845,1.34373523500925,1.0293423398161
147,0.0837221299491101,2.96800347719817,2.05063736135458,1.17371371119573
148,0.084409175782827,18.5895598009629,2.9768986028326,1.26728666731887
149,0.0823846766607798,7.78751307306963,2.03752705813114,1.2484258069121
150,0.0816699823824104,4.11337762685153,1.50762272857596,1.09397371301593
151,0.0827083946127985,7.18806787272776,1.84873565919669,1.3266754071198
152,0.0822039629006372,3.75636851938021,1.6564433219841,1.18825739945938
153,0.0856442163215894,3.66433778462993,1.52290834839697,0.873189190207303
154,0.0853720004802836,5.75313639220925,1.43204445621545,0.946532496260801
155,0.0832288674351502,10.1031480662162,2.01755161991832,0.97071669629382
156,0.084227193236358,4.75264741091356,1.87373217803544,1.18247221728982
157,0.0837065878185937,9.08107743774802,1.65742866166449,1.0719148475748
158,0.0824941488714765,8.45345837149438,2.4242377852051,1.4106732893635
159,0.0839952502292856,5.80939177048592,1.34096231078606,1.05016982363396
160,0.082823293960668,5.7476587893913,1.83953595592416,1.16645874144213
161,0.0827570764751089,2.90763088536197,1.70055443582854,1.24425334637549
162,0.0838159445538378,4.74205711990158,1.32269836857599,0.970703569893792
163,0.0819674703656743,5.57377545873533,1.72760167137133,0.998033748439302
164,0.0855290912221908,6.80928807179072,1.67004231952428,1.12829115042886
165,0.0840704781380358,4.83113989468119,1.61828970450676,1.32052045287521
166,0.0838774651368934,4.35066447197602,1.2591081217989,1.063352684428
167,0.0831353773105875,6.38584236627781,1.83113982019159,0.925577760941209
168,0.0842676815763562,3.94484157465055,1.37218546292231,1.09920863227366
169,0.0837939384724433,8.62277665497615,1.97891439851962,1.2765258455523
170,0.0828299971538945,4.97332753117686,1.31196794901305,1.03300994703723
171,0.0824714245867402,6.17883234270045,2.23787412557312,1.35454217156866
172,0.08353031706928,5.92069851399767,1.6804876106046,1.22358909571418
173,0.0838641122063036,3.26760040720567,1.60959340795312,1.13104637519963
174,0.0830277669166664,10.6435082595099,2.22392618824218,1.30735130226703
175,0.0831382698669069,3.77393934134185,1.7231858046324,1.29139448586523
176,0.0839148215427899,7.05723973087795,3.05847083317392,1.29904537183652
177,0.0818490048323749,9.74358748410846,2.03635228809642,1.1497863194397
178,0.0829152201362639,3.51967868650793,1.54606242357986,0.997282671318027
179,0.0816542953014519,9.6902904983835,1.93332366639545,1.37075719010181
180,0.0840937210444508,4.94595065526379,1.6343557191038,1.22021253373879
181,0.0834911705069888,7.24067658098539,1.5580777358664,1.0821956129722
182,0.0841213663425117,3.07385790760731,1.50449031629057,1.08684863475228
183,0.0829855311618296,3.66941498890176,1.41730999513052,0.931860977497819
184,0.0823463239394321,4.53263027806931,1.25896350204486,1.14246567694462
185,0.082132034079204,4.98775604504422,1.29626707476331,0.830450891748053
186,0.0838050243271578,5.43936811428449,1.54041405661843,0.977213251804986
187,0.0852484714230262,2.83366943114487,1.25069200377914,0.928280018408322
188,0.0830256874590385,4.51344306658353,1.37531072253396,1.03754175794796
189,0.0838987144292729,4.36064028712808,1.37975110840982,0.834844837964817
190,0.0847466541314399,5.03472998069804,2.38989197112723,1.27233775602013
191,0.0834136647239098,3.87582926783261,1.55247496132395,0.988945915305267
192,0.0828870629898611,5.32832352828051,1.67946753714298,1.13236809786659
193,0.0833457171453044,4.04364516717166,1.99512856424688,1.0754374102456
194,0.0837693254406944,3.05763551433253,1.35440747955934,1.00722816456736
195,0.0843195744578735,7.04611713207261,1.72017997483107,1.11679655038011
196,0.0841491156399298,7.48489837062773,2.02583140825882,0.969753792854258
197,0.0837538365134355,3.2117383638767,1.44311576258542,1.10851584360963
198,0.0834456916015294,5.3241134869641,1.49937042310379,1.09565102061711
199,0.0828205280762247,15.9743124938881,1.68730380361449,1.12499143609469
200,0.0843624609073424,10.2251125459577,1.97874170209453,1.40054396328906
201,0.0817495547722014,5.26819178727299,1.3809819092469,1.09212359180553
202,0.0848217867677847,6.77794563076066,2.57107628792562,1.49212154589059
203,0.083896323705249,6.10316746729708,2.11099420683398,1.39662813259076
204,0.0836526293231069,7.1505230875217,2.25412370183859,1.10837676503055
205,0.0842791696601407,9.59799924993735,2.32910059564059,1.05633301449742
206,0.0840419725245506,7.27152156633468,1.86262323425547,1.08353463860099
207,0.0838141485688423,5.63305645832538,1.45505859862651,1.17062830769545
208,0.0844696438369696,6.424869067876,1.67382830150017,1.48789292349035
209,0.0833692798319012,6.84220387701552,1.54635147294313,1.21493039044179
210,0.0830502593974444,3.04217547456112,1.23204439898363,1.04351619991097
211,0.0840611763991395,4.1665280049825,1.47515680628451,1.04538366327742
212,0.083161514500742,4.26393424419266,1.81038719449882,1.12289752216794
213,0.0830576727528605,4.1942840224489,1.58518297308688,1.12732379127462
214,0.0826369341064045,3.90342945929758,1.63959327035198,0.992207979304906
215,0.0816124311068536,2.96694557017343,1.35117586805361,0.977215443870276
216,0.082659637250376,12.5736348856048,1.97635860960022,1.33777184075851
217,0.0845138015083993,9.27677947737922,2.15266812796094,1.11683839519154
218,0.0825274960982916,4.30427656278099,2.05042072841488,1.18656380503621
219,0.0840734421645435,6.69996505880694,2.25083653041741,1.2842224259868
220,0.0839180163008093,4.46886823499807,1.90057472138659,1.18135537281939
221,0.0856112521456256,5.46059475254901,1.57624204571259,1.17623550890711
222,0.0824401963700186,6.95964921442825,1.98659221447555,1.0811676255979
223,0.0833176529002062,5.63544335302566,1.64763689561143,1.31717618096116
224,0.0838012259262967,4.90900602933998,1.64910532421883,1.22307542558644
225,0.0825667928138288,4.14826459027455,1.65446187215015,1.07881980547164
226,0.0844150304396361,5.43874111310057,1.80817125109377,1.18108759542431
227,0.0826517131528553,6.85101459767761,1.70173341423044,1.21182759173659
228,0.0830568906974245,3.99485126337533,1.7928447635872,1.05565603010524
229,0.0847387619331119,4.30670964134662,1.55064271735074,1.21006880630437
230,0.0837426526411962,3.6555554110217,1.282334938073,0.956351513198443
231,0.0833742296719167,4.6703163486113,1.70891264722745,1.08783422021681
232,0.0838874923523198,6.22858715026696,1.76132737887207,1.36632344872819
233,0.0823377630625378,8.05201986536524,1.56472745565913,1.12755623711274
234,0.0823675748867962,10.1247234449405,1.61602022159176,0.989378190377663
235,0.0847478019606018,3.69684375563193,1.40895031318447,0.889502775012191
236,0.0837474773069148,9.98654399673002,2.18381182014498,1.4508057954333
237,0.0836732318038061,8.12425991966599,2.01221315597699,1.317736858377
238,0.0842320853767368,3.47182049727298,1.40980615160354,0.946845236114994
239,0.0822057528018944,21.5175123346957,2.60259959096138,1.25475166873198
240,0.0821514765514959,4.09229800544283,2.05490801186771,1.18134827951747
241,0.0842950834953494,14.0556506483381,2.64111540271364,1.08307683744852
242,0.0823549819260809,6.36251895255237,1.68024200323612,1.14201773322566
243,0.0828329533745973,4.4395900597131,1.8041879640775,1.14217436327368
244,0.0847964998106789,10.7209923006314,1.77997188084922,0.97810088555929
245,0.0831378391138998,4.95298135947415,1.54104049636608,1.08529955958094
246,0.0834307870789994,5.74279206534622,1.81290612512778,1.04667423581679
247,0.0866846889206797,5.86930346020408,1.47058732422723,1.13328640592902
248,0.0839782417883719,4.09358940597264,1.34719295405284,0.874465114366924
249,0.0832473697882052,7.69833398159835,2.31848308340707,1.38790145467666
250,0.0831257536180678,10.7087458494715,1.75228594165511,1.1590607899397
251,0.083207727729729,8.09337831756513,2.94259306479985,1.59771715011066
252,0.0844495832067544,5.08539012990662,1.87493180552761,1.15682660761602
253,0.0840224002858449,10.3011153800923,1.80088014248237,1.29133746743938
254,0.0826491785247744,7.5554581745276,2.1340372679802,1.10427773362397
255,0.0840098200892509,4.89514167458891,1.899294102523,1.1449921416574
256,0.0842180773604855,2.82416406466436,1.41496705048711,1.01694384263915
257,0.0839201714343018,6.5088144975334,1.76472904210768,1.01522844085295
258,0.0822456384719639,3.81010216076491,1.33211580743493,1.08075598101696
259,0.0839917299081012,5.6603042782589,1.70029458588057,1.06129969380165
260,0.0853657413041916,4.31213916233438,1.65734770020525,1.09916518205022
261,0.083509131471663,5.44584715606841,1.62454797636209,1.04190184001696
262,0.085414099348844,11.2430573542006,3.1094290600716,1.65272786840641
263,0.0817010742829616,2.8187082973439,1.28416400985446,0.866247625252839
264,0.0845032710118432,4.68375322551262,1.45073118731835,1.06908956729233
265,0.0823931092302345,3.8661245995393,1.64437612747798,1.143693308531
266,0.0839782228882984,4.76690360978715,1.6097798907356,1.08609098025371
267,0.0832557124106194,6.1737561085207,1.44589194244271,1.07690441218763
268,0.0831823414954732,5.10132010146964,1.37587903605175,1.03694858537033
269,0.083764665944061,6.60187987544388,1.73765285115322,1.33345530067566
270,0.0842637830681006,10.0662416170916,2.19168066072814,1.17699229232355
271,0.082691960734653,3.78171961681743,1.68231399045626,1.04449650205693
272,0.0832709944643682,3.47343040368733,1.66941411318826,1.06382095058131
273,0.0832398198743043,3.2108082433915,1.24759443461374,1.06902392905758
274,0.0834169502225765,6.5358074599878,1.80415456516824,1.37359697815515
275,0.0833410301485466,3.55926375641782,1.42442322456278,0.868781794363265
276,0.0833868175005753,3.80847280751102,1.73791689450638,1.04843696155098
277,0.08403659771048,3.02408703926194,1.28293324023129,0.774138939688201
278,0.0832887328548468,5.0123808076103,2.02995870165044,1.44326698467624
279,0.0828247844378417,5.61973619349785,1.5072595665083,1.08437184049289
280,0.0819846686931375,3.24380463028383,1.50380746880461,1.25929058462412
281,0.084518541590556,8.83093148434585,2.38558792139597,1.36592261406594
282,0.0840966701675172,4.32518366809568,1.67727024455847,1.07160910135841
283,0.084704776631241,3.28286054502325,1.19910678692739,0.829277339758189
284,0.0842233843739125,6.20764876964829,1.76384487646765,1.09375304615473
285,0.0835497155106798,7.80533011366646,1.57894473945347,0.96079215372842
286,0.0842034476080781,2.98704457410992,1.10907673719311,0.816577071814394
287,0.0846699255059596,3.44704529347415,1.85796066102364,0.959178395998007
288,0.0854837101973952,3.81451757677135,1.20156904623926,0.950962070506925
289,0.0842099347221189,3.3518952150209,1.47985457449027,0.920198114559758
290,0.0835395392165272,2.97584438741787,1.61576662292606,1.03497756038891
291,0.082582583054852,6.30780623834235,1.6259418032406,1.17263165639049
292,0.0822612009043013,3.29718977321714,1.31726447875775,0.997693839419511
293,0.0842756404080579,3.22886743230009,1.2327093627236,1.10012070153922
294,0.0838958586744339,4.59269522524246,1.86023385118343,1.33737188731227
295,0.0823276993913995,9.09625963260768,1.59000807508182,1.09949848862915
296,0.0850055670248452,3.58400104628952,1.84032184134181,1.10162166398565
297,0.0824758170392203,8.0931758937172,2.24894082541729,1.08581484771229
298,0.0825458006587987,4.09664201179883,1.66306463357359,1.30059266871377
299,0.0836220015091189,4.86377025551046,2.02140869085268,1.30969392980425
300,0.0828416917853034,4.30803094192495,1.49700101981091,0.975609306452561
301,0.0844884900500409,7.70906872773437,1.87661703976514,1.02199853015207
302,0.0833632008914661,3.98144468075859,1.44374345053329,0.974718632261928
303,0.0842074473143968,5.02507799028243,1.5589749959159,0.96523479339241
304,0.0842215130746248,3.06722196766219,1.21676901442989,1.09361159709358
305,0.0855769026912233,2.74844215306252,1.40341090733897,1.18642998547793
306,0.0858373357488214,5.55900240287873,2.01712205674566,1.04246442462019
307,0.0840624312272424,3.41299198839464,1.59735654191052,1.1865075369084
308,0.0831660710407123,10.1414705134684,1.57037421288129,0.985590391244061
309,0.0843488370995505,3.78489362432406,1.5832412056978,0.89422557031555
310,0.0841002553738812,4.31485302868015,1.37645279718876,0.992667549856586
311,0.0837975201305672,5.11489222116445,1.67992319394288,1.29705847885344
312,0.0832652459835829,4.12266327769083,1.47320847025556,0.970803676497746
313,0.0832414339843057,6.83683445227734,1.48876805971377,1.21825577097128
314,0.0837696628835629,2.70665903460982,1.13165043044852,0.868085579870447
315,0.0837189029347035,7.9168436457218,1.7660211860203,1.09347037969555
316,0.0840700503456107,3.1043396143764,1.28472118692034,0.956877995482419
317,0.0848062204654014,8.73490548227511,1.74790142896061,0.97456150960229
318,0.0831582604841899,3.81055762623882,1.83539612967532,1.11539847529923
319,0.084351361278713,4.7770824608696,2.61874079290264,1.26745284491041
320,0.0837265913012511,4.03677191597409,1.63002804562739,1.16798306789505
321,0.0832663497494451,2.68871537883134,1.13505031398555,0.888935356221009
322,0.0838916016924125,6.67719288557314,1.30681446845274,0.979686187567287
323,0.0824969941387727,4.82535886624132,1.84506246800568,1.17843147319118
324,0.0842036196974244,3.43973091132704,2.18054734508093,1.10269344948317
325,0.0829395010925179,5.97677837588749,2.30997524533298,1.18464112561502
326,0.085216717316702,8.50419699914909,1.84857155808193,1.55992229948042
327,0.0833215474768944,8.36805254367974,1.73828343006622,1.15597639735838
328,0.083212861566535,7.98005320356368,1.9181958161748,1.39962626134138
329,0.0834850174666663,5.03519811537037,2.50484841641317,1.18194433532283
330,0.0831999748756354,10.4475403030229,1.91373613377184,0.973565528890857
331,0.0831938784890862,4.20711861993844,1.77224771056804,1.02160948724254
332,0.0838456865982613,13.0714234800712,1.63869378703807,1.23409236052722
333,0.0834590156543652,6.28714088825926,2.07960914159261,1.30195543038411
334,0.0835250990401983,6.89867828313754,2.07858021667195,1.11667637411856
335,0.0837762835859604,3.4912502382695,1.32655950515218,0.974150806052255
336,0.0841571225723738,4.10341373179172,1.72297336879992,1.02017112644896
337,0.0834798885619188,4.71194998240883,1.8639154181879,1.05171891941989
338,0.0852968780483703,4.57453311878047,1.65485124219322,0.989126620979208
339,0.0844299806390218,6.91389229503131,1.69747701329686,0.931590826352722
340,0.0840964952603983,4.58141680061133,1.56839800164988,1.14289268529172
341,0.0828592423660615,7.96137113473896,1.91274048114228,1.11998700073717
342,0.083118574371187,4.06368641102068,1.67371651882695,0.939946601919755
343,0.0841042641386875,3.24046571483115,1.57752588401228,1.02724736664301
344,0.0842706837194174,3.89099036971701,1.44060600023122,1.02203074388508
345,0.0845653372242002,6.28437714299963,1.92316535407167,1.11197354193549
346,0.0840819067260865,7.36719461136637,1.93423989345163,1.25078283901917
347,0.0842919230588154,7.68124508949633,2.07138159862278,1.27785191692692
348,0.0828945496446412,3.2372373948996,1.18054535289249,0.935396899833635
349,0.0836063757476596,2.77982003870196,1.22993965032598,0.969531662373324
350,0.0838101320372688,3.87505532061476,1.61340998160776,1.30547521708352
351,0.0829717692868518,7.25085795132385,1.87321043158619,1.11666461288235
352,0.084489032147673,8.8211914370226,2.2651665743124,1.11198663270272
353,0.0816937925025331,10.3925254729266,2.93180033843746,1.74679454716366
354,0.0829668777806375,5.10218802750879,2.16463790529112,1.4456690778817
355,0.0839121178941885,4.59428114562373,2.14158605219301,1.21733604000518
356,0.084326326945621,8.53590527010818,2.06693705269212,0.938029418666537
357,0.0845413208185347,18.5461557197728,1.73110902769701,0.988729097862011
358,0.0835535985957323,3.02418467023172,1.41945231798776,0.978994784442581
359,0.0846276485441739,4.8920290113942,1.42097991051938,0.913799426783762
360,0.0838944322720492,4.66104801355365,1.19027797815198,0.880686170966697
361,0.0834326304869888,5.74570180840979,1.51290752012912,0.87815867272133
362,0.0837188682196752,4.14025777725824,1.79979469889872,0.959380186996234
363,0.0821988410987305,12.8881443580742,2.25787233362972,1.54961892831002
364,0.0831237296896541,3.70169137578357,1.98980109808696,1.08072615948077
365,0.0827249994609007,4.48201592809618,1.64975902999525,1.15817512552863
366,0.0839372608710224,5.509658800618,1.51811389784524,1.19506432816203
367,0.0829683412907214,5.6494176167208,1.74364008153127,1.15464110169394
368,0.0842829991500847,5.4100842990728,1.55830768077931,1.17185515006002
369,0.0852543582472419,9.41456398656422,1.94771566861524,1.07091685537668
370,0.0840436820407468,4.78892897275065,1.64458518747802,1.16603176563364
371,0.0821836105205488,3.03724161394545,1.23920297967313,0.980866866407449
372,0.0815679060215295,6.07033892352417,2.26529104297851,1.06384541365956
373,0.0835847074320629,4.94388119574228,1.57817938019678,1.04832476546586
374,0.084363801284533,3.48907350995253,1.4201792772673,0.880707021299567
375,0.0834687776468108,3.96458125275604,1.65691870991476,0.94262995014291
376,0.0848914195748817,4.25569652658629,2.04402521021257,1.04983606964692
377,0.0826332938225366,25.337511730655,1.99081441840078,1.10462642948316
378,0.0831076455040531,4.50685541206669,1.52686159602087,1.14114338686198
379,0.0821601496172657,20.70374107862,1.67672808629768,1.2219613148017
380,0.0836387646939956,4.30577559209127,2.22587802438174,1.0728051483012
381,0.0827033375428931,3.45983017600062,1.48627493754076,1.22653407077149
382,0.0827642798599881,11.052956419436,2.20979420377737,1.22017958777124
383,0.083534611621276,3.11993764037425,1.19001207491255,0.863162295885849
384,0.0838324422854421,3.01928215151564,1.83455000598534,1.1522386234159
385,0.084523750115517,5.2066222151408,1.70527723124628,0.994577932882344
386,0.0827339189890817,7.20777490456579,2.13396936739535,1.1140948856781
387,0.0819316160715785,6.26845296085741,1.47526906542871,1.14045646044922
388,0.0841022576857658,3.76367830480426,1.56435255283434,0.958240504742163
389,0.08314834681912,4.591512584729,1.29828364291288,0.909999439960593
390,0.0842827146512989,5.17755881904115,1.43754604825614,1.04970173187866
391,0.0845335192970537,3.9865541045777,1.31785584787928,1.00859839812155
392,0.0820448132872684,4.31822093546871,1.59750077628287,1.04324484500607
393,0.0843324043202504,4.33081447714111,2.14838977291302,1.4554555519015
394,0.0837430617824083,3.24064429009628,1.46663110093083,1.13171646298652
395,0.0833194019213321,3.07039962470225,1.70729533660037,1.02710083782072
396,0.0831625487510617,6.00130078891956,2.3018066690898,1.13754752991068
397,0.0820360353099669,4.82273495340115,1.44101542023014,0.992606893312448
398,0.0827662049442742,5.8752143979713,1.39445777203699,0.834188403226099
399,0.0825252751514887,7.18784162585194,2.04493268379287,1.17489676360661
400,0.0843751842401149,3.41347983374928,1.22385480871729,0.845562498114405
401,0.0840662536907915,8.35181439386878,1.67556463335744,1.08370684476541
402,0.0848678270132734,4.20515897950227,2.07945392931818,1.14066206890887
403,0.0856004253120625,5.0776384700389,1.70521839741961,1.22714043089814
404,0.0859961749595424,2.99749122189963,1.21783868922693,0.863389007299883
405,0.0855293535400654,4.27638607695446,1.52202716167546,0.896253559207464
406,0.0841568690332797,2.82016333368196,1.31565291410281,0.962358696086421
407,0.0834890068571729,3.71277857828034,1.42321469968672,0.918516847743161
408,0.082289279823114,4.54947360146557,1.8233541580643,1.123751269152
409,0.0844700836995761,9.21331881273854,2.35913821582011,1.73451999895079
410,0.0860772930730207,8.56257605627533,1.96351773198951,1.60891681714785
411,0.0849474988007003,9.28949769843803,1.74986241911211,1.07643793029096
412,0.0850746306329717,3.60872503531183,1.78880838493434,1.08470890612587
413,0.0843760411553168,4.426618480303,1.60110728463322,1.23230570246319
414,0.0839114915227079,7.03295790338165,1.76294134868464,1.04196960932063
415,0.0840247890202464,3.26773585001879,1.71627666585101,1.03363072409732
416,0.0820973261765565,6.73364532658165,1.64314142086731,1.13558363627551
417,0.082432199693332,10.4195613817558,1.66427383805574,1.08690353366444
418,0.0840474467129719,8.12760290496509,1.68084490880039,0.974179906377377
419,0.0822536466659513,3.39004599822065,1.89585232260921,1.11647240115253
420,0.0836016607265011,6.58131595659507,1.59383634939737,1.10127677993728
421,0.0830963274412344,4.26802950202822,1.45637973892442,0.978696810615175
422,0.0842440877277219,5.00950602137391,1.84767489312722,1.06157865470717
423,0.0841660072897313,3.35758661587771,1.57058857275982,1.05448406186188
424,0.0830667442658303,5.2738651431065,2.15684423885053,1.07681857143066
425,0.0824957176871902,3.46686860826773,1.44711505202068,1.24428805814301
426,0.082455827387803,7.44978228897059,1.61725378958391,1.1255659642239
427,0.0828125579491162,10.2160849457468,1.80419021042962,1.37833194359911
428,0.0829614509397588,3.52580171626067,1.56837016742054,1.31648834175999
429,0.0829217371756479,5.7258059910192,1.62158148363489,1.63819379103121
430,0.0843738820945663,6.49109192729889,1.79545124576142,1.25151194445625
431,0.082635168682515,5.9732137824732,1.48443717841951,1.0907297768793
432,0.0836291921631343,3.20504445025697,1.53541618513534,1.07178452907822
433,0.0836894578738286,2.91026944989968,1.25359434730576,0.818950215099866
434,0.0827280151169518,2.86796635157696,1.39274044598391,1.00207189893243
435,0.0838300958027849,4.14866170697172,1.28698870105676,0.911834650851635
436,0.0852449264134229,6.2339632023059,1.90786466272899,1.46049516336479
437,0.084164549317707,4.5166710706848,1.52015991459369,0.925809820980953
438,0.082934853600956,2.95771207400349,1.35174729738803,1.0581051856709
439,0.0830156385835159,2.68401529543676,1.26991242974902,0.997260174254786
440,0.0847431620863169,2.82802457938218,1.40534221459188,1.06569342477402
441,0.0839703829976911,7.74177089382235,1.89442828992755,0.953137104348535
442,0.0838339470454611,5.29177749599404,1.49748902221583,1.15219913284305
443,0.0842500150753983,4.14772654680667,1.58211176776104,0.953598199420936
444,0.0822123973243284,12.5877762011349,1.78290920597122,1.17201186259095
445,0.0856410078199081,6.22035997142234,1.7584380725171,0.879125833554688
446,0.0839402099512054,2.81501153798156,1.90867494197733,1.04854656486982
447,0.0839829713520539,3.14604128807281,1.49884067344457,1.12940745868107
448,0.0839382635372279,9.20813559580801,2.40621878569304,1.18592364685294
449,0.083923739369015,4.89565335043788,2.08912264296409,1.04062338210335
450,0.0853243646629108,5.97054988907152,1.55700177086355,1.08207246922478
451,0.0846357296020932,6.87976207212707,2.49873955984677,1.24142832704575
452,0.083454462721965,4.62295870790515,1.48718737399056,0.862017760445252
453,0.08410156132125,6.19184360471402,1.87366559072359,1.04949468317804
454,0.0830679664478211,5.74827880672928,1.83984578658239,1.08173360617675
455,0.0837910817533773,9.12704048183199,1.79667979221544,1.25160479350421
456,0.0848353445166571,2.84693825257372,1.5846388760391,1.03136024952879
457,0.0840281454651587,3.24639896973285,1.72475737022575,1.02966909199966
458,0.0826316222932957,6.04745601316791,1.89265092738761,1.00753285487428
459,0.0844615630502123,3.6592589869765,1.76787673144444,1.31997324405804
460,0.082932098722996,3.87496315404987,1.37612412762355,1.13990824504029
461,0.0808957790020002,7.57216450243607,2.17841078305285,1.52702956353482
462,0.0825948760252091,3.14102112572773,1.25002469552295,0.924491377432234
463,0.0843745749668057,8.19135396366673,2.16031962216444,1.13086271450694
464,0.0836646918620488,3.47973395013867,1.63410397819726,0.973230785766457
465,0.0837148670792982,4.84368390063118,1.94404087666232,1.22494048511018
466,0.0856039842438915,9.11431193716263,2.49536777901625,1.44507901158334
467,0.0837672430857581,8.58041200019152,1.85948230059721,0.964081017474224
468,0.0829509685365091,17.324909906601,2.16417287918012,1.29336358725296
469,0.0857592737673343,3.75882294723872,1.44530585354335,0.986892930592053
470,0.0847854216368192,5.33647314848267,1.51824073437078,1.09236375852506
471,0.0836572761402993,3.17501526269796,2.08123164810971,1.1548867028919
472,0.0824597975292046,3.01122677634087,1.45103444602914,1.00914455279646
473,0.0842779306066799,10.9216487597532,1.57187660589767,0.933125842741533
474,0.0828859261322898,9.91192181238782,1.81223777451231,1.19720144149771
475,0.0841463789190098,3.4949331359489,1.59018626081716,0.999136042755293
476,0.0837365898042396,3.54702351303158,1.55631382520116,0.979417551853192
477,0.0835852063365467,4.0663051573923,1.3057507057165,0.944559128153659
478,0.0825462350126948,3.92625958770567,1.5466632920381,1.07676144760568
479,0.0841774804487723,4.43433901683469,1.66383639509268,1.05694459305549
480,0.0838386131460794,2.80621493909301,1.44900415439272,1.11627355649028
481,0.084501386595322,4.61940773723437,1.31244892366609,0.893300284472488
482,0.0826294602282209,4.34942610886776,1.44797856026184,1.1834121649851
483,0.0851810203280137,14.8962302846224,2.53183370577813,1.237922715822
484,0.0825048774942084,4.43999047242978,1.99683764145693,1.20677399313005
485,0.0843069572181097,4.45795258131826,1.35989622197846,1.01554042267484
486,0.0839821664306863,8.98563092121011,2.96603214524352,1.53913208045044
487,0.0845039245377125,10.2832701149492,1.77427339261303,1.10346613658669
488,0.0825692107497989,5.17388839533469,1.50449978114274,0.843499055383916
489,0.0842968600861533,3.51815208565783,1.12847139413762,0.861868776502347
490,0.0835505960684015,3.48502869879546,1.25715199358716,0.846511027094341
491,0.0840392527360083,4.96922858515146,1.5276390499179,1.01238880299261
492,0.0832575108030854,15.9255360217081,2.10616080609258,1.16163875233465
493,0.0822498812513783,2.87503856990818,1.42828470678917,0.9794516315621
494,0.0832272771060537,3.03292112727383,1.39767054143489,0.90496914424823
495,0.0831479118595655,3.3101201042633,1.46757376441977,0.89283226477553
496,0.0841366337694799,6.13182274179198,1.89428234985836,1.17244307446936
497,0.0840442902843552,7.4605209427578,1.96936472321026,1.29399682270261
498,0.0833288059709271,3.69654669708913,1.81337843492969,1.0911706023398
499,0.0833204929622416,6.09599855585571,1.60967360695917,0.908168488368846
500,0.0840288877920004,6.62180765930812,1.75803663843899,1.26371083923712
501,0.0835544623629544,4.26134825528514,1.3266679202479,1.04228725579783
502,0.0830767588508407,3.76555954950098,1.2787650036179,0.817336573370275
503,0.0838856506362128,4.30784013870091,1.65075902582702,0.938647572947743
504,0.0829412453391602,7.36673733262719,2.0396136971486,1.66597126309704
505,0.0841883041273655,5.14530868759327,1.72308818977345,1.09471123488587
506,0.0837551528985101,6.36883871976863,2.36599190462109,1.29665106284998
507,0.085144673592778,15.58693897261,3.41455839215805,1.36479207452923
508,0.082484610400856,3.96442840506521,1.61770659582518,1.06032768885434
509,0.0845060882470767,3.25411324663642,1.52772202545229,0.948832957689644
510,0.0829924078987075,2.8440480042274,1.41587489007311,0.882340197366655
511,0.0833671425144474,3.6106733450126,1.37178919832975,0.976384679304685
512,0.0850864774920315,5.31129067814532,1.68708402740052,1.10981533047535
513,0.0833128286117368,4.34825593411562,1.46678839756512,1.14825678483275
514,0.0846297392142873,4.43089691518337,1.47234804740336,1.02110652034542
515,0.0832420349915657,3.03298106871359,1.28177729014355,0.927727238310134
516,0.0832883662322455,3.60454711632914,2.12148120648015,1.5691581144436
517,0.0827041717566406,4.2287797390011,2.23776142517088,1.24980624624131
518,0.0846708142994796,3.8604308427604,1.88602181010084,1.066637521966
519,0.0834780825744341,4.52018755006426,1.3669079155887,1.05023812257016
520,0.085442674259903,6.63104483413586,1.65674424182776,1.00145470093756
521,0.0825058508878994,4.25740292430211,1.35348689614727,1.0381887110295
522,0.0832457598385299,3.46825573032753,1.3966153775513,1.22208158753267
523,0.0840418004615026,7.45273389997299,1.58976916832073,1.06461397625829
524,0.0817041659079929,13.517710456557,2.63134065242523,1.21950013552787
525,0.0821912509307983,5.15494578023099,1.64081348620561,1.05027894118917
526,0.0841552512806181,11.0312487956312,2.11737155883508,1.02251064873561
527,0.0837106668837157,8.54446416468893,2.36731800894543,1.26637321276634
528,0.084264070851822,5.38642873667951,1.69376083755849,1.04854241777018
529,0.0827214389052286,8.22433762192394,1.78158316171706,1.19976457356384
530,0.083212686120688,5.68869354251861,2.1982947887361,1.07648753223688
531,0.0830968845057542,4.18052853880913,1.49619631403919,0.962603233380669
532,0.0829922532382034,2.8538158290445,1.21295660055895,0.938486037744225
533,0.0831294501938954,3.64512515763182,2.02362278500337,1.18989295879313
534,0.0834295161591696,3.52004728769479,1.45084597995067,0.960763070268613
535,0.0825925029700292,5.1914405178231,2.07037152979578,1.23759218789019
536,0.0819513549700773,4.42892874046049,1.95269138516559,0.975716473777173
537,0.0832754058013412,4.22589088170454,1.78868741592419,1.40677999920561
538,0.0849633716171918,5.01480218743349,1.9056382582849,1.05501766648353
539,0.0836348823136234,3.82964000076984,1.77362585409883,1.10323797821246
540,0.0841360850670674,3.65131987558343,1.39784196547076,0.85516842484529
541,0.082927132727232,19.1199345073855,2.64276205499324,1.09383286732389
542,0.0835451591595533,4.08852067485993,1.90055456712512,0.970512003549558
543,0.0840632243805551,6.16121482074145,1.74296064756538,1.10355376768414
544,0.0840909019970883,5.73545358393858,2.75402760295146,1.58341557186143
545,0.0845467252029085,12.3851575750951,1.88847743614448,1.14432479288648
546,0.0852476656896479,4.48622698569475,1.67323400143911,0.950693336436888
547,0.084733289386789,4.32586851168239,1.48089139842693,1.05594512703324
548,0.0826869635374883,2.90046104146287,1.58758220019094,1.21840999090298
549,0.0834483732227106,6.11108404435575,1.63285470939483,1.04640773344037
550,0.0846878795292976,6.59930089164984,1.63862082682682,1.05093962906492
551,0.0841706001315184,4.18496986965406,1.45994309079712,0.887871342208904
552,0.0827857247301194,10.3353748934846,2.0888876830535,1.48676409367586
553,0.0848845636728817,10.7628084724878,1.86066578617817,1.073056342327
554,0.0848324316702176,3.07986361174132,1.46470230675819,1.08754826576659
555,0.083578113928556,3.93546314645011,1.31366005960621,0.835284902709748
556,0.0837410536093085,6.87800491846249,2.32615066452871,1.45695232282868
557,0.0841111159641711,3.59693058968796,1.67901558189288,0.949793454628159
558,0.0818261908508948,3.5642703030006,1.52166968656907,0.960127192588951
559,0.0818035333417286,19.8722160190903,2.11471379296835,1.2149986078702
560,0.0824560504254531,6.40041208173447,2.04137922662896,0.938605230828723
561,0.0824786723298613,6.95664498568869,1.48012209974156,1.17853607108544
562,0.0832933779724751,2.7853048618854,1.41182301787389,1.25937316237702
563,0.0825115454405699,3.60295617294741,2.01585435362821,1.31166352755205
564,0.0841131942355069,6.8496940308206,2.23387677949838,1.24513494003746
565,0.0829794079841278,4.83434381039086,1.61335610083318,0.941037687548586
566,0.0827162064361015,11.6803087567595,2.37541803755856,1.39185465803659
567,0.0822718926909944,3.47224585128253,1.44055115070166,1.04472175848995
568,0.0832539405068187,4.49726071775472,1.5790144033599,1.19507315417518
569,0.084111853201075,16.3993445454631,1.84828696147749,1.21010515533064
570,0.0833806736796065,5.54653961493219,1.75100685176404,0.958801592287447
571,0.0845458195041294,4.41894956252365,1.60664272565284,0.983976785347189
572,0.0841887887868157,4.78220252114377,2.11083856698154,1.10157678973213
573,0.0830941693262953,3.13542612534101,1.51063835586702,0.998702238524104
574,0.0845483155669133,3.5749056656121,1.25698159634354,0.948459624785302
575,0.0831635270997052,4.46287276413593,1.43149446380859,1.04238366570569
576,0.0829373197172771,3.03051017770344,1.63508062486979,1.06989675301673
577,0.0823163358620738,2.99886034711125,1.58393297523517,1.0803734131957
578,0.0827064201847284,6.20915589831774,1.78550993109196,1.43116098882659
579,0.083035871034046,19.4342837993807,2.62932092117584,1.4108949330772
580,0.0813321942377537,7.20701795879196,1.58437049291541,1.031119764928
581,0.0829515063035897,8.41400319485614,2.15751469351451,1.47001146077922
582,0.0832242000876779,7.79391368794946,2.27383395563845,1.2609430029256
583,0.0836325615978354,2.97675739271493,1.22950284715549,1.00976711690115
584,0.0838081594640203,7.02551598029105,2.05688627368725,1.12057996067399
585,0.0828784771495926,4.01834256078827,1.5034272920332,1.08956552936726
586,0.0847744219289302,3.95745113070897,1.64580192179837,1.06442595510632
587,0.0844409062866215,12.1189573167547,2.50410370360338,1.31499979138582
588,0.0833322631064685,4.88066617976444,1.60201465347914,1.0273094713847
589,0.0830359281130089,7.77968474295711,1.47253193836657,1.00214436510267
590,0.0836914786301651,3.63885161086024,1.45802335194721,0.922615972149807
591,0.084160779311763,6.74849171045707,1.64856746036228,1.16144188000457
592,0.0850839747016573,3.49484626391019,1.43785809796433,0.991273009385625
593,0.0835465901605019,3.9533524614334,1.9937643206997,1.16273917379641
594,0.0843108893146671,3.36159499782908,1.36604065093353,1.05150066258779
595,0.084605211405883,6.54552725159474,1.54596569154231,1.14300625349259
596,0.0837453864819577,3.56718570605876,1.46587016520325,0.99523606137841
597,0.0824895481934636,12.4559055303388,1.71600147796229,1.05191021400089
598,0.082345369148346,4.55804846638758,1.54027682453684,0.972465303528005
599,0.0828922769514153,6.49086468925399,2.69334013630514,1.75404120835932
600,0.0833878553052246,4.70553582841382,1.77666622371881,1.38940196735719
601,0.0838882775446541,3.83629492284494,1.54626727910165,0.878959702216406
602,0.0856353946313366,3.4187946891156,1.33035485283901,1.10908553047902
603,0.0833847564165543,6.52343731720007,1.52171529061185,1.11012785072734
604,0.0837460084551546,14.0159076146869,1.74816487469899,1.32708101319778
605,0.0843037029383956,8.28074148096292,2.38156453033826,1.22309875560711
606,0.0828028678232918,3.76783736324931,1.43960360259268,0.933885779320726
607,0.0840309994050432,6.8122384311065,1.7372764597124,1.0309263936447
608,0.0837123323017927,4.09201694148474,1.51068797707853,0.906004630874777
609,0.0829098485074438,6.00126130254189,1.55019052113611,1.11983923785066
610,0.0835644010705124,11.6631924272115,2.25905344736225,1.39485329016707
611,0.0841358173397149,9.47475002184178,2.40575483417647,1.06884273582344
612,0.0828003801629031,8.14328674135325,2.59203185953811,1.90185886574963
613,0.0835768537474773,9.05743756832484,1.84175697342775,1.14846723802328
614,0.0819813669644123,9.11701902132447,1.97717444798623,1.10554052995482
615,0.0842870439067986,15.4924246928722,1.87686369054759,1.19845930306564
616,0.0851321922633691,3.93485466982028,1.64201117564537,0.952978490047941
617,0.0831260801320259,4.48661897193831,1.56285344710069,0.88387989229559
618,0.0834622081228184,9.04570565508088,1.40592426783465,1.28734298651896
619,0.0852464311292759,7.10298075420965,2.26720744593931,1.34507365943738
620,0.0839048431428074,4.73709583089399,2.01352898395928,1.1730006904989
621,0.0843575784945207,3.50163437472772,1.70964448459024,1.27083365121352
622,0.0850033250301446,5.69991510222344,1.80601151423512,1.11368855233168
623,0.0836204395522401,3.55586585956537,1.5511406372851,1.3934775723432
624,0.0839510279338977,5.69603392375368,2.101316053463,1.17954664154188
625,0.0840617300982158,7.99512520688199,1.88206308387064,1.13588102509093
626,0.082145283034693,4.70377408194429,1.4370628951425,0.929288077913375
627,0.0838596391647264,10.0627388464591,2.43731780235486,1.55964700468015
628,0.0841418024532974,5.41167846080122,1.6505270935527,1.1671545427564
629,0.0826360022325222,7.3998625481813,2.00892554727144,1.37980317037802
630,0.0833538389844161,4.21158056282968,1.25698506419826,0.816596266090907
631,0.0829788790448339,9.03057612453711,2.58146563848938,1.39053492332648
632,0.0825064128918189,6.56464316712624,1.88321010002753,1.74802627966202
633,0.0836710029321994,4.34965225207802,1.31365391062899,0.907141886811082
634,0.0847056917552675,7.25492111719811,1.80071991821375,1.08668779658286
635,0.0841809642604124,4.77520847431769,1.51664031854177,1.11155677626278
636,0.0836389854051016,2.94196706027651,1.19708754022009,0.861376442994099
637,0.0832588294744164,3.3211908591362,1.38120869673551,0.879665735907672
638,0.084319166884314,5.26401995607458,1.80339419193651,1.06265551701058
639,0.0830742486034041,5.746458679256,1.53472760317356,1.04433285661296
640,0.0828037795745361,3.51002765514916,1.39184553264246,1.09445068319097
641,0.0836918379307875,6.27397742989656,1.96445621332541,1.31449823332539
642,0.0840436777002846,9.29966394977858,1.95716635688837,1.2418884881937
643,0.0841476742485784,9.01057161613953,1.98012691378199,1.38290763632649
644,0.0837411114413227,13.5898497361267,2.67468097323884,1.29664419433631
645,0.0820989847395403,5.57710174454422,2.55997687601139,1.31371776870462
646,0.0838496673141139,3.85167756379445,1.45240057604646,1.14857695251884
647,0.0854835429063988,4.11835555912536,1.86714943359497,0.976183010195018
648,0.0826512653112771,3.39169351625404,1.16091753032489,0.992585828743532
649,0.0840395357480633,5.13316170466915,1.84952608089299,1.3856343292122
650,0.0830152186255258,8.42852047951931,1.9422270795902,1.24178803597328
651,0.0832691260009764,10.3928280501624,2.26045153288976,1.21373928918701
652,0.0836530784450168,10.4556731281298,1.80023015331728,1.06543888071106
653,0.0830966849006553,4.70307163985814,1.51322575111891,1.1554147735665
654,0.0829791051624628,3.52992816484296,1.38285569613162,1.00927293421405
655,0.0840443426928466,7.68576732602641,1.88009053448377,1.147509434916
656,0.0821879689575809,3.53397953421805,1.53967362529656,0.974284639948143
657,0.0827619864879218,7.77857362942506,2.12206988497643,1.12470221973848
658,0.0828875115134681,2.71281385296378,1.4826929258989,1.00389267183365
659,0.083835984521221,3.16448331906786,1.50863000782473,1.07802351562114
660,0.0840224704992045,5.02095288845614,1.41234510675469,0.920522012709928
661,0.0836374243011926,4.89111471599946,1.71667602529124,1.0414538891373
662,0.0838960579800046,14.0759295732861,2.23813146859926,1.1253541848806
663,0.0846870338406072,3.22822554924463,1.39393545080897,1.01077336360093
664,0.0819525549931855,7.83453871798552,1.67520138286305,1.00733049494014
665,0.0845909765333136,3.42569113397683,1.79524064767217,1.29007528972587
666,0.0834926541041083,7.44729353405169,1.47707018522294,1.07864251178714
667,0.0829776415766312,14.1058740641415,1.62299906587048,1.06400360593049
668,0.0837669993751553,4.03025260598177,1.57928376229737,0.974134859509986
669,0.0828858429619151,6.68348027565598,1.50222988899595,0.994173660421427
670,0.0830601393368455,3.87976987080618,1.73978901403854,1.29501950186733
671,0.0822977771308344,3.97542838710779,1.43214806527944,0.883934342913123
672,0.0825329935096996,9.59778606967752,1.64948281893638,1.17489217512649
673,0.0827472595473193,3.7700013624815,1.78323538242986,1.19364467434932
674,0.0844131054954794,4.8363232158973,1.59233353932202,1.01471769041011
675,0.0834367903297237,7.09452827816271,1.49266556299483,0.882416854955136
676,0.083702718084972,3.13017911977408,1.39297336094443,1.06983313307847
677,0.0853689548927123,9.83435799269455,1.46957747419373,0.875040499301097
678,0.0838983231181973,9.22364873198836,2.15837289742018,1.34139531475467
679,0.0831494164902187,7.40559702533178,2.38375850397881,1.62559180761488
680,0.0830121101076273,2.93716334737258,1.18581570750979,0.929327629290693
681,0.083469310600526,6.77514233809405,1.94188497107915,0.963630687134668
682,0.0833684393226071,4.42029620749057,1.82609336842004,1.19404388569194
683,0.0836285931662994,7.94751685235753,2.33100311525076,1.36009054118664
684,0.0831010363321372,2.96388523148297,1.27651221858086,1.01981190975027
685,0.0842178328503521,2.89635076788432,1.26744196020934,0.914396596335637
686,0.0821505988575866,17.0504083011125,2.63144423098377,1.608680502675
687,0.0851606740791585,14.3545993330249,2.09180119774119,1.07298578176466
688,0.0841139675463447,3.66207491885845,1.55757428015868,1.17455361006145
689,0.0836189474936021,4.66560355576226,1.62808424013876,1.17342149529688
690,0.0842543393806233,6.2233507288471,2.12879720399171,1.48892598256227
691,0.0833836649241063,3.4588922659121,1.62386171394839,1.1730255965654
692,0.0827768795582614,4.40869504423768,1.68637443823618,1.10721408504613
693,0.0828098603046646,3.4157115523719,1.71497015165852,1.21121635408528
694,0.0824658539361913,4.1184541309868,1.36265211043041,0.993151516526357
695,0.0836871974535882,9.5028184380344,2.43212656810208,1.31060553731749
696,0.0831543200534696,7.39916754603956,1.92205392100422,0.980525362211272
697,0.0835610200259225,3.26552250685005,1.33809305701402,0.861398740450813
698,0.0836364781070039,10.3981735513495,2.75506123124279,1.65046262669471
699,0.0822279211773586,3.47120362915305,1.30296969732574,0.929078511279485
700,0.0837026379363397,3.20295396264939,1.39379659919728,0.946275736987275
701,0.0844422380855175,7.42088987606611,1.97147999288831,1.07741173302913
702,0.0835495366304765,6.71467274937571,3.18028245230327,1.30582358150084
703,0.0841632127657398,3.51138066879278,1.37713997976037,1.10153966710403
704,0.0835981408594598,4.0906934889804,1.77572851892062,1.21217919445437
705,0.085369011862476,5.11999177729432,1.5786192019688,1.25742649201538
706,0.0848382217130566,13.044447386812,1.81164583523278,1.19476070311664
707,0.0821948188047163,14.1314051372849,2.92766778111569,1.29029827812466
708,0.0829756118649267,4.20739165738171,2.04644834903416,0.954482714857799
709,0.0834131453306759,5.36400416185864,1.6227079406055,1.21680328257334
710,0.0831609816260468,8.07349375013593,2.24684603304451,1.35799710595953
711,0.0827108571844013,9.25462183508529,2.0408850571606,1.37700012783663
712,0.082755739024719,7.61255352134488,1.83931935984265,1.20848023190669
713,0.0822760838544561,3.00140082342547,1.51317418917677,0.931391964628483
714,0.0846143431005183,4.14923679378971,2.04995116895409,1.27005510115113
715,0.0827577613156071,5.01867793837978,1.99598279322745,1.21110029641014
716,0.0840348579416161,5.09934534452513,1.52761621245694,0.976219034892977
717,0.0835082663037841,6.81685598821823,1.82054090431769,0.974964853157244
718,0.0838991771355724,8.38762669091896,2.66267969806869,1.22017822042277
719,0.0821222985040926,4.48955049679353,1.71839655339673,1.15048284754062
720,0.083599307275195,2.83688728150846,1.38534327758724,1.09150031200037
721,0.0840133278059619,8.55762734527474,1.74670910461895,1.03668255132569
722,0.0837837169539347,3.65386636728158,1.77886313967999,1.1337035511469
723,0.0818038731223689,5.26696858126504,1.41950878556034,1.01332196965859
724,0.0820317575395919,7.90067838597755,1.97101713932693,1.2876497485175
725,0.0831590158223352,14.0002966496682,1.87110232732271,1.10297182073486
726,0.083794374340541,6.00564632626387,1.4594984000801,0.994853726152915
727,0.0827332918041962,3.17370442892734,1.41521365878759,1.01149118098292
728,0.0828472636510837,6.06922392853529,1.51819117867196,1.02997920444402
729,0.0832737754095383,3.90995501457508,1.48420204993483,0.917135683118393
730,0.0829070450761524,5.33863008822762,1.70391137161789,0.908935257436096
731,0.0824454421672625,5.3181298758076,1.68017612468581,1.10742682233977
732,0.0833057437543311,11.4108562984119,2.78257144447651,1.55651343680895
733,0.084853317707345,4.71719678327603,1.43180073311472,0.859538685106337
734,0.0823978516875138,13.2990468088798,3.39839052242543,1.5075876535615
735,0.0842167742847503,5.08946777072648,2.24645525091132,1.2862130560348
736,0.084296871316513,5.82812503656072,1.98520738743576,1.04902781669018
737,0.0840613684005386,15.9023293844198,2.6208951793498,1.51939435087109
738,0.0821266637539685,3.60919980684734,1.4211632155165,1.05890124390446
739,0.0835871326579868,11.0975744495982,2.04843957693216,1.17388732454535
740,0.0835117116890449,4.20136007448883,1.40198630916472,1.04193030041556
741,0.0823412363320024,9.69721302655969,2.19861679177874,1.35147834787463
742,0.083253697849728,10.3949369526776,2.61890900420223,1.35844565597517
743,0.0825199935883559,5.97295832825674,1.5591991084521,1.12514660475694
744,0.0838229371399459,8.19781778677724,1.63341940975242,1.0186904335151
745,0.0820056768276159,4.35771416942924,1.5472812356611,1.12304659609577
746,0.08484341589517,3.8661590515077,1.5011636553368,1.15772985813252
747,0.0824459221903961,5.33500484505866,1.64341211849314,1.30494014198068
748,0.0827851514054719,8.22450396269119,2.34070722460799,1.34555340584216
749,0.083707308890424,3.65913739488572,1.19261631849648,0.98331972991406
750,0.0842134929471203,9.6484663493413,2.32404415212519,1.29185865622235
751,0.083985801807685,3.14649458660624,1.20204432591547,0.802655986415428
752,0.0819034475738085,2.94939693806262,1.22662826101276,1.05418890008768
753,0.0833331548332273,7.43797763677877,1.76128512822127,1.13508538891616
754,0.0843113415412945,10.9854522125719,2.3229745318414,1.16433441986155
755,0.0844293956261473,3.18391437566162,1.40837003920989,0.978626844147386
756,0.0840653616328645,7.62520528744628,2.15102183013138,1.19811109397668
757,0.083309649981813,4.21830772862623,1.42017279240742,0.970439276577343
758,0.0857378549350893,3.73013465963308,1.5690618631926,1.4239863897423
759,0.0827533370118405,4.66782607415149,1.72330361257231,1.25995206752155
760,0.084006438921694,13.9842370994692,2.08578890417573,1.46642267675732
761,0.0825337741413893,5.33489624545976,2.58519685350347,1.33435554490616
762,0.0846634191614471,3.75494131954732,1.93883330669018,1.15252515551831
763,0.0854977437216232,8.97840193279015,1.6760206507546,1.08806987048335
764,0.0843271354049101,8.35569300737657,1.46878678692071,1.18901825792987
765,0.0831530270743325,4.51448539817526,1.52176852056792,1.05973026112354
766,0.0835703115748091,5.17096780609931,1.69220271357102,0.966188692300045
767,0.0860186756539146,3.45165986745198,1.24799691094247,0.893005734443633
768,0.0839781250429524,5.1610696661238,1.92405430304272,1.22752492139434
769,0.0832509033522036,5.54440218394849,1.25447217157659,1.04507713724561
770,0.0827749675245399,4.10176438366935,1.37920879602545,0.921607267624193
771,0.0844439902729476,3.41906704711958,1.2815685091431,0.947703300704652
772,0.0837611342805586,4.23414994977662,1.47968867262515,0.99592467488283
773,0.083246546119082,9.00567076428265,2.10536682188745,1.14787436935814
774,0.0841656251952243,3.93656435300601,1.36892895833499,0.839446389597676
775,0.0830055290563903,4.76153005715418,1.65515376898543,1.00286702748758
776,0.0835880364529806,7.30337735431478,1.7164856895826,1.12625962946326
777,0.0840684908120427,11.0814462708652,2.54812771529556,1.30895573369158
778,0.0841914505133064,4.34398239106496,1.35374033102966,0.986754419556593
779,0.0836265127141105,2.84065566245315,1.26162919707823,0.914677558351551
780,0.0848880687468286,6.39831673311172,2.05600665391505,1.26068118620998
781,0.0817851649726475,11.5215529686758,1.97278123025095,1.21163371338298
782,0.0851441726266965,4.67944819819487,1.6732207247676,1.06090554241325
783,0.0832672797176085,4.74799444122763,1.43985352203071,0.871629969001059
784,0.0861296999380313,5.75030080238204,1.501067423714,0.965196031899545
785,0.0844062139970486,5.12189654343135,2.10475431832683,0.975730347403418
786,0.0841021568082191,5.39818017811921,1.59375450455153,1.12090574419108
787,0.0846642333872128,5.42234051119187,1.65323889046973,1.24881740483828
788,0.0820852415476451,3.88259405457698,1.36968035589823,0.866512248011916
789,0.0830229241522505,2.86086538087687,1.23731526422764,1.08949859420566
790,0.0837266525441021,6.15471386024963,1.84508790524195,1.1862808105269
791,0.0842062748165734,5.20442923907348,1.58641536749823,1.26484529165384
792,0.0832951447649182,7.71360567987237,2.07472024650945,1.2499976575945
793,0.0843558749394178,6.93913069683451,1.68427001693869,1.12860786116463
794,0.0831528055056229,17.005664694986,1.76930893556363,1.14919318300893
795,0.0813202505088102,6.48737786441293,1.41768375277785,1.03347803296324
796,0.0839266882622058,4.37252279099084,1.30304121337197,0.92535724176068
797,0.081957772614107,8.28330103838423,1.98480319985017,1.14397068641178
798,0.0840252365424221,3.44594822748457,1.42898909624177,0.987528663326927
799,0.0845816944442903,9.35460410319611,2.11032932232579,1.25517591339557
800,0.0852220134882915,5.40447253850246,2.27088082848195,1.35889836174374
801,0.0846974923950997,6.50456090518564,1.67432684455382,1.13739334536542
802,0.0843495312042372,4.37708730857364,1.62117039560477,1.09095957258914
803,0.0835381890644178,3.45276798997155,1.35928290157026,0.971409019181385
804,0.0845971759096728,3.32597639892536,1.83757953251865,1.20241047632234
805,0.0836751505635952,3.6778340831136,1.84306735941219,0.929141005311934
806,0.0839348760608663,4.13725215526256,1.38848551289501,0.985377433262705
807,0.0841795873160126,4.98841044156283,1.89195261411233,1.04054863802554
808,0.0836756851138894,5.39606490547192,1.72678622397131,1.12553020868314
809,0.0858225032017846,3.87279216543542,1.41737635896932,1.05923758044552
810,0.08480246136042,4.01120595499366,1.63951271513618,1.01529919212648
811,0.0841984022940881,4.32562053031052,1.42401899912742,0.938137617104063
812,0.0828955145542544,5.76365387499729,1.66472948983878,1.17846500047732
813,0.0826525011837127,12.2012606733638,2.07569018176146,1.09300722774825
814,0.0838717921167449,9.22434601131229,1.89093159433515,1.09913144260878
815,0.0841755889408788,4.63456676265494,1.72028829909594,1.48133928162742
816,0.0833589030408131,5.10253405828523,1.67097151350571,1.13105990120394
817,0.0855865556938217,6.15500938177373,2.41357675318648,1.30368130856139
818,0.0824989795214793,7.96049608127445,2.16285153955846,1.30569976394327
819,0.0846080850735112,5.33333639482926,1.66927097754715,1.07966236920263
820,0.0836876527202402,3.93410265206109,1.77196016979465,1.1605899028166
821,0.0822683597034878,9.27179436792911,1.8973946630214,1.42092704725966
822,0.0834069514249625,4.5482995091255,1.68323152254223,1.35292915052737
823,0.084663942973334,3.84773706777675,1.77695770348776,1.26375473679383
824,0.0838937787156718,6.51636957486655,1.51501643041778,0.868464590424021
825,0.0843459163466458,3.26713070028473,1.49660410388755,0.976490506302103
826,0.0842995259118414,9.52704270720522,1.64245142471397,0.959989049336124
827,0.0833641476297549,3.66936942601643,1.43772989271497,0.907675677519438
828,0.0834828681579734,2.75986781098341,1.53864653370393,0.955103138150789
829,0.0838761368907756,6.00545690925293,1.6692253876809,0.997113355573416
830,0.0836076079271221,5.25949343608838,1.60391836523873,1.28851367578148
831,0.0825310982778907,4.87819342311468,1.42517809001172,0.94962205309417
832,0.0836095332699293,5.32650074843182,1.69494124861756,1.02917187617655
833,0.0841369842411102,6.74805594532068,1.853309532973,0.940511884658984
834,0.0840312229429973,9.86724679653162,1.78685772202568,1.12992555686515
835,0.0832310182694268,2.97300819006245,1.93452220511215,1.16957649194141
836,0.0841551268811093,8.81686792033957,2.30671343863519,1.0971962853312
837,0.0839010974164101,4.16706605284675,1.49301905534806,1.01125718475694
838,0.0833862852380288,7.61223865313696,2.2210268418628,1.90826600265717
839,0.084082689762982,4.13445321769517,1.64987698688151,0.938967967813904
840,0.0846743066133493,3.90317960718769,1.32566777530974,0.8926796084595
841,0.083556853685925,2.78245735524953,1.36718960093406,1.10669389035003
842,0.0840991931328864,9.01164029555963,2.00859599176952,1.05181212360068
843,0.0824098546050745,3.31243457393955,1.54566392269286,1.02569720039358
844,0.0837184781354996,3.8277336775765,1.73744190657805,1.10140478305671
845,0.0852252544122776,2.88144801115146,1.17678033413245,0.877296479112411
846,0.0823131193748675,7.66297570049168,1.42346173360624,1.11250877845572
847,0.0833769922100988,4.41959911269427,2.22499402160188,1.00456020192768
848,0.0829974768164893,5.67167912354918,1.99552614796014,1.00277278127907
849,0.0823451280838372,4.05779773837221,2.02986972157819,1.05323010827231
850,0.0821487054111913,6.45010268503455,1.44331556192532,1.00848875387637
851,0.0838150258717696,11.8106019768178,2.22929265714176,1.22984725681429
852,0.0838381697784184,9.020457758111,2.15988014673797,1.17954759324695
853,0.0859875615586487,6.93940234211199,2.00483929151173,1.13706838014705
854,0.0848860348883027,3.37765098303036,1.48105515995727,1.01333490767683
855,0.0841599570692771,15.4767854416506,2.44344507412285,1.10733434879073
856,0.0818923004601961,6.95080773018617,2.21490337593218,1.27275559727318
857,0.0826477175599324,5.83128118411106,2.09004469751002,1.17459669189453
858,0.0842216038741939,6.41373293194833,1.52007802325155,0.943002624560437
859,0.082544929409002,3.54642655939633,1.32180231209101,1.04609373979631
860,0.0837207220183352,3.7115556812338,1.408158551436,0.966985474205037
861,0.0832511894075977,13.2942022883581,2.46034632102429,1.44688138104592
862,0.0847485877891883,5.14560746368681,1.39716325658771,1.12414257595288
863,0.0834848710437187,5.93047592225248,1.62630595342046,1.06428507961229
864,0.0832088827920035,4.58297266599921,1.52558684750349,0.8991535080369
865,0.0833859517429414,4.54604096194208,1.82439099329509,1.14330002300412
866,0.0830133801759197,8.01891697958987,2.02400094724889,1.30353373264914
867,0.084652517090219,5.18414680880559,1.70502044622223,1.3401716231002
868,0.0831872341100793,3.2628267575465,1.54270206508879,1.00584893283402
869,0.0829382750793593,4.6238697686659,1.6782637466135,1.12439907403329
870,0.0842569007465454,11.6030320402185,2.03520799914091,1.09931029944274
871,0.0832501905114193,7.09345904986552,1.58387469444511,0.959383061679872
872,0.0846790109448532,2.76838640175372,1.52930999708381,1.09911605042359
873,0.0835102625595387,6.54333554316909,2.13406296696524,1.23879031439318
874,0.0851697234049167,11.5268634382887,1.9813661303756,1.30397632419904
875,0.0837627410442687,5.46119533721194,1.79503623702095,1.13529257575029
876,0.0829215473933057,6.12063648610371,2.00309055296016,1.21218022556062
877,0.0844671096378662,8.53912917765327,1.53014611956043,1.44462241642626
878,0.0848262936715017,3.88270876444671,1.19452550898362,0.871384909636145
879,0.0855346326113837,5.09264919266893,2.3546151773009,1.28774172042656
880,0.0834333562335594,4.68986004185682,1.39263884746029,1.01555045511057
881,0.0831448677781288,15.1553011553376,2.01101245705344,1.54694001744607
882,0.0825467345872569,3.05474677890104,1.5562053109206,0.998114852038537
883,0.0841286998218451,3.18872736629797,1.43175078527917,1.01762953315116
884,0.0843595347489429,5.59722827685117,1.76094037423549,0.996234134240976
885,0.0839785046838197,4.04467658401267,1.37176051069919,1.0749509627598
886,0.082125163192609,5.02796800417919,1.52529812128491,1.15910067426279
887,0.0831575308610424,5.80266553452969,1.9061604812414,1.33405785537792
888,0.083053875668654,4.52719221834407,1.7047430584251,1.27090500661976
889,0.0850804527165426,6.31152114314692,1.64381916783591,0.940348132765045
890,0.0834729965338848,3.29362914287463,1.83365574393814,1.39674090420993
891,0.0848028309954574,3.58283225321541,1.41362598901269,1.01509371665687
892,0.0827801881866605,3.67218372142995,1.6125770131099,1.0320769330762
893,0.0851194428553144,3.33921068013044,1.31020895836029,0.945528065125569
894,0.0848330405786706,8.29252305002093,1.87589706878962,1.10452790459338
895,0.0838366354456385,9.9881410345118,2.1861865770323,1.17965982781239
896,0.0832402296130978,4.15155623028047,1.69529087253674,1.19930725411257
897,0.0850182716489932,3.77372713752698,1.91606847678646,1.17701220928919
898,0.0847515989824471,9.5221757016035,1.6721574598871,0.956579623169338
899,0.0826222757802153,3.90103279092657,1.44410535079271,0.961664810660436
900,0.0845676677319651,4.04187425861098,1.70240283876243,1.17289118081987
901,0.0850636604082812,4.35084479751962,1.40557837077502,0.903028915244769
902,0.0849913937371682,9.15539404648973,1.95822299851471,1.25283950023981
903,0.0828261388119317,4.55712600316024,1.59223694494224,1.12961028400669
904,0.0839468963480939,5.34007157052026,1.93283215140373,1.10834412639854
905,0.0829107580127325,7.22089230631138,1.75499804558406,1.03557975716633
906,0.0836279979627365,5.90357542972107,1.59620258922725,1.07264716323128
907,0.0841892512052099,4.39875034105599,1.71626446026123,0.979992711060551
908,0.0853412831616418,2.74358758510307,1.25858341524885,0.881353611534112
909,0.0821429400526524,4.25233762544503,1.3311784924655,1.13395453135004
910,0.0845730396170243,3.79596904541097,1.85253910940542,1.22568296953032
911,0.083838352442225,6.64310659619907,1.90632582382382,1.0346513677888
912,0.0839566179621604,4.96549452990276,1.81072723461438,1.09039210050253
913,0.084176600749959,6.88106981534671,1.80551709234141,0.919250953576364
914,0.0823339702833521,3.18971041334495,1.61592962758525,0.975901322901823
915,0.0838248028695896,3.60497488864456,1.40401143594544,0.875328356873974
916,0.0825633936940593,5.16323911585956,1.39972135540273,0.902575033815927
917,0.0853174559708567,8.80483022528798,1.35069895102725,0.864283857986462
918,0.0847023316759495,2.74677916938469,1.31809543777749,0.824295852754007
919,0.0840646896166383,6.3170106613229,2.34588264370274,1.48316932976956
920,0.0819635256598596,7.4862070013431,2.15234313687846,1.05193675286318
921,0.0830233388166914,4.08346160139213,1.402586688829,1.02111905068041
922,0.0838713158289583,4.5139135088516,1.79206196837464,1.01208491564501
923,0.0835955297503795,4.75154988641843,1.90322463775912,1.06690086646586
924,0.0829013948492611,6.32144680835893,1.46562636551235,0.911924557217203
925,0.0824896686476462,6.0193418514989,2.22560854888378,1.44361780587699
926,0.0837204644088513,4.87980012268696,1.52583200895587,1.02226608588625
927,0.083812223438316,5.01145640248257,1.92642653411855,1.07069089337909
928,0.0833907654592829,7.43507547420268,1.61980617270917,1.13267920067708
929,0.0838749395132859,8.2944560246994,2.6128979623523,1.43759006459223
930,0.0843418831332891,6.33411784898068,1.50352913718696,1.15477311018206
931,0.0847461048183307,7.34100076603321,1.77538463568135,1.31573734169122
932,0.0849743863404496,4.30933145617658,1.65421835073644,1.12811753360461
933,0.0848490662459473,5.49781616927615,2.117549320148,1.20897076079665
934,0.0839483475142052,4.03683865508709,1.32790062870319,1.17845824354555
935,0.0842821636757876,4.35532874604531,1.92227118778643,0.978758942103068
936,0.081368014267307,3.76227227195195,1.33168625630179,1.02018142963868
937,0.0832483792105467,3.46908037001406,1.39614535857234,0.997752353208236
938,0.0813274372661656,3.20519411939129,1.74804389644965,1.04564087694582
939,0.0829880664236996,3.72668072971277,1.79655120869192,1.2096935632946
940,0.0850543676918123,7.17987784300438,1.95609083276147,1.1747015713201
941,0.083075759999821,3.0365488552898,1.46343772625842,1.10504791756529
942,0.0828023765972629,9.95720683696523,2.0205607114717,1.01634016023291
943,0.0826523731713921,3.47246788123606,1.15428615603934,0.79342584003126
944,0.0851214635481018,3.77165742491741,1.47306947805906,0.943543543377971
945,0.0829260063204559,3.80615344032933,1.41144005682158,0.981361348673827
946,0.0826785857542648,4.62295734168445,1.44024475217021,1.25201552062259
947,0.0836672572161081,7.40924889191858,2.36414327892637,1.43575331558143
948,0.0846121554572223,2.99730534677219,1.39014837008294,1.16090581107329
949,0.0830478175973139,4.52410551006792,1.93726711912983,1.13517526660239
950,0.0839046586069042,11.0486930078217,1.9713873664552,1.0370847942876
951,0.0834373551128381,4.00524907766468,1.39794118014013,0.89717254592194
952,0.0860806548772781,3.46596194173158,1.54043354641257,1.43115838892635
953,0.0824598056167793,3.24745915193445,1.52247784975998,1.2929195046456
954,0.0819400013654301,5.10107596653435,1.69460011051872,1.03258167508973
955,0.0839957653229718,6.44938657824567,2.10845436578917,1.24615519783678
956,0.0823015985749588,6.3505474785277,1.74999354198492,1.02200255161302
957,0.083089605615652,17.4302394784561,2.28418561642581,1.03855592749915
958,0.0837082262746737,3.91448291412882,1.52102797578186,1.14598239298995
959,0.0832277088767634,6.74403500969168,1.73781165108747,1.25896308405697
960,0.0823278492341389,3.11300486847957,1.48076059225159,1.33835808502214
961,0.0830139615226056,2.95712236727643,1.25637921655818,0.982591766442362
962,0.0819647105572426,3.66736110314457,1.3243727627745,0.905416699541737
963,0.0842068445610335,10.8341575386511,2.51825340731664,1.18427190894969
964,0.0851525911810884,5.12813812897913,1.89673204536957,1.13135830217398
965,0.0834139457132057,4.80136132201433,1.63947916376722,1.07718691888908
966,0.0843836581680003,5.44369000370686,1.57202020797788,1.1459927711999
967,0.0837305169998751,2.81368654897804,1.78460202287335,1.21033926773449
968,0.0830013166686928,3.52530280374614,1.25866294977946,0.938973364800107
969,0.0819326630621025,5.61521939227065,1.76017890627106,1.10076511264858
970,0.0840472159001068,6.2260566410952,1.85828934518188,1.16973848890339
971,0.0825188260341602,4.51415931614361,1.50790586617668,1.14265453593348
972,0.0832233332127442,3.39909195976524,1.47404653028417,1.1888324515808
973,0.0829757687668696,3.99628406347246,1.57690767712878,0.947874514978199
974,0.0821063076608422,3.37544101061046,2.05194627074978,1.42322997893149
975,0.0830188595897475,7.59945925852876,2.43286918405509,1.05927053534953
976,0.0838320687275877,3.19713554392013,1.29335805854661,0.961475283968104
977,0.0827617128319885,3.69664061983426,1.32731016423882,0.962334721410425
978,0.083926586514064,5.46762877113596,1.55567375242591,1.11122240014048
979,0.0848416068832418,9.00877628849979,1.82823697613802,0.979939124692009
980,0.085718256130516,4.63459610514124,2.49233641203887,0.977301171259162
981,0.0817444047416932,3.14773812061428,1.40008148642583,1.18478360730976
982,0.0839110487688841,5.93551662684077,1.34022722418029,0.940237224478116
983,0.0836166255951204,3.51659399575389,1.60332856324136,1.10740207337497
984,0.0846662682885955,7.15791087327543,2.15850881410894,0.967479865491541
985,0.0850795942035062,4.29746131203792,1.69700317520773,1.01540507867014
986,0.0832387938782234,3.80795724522847,1.46720706330564,0.886230927181622
987,0.0821885072002205,6.28947378199433,2.57923421129238,1.14519221065231
988,0.0845106305444699,5.27996190835673,1.7189070646243,0.949956182271536
989,0.0846744482053794,8.29569621384568,1.69842323879365,1.01277141912033
990,0.0836299451773171,15.1421513208606,1.84449699156524,1.08849014548006
991,0.0837157556056304,7.93782585702945,2.32826722081323,1.21309270627769
992,0.0837847979299149,6.03429738559255,1.99890481016675,1.41952625800284
993,0.0858485499681339,5.07094452981292,1.52191364897417,0.967370552490982
994,0.0833155549574406,7.66319085687624,1.93766765975732,0.955048478584101
995,0.0836771454185236,5.83067913315914,1.34056329097738,1.16379647169098
996,0.0829817928548326,9.45216459332101,1.6537844988905,1.27708364868334
997,0.0834122635197512,8.79514658396457,2.22635611939024,1.10612045358555
998,0.0833737567026257,5.59603850709903,1.71543426046631,1.08213089288406
999,0.0842099887348426,6.81981319714329,1.81986025627097,1.41909682195633
1000,0.0835344406958404,11.6979733971913,2.09382564159376,0.9220888329274
1001,0.0832429538896732,5.91245861306947,1.7709900691566,1.19528559417957
1002,0.0839430570788738,6.44014302939098,1.72459136122952,1.24923605285329
1003,0.0833241710927223,5.54510275440144,1.61640171745066,1.42261176570981
1004,0.0843357869410303,4.08090042575238,1.64330370482925,1.08710386267481
1005,0.0829175317652433,3.48042565870858,1.53940990057232,1.06082998860291
1006,0.0847876138211109,4.37789780625754,1.64964146397948,1.24692750608736
1007,0.0842782442874015,3.97764305039808,1.55930368057463,1.08602129108275
1008,0.0824384195713325,3.51944784949653,1.45826445712873,0.929442501914335
1009,0.0829080483145753,6.18591149576851,1.70179660947049,1.15421495471238
1010,0.0833012974065068,5.73084888711901,1.53613926658123,1.01046500467252
1011,0.0836504165716662,7.2179321607169,1.7814946641375,1.06364429460293
1012,0.0834914350648974,4.17954961723276,1.6862462685808,1.01044233318647
1013,0.0846211413469362,7.11458669806216,1.4910324068437,1.00850305228289
1014,0.0832553343079341,5.32806334823892,1.54907056898352,1.0916976814176
1015,0.0826935188800254,8.3712373968604,1.73842598536127,0.988812421079981
1016,0.0830574247766712,3.58225636841661,1.534550029199,1.0341774058611
1017,0.0833656805256158,13.3838258848949,1.72711047861403,1.26882792207213
1018,0.0829380231028747,4.30872619743676,1.60132169970751,1.14576899420439
1019,0.0834508457645958,3.93961530619619,1.29863281603863,0.842058694807265
1020,0.0829172192935856,4.39290368875421,1.43790309216155,1.12613382377372
1021,0.0816491991169091,3.93687277200098,1.37874656008609,1.01343692091716
1022,0.083766828607912,12.9290222849054,1.85261304548399,0.971119198659188
1023,0.0829263071885275,4.27605975288125,1.55903991979832,1.12555308507569
1024,0.0827450828541031,4.88678794741119,2.097752576741,1.16614765121994
1025,0.0832729032849697,12.368841099955,2.10020023746872,1.02356390834181
1026,0.0835014480338722,6.56169388529982,1.68320404941315,1.09057276331845
1027,0.082267171776606,3.32475594734518,1.55650009262959,0.95735474162733
1028,0.0843458853490665,5.29663991528936,1.49975234057045,1.08221316030511
1029,0.0824027683181214,4.43748250380636,1.44126387430738,0.916764753961193
1030,0.083751181050478,10.2653019121822,1.94692554525364,1.09646519215954
1031,0.083885697125674,8.3471871061883,1.68918613001857,1.22731098827288
1032,0.0838764277649725,2.78240991813011,1.22801355152055,0.931890348540062
1033,0.0850900408815431,4.56097915252896,1.56227494359332,0.958132139265686
1034,0.0834212197994765,4.14654170244507,1.57727747946704,1.03254331834977
1035,0.0846721732657667,3.75987296437733,1.48593735120842,1.02940743478462
1036,0.0841577280798395,9.90819583036759,3.39345159756738,1.29825378923756
1037,0.0830100307051455,3.55029485548694,1.55041972018758,1.36653355155933
1038,0.0838729804449935,3.30444945958871,1.26025735192911,0.98095159843959
1039,0.0825325009739634,4.30002655154037,1.20011300251777,0.931354990264635
1040,0.0830241919477519,17.6752910958379,2.64724312112381,1.29883250470875
1041,0.0832172563375015,4.5196914574015,1.95224162244345,1.16976794835633
1042,0.0850715523010301,10.1809663655956,2.35540762821761,1.5259496366726
1043,0.0827471979159734,8.15488657402052,2.11856861695059,1.02126758571901
1044,0.0832673307355542,3.52061659222101,1.53159116580476,1.06526205439226
1045,0.0835076575297224,4.22851720530506,1.69902703206686,1.07153943343243
1046,0.0843361629759117,3.86057956086039,1.480655299026,1.16030330364771
1047,0.0829107985982857,4.16195584420895,1.88156166982788,1.21450790919649
1048,0.084059223062806,3.85000286547117,1.62879603653223,1.03171353290145
1049,0.0829084091345339,3.67903414691273,1.55622172890925,1.08301359843712
1050,0.0840683956546452,3.6753091818091,1.54318363942949,1.0299064737178
1051,0.0831701025375434,4.72833887793415,1.91742558899117,1.33796222385053
1052,0.0846205715762932,2.91136001410533,1.52223592934251,0.89828944133203
1053,0.083751499878884,4.9561951969803,1.87290671740548,1.34541569189765
1054,0.0819325290948633,4.33548046228035,1.34586787044641,1.13967284942494
1055,0.0829951572805673,7.694987977905,1.78413925024172,1.17519090535965
1056,0.0827673810014531,11.4811692704392,1.82015358693658,1.30462271061521
1057,0.082847189982523,4.13691564174729,1.77236777448928,1.17627192913461
1058,0.0845690749404767,4.56583843949044,1.76952484211107,1.14628634686945
1059,0.0838139942482545,20.3957223150262,2.66271577769729,1.38870846874581
1060,0.0821062513133828,6.0572158225409,1.52127561414503,0.958832705601109
1061,0.0833401978829574,3.88817355214733,1.41944506535099,0.999112815545138
1062,0.084379042188507,5.87211876223012,1.70935986364006,0.891365932339066
1063,0.0841488120404317,12.4330353020909,2.16417460320711,1.13544348441715
1064,0.0847169533031801,13.4513136583598,1.92196581367037,1.16016784658662
1065,0.082196052446582,11.2568201044014,2.18520030876911,1.50691227866842
1066,0.0847728246942601,3.27655591721343,1.68101792963183,0.887051693381721
1067,0.0834531552125219,4.29641789598204,1.6747518034721,1.0209442385388
1068,0.0852882309019419,3.828625838144,1.43364646331366,1.08268963794571
1069,0.0829529199843426,5.92533999905857,1.91011478149978,1.25300810113897
1070,0.0847825359845212,2.69948353227399,1.28480604018635,1.10743789962433
1071,0.083032647667203,3.4809087394576,1.40963685211159,0.824962560251637
1072,0.0839539713264324,7.61696472589161,1.79129884681801,1.27149425763197
1073,0.0826846356837131,3.22067110444979,1.54087063461303,0.961340481436217
1074,0.0841838710067836,7.87587872353326,1.49546910819188,0.977786652976218
1075,0.0849341200066458,4.24539912869937,1.526105791918,0.950727890779039
1076,0.0828925288876566,3.97125497409655,1.68980599120705,1.11019887198414
1077,0.0835783189284477,3.59976663669572,1.76601292405201,1.02823481334202
1078,0.0835837160933628,5.01908157761456,2.66034605513924,1.61816353426914
1079,0.0842096513990388,4.67884374313285,1.34070394782016,1.11604091281253
1080,0.0817621102993804,7.1468791272835,1.59911184219654,1.41433764272159
1081,0.0838008075142293,3.08929998785225,1.30675997539854,0.914581428158602
1082,0.0838685160946042,10.7279631309893,2.07328738276559,1.29842938701816
1083,0.0836282472887906,4.31820781316998,1.41517701379432,0.954901898734907
1084,0.0845668715443771,2.96036105937072,1.44040338056073,1.00364364543261
1085,0.0834405121461554,3.53604024953448,1.60550620673837,0.960821754764146
1086,0.0833593038305215,10.2452343476302,2.21347291355994,1.20946899511471
1087,0.0837896119102989,3.78939403145711,1.4117501186956,1.02332000861283
1088,0.0849387595332112,11.8361155731609,2.28313293165032,1.11714853874456
1089,0.0835527534747946,3.42572633422085,1.68223720939113,1.18632748099715
1090,0.0821784495145579,5.63597574456147,1.69611021646507,1.02191708388884
1091,0.0824037741242381,2.98939542902316,1.42464078139247,0.937662064587928
1092,0.084152948609685,3.06072886239562,1.40113353574175,1.01779417875963
1093,0.0839336547570085,9.87105605373274,1.61715417019532,1.01628071116072
1094,0.0840905867427455,6.50167672314736,1.53992773462816,1.09848027717123
1095,0.0840419547778446,4.76216873379194,1.85139992593496,1.2502020723942
1096,0.0858485579786193,4.02098501564477,1.34679980386724,0.955947562566787
1097,0.0843479716758604,4.29555499418225,1.51345720750067,1.38195908476313
1098,0.0839582523704492,2.75730137541069,1.49354989345347,0.935083146998167
1099,0.0839048221195911,3.98576084896546,1.8217344360663,1.13515187491163
1100,0.0830429143387421,3.61321469357764,1.47785612199707,0.966816797423989
1101,0.0849553072710866,5.49786948973767,1.89143742966758,1.22594489323086
1102,0.0827479327336879,9.25287162419704,1.75246096232081,1.09539927871734
1103,0.0825521286538849,8.00703927833748,1.82102527842423,1.16123061509213
1104,0.0833893847968858,5.79808681044873,1.48585534946074,1.23066647132578
1105,0.0846759495372272,4.2990246086051,1.65645919296725,1.08246822502106
1106,0.0833129457180047,8.98923918970158,2.59667847751902,1.60182345622707
1107,0.082968580498859,4.93418950702691,1.72068670601727,1.16646693176605
1108,0.0816665756720449,6.23671602129761,1.71614821736505,1.47021871823902
1109,0.0828607922777035,2.85431319259467,1.38655008302839,1.32837288200075
1110,0.0837075037255532,4.59129965009433,1.86396042557805,1.19869925761616
1111,0.0845740417313812,5.7646798346573,1.80861776896125,1.34483094781355
1112,0.0827345193776875,5.36974072323421,1.27999860635288,0.93495102586907
1113,0.0831138719415235,3.96997588291225,1.41790380414986,1.02777544276713
1114,0.0823925624049478,4.3876759162424,1.87398317300931,1.11547936943642
1115,0.0832021337058339,3.20343814044692,1.72790355500237,1.04662441340344
1116,0.0825839481447436,3.47199838448484,1.77411272335292,1.01508857702487
1117,0.0831486001632776,6.37657865743224,1.30147822603137,0.9576241557399
1118,0.0849813970365053,6.92672530281817,1.68382048720092,1.09976751722297
1119,0.0825191870417692,3.67258164738898,1.78311544412306,1.09422813862998
1120,0.0850654848506203,3.06890888818333,1.13963471643451,0.965860944056255
1121,0.0829656011775798,10.5361185414847,2.80224196245388,1.31472201541937
1122,0.0838347222626817,10.7847561926842,1.89840535311061,1.62784178444797
1123,0.084448358068898,4.75620638505896,1.5280425129082,1.17439599754837
1124,0.0831819583588626,4.52793692330554,1.44964691686021,0.944139818398661
1125,0.0829537781438382,8.71520907795697,2.07400336447881,1.40103875485196
1126,0.0837544553352372,4.12601339714213,1.45786373730026,1.03421939635547
1127,0.0839156451729399,3.1518301991649,1.30663282930767,0.831179989335989
1128,0.0834355231202336,5.27706489596514,2.04203275207975,1.06087476368892
1129,0.0836577846184231,4.51338568459345,1.6470274190503,1.05128951045895
1130,0.0828667056359045,4.9134387522291,2.06453753246148,1.0850171384225
1131,0.0827198814527916,5.85434169293729,1.52611105992546,1.04215138759298
1132,0.0844208198771755,3.02367552116684,1.49319559608489,0.896067637242586
1133,0.0831357592462528,5.25807281520959,1.56926764359342,0.965400207062124
1134,0.0829706636065539,2.89247915653952,1.51831531906715,1.12830919356919
1135,0.0838538348156449,5.63881745821034,2.00704944371656,0.998998303376539
1136,0.0842086954998179,2.90097708366427,1.7960256484023,1.03842362513685
1137,0.0832621714630394,4.72963317854452,1.39065423256946,0.801159010084091
1138,0.084376108109821,7.36684642940937,1.74164657670212,1.1814105554258
1139,0.0850125963072393,4.29190139800841,1.22762753974358,0.927022816623277
1140,0.0820493303280445,5.24068179236087,1.39420320349493,1.00335175336151
1141,0.0831334962880274,8.07578798819477,2.08173201817732,1.05771880831457
1142,0.0852460972452045,3.28128142836586,1.15364970653698,0.85242088083287
1143,0.0832664029938556,4.69912368249553,1.99064882096993,1.347893725094
1144,0.0838565949463662,5.32199238305892,1.92989049433324,1.10577288236242
1145,0.0836425005503418,4.8900608748063,1.8333993887598,1.05623997688705
1146,0.0848055553828261,6.16681667049451,1.86965627954391,1.20641244927082
1147,0.0830578251563613,4.91198570479063,2.15945302135945,1.33035980783497
1148,0.0848073610135149,6.36700142902095,1.57652907760375,1.16056033063849
1149,0.0835769735655283,12.979827117636,1.76537791355416,1.30176802955371
1150,0.0830204693103424,3.16979700066747,1.4587608036445,1.36573619712069
1151,0.0836022773137214,4.07790410062016,1.33765037883175,0.919218230626455
1152,0.0836512542002235,4.48832969378551,1.85772063492528,1.21769651595769
1153,0.0844222051613329,6.50692351455449,2.2510836582761,1.38702617532008
1154,0.0834502557819779,4.85372907461737,1.83445073433673,1.03312769705296
1155,0.0832434754757342,5.67474848934813,1.64061301790385,1.07829747272804
1156,0.0833508600450439,3.92059228616088,1.20883728226029,0.980670404401338
1157,0.0839890065775933,7.07947830782726,1.47317255180635,1.03432745801283
1158,0.0821254659033092,3.78081627903436,1.41333438631798,1.06212097017757
1159,0.0837976481706147,6.14793028291621,2.24896959422162,1.35118007245168
1160,0.0813363095526961,4.95010752182144,1.4635676708378,1.14623170637586
1161,0.0824626613105266,5.17919623941688,1.41101689324797,1.08990359871868
1162,0.0832465244140182,8.5615798704745,1.97870173672074,1.10479007773415
1163,0.0832817274897773,4.30946933935821,1.35419052724628,1.15426150914936
1164,0.0841918526326462,3.02629907628864,1.91800293444387,1.10207252395484
1165,0.0827928268504745,8.28381577880924,2.09621551870888,1.12001293941835
1166,0.0839014734314381,11.8952697047752,1.71602717087809,0.923241120673722
1167,0.0829560232529487,5.50946546190242,1.58580586788876,1.02212893001543
1168,0.081661864333097,4.58402828782085,1.51366976475394,1.17732301638084
1169,0.0822623670015311,7.18174953669288,1.62978297031591,1.33722693565429
1170,0.0840216558971052,5.4451967386504,2.21653255147544,1.25339317031267
1171,0.0840366163201847,4.37576571083952,1.16306424875757,0.891069655913286
1172,0.0822904527108782,3.30342658739868,1.85807122986308,1.03717800718816
1173,0.0844465448305274,3.24485151517343,1.39932468866148,1.12387012619364
1174,0.0830333222116455,6.86419536338478,2.34365812329856,1.26338959655528
1175,0.081588133987822,7.51176265216093,2.11573067716937,1.33847498057488
1176,0.0838975662925017,2.92798182200535,1.21258266101106,1.05664896533718
1177,0.083966671718526,4.76643155313933,1.86758232791262,1.19425845926924
1178,0.0847469100358167,3.44523997199957,1.33166361398568,1.1063744951478
1179,0.081891879017128,4.30894032294205,1.42609379214956,0.90087042841588
1180,0.0841485046678799,5.69595092645757,1.71487508930326,1.24017445813221
1181,0.0822226334449022,4.3183457101788,1.37927104783434,1.12481626310704
1182,0.0826328434184967,8.05236223042046,1.76379467247995,0.971614459830022
1183,0.0841072493123878,3.5497608763234,1.43135748320074,1.05580498246725
1184,0.0857278844466111,4.20206028269232,1.4699776594831,0.965830025451314
1185,0.0827834002598468,4.25682885952925,1.23849683308014,0.979026130800593
1186,0.0849847440718292,6.23122350299501,1.80347148006428,1.16905069181191
1187,0.0835514011061485,3.97404991212276,1.50415732667708,1.03703240919576
1188,0.0835906659123293,8.07895914388546,1.98695348553076,1.03810084739281
1189,0.0820472251508697,6.97746341712312,2.16607283686737,1.23255153172989
1190,0.0828196171877322,3.53477230484592,1.36400207126288,1.01373809848049
1191,0.0840683307782943,6.21051399960629,1.7216336363135,1.12346211983452
1192,0.0839124660596985,7.41177762538544,1.62660121905018,1.11132729392403
1193,0.0829609326291556,3.01026220155441,1.4591149721112,0.87296088520832
1194,0.0829703412818878,6.32424593561666,1.41414699180995,0.894829684247217
1195,0.0847699091103169,8.12632403379567,1.79343832587745,1.27941356678066
1196,0.0850750242632465,9.20201997461751,2.33707518485074,1.45613179641048
1197,0.0832963346918529,3.02533752344821,1.20699992742149,1.19546131095995
1198,0.0836793105633714,4.99906873930732,2.29162576959136,1.14680781084922
1199,0.0831227836728045,4.16661286721944,1.58220835986973,0.970494658166117
1200,0.0819997432983784,3.93283991373565,1.65371554716123,1.07890960786383
1201,0.0830379233754465,3.44554112698188,1.22974034888239,0.958217727311762
1202,0.0828869384247587,4.24751006350624,1.21590603942682,0.924336014407396
1203,0.0838583838521755,3.74292173494077,1.63593280917258,1.04475666465616
1204,0.0836293438320998,7.36176977006525,2.1337157521948,1.01728751210638
1205,0.0841765272259871,3.62871910175644,1.50289147936713,0.903972685654219
1206,0.0828474017040444,7.68757856599884,2.87155299414015,1.252549629298
1207,0.0831621040898222,3.96870403427023,1.45478079434721,0.989345019384767
1208,0.0834930490124596,6.72493669338455,1.66444552019014,0.984822155534456
1209,0.0820945857889229,4.25656679203406,1.83943531548703,1.22181442852431
1210,0.0847233613872192,4.50901934447574,1.38297012280614,0.86383474203921
1211,0.0850133471564636,5.56744216289312,1.68031945631958,0.974987710334863
1212,0.0827371838350816,8.05172010373466,1.68791355002424,1.02213317895956
1213,0.0830055259557255,9.04390709993561,1.75903458763097,0.935227706008767
1214,0.0828699194356046,6.28235569534317,2.04721246633056,1.10754783841671
1215,0.0832485788463509,3.09216836862442,1.68864918530181,1.11590976298996
1216,0.0820900047520344,3.13188646362512,1.31240564114458,0.853822664256549
1217,0.0837599144422034,8.38305355199031,1.39415189951665,0.989510832785455
1218,0.0848866623105806,2.99486552530728,1.16679763694816,1.04700485267726
1219,0.0842500473850391,4.61984220470091,1.67503629246913,1.11454514660926
1220,0.0849113242197984,3.7823591734427,1.72046320654254,1.18610645709285
1221,0.0840620852495322,5.38341989552134,2.1170418586418,1.15795231858234
1222,0.0838208564444099,4.64703142125839,1.3741164227259,0.839670412257825
1223,0.082184698711887,5.38662921587069,1.74122464757349,1.36108580883951
1224,0.0841060382571897,3.32171661121926,1.61104235914926,1.12574289950048
1225,0.0826231132044804,4.18359836493081,1.49004341116517,1.01191485558299
1226,0.0831115241604784,6.78799855603823,1.85925369531549,1.09745201880157
1227,0.0823024022555896,9.27963570598308,2.29368488904629,1.24176069257912
1228,0.0844321011330091,7.29916914941415,2.20258391779637,1.29317566964533
1229,0.0838334719256638,5.45739534606607,1.46054734989408,1.05923032965148
1230,0.0842150968252226,3.51474625539497,1.33829688544534,0.956011719300113
1231,0.0831581803665147,10.3022529156738,1.54122613680346,0.884697639767283
1232,0.0830462699207975,4.6411074963121,1.79691373315282,1.18904143911844
1233,0.0830529302847287,4.04684149254396,1.35200800055196,0.820997655862426
1234,0.0841717191137643,10.2856641928273,2.16456936748479,1.10747354502294
1235,0.0836063839910536,2.85083820093869,1.65499780957345,1.26198522277738
1236,0.0823582927563513,8.66591610006719,1.7106482564203,1.08368000885418
1237,0.0842582536334319,3.89781144404375,1.98624136563546,1.21351844197767
1238,0.084028801015404,3.25068094438715,1.34313660061325,1.12283416646856
1239,0.082667659024292,3.899979316885,1.37202634833148,1.02806077267117
1240,0.0825239959669448,9.19281990711041,2.29866466887596,1.24825689736461
1241,0.0822354626503396,8.1067765856738,2.00847957916956,1.13906288827147
1242,0.0841184417108565,3.27733548754619,1.50631373902537,1.24538736854198
1243,0.082954868962952,3.97526650024835,1.5735403506079,0.970908767286783
1244,0.0846519697973399,7.64920208805116,2.7249421841683,1.39329765762472
1245,0.0830565278101115,5.00657156678054,1.72781823217901,1.13202162720754
1246,0.0837972127176915,3.02637155212578,1.53697832683265,1.22621058309708
1247,0.0843724419076263,3.7482694522416,1.591756703124,1.03084174934965
1248,0.0840175602811341,8.66996534198178,2.02149324477561,1.33268498415338
1249,0.0845348612670913,7.90319175735994,1.96421981061977,1.17811961498022
1250,0.0828898563574792,5.28590294188528,1.5713547222058,1.04295471049635
1251,0.0843816117209365,5.13661066222154,2.28503503945436,1.59433499661023
1252,0.0831480154971194,3.77377533313517,1.4532722714864,0.930183203362633
1253,0.0843723447528724,4.28683249023073,1.63053769689207,0.980540903133958
1254,0.0840356409404887,12.8479755218409,1.66318276528523,1.1224399587941
1255,0.0823192700961947,15.1147057485203,1.78997760735755,1.23838903988231
1256,0.0841302437251157,5.21755453370151,1.84791950998624,1.52044906208735
1257,0.0830299711931416,5.12790284788175,1.29750062593045,0.936614159107055
1258,0.0828845358931456,3.87636206607515,1.23905185502591,0.903072026554077
1259,0.081954333416501,4.68679738617444,1.63987033216657,1.1850251096492
1260,0.0817910170560238,4.32931663264046,1.51990634897353,1.13934710132483
1261,0.0828916904073168,5.35198405699737,1.62699663578705,0.977340389757061
1262,0.0831568170876986,3.26247451724292,1.24593962450694,1.06548477968961
1263,0.0823317827084932,10.1971755475162,1.79504036546239,1.12415410353085
1264,0.0844459445614597,6.5818724742259,1.5683169247947,1.07807354634465
1265,0.0820794644343442,6.44240095582923,1.64827692179248,0.933364957233812
1266,0.0835823995543869,3.18497626125523,1.56741139855997,1.08571841903622
1267,0.082562609359908,3.92092339756182,1.47654387986059,1.33613990650504
1268,0.0839883057838988,7.77478526497962,1.60647979734186,1.17410761172677
1269,0.0842558007903441,4.60633440465274,1.2365868915629,0.978844316837206
1270,0.0826482582139349,6.82502319977494,1.68126125227928,0.95852736110985
1271,0.0839061885317002,3.0010451796032,1.21642151029671,0.866688863147004
1272,0.084913357975297,6.16976936022594,1.76009023980994,1.00926991994767
1273,0.0843741168603752,4.25652384551277,1.67770547313948,1.1356077951625
1274,0.0840832943027456,6.48481783361967,1.82509137004617,1.32961050834128
1275,0.0832915204917803,5.9253737142461,2.18720340210828,1.03273034997323
1276,0.0836544461509945,2.82695500578435,1.65063130985829,0.985269167948349
1277,0.0823617014262183,3.02038413006959,1.47879599516528,1.08386541755794
1278,0.0819956584417625,7.98604776762737,1.80584088929841,1.0058855682273
1279,0.0823857823159562,3.58376843910146,2.20555332077019,1.31670087113881
1280,0.0831580458998588,3.02858449027567,1.40522566251521,0.993289967242816
1281,0.0843348273915481,4.01767893994685,1.61183232542834,1.1525842268375
1282,0.0835690696257912,6.06382346602586,2.18777071004898,1.43033747192819
1283,0.0838490406251621,4.0214747541127,1.41059760216692,1.0161520790091
1284,0.0833520322958456,11.9922251283283,2.14011938957665,1.13957438070516
1285,0.0834912743600476,3.92492718839422,1.19781494925042,0.835365371546372
1286,0.0844742551869407,4.65476852593971,2.06666433468564,1.09800020342067
1287,0.0823074496588395,3.96587423844064,1.48102526749371,1.12716302170004
1288,0.0826284465298346,3.73207953286874,1.66634305325482,1.09962267825707
1289,0.0837369759526354,5.71894559687197,1.62142481007222,1.1135977225697
1290,0.0832068624146544,2.80874238585449,1.45188075688327,0.91614014122854
1291,0.0825886989547182,5.97303367947893,1.89065498548098,1.00840379616797
1292,0.0843654507376444,4.34436074759918,1.62663617299158,1.05794690779229
1293,0.0836141344175957,3.94018492229413,1.36492423991787,1.0506934258202
1294,0.0834795051602274,11.2547470522398,2.40225571943897,1.93109244627559
1295,0.0839050613538636,2.77522497695472,1.33454505337359,1.20402631187406
1296,0.0844987138475832,16.1512938531877,1.89310813580346,1.16918774922623
1297,0.0824933148810987,6.82462444811992,2.70257715604639,1.26465430304167
1298,0.083915930001271,6.7462248054611,1.58206656731927,0.98674463612006
1299,0.0843077178740455,11.188307367378,2.06716964028745,1.24236789586833
1300,0.0851679029536254,24.2343546006942,2.54146133929072,1.27903355445609
1301,0.0822988962535683,15.6641866327236,2.4119420587949,1.50253464094468
1302,0.0834828111342114,12.0282226764821,1.8038845481695,1.07260661368574
1303,0.0827618997688142,4.848493111002,1.44422396084193,1.09796769388582
1304,0.0841305533974744,2.93597982124055,1.4886200827201,1.12099492592936
1305,0.084146752832847,5.42061143215004,1.93166454095188,1.17247623017671
1306,0.0840291869784871,7.54949131827668,1.93970814615021,1.13131836791146
1307,0.0825578151297415,6.3707231448453,1.72050032320256,1.0482748408855
1308,0.082986764326519,4.54764827792293,1.50428365815836,1.03135598392491
1309,0.0837103604942199,5.22469809215567,1.67240452096579,0.969623002639052
1310,0.0840607005718794,4.25968703794333,1.32754170477053,0.993239277810913
1311,0.0832120872182479,4.08089472310119,1.42598428233389,0.948789130155755
1312,0.0826315531395711,6.9205165744432,1.41358711450482,1.01555660536084
1313,0.082208486534395,4.90176166495909,1.88463183596088,1.33956260420766
1314,0.0850055499567747,4.05243978666127,1.86101553928921,0.997339145184958
1315,0.0829310762084914,6.5264503388048,1.54315755000295,1.00535752305509
1316,0.0838129284330836,7.98902436295105,1.99799586782808,0.998640848837867
1317,0.0822391221235718,3.25858510524166,1.35462550024941,0.985037957977361
1318,0.0847503510875341,6.86553620018648,1.97805208086706,1.29766320033331
1319,0.0838672787192031,6.07884195206154,1.84389123352798,1.3341537427276
1320,0.0838467542747391,7.98866544532913,2.12040094944411,1.00760010086443
1321,0.0832136005592746,5.85039838491179,1.73364574484547,0.98283748829818
1322,0.083258413157869,10.8620003463928,1.7721771352043,1.0783957283017
1323,0.082810304891595,7.05063938943372,2.2040527758964,1.49010143875647
1324,0.083557494161244,17.5856585757901,2.67275429230269,1.26955151010372
1325,0.0834801628839618,2.85935370930184,1.42104114639942,0.834951880249486
1326,0.0834818304577305,4.49730771773237,2.22782232472128,1.2705364308506
1327,0.0836171696792794,7.00052603794806,1.68235284882551,1.01446148517769
1328,0.0835924987458146,5.91606443186535,1.46122838675421,1.02903480027486
1329,0.0837947678782474,4.97883478642078,1.68854090920353,1.11665550112749
1330,0.0828110012331997,3.73827080000442,1.31891905501385,0.95292322924258
1331,0.0831259900651067,3.97145392993933,1.41465153125541,0.929552734455047
1332,0.0837791856711165,8.08164915892518,1.37161323838103,0.962397984092542
1333,0.0849429989005987,4.41482062857348,1.69902073984841,1.12967672142144
1334,0.0844722870509182,3.34653120043,1.74923694217236,1.14501413601583
1335,0.0833292933692722,3.8936019076654,1.63954463218268,1.2207175375771
1336,0.0834271074985351,5.64094043484506,1.77224959800781,1.13888235178944
1337,0.0825280359359768,3.92523760749217,1.38190576152642,0.860286686179267
1338,0.0821174377944185,7.87721867444404,1.81328394468246,1.10958255354811
1339,0.0835366067708847,7.13770088271004,1.71486438018873,1.06340735690405
1340,0.0839320222831837,8.08731902424823,1.47255014740243,1.10606769732866
1341,0.0831304782730844,6.47756712314274,1.72985692295452,1.33807015232347
1342,0.0832738823682922,6.60099944061438,1.60797827753653,1.13616314677233
1343,0.0831097661331916,4.66584793090572,1.23577259477643,0.87318558552069
1344,0.0845528876473202,3.25948385796357,1.60599577471021,1.1008008395318
1345,0.0819675849074543,2.90844339262129,1.75621511932928,1.27175842162537
1346,0.0828372297806328,15.7090780847461,2.71708853602759,1.44535222782744
1347,0.0847238391585408,4.2028648852661,1.42308723334789,1.02637219038675
1348,0.0848837292709433,3.0779643891456,1.40076423479406,0.951084204927731
1349,0.0821207089339723,2.77416839600765,1.42959962337445,0.991580134500342
1350,0.0821688382521134,3.29245067954983,1.72749584721573,1.0362456753188
1351,0.08273768912961,3.51901492762056,1.62146570916312,1.09274102506828
1352,0.084859918914104,3.25244788580401,1.72223365340795,1.25087908936655
1353,0.0834380191702819,4.96766358760051,1.81921958587008,1.02143054692543
1354,0.0829035763484293,6.90167824386795,1.94304328940604,1.17388382452405
1355,0.08208818377982,3.32971459879328,1.66618699635499,1.30353977088708
1356,0.0831905328321939,2.83538723760791,1.46320665986465,1.04598336874713
1357,0.083557668202443,5.37785668517631,2.08865688780949,1.09106836402732
1358,0.0833901198439736,10.0698495987688,1.69834124865858,1.0931837032362
1359,0.0831875369231731,3.40009395733868,1.83626021431772,1.11446792148461
1360,0.0834631273592594,5.28178636818451,1.81716666117698,1.21533630917142
1361,0.0834823775273751,5.62352805392692,1.88087714450073,1.30715164711261
1362,0.0841570138464332,6.56018679915441,1.6857452595848,0.896985508217323
1363,0.0840356757722024,5.8315574777348,1.72191235469448,1.10143285645703
1364,0.0833691724174524,3.42190120411972,1.31715787605991,0.898099191077325
1365,0.0835151969152524,4.05791504212133,1.46057049202377,1.16810467812848
1366,0.0829615868544125,7.49231757930523,1.96659080405481,1.31865061421386
1367,0.0832832011266685,7.36383660972191,2.00836307186912,1.28711412709115
1368,0.0851160952232165,3.68224426606268,1.29117522029189,1.04998351650856
1369,0.0830783606754797,8.64531890642781,1.98500531257535,1.2856164183989
1370,0.0835371632057235,5.57019034107291,1.59479363637852,1.06085681103746
1371,0.0824303669289532,4.28113338980727,1.37103820609748,0.984007991482373
1372,0.0825167863447712,3.20157186193424,1.0766986771147,0.829052648684179
1373,0.0836004499247991,5.54283449960804,1.73515443513812,1.3213685032076
1374,0.0850094195548108,7.31924860499207,2.02875971534774,1.1899644970877
1375,0.0832336260244387,14.188347170416,1.93138858519792,1.06564853356171
1376,0.0847923008792562,2.81880843746034,1.23369023651531,0.799630774824597
1377,0.08233644048156,7.72001125906414,1.77220591545181,1.1135918517906
1378,0.0834430910123185,3.20849758931413,1.50381059039624,1.10344366401878
1379,0.0862315894381393,3.64519159553189,1.50842068364565,0.960297293537199
1380,0.082912776437634,9.56132316550556,1.46438027015915,0.993076531866024
1381,0.082925983245431,7.71382433208912,2.10861164811342,1.05625365752477
1382,0.0834569120884269,5.43561042214215,1.75047839214546,1.24432469604657
1383,0.0830949205501715,4.21389265244667,1.31233990789061,0.822923821627054
1384,0.0843520271435402,4.98666682250662,2.09577567033435,1.35706946218779
1385,0.0836558828530311,3.82303492963238,1.63026757214686,0.97025321822503
1386,0.0838231151013824,5.53893732221903,1.87146768253383,1.15098445250813
1387,0.0832265880426424,12.3716380017799,2.18441613486598,1.40911270790452
1388,0.0843422860789565,4.45882906281281,2.07192824317479,1.42508569300788
1389,0.0836314047326196,5.77620639526334,1.89839873424259,1.26330523669708
1390,0.0827532944296688,5.69617177713721,1.60321116388248,1.00235996992942
1391,0.0828246515340735,3.97870598546597,1.91908649099001,1.12465547291669
1392,0.0830971630359482,2.93359629318155,1.55007303170174,0.966628474508265
1393,0.0844063399515341,4.15569496493761,1.96340681868282,1.39571269530517
1394,0.0842915393378199,4.6944987077432,1.75513150558355,1.18012810204332
1395,0.0834520244651765,6.12202482211236,1.99929296045058,1.35340701340211
1396,0.081842899474403,3.76479825554239,1.20324538005804,0.838299986467867
1397,0.0840936935898166,6.70928284950645,1.74132464017595,1.25374801045439
1398,0.0839717121971627,4.36630214121068,1.73906320142884,1.05149580529355
1399,0.0823127038365297,3.92796857999905,1.62123570386711,0.968170225145246
1400,0.0829106589432526,5.47963363340909,1.85389363313336,1.19335986637982
1401,0.0835187537810581,5.07102125539119,1.68484122871631,1.28308215701719
1402,0.0836707045215546,3.60493436064919,1.34671893555215,0.909554008676423
1403,0.0849180053174877,9.21518472188736,1.70393159616177,0.980806408424017
1404,0.0834743976650238,4.46579473067668,1.46884873498599,1.29216929752041
1405,0.0843426272024388,12.9889303008956,2.40355174643283,1.51624973794196
1406,0.082380010779124,3.47008543479272,1.86963039949387,1.08148996095145
1407,0.0834416665004878,8.79703645121934,1.6899097461473,1.01628199275165
1408,0.0846330936511316,4.77815747338768,1.59485847869554,1.11456507322456
1409,0.083708058947932,7.67377269915538,1.88788166491049,1.11896308733238
1410,0.0854441268696542,7.21858449057069,1.63406303385826,1.1716082053897
1411,0.0844522841260928,5.81807830091743,1.4978073078658,1.03650798161775
1412,0.0833753779893765,5.11245497710361,1.68488262227654,1.16486679900549
1413,0.0840347267989095,3.37407931244871,1.81556846599606,0.985533078236203
1414,0.0829775682212315,6.25110294025198,2.10239774904581,1.35914729883937
1415,0.0833449855644012,4.75305461642874,1.67876802708143,0.982192198984127
1416,0.0861447089684782,3.4178061476708,1.83161289966447,1.30859254629106
1417,0.0835815336939118,8.67628063772696,1.95944732525475,1.20435330057107
1418,0.082411081237006,4.16696748010604,1.64683841046052,1.06589311764893
1419,0.0841390335331641,3.60333006617445,1.21787387593025,0.874037332175176
1420,0.0831713994593358,5.00957338628694,1.71690125328859,1.1773317246117
1421,0.0846603800969695,24.7465551710472,2.29106183030924,1.17037634419167
1422,0.0824429900356791,5.4592039398348,1.82695721162598,1.43861978748732
1423,0.0835660384246035,4.49284385517195,1.58235376344172,1.03702202030028
1424,0.0844840957889846,7.05855204154405,1.45261474364609,1.07904429170811
1425,0.0831693718641398,14.9748734198172,2.09464591700809,1.148925800719
1426,0.0821061723089145,6.69836574171069,1.69784487744482,1.05294842396401
1427,0.0829684191747709,5.45220742239148,1.50322609449695,1.27628491504986
1428,0.0835241793108774,4.06011413217239,1.71829380746139,1.24037787601882
1429,0.0841331100815525,11.3790763131503,1.79831385199588,1.37617807816375
1430,0.0836062198206048,8.86291281431704,1.7030936926741,1.08038248811351
1431,0.0837060307970446,4.64286609102177,1.4824532410925,1.06823161502996
1432,0.0840003018823268,3.2027775377321,1.71463633436248,1.12957700111669
1433,0.0853026652193203,3.47956128218322,1.21499719243333,1.07138209090718
1434,0.0844381648974067,4.66435903337324,1.648840156944,1.0514203405597
1435,0.0845866890385656,14.7025123469026,1.92210645127663,1.24458083464388
1436,0.084397477032002,9.09602363561852,1.63733419044347,1.14036184025994
1437,0.084759973007656,7.39972679426931,1.90647656419224,1.05439940261811
1438,0.0820175829303177,5.67472749021689,2.00436984781363,1.39805173066114
1439,0.0830359964337324,3.29813818323137,1.67888628771271,1.0113159569465
1440,0.0852414883541597,6.11055793472266,1.47797461671431,1.07861226585482
1441,0.0842127895261757,11.6198428551637,1.82308869527752,1.32750953862504
1442,0.0822633112052858,4.66979078462245,1.57391710629297,0.994194158114923
1443,0.0828738663087747,4.68727496249532,1.57255741935352,0.977609838328941
1444,0.0855328457647198,4.76815547751084,1.74997047109488,1.32404618475095
1445,0.0832435077392145,3.05627675883288,1.94140483210854,1.10758857534546
1446,0.0840170110279547,13.1156507113739,2.01198073787892,1.04019027468161
1447,0.0859083286737694,4.22571944550465,1.56693814905802,1.08122546160682
1448,0.0831982448427422,4.05571088571395,1.9037990314987,1.16289426571327
1449,0.0841672659333516,7.42921534228899,1.85537066931796,1.12218673714487
1450,0.0835495617742796,6.38532486258021,1.87795223170442,1.1848657850962
1451,0.084168728093063,4.03805726058056,1.85625219520838,1.13587168488634
1452,0.0834891962624516,8.1446359569442,2.09849997579756,1.0637612738829
1453,0.0831620962964265,4.15937975023569,1.23053891740305,0.895541335136654
1454,0.0829387225903118,3.34543880495182,1.48960665471962,1.1145448277122
1455,0.0858235493620307,5.86361258429904,1.60519338261672,1.23863151264702
1456,0.082706438302527,6.29530683270944,1.62226726181842,1.1163349131835
1457,0.0823668492373396,4.21507172778485,1.51117242432064,1.11107217235562
1458,0.0834657547829004,3.68189200372047,1.37321368228008,0.888402287613074
1459,0.0832209872965883,4.93401285256167,1.71771059562887,1.36046575234646
1460,0.0835065993723512,9.24805230821689,2.64000365955326,1.30662976414005
1461,0.0821166177632576,5.53725279677136,1.63683267824449,1.00718752352525
1462,0.0820864619605141,3.78203157073745,1.4681509214305,1.09832410540145
1463,0.0829311885740659,3.06486227283984,1.24706733025272,0.809488397309863
1464,0.0847451682145806,3.86977964739843,1.63975691473493,0.912162001072549
1465,0.0833600585043122,4.37045970775253,1.57189867596184,0.944681336155914
1466,0.084387998009947,7.94257284158435,2.36732714578758,1.3268932124652
1467,0.084450271483028,8.72461578432763,1.471542599607,1.11794401470448
1468,0.0850140452182931,2.79111922502957,1.22422081225349,0.9476130078456
1469,0.0842187830576387,4.4431102993609,1.84710989159059,1.11834652082787
1470,0.0828485586042237,5.14622038618524,1.97199115174313,1.38102942899695
1471,0.0835893148511822,7.99338905407746,1.93223103920445,1.07694308049344
1472,0.0830510307671356,7.65378720229903,1.42998141437401,0.927245157599802
1473,0.0815547674201184,5.31502755209613,1.70458139698371,1.00104066448972
1474,0.0848487178200268,6.01801151407726,2.30573665155447,1.32385994993439
1475,0.0838650124099447,5.21878812955617,2.00707650378517,1.12585066698269
1476,0.0837040001130143,3.28802360542882,1.62159731562844,0.97331700363382
1477,0.0843847506587913,5.69567785199929,1.7288205702251,1.18959612094076
1478,0.082675917847432,6.63561517567763,1.67586040807768,1.02430153193004
1479,0.0835039745924106,6.66217874196837,2.12302342851797,1.1400026777614
1480,0.0839348540387204,3.32961142014285,1.20920059614074,0.917998624806554
1481,0.0842438740711142,4.44818447279733,1.72220870046147,1.13861279267666
1482,0.0835489865025082,3.90236559902031,1.21322588946481,1.10809648019065
1483,0.0846414627061728,12.3390739954514,1.877972357106,1.28285047467175
1484,0.0842778914114142,4.17417983534979,1.81870328091518,1.20137549115833
1485,0.0833508742876385,6.16371788477086,2.25598428736322,1.1194127784056
1486,0.0839329403958883,10.2517732509517,2.0918730539317,1.31897199751421
1487,0.0839005833424721,3.31967597432904,1.33091369501039,1.02945544746663
1488,0.0824240930182162,3.05703084325595,1.36271988234206,1.11494629083015
1489,0.0834364209716699,4.80116588092707,1.86801962003294,1.16365658355003
1490,0.0841271374839453,4.869757382557,1.87603013313682,1.11082951562744
1491,0.0843513277085548,10.4010914470104,1.69866676603933,0.907291252720762
1492,0.0824849155227528,5.07084699100359,1.71840227206181,1.10377236189016
1493,0.0846776680014242,3.9581151349965,1.30218666628405,0.971655491363751
1494,0.0857373260882154,3.82750937536038,1.587150692137,0.908268334964423
1495,0.0823296026948982,3.03854747430254,1.13396956539327,0.799408457250016
1496,0.0834866417534332,8.65727897522796,1.72236349486289,1.20840838934329
1497,0.0841443646746754,3.42205030003385,1.25355851816466,0.951523432922993
1498,0.0829343558921909,7.81831859016058,1.57483270210389,0.977224116924211
1499,0.0848497060625216,4.98437829782736,1.49686280142763,1.18895630646423
1500,0.084728225679366,5.43778737811514,1.83128374199068,1.03684624543175
1501,0.0819953578872843,3.81335439922815,1.48039055974266,1.10142028900047
1502,0.0833288142790436,3.91201880265197,2.00298896759589,1.0947620972495
1503,0.08527927313569,3.30401374685877,1.67708653764452,1.19690976109818
1504,0.0837220543690366,6.79989000130587,1.94758531199645,1.31796817773843
1505,0.0836962591404342,4.15557625201326,1.40407332295256,1.15101461350537
1506,0.0855591572532512,11.1750985906378,2.26068456885946,1.46194065371064
1507,0.0831745914281161,4.28042436290174,1.35838579192742,0.98276691106541
1508,0.0829961030262931,8.56464381052758,2.18335399668649,1.67564375894207
1509,0.0827266789897758,3.29464462269434,1.29063721352798,0.923316635827966
1510,0.0844232752780328,5.56402239700001,1.49966348330772,0.909026713644234
1511,0.0836691959427278,4.37498169772516,1.68600353992594,1.21659723152213
1512,0.0853981721795125,4.00229091436466,1.95695445961254,1.09665200642713
1513,0.0847506158182079,5.92249219650866,1.88062836981306,0.939110058340282
1514,0.082407275132935,7.01149480134482,1.85645713505353,1.2242943353222
1515,0.0848184339686569,3.88468234176637,1.33528782215726,0.914121177709069
1516,0.0842107550253245,3.51744310534151,1.5324199159532,1.0318644403463
1517,0.0825897233929311,3.36335975245835,1.57922475964219,1.16029719172025
1518,0.0833825833602084,5.60335365647063,1.73280155016584,1.20337299139915
1519,0.0847067325058473,4.88821901429469,2.06552414996332,1.03266894250676
1520,0.0835288495521317,3.24369761037064,1.23073969080189,0.873791690002663
1521,0.0838337701115013,3.29703430938694,1.49263404643305,1.05336592248497
1522,0.0832959964543145,7.07668091392965,1.73608198501049,0.962607920522109
1523,0.0821845484760012,5.06439274666513,1.71528635676544,1.17805265761104
1524,0.0842848749246105,6.01981844128899,2.31283942500304,1.53742609025006
1525,0.0847897319070168,4.74185002504006,1.49433773515338,0.9906947265352
1526,0.0840917174503186,3.29541684613388,1.23797730522764,0.875755619873875
1527,0.0845366160306974,3.69686556104372,1.61178328479676,1.03438864597245
1528,0.0859690427829815,3.06666977871558,1.40787294399379,1.02260682405377
1529,0.0841466747599707,12.9660978514645,1.96563265746827,1.02089946079987
1530,0.0838762307156597,10.8163889495405,1.84827212793716,1.14856368857561
1531,0.0830381310453198,4.27936230217811,1.1724209750881,1.05756273847243
1532,0.084324006703924,4.63202091195136,1.54240876155964,1.0659508393083
1533,0.0829018996271304,3.24341383350699,1.70802095923473,0.880723134844723
1534,0.0818302139307354,8.28863077098745,2.04847402344215,1.12414745837948
1535,0.0844838534011264,3.53777236052016,1.77259776155144,1.11161603024598
1536,0.0826747813271043,5.11743302912817,2.54455286048472,1.14064711301014
1537,0.0849154238857945,5.16451581733851,1.34675079749724,0.92512396721963
1538,0.0849963253084132,5.07499041896106,1.6048891169829,0.993839551755878
1539,0.0839666515112691,3.17544176123814,1.44340789405513,1.08391007244713
1540,0.0847089488788512,9.63029456336769,2.03821202229645,1.18742320513724
1541,0.0826329686684973,8.65535300554603,2.17053753777142,1.01521572921247
1542,0.0843297793807603,7.74107503742904,2.25850474245261,1.10543165082231
1543,0.0831331536651633,3.44404134614641,2.05355667349461,1.13810707135005
1544,0.0853308362994181,4.15707900509883,1.47835305954124,1.17640164100685
1545,0.0844118934962525,5.22112118142883,1.61002508590785,1.02550123744199
1546,0.083120165739989,5.79701167735553,1.66678315895497,0.955276137738061
1547,0.083230274731727,5.62244767432499,1.46986956233538,0.872129711594373
1548,0.0844522553298806,4.3959640164169,1.66920521187613,1.04428861435193
1549,0.0847071150379835,3.45277683056482,1.32972552240393,0.927101523923823
1550,0.0831382481501442,6.74641892648087,1.93120909446179,0.99284011168467
1551,0.0846276346305959,3.21788858438404,1.42476656067202,1.02285437090666
1552,0.0834408556136135,5.4923423891594,1.68092478891595,1.13678997457768
1553,0.084513623976578,4.53012628540591,1.37780152601106,0.978429367430664
1554,0.0845007939511066,4.17960363339561,1.94001074483788,1.21527494025241
1555,0.0829280391829475,4.58050144385133,1.85830251556924,1.05572447584724
1556,0.0837073968835068,5.84602027761421,2.02893401553902,1.02806957736085
1557,0.0830317812218947,5.00509209942857,1.69687014641136,1.08287162839241
1558,0.0834218832070215,4.12361718799755,1.51768413449466,1.09786847832209
1559,0.082948589242404,3.40325696441557,1.25066013192081,0.993118526695781
1560,0.0844279599366884,6.61368877639363,2.06345215189906,1.19097500404289
1561,0.0846475211168417,12.8041946874829,1.64576567159759,1.2794920928952
1562,0.081902346861499,5.57831789309596,1.63224659096902,1.15236197171458
1563,0.0834220167486282,11.7198423378257,3.42828190852252,1.41557954678532
1564,0.0808939827194309,3.78857449042348,1.92001605386244,1.11587095475384
1565,0.0821982789221211,18.583923932182,2.45183093671041,1.51673747988085
1566,0.0826285534884534,4.06763453205524,1.57598514854168,1.05905518500596
1567,0.0820960034174782,5.68947045169674,1.59140071434899,1.03195735956068
1568,0.0842222643410651,5.74995156900589,2.10692036503312,1.03929619885302
1569,0.082965145025078,5.4171042332879,1.65699513330258,1.19970031536027
1570,0.0841952301596894,5.25890876644473,1.94652498719275,1.32278385444577
1571,0.0838640968651434,5.69072770690701,2.03992917691293,1.24639925448808
1572,0.0825576991814846,3.98575261548814,1.75373670468083,0.963664014563832
1573,0.082323300836512,7.2574450015153,1.69924844381505,1.18180958981988
1574,0.0830678855499871,9.21244821073862,2.11208575970516,1.16986035789952
1575,0.0832041244842831,9.2870659241383,1.81901578784828,1.05950941065072
1576,0.0840695291071619,4.20739216954675,1.56356314591539,0.935985447862849
1577,0.0841113227323126,6.88826632489833,2.31097015543637,1.21685865708115
1578,0.0841425948438347,3.66755254757724,1.77623507926087,1.12832197982437
1579,0.0821249472481676,3.68136640802962,1.34450050309467,0.886812558156308
1580,0.0828847924865351,5.90276916856763,2.07514332591436,1.34818210409696
1581,0.0837833232840948,2.98657011370311,1.21071884322081,0.881506961387078
1582,0.0832197663581425,5.89400597713032,2.08740939897694,1.20327379114761
1583,0.0821166978522163,2.85708971909219,1.54391472418293,1.0418052703596
1584,0.0831078726213586,4.13415370988937,1.37103565574691,0.915604948098652
1585,0.0833593050307403,3.23682171121491,1.57033436795297,1.01285152395883
1586,0.0833625729505143,5.04390072588148,1.35453221224124,1.07842716035822
1587,0.083422000619814,3.99541221718688,1.52901107266447,0.931863107051741
1588,0.0833727029389517,3.97632040501068,1.59623324618133,1.20987371707347
1589,0.0829552960468353,5.8787733262599,1.62401717049246,1.02940254142253
1590,0.0835855569766849,13.0416461416445,1.94964606202707,1.01588123964648
1591,0.0839328216492505,7.0922600192056,2.08250749350006,1.16101764006703
1592,0.0845475358730708,8.59190036785123,1.81061475642715,1.09696941298652
1593,0.0825531952988591,9.4817927075069,2.23993788825695,1.12820758046733
1594,0.0842512920820804,6.85922130994785,1.76350210142386,1.29602144567091
1595,0.0822154065710819,7.74081962111419,1.98553126041441,1.23679638963616
1596,0.083588289483046,5.95164955953095,1.44336169172473,1.05001947549879
1597,0.0841614371107731,3.75878876606298,2.03419608118267,1.14087476875618
1598,0.0853377345499371,10.3588923306741,1.86662598834382,1.20760237366838
1599,0.0826792925758138,5.71362480291804,1.70114945136162,1.04233339078653
1600,0.0833750992338356,7.96725895743568,2.10568297296948,1.320363398444
1601,0.08388947946392,4.9995637346982,1.29884550529239,0.989233983754041
1602,0.0841933793538928,2.80226377962118,1.44558215110989,0.911152949409427
1603,0.0831258274648775,4.3756461671629,1.19764723821738,0.900148284908812
1604,0.0843698627975587,4.39765788287454,1.48812337517441,0.984471206046154
1605,0.0828878304506436,4.83333060653945,2.08722674041769,1.47671897301934
1606,0.0846527900659451,3.64856046417026,1.3554807316723,0.908824575199792
1607,0.0836245206934148,10.5756111652945,1.46771942377048,1.04034388253786
1608,0.0832297214514733,8.85615891538984,1.59672545392208,1.03512800003113
1609,0.0828466534469881,4.20056455589545,1.33129804096557,1.00431422466728
1610,0.0839125475577549,8.80953925984811,2.56223600543485,1.47994016853888
1611,0.0841141043709365,6.3583673369745,1.65159704046261,0.921490939687148
1612,0.0825230167448423,6.5000873030681,2.02486904804265,1.16580046319491
1613,0.0834622638427153,5.00607490796054,1.9005430742255,1.37296767539651
1614,0.0834230432048039,7.85231814674214,1.48311823731035,1.05318078995528
1615,0.0836800011350871,7.57123765640405,1.98040887765313,1.20724215485704
1616,0.0841018292189842,7.74377966273304,2.02675088698115,1.38701804748119
1617,0.0838962422470845,8.55528733800219,1.72162442887855,1.33600845261311
1618,0.0843980756937518,3.42575990100702,1.30341764233307,0.89533162592306
1619,0.0836478461537323,5.81791826038778,1.54510294211901,1.0462414035987
1620,0.0852058220557778,6.48945951467392,1.94055057708185,1.18011678091316
1621,0.0835322301753802,4.9451052945247,1.86938743459878,1.1723303561005
1622,0.0830007876863032,4.4734056670371,1.87318666894313,0.956730225148588
1623,0.0826873805437308,3.92486383310642,1.67632802554768,0.97983515156692
1624,0.0847507211036334,3.79146496104356,1.37963787965619,0.931821968138087
1625,0.0832136101605334,4.78440705386209,1.77018585710783,1.18303216742209
1626,0.0832581624645462,4.66757942681355,1.59406759490127,1.03108518359176
1627,0.0839548913552614,4.52414619430531,1.43859103816,0.962563020123414
1628,0.0838828914554252,3.027343010357,1.28175368979335,0.991092079830111
1629,0.0840008280916796,9.26273167480418,1.45521009070659,0.919625046801419
1630,0.0845040816734033,6.23653569403698,1.47438336948023,1.14485321281865
1631,0.0841518879273528,10.1802101286302,1.68850307048044,1.02119764062298
1632,0.0827668957466647,3.55610672581542,1.20303106019852,1.08408044229616
1633,0.0827104386414033,6.70306613468557,1.61717817852012,1.05937233545365
1634,0.0847219554863628,4.03209720604247,1.66962108502588,1.1724077726823
1635,0.0826675432615801,8.9251858522772,2.56278052899587,1.62303286648742
1636,0.0835487225599136,4.70689422146176,1.90697007542563,1.04043049413103
1637,0.0846068555917263,4.69070919974488,1.33152463355284,1.13015384044019
1638,0.0833824966212633,6.46077184055865,1.83914686385675,1.14398002163028
1639,0.083783895652921,5.03640002287512,1.29070310051626,1.03650031580033
1640,0.0838382975545751,4.11740009381008,1.32489884375423,0.9706413553933
1641,0.0824194152094023,3.13707799135234,1.60753420324106,1.11476323925793
1642,0.0836877989348918,8.76069810655499,1.85051475830369,1.24119145650662
1643,0.0846536528888616,9.01119818076525,1.98961141900641,1.30934753820015
1644,0.0835086517603382,6.5581376609909,2.04637382248691,1.28146070033824
1645,0.082480351012152,3.12930612868933,1.28494942410654,0.993251302922985
1646,0.0832717996149952,5.28939297254787,2.1699589071227,1.34210792732523
1647,0.0821253940756281,5.71979522339654,1.62082832467382,0.913678792933258
1648,0.0843837407778396,3.4563199659775,1.55462223123651,1.22601413267634
1649,0.0828248282865565,4.45139455060201,1.55446476325306,1.05004456840574
1650,0.0838812428694263,3.49212922555096,1.45935280479121,0.893984730811595
1651,0.0831098383415743,4.41548717465311,1.74200352531578,1.34638951454097
1652,0.084925396164683,10.7356715820848,1.78276043775179,1.20063810273748
1653,0.0856901002639745,7.95761236667443,2.40553015207016,1.24047969387993
1654,0.0835901259764286,3.99801504437651,1.74686760164549,1.13773086764008
1655,0.0828387687118688,6.65859270522648,1.96599552931311,1.2072247191674
1656,0.0827067664734342,3.67908782355943,1.6968131780496,0.922620853100296
1657,0.0834389178304119,8.51048077834013,2.09631942376617,1.16181505500551
1658,0.0832249485023967,3.66210052047372,1.50695772004318,1.09201334887607
1659,0.0827248307748639,9.72168973512464,1.57856896144716,1.00562026289366
1660,0.0836271027472223,5.93077291248807,2.18305611784758,1.2223684990987
1661,0.0835505807741653,3.06049825642731,1.39771890601112,1.04195779563015
1662,0.084276224364973,6.69132820135698,1.56460686672634,1.22968128636999
1663,0.0833755904698027,4.33606917157145,1.48856056165921,0.991666338600959
1664,0.0837876318464407,4.36052564249538,1.38572338769267,0.934167792061801
1665,0.0849105853153075,5.41874323137157,2.39572209687594,1.30217523617382
1666,0.0844261549136977,4.85357669215368,1.62470317173266,0.979742457948667
1667,0.0833916620314703,8.56094796156917,1.783668434315,1.24001938971462
1668,0.0860511331420558,4.51986073806865,1.46365270353115,0.985505003344902
1669,0.083311403253771,4.06467021583811,1.35628970977136,0.897164050822444
1670,0.0846877538411118,5.15127741363624,1.2832579755159,0.975927084823461
1671,0.0837615366360545,8.10849226535758,1.85720938227772,1.10227799994363
1672,0.083156636306178,7.2402540471451,1.75799799049488,1.03844364425952
1673,0.0829150767799895,4.26417637008714,1.92228835289954,1.06696683212328
1674,0.0829684509429091,5.3497782506726,1.86575988375629,1.30178778076977
1675,0.0832145927833808,6.00038158090795,2.31646246993634,1.28445710513862
1676,0.0828202887655627,4.81526713731879,2.43198715612362,1.56541558888518
1677,0.0815896356255522,5.9478837749463,1.88854116180852,1.39814960910616
1678,0.0840394163171939,4.72638724632151,1.4478948688883,0.963066598367847
1679,0.0843152660111593,2.90138580250309,1.51394315235525,0.896929167736303
1680,0.0844098713735174,4.00453512616116,1.94506012983846,1.20672088421674
1681,0.083276483526898,8.82915372267905,2.40702211377808,1.1955488010973
1682,0.0840471394076044,4.03185258393598,1.75250687110567,1.05701418193722
1683,0.083390538286086,4.86921942787281,1.81435885856571,1.17841097252476
1684,0.0837439464197249,4.45971222228003,1.62893472955228,1.3017948994306
1685,0.0828232118632031,11.4196268054841,2.1499189351915,1.15241341561204
1686,0.0831588413298379,5.71421231790748,1.89819206007736,1.20053084422088
1687,0.0838009739330295,4.44383626679049,1.46438291139659,1.25520456445278
1688,0.0847476483820366,11.0964920053726,1.98927982086464,1.12805985829325
1689,0.0843879401226205,3.38198726506594,1.36228798145645,1.16309670357157
1690,0.0834957228517754,4.18477513998266,1.35443626949626,1.11094374127048
1691,0.0826998316190988,3.15926428341724,1.56025608318738,0.983018575440172
1692,0.0825492541480255,17.1476419748917,2.37579050738027,0.98404841757448
1693,0.0847143241444115,11.1811811293483,1.93634593454182,1.11096498003704
1694,0.0839591252403693,6.96599291484999,2.22426229957615,1.12827431954417
1695,0.083539236808884,5.88091818512204,1.63813259193923,0.943640216732124
1696,0.0841361481545571,4.45557344844238,1.9601629478727,1.2477876329402
1697,0.0834007015047843,9.6793047611369,1.59045621779222,0.986012279647223
1698,0.0843954045159398,9.66171746848543,1.98191946050194,0.994467704846634
1699,0.083010225724253,5.33507296159091,1.98655825247248,1.2019695165024
1700,0.0826668221571018,2.91152904351146,1.37230475346875,1.02695538407092
1701,0.0825533269847273,5.1672926017943,1.68647090841604,0.911050929442205
1702,0.0848123074234272,7.35358398060121,1.5188212387627,1.24042531285453
1703,0.0819092429608771,6.26261410795457,1.67079822215163,1.04969688356482
1704,0.0831121549262169,5.83117998051376,1.60598485011014,1.09452425940305
1705,0.0839773678342431,6.90251762561618,1.70356662400697,1.26976445477807
1706,0.0840855868280908,2.86898057813083,1.91621039661857,1.03000677619464
1707,0.0836227761930437,13.875382747182,2.74625749421162,1.16410670794749
1708,0.085035371978464,10.4973117263209,1.69549680820032,1.22545645674464
1709,0.0857870307144907,3.98163561818053,2.27333808894555,1.30480913343744
1710,0.0834483311609826,2.84816372897505,1.45217108098796,0.928702226401341
1711,0.0841106903760109,3.07156400824468,1.41739842411029,0.905556642467196
1712,0.0842830883305699,9.46468380940007,2.22378899726815,1.24461435884495
1713,0.0832419352590769,4.50213193118078,1.93947208899573,1.21347433492834
1714,0.0831148301060561,4.1718294899645,1.34466005830927,1.04406606905306
1715,0.0838265808911647,6.53439265380527,1.67184747000799,1.00528989459993
1716,0.0820424836384177,2.83229722449339,1.57914983664795,1.03185882616323
1717,0.0829767501549986,4.8801184840725,1.34311728251082,1.06058230348024
1718,0.0829874624547674,3.44423943288069,1.97182934718997,1.11393093571212
1719,0.0840394281994823,6.91784333009002,1.80838656796852,1.08347476916472
1720,0.0830913776413044,2.94232787140971,1.27900011189631,1.0009749916459
1721,0.0846235476498434,3.5194799239093,1.51443974258548,1.31168624518824
1722,0.0847650048332202,5.2421299752871,1.56085118362195,0.993761131687986
1723,0.0833059682590253,3.87077867255487,1.45381805133669,1.0134443482578
1724,0.0836241103059124,3.52843107741228,1.41229508140081,1.06192682011965
1725,0.0820953593847215,3.21778324885783,1.43805425705654,0.937551527252597
1726,0.0838490297112833,6.6399042848083,1.55136591627633,1.14038391214491
1727,0.0836853514139475,7.00270139040686,1.85924631484596,0.966959415808722
1728,0.0830802180682787,6.26648104190616,2.50853519918587,1.07885917317469
1729,0.0831772638997174,5.81071513189176,1.7094011072952,1.05738363556736
1730,0.0843887445866481,4.9440534183177,1.72657494292312,0.946789207617236
1731,0.0843962315114827,14.7707333974757,1.7923243613484,1.09798503972689
1732,0.0850259427328952,4.23708507256875,1.51955250447692,1.1570627538642
1733,0.08396530449522,5.16458695822497,1.73636786220426,1.12306288343603
1734,0.0833090022323886,6.24975930139037,1.80251707691982,1.26919206297835
1735,0.0833588178012157,5.23611494207168,1.76249510498184,1.04549663579885
1736,0.0839727815939084,4.42079361159365,1.6006784044632,0.960475641780648
1737,0.084411486165105,3.99361656933658,1.33475038337055,1.01996502540823
1738,0.081845379546209,4.55132857927676,2.1997131492098,1.15538707267059
1739,0.0825366279460808,4.15069559804753,1.62536148129852,0.833107617966266
1740,0.0821365192414164,3.95034530740267,1.6150930655957,1.09605987916597
1741,0.083498358156169,17.0306530401559,2.06910977910106,0.91603803668512
1742,0.0834303109909877,6.88209196190103,1.7934384130542,1.09899150940308
1743,0.0851126081446163,4.02667129929581,1.28396353901687,0.95053167524381
1744,0.0840391893683119,4.89680592937506,1.57979198382875,1.04983080747822
1745,0.0837133099490601,4.36028144108177,1.97517826688739,1.34011186658242
1746,0.0828272012369496,5.21567788421211,1.44106927812368,0.980350925842236
1747,0.083246519635996,7.55397622450028,1.66724811752168,0.978853898165477
1748,0.0853408350516849,3.17897358232765,1.07061928722327,0.706881957221071
1749,0.0832238534215965,3.84188441510806,1.49258704624227,0.881950664418874
1750,0.0827269131011876,2.96830008834595,1.78102576062594,1.31067674963882
1751,0.0838520650168955,7.86725865774039,2.03908552358997,1.19887271218093
1752,0.0817152975726777,5.21180058223108,1.81325237065498,1.31081967939315
1753,0.0844972506379979,14.7865042490946,2.47598911765003,1.42210866084139
1754,0.0842189114198127,12.4375094870839,2.00641974168611,1.20723203369261
1755,0.0825070294777268,3.84769907177177,2.10341116730542,1.16815588566426
1756,0.0835395817796147,3.72898551277546,1.39334798779066,1.16470239403227
1757,0.085077991412853,3.48314751851025,1.74598359294748,1.04629492696939
1758,0.0841624860829447,14.8423625339764,3.39315457950754,1.67067430148697
1759,0.0818131498821767,4.2540352969304,1.78140377955208,1.38304434814682
1760,0.0845275044502822,11.6830709772277,1.94128498901126,1.17716350074646
1761,0.0834633434410139,2.98510549674689,1.39459155888026,0.986054962041451
1762,0.0844742806023573,10.7407935139714,1.98991277487339,0.99904516701154
1763,0.0833964288003357,5.10978000860796,1.68759905748025,1.01896828554703
1764,0.0843578197941182,7.3510274873164,1.60519516238514,1.20500890542572
1765,0.0824808883428116,4.59399154496012,1.50652174820086,1.15140728843816
1766,0.0841060756026304,6.93600081247079,1.65493230964043,1.08994752658548
1767,0.0823921563283362,5.15412204902318,1.62637654024565,0.969210266404862
1768,0.082663646037938,6.83897328393807,1.7671801482841,1.23388139528964
1769,0.0842238192221881,5.19725023504553,1.88251346067332,1.33698058299157
1770,0.0834900446341603,3.39330434656972,1.63746113557713,0.917091446837546
1771,0.0840341767824227,7.30087808759213,1.64896310061554,1.13495998945462
1772,0.082438366361106,6.10713751275338,1.7974802811438,1.03121625479644
1773,0.0826838751653752,10.888083245304,3.38164159416798,1.38519160325797
1774,0.0831353126739982,7.2580723135658,1.8929857534538,1.10924528257206
1775,0.0840852210878873,10.9653343597475,2.59135992329249,1.39353473212724
1776,0.0847028899283659,4.09314041581754,1.4734514874257,1.30274523339349
1777,0.0847849525117125,3.58063292050186,1.36533665936533,1.00061858793695
1778,0.0829501850235995,3.67033647238033,1.38517932331123,0.835022536332452
1779,0.0822800054428305,4.11757672307431,2.10714218628717,1.3121938626026
1780,0.0834204283123228,4.78639912409883,1.88774981542072,1.1246013748983
1781,0.0835264541310317,2.87678838596851,1.39179177001744,0.946512028609986
1782,0.0828852081638176,5.76383995734099,1.53526132355273,1.02832296564897
1783,0.0823227476076279,5.18797910104477,1.61738282489061,1.15563128380512
1784,0.0816383034851894,13.9013145241414,1.9476277268185,1.01441380789782
1785,0.0846627096406699,7.66103280801571,1.59123211780825,1.14604257428913
1786,0.0826474482209627,6.31644790326814,1.65637165338456,0.980227895629336
1787,0.0849329620700114,4.16442555687274,1.65122061678841,0.935952997035282
1788,0.0840938708103795,5.02868747300446,1.29078207533215,0.880073511535196
1789,0.0834476785976683,3.94159845951298,1.9135532995081,1.05172029493243
1790,0.0847350721037644,9.37310638544925,2.19447764040871,1.37044014019681
1791,0.0839073097271381,4.07881528280247,1.78803808127235,1.03177904964109
1792,0.0835805436462643,6.14141682574024,1.65358967046143,1.04224163674907
1793,0.0833435928725291,7.99112181815041,1.71146664583065,0.941981140840692
1794,0.0842422905068507,3.45479433217263,1.61292525583637,0.961984605531726
1795,0.0845922980598107,6.98985504031642,1.70980230000252,0.996703205119036
1796,0.0838473360223205,4.28465432688121,1.87931953826913,1.14991904506163
1797,0.0829539766848028,12.2643308864258,1.88411673852005,1.0135753124944
1798,0.0844813016774018,5.54345091276679,1.81097936236274,1.09159910939165
1799,0.0829345147172757,9.70337535320847,1.63849287993773,1.02565634361193
1800,0.0845661883121033,3.44492959888588,1.49701438147884,1.25517236848883
1801,0.0842422021773828,12.2801126540083,2.53509759505418,1.37933479371724
1802,0.0835316447194823,5.83622330802034,1.66469139288022,0.896304088090141
1803,0.0838701342840863,7.41246101553138,2.35518663170892,1.61330286776757
1804,0.0841909508461076,8.2398432527328,1.7392211164815,1.23383648678496
1805,0.0812801390822536,6.45805908928067,2.04726103641315,1.06534766354031
1806,0.0837457247742606,3.58059295415718,1.42075607111002,1.06796361009018
1807,0.0836719151643113,10.4612229807564,2.07133670482816,1.28253450075702
1808,0.0841294044887671,7.59711035637522,2.42563691863188,1.22584280342808
1809,0.0845141324302802,5.00252136736504,1.99571308195765,1.2371367474692
1810,0.0826620252674751,14.1728824175351,2.16997518658977,1.30230925923701
1811,0.0823859140409975,4.90078737827997,1.38277344235233,1.01247421141416
1812,0.0838836570405995,3.38436209904364,1.61262363381239,1.05728559309301
1813,0.0839507481145355,7.9624086427518,2.01260346468948,1.14482375185177
1814,0.0843862940590378,3.18073839577118,1.27246274389494,1.14971193164657
1815,0.0833723389850799,5.36663809254091,1.66659721628685,1.00181497891846
1816,0.0824342064797077,3.70746578958454,1.37853664007167,0.973707039898016
1817,0.0843989176726628,3.28738752190622,1.51145580946222,1.27085497739431
1818,0.0831406052756563,7.44807692536723,2.14010588264665,1.10444156174853
1819,0.0828086879014308,4.08510880421124,1.41843855136131,1.11498925623606
1820,0.0823540654122212,3.26991690610084,1.60203684729785,1.27663646404827
1821,0.0832606345683182,6.20403210897583,1.75148573750218,1.15693924941932
1822,0.0838009367034981,4.98252500742219,1.52622176564542,0.971438865109008
1823,0.0817697576463761,3.35759459640184,1.33104497465992,0.910910620687371
1824,0.0824687091846932,3.30928428146524,1.64434102046617,1.29813760840103
1825,0.0822020120665852,6.19950722390043,1.95942611069823,1.19283765066256
1826,0.0845921978766042,3.44191799120633,1.60365025519853,1.07197297554339
1827,0.0843005038894248,5.06465434819961,1.82294483404201,1.00455836833651
1828,0.0827402004467224,2.74708771668761,1.35298147472497,1.09444714350592
1829,0.0829617125979593,2.84118166711416,1.4135950177518,0.99764483192195
1830,0.0840494952904556,9.59821590901333,2.58860065058795,1.25402615083736
1831,0.0857782278634568,4.58421321896948,1.75377570602148,1.10169472556768
1832,0.0841008568856238,4.54656854537894,1.44238156570938,0.891203347611012
1833,0.0833977304780025,10.1752602664399,3.00831889114731,1.45987296750058
1834,0.0846328186231422,4.7402143993689,1.65289906241925,1.08363092069181
1835,0.0822287289340926,4.04987587173197,1.82419277501666,1.12952245862216
1836,0.08266161071301,4.00804259984227,1.54083140534251,1.02821162308936
1837,0.0835179487738603,2.82867726000457,1.22854398404567,0.942753667516585
1838,0.0839502990267379,3.37430772443589,1.52083764608557,1.34399485277198
1839,0.0837354428033381,3.43413708802422,1.43114426945548,0.997573224478278
1840,0.0836193074036979,19.0036933598831,1.67172636461859,0.997236678644262
1841,0.083137639870698,4.23999052539663,1.42236587533945,0.876377861087847
1842,0.0830483099932515,3.21354741854455,1.32620531839325,0.946326371810566
1843,0.083497957423447,5.27514719566438,2.20829872397981,1.12988204502011
1844,0.0839889448250507,9.31254478826938,1.87191118945436,1.01086641585179
1845,0.0852896697258945,2.97893646782906,1.36965184929385,0.920991192686405
1846,0.0827179691113852,2.8553464787368,1.30237409962719,1.1307119693567
1847,0.0849478806252513,3.5085477437913,1.24197762047097,1.04591862224636
1848,0.0838688491139762,4.63145251252887,1.2858271317117,1.03466802873956
1849,0.0829494684640139,4.33019329116771,1.32095003894754,0.95541073520846
1850,0.0835444034544749,4.61598668675868,1.50025141654872,0.881557714427321
1851,0.0845513765813117,6.43198337816863,1.65081241763113,1.21871753202106
1852,0.0850744561873184,4.97339990637362,1.48694530210382,1.08626819958515
1853,0.0838098431061189,7.056418029266,2.61420516161314,1.32667983047168
1854,0.083581440336653,5.25134737496193,1.31705098983168,1.00102839404321
1855,0.0847062457068229,12.608922935711,1.78774885246561,1.01624279317483
1856,0.084853095361514,4.29255836255581,1.42677069025975,1.31651214490692
1857,0.0824995010877004,7.57602085241763,1.90248065780831,1.30521354172283
1858,0.0824940102913828,4.20517409897651,1.56401031085758,1.04645030471286
1859,0.083067656827682,4.09336016592281,1.47902931253817,1.12449032492663
1860,0.0846137828109378,3.74230820088976,1.44589168755761,1.05334026024033
1861,0.0841692469359857,13.815828601975,1.40902561149555,1.07862991695614
1862,0.0852743117581174,3.77276969805851,1.64295587453087,1.10433482136073
1863,0.083517838219814,4.11833480771533,1.35243929222306,1.04037723910212
1864,0.0828307141286825,4.9033107711078,1.98469692949341,1.16225594196278
1865,0.0838179171608496,3.86139541955068,1.32301254484847,1.26274891256287
1866,0.0819223053899692,7.02642923803885,1.6911999205937,1.0605914719854
1867,0.0834179215735473,4.09864444940605,1.68104415325833,0.989940513887515
1868,0.0835410535306997,4.00180327195865,1.58381500882621,1.03511967241903
1869,0.0835176761857911,7.80222934094464,2.65821787947577,1.41466103806617
1870,0.0851186451132843,10.4375761571827,1.71172223537915,1.12847888870625
1871,0.0835348833085321,8.49420608499671,1.69329606647495,1.09520536896312
1872,0.0833866636022148,4.08462048574317,1.41558874790704,0.968444414898459
1873,0.0826181832085234,12.710004462756,1.78719856033642,1.05996107807632
1874,0.0840924951407381,2.93757084931803,1.39533769119555,0.93442981661802
1875,0.0835211114987178,3.28178745847242,1.6430822707465,1.1548572017681
1876,0.0846165931250866,5.81171167917326,1.56323997234685,1.17381785492691
1877,0.0827860078348944,3.33287969911429,1.43690124194646,1.02331647609082
1878,0.084533337953112,4.71149692821739,1.71270661533655,1.22077244553455
1879,0.0841481186358179,3.82962775438569,1.91253606455229,0.996773370109571
1880,0.0841038041493342,7.58265827750379,1.88460443706567,1.16929234344768
1881,0.0837716680439325,3.76249718271854,1.47747249637921,0.945449741319388
1882,0.08305488965788,4.93638831205416,1.73792116165885,1.24860204198047
1883,0.0847507304963539,3.11189060889972,1.35477428961735,0.876017641930808
1884,0.0823279398247931,4.91843719800214,1.59676406628003,1.01291341432552
1885,0.0835092541689191,3.44432683850487,1.31599182241867,0.992997956459935
1886,0.0839237198493595,4.59371398966139,1.45421004287549,0.989871886007243
1887,0.0835086359662994,3.28881606057842,1.26557099407112,0.83740503631829
1888,0.0839911381600726,15.6655896962533,2.02366068052945,1.24835823636874
1889,0.0830946493412181,3.78955103684924,1.52716185182178,0.993723655456092
1890,0.0836530056037283,5.21406600183372,1.63979302997176,1.25208613334825
1891,0.0832492512071337,7.21091309820066,2.0556738634239,1.01888199715217
1892,0.0843107179512472,9.69112358013447,1.78368796578201,1.47387219376138
1893,0.085217424462687,4.0905265194569,1.34285339354505,0.976395292265094
1894,0.0838487532375801,4.31011673928522,1.43904211497456,1.07243621775819
1895,0.0833441502742117,4.55010342198148,1.93320582584362,1.09766628763379
1896,0.0843448062792388,3.10780242998645,1.42430375059987,0.945081585189623
1897,0.084435259954374,8.66111618398979,1.77966921804734,1.18079243460891
1898,0.0829854646021123,5.22284146010931,1.57190052618123,1.48434595201415
1899,0.0818310264559682,15.6555999952473,2.43417121103663,1.33945971703949
1900,0.0841420331907564,5.68174471692227,1.59321750945019,1.06962704251874
1901,0.0843745958617522,7.49856092317635,2.15478379498414,1.09158355165775
1902,0.081997073002006,7.6399063176508,1.88060732641803,1.03951867315879
1903,0.0847310861409498,2.7904983036095,1.56818025042289,1.09024472823255
1904,0.0831113538963896,5.69886623347529,1.5129343436972,0.925544979068684
1905,0.0845509430080479,8.38745445435743,1.78605574279435,1.25148106034688
1906,0.0833098488351359,3.56369980745011,1.44445000417759,0.836662038675191
1907,0.082505612837668,4.53944157978448,1.34041889656414,1.09617988166379
1908,0.0832040740205854,3.65017850246193,1.30825004497688,0.809135180302808
1909,0.0846268949121646,9.08202057207914,1.90082458744357,1.0570529940572
1910,0.0840558580600006,8.68468902483183,2.0255870445439,1.12522095813571
1911,0.0828670903671298,4.00018937699053,1.56700442661451,1.00227576586436
1912,0.0828818897675672,7.61151470635185,1.94111992165957,0.975261700664767
1913,0.0837051325734767,11.1945093932824,2.07338186181235,1.58443783925998
1914,0.0816957501088064,3.71433306663864,1.63161069513568,1.10471892169741
1915,0.083387615952616,5.88169867158931,2.239027606884,1.30428310270001
1916,0.0842068681212354,3.73797043769179,1.54366747076378,1.12003488285903
1917,0.0839943383207388,13.3894379988103,2.22534794273571,1.0730317234041
1918,0.0818485778009438,5.3370817757434,1.85906834534401,1.12102093531797
1919,0.0835473669419307,5.2456915935772,1.77488965428997,1.243800795788
1920,0.0839154507851511,4.87948255945882,1.51454513822318,1.15315833685438
1921,0.0841451169597349,13.5881936635792,1.60743562116618,1.02732754856365
1922,0.0840182173382101,3.69516328016694,1.38388606180987,1.09945032840897
1923,0.0821874977632594,3.35169995509329,1.73124288261816,1.16823856232994
1924,0.0826034117966914,6.80086809207021,1.69910868971407,1.10778040288738
1925,0.0824216480399496,6.64156757702228,2.57678950944104,1.32266987369961
1926,0.0858034266970905,6.06375325394418,2.00804304813187,0.951121439126441
1927,0.0821039659782304,4.95412447550787,1.88783271416414,0.988675678207351
1928,0.0843092609718432,8.33913592648658,1.7907147842874,1.10715404504688
1929,0.0829602205720376,2.91598401457406,1.2693943916713,0.800569317381183
1930,0.0834795126120182,4.03339628360543,1.4550041069037,1.03805661504362
1931,0.0841883793051408,6.92495726664397,2.14206732482258,1.46872881852507
1932,0.082825209683774,3.46209466712335,1.4138603842539,1.27494490200942
1933,0.0835030694216872,6.96545333523821,1.83604964576345,1.31423781909038
1934,0.0822688084505584,4.20110633627856,2.0449886333761,1.24102498304802
1935,0.0835643811312993,4.09482898337762,1.51746748891404,1.12643626580228
1936,0.0828610521416115,4.60396785240353,1.53305827857526,1.01729233827828
1937,0.082508036772226,5.32109509876123,1.51133716567976,1.00316245473428
1938,0.0826319401939067,4.93414723126751,1.34521472429572,0.968881577285794
1939,0.0834105503350427,6.55818499979473,1.80209587806954,1.16734568501367
1940,0.0833866665599586,5.07949803131605,1.87093974202776,0.951944024925453
1941,0.0838324187887206,3.73837144600929,1.31610012836347,0.831698270784226
1942,0.085232353114546,3.70056024040421,1.48408892698402,1.112847591853
1943,0.0827458911288102,4.41438562951216,1.54499250270223,1.21691090021792
1944,0.0841252038401049,2.98794170742273,1.39503202017763,1.08819769817972
1945,0.084629782951472,4.9695282675869,1.71556419860465,1.14296259276479
1946,0.083464183024065,8.5578195380757,1.60749701049902,1.19182558168521
1947,0.0842136544007932,6.72118382689189,1.89559455927785,1.15391259479582
1948,0.0822133636092511,3.93239650951078,1.36845141400957,1.02944083191936
1949,0.0826634531281693,5.57709134134591,1.85611821128639,1.22126363780904
1950,0.0845598190179202,4.67082983880199,1.3967490819242,0.919946542537788
1951,0.0819140388765357,3.67638031533784,1.17113250202603,0.860048412511344
1952,0.0834215739310957,3.59780467930999,2.34742769103113,1.25328956132251
1953,0.0835326068327126,4.15953714346216,1.44343260590523,1.05809787174392
1954,0.0823133800864337,6.94657996708247,1.75143101574606,1.1569227210184
1955,0.08279363800913,6.17990602852406,1.67333283446596,1.12697240976722
1956,0.0844241560062583,3.26402639231985,1.24465368644672,1.14100107619881
1957,0.0814993510881401,3.94226396997603,1.30230097684588,0.962674388062887
1958,0.0844600676061416,4.42969560935687,2.51443702745421,1.24721864912974
1959,0.0839640567461261,8.60134620161712,2.60436633059301,1.27417974455865
1960,0.0838872825336304,3.73821616653422,2.00149337405094,1.19336294730733
1961,0.0832088465828785,4.1071281407496,1.40658021753126,0.905526032193398
1962,0.0820950304064895,6.84087243763683,1.91706767656042,1.16379707056745
1963,0.0831380949520617,4.48451532091437,1.62215837123606,0.974805174400563
1964,0.0843164882786235,6.33130391614575,1.80424304379715,1.22318765231086
1965,0.0842318849791482,5.15655513830708,1.60922272502103,1.16229207540091
1966,0.0844868441527466,9.71253353521632,2.3863183698072,1.20029692764718
1967,0.0833830097922816,3.76343174290611,1.33545530350149,1.02923554343212
1968,0.0833749079493912,2.89596934054866,1.07950291503056,0.776670784970948
1969,0.0826214277152979,5.93779603371328,1.63498767783886,1.10031786032726
1970,0.0842367721919155,5.02108747646595,1.51291851299941,1.08954923846665
1971,0.0846322781787295,4.34207830940146,1.69977276886732,1.1652012983911
1972,0.0840203644952713,3.01320219865736,1.7801848814016,1.07781355926188
1973,0.0823682161454095,3.44922987291586,1.59935878297758,0.895714588038063
1974,0.082402971146069,4.88215669849436,1.6022492685302,1.35480876505905
1975,0.0837509038683405,11.052070190942,2.18571128488633,1.10519913912479
1976,0.0833651992658706,12.409329003568,2.06127416265297,1.63179502666665
1977,0.0831427820136622,4.74887973910365,1.88507753914107,0.963841936912563
1978,0.0842678224035847,3.93223082967378,1.39829226399132,1.09151867954716
1979,0.083234762387501,4.54378834755103,1.36350788611829,1.01777929863197
1980,0.0841579084807338,7.46720073710378,1.89407648138614,1.20079363688351
1981,0.0835719564806333,11.9039897731024,1.692711039332,1.05706854406731
1982,0.0819883076322926,4.41105010271425,1.63313819565681,1.0896651886989
1983,0.082994682454396,3.81965729850759,1.17883164517714,0.94137842316753
1984,0.0828705313495474,7.26489376947321,1.98297392967082,1.16499178152476
1985,0.0843380506646087,6.14955927190086,1.95032093441307,1.38347212975666
1986,0.0829370878864806,3.55159395154443,1.18292599460002,1.0875322788237
1987,0.0844343273124058,5.34903543199542,1.87936862052567,1.06442537860439
1988,0.0849092038602717,5.69059550327765,1.56052327970991,1.19086241473115
1989,0.0820546273256527,3.15081829728389,1.34057280121607,0.860568209831124
1990,0.083411565511338,4.26253980314428,1.77995809950391,1.15267247404208
1991,0.0831541623410055,2.87398978017335,1.4667984306733,0.927460429078041
1992,0.0844960796055645,7.93483140191973,1.93994158456098,1.28815062851908
1993,0.0837191451800778,13.079115011593,2.17660510417392,1.19420543578364
1994,0.0824135873439575,5.97256650520942,1.57326284553998,0.974099470898551
1995,0.0834559871610063,5.15377200851632,1.72851648562999,1.17387745929578
1996,0.0837040070994896,5.14063264572596,1.94706624322932,1.17027631265089
1997,0.0839227281558082,2.90781328537963,1.14566032249981,0.998804550985478
1998,0.0825629406723392,4.53615299237272,1.87058923393232,1.34670666842224
1999,0.0818271152063416,3.98652834788206,1.28515952890657,0.982962507408808
2000,0.0820804382870693,6.96442449767127,2.243565471048,1.23023023952416
2001,0.0821706047853282,3.43319024121021,1.7572806459948,1.20126509087066
2002,0.0842160080718042,3.10192206940397,1.14313685392935,0.858169309019722
2003,0.0843241264329623,4.19872243480372,1.23685783267593,0.962920382602168
2004,0.0833625105249548,3.77556511992251,1.57530806406202,1.01407386692544
2005,0.0834836123063718,3.87974599248228,1.25002908813874,1.05116186164138
2006,0.0838454408469249,6.51659032931149,1.74519202310623,1.11736598143239
2007,0.0829370394137263,14.8324206283751,1.80938879222105,1.16255518536615
2008,0.0843956868524187,11.5544154461364,2.30339257462001,1.03652033971623
2009,0.0843554357293086,2.95573293045116,1.57623249329829,1.14487308383677
2010,0.0844916583646761,9.82782764580048,1.58438365951764,1.08166260103175
2011,0.0821708943593641,3.77519040093645,1.34472743127409,1.12626652408023
2012,0.0832126226950547,4.69226999131269,1.8274876196212,1.06013708627285
2013,0.0831552835449022,3.64118410119172,1.76284752942771,1.01695287289531
2014,0.084247236931785,7.4032689836812,2.12387436168562,1.0702886741716
2015,0.0842340805349315,10.7977942979666,2.65469292389007,1.31527392615526
2016,0.0849368874122164,6.6121335904062,1.44875413825435,0.984178612710185
2017,0.0829227680552874,8.98981368032969,1.71692984246156,1.21727744089117
2018,0.0832236377164754,7.93996197157045,1.69590152918119,1.14431575883375
2019,0.0829470746116959,8.87029695945482,1.47261475831456,0.932858963483689
2020,0.0850643743082132,12.3110292372699,2.1161849404641,1.28140172985586
2021,0.0823517112200886,5.6274179006015,1.58241482258452,1.17180311559864
2022,0.0843179284344818,6.70500264554177,1.778318304573,1.26132684058848
2023,0.081775332341206,2.95487713888219,1.50188168298955,0.975620579703384
2024,0.0839840143210838,5.38339720863881,1.85859913073412,1.251531106301
2025,0.0822784584610862,13.0378394519368,1.7848940786663,1.00291374756949
2026,0.0852900116374795,4.44321486513078,1.78799827471079,0.946191303935978
2027,0.0824271261653428,3.15634272517309,1.24695275501153,0.985793432948495
2028,0.0831911129813349,5.31782806329258,1.6768777747958,1.0965168097704
2029,0.0833017875870005,10.1089432516801,2.23197326891611,1.75545501345528
2030,0.083509304486223,8.46951408711141,2.14699619603829,1.05781885135708
2031,0.0839036438416325,6.07573967773711,1.73189469234534,1.20304154070822
2032,0.0840149826739825,3.34114192345117,1.56694252452241,1.05433710395438
2033,0.083224195807136,2.8530247698276,1.14481352363019,0.879562328787012
2034,0.0832719035820808,6.15670296288869,2.15438126296464,1.22164422792344
2035,0.082125543720656,5.1351474619142,1.66924239156713,1.1333757105725
2036,0.0842500376883776,5.87222483755464,1.87576093652974,1.00780035934523
2037,0.0852693467718247,3.49456846962909,1.69017734950434,1.18812049334591
2038,0.0850787393390709,4.47297883180388,2.07147098126689,1.17652949331847
2039,0.0835127970708748,4.12727329113874,1.64857400127923,1.08708549365875
2040,0.08493950298555,3.83942117592056,1.50240878192017,1.07664588544473
2041,0.0830176384590366,4.04279360497979,1.62184795508828,0.94462530664824
2042,0.0830333523681247,6.91907851925515,1.73860919799114,0.976001409007238
2043,0.0858671811653088,6.01401564916714,1.73368947301434,0.984596580048309
2044,0.0851114274955533,3.33864778752831,1.41869191860735,0.960477007842258
2045,0.083376787820528,4.14524507063845,1.42217487118272,0.927827211026533
2046,0.0832530618142398,5.64936616455046,1.26732136501104,0.821578970041175
2047,0.0834962036699517,4.77148000930621,1.64691535105176,1.20636089648388
2048,0.0853041142185724,4.15249122792721,1.38423772205813,0.817637245642849
2049,0.0839456020862343,3.5162896457582,1.3825739776605,1.16134326165904
2050,0.0818438165461071,2.77500991890942,1.32863270530993,0.93476253461058
2051,0.0856397139725799,4.10395937420447,2.00611377577485,1.12819314328535
2052,0.0834683983257752,3.22290229476757,1.27009101935531,0.892964564724026
2053,0.0836239984824806,3.52751835323761,1.41590643698382,1.00591801060012
2054,0.0834845511154088,7.8372934626483,1.35699239357935,1.0913529392142
2055,0.0845442816640321,5.04024415844033,1.75400996600382,1.0967255521555
2056,0.0837219978563376,7.11731945036859,1.89412463848322,0.958245925626828
2057,0.0838714524554388,4.22003617304582,1.61829868023334,0.908445919941152
2058,0.083836433077217,4.40107203782376,1.48020942565184,0.949723674510676
2059,0.0832555168707938,6.1257080355204,1.74660280278495,0.896360388165492
2060,0.0846226133954603,6.51134864958916,1.87549412868439,1.23634882155049
2061,0.0836400594756335,4.77213139250728,1.76140650779896,1.05802047148459
2062,0.0847649403751068,3.52609865008415,1.54487979380477,0.937333857474346
2063,0.0837297149150518,4.89447137080687,1.71232763698372,0.952572032935834
2064,0.0839938590189838,7.65141732594433,1.6803354363833,1.00792900663411
2065,0.0837138476416091,5.54825846880702,1.94080701156775,1.05562581019808
2066,0.0853263462767892,4.08729819832416,1.40659871348333,0.890056044749415
2067,0.0837802688446337,4.40243204628058,1.8422077419581,1.12745721687254
2068,0.0830925888200442,5.22315738199575,1.53636310995158,1.03516812112025
2069,0.0829376305849263,4.75586624108271,1.90517304179186,1.21363195258684
2070,0.0835238364866121,7.15559660448787,2.24003746548421,1.25091801862368
2071,0.0842258094109404,3.76784404450081,1.23331634419328,0.966967751683973
2072,0.0832732303938376,3.87644863083931,1.80704377995021,1.11925433078233
2073,0.0838826462320885,3.64064898676955,1.17650494317596,0.960424695927896
2074,0.0837115187540489,2.93112834229301,1.41534261666384,1.06503960350072
2075,0.084378120121894,7.59724323934379,1.83169615951083,1.23828253823603
2076,0.0839188620768879,4.51802697839574,1.71961343233114,1.18137093729313
2077,0.0833458540785611,4.53077547106629,1.56106471667389,0.986304544059803
2078,0.0836761013530309,5.76149829496372,1.3894192701146,1.04564579935682
2079,0.0832461525735889,6.81502397599618,1.7071819370493,1.12710601860315
2080,0.0824066466045257,3.50909380069394,1.35870440197677,0.959213527010529
2081,0.0844704302948284,3.41600538914338,1.67036082712711,1.09481279964562
2082,0.0843012714258537,7.34927635327917,2.44010818697636,1.14369899273902
2083,0.0837293949995911,6.08528766048377,1.93493317493795,1.066088049292
2084,0.0826151702601299,11.4808365443179,2.43534293736152,1.23966323417352
2085,0.0841857780926727,5.10802356264496,1.54542190949628,0.973509281425327
2086,0.0840615290953933,5.9452886186781,3.13885705710062,1.50126348922968
2087,0.0822295834280441,4.3622891571367,1.50783859286405,0.953105817707495
2088,0.0836614931416847,9.56833434624231,1.6121646139064,0.91054219408214
2089,0.0832125532659761,12.2211651769396,1.87460041599097,1.09050873907118
2090,0.0826996037269013,2.86384271648686,1.46024967835641,1.21222432456464
2091,0.0833674121321542,4.27888241859896,1.63739278488116,1.16220533059515
2092,0.0840250348798969,5.04469183431308,1.9258128915436,1.10533004126234
2093,0.0836978480302233,9.64824156460372,1.86372861214565,1.41035357441591
2094,0.0821116100352045,5.12650912281208,1.35888027630191,0.901487873531398
2095,0.0831526567145011,8.3051649337979,1.86257006576224,1.24858812402878
2096,0.0820827748259271,2.91248788088961,1.4222145613981,1.04952621405265
2097,0.0844339297427912,9.17426552768438,2.15135619177799,1.22359639348834
2098,0.084187867806804,6.25061628939886,1.55657883388263,0.97353611771289
2099,0.0839346063879067,9.05892212444756,2.15758342532249,1.45211165568956
2100,0.0843033123923465,3.39559827675002,1.43242640469733,0.99006712171025
2101,0.0824946022563098,9.27659030504618,1.46313014880883,0.991922980340754
2102,0.0823726081858783,7.59163282186456,2.11969241637016,1.13378382482124
2103,0.0832076878422986,6.65511226154616,1.61485042656403,1.00108425293333
2104,0.0840200937480677,7.96060301144668,1.61591019970368,1.22903130560029
2105,0.0838207843827529,10.8480878756778,2.22309605502043,1.41426312286893
2106,0.0829950716152652,5.64965028099713,1.66284876165568,1.04149944071954
2107,0.0834592877921883,4.65511933233083,1.93197239533951,0.941580429150856
2108,0.0848806317526195,3.32218804954371,1.55154504561884,1.00976364814127
2109,0.083437956712374,5.70358914582105,1.5281780999269,1.15538525630049
2110,0.081769393141136,6.23962342971892,3.06736256430678,1.21470862418191
2111,0.0827808212557303,3.36604098956703,1.55474352875326,0.99385631052639
2112,0.0822638086220737,3.55028862512377,1.48188888768683,1.07296732054269
2113,0.0823393073222042,3.90057870931173,1.43104005371013,0.904514146468814
2114,0.0846993419963164,3.59870915714,2.22444453000766,1.45803970956551
2115,0.0842575204613449,5.93706510434753,2.0871873198161,1.23417908341724
2116,0.0818699174000963,5.8714373805918,1.24537454754254,0.805462192635907
2117,0.0838408564378583,5.98476324553332,1.60134656258003,1.23876175507038
2118,0.0820316979560174,4.30159148303004,1.86273232401195,1.04829596136655
2119,0.085520910209626,3.43988189176848,1.33621407468605,0.939280507138168
2120,0.0832194335127999,4.9142146311133,1.72521427127921,0.976518101340311
2121,0.0825729425439518,10.9206793798725,2.03146992167587,1.6230094079442
2122,0.0856682810510601,3.55938325684396,1.56425703208381,1.06732266171162
2123,0.083770797144266,3.28672430222533,1.68443650900428,1.19159048692521
2124,0.0840419424954981,3.19986620959553,1.35908145537483,1.0168526358019
2125,0.0843083807030463,4.35625677252115,1.75414580819199,1.08513573917436
2126,0.0821799116770878,5.23615274919045,1.74911683257839,1.14678333872788
2127,0.0841800858700309,8.01832976121955,2.19906558210424,1.14163973586375
2128,0.0842261943069263,4.33317726192389,1.9506226954058,1.24667993375435
2129,0.084719697070605,4.65393022474055,1.63453690881019,1.14102845412037
2130,0.0845937420518233,7.7596029451585,1.8791547807267,1.12387060121861
2131,0.0845847929025063,3.85777771709517,1.6604335767011,1.14636951718977
2132,0.0850244134551664,6.35915054586637,1.52368685877039,0.845126896868432
2133,0.084257947968183,3.67442840213771,1.66070249312323,1.1628321438134
2134,0.0831746945826798,9.49506773795415,2.6763292893941,1.45238942025852
2135,0.084440319211048,7.44003071221966,1.79505403396563,1.06939756270836
2136,0.0813259780283691,3.83781616585016,1.25619291512922,1.05202649817356
2137,0.0822480844960102,4.64121730632957,2.395642968491,1.48168186583088
2138,0.0850918315927755,7.82048581104343,1.65386196756069,0.93141457997499
2139,0.0828118390111527,16.8185048938268,2.16121457813845,1.34316866236242
2140,0.0833531631706572,11.3348707246913,2.08806720259793,1.09722867281426
2141,0.083966747811739,13.6213891626829,2.39895039504383,1.44730587149634
2142,0.0833815800472344,4.07582918833887,1.69201242672716,1.07090739179892
2143,0.0834122379548135,7.83907587858796,1.88727035782712,1.13970324659567
2144,0.0843507585053806,4.10294626732664,2.02536969707458,1.04254800933163
2145,0.0822527485758723,3.93800672805705,1.69905386961671,0.962196672868748
2146,0.0820171237158923,5.42918158041491,1.63044778204601,1.08966177422781
2147,0.0835820356626695,4.84550174676531,1.45758293955803,0.966713451559304
2148,0.0846604371644478,3.29017645428452,1.43912157705964,0.857150523444789
2149,0.0850286410418651,6.67579766105581,1.69017558850336,1.10997426890751
2150,0.0847509349348338,8.20675780902503,1.86734613945316,1.18764723074956
2151,0.0818476885718664,6.43047449729569,2.14903917742665,1.24620741189526
2152,0.0846542149007425,7.60654437248739,1.96168414775693,1.43751302832173
2153,0.0840619496508234,8.77934057136991,2.39324393569184,1.33716702116036
2154,0.0841045181625744,4.31534799415011,1.55187913839352,1.36856711089462
2155,0.0832880765062712,4.43564410688094,1.60995425173092,1.3068494682046
2156,0.0859874568672576,9.02832347843811,2.69131448467546,1.28666189707529
2157,0.0830098818449793,4.54679914423734,1.53953773910637,1.28146385743028
2158,0.0841409713651157,4.75378780701818,2.14487248129792,1.39687827813997
2159,0.0819149205262899,3.97901357318604,1.3912601203325,0.945972802506998
2160,0.0817857187895883,7.47964892279221,1.7984293035893,1.06702312534256
2161,0.0849663775314365,3.93060415103107,1.93475893641455,1.16351981733239
2162,0.0825552899505966,6.73128997996799,1.69535655865335,1.43225730206474
2163,0.083425329679116,3.97064988805485,1.67717552083216,1.28476564347869
2164,0.083699281579568,5.39956069771805,1.84868586736475,1.21342568230687
2165,0.083327306862827,5.2624278977957,1.27418981330564,0.941877072954566
2166,0.0847081160758666,4.23574806827737,1.63679635561693,1.28351610438345
2167,0.0828888579216552,5.52951578387713,1.73290161785519,1.11340301930718
2168,0.0824216119548261,3.50550015301389,1.32242435176351,0.874054742350838
2169,0.0843805928768557,5.03655060140506,1.4234179885087,1.06262355507539
2170,0.0845831324623003,14.4146029432242,2.80522788584117,1.84130374844353
2171,0.0845054272287751,11.2057169307727,2.1632069355367,1.25485467575723
2172,0.0827766827594325,3.82953020503347,1.2592131240449,0.973791038233471
2173,0.0847634327000711,3.76158974922076,1.56371249231211,1.03710268561506
2174,0.0853971728695887,4.13914388624512,1.37847965945281,1.03969498110953
2175,0.0835107343567903,7.04060733645625,1.66643616851692,1.07755312902634
2176,0.0852649563713133,5.09188959118014,2.32294504254346,1.23314366246193
2177,0.0849508321031818,4.43998830170608,1.58454230052228,1.16723511831441
2178,0.0827367193036522,12.9891378963002,1.95046212644733,1.13162415219373
2179,0.0834203144777421,8.3619872042762,2.5909894559018,1.23724765933227
2180,0.0855756506873562,3.78517337941695,1.37885310922061,1.00038553575123
2181,0.0824990710271058,5.55049133641057,1.61291965243656,1.34479013203181
2182,0.0836541390671779,3.10488817666652,1.72712477281999,1.01031115110507
2183,0.0839674495033701,4.31862927442803,1.64719898598281,1.10794259956008
2184,0.0818700621779793,3.83172887789402,1.52062120207282,1.08440885469321
2185,0.0820876812160247,3.94501038222422,1.60294704059309,0.982866815767197
2186,0.082199820005575,9.20166623279987,2.1450998044144,1.20755696728269
2187,0.083557676851733,10.2147553657027,2.37485198183652,1.16624603341622
2188,0.0831689232488419,4.33576473028827,1.3801995858311,0.91231407066333
2189,0.0841002407980286,15.774973412457,2.77679358121275,1.16431899544542
2190,0.085127115779872,3.59936244169716,1.29881731919892,1.03915336533072
2191,0.0850654880541187,4.3117146522103,1.5582071279151,1.1339624299525
2192,0.0834053297280637,4.20653198609816,1.42243350943938,0.870885539362388
2193,0.0846197929410797,4.26708329463308,1.82015612974159,1.12091579657088
2194,0.0839910119406545,4.68814161821179,1.93112847682333,1.2268293182329
2195,0.0835653351705624,9.69609083928311,1.97013503881325,1.10795067424815
2196,0.0848054644773001,9.74491034589846,1.75523199423325,1.21336230811801
2197,0.0830816131565533,16.7592058291188,1.91812151700035,1.09563642673198
2198,0.0821471806111931,3.19838592118338,1.73790357109226,0.943503224357419
2199,0.0829899316967497,5.56946410792733,1.80478471850322,1.21356800773693
2200,0.0834699289776516,3.64214970528324,1.92043209557226,1.31489239096329
2201,0.0832878423509387,3.73573641929709,1.82276014623238,1.10536648857382
2202,0.0823462781936943,6.77705211584091,2.2503013862344,1.12044323873105
2203,0.0825365342525709,7.83242417756535,2.0288552997707,1.43098393706634
2204,0.0832086951812497,4.59812538085243,1.80398892090057,1.07791572876728
2205,0.0827562841372504,9.10803016699457,1.78276841702603,1.00541226660024
2206,0.0835584470156401,4.09131069468216,1.45712171016434,1.02217178862422
2207,0.0831630228918455,3.82898500658517,1.42967300210765,0.943602786884822
2208,0.0831045030796345,5.9385555644344,1.49839985165288,1.0838933279101
2209,0.0824284326189657,4.267298719967,2.08027403171509,0.976199786578427
2210,0.0848458474928151,3.4359471174715,1.51256102300255,1.04354878752744
2211,0.0824937482950551,3.91513068337339,1.65534717742955,1.0729118191227
2212,0.0830269660019063,9.76338980310384,2.02683699503861,1.05898203656753
2213,0.0841192382661091,4.12956762928261,1.4166556027387,0.9968389606033
2214,0.083224632932532,4.50685521429953,1.71792637767131,1.14344102999781
2215,0.0810046582340254,4.6320939015492,1.75692440484195,1.05708774208563
2216,0.0848102747198222,8.52275332016114,2.25319365993071,1.24945909575689
2217,0.0835097241135686,3.75839173871432,1.79007445546405,1.06083577074438
2218,0.0833028104142633,8.80565642343622,1.90582528877524,1.16050438600152
2219,0.0843224490943032,6.45107836881526,1.86289059906358,1.01948660286933
2220,0.0842667235958205,4.27348309755716,1.79918580595477,1.14764299158323
2221,0.082586226066792,4.17572476113064,2.07914644948595,1.03424392567729
2222,0.0826054928937067,6.08444536905321,2.05980327118353,1.1519722534134
2223,0.0837488367966909,2.9140729082458,1.23149937492037,0.950423438862851
2224,0.0830536094169945,5.3392254280617,1.5517457346236,1.37795348255206
2225,0.083024720343823,3.19695867792464,1.41399152205008,0.966271133756762
2226,0.0833805685974171,3.19332336896344,1.33942283202588,1.00956062813771
2227,0.0826019473700553,7.50139457519409,2.14415337230905,1.46184192194497
2228,0.084222744141247,7.30093631560788,1.3264332203101,0.869578387233675
2229,0.0832494856182331,5.44248437987715,1.74699011732077,1.03541764038465
2230,0.0840951820240455,2.78050849925611,1.6457051335855,0.973416437018184
2231,0.0835983570320967,12.4295244965763,1.81689193917369,1.01246645518486
2232,0.0837725603480129,5.69886314451278,1.53682268177879,1.01659588514082
2233,0.0826114054392595,3.43923686723186,2.10722719372092,1.25847438186638
2234,0.0842984833471379,3.64035471052067,1.65603370015495,1.14937010155081
2235,0.0829421768322804,3.68442076832614,1.21749747215885,0.883473754970305
2236,0.0832754600815543,14.3968745425569,3.35483153514539,1.3665425296168
2237,0.084353503336702,3.54625129428254,1.40453512049992,1.12065915005885
2238,0.0827909298291961,3.75132532042079,1.68562123711515,1.19271948744016
2239,0.0844848388448173,3.37289779326256,1.60255499502366,1.06837915278064
2240,0.0829122065645462,6.60287545678668,1.36836790123811,0.964837912226978
2241,0.0828980481713327,5.54334082540314,1.35678061588661,0.997300269728173
2242,0.0840551594375653,4.38252233820151,2.00156603755771,0.998248759680865
2243,0.0843260800037066,9.644913649228,1.777259523006,1.24695149860514
2244,0.0825249559532072,2.8861851045997,1.59498667032262,1.08691831202952
2245,0.0838518012716107,3.64176098235866,1.58494121821598,0.97690027973639
2246,0.084212618908836,3.42584352569882,1.51941397019073,0.829583977438478
2247,0.0838205597679388,3.53763064646443,1.21463983897731,0.890169242850315
2248,0.086033763584615,5.55313620748482,1.98184448045024,1.08422021162996
2249,0.0839796027735858,4.64733589407141,1.43646301356613,0.90845743997135
2250,0.0843252075241225,7.24635524546487,1.90578312605708,1.36984998441704
2251,0.0849441610019946,9.99891445505098,1.90744370426029,1.22411730263525
2252,0.0822772515305641,4.69263807034459,1.2503928684126,1.0723823747933
2253,0.0831748704953652,5.87661627020717,2.10130341623451,1.1950608420717
2254,0.0827631473623114,6.04227625519451,1.5073168035885,0.932370508104424
2255,0.084819595426328,3.48286234651596,1.57662064414989,1.00669344758852
2256,0.0834125268868116,10.8880679135248,1.39670465755491,1.12627559859759
2257,0.0824393513933007,5.72961466477218,2.30845960060962,1.18857333844045
2258,0.0836485882791435,2.75605024153558,1.24351671752181,0.901090412647062
2259,0.0839972111726918,4.91704116165167,1.58279399262694,0.952357787097771
2260,0.08370116121607,2.81918960231353,1.35013446704076,0.998469219837668
2261,0.0841907803766458,3.85599770428176,1.81583645909965,1.08167518671416
2262,0.0855833961326802,2.97287230622577,1.28938677379875,1.13186362801556
2263,0.0844049168816022,7.08805489556569,1.92345471222351,0.982379347398048
2264,0.0822483511388378,6.66291508128212,2.08374453758212,1.40655093935238
2265,0.0819005635912928,5.54906464741337,1.40984669214637,1.00822590899028
2266,0.0833658076966752,3.40904540285328,1.59184004658743,1.12271768871655
2267,0.0825719620150568,4.39736124182433,1.6715405693356,1.03558049112863
2268,0.0839284874383646,4.04053745609768,1.24465705765623,0.957630091057345
2269,0.0833056534448886,16.4732284186558,2.71972063468565,1.22278745590224
2270,0.0839765106258627,5.0028347619622,1.34338761385718,0.970942436239919
2271,0.0845505579598668,3.73668969788643,1.27238861347991,0.834182104789163
2272,0.0834083343227701,6.99803424432545,1.82415839192011,1.16132655957753
2273,0.0830468388276513,3.56791509790776,2.42696445670634,1.22111750437204
2274,0.0835083962374569,16.5884445442818,2.36148006664792,1.22275138211334
2275,0.0847492628733819,4.7548922061093,1.76376952090716,1.13481594400385
2276,0.0831650296263216,17.194342085957,1.95741512204516,1.31833185572746
2277,0.0837117307987662,2.93569404631528,1.43249236602829,1.04945157548041
2278,0.0848178091468617,4.09063105301142,1.53063757573956,1.04777794698131
2279,0.0852079562816,5.64691338479561,1.61277550474613,1.01302417194558
2280,0.0844679228521919,4.03609127953414,1.58053663673395,1.17655703086897
2281,0.0831545377813824,6.66005198234705,1.95343330317154,1.32732727147956
2282,0.0837049193711909,4.39285401179688,1.52108218121659,0.900344484599722
2283,0.0828407669959577,5.47976569244543,1.2314194111896,1.21262832342513
2284,0.0849018749246375,4.10467779287975,2.02915769229908,1.06207418082149
2285,0.0830939673297877,5.49980395875794,1.96515154591337,0.970224843564548
2286,0.0846658721620749,5.26041179758646,1.65586322712392,1.07135596014361
2287,0.0829686295484921,5.0296111900912,1.70697167612729,0.974196163560076
2288,0.0839083460260122,10.406952761835,2.09735597303274,0.966870252578855
2289,0.0848060779260048,5.43956103360057,1.96943913829704,1.17483635775492
2290,0.0825712647419464,4.4966526548609,1.30685689759531,0.865096881499468
2291,0.0833734022035087,7.36862206708439,1.49833595043576,0.93565689194115
2292,0.0839780287226849,6.68976282423712,1.84486490609808,1.13710815415451
2293,0.0849832528746611,4.49665722835143,1.44102546015278,0.943860900773492
2294,0.0852153179463251,3.76917302427173,1.41015044493796,1.02512852111073
2295,0.0835241432490584,2.95420170513116,1.16680604719589,0.797237016699856
2296,0.0835176164413169,3.17778238816886,1.7807057891702,1.25385283025845
2297,0.0839812149695419,4.41893061344832,1.59292714987182,1.10668939075062
2298,0.0823030492170804,4.73969914356174,1.66494834235708,1.44970207303723
2299,0.0834207839317942,3.51999068960525,1.42823309123111,1.02320394947591
2300,0.08420562222582,5.98290644412389,1.802201806715,1.15668045313418
2301,0.083237673292591,9.13844205999697,1.98845692958454,1.24723112182635
2302,0.0830643258116502,5.72572948704846,1.71727186519503,1.19971509800571
2303,0.0837327618289334,6.11350032092518,1.5946506528516,0.985757560261681
2304,0.0815252418031726,6.1487306094128,1.59823352173564,1.43361369098008
2305,0.0833206697261226,4.20657763964098,1.59535758100613,0.914189333879035
2306,0.0836263721804782,4.50715086052966,1.21731684531319,0.852776029956991
2307,0.0834062376228397,4.88520912916539,1.38333679597153,0.981866745116494
2308,0.083347681902837,3.80598802350141,1.91125490881018,1.15718559614283
2309,0.0838397155170431,11.1741560649875,2.17846886915257,1.14344193099499
2310,0.0831029247420402,10.7327910802731,1.89754370730716,1.0427826580402
2311,0.0841825310634741,6.11949688211534,1.8837135079904,1.05635963539748
2312,0.0842519321140391,5.96620026961093,1.74331792840063,1.15291513089565
2313,0.0841709184547269,5.85355775189127,1.80684094256468,1.24757878117134
2314,0.0839531601760181,4.28051407568321,1.9216626758548,1.13599515826242
2315,0.0835454686777363,3.62454677473931,1.4050257314494,1.11693174774366
2316,0.0830127815490789,6.35477364078182,1.78407871757932,0.98197929398711
2317,0.0829745602678668,4.88029216454384,1.76575395218292,1.2115020497098
2318,0.0839958771053581,4.65889597793197,1.60037754599993,1.07925282429406
2319,0.0817685339683382,5.80294327491826,1.43076801130746,0.999024815055891
2320,0.0823019402582086,3.72976693474455,1.38522578831627,1.23059360399639
2321,0.0828869245846345,3.73407377362441,1.23145100133372,1.05652865580006
2322,0.082800796927329,4.93986292242107,1.52010071811766,0.973765160917846
2323,0.0842228421340983,4.87524097595352,1.39916833478851,0.871621071757725
2324,0.0832224987175128,4.72932405191393,2.0395937748362,1.11925220098277
2325,0.0839672441638679,10.4750268772345,1.53429733299321,1.02743179544748
2326,0.0845490018053921,3.70339321514697,1.42894953740364,1.28327497244771
2327,0.0830864784300418,11.3007089823278,2.33905469708322,1.52537041828744
2328,0.0830758886587167,9.31157052324824,2.01382969964165,1.59211285037428
2329,0.0832942290614057,4.68742694141634,1.29255975267229,1.06683717020846
2330,0.0837897593650259,4.50384514728306,1.65088429970383,1.13301711626139
2331,0.084338588612087,4.42775178357273,2.2629321086633,1.23994416000486
2332,0.0833525061310262,4.2045741789033,1.9215081080272,1.11735480301072
2333,0.0832743079255587,8.21667299909067,2.89263618165295,1.28369519803181
2334,0.0833095574757017,9.64771687857374,2.41755365656757,1.48812545619097
2335,0.0834344035174479,10.3531826103111,2.64426398323911,1.38388916269556
2336,0.0833721907742318,2.94718303775209,1.30031392672582,0.981501629875129
2337,0.0830449899649938,5.68861809303666,1.84415003378347,1.18406775561239
2338,0.0846830953797934,3.64319090168987,1.60271886193222,1.10188535273925
2339,0.0830274342505335,4.92795340229009,1.64107291582228,1.0677630739155
2340,0.0844027621089612,4.29087893479757,1.76173122696433,1.2476998042214
2341,0.08331381445619,4.60047265986902,1.96880040766703,1.10884554360129
2342,0.0817107630173323,3.73535854694686,1.75011329143398,1.14883114733689
2343,0.0831091590001603,7.54940672911066,2.21492946739549,1.29167341847927
2344,0.0823224428439082,6.78704452309946,1.76383240593366,0.929746527220074
2345,0.0833759515538467,3.69778952814796,1.64195454572055,1.14253317540981
2346,0.0842062644792502,4.25054485813014,1.66203680457379,1.14401076776661
2347,0.0837741219139345,3.8770505036678,1.49589270920775,0.871996409372363
2348,0.0844869667541126,7.81060543378803,2.83729116828869,1.49910186034964
2349,0.083921506494875,4.37938800906858,1.98300967357573,1.0866718489091
2350,0.0822870945312476,3.62486379593823,1.1290858014016,0.904396240036161
2351,0.0827783741332048,6.47693252742097,1.66760659507908,1.03520519008827
2352,0.0842145971744639,4.92075565400364,1.8900216363439,1.3156149000249
2353,0.0834226902403929,8.46698293609624,1.91888079688219,1.36389149176398
2354,0.0836012975253769,10.2239261287519,2.23252036829056,1.21238933184144
2355,0.0842135888042491,5.37125207804071,1.38978192550938,0.905871145354804
2356,0.0835870525431105,4.81855506572689,1.62648154006214,1.03962571342427
2357,0.0834538463148879,6.12757378164391,1.50091738827496,1.08689598484846
2358,0.0843800475826952,3.78701275788333,1.67610809596503,1.23086092806547
2359,0.084052511042916,10.0872301960455,1.81903692190393,1.27504389563241
2360,0.0835154587303824,8.21765609572478,1.97585017719776,1.3066635210867
2361,0.0829281016710492,8.43366501774087,1.80191232973975,1.24475106414839
2362,0.0843245328351417,3.76308091924026,1.53742342145952,1.19439036233139
2363,0.0831133130351122,7.6387752409891,2.25459333113916,1.33142414301594
2364,0.0816671026032238,3.2927249836108,1.41926600338326,0.968800296746259
2365,0.0830446764448721,4.16547711173088,2.13514148477714,1.39872523683295
2366,0.0824030256892657,6.15943434918911,1.88394380516179,1.04374689084022
2367,0.083288392144598,2.91709645840918,1.00893568270114,0.770543661960746
2368,0.0842749242043563,6.87174463315598,2.05074064962733,1.43085812331192
2369,0.0834826091730018,5.1878946626666,1.82122440823915,1.12313873850515
2370,0.0832727548520203,17.86676436165,2.14493475326414,1.46619531633695
2371,0.0854233899041031,5.5401777450868,2.1275246598621,1.28413676198487
2372,0.0837648026976465,3.08801001828148,1.33243775665393,1.05533491429549
2373,0.0820840651435292,9.28322909339476,1.88350163570419,1.33017491153161
2374,0.0842471286900612,3.67990848172077,1.31038263506781,1.0836726289761
2375,0.0830951457929213,3.35897980908612,1.39160913933589,0.934848634846113
2376,0.0842103263092122,5.64444571979151,1.56309394820081,1.14041813085434
2377,0.0836697572585819,3.32921583069205,1.55931655494,1.00990690179662
2378,0.0845884028692693,10.046440693991,2.07221742451099,1.252243187336
2379,0.0828791937096422,5.38456211380781,1.7620494187294,1.20662173930642
2380,0.0830677445687549,5.35074257892487,1.84919131718854,1.19696956342111
2381,0.0847243912139298,18.9812278937969,2.20979226322815,1.10182930900882
2382,0.0817667024297857,4.73183970334386,2.38087243567195,1.24006449552906
2383,0.0828660836936031,4.10749621303044,1.33435759216395,0.976727015652725
2384,0.0836160043677616,5.36485946730535,1.7049718428245,1.45455501118094
2385,0.0857941775054046,5.4660261433638,1.57595497080187,1.29890015827001
2386,0.0845825274102743,8.36672122294971,2.30821911818771,1.20720885685578
2387,0.0821463002997357,9.31326672045004,1.8970317706186,1.2776986607029
2388,0.0837482363103553,7.09541065870918,1.94510865919119,1.06232973120904
2389,0.0834299825355614,3.450525471371,1.45231084262948,1.18404363001302
2390,0.082842074769074,3.65260454935794,1.29622990612466,1.07739701219865
2391,0.0830007985721814,4.30513491241737,1.53837221432497,1.09223196756528
2392,0.0833272465967841,5.59052565273879,1.69532942947057,1.08844504503507
2393,0.0845031023985085,4.07822541895792,1.72710379217372,1.07553157788562
2394,0.0841810616600962,4.09871731021773,1.36960354296835,1.06555445979859
2395,0.0846424875305615,4.58792490037057,2.15999066563027,1.74602031952848
2396,0.083638450759001,4.61917835739774,1.45644452328383,1.23893747698633
2397,0.0848202412575884,4.94583889867459,1.86812305030157,1.38158753915252
2398,0.0837928104283852,4.27114010542936,1.49256718525091,1.09072216293978
2399,0.0845350672026168,11.3289925642349,1.9639615522739,1.19178838389915
2400,0.083732517654392,3.21004880920009,1.13457472853333,0.972349645566165
2401,0.0842444392717199,3.02716597164781,1.52486604358898,0.972105594019605
2402,0.0838707046035035,3.17774535839816,1.76755929600627,0.959538744857087
2403,0.0826746233832122,3.4495133652479,1.22910523066585,0.931005233340824
2404,0.0838763762722437,5.98299560623119,2.33244987434541,1.11952286276002
2405,0.0811228124309584,3.91683143029494,1.40953835259618,0.959367516739262
2406,0.0841004352195284,4.58023074782818,1.44868017625054,1.01078714993602
2407,0.0838798356461053,10.1156819233266,1.98539972592838,1.34119741208608
2408,0.0828966332180167,9.81264686043583,2.02611896815226,1.15326127919232
2409,0.0835557662148149,11.4201757692182,2.55006662986991,1.57439865805942
2410,0.0838192371640345,3.59279248095102,1.70638920155474,1.03041728236365
2411,0.0853993920779315,12.9931281692982,1.82612672074336,1.08168760881356
2412,0.0837562595424091,4.82661723467538,1.49092934946265,1.15279344314592
2413,0.0841896680187355,3.46977620544018,1.39466587990377,0.904490989177012
2414,0.0824049217059088,4.11768793995523,1.41198816214751,0.907574462098147
2415,0.0846100098610086,10.1656526638409,2.25866091770205,1.23984056561176
2416,0.0833978996461699,5.57286894076571,1.96888891163497,1.28983955859809
2417,0.0845624209153011,4.22927848251791,1.88232511748183,1.0573237816882
2418,0.0841552429858543,3.2944322847447,1.52573122640349,1.10589026882082
2419,0.0823102711724032,6.40342168846302,1.6599731242651,1.08806240990441
2420,0.0839521157759964,11.7435503539169,2.25169244140866,1.24850440683395
2421,0.0828004890468476,8.62175654319364,1.77009749197459,1.04608879332705
2422,0.0829914625270237,4.51665674936176,1.8739379855299,1.32321869819256
2423,0.0833882146362919,9.40200899280024,2.22839764800862,1.36910145907237
2424,0.0841781937568232,3.7167806642718,1.26195326734972,0.895585021644474
2425,0.0846731710131311,5.72454652161942,1.42682431058357,1.09803105794189
2426,0.083840642110949,6.67867592015234,1.49537313690129,1.04092363679289
2427,0.0841294402898912,3.63109979745981,1.92907551472376,1.25803097821346
2428,0.0838856905927664,3.31307629886845,1.39028235832642,1.09088248629161
2429,0.0839567796578256,9.56815099624154,2.0961384599504,1.24775551665703
2430,0.0837974635913229,6.75021677384337,1.72565615951936,0.958122334031498
2431,0.0835835509377418,13.3278875166696,2.46297948618547,1.16535531523167
2432,0.0842334721187501,4.77366539912901,1.93221858011568,1.15911802954814
2433,0.082371969011466,3.53754687858414,1.92382643155533,1.11596705910984
2434,0.0833700103153358,5.64164148313998,1.90069368414684,1.01017960383653
2435,0.0837545785019187,5.70882420007064,1.81047112886171,1.10544740786109
2436,0.0832305355981363,5.71700974440958,2.00017542615212,1.36464769138675
2437,0.0827170895620265,10.7356643273937,2.17204094692998,1.13990914656113
2438,0.0842228687208445,4.62545239154909,2.02891546188259,1.07941472243531
2439,0.0844728272136529,3.52802723486992,1.21767242264311,0.843974748201159
2440,0.0839768985759289,4.36715145152457,1.8894945108945,1.08817590649235
2441,0.0844107404935644,6.69749767696469,1.86568376570407,1.36697931835323
2442,0.0841121369544775,5.60881688826112,1.99099029866647,1.31364265478644
2443,0.083758635734237,11.2802148119716,1.53016966862286,1.09409120878302
2444,0.0821140757819301,5.22172067489585,1.63637897066268,1.1076776148014
2445,0.0848172131637684,7.65879715457749,1.55006511607634,0.977213286459733
2446,0.084194291110294,13.6573530989171,1.82833645081731,0.933889049475344
2447,0.0823701448345936,4.29755992575758,1.55117304511473,0.988735769479097
2448,0.0842408612128238,3.90414326329562,1.56245656860839,1.02438228854391
2449,0.084550440548814,2.85710074517151,1.32402787392626,0.930967653294617
2450,0.0852409021282597,5.07969942796976,1.6963820920745,1.24656020827848
2451,0.0836323210928397,5.84213181547077,1.60557802623698,0.949979385733788
2452,0.0826758366024771,3.45611351650074,1.69261356506178,1.2093031483728
2453,0.0824194095643864,4.1997227322728,1.53792742148739,0.979137479296744
2454,0.0823806790996752,6.81603073625624,1.98020742350408,1.14766860950502
2455,0.0836722497311261,4.04459559031362,1.73201346889375,1.20405564121739
2456,0.0838996790196127,5.26907233615921,2.41966667444998,1.2281618215127
2457,0.08428792817441,3.72830568350687,1.79341698995242,1.04298134910629
2458,0.0832757703730897,10.0575429630366,2.05924231235455,1.46234258586557
2459,0.083795068250636,4.7842795396631,2.10203162462098,1.41361639260692
2460,0.0830812495469066,4.6693976029528,1.44119635759115,0.960997466699227
2461,0.0830403669191147,8.19245994669823,2.24050287496606,1.65184387666013
2462,0.0836276647332154,3.94713508995093,1.42397261589381,1.06303678905129
2463,0.0839213825107145,8.08208595870353,2.07224924029711,1.30789413947732
2464,0.0839270621586816,5.93477201480137,1.46983942398689,1.1313826349152
2465,0.082233085876689,3.891659519568,1.71482597391646,1.16000824288989
2466,0.0841933870765508,10.4081214047373,1.69894569385634,0.873492014306178
2467,0.0846205650080313,3.22895707398964,1.36776057233355,1.28155277357615
2468,0.0831351326306306,3.67353757056632,1.12504190164961,0.85404996721813
2469,0.0836111527061908,3.78935926586684,1.96512517386093,1.32446936209372
2470,0.0834255176827219,6.07775879857779,1.62894617067059,1.17908268387988
2471,0.0834685570079194,5.73312249327909,1.67194710891324,1.11811929071275
2472,0.0839444630258377,4.45028785542235,2.06031958223403,1.40147104978526
2473,0.0831328169793945,3.25253665964932,1.31551967542164,0.974193459143555
2474,0.0834763031911592,4.73621899166688,1.43160429120573,0.906232589144315
2475,0.0821888325387084,9.38372449778471,2.22818010338888,1.38011256836229
2476,0.0836357114069909,10.6738326694543,3.09208279554529,1.68570478645534
2477,0.0837565497132507,3.6614251372123,1.64416334353044,0.917674015702326
2478,0.0830965664791895,2.88154537076389,1.47104526128808,1.19468740260761
2479,0.0837181970338583,3.99853589985222,1.60923024431824,0.968246584960929
2480,0.0836552451732073,4.4497305469344,1.61965833703266,1.35653663708395
2481,0.0826659701439483,6.49488419238789,1.38428723981789,0.782447133094285
2482,0.0834787878382013,4.33848575964471,1.54740094137767,1.02696152453798
2483,0.0841596427221039,9.00489572866205,1.94313079657635,1.07808845260918
2484,0.0839309300516114,5.7856504028974,1.95186549579579,1.54117472096773
2485,0.0855419162117539,3.49851466294784,1.36398535026362,1.06046456992172
2486,0.0852160911387819,3.80055334789202,1.43916113968241,0.889028209441406
2487,0.0853106822803987,3.19219746405835,1.62104731623626,1.22333569291691
2488,0.084826221229806,13.6636591466246,1.94997186511401,1.12130636269536
2489,0.0859120327927443,10.1555420444692,2.58680555826694,1.19287282658294
2490,0.0832846216741519,5.64477441664652,1.56041814902418,1.18890462377192
2491,0.0834977050374773,4.61792671968606,1.27263829594453,1.06036304260788
2492,0.0836019022696476,4.39021561114675,1.55227777959473,0.932702363995323
2493,0.0825320375848852,4.25519863138348,1.82866845374852,1.11207613094626
2494,0.0839850159279711,3.87268996138791,1.65792949960161,1.09871297411006
2495,0.0837938666088104,3.93437482016491,1.41228262013533,1.07203764781159
2496,0.0826188598670343,3.83828454207218,1.70496976364631,1.14922635874745
2497,0.0842596473035424,10.1809625671146,2.14792952328413,1.29843186746413
2498,0.0836908356458305,2.90726256963754,1.28498475975759,1.00698292515333
2499,0.0837764125420523,3.41659494106737,1.45307800524177,1.0142066939338
2500,0.0838387281674486,5.55100173905128,1.74484010244886,1.12704341612718
2501,0.0847884573445863,6.39262767716259,2.07856430799104,1.17976061055007
2502,0.084233311252955,3.65667302178137,1.71742410484181,1.00266923503386
2503,0.083360637186392,9.4901469250764,2.19285159830759,1.25227580020816
2504,0.0836099351327809,6.00439407959113,1.36210756372588,0.985838287580014
2505,0.0830599929818921,3.28187370163099,1.44976437376399,1.07896286440411
2506,0.0841182217001504,6.03242900981527,1.73888466138725,1.12843045187927
2507,0.0846143469332823,3.79987262165971,1.32179380311836,1.15126117988658
2508,0.0831602294281555,9.69149862097121,1.86570961872388,1.18832368641752
2509,0.0843623431353497,6.06377600472672,1.50408338606578,1.27077460537385
2510,0.082738633735816,5.67296150764704,2.49559521414879,1.52472489204559
2511,0.0850207135470115,4.16728643131846,1.60629073568037,1.00507688931796
2512,0.0838773364584341,7.05565379043786,1.79847523776704,1.20472707624346
2513,0.0842688847287783,3.05706658592789,1.46446065438247,1.02731053522405
2514,0.0836079607495951,8.13373307790314,2.00742260416525,1.11001881193634
2515,0.0829803033702494,10.5487039492763,2.06020449114803,1.13681284076106
2516,0.0818590210089962,6.82390444932999,1.85201183524427,1.23984861330505
2517,0.083805196796707,6.97650697663926,2.49644915538516,1.40549241021723
2518,0.0837860680836186,6.1172347182508,1.72624317822558,1.28069430170561
2519,0.084626095361806,5.39576129938507,1.51008574088521,0.964690190067272
2520,0.0834327055279304,5.78957807316531,2.22881967359347,1.44298984193229
2521,0.0833161655280903,4.19458364979523,1.66370462450221,1.16047841900164
2522,0.0839610020930057,9.15497928013097,2.17157895323156,1.30793476327766
2523,0.0824079129989728,7.53066643601156,1.71028657392966,1.09443028692619
2524,0.0837412376656914,3.78714708925113,1.21020788629814,0.847697612687611
2525,0.0824095551035297,5.22945758429614,1.60920369138746,0.94155008233529
2526,0.0833460839856178,4.43953686050884,2.18418820397012,1.50327566421001
2527,0.0840339815297434,9.38819700126279,2.89286955174132,1.23768504303117
2528,0.0824818832276532,4.55690080770847,1.36616256611833,0.925378994443591
2529,0.0824746728024622,7.41615336579685,1.87169299407281,1.20329733766375
2530,0.0847092012867279,2.93298061961335,1.90965593736205,1.04823464196156
2531,0.0818855613199054,3.55635206837133,1.54240285005546,1.09638668618099
2532,0.083873206608611,4.48081687335335,1.65762107314179,1.18348739349453
2533,0.0825280544740081,3.74515323214349,1.27251170868413,0.970349038258766
2534,0.0849932202586532,4.40802197258354,1.66163270778191,1.0436772148353
2535,0.0837227126323545,3.17065134369101,1.47039388546511,1.12202014446934
2536,0.0829538352502605,4.05930827525049,1.47649324241816,0.974264884491802
2537,0.0815924629323375,3.21769809036963,1.11269504004598,0.761084224960517
2538,0.0841946671697336,3.91892607100729,1.47609719188565,0.966281808502595
2539,0.0829027166037897,6.40427309277925,1.7377171986264,1.14950891145012
2540,0.0837272748934606,3.30534474091337,1.76305884860605,1.06396780936123
2541,0.0841222450962256,4.23966343099252,1.73624885775825,0.999742177847001
2542,0.0843630778726046,9.11249069569423,2.67108192630114,1.45448544621911
2543,0.0829951088728915,4.4258432689103,1.47937620808355,1.05725403197345
2544,0.0824746018948123,3.10336755252748,1.36966821807874,1.17573281050834
2545,0.0843093299617077,10.834997451369,2.70991724578736,1.1062573292055
2546,0.0832716197234355,3.94894014410119,1.57153899834586,0.872038104156245
2547,0.0831091127353782,6.394283897789,2.10040325628151,1.25161545438378
2548,0.0840168913003416,3.25294074506977,1.62288815848241,1.08376716569029
2549,0.083143656768614,5.31267069827413,1.71389463510128,1.20240526164063
2550,0.0827915907829458,3.32901528220791,1.46859544866456,1.04926914245777
2551,0.0832048505929102,7.63879337251755,2.158395484338,0.983873543682432
2552,0.0832805570661024,4.20952107657549,1.88767913243364,1.1802722095959
2553,0.0836568367439006,7.52306133294466,1.7398672576358,1.15056352893598
2554,0.0838567180286826,3.30182139489219,1.15809239921309,0.822127483447408
2555,0.0837548949073469,3.23767533386889,1.14477971737307,0.804569309459581
2556,0.0842600077201287,5.59734721487297,1.77598678155641,1.02502356256009
2557,0.0840037198499696,3.59376282053883,1.83626502275979,1.13548765289497
2558,0.0835471471064071,4.26523022060046,1.93884056495303,1.30116971301652
2559,0.0825870899147305,5.09547099839507,1.61097150787063,1.13125703753414
2560,0.0830200321273152,6.14765099154371,1.84501892995616,1.15810893675174
2561,0.0839496065608977,4.96311007363709,1.81054666426246,1.07049501457371
2562,0.0821141653371918,3.76265173615827,1.2924427828181,0.83285523208587
2563,0.0836052067515049,3.03808015245963,1.21609606123089,1.13620061856316
2564,0.0835271665841028,3.74948170352162,1.93222242386874,1.28703440461643
2565,0.083256183051554,4.279643755183,1.5857986115335,0.988820894872284
2566,0.0843616132545903,5.5741074579423,1.5286793190106,1.25113943032372
2567,0.0842985428538455,7.41872334181353,1.90824359522579,1.33752135580982
2568,0.0836683065533498,6.1133903726305,1.60780651145584,1.02941910079396
2569,0.0833380743585381,8.44667192192813,1.94663323671803,1.32167262977702
2570,0.0849616694735496,4.02202022366091,1.59110709081819,0.86903776384418
2571,0.0833403125851554,3.27222892142941,1.3801381058124,1.09789343818573
2572,0.0836471378025707,5.16607469240252,1.71523216651761,1.02849712270573
2573,0.0832653776097305,3.98287427787875,1.56866363700512,1.16162933933783
2574,0.0837411304016567,6.84159988546558,1.69228502485004,1.04810528182326
2575,0.0843444720061497,5.79876320315379,1.67213643067929,1.06142495199079
2576,0.0832084093463335,7.67394550687144,1.47620569161606,0.873727871928863
2577,0.0851569396757503,8.93480868605109,1.95195164613764,1.21017927570922
2578,0.0846811874005863,3.99614109879218,1.54830498665436,1.05680862559028
2579,0.0849756545655699,3.35657067791812,1.5447255806103,1.05556006754924
2580,0.0837725471133039,2.74047961882806,1.16550433876187,0.866451981107751
2581,0.083427937260895,3.50117596712512,1.68200361980994,1.34056930509647
2582,0.0847877910725895,3.82753635104299,1.65373744482824,1.23497513695277
2583,0.0826904546067442,4.48416626312164,1.72630539541445,1.13933795463709
2584,0.0831752033836344,4.54866660434331,2.20580913758719,1.11374142950247
2585,0.0845517538960155,6.0553005691627,2.07538142377144,1.17406166157925
2586,0.0826539622835179,6.10375105611887,1.70329752105759,1.06593404462871
2587,0.0841374713263758,6.01931165290076,1.88141459977859,0.970053368595219
2588,0.0845654580703995,3.73746090417219,1.50224490076602,1.0304806061939
2589,0.0830736545518039,3.11244159451042,1.34665379125855,0.921863262715285
2590,0.0855116079382536,7.07154380495727,1.71381647829232,0.966581627697437
2591,0.0847749430207515,5.91862174413529,2.07200968598077,1.26661781112555
2592,0.0838598610506991,3.29204859560358,1.26311880460557,1.13742388707026
2593,0.0842516857334387,12.0942965114688,2.14154010154741,1.12439228123131
2594,0.082803393243404,6.21545452940704,1.99324535716375,1.24478624102046
2595,0.0825876604011788,6.16559443123285,1.71927789387807,1.05409885508719
2596,0.0834586740743271,6.35558656134947,1.82538275490445,1.25744869314516
2597,0.0840797421598109,6.33740573372698,1.73965425598689,1.21948099112381
2598,0.0828341543804313,8.44056046810301,2.4768644747975,1.18624965102389
2599,0.0848760738028311,7.61057393188966,1.83969435233383,1.2513873425187
2600,0.0844353335590862,5.81726692979896,1.98707839235903,1.24643705485932
2601,0.0839278348083382,7.54326986580145,1.60945763959497,0.883564670169296
2602,0.0836573731585963,4.45007004708779,1.6891631476312,1.21427122413825
2603,0.0836236400948747,3.88673097594387,1.44382247024199,0.925125540644225
2604,0.0839555189069923,15.7255656082681,1.64250942940759,0.996611910495424
2605,0.0829659543478022,3.69238076846561,1.84073458834411,1.12562746544046
2606,0.083282334654525,3.72530405199908,1.83414125320043,0.961426562134015
2607,0.0825442935549286,3.4040446133382,1.54331825967513,1.18450889884007
2608,0.0845332818225035,5.44958925815689,1.57319906577877,1.1113965718979
2609,0.084092722347103,2.94723421363926,1.33888193800076,1.13468536833842
2610,0.0833951506451636,5.24047122360513,1.84512376654297,1.18361303502201
2611,0.086025535977256,5.26255703507553,1.70345843307827,1.26124952178683
2612,0.0844566131331619,2.97748995553529,1.13800558382427,0.93824382957207
2613,0.0826526954171567,6.11158842445484,1.84332028580714,1.10146795634912
2614,0.0839986577273445,7.8479243271287,2.03243738725583,1.48260289278143
2615,0.0828030155282999,7.27061570820484,2.12252352213841,1.28060067267246
2616,0.0830383672005767,3.82070114713776,1.14409792767392,0.955801211387235
2617,0.0840759567910373,5.4713376531019,1.61083507933158,1.00829337588795
2618,0.0831983181260052,4.17041050714086,1.53235241641737,0.923550641808062
2619,0.0830089280163739,5.12894019248784,1.81802215676841,1.43138522710541
2620,0.082679137407444,3.80649299367234,1.79289894512092,1.39670824238371
2621,0.0842977475292463,8.55145591394501,1.79541488095532,0.934852686715453
2622,0.0841872640507755,3.89871680544438,1.60559745198722,1.01780213312293
2623,0.0845921090490771,3.03091644495969,1.13576465246417,0.981601379507978
2624,0.0829483678010901,6.09880198895249,1.67220455328035,1.01436572141617
2625,0.0837625158347102,5.97175534623641,1.50076570936224,0.96217988970096
2626,0.0831985202397952,4.34068931283168,1.34301753575431,1.21624426906151
2627,0.0829335616686973,6.49327622356106,2.01386797827215,1.22280270260274
2628,0.0842272538681968,6.47203399231156,2.40423358153348,1.36744943820797
2629,0.0851730859799344,6.680865795774,1.89112631762464,1.07090865913939
2630,0.0854171818175972,9.60691534071839,2.31341653202529,1.09106930581366
2631,0.0836496436580099,7.76666974314965,1.94080687959642,1.22101131473679
2632,0.0831302901015389,4.03374924487856,1.59178060375537,1.22052702593854
2633,0.0828264674710294,4.72174603452834,1.39446891039676,0.861345920559683
2634,0.0833159385645406,4.47793453047615,1.30669173427951,0.75798708263859
2635,0.0816052321964083,6.74383772242866,1.84251327049265,1.02517574643951
2636,0.0833610954128645,4.87524657984332,1.44572163654789,1.04878856462508
2637,0.0828227399858597,7.71799018625893,2.28522952695438,1.34999839692076
2638,0.084878519336475,3.03266788033252,1.25232798884524,0.777525172463807
2639,0.0841083179512959,5.51898927797691,1.57226973444988,0.993116924480494
2640,0.0841530628215323,4.16708986581697,1.82849164263846,1.08056331329328
2641,0.0831798207031866,3.36956431340718,1.7117753610622,1.04460279642747
2642,0.0836993945514847,4.3840096770649,1.88836651861563,1.23831611207685
2643,0.0830663271946416,5.97948228500381,2.23289888832016,1.1629580356527
2644,0.0849164828168986,7.13230820297885,2.07698528097207,1.50783422857908
2645,0.0833359095641991,5.05227992346929,2.03428499222166,1.09311667744856
2646,0.0835461994214377,11.0660693515861,2.19631150713432,1.07338884485512
2647,0.0829588091863637,5.86057372737521,1.49300938999799,1.16925714274592
2648,0.0838346205178708,3.66833096860829,1.45984222219417,1.0342331843187
2649,0.083713936049903,10.5389836270768,2.13021868093468,1.1367388383161
2650,0.086138488238223,10.2054705127085,1.72314287025265,1.0509526392422
2651,0.0851287077400431,10.4663960623103,1.94785728486329,1.00648978053526
2652,0.0830775444812208,4.40916825975119,1.56179197708205,1.08000266501747
2653,0.0822916950758573,4.23884674581965,1.52406258744398,1.04222221965134
2654,0.0836163583346577,3.99827652907045,1.91016198698468,1.05959265351362
2655,0.0832486676816177,3.61260079442241,1.47908287855561,0.890901211460909
2656,0.0836098570991906,4.5421226886167,1.40622453473964,1.0230635053802
2657,0.083090118050808,7.24392807388143,2.5446362760035,1.26914018985562
2658,0.0835438416622129,5.17851825148069,1.76668936276188,1.13652920741681
2659,0.0837307586443798,8.84936404708483,1.5844849270941,1.13104428617567
2660,0.0835302188952744,8.40777913293549,1.38772781109569,1.08359288201756
2661,0.0842349386092546,3.30635274493716,1.51185200434876,1.09482671361158
2662,0.0823824763621769,11.0459881721048,1.88213706667211,1.21691699593703
2663,0.0822160993654074,3.56934667014245,1.40034433622268,0.831049045626432
2664,0.0820109321493311,6.36549148463035,2.03483611455858,1.44672410804682
2665,0.0835671234317914,9.78652778510555,1.97378288286259,1.0689874262886
2666,0.0830230990966384,7.00895679084482,1.58094870931964,1.08820346249935
2667,0.085159372020465,6.17106968923407,1.88810104402309,1.02946463993122
2668,0.0846150151211344,3.9309941379506,1.69164871700967,0.925492036239869
2669,0.0844428069917816,9.16741192694178,1.86521336337758,1.51418512284728
2670,0.0836116199165238,4.89028118855114,1.9306995834143,1.07746554713171
2671,0.0843192385778464,4.24536159111399,1.60699927981462,0.98591992146498
2672,0.0839142637980088,6.05201522982322,1.5174935770931,0.994936035918759
2673,0.0834832430121468,4.72562244006082,1.79793874690098,1.17879489108493
2674,0.0827522838276177,2.89921617118924,1.18816430644836,0.907379223213559
2675,0.0837521519500414,3.40645347833918,1.28846532448593,1.24244373392583
2676,0.0836442519642402,2.98199413449724,1.37009073216522,0.907187618711392
2677,0.083231340434793,2.7190385186465,1.55536765075326,0.960053378522652
2678,0.082794340530511,3.99088979350206,1.64437172466141,1.01576756756302
2679,0.0845577156127158,6.83030545335944,1.91083027002824,1.42698947524842
2680,0.0845503858618125,8.31243415290647,1.89504327008483,1.31168105391179
2681,0.084088432739384,4.23885809544733,1.97574293814916,1.16296794714542
2682,0.0842106389067116,4.1371574302886,1.98359363098522,1.08874265376044
2683,0.084176690777785,5.90519230064948,1.54452607726122,1.01139034074504
2684,0.0834307264386509,6.55232829655048,2.16132142463859,1.09231835313994
2685,0.084010161750853,4.02340297587334,1.90536486224404,1.00260469513721
2686,0.0828137905996009,4.16729237576163,1.9777403609455,1.00173404637681
2687,0.08388520978657,4.04171729991405,1.45970499943177,1.02520549231509
2688,0.0835972637857286,8.96543088639897,2.33673953477996,1.47537208104207
2689,0.0825697904579429,5.36859075141613,1.82054209803882,1.13944524415101
2690,0.0832678808327786,5.70525961290835,1.72374954093805,1.07539662565843
2691,0.0847287654184765,4.84446244567398,1.36013441752598,1.14864391158579
2692,0.0821890476620974,4.01049988354218,1.66156012406539,1.1151016247198
2693,0.0832088287332993,8.37478919605078,1.41475315635656,1.03005896909688
2694,0.0831162596812588,5.27235031002847,1.83654277205605,1.31530176012304
2695,0.0852807537217985,3.8047253723067,1.50457481347366,1.12185458307251
2696,0.0831720696037256,7.0313355201057,2.27997996335835,1.1552954936201
2697,0.0826806044657281,4.36938728132514,1.85186249258089,1.38173643190489
2698,0.0824733259010494,2.72147944184987,1.39269370311826,0.981140710806973
2699,0.0830941114985013,3.92857120042121,1.55376095804944,1.12950887976488
2700,0.0848184821219147,3.43373874876629,1.1984582263651,0.936698112919318
2701,0.0843419892781948,4.09165703325397,1.45979320208456,1.02550738862556
2702,0.083896348655835,3.38346835487519,1.56415340353457,1.03764566196974
2703,0.0835452806499121,4.7925989057831,1.58878320320005,1.06627635507729
2704,0.0830774632045792,3.05056016157823,1.43359822601014,1.07215614607852
2705,0.0826349003594252,4.04917550425775,1.34422814170441,0.898165941516801
2706,0.0837844238265825,4.37218740536687,1.68490177981292,1.12433787674633
2707,0.0825314544058887,3.47399121130676,1.38290287331332,0.934042181139274
2708,0.0830380855397104,3.4169385812653,1.91585639457216,1.04059539516876
2709,0.0834087461587451,4.64384749014536,1.84537167975212,0.935614820680004
2710,0.0842371621331599,5.34575975284484,1.93004512483236,1.25987936140311
2711,0.0841050987577461,5.42715537083573,2.04952679140847,1.31444853585512
2712,0.0839507322940011,4.55377536510794,1.55106997861543,0.982052739425969
2713,0.0838989066804891,3.8413800022328,1.43129604640624,1.02974282735309
2714,0.0833725643820568,4.23242475686863,1.53167291726936,0.910007648996758
2715,0.0837698610671198,3.91914716506648,2.06398254513788,1.13884671364692
2716,0.0850741426991235,5.46017267511772,1.55413688025772,0.938057349243837
2717,0.0828213250083318,3.82155105841422,1.6614989947624,1.15478700936475
2718,0.0837883803215772,7.30793093440745,1.76920928896542,1.18188232352219
2719,0.0843149172410362,4.40147877747866,1.78828497385355,1.09196365518009
2720,0.0836649940168467,3.55988316811783,1.47493287882688,1.08310497135915
2721,0.0834225382274599,4.66557932769242,1.63245009365954,1.20401443038812
2722,0.0830557106862777,5.72053685930428,1.60906491100837,1.12109778779535
2723,0.08404453742724,12.9086770140526,1.82202463924571,0.978142048144698
2724,0.0841365733608712,4.37606429619639,1.46828930744339,1.03558670277613
2725,0.0830113665039741,6.480768186627,2.18604920156581,1.04186094427991
2726,0.0827229491355646,3.86243131841776,1.40645706187386,1.06581342008274
2727,0.0825770594970474,2.98570886222028,1.21558832772693,0.950541546707762
2728,0.0837513595384446,4.47709667192268,1.62248875963018,1.12299121861552
2729,0.0842094309060032,8.49590776691771,2.50507619520429,1.65227865071001
2730,0.0828167185461864,3.65655247129135,1.30430224074529,0.893603665368926
2731,0.0847643603746878,6.88320375956643,1.91826568418164,1.27388527428813
2732,0.0831341321110381,7.20826627363473,1.46936329322882,1.02701366066701
2733,0.0828525545963788,9.09414417177799,1.43569310224235,1.01848745035652
2734,0.0845016961782988,5.95170201357911,1.46408075102807,0.971388373664127
2735,0.0844198018503061,3.31375533399346,1.46005917823493,0.97022725696258
2736,0.0844630374015471,11.8014412613679,2.4164003547113,1.22987875118102
2737,0.083720939531771,11.7615231228404,1.87494353285875,1.28253233277281
2738,0.0842369940008244,3.99164912439096,1.51738583263645,1.31927799200277
2739,0.0836830752690651,8.0669569106669,2.11214893563878,1.07349645130542
2740,0.0831490405962184,5.21569390621706,1.92502786430381,1.11333448017538
2741,0.0807241833706208,11.2259059092755,1.48381232969419,1.26542819349238
2742,0.0831271317861941,7.20357486992283,1.87967684356183,1.04158536962334
2743,0.0840523263175796,5.61021273530789,1.72502395454347,1.1846998913259
2744,0.0839170108014612,3.66995982124282,1.44484128462369,0.898021095691766
2745,0.0831816923590797,9.75562055359282,1.93310076133408,1.08879477511456
2746,0.0837618703602373,5.37290992562323,1.64276712058655,1.07299213161709
2747,0.0832601077150577,7.14866770183826,1.82583807172222,1.19522968737767
2748,0.0843246750600218,7.04836980315868,1.53501908467981,1.03576941411461
2749,0.0830447521227911,6.03201393714416,1.4727721317875,0.883500324554258
2750,0.0848962793488727,4.33779165499777,1.79705852740723,0.977268048578651
2751,0.0825035248854542,5.09683315745093,1.65958880374175,1.08558704659359
2752,0.082758866752495,8.70249706028344,1.6573245960541,0.922092845300161
2753,0.0842550561447648,6.4417016923104,2.18752945936843,1.25174235707334
2754,0.0828901085306455,6.12119699630955,1.75857615684021,1.24808129001439
2755,0.0842766511434784,7.89663015036492,1.65660766055346,1.26849077677169
2756,0.0828257469214405,5.43671993204245,1.56162121352027,1.02375943215865
2757,0.0841157439884436,6.50064114955431,1.71328318680441,0.975382817388896
2758,0.0840809185349171,3.41243389382553,1.71040376317636,1.02130880841389
2759,0.0830370496500808,3.08610967693636,1.41919772386185,0.936254902576699
2760,0.0840141504679814,3.008615984695,1.46243841759287,1.06740470571062
2761,0.0854833684122167,16.2485755709996,2.40583432469565,1.52353153000145
2762,0.0827854918048395,4.46820633306908,1.40207629333826,0.974251302558741
2763,0.0816551037484651,7.4543978560739,1.47953836917299,1.13290745585647
2764,0.0843020095632689,11.2604951593492,2.28370137052292,1.12735652702034
2765,0.0843362430863479,3.04553457325803,1.44386315824117,0.854572576458822
2766,0.0845719189638923,5.16918477489785,1.69523799441525,1.04536261771383
2767,0.0832327271511688,3.71789272598254,1.41769119113571,1.0218545093754
2768,0.0823733720787058,5.77702760053694,2.21971380071597,1.26073091767206
2769,0.0851129037060508,3.58512367301785,1.19888374566578,0.980152282905241
2770,0.0854465502736135,2.8163270358444,1.23740517299042,0.928281590125096
2771,0.0844795655025424,7.66392563428238,1.7954284535145,1.35604316172014
2772,0.082577122165926,3.47944658928612,1.35283139893076,0.906518376301091
2773,0.0828134742612514,3.92989489148208,1.6585547628148,1.25181473855651
2774,0.0826982667069145,10.8174488040622,2.10098984612433,1.23630493141875
2775,0.0846944468740142,4.24862565109575,1.6554474055933,0.8420068909087
2776,0.0853058395980952,6.73402188371801,1.61066363476133,1.03620158337226
2777,0.0857191502975574,6.98375293291735,1.58654999473656,1.04691205405533
2778,0.0848021668034678,6.15163549099915,1.77162727104783,1.23442614073033
2779,0.0841361482879574,4.24170371328314,1.80354420016674,1.16326306472313
2780,0.0841898218257736,4.35181497086529,1.435715593591,1.45238428462181
2781,0.0847676727566216,6.24828408112075,1.49999779859175,0.911278114649243
2782,0.0827525511325415,8.93202882922095,1.88285508468584,1.10752306543257
2783,0.0838060253166436,4.79609055582395,1.836737510087,1.60077692816713
2784,0.0833550274087908,4.80985005237314,1.35519761377546,1.17758998039415
2785,0.0841437870796791,12.984623716381,1.65000640625491,1.06492437347054
2786,0.0829448012912607,3.04690050101572,1.2425237127077,0.857737312386215
2787,0.0834858679341816,7.26190065857038,2.29557862608863,1.30427132794687
2788,0.0833538419255041,10.0374618792088,1.60405175523364,0.938036584770992
2789,0.0849085371576332,5.44662157544237,1.55244117725002,0.920637545020099
2790,0.0840760575306269,7.58502051149233,1.7932267321368,1.10061769240747
2791,0.0848359099541356,4.04406258241059,1.59711741149262,0.95948612567307
2792,0.0819113804747569,3.90382296740679,1.55974757550463,0.94196050465516
2793,0.0830538175016961,9.65378303334791,2.026510660956,1.44787372847347
2794,0.0839160085699612,3.91297788648159,1.45589382522382,0.976152734651569
2795,0.0813410558994335,3.00935495317538,1.43448021946214,0.930080660074506
2796,0.0853089608908508,4.54769830007438,1.71623484573667,1.02511041753795
2797,0.08294463959624,5.54907400246207,1.7636807932055,1.10958634407075
2798,0.0837937390543582,5.15392761114934,1.80725423502239,1.14094128972495
2799,0.0848747778424921,9.72816247130155,1.89063481043962,0.968253540580427
2800,0.0825951103219154,5.73081937688832,1.75908109175404,1.05522670497527
2801,0.0844748208103102,4.37228747828605,2.17005195360433,1.76672694042884
2802,0.0837561746575431,3.41225864999938,1.36731162438766,0.839455802107437
2803,0.082574318931156,14.1433509688851,1.83570172107516,1.1331170080005
2804,0.084230435111379,5.32350300733415,1.56058881538586,1.02321335414115
2805,0.0838877936620967,8.79988148070221,1.76665011743711,1.12434973448571
2806,0.084059222674651,5.95453194497757,1.72533407502829,1.3139595723615
2807,0.0833627246138692,7.37467489500243,1.61982105883999,1.08004824655444
2808,0.0833482408119231,3.61908301081088,1.15330942838549,0.945380810722907
2809,0.084080727740951,3.68726536463284,1.53129540090782,0.883950160391543
2810,0.0836327109599739,9.29864815371943,1.98212285496901,1.32524603216137
2811,0.0833097606829629,9.2647983662923,1.58613365232174,1.02094261323326
2812,0.0847267094689812,3.38472618933823,1.3499246399698,1.01548833383171
2813,0.082399665699636,10.4569231682258,1.95120365037705,1.09894450307528
2814,0.0824877663539221,5.87349260283369,1.87384893609467,1.19330060388485
2815,0.0828341292728569,3.09289861374514,1.90122606360728,1.01201834523179
2816,0.0836168869135659,3.79958708859201,2.07331368469639,1.04484441799566
2817,0.0832983012862423,5.68897046326776,1.19926900700323,0.819921463828071
2818,0.0837074261595688,7.25416415405596,1.85264244742157,1.11499298202334
2819,0.084445305211404,19.5602008800026,2.64141095739062,1.29843031008904
2820,0.0834093077469805,3.82116121916109,1.58894747213789,1.24742631998161
2821,0.0833747886249541,5.14438974537539,1.49379721892926,0.998225110544291
2822,0.0833845955738105,5.52883792193582,1.65046983331569,1.00563864043768
2823,0.083550285269871,9.03205815046127,1.67618505480074,1.19635935890186
2824,0.0832758032060439,4.27623954456989,1.54099621958346,1.21772667306888
2825,0.0826207758808935,3.05261549091771,1.24930268067515,0.915539814680389
2826,0.0824190923601951,7.12001602762344,1.86461667948815,1.18523695896728
2827,0.08391004137664,2.97214913586538,1.67251156997652,0.978013773003914
2828,0.0833866024867361,4.53762958443377,1.55900712861867,1.32747634174261
2829,0.0844769116971925,3.54630984671208,1.37351638331512,0.980975609185518
2830,0.0826571436604619,4.31484856783918,1.52652505779126,1.24440602839685
2831,0.0844096291691033,8.14646986735102,2.16344508522446,1.25044730522169
2832,0.0831746956207955,7.09595138507257,1.98760385584044,1.13067971305147
2833,0.083306010956291,3.04549717552094,1.38892961037636,0.869888933818388
2834,0.0850501718026443,3.1555551006667,1.83029095560236,0.978336266372134
2835,0.0832010986322244,3.73459564030086,1.34515047380537,0.990360462184514
2836,0.0843245612466268,10.7862401226156,1.96476952229176,1.14863923417934
2837,0.0841347917114391,8.93241851581771,1.82219713363017,1.16115043600684
2838,0.0836443359574189,4.85903983454186,1.91123308677468,1.14940920871796
2839,0.0835766232112634,4.19566976001857,1.28891933253605,0.816918755738056
2840,0.0827441643157598,5.79357400035273,1.62751080476486,0.901622419407151
2841,0.0828582022194949,3.39402667463873,1.77091219961998,0.936083163627363
2842,0.0829670580185767,5.85769842860052,1.65292019615617,1.03170541047446
2843,0.0826730621885898,12.3215277581895,2.21056058362543,1.1954404309373
2844,0.0843893063342992,5.6317437944465,1.48166462635394,1.08634982337665
2845,0.0827455767024023,3.26356976418691,1.30686454398696,0.845645226767887
2846,0.0841767378965099,2.93415529086823,1.41752027729185,0.897007120653105
2847,0.083890211612855,11.0726052769152,1.96273858278079,1.00794780590946
2848,0.0845485929248133,4.6145282862525,1.50191948402497,1.05173214656393
2849,0.0826742293196912,11.4228176371103,2.31331368224674,1.29878883304316
2850,0.0826553011595326,4.15735694919666,1.66918887831403,1.1206991005779
2851,0.0824362295653126,6.65646363612461,1.49507111787076,1.12620666365111
2852,0.0851284736258926,5.04200268266062,1.73437568918402,1.14869330868155
2853,0.0849201080514971,7.59469765921509,1.68624812483774,1.25948316061571
2854,0.0839805763871804,4.5502935570731,2.15781829987553,1.15218853893702
2855,0.0840918075427736,4.51722419620711,1.93551508486047,1.11112860630522
2856,0.0835938412203065,5.27319581936083,1.55087502765495,1.0713788544505
2857,0.082577727356454,6.62612597509,1.52756139964728,0.954951998228248
2858,0.0821346244562544,3.88933117172964,1.7000012127809,1.24810485897365
2859,0.0826201515482587,7.58520825020712,2.11269654636766,1.04880945710973
2860,0.0833239409738613,5.56777823226979,2.67868109757306,1.27115455485949
2861,0.0837055666953731,4.33745120482571,1.76169873882513,1.47893919642926
2862,0.08226180214229,3.73071319214694,1.47262995473956,1.09552903625441
2863,0.0840472365206149,3.93438604611326,1.23909379328248,0.855081637568974
2864,0.0839075838721216,3.97918379100365,1.17981838965644,0.92412482963333
2865,0.0839664974362185,3.19381465187323,1.23811525833361,1.19588186137569
2866,0.0844030960207496,6.4417959684194,2.09820394116985,1.3098829185025
2867,0.0820357137376272,3.59866628602133,1.5246599448713,1.11973893327118
2868,0.0823988324645459,3.01607405466236,1.44380271700449,1.18054319159883
2869,0.0842062503007527,4.10864220618997,1.52074799371715,0.836270800041806
2870,0.0840060837031388,5.37156264356789,1.87930064555309,1.04347747830782
2871,0.082944529016985,9.62821229559889,2.24873406450747,1.21561627768086
2872,0.0828889696714435,5.96499509366878,1.5854064778156,1.10025043197476
2873,0.0840324890006989,12.206361723519,1.84981601280125,1.24400073392735
2874,0.0835933770649365,3.40668145675491,1.5802138589768,1.02014433057058
2875,0.0847898149102975,12.220289048501,1.95196511661905,1.32988725352741
2876,0.0851721158880487,10.7910032690308,2.35394035343099,1.1328332450979
2877,0.0817069225190134,3.81804077448831,1.4983013445126,1.03827192939101
2878,0.0840360868447732,4.38767871067421,1.51196856058527,1.02640737743005
2879,0.0836597806555089,5.22830034388434,1.40377612142972,1.19112948644799
2880,0.0840125449211087,19.4973350482166,2.73906081634086,1.26083655708126
2881,0.0833735104391781,8.83558788142099,1.56830092844567,1.14142006589389
2882,0.0822540932526959,4.54141031002929,1.65534735948954,1.39187474062869
2883,0.0826395325210428,4.11266119954565,1.43757670129782,0.846549210446481
2884,0.0822325724058119,5.81615835104853,1.58650628549094,0.957662661713099
2885,0.0837907005272474,5.3459192634682,1.80656488585769,1.08756065672782
2886,0.0824363164078481,3.72710045710893,1.1952317861459,0.87424230736116
2887,0.0829763919961032,5.68470078477705,2.47367216835267,1.47867089412793
2888,0.0830106489386207,4.21267849449526,1.58287700391749,1.01498554970766
2889,0.0824067646198345,4.36450621293069,1.83464788246194,1.06809312517839
2890,0.0841945286852215,4.49813874472151,1.39539375245945,0.943784072309426
2891,0.0824793341374378,4.88734524092586,1.56180022969686,1.40798891817327
2892,0.0839565426277412,9.29999986375734,1.77376482133741,1.0953932553436
2893,0.0846566638056373,3.56313172588757,1.4344391254541,1.16760320893494
2894,0.0840873973295633,3.76801897248294,1.21109850134255,1.02183853685346
2895,0.0827251076321895,3.22166967670725,1.21088939840879,0.789141917140826
2896,0.0839972077369928,5.54124632432845,1.56151106061431,1.11312234697369
2897,0.0836832014282005,8.74359977988063,3.03013264160628,1.22709630749514
2898,0.0841852973468777,3.96518202813771,1.52448534919273,1.22652524761429
2899,0.0828579191082421,6.27194123640019,2.19665242848309,1.14751851384939
2900,0.0834708483812106,4.31579227189594,1.57243610822141,1.0505312373317
2901,0.0841782387428819,6.11940998613077,2.24004706366968,1.09523489395256
2902,0.0853424821404249,3.24583572762321,1.62410384861117,1.04144650577235
2903,0.0845852539224732,3.49018463714411,1.43673523521398,1.08315842179673
2904,0.0848534014445067,4.02344498856919,1.35576203989389,1.06492542387966
2905,0.0844678149485143,3.52470631925996,1.47253662674976,0.913048817882206
2906,0.0836252559783262,7.56769626302047,2.12351677897844,1.29618497645287
2907,0.0841860805545975,3.03849545842359,1.43905855939314,0.978523649127833
2908,0.0837447191687177,10.1297935535262,1.66070330697124,1.21182537117745
2909,0.0838390902138248,3.81700490866122,1.26528276405017,0.939858855301648
2910,0.0829050590974891,5.2858040759349,2.44372939693285,1.13681244144589
2911,0.083518810147748,9.23353570696755,1.89340401049986,0.926491960064583
2912,0.0831680089218261,3.03959194891006,1.58128900954957,0.991149000421562
2913,0.0837032713760044,4.16121648785047,1.4856143295355,1.01903360203565
2914,0.0837190959616147,8.91649249803432,2.1905768653202,1.45849799347392
2915,0.0830383216891584,2.91394247085529,1.79793286475455,1.22041619900341
2916,0.083214555495333,4.81093525314646,1.82358627443101,1.64678211509814
2917,0.0840583788176066,5.4873259438361,1.13479890355928,0.753835126196979
2918,0.083985846266493,4.11843368734458,1.30576367782996,0.924319180844573
2919,0.0839591317352882,7.88945006404353,1.71419082007498,1.42788954342102
2920,0.0830887103766455,3.58982006829094,1.37755452294965,1.06950824449071
2921,0.0828520156930163,2.80334057098114,1.31066887492926,0.909363707396091
2922,0.083759100746881,3.30265228052776,1.74111177845161,0.960953781707296
2923,0.0814223116130923,5.19360365695455,1.73260966271871,1.09861423667754
2924,0.0831941069978001,6.68616152103423,1.59487894213628,0.930517357572313
2925,0.0823003076244348,3.55078943345447,1.96715423725629,1.1166799581432
2926,0.0832639339899085,4.57345181115827,1.48342701449265,1.0934158400398
2927,0.0836803864838994,3.95295357801553,1.65175484216691,1.06279452073141
2928,0.0832894608769492,9.37692089044775,1.77832644682874,1.03694671387712
2929,0.0845830674401864,2.82165303483303,1.24215231721973,0.92453995419852
2930,0.0853576381294258,3.84347442980097,1.38389086950822,0.919869457719437
2931,0.0827059514018957,5.38018847603854,1.62945004376129,0.968025745272474
2932,0.0828548771792026,3.15136668657833,1.1891275956083,0.885476346850582
2933,0.083737434930322,4.77621499114196,1.53973492595638,1.01228707510498
2934,0.085054649606616,3.80830302085364,2.07983429134992,1.17283649432657
2935,0.0846892761210294,7.58819190333131,1.73998127379924,1.11980391919234
2936,0.0830459856060293,3.5131375801249,1.36873347746827,1.0535491063641
2937,0.0830820347399588,11.0678681129854,2.08244639648361,1.17435651581347
2938,0.084310012569855,5.47026360202063,1.74286989960213,1.00725260864138
2939,0.0836254113626621,9.08758516636121,1.95007197504503,1.28698387965107
2940,0.0836894410463091,4.04994401357581,1.39012152719341,1.0097332212585
2941,0.0833566501373666,4.77728113407761,1.98275672402472,1.68508742105755
2942,0.0830218612190766,4.69229229873312,1.45389463747752,1.23493882520694
2943,0.0830175788591885,4.32612762835428,1.54923079260718,1.12760795086418
2944,0.0846481341239754,3.8296509043089,1.16683985150826,0.845659261073773
2945,0.0835989811905795,4.13870111564727,1.9625125796302,0.98277390046236
2946,0.082872129226996,3.04122525642251,1.33785333932719,1.01514235311828
2947,0.0844193888110462,6.44546066956952,2.26241608921231,1.10442945903837
2948,0.0829826357145921,5.61805207033682,1.79585717866744,0.962792689929919
2949,0.083044351256344,4.56812665572171,1.3060320272152,0.953141596191136
2950,0.0840947156582638,5.35199406692599,1.68545915408913,1.21549404754418
2951,0.0851700307899607,3.2947631658718,1.21832025101999,0.868461129705267
2952,0.0832384360146355,5.39828201695686,2.11229950032438,1.28908561124442
2953,0.0842637391155573,3.30498990552972,1.36580138643937,0.976426420871693
2954,0.0834624140527188,4.03203084102549,1.70527672032096,1.07575046642203
2955,0.0831803856192756,2.7619412288539,1.13540562895617,0.780805648319505
2956,0.0845363637454731,6.45461383001986,2.02322528859309,1.19394454087191
2957,0.0836565976539217,6.29943227906161,1.89236303920922,1.12952219635003
2958,0.0844817242217279,4.36696958478388,1.80866427698137,1.28845004396421
2959,0.083790183973401,7.43814741853531,1.70963317134738,1.24385858363656
2960,0.0830854416641418,4.79956580212765,1.64247640247325,1.04798900075263
2961,0.0828694779877758,6.2796746546917,1.84114466555148,1.18762810599278
2962,0.083375375364655,4.3922387907611,1.82501201854617,1.1672287120984
2963,0.0828606181206623,4.06409373736602,1.50713520187036,0.998317765938042
2964,0.0843289625960412,2.85244181560706,1.30731415299705,1.00010380599302
2965,0.0834026431459664,4.94692639293867,1.5589998697063,0.998244190765619
2966,0.0840012492452723,6.41506349226747,1.95220043633687,1.16357736338001
2967,0.0833211915658341,5.88781721921848,1.80072108219161,1.2619885862345
2968,0.0832455467213113,3.78637838835096,1.97501915505261,1.17111212436853
2969,0.0835759331834777,6.22903992456352,1.5800278771132,1.20664715508232
2970,0.0832425345974689,3.57714913640399,1.8176971641499,1.13228984484906
2971,0.0831682489873212,5.81253029869113,1.55053049724516,1.19431803407726
2972,0.0827272145753319,8.0500234646465,2.20634928030291,1.11566114754722
2973,0.0832309636157451,6.36545288550749,2.25767953467021,1.20741343926721
2974,0.0833849148635549,6.12383478083702,2.68344494046745,1.60568592227895
2975,0.0828385062604017,8.47546893973673,2.39344720614406,1.400080524669
2976,0.0838822612096899,8.0043682091538,1.80414766399032,1.07197235878718
2977,0.0826063530511917,5.12317360273271,1.74527497055218,1.02694573673146
2978,0.0825290246158939,4.65642380315837,1.34280089729339,0.998383753140968
2979,0.081959051950853,5.30893204872105,1.74427953701799,1.12085598467067
2980,0.0831518509676661,7.62125123845323,2.07332633161577,1.31620015554822
2981,0.0835313138066658,3.86878920900159,1.37444072709669,0.876598504283185
2982,0.0820287070069466,3.6226222729603,1.50398728502614,0.904903158107753
2983,0.0844219792320434,3.66800760821762,1.23787046733775,0.803530434830183
2984,0.0835779668983222,5.04966455826017,2.391412179658,1.40660312156153
2985,0.0842826844627089,10.1939910719761,2.13900782829557,1.39895699057437
2986,0.0822123727826907,3.25243142561838,1.31383741173358,1.11788850014945
2987,0.0829292704537891,3.56796684625932,1.36364040520558,1.12124100193756
2988,0.0844240932308345,8.73350447907674,1.80605150376225,1.19989371944251
2989,0.082500881933264,4.53739755230591,1.47250277007537,0.976907704533177
2990,0.0836518690718578,4.82327437920851,1.35900849297218,0.969878444387971
2991,0.0829546776362175,8.3072342934093,2.28129714965981,1.21380228364164
2992,0.0837350739902009,4.62634870299217,1.53123079860231,1.15531476669412
2993,0.0856661701266112,3.49403862264289,1.28836950497391,1.01643064066306
2994,0.0830520590927856,3.70755293459067,1.37472901685738,1.14792161813373
2995,0.083643338813758,4.0669009462372,1.77760144288252,1.11448262664514
2996,0.0839776627663815,4.22754898922781,2.40250700177246,1.60843514163037
2997,0.0835383773932294,8.96206087463215,1.86500495751887,1.00618104150038
2998,0.0823324061488176,2.95264428888636,1.34719107691559,1.01140172318778
2999,0.0844107302598299,10.2816446960235,2.50378916945643,1.59388853351939
3000,0.0839092437673577,3.74851952992327,1.34043161306501,1.11857152795721
3001,0.0834208601229778,3.06423152026722,1.72149413613624,1.10097578503527
3002,0.0838350136041758,8.56323107288374,1.73499073279262,1.1259420411045
3003,0.0845496449192588,4.56469633716159,1.87381592907841,1.09103811597033
3004,0.0841414138927992,3.78862816395015,1.33192324088713,0.928383434669743
3005,0.0841872542143508,10.0117229335857,1.92095852038954,1.3632248314904
3006,0.0830128905423239,3.65283356673347,1.3758106617784,0.948407365838119
3007,0.0847009593531172,4.21534868206422,1.718718602446,1.1585236734913
3008,0.0852468022912149,4.5466523274317,1.99588200117579,1.29926000388793
3009,0.0818535477101524,3.58250238762306,1.58199803205045,1.08077832317832
3010,0.0827679566999598,4.18797536151054,1.66287424549586,1.31686632928563
3011,0.0843475956096802,5.9604339211128,1.47078039376618,0.970358650180337
3012,0.0831662184353444,5.70835487527866,1.30252630422646,0.924469604620767
3013,0.0823492042858592,7.36498341919959,1.95539068754212,1.06610339332954
3014,0.0852966948201724,15.1058528507486,2.08331020115022,1.41203290174611
3015,0.0823669864630343,9.60427217576378,2.14192118291958,1.60067247560585
3016,0.0838113910416318,4.44554752826328,1.4526350908208,0.994152823029682
3017,0.0843411174010596,7.01891495304905,1.92529007030618,1.16300684763923
3018,0.0830675714160576,5.83696158933711,1.33290901899213,1.16567819276992
3019,0.0826163002003343,5.40160365295313,1.79549898296452,1.20776742538185
3020,0.0829746329021041,3.85182600060939,1.60744845540226,1.03466675447561
3021,0.0842093801540511,9.61859073920895,1.77619249732408,1.05045178975686
3022,0.083952695592278,8.42341026495296,2.0707420767098,1.30348355051099
3023,0.0841263273289672,7.67620065738169,2.0035880958462,1.145575347516
3024,0.0830731153695857,2.99359556643244,1.35193417409349,1.03113713916204
3025,0.082270344635123,5.13916285663317,2.03713705961865,1.3151815160107
3026,0.08273497645234,10.528920309837,2.44601840164616,1.13888176084912
3027,0.0845081940712222,3.06687679304705,1.46465386345249,1.07115733164397
3028,0.0843755528604637,7.03378641921084,1.73621856952669,1.11824813013277
3029,0.0840977063166017,6.82660667098539,1.84563898762895,1.15188755552622
3030,0.0847742093008649,7.9692893220219,1.64736347289104,1.12349183570394
3031,0.0815178592888798,3.25901003098893,1.48266037835798,1.1116349049907
3032,0.0831998439472762,9.21580074224106,3.13462038664285,1.43588790365157
3033,0.0842218820685185,3.06448923885843,2.02875171556566,1.65379066893387
3034,0.0837068696654645,6.45098951491918,1.51372727074954,1.09463299690882
3035,0.0827974009598025,5.62788768832046,2.07804586213736,1.76656334352969
3036,0.0837334479618207,4.57862679732019,1.80439030989591,1.13370326580751
3037,0.0816339845034623,3.11397399586531,1.63746498403047,1.12399731193285
3038,0.0828612722305632,6.15299589645876,2.01007240743319,1.25863713020981
3039,0.0825687990908971,3.38936369915174,1.32821257237713,0.981924783745825
3040,0.0839608590176538,4.23082971157792,1.54949064277074,1.11009246195546
3041,0.0831900945905165,4.16693938311051,1.6507943118185,1.15990730133393
3042,0.0838887999310055,5.2719402684026,1.88110233246076,1.03827630433987
3043,0.0835726276402156,2.99652073900281,1.25985031202221,1.14568741763852
3044,0.0841097225585465,5.2588630968548,2.10233014467567,1.35665802215887
3045,0.0830683869026813,6.18636151657181,1.63567926079993,1.10076365978034
3046,0.0827827218910975,2.73642687848159,1.35221842111858,1.00971875559532
3047,0.0838474722369115,10.9720378663748,1.99282159874334,0.976910176389079
3048,0.0845048723987764,3.18924457776727,1.77253518233313,1.10275391070167
3049,0.0840539468721561,5.82873802578879,2.06788151214474,1.08751680502915
3050,0.0838944497376816,4.4450293741685,1.6504868191548,1.26781773530343
3051,0.0852741601177307,3.46710499467613,1.39607950451138,1.04792965239473
3052,0.0830229563059324,3.43566383430224,1.44935900726957,1.02384425084976
3053,0.0832707969184114,5.75508445038851,2.02523326769489,1.44716709021094
3054,0.0823944853989374,3.49778989655173,1.10887192062052,0.941752284978486
3055,0.0833936316336982,7.98540351885272,2.14534269459273,1.34521026942718
3056,0.0828476317422321,5.52807798623927,1.86813666574628,1.38496592725183
3057,0.084674731624809,3.45227984683868,1.34291428960709,0.901540523780094
3058,0.0831667460973217,4.36588672778186,1.56080969622672,1.10900373371019
3059,0.0837639048413425,6.25206550941688,1.42616939521045,0.933711292798822
3060,0.0839361944837368,3.66213603829112,1.30765913379606,1.08789954009601
3061,0.0841488551232022,15.3541634507451,1.51496799191017,1.07206727454023
3062,0.0834110600200527,10.2477844753298,2.1887631890109,1.21264826243177
3063,0.082197682767736,4.33991496782939,1.99613590603074,1.33377054236355
3064,0.0841669236669822,4.87698465047691,1.86670013316582,1.13478120628277
3065,0.0818369176919354,6.337241251785,2.62259079845455,1.34276657624686
3066,0.0840609180481194,3.57891973721506,1.277030654515,0.982837902218144
3067,0.0822492259239679,3.68903215414258,1.76756797187349,1.2132942920962
3068,0.0834490855871145,8.1275340313512,1.60145907141272,1.26146075145506
3069,0.0815851192759123,4.92869112106355,1.5577173305353,1.02534120230904
3070,0.0844100559509665,4.18912555615131,1.54833842686272,1.28450986485221
3071,0.0835670631548271,7.39414076093146,1.6249641181551,1.36531472657896
3072,0.0830028792996615,6.21478987995981,2.22348609019416,1.10117966063537
3073,0.083242420972009,4.23841748803487,1.54549866183439,1.35571315353591
3074,0.0829689990562926,5.03803115945145,1.7923829081333,1.27124346334819
3075,0.0840122297823529,10.0193978094718,1.61640785147399,1.05032161762962
3076,0.0830185023216817,10.2358839653371,1.92461356216254,1.37001512943043
3077,0.0831709190355988,3.12776413736355,1.58510487454633,1.02883010507857
3078,0.083702293424345,5.42462154988401,1.89107728576212,1.34215130366568
3079,0.0839944616211371,5.93380289641537,1.69357838306715,1.18211573576311
3080,0.0832138182879268,5.48173391559113,1.52950838825737,1.10146631647256
3081,0.0830091556673538,4.85026644229752,2.04957112171735,1.30505162788437
3082,0.0841133188216255,3.86358459674083,1.77718064905941,1.23084979790716
3083,0.0848741694750649,3.31016213173304,1.34740826940033,0.810557581935698
3084,0.0847510847917815,20.122689114683,2.07774966762433,1.20592009951171
3085,0.0837861764858995,5.04257607296209,1.38338188970356,1.05730941548502
3086,0.0838829121341669,8.47574144536232,2.13745124907103,1.33062298704717
3087,0.0832490753806843,8.01104940346358,1.76523752354215,1.27825764930535
3088,0.0846105616197887,5.68299970457085,1.6715199948423,1.13670958963424
3089,0.0825744791272841,7.68967188664719,1.30010542827244,0.977688785745651
3090,0.0839469485655522,4.99501266532405,1.34742466482717,0.970815450498666
3091,0.0833345528358225,5.09213115160857,2.11617368444146,1.29301805721464
3092,0.0836067082097963,4.09617661929341,2.20004680682842,1.39988434912069
3093,0.0829913008398722,3.50980145188702,1.6544566595008,1.24132862020091
3094,0.0837864446533638,3.12300238833769,1.37431870652512,0.9411244117697
3095,0.0828253314544676,5.84768125294443,1.5678067648081,1.13685290430782
3096,0.0830585335906004,7.10560621767595,1.67048534051339,1.18272987240461
3097,0.0838329122284903,3.97165988422375,1.75187448634171,0.970429703920354
3098,0.0844221004203854,4.98901226403935,1.41866300112526,0.970812119683662
3099,0.0837889015781182,3.29224283569599,1.20867752787558,0.879975305744444
3100,0.0850695745195335,5.72123152333723,1.58831234716979,0.930861187819294
3101,0.0855421165726281,2.8692292404874,1.43680599691244,0.96656102274232
3102,0.0836322671521721,11.4227074549594,1.81432061977683,1.28731095776989
3103,0.0824894081634602,4.42168173904147,1.52321755584776,1.21335798761661
3104,0.0832852145284334,6.87458573371867,1.55746573392475,0.892022999345719
3105,0.0826814116550636,3.62975187616544,1.29026907903226,0.883565346919182
3106,0.0836966353851816,3.75789858028762,1.49963923863264,0.9183360168462
3107,0.0831345364227295,5.43867827018897,1.43033592259463,1.09948033778523
3108,0.0828391794930679,3.56729797105536,2.45092519835668,1.35341588213525
3109,0.083702901859162,5.81559594717886,1.34821256080653,0.883000716863642
3110,0.0835786653318998,4.61769608750801,1.3987891381041,0.984011733767949
3111,0.0832480814000308,5.9393521955949,2.4018971647586,1.23609113713681
3112,0.0840943180196245,6.17377961696093,1.3618250270563,0.929574705549878
3113,0.0835477612745522,7.49289674486409,1.44521138353396,0.945051663960062
3114,0.0840660352852853,7.89002601130479,1.79733566648477,1.10681053315944
3115,0.0845142143490791,3.35317552587647,1.30426872608768,0.930359646636756
3116,0.0848547354293191,2.87825616687606,1.58983811602946,1.02032308972749
3117,0.0830542662909537,4.52599870746794,2.32409530658973,1.2061997673764
3118,0.0840289331103045,2.89218351306075,1.33600006128327,0.913021268310088
3119,0.0816734148589157,5.16376357883634,1.5682394099505,0.925175583722104
3120,0.0818964470702648,3.31613715006252,1.46006209647741,0.925959731921432
3121,0.0831335449768775,9.33918795161206,2.07220264174774,1.37281272963826
3122,0.0847710224778301,4.44871884425894,2.08795657301987,1.13620640119219
3123,0.0833254630772513,3.1750353978942,1.46835877326506,1.16182815733732
3124,0.0828103044423209,4.3258032849204,2.2277894348404,1.17203782097509
3125,0.0829699813680237,6.47137055581193,2.17598589141984,1.19595528996367
3126,0.0831221325217907,5.8630017833803,2.07233641804581,1.05781199937422
3127,0.0847725724323675,4.0553524846719,1.61923128830679,1.20444707436503
3128,0.0836991819989728,3.99230885181507,1.41725213495049,0.853629802056549
3129,0.0828697312355553,2.89377019837948,1.37607181097039,0.847695276402049
3130,0.083314762040584,11.6994733971188,1.98502004646632,1.01163065493369
3131,0.0840455776223893,5.21109498052384,1.72390927612901,1.02847727620726
3132,0.0851923569544942,8.1329427941896,1.38567191355857,0.98565642063803
3133,0.0835994944639523,4.17015725599738,1.63898825658251,1.12096788178454
3134,0.0831119851555467,3.2539539456222,1.51510105588408,0.984368321424661
3135,0.0836311085886866,4.25790434479702,1.59615976615413,1.10656677500642
3136,0.0850697594095002,10.0725552337491,2.06749304661318,1.13456354768149
3137,0.0831048162522732,3.37325821062436,1.36149455893208,1.08591237259555
3138,0.0842943743794694,4.07533888509419,1.69808854768676,1.43942880496285
3139,0.0839247949743695,3.24130284683908,1.2062391593898,0.820186798577997
3140,0.0824191973217304,3.10060229638003,1.20572810462241,1.22155953692051
3141,0.082266682942525,4.34121593262721,1.78945144016104,1.15274757484522
3142,0.0856503626650503,7.25427775720598,1.59702933402918,0.887016339533034
3143,0.0838557773246491,3.88440760598704,1.93928293697504,1.19583248326385
3144,0.0824445729918161,7.63079525299188,1.61179508204948,1.16654153416146
3145,0.0843620184432658,3.08989002610951,1.45288525341853,0.901358384624583
3146,0.0826702880718829,6.30205673616802,1.37354251865539,1.00299209056394
3147,0.0839117264607226,2.86773618618065,1.28676372144438,0.941660527819284
3148,0.0834218835958314,8.9392524623743,2.18139467539901,1.60201394120583
3149,0.0836517032541667,4.55854971016876,1.63994278677596,1.1974463704447
3150,0.08364242425703,8.38376760461695,1.47787071148769,1.1702786017728
3151,0.0835881987023175,5.76181324537355,1.86956391463634,0.9850726151098
3152,0.0844267070638275,2.90368018954674,1.58044511801497,1.14337403031894
3153,0.0835979745314198,3.03901098203648,1.21155640976664,0.957620837365713
3154,0.084501737314903,3.71534504990257,1.34186032662155,1.03576833545822
3155,0.0839881208109151,3.70393364519265,1.42803043667492,1.15558801634261
3156,0.0834908112427606,5.49767501766061,2.14521751151661,1.07213683597659
3157,0.0839808308145487,3.27815139305012,1.53073340892754,0.870128714011299
3158,0.0846313518715799,5.7408716159329,1.65914866244213,1.02411967918437
3159,0.0855225013061202,3.93765960243643,1.69649012410892,0.983823227724206
3160,0.0825335370809103,3.40909741966017,1.52201202438953,1.08859739996114
3161,0.083316270544151,8.57519579735621,1.954015701625,1.3471795245226
3162,0.0836596536649042,4.09705100541041,1.31245712060298,0.75096108381713
3163,0.0837310760162812,2.86455666634386,1.44354520951429,1.28246793390928
3164,0.0832463429596664,4.36242071409134,2.19816276219353,1.33418372411679
3165,0.0837240981156164,4.52071781489994,1.79822922733972,0.967182370390158
3166,0.084001240471956,4.32245486817404,1.84576337486288,1.11209235765725
3167,0.0839994148099596,3.93675656828257,1.22002017941185,0.882825730623089
3168,0.0830649809849708,3.42278140138528,1.71028804741059,1.16824099174345
3169,0.0831241153975273,3.30500476714861,1.70135603926628,1.13642497945627
3170,0.0832099292610465,3.16168669740537,1.12528370698983,0.82897606900806
3171,0.0821225418916414,3.85622748983513,1.28887210189796,1.17812738848377
3172,0.0841630093286449,5.142423254387,1.56781450482076,1.2011902587112
3173,0.0841426444998754,5.31648412094333,1.61589862910457,1.19113739025688
3174,0.0840917594989453,4.51904010974171,1.78582091454172,1.15140452321257
3175,0.0847782687736292,14.7543657031885,1.78778382210681,1.2555492504074
3176,0.0824222942000737,17.6569974961206,2.9094282072646,1.32588815747783
3177,0.083723037778985,3.16941016427417,1.43131536883128,1.00732374359125
3178,0.0849210448067414,3.19504283701641,1.4685443524575,0.866640331032294
3179,0.0833280466923633,2.91941861946394,1.35110392082683,1.01083088323365
3180,0.0830753060570959,9.49850609924829,1.99723112266003,1.22632822948686
3181,0.0835313933455488,3.82563688833208,1.77832923793182,1.07582406315807
3182,0.0846000357048796,3.79521648364546,1.16697327590459,0.76777346986566
3183,0.084374037468062,3.79236564439359,1.54594946435831,0.967481251831012
3184,0.0845350174613865,4.91065307149359,1.26343790248004,0.990112386632708
3185,0.0818965815229921,2.98820694297739,1.25407856915698,1.04044169663633
3186,0.0815941245404684,7.12739292794982,1.8375105339818,1.23736145036274
3187,0.0827814024210244,3.79049066218877,1.30594649415126,1.04702555474036
3188,0.0841021362731779,7.08447634993044,1.96491764590778,1.13689078263408
3189,0.0841894475861755,5.37167858882561,1.72677313268599,1.05632233639069
3190,0.0824073860190663,4.79304643382284,1.51869490809532,1.1152431853123
3191,0.0835672769911822,3.62240805035391,1.45232769883338,1.06743416161254
3192,0.0828317411569937,3.91223480561211,1.39212565221461,0.96007232127703
3193,0.0829509689869769,2.97844153582343,1.29497490821489,0.980582123031323
3194,0.0823790692780034,8.25276060394764,1.74199338612139,1.15366419939936
3195,0.0836323539506645,5.52328231579312,1.64748383639673,1.09563255149306
3196,0.0829007564644647,7.81598890964047,1.99764088381991,1.22843002290677
3197,0.0841629004248853,6.12359050020535,1.57737006590101,1.09253259268947
3198,0.0844072914286582,7.00639557788793,1.80476003019523,1.09464294448612
3199,0.0832076842568037,3.28713660110924,1.45045606914686,0.933070062211887
3200,0.0853317747168946,4.48087468690849,1.6584465273853,1.18575287449941
3201,0.0850443847126674,4.25212008378759,1.80455310782694,1.15766595825357
3202,0.083418099753692,3.35397697044415,1.68237062832868,1.01147737897034
3203,0.0844027195357562,5.11629995579514,1.89612518127144,1.23122351510224
3204,0.0832524072082534,2.95299427468382,1.60090721044776,1.35982871071938
3205,0.0830054111993578,6.41070987915516,2.06707834040667,1.32608223076535
3206,0.0836833060687314,4.17976172850728,1.76405296554115,0.972864684102725
3207,0.0840730978693009,7.16656637534796,1.90986005723436,1.11688227344649
3208,0.0836403864300332,9.46783318678141,1.73313961374886,1.23993159626972
3209,0.0825067935135528,3.83419766107626,1.34832493686295,1.053655213658
3210,0.0827032834058019,4.55814501840241,1.48217057518766,1.14357622456749
3211,0.0825218510811148,4.23034420414392,1.29047116100533,0.918278239311864
3212,0.0840867911476464,3.85588385958007,1.57223592996866,0.960996168155723
3213,0.0852543015423166,4.15023117993544,1.64398007474472,0.81856613774805
3214,0.0829842567153931,6.67988198353084,2.73006382953958,1.4207823004575
3215,0.0840762202433966,3.44775781029494,1.32980273836969,1.07498832286239
3216,0.0832391647880106,5.84173204168429,1.88547884871178,1.2170746333452
3217,0.0833097054633849,3.78822852379333,1.38541106775999,0.860064528397127
3218,0.0829118683415083,4.45366015645832,1.31606800162292,1.12104518091622
3219,0.0824585002365409,5.27858250938201,1.84275461558517,1.21927683214301
3220,0.0836500120867029,7.40949667915649,2.01484558957975,1.26864260626111
3221,0.0828225945945211,4.34216848061143,1.93015114555752,1.07253368910554
3222,0.0834844398377802,12.3263725118032,1.88203989470982,1.34548130271054
3223,0.0827006518372822,4.84030724413675,1.48668577676382,0.868647825738512
3224,0.0843227183548205,3.97736878277194,1.52507335797266,1.10228317071556
3225,0.0850931536722029,8.1077485846333,1.64506498205135,1.24981054344781
3226,0.0837111099912801,4.44379031083462,1.76974165696411,1.07074739364667
3227,0.0837539959485857,6.23388471511905,2.02750128304289,1.16422695338894
3228,0.0836343173793246,9.56924947684232,2.24268998609143,1.18808160773482
3229,0.0822177687365618,3.92297056801719,1.62770829783442,0.981513013394371
3230,0.0848063695584488,5.36424193743838,1.87558146381985,1.2484491177339
3231,0.0831517877577959,3.63144330233603,1.46108939430691,0.954742222132732
3232,0.0827901168059432,3.96857018162824,1.46330490349185,1.06541085900183
3233,0.0818693987061955,5.46135408370508,1.61013784171355,0.936262322775465
3234,0.0831182266942874,3.67514809556766,1.48871369192937,0.955593524432899
3235,0.0847706536809338,3.78804564605775,1.36298439041498,1.00324388076318
3236,0.085297025442346,7.28908526765336,2.11616633302111,1.33283074665804
3237,0.083729390917475,3.00003056879596,1.41543256015378,1.0051744246594
3238,0.0839144932056713,4.17916081032067,1.49551635828802,0.958874743270949
3239,0.0841645045052597,8.49514073377901,1.99924642418253,1.14830671243091
3240,0.0836837740705927,5.28409209810421,1.45502939263733,1.19105070278742
3241,0.0838650252298981,7.45454243065422,1.46689250287879,1.11392913242108
3242,0.086009941035782,3.03079894699268,1.38848351569419,0.943706317075211
3243,0.0840587368691571,3.03467303643387,1.3657973408014,0.919761353474384
3244,0.0847901332898176,4.3155992781678,1.40672718652594,0.960387110038089
3245,0.0841058745419877,7.86899128852333,1.78412629595817,1.18612802767667
3246,0.0841376610032173,6.81371532121114,1.48077368419446,1.11854460653953
3247,0.0837354014586867,3.18034381772798,1.67625134361062,1.05233114102003
3248,0.08424432366515,4.44923672744601,1.74146033169542,1.20539744859784
3249,0.0835193081767043,3.88169657610958,1.55428368597045,0.929547712723712
3250,0.0829454495011913,3.06326408011303,1.61551482978319,1.2498507390825
3251,0.0837929380155596,5.790894822475,1.86107048682733,1.05367225610113
3252,0.0835694057415834,4.29014937102071,2.35737219447023,1.30514228985615
3253,0.0832822221995846,8.3600436802759,1.87028868709595,1.0299998220484
3254,0.0835714473373759,3.2320470862198,1.50352529963957,1.21703954695435
3255,0.0837560335871285,4.46309691672216,1.82724107116764,1.07808749429563
3256,0.0821396753608345,3.6424604683466,1.42876601811175,1.03755830474749
3257,0.0838145401273045,3.2436031511791,1.7315822388487,1.61990415881476
3258,0.0842526083702876,12.68596931168,2.01867917933719,1.06294990857337
3259,0.0842750493319784,9.45302689402401,2.60439243178652,1.20100292793943
3260,0.0830852721455929,3.51309718176933,1.53349409352464,1.00195348823702
3261,0.0846358157331236,5.8732170624025,1.77078514348992,1.1347242520125
3262,0.0823934445958069,6.12024830586016,1.92652555770814,0.993426690199367
3263,0.0854374004414633,4.05300059468159,1.67173541258268,1.09330722359044
3264,0.0840849154198245,9.72980107211403,1.9633380699127,1.08080608434202
3265,0.084326032185436,5.67967265641094,1.57053085366392,1.0247664354829
3266,0.0841315400476708,9.22665109087219,2.81787290086669,1.17643913390808
3267,0.0833456086016172,8.20618628853346,2.39177726310292,1.35788806630527
3268,0.0824768717158043,4.0143044717151,1.26591316245831,0.910205464960239
3269,0.0839456290928854,5.22585537809909,1.13183482620392,0.8210399551232
3270,0.0831900709033689,3.88326869764438,1.75490700659039,1.13181819978187
3271,0.0834500773210693,4.55222287801769,1.49692269752058,0.985788281292264
3272,0.0822558614740895,3.0667604989604,1.49727166053208,0.887287086026144
3273,0.083783690713362,16.3074489040751,2.15789604092648,1.31348585682118
3274,0.0834043335588174,11.4309738497847,2.741010457949,1.48692304719773
3275,0.0851037420231646,10.0800227098871,2.26994647387373,1.55257759629653
3276,0.0841851415395274,7.04120211020292,1.97916600914713,1.17102516993604
3277,0.0842132830913318,9.05598988134392,1.51858496202944,1.10101411666591
3278,0.083030790201842,3.8418131503672,1.84526289529907,1.15235867039663
3279,0.0841131402477895,13.400406124475,1.62780686986298,0.972382397898032
3280,0.0833652956922076,5.30891848399744,1.58347998490354,1.13648465782082
3281,0.0818209708150503,2.86069431068513,1.63293134425675,1.12530080582783
3282,0.0839759065801388,7.07481377524414,2.00190829230676,0.973221923183397
3283,0.0834585144332663,7.09208283885068,1.39315311768872,1.0225306674082
3284,0.0817166616626817,6.55563834704424,1.84466181966909,1.20465306188682
3285,0.0833899851013448,6.37255216331198,1.81157185015948,1.02556660582492
3286,0.0816984246774736,4.03439340941523,1.84781798054907,1.37243728158227
3287,0.0837381473062194,4.17540952073408,1.64822003248198,1.03132130357884
3288,0.082755153424486,3.34485159622295,1.55401897594919,1.04558060652722
3289,0.083741921351109,6.36318724528702,1.7725721390372,1.15370283320642
3290,0.0837887293993462,16.0698580683902,3.12178548958484,1.59925400049677
3291,0.0827383521352714,4.83826487781068,1.42525957298615,1.00824682030516
3292,0.0840979177857053,10.1191989060807,2.11682599146461,1.1617225333635
3293,0.083622384464479,4.91830298640761,1.6855108689968,1.104077525942
3294,0.0816955751487761,5.60116914536311,1.58530505154865,0.993768314750125
3295,0.0820596612578788,4.05246058616959,1.51292428413786,1.04641678682897
3296,0.0840312316161614,11.6767513707729,1.95568397469242,1.44003919440373
3297,0.0842178875947831,3.56435619881738,1.46440896106382,1.14595759308836
3298,0.0831736013579934,3.50131754531683,1.33437076711264,0.953014026834756
3299,0.0830220743322453,4.28694591677449,1.55847665680016,0.998337842057365
3300,0.0843685886812986,3.31924880663965,1.41358072191105,0.888690664036288
3301,0.0822797094050725,4.9590960952429,1.25267043857041,0.874121007518135
3302,0.0842445057723774,5.6756105191899,2.11788249190831,1.31711288552763
3303,0.0843292982576309,9.29421648220862,1.61800765965281,1.03238971781555
3304,0.0842901782903199,10.5012671859326,1.69689327109432,1.13766015488078
3305,0.0839489741729924,4.49586669385907,1.61869123685296,1.03486478183491
3306,0.0834347349534542,3.79823944811281,1.29929147406106,0.977035826085724
3307,0.0829566029450566,4.78711331468983,1.57650032342163,1.07954280580977
3308,0.082357881054501,12.5982211788376,3.83385762457922,1.53456315817366
3309,0.0851456132164102,3.87762342058786,1.24604238172,0.912261454827434
3310,0.0847159496089056,5.02266022670873,1.83408391699486,1.20498256631696
3311,0.0833684979713464,5.20851533775029,1.57085080736304,1.06861265858514
3312,0.0834110275729804,6.76542441894322,1.67830360498226,1.3423304959808
3313,0.0837596734537566,5.38335022413492,1.69987089262927,1.01190370522106
3314,0.0832520028293887,5.33173551118231,1.57410747543356,0.920062287771879
3315,0.0839012821958212,2.71395317121414,1.48229022387317,1.07034437362092
3316,0.0830418781512783,3.22971564515437,1.36743038344748,0.887690551088464
3317,0.0844154662695407,5.02885905539734,1.88549846104127,1.25431012401298
3318,0.0821825435190311,10.5951532420752,2.47218721696167,1.44264177211359
3319,0.0833558520834684,4.21547056138342,1.47281869303671,1.00272068181745
3320,0.0825948077140786,8.65988756721806,1.59009495796384,0.935366770948371
3321,0.0837570227873319,4.77115283792507,1.63850769401754,0.986040097553196
3322,0.08432497535045,4.29010444543747,1.72092696435311,0.985945063068563
3323,0.0849601599866343,5.25783278863975,1.57644497821091,0.898171610443227
3324,0.0858415411372101,4.49810731986775,1.97895065469553,1.44677387202588
3325,0.0823814410998632,4.09356004913845,2.51637531756211,1.16667268985254
3326,0.0822027915515478,4.7226252635464,1.80781994059566,1.23093719822263
3327,0.0842120509775321,6.06342314138525,1.69897853450833,1.20265591527317
3328,0.0839284541246485,4.73347876960546,1.50790320370936,0.972489255608151
3329,0.0824356199740412,2.9318985528397,1.21965440880109,1.05292286406692
3330,0.0843450488334173,3.98152129738379,1.59241643499248,1.13635919676301
3331,0.0830410925751453,7.55480720920513,2.26503613143354,1.45647060322734
3332,0.0820991448802948,5.44051865024837,1.69555688638621,1.08247665687986
3333,0.0841848411404703,4.47017851005962,1.6070961940062,1.14830116759829
3334,0.0848702950304808,7.61999918030278,2.37381773515193,1.56936428252488
3335,0.082644924414135,5.83943652031229,1.38892601384745,1.034684031033
3336,0.0837845065732194,4.59241039327976,1.58197611356947,0.972726836619828
3337,0.08309913258152,11.0256708099422,2.65025877696577,1.16184750189654
3338,0.0841759675866328,6.30890766044761,1.8158075246941,1.20512450099548
3339,0.0827125011527129,3.03257988389203,1.34974471575812,0.971090446667795
3340,0.0831977284500011,6.30730796068204,1.40141267882079,0.972781878197886
3341,0.0825104943354131,3.8240282274421,1.42086158403949,1.03615395664483
3342,0.0840476687083551,3.77071266480007,1.8120368089251,1.27990975148467
3343,0.0832936415311338,6.12269259698827,1.86013892381785,1.53628087790517
3344,0.0824896962474876,4.02258249495546,1.62941617976545,1.18305902789898
3345,0.0832962573807368,3.81547952520746,1.37906278065031,1.14105310490171
3346,0.0819389244540522,3.00277560964627,1.40947795462716,1.05665361206783
3347,0.0842408323060701,2.89998016914155,1.27593707177928,0.919559435908387
3348,0.084248964648255,6.98720564903671,1.67154778287042,1.01616996791025
3349,0.0825390248848931,8.74066772309211,1.52413235413899,1.13652794828698
3350,0.0824667241424483,4.02603692041833,1.71446739477433,1.59695881853211
3351,0.0832457690525079,3.53863043876641,1.31804554815433,1.01910359124332
3352,0.0840225046449513,4.73654010575694,1.65306406671176,1.10203595494177
3353,0.0832298139723193,9.38475191154867,1.95775957073281,1.45132289036694
3354,0.0856510056813862,14.0668182225722,2.63374903164075,1.48847518339161
3355,0.0842883947921708,3.07675829841395,1.59956634410064,1.06008666685521
3356,0.0838538306750855,4.7075724802889,1.83047435386451,1.00345090589543
3357,0.0855254535225835,8.14618584406385,1.84664893151041,1.00763854938674
3358,0.0825800729296525,4.8002142336363,2.57490399127186,1.51788841367137
3359,0.0830741896336621,4.49750913780815,1.71675910982137,1.27290612422526
3360,0.0833908906198851,3.31139804855485,1.46204654205776,1.04367255146233
3361,0.0863502336546274,3.43071326959961,1.47400993704899,1.08217492561706
3362,0.0845665183707948,5.66832776100503,1.66149871483247,1.27693899641475
3363,0.0839261659450544,4.46477242218448,1.94852070805756,1.01959987378086
3364,0.0846277812060077,5.13561993538347,1.79046339317658,1.54689418441966
3365,0.0834793992457184,7.07163061184332,2.31097820128155,1.30237330265696
3366,0.0832304559150923,4.68422230521729,1.60266661811577,1.00051690182167
3367,0.0831688670040551,9.13428796155557,2.02812356422065,1.25477047268595
3368,0.0832158789275161,4.25076144275587,1.19007727852749,0.867116295530958
3369,0.0841657524919336,2.85782047123804,1.8681262451728,1.05598928038263
3370,0.0829645229682635,7.75638309669607,1.86357023690799,1.09305730025103
3371,0.0839841743183632,11.317190989238,1.75460344164106,1.35608923883605
3372,0.0826811319306182,5.64122153497977,2.31242343887205,1.59733105138633
3373,0.0832215985061244,5.28772530113736,1.76723922893645,1.05970633121689
3374,0.0854768658661876,4.67433839553896,1.53913372704603,0.859714521199747
3375,0.0840372224431918,5.64910900557209,1.32134949613903,0.898210297026703
3376,0.0841633943971818,3.68391462987132,1.60317074118995,0.997032116888385
3377,0.0807455434197861,4.41018352351533,1.54073511985717,1.06870510758729
3378,0.0840707337649631,9.72009000971952,1.92041762709881,1.09780597871559
3379,0.0824188859105035,4.45655360765676,1.33065203453643,1.06341533328563
3380,0.0855974961483143,4.39000581550479,1.32409324399765,1.25822193841733
3381,0.0828918567975414,5.89389835335132,1.87628171579841,1.0149764665243
3382,0.0823124407575723,3.57827625767323,1.62157827035962,0.955799745881624
3383,0.0823311907891375,4.96238051751302,1.6617881712444,1.24642703822651
3384,0.083079700806946,4.99150927510524,2.0413936078152,1.05585270329663
3385,0.0828129335757779,3.97519921586283,1.86249271345939,1.05095785562089
3386,0.084867282070992,4.84018533626007,1.3352924901742,1.05700947276321
3387,0.0834062685055073,6.94823710830337,1.58548674420928,1.10197768582526
3388,0.0836999350422283,9.09693107444705,2.012622690674,1.43796664064181
3389,0.0844125185847876,4.06881681760964,1.69968060837448,1.16025248829913
3390,0.0832129508081531,6.34785991069071,2.42789422228375,1.2454337559912
3391,0.083203920832523,4.4073682864912,1.37804183334697,1.06725290711179
3392,0.0835735146776392,11.4359368788508,2.182245755359,1.28995458892089
3393,0.0846832837792933,4.07609430557336,1.33776096590324,1.3147154076986
3394,0.0832410535168571,10.5105377418539,2.481538159773,1.02261943502741
3395,0.0837011455453857,9.29235551271019,1.69341425778876,1.15386475904583
3396,0.0820371730612562,3.43679890084595,1.64362069579447,1.08316244424233
3397,0.0847303667322708,10.9462696990305,1.60275474521313,1.13592006783753
3398,0.0828058732086296,3.63626091218781,1.42437213027248,1.09170160098847
3399,0.0834303156208005,3.75633455509364,1.43803592604833,1.12494481719382
3400,0.0841367836445706,11.1301987009358,2.10235724702254,1.1405711031132
3401,0.0831540910914431,4.53054474434409,1.80331429280195,1.1517276923797
3402,0.0829779561265999,3.26171544134282,1.94411253467105,1.23815762290934
3403,0.0850525274659992,3.82294411320225,1.27880347642256,0.765345080423542
3404,0.0832213260290975,4.31052607243486,1.28060751292821,0.984355641409225
3405,0.0846522368624192,7.69179560685185,1.77514466805066,1.06102138039273
3406,0.0850127870694193,4.33723020971044,1.39352855059344,1.05924039786171
3407,0.0837133429459124,7.79186095636111,2.27262026787651,1.31439857241779
3408,0.083897537788662,2.90559267007689,1.2591818451065,1.03139130946548
3409,0.0847773353839745,3.88765083245128,1.29174681346929,1.08886006582207
3410,0.0840460497658136,6.1889873374084,2.00899683110542,0.990249287371708
3411,0.0833166028599783,3.87474772930695,1.43615591090589,0.933761126208215
3412,0.083462931794948,6.35468652998416,1.41049742703071,0.939597966167311
3413,0.082881175853361,4.06383874494116,1.39565967032309,1.07669430068528
3414,0.0848865698913909,4.99182430095527,1.79264664582534,1.10567585868323
3415,0.0820872740193533,4.05470895068314,1.77280287013179,1.14698695574296
3416,0.0821465437266562,2.75978759100183,1.13854980454934,0.951489821755888
3417,0.0845709752340243,3.44608832517995,1.32847674605797,0.927026486608853
3418,0.0845352191683329,2.81107033483223,1.18894131755745,0.908147621913676
3419,0.0843218845562092,3.66654855071985,1.51703900743065,0.893177623577636
3420,0.0827199442415797,5.89431105788956,2.63140998217601,1.43779903585058
3421,0.0823903370885731,3.15959088512994,1.42777127901493,1.07272977770208
3422,0.0841718022178272,6.59626435151112,1.71352562500604,0.961475202203192
3423,0.0841335760226695,4.04565996933906,1.82521810438748,1.3342679157147
3424,0.0840876544027046,5.08571312192539,1.75843214427347,1.1133041915962
3425,0.0838793278124444,5.368650389469,1.54830729128888,1.03500031669603
3426,0.0843918394567714,4.29305628335416,1.39014996269171,1.13935691453799
3427,0.0845307240353316,5.40457451041404,1.86738227876223,1.17215019250392
3428,0.0820363485766099,3.74355729664362,1.42572375910816,1.02879706499516
3429,0.084608002632324,7.7074460875574,2.37157826867164,1.44621297427617
3430,0.0836293056594354,6.2637337912173,1.74714552056696,1.24716167221778
3431,0.0832951985550732,3.31346016475439,1.48854332846672,0.887627859163771
3432,0.0842028853424181,4.85149221792498,1.71027059685537,1.14085826595116
3433,0.0834429451221051,4.87362338576302,1.9799087320573,0.982599836381695
3434,0.0838947349072572,5.1228374272731,1.63251141183887,0.98373985979308
3435,0.0840017806641367,4.31851020812439,2.05775921806155,1.09479110336038
3436,0.0839461780842208,4.66319722783173,1.25010151309849,0.976950766614862
3437,0.0841817981667935,8.754623476607,2.13231509169154,1.22027663646044
3438,0.0852272476254306,6.17584273860078,2.09036809888409,1.19576685595389
3439,0.0819410276502034,3.64658812009125,1.26708787201891,1.02540400041346
3440,0.0835675359337273,5.36350713260792,1.83971566147302,1.04849937902595
3441,0.0836315686483836,6.18038136383689,1.66257163808358,1.07444831041496
3442,0.0831354935604437,4.85135354077501,1.72936975888131,1.1733672245659
3443,0.0820896939518722,11.7125614989081,2.42046697713066,1.41783582552844
3444,0.0830908582929407,4.03775627152552,1.2291020868258,0.908596932012428
3445,0.0830146826326863,4.88922927605406,1.64404756225948,1.02960521705475
3446,0.0863556622164574,3.66756248123732,1.6269179511413,1.08669027572233
3447,0.0831250238361648,4.03510590402538,1.45536127445889,1.17382916999231
3448,0.0822652414198274,5.72878894156879,1.48165571994985,0.870622369399494
3449,0.084244005048077,6.40526934373853,1.79114100617116,1.04581451505109
3450,0.0821233224452792,8.50802382949988,2.06325123087726,1.15741721871862
3451,0.0849888527551867,8.44609104362486,2.5199520287047,1.2448752038147
3452,0.0840174675360073,3.58010223212053,1.552102980126,1.22085626367092
3453,0.0853345670743489,3.19947223678748,1.50429909330905,1.11221836106456
3454,0.0836628829447508,5.2553377817263,1.40123716266943,0.979333394759642
3455,0.0837873307007201,11.9899075736199,2.14908336912624,1.051319394656
3456,0.0836449616623484,4.55919093799482,1.53521953533024,0.922180401032637
3457,0.0824309279496957,6.58714732550358,2.58785920321036,1.43121454532219
3458,0.0823878943964901,6.76896875398145,1.43016894050912,0.923973584166452
3459,0.0830972255399957,5.25055234271006,1.4936999172431,1.05312258405761
3460,0.0830889474308866,3.44013293974882,1.4827520586841,1.35122639272524
3461,0.0824174462159729,3.27653721313007,1.44751041163363,0.971799241222451
3462,0.0832467560167958,5.95465417732023,2.15729620201932,1.35869669923076
3463,0.0834530770950019,13.0321792930561,1.76192801471851,1.04713666137072
3464,0.0839638974114798,6.98279305560891,1.69625847096824,1.0284925092123
3465,0.0841904447953097,4.32727762760249,1.38193190090696,0.962980634977257
3466,0.0834083971360871,9.49893316487563,1.65260781055911,1.0897161887909
3467,0.084782235725937,4.74553945659364,1.48397884635663,0.891103898306216
3468,0.0828526348031074,2.97355599066976,1.64241640267102,1.1045871619582
3469,0.0832283004491386,7.1066844131391,1.94874325480588,1.25006288939975
3470,0.0837525144968118,5.43216347597123,1.70228345921266,1.10020874448834
3471,0.08407816375643,6.61607299440465,1.70178111030273,1.16293191985076
3472,0.0825287307650312,4.096276564252,1.83026384524703,1.10176918032466
3473,0.0838564242982099,3.50706266543578,1.60587653997295,1.04147596211484
3474,0.0846856489241013,2.69521951887303,1.3085144797808,0.857307913730845
3475,0.0839603417003107,4.97708393990096,1.96236171875011,1.25972127736624
3476,0.0850632742771042,5.04498425688133,1.42402674734822,1.17144345847808
3477,0.0832327209277285,5.82292190659051,2.03307895886841,1.29383418339286
3478,0.0856352375888951,4.98034278934464,1.41826825029999,1.05313921464027
3479,0.0849489682021925,3.25939771461109,1.47440591614056,1.04104650542516
3480,0.0848966201427347,7.47906099032764,1.79533452683391,1.10867729112396
3481,0.0847312424894557,3.79920662655058,1.4354582394245,0.922218450305176
3482,0.083441654843047,14.6174126831117,3.05616928152236,1.57224681700264
3483,0.0830966862669584,5.36729982188722,1.64655192994564,1.04517702831443
3484,0.083850283639302,3.06190759779986,1.29381976657935,1.09167807479734
3485,0.0842159380675627,12.8107958031344,2.19118871603481,1.46324000977787
3486,0.084654016690463,6.71898881698234,1.7772078160392,1.00989994699914
3487,0.0815042667308078,8.59240657346383,2.91923658706128,1.53448769396793
3488,0.0846255875972148,3.78475292329749,1.47542721536801,0.951019518318504
3489,0.0835270439470725,3.22487923835706,1.11180641336017,1.05281550074685
3490,0.0849104940265957,13.501872189141,1.66081469990221,1.19017185226963
3491,0.0834056494769503,4.72866666943712,1.74227933045686,1.08730744115423
3492,0.0836624267634451,3.63502574936381,1.29859062472112,0.997674418157942
3493,0.0849945834005254,5.03117794573682,1.47109882631525,1.17008149368125
3494,0.0838007498196199,4.54467022307232,2.35085839354491,1.2419673941242
3495,0.0829689739426257,2.90890478828358,1.70536309752044,1.20050441755263
3496,0.0836311706859021,3.5275928657495,1.75157025555884,0.95227187723799
3497,0.0844295607830719,5.77893699006489,1.96104737629874,1.24366967797242
3498,0.0844889015086244,4.71677809850417,2.84530661064454,1.31747944330367
3499,0.0849444669599201,8.59749479207208,1.59046617979205,1.13980233455617
3500,0.0831358668993267,3.64885209201014,1.5485053608276,0.958111282546937
3501,0.0835029702285443,6.1738845820901,2.3912144621082,1.25664135958841
3502,0.0831248408731007,3.03780220173834,1.35054598689415,0.91981674206291
3503,0.0829080991958276,11.1240689925255,2.03753112962532,1.21011646985535
3504,0.0843781587524981,3.81972846723253,1.37816393524949,1.31807880905032
3505,0.0839621313815467,3.95544591858339,1.62792921770115,1.01199942754693
3506,0.0862199833495862,4.66198406240598,1.34716515619575,1.18187244231508
3507,0.0827721946134365,4.15821372572913,1.81623100426862,1.32324890372251
3508,0.0839079276735383,3.7493846301161,1.95180960727409,1.06166413638482
3509,0.083802921317755,5.07610209566666,1.41668635968431,1.32329728728757
3510,0.0834303397345358,8.80336324613619,2.40192966742654,1.23635808278149
3511,0.0845273367145822,11.1817775584653,2.31407545478951,1.4764254013052
3512,0.0848921976617337,2.95670453653487,1.74710207194539,1.14788700144259
3513,0.0840043781070015,4.24748238424398,1.34530005752002,0.944709097046912
3514,0.0841504789401849,5.35985581699298,1.44219932583392,0.986878307463715
3515,0.0836255570058491,2.87861020981003,1.5645221182968,1.26286266247751
3516,0.0833737220671039,5.89453688740696,2.21119091914821,1.32061660001786
3517,0.0844095346732845,4.46980492998119,2.09883807699068,1.29765578367866
3518,0.0828140560628301,6.813500354606,1.64845205037691,1.17918847007583
3519,0.0846543103820256,4.13314076892516,1.57795643639395,0.96662037059672
3520,0.0835296158727298,4.03887218971513,1.25271080439567,0.912475527565535
3521,0.0825295322722258,13.7899749787344,2.3322009914443,1.21499781724335
3522,0.0841254441428595,3.78261537574587,1.38774783264158,1.06366867950608
3523,0.0850326863953382,6.92215322613459,1.8240268468172,1.11200832336467
3524,0.0830734460641541,4.14751347866986,1.5160078433119,1.00841851556787
3525,0.0844372749844853,3.29318951963191,1.31068684596749,0.981646347396593
3526,0.0827716203438051,6.10503130782263,1.67834585839242,1.09191187529208
3527,0.082970357824817,5.54327855491622,1.89608881432436,1.24001794256728
3528,0.0839953956757656,6.48900456503472,1.61064666681688,1.12026800478466
3529,0.0831657013868878,17.3027068989285,2.15153229449653,1.32101861931983
3530,0.0831817997963297,5.97126026575581,1.57818145831448,1.24238080703507
3531,0.0828177061965786,3.36450972097325,1.44782499352964,1.01749608404321
3532,0.0841519082611028,4.79393557286838,1.72821171506185,1.15541375799692
3533,0.0817851795196522,4.5181302943332,1.60818036304517,1.16309181412995
3534,0.0846690583949946,14.453933074102,2.1604326036853,1.26733649791
3535,0.084215611408439,10.2666818868142,1.61784009741666,1.42952889368397
3536,0.0836799406634089,5.63973027509433,1.72187109102673,1.274505432051
3537,0.0839521709578853,3.14326355803516,1.36938928377912,1.01801779813326
3538,0.0833941869732592,6.50722143659664,1.90332676092148,1.41107100837056
3539,0.083346762972503,3.23731989219885,1.77297084057248,1.09453696800363
3540,0.0830094778703157,3.84746215224364,1.42925786340508,0.975710535036504
3541,0.0837626981338747,18.1335818225523,1.61327880304578,1.10007056883602
3542,0.0827772336688917,2.98806443230964,1.31437021675517,0.967781826532315
3543,0.0859168036814402,3.04721423327961,1.26437216774577,0.72985622764825
3544,0.0840461311189061,3.84866517640169,1.44053928686464,1.06935865011745
3545,0.0824054253190157,4.66076216000443,1.41059092018528,0.956632462953272
3546,0.0851015487649196,3.52848349492618,1.44727487974556,1.27769579452415
3547,0.0842149778177287,12.1999521698978,2.56067971634738,1.23371409508141
3548,0.083388185508058,3.35995428647715,1.46907089390699,1.13825714679809
3549,0.082067521823508,9.44905098188747,1.75136219092123,0.95814476084144
3550,0.0849092957989636,6.39351931259497,2.29574887309414,0.965767308060644
3551,0.0836259981776456,9.43094255580688,2.42542157105958,1.15323132808092
3552,0.0835593130508641,3.62138682707051,1.22696980136298,0.942062802140807
3553,0.0835903518158125,5.33326080146167,1.44317134488068,1.02505311186352
3554,0.0847929008012585,13.4476574078544,1.94666113115915,1.25354158063892
3555,0.0832654111033102,4.44102714595138,1.30229688003673,1.03836262866237
3556,0.0828102058125758,4.96236172227876,1.40767602752197,1.09796505022075
3557,0.0840430301037167,14.8279401420468,2.0217037809627,1.2403827820086
3558,0.0830082819833573,5.14784674046385,1.71856729435768,1.09636719434905
3559,0.0833236481191733,4.82239558516044,1.71381292213938,1.20717470239189
3560,0.0832840512953905,7.71635536147914,1.96779277291068,1.35167904294706
3561,0.0840030876383028,5.43296642093912,1.65760567216781,0.984232483503335
3562,0.0847826157067567,6.26059740605073,1.54392790939267,1.04066579267774
3563,0.0825032754236712,4.12730365058309,1.56093800631632,1.12867197051558
3564,0.0831277810921185,7.40491426127697,1.88373924066361,1.13956152413957
3565,0.0846380011931151,4.42076560122715,1.73929449271454,1.14354592351384
3566,0.0841842726405781,2.67446835625806,1.32645906693726,0.976166176586062
3567,0.0831449290640189,5.04374421369039,1.47079470894478,0.978459714075709
3568,0.0820425129858513,3.41030576160868,1.64771690833712,1.0095445967601
3569,0.0849460806029956,3.83337654276178,1.85053353530285,1.16778531216493
3570,0.0821456454111263,3.76043083099222,1.3193117685051,0.91585884176766
3571,0.0822600153178361,3.837205995286,1.2100074318448,0.815649899868747
3572,0.0834083333859438,20.888341852541,2.60766994067611,1.30519840179218
3573,0.083870449687517,5.43607149651706,1.83539296571092,1.29830948979478
3574,0.0844028333516906,4.19908571606278,1.4064830919312,1.05525698669128
3575,0.0827262265434118,2.87714111048291,1.23239725681216,0.974813306750584
3576,0.0835534713184361,3.82160662989821,1.51170350495172,1.07333012984158
3577,0.0839392237826415,8.14221397640664,1.79199216927409,1.69373236318469
3578,0.0826961933328011,3.21726815587213,1.60733861738845,0.938257534146322
3579,0.0818628748430099,3.43097902648794,1.36649038685272,1.01291478709084
3580,0.083070437134683,13.0473382581161,1.63909693711034,1.09945357895507
3581,0.084910293254746,5.33307519048262,1.46299557359037,0.913428152106897
3582,0.084114878686698,4.32426756954508,1.77240953771656,1.13645586922248
3583,0.083680694272641,4.76596883010413,2.33276907251727,1.13241499850118
3584,0.0828607584942142,7.71558108341023,1.96451710878666,1.21681228875297
3585,0.0848068871323153,8.06742272170457,1.48827834521587,0.910330820202959
3586,0.0835181306386935,4.85447056880834,1.62090315057461,1.25104972523662
3587,0.0828275076214868,3.73099301138316,1.54506671977041,0.958037247333478
3588,0.083135621184762,4.19079995548248,1.25662566670799,0.873302596554085
3589,0.0821892305374638,4.47377668248458,1.76873450753731,1.21900072199957
3590,0.0827886158028232,13.5625908800631,1.81820363627487,1.13475731452042
3591,0.084802986027161,5.89667984614828,1.41638209649612,0.924917557647936
3592,0.0844344610172148,5.1890047069698,1.98650989790457,1.03106701884211
3593,0.0845969742724326,12.431755766111,2.21182416068027,1.14661252283343
3594,0.0839372293776194,5.02433247620702,1.74223456283203,1.20568291495677
3595,0.084464011430078,5.75120097072344,1.75395547242118,1.29837535210505
3596,0.0820468886275156,8.13299669086724,1.65582129138554,1.1562867678636
3597,0.0843512986714166,5.24063928894393,1.50519767469066,0.943241892084491
3598,0.0834197099873314,3.49379671252501,1.51406928074414,0.846627173281219
3599,0.0835976802644282,9.75651722193899,3.03032239406541,1.27377837658193
3600,0.0839944381837057,4.97053335611915,1.84342608469881,1.26848295532314
3601,0.0831789122616741,4.74699450128643,1.71920070796632,0.842463444387227
3602,0.0826869414078297,7.04147679217729,1.49749945277271,0.962762554859835
3603,0.0844930004877542,20.6704986387886,1.997033745224,1.28456496743737
3604,0.0826908899409177,3.45223873854241,1.12319004769877,0.935607595353398
3605,0.0826496887366806,3.83381903398424,1.76422266633503,1.1107197516904
3606,0.0830884984497307,3.42731497155903,1.88219116884963,0.92412037766141
3607,0.0827858043193753,7.07004008762295,2.35786608696069,1.71636813445551
3608,0.0837111413182083,2.96465026182419,1.28658274359756,1.02212704005201
3609,0.0843205815723397,5.99604207355468,2.26246278782987,1.38806284284309
3610,0.0835407785771103,3.03069365609425,1.53725039610813,0.941230443257162
3611,0.0840326095457301,2.82050243248286,1.6790173888895,1.18278281698495
3612,0.0833827426599905,9.07295893176949,1.62279624549157,1.23522264922308
3613,0.0833740939008688,3.0640629275138,1.61203629769743,1.11848328421585
3614,0.0819115942079874,7.90550400723371,1.51287644564368,0.952106327656627
3615,0.0823784211963291,5.22602838017278,1.38468668904154,1.0102362258874
3616,0.0837201653484334,7.39983949085372,1.58730288247301,1.18577182246906
3617,0.0824587637586688,9.5602980973839,2.208956841263,1.21629962280043
3618,0.0826703566317272,6.96755333140331,1.56038221337575,1.16464377241527
3619,0.0829064768981961,6.23227688144922,1.5548488280365,1.03421690189527
3620,0.0835259343465642,8.26063338951896,1.86768775542925,1.06499833283615
3621,0.084606099900088,6.23253077562525,2.06398880121417,1.20105547414377
3622,0.082235403179729,8.20706296112083,1.80131221573705,1.07570315054853
3623,0.0826645521639572,5.38838182712696,1.30054122766825,1.08762776360383
3624,0.0839581555193041,7.20077974451453,2.26950214350461,1.63787101151102
3625,0.0817436229453822,5.59778075844779,1.39373128831625,0.984703478485464
3626,0.084430473652935,4.18114650532271,1.56001412671741,1.06804879357999
3627,0.0834738729938183,10.0210078899467,1.81728703775054,1.07361038498964
3628,0.0846675834924963,3.23341258124999,1.44687967252228,1.06677617734991
3629,0.0832850510739212,5.08737491488514,1.61967360776597,1.2517966055593
3630,0.0836572137588637,10.7555240806551,1.56832101517216,0.94697767297877
3631,0.0825871559399245,5.05073001282346,1.93066303361367,1.55982463851479
3632,0.0852659349628143,7.16824316553374,1.89531207069553,1.0035556262448
3633,0.0835010378971483,4.79104839138274,1.39234266413822,1.27082141916952
3634,0.0846723913179943,3.84839096427091,1.20725208071495,1.05620895843019
3635,0.0833990105387136,8.67172626338821,2.26269520383082,1.36284371028604
3636,0.0834673064696208,4.0811728526094,1.48918582631866,1.03064548451914
3637,0.0832135081811022,3.62111642129687,1.62500307900462,0.9423561654457
3638,0.0836950415057476,12.8605704272341,2.36799096447508,1.17135718098884
3639,0.0824696764580431,17.1901579456658,2.63597122154126,1.23325290599905
3640,0.084970359624529,5.23320628129073,1.96165575765242,1.14125520799698
3641,0.0834980650832493,6.95171977339902,1.99292722073407,1.04226772798319
3642,0.0835853554999485,9.28056244065643,2.24516616358436,1.26446042557851
3643,0.0844810236944026,4.5937172621248,1.85077044487828,0.941622936000054
3644,0.0832462841979131,5.82411261792941,1.97843841201138,1.27791409115301
3645,0.0842680199474166,5.60070229953999,1.62926626279159,1.02617206561628
3646,0.082547074720524,5.00803242369916,1.94527423335111,1.0592146179409
3647,0.0826728705793387,6.76616564675105,1.99008644320455,1.04943940086026
3648,0.0850436549926496,4.30882310527571,2.12058720059414,1.14925959415388
3649,0.0847292711539269,3.66391612292456,2.06720332445189,1.15748997726433
3650,0.0824038089609355,8.17718952409073,2.38823465920394,1.16018720359243
3651,0.0823622294640634,3.40851636540909,1.23892814292741,0.890130182510181
3652,0.0832519578293704,7.8461499069605,1.64156059044674,1.22620608948765
3653,0.0831196475680882,4.57021240069828,1.92807221678935,1.39914982301849
3654,0.08482320593416,7.12337865929716,1.43437509747867,1.07736277600922
3655,0.0827968029652325,5.41709592886366,1.85135359803684,1.18076927859246
3656,0.0833196717040231,6.05077078303826,2.11003912150252,1.04553646650703
3657,0.084866816590403,4.1561497432941,1.47699174135885,0.9084947672811
3658,0.0845316283121561,3.57509601459192,1.38139884492162,1.06425882292948
3659,0.0823447608385674,4.29393456073207,1.95363566453404,1.23684501156274
3660,0.08462419174816,2.94111354022322,1.73184701264432,0.929659653852658
3661,0.084156422672221,5.85177599436882,2.12160716386372,1.23972117345735
3662,0.08400814866138,3.54504134836231,1.45243189487078,0.884414723927452
3663,0.0823857941831947,8.0637344392548,1.51615585267643,0.963734458962334
3664,0.083840593998698,12.2373966119074,1.82296180449442,1.24476512356769
3665,0.0839981989507258,7.13340813841114,1.56228232579307,1.04326420374384
3666,0.0848284693561491,4.77410380824596,1.86884909140681,1.05740446042808
3667,0.0852082816193131,11.8477284866762,1.62157890999874,1.03585898709449
3668,0.0828214027491535,7.4904728317653,2.08186877185387,1.33647613445356
3669,0.085188746908569,3.74923430696171,1.69977043050139,1.18791875107239
3670,0.0847337246148025,6.46290036524675,2.0092362734887,1.18741303149967
3671,0.082519653955744,3.482297654502,1.56001169026239,1.15403362871513
3672,0.0817985441484626,6.98307867682501,1.4421028879434,1.18530929024325
3673,0.0838189071048164,8.00665321985663,1.46853888921946,0.985873361557261
3674,0.0847340318809962,3.95551337548308,1.48335901723357,1.0091321106878
3675,0.0827470836510713,5.06598695977507,1.51825838773322,1.03468953641864
3676,0.0817362810085042,8.6582168807904,2.27918683901139,1.13578607797148
3677,0.0839480507375398,10.9606881458227,2.51970355606235,1.48400582767823
3678,0.0842491374492339,3.44414311592234,1.21094284151876,0.995565976425339
3679,0.0839168171496376,4.11028609784253,1.49758786333749,0.96505965365833
3680,0.0840220559344961,6.237512674517,1.92416898783263,1.41323853069933
3681,0.085642293312318,4.58606056770642,1.95285138174946,1.1397118842453
3682,0.0833263599019002,6.21323753761966,1.98181832061202,1.29344680504989
3683,0.0827045354998214,3.1923378096076,1.4503508269828,1.20792685476209
3684,0.0849814290236874,5.54266438413277,1.91195150810022,1.15849527339864
3685,0.0840222741714853,3.80252156245648,1.79545560023098,1.09342202126628
3686,0.082763273314245,6.56715826802367,1.34924548186641,0.874823363428297
3687,0.084268044062071,10.5894513341525,2.38847889778048,1.35529066697442
3688,0.0847847949826287,4.15101412506004,1.27893193922164,0.950204274765704
3689,0.0850944102037055,3.26583293641639,1.29044541859036,0.779121586341481
3690,0.0836196208593301,3.72768873404569,1.51704482051982,1.13770704824684
3691,0.0824282109256405,4.78049192100723,1.75414117963991,1.06450152942005
3692,0.0851303367530688,6.77556723608841,2.10244007878721,1.22674915899693
3693,0.0836168248619773,3.73341885791658,1.34416265900428,1.0285254096302
3694,0.0838317739846263,3.94328377233122,1.52689177061439,1.06046587221081
3695,0.0828265835534531,4.28159047225794,1.39569406913842,1.03853838228574
3696,0.0837521746723348,3.73205854889436,1.29710602922234,0.98511012384291
3697,0.0846930150757255,13.5495528992439,2.12611324513683,1.1962461391028
3698,0.0826918688346508,5.95076625729278,1.61174789286157,1.12646696044468
3699,0.0824479453069328,4.71433728041291,1.49168707480985,1.05797424711889
3700,0.0832932844643007,3.7112523561917,1.73391735777499,0.968290661174515
3701,0.083091743876663,5.04656049341021,1.60710656955853,0.968613164217033
3702,0.0848430877158069,4.52922509697132,1.4297704584614,1.14334154260779
3703,0.0841185272744608,3.82360647342161,2.03959513918557,1.21283495771477
3704,0.0839274538933012,3.17596294434313,1.60860401056329,1.04455155410671
3705,0.0825729501991593,3.22431928993037,1.27111266717999,0.938603294877299
3706,0.0839517915559629,3.14358130889151,1.11324108769544,0.802839108218872
3707,0.0839008703020309,4.79515094373807,1.50875982877564,0.846471973305419
3708,0.0840505437538954,3.08350545662175,1.43558670697434,0.94813644101102
3709,0.084691642019322,3.8404843295781,1.45715507095216,1.08978994287751
3710,0.0846620760105671,6.64011856192807,1.7093130575267,1.22203515390873
3711,0.0837068142068613,6.40542722990722,1.51388401721054,1.08830224207022
3712,0.0825415563632219,4.59455226687154,1.57900701958606,1.02248036705463
3713,0.0837823645777271,4.41702747372365,1.46379111260931,1.02122372418403
3714,0.0826403832144337,5.52657297837192,1.53590286540174,1.03859579767929
3715,0.0835778855641048,3.10155544124934,1.57628449393007,1.02049800005781
3716,0.084706167898743,2.98687428334992,1.28837031691616,1.28277794087117
3717,0.0838423540579879,4.33986308909405,1.51730717419426,1.20453843857198
3718,0.084621996597889,3.21266686886942,1.3479681915002,1.12861011545439
3719,0.0844060352325451,9.71243978954563,2.08731965928369,1.17184670854106
3720,0.0857745026754393,3.6040226919201,1.33277381574448,0.970719863039606
3721,0.0832536839818832,7.87020591580426,1.60185571950605,0.904878519316012
3722,0.0830434418431448,4.12600531323254,1.3553363380339,1.01891727480348
3723,0.0838118775369976,2.93661171570816,1.01812612767651,0.76541034342056
3724,0.0828049243908682,4.26918526656537,1.81528938615889,1.15006741046489
3725,0.0824677134679635,5.97037859642372,2.06256456152784,1.34111641050911
3726,0.0833718020007305,3.58063436849237,1.58104524165113,1.02891633808456
3727,0.0838452563127631,8.1118302095665,1.69909021044816,1.05034200993783
3728,0.0840268112632316,3.40011868157439,1.41416519802711,0.943823612814255
3729,0.0837233624958504,7.458641101459,1.54833427662827,1.18247692975264
3730,0.0829717338392472,3.73256724216158,1.48103155972392,0.968404820593309
3731,0.0843254047766478,3.96859246483025,1.45488930816686,1.01811637721704
3732,0.0861363471423651,3.46497513169009,1.35243313063224,0.984795412564236
3733,0.0829103732650525,4.367367154622,1.6106393925068,1.02973865159411
3734,0.0837253818144249,4.58001442014331,2.00726816139971,1.05493070966107
3735,0.0832675386650961,10.0676413828835,2.45568389001426,1.14925358829428
3736,0.082869432536961,12.5659000785122,2.17925731414901,1.0565232048549
3737,0.0843080692010913,4.77966112372783,1.52009533921946,0.883799063592458
3738,0.083633524469389,3.5008754390745,1.15849518248712,0.822955183570051
3739,0.0843127706493332,3.96242570574373,1.51017365498131,1.07180339894368
3740,0.0828172463218419,15.1693652198455,1.90575679440775,1.24045023789908
3741,0.0840352515551201,3.7627198074009,1.8290117330936,1.04718153711691
3742,0.0835938319805134,5.72747870321606,1.5699807086263,1.06360403766147
3743,0.083661952093367,3.56103264561166,1.85604412675064,1.25988985309271
3744,0.083572139266462,22.0367599188766,3.02765954091839,1.53299194274466
3745,0.0827526765326523,6.36124420193098,1.82524278864286,1.12728276925588
3746,0.0819519425273571,4.88710701642926,2.0124118515444,1.0994041261807
3747,0.0839483336536701,2.83305474748831,1.4195944134737,0.964409734426504
3748,0.0831736074394627,3.296573211467,1.49695621913318,1.04455081260547
3749,0.083347606273357,5.82596609089423,2.03706504228811,1.15087549099351
3750,0.0829236928419674,8.59831127476119,2.13057608883876,1.4251759557283
3751,0.0838883016994656,3.46833017905703,1.63970077538951,1.0791314188704
3752,0.083278503636388,4.84599094411314,1.54744712484609,1.12048521291491
3753,0.0837202870990277,3.99287679431916,1.21365032866813,0.781806110637021
3754,0.0848498359753669,4.04538834690918,1.64872312027129,0.931239227335669
3755,0.0821620857911369,7.29046009920142,2.67838151197273,1.18878831213513
3756,0.0852764216356654,8.0379341962914,2.11615708975482,1.0979226652133
3757,0.0849141840807269,5.28727172491713,1.69574572840842,1.11553007973775
3758,0.0814632096292414,3.55267405543213,1.53334196168742,1.05868552909941
3759,0.0835005772745479,3.46644106659025,1.5019936479679,0.885868668081708
3760,0.0849590526867888,3.48187819058767,1.72311125052996,1.13624919451328
3761,0.0829136486602043,6.86052002310262,1.93139008536531,1.19543340713803
3762,0.0827362310425116,6.35651354456501,1.54281322496743,1.00744386421161
3763,0.0842644692018199,3.73847798192745,1.66485868462558,1.23536238659712
3764,0.0849469820133278,3.53257956637221,1.24700292858195,1.00099379285465
3765,0.0823270057851713,4.32225742206015,1.74594585814119,1.29804206821992
3766,0.0845241013619795,7.16428390270404,1.67388983584682,1.09820770865673
3767,0.0847613026215265,5.2451503437855,1.99780810630869,1.32853492202987
3768,0.0831646541818686,2.82123695473976,1.35411331757347,0.965585476763569
3769,0.0826056582419998,3.87896388123386,1.52871113842827,1.00152747076635
3770,0.0832044476026545,10.6521754414787,1.74021544615982,1.03246018456462
3771,0.0843755817424911,5.62393766958403,1.76050582605376,1.35271545824232
3772,0.0822208802632288,8.67634054072064,2.00467330703626,1.25253334453258
3773,0.0835679304173432,3.37841327498655,1.60567300000266,1.09653262948123
3774,0.0839305199277595,4.62983442107291,1.64256597801851,0.962202113551988
3775,0.084566918740396,3.14576247675747,1.34806884229093,1.00130743797939
3776,0.0822588124702926,5.22289099413895,1.79431581790621,1.11449055879397
3777,0.0847853604152698,8.38736931276393,2.32390111797203,1.29971982075776
3778,0.0825461054460429,4.60776745304252,1.50991605041521,1.16380569646932
3779,0.0817687957216834,3.61906173579124,1.54705591575639,1.15701716115346
3780,0.0833641058598654,3.580193675893,1.35015318481345,1.01905976147691
3781,0.0837100137093187,5.28779476781617,2.27793730654052,1.16660366484763
3782,0.0835758219473512,4.37974672259324,1.46420758773035,1.00001727679646
3783,0.0837358336141088,3.94013394471681,1.17967320620716,0.86384596115327
3784,0.0839317817747829,5.35238051281503,1.67266833344778,1.02056578179353
3785,0.0850337239995933,4.31177211855271,1.41576825844674,1.04013689365997
3786,0.0845764058306326,6.17715965514677,1.53394896757008,1.05420884721927
3787,0.0848037042323035,8.74401928399869,1.55677188037291,0.968634189900203
3788,0.0833941542793901,5.20267620786549,2.0666970457072,1.20331032709067
3789,0.0840663899536261,13.8394714407861,2.24352867222137,1.12721824868209
3790,0.0833492588318938,2.95183418128973,1.16870150144612,0.961246535858035
3791,0.0832283311534462,3.21505506933996,1.61814088253521,1.11373312398905
3792,0.0850521153999654,3.70695275793984,1.7784801463167,1.0881811154378
3793,0.0836386641222483,4.43132182172992,1.37240895191459,0.9300418479068
3794,0.0828857061640625,5.86998514054668,1.57131703755643,1.25370101516927
3795,0.0834669964236231,6.86332136861636,1.61574543209367,1.07226412838238
3796,0.0842665773242187,5.2208317656555,1.37235213694323,1.11952064466319
3797,0.0828959521680628,3.94400416969113,1.80655582819978,1.49641182728541
3798,0.0821439113826486,3.10390474059583,1.37606288771057,0.929764505173095
3799,0.0820760763716629,5.97496522198143,1.80808158550174,1.10120908815383
3800,0.0844139707090589,4.04237940282439,1.66173540585951,1.03272770443567
3801,0.0840273738701302,5.13814892420352,1.84868713532938,1.10374666259396
3802,0.0839499296177666,6.33654118718345,1.6323666274576,1.04919447476654
3803,0.0861425687452155,5.49886178253868,1.77946942248962,1.0489245876091
3804,0.0838053055725378,6.52582545952669,1.84694270194192,0.903455913002726
3805,0.0829742539289443,2.87252663861498,1.21122384885239,0.962356606708636
3806,0.0849888411820249,11.5494685813967,1.7528626612707,1.25260169807109
3807,0.0830739348229309,3.33091591785223,1.3115738822515,0.968238530025401
3808,0.0853748543115393,3.65933235528251,1.42253444472596,1.06321449396517
3809,0.0849725408819992,3.18284335295855,1.26435899997564,1.0347997698482
3810,0.0817428976263666,5.03491743326065,1.75484284212046,0.998477091464888
3811,0.0836788138719151,3.66664001244509,1.75108235719714,1.04035739764761
3812,0.0841406697895976,2.74726730252014,1.46408549277865,0.996447445568459
3813,0.0827708921317873,4.32585947081242,1.54590457313284,0.962198843971822
3814,0.0841469316089902,7.13616263156309,1.55227540575878,0.889919419116385
3815,0.0836733556911064,8.18776823126961,1.89592438099898,1.10447860599949
3816,0.0851168725919366,9.82930548932588,1.82350958569912,1.20811651976014
3817,0.0836976221139916,5.24143888232821,1.4354679378876,1.11530207845053
3818,0.0826339230599179,3.30078917728016,1.51916086691896,0.899866554982074
3819,0.0825418478173981,3.73650349425417,1.4135607021568,0.891671080414035
3820,0.0833241070016333,18.5974029559611,1.94559287914194,1.18021978893317
3821,0.0825771056616896,4.98177818153192,1.37533350986957,0.918961531494742
3822,0.0830905668618256,4.0186778841471,1.63482538824398,0.857321940001621
3823,0.0837571595266827,4.70547692559272,1.74087722789478,1.04891987464531
3824,0.083026438950285,3.92436580661652,1.89196681228801,1.2266870659699
3825,0.0841524149091291,2.70353085654763,1.41538457454249,0.878487919259057
3826,0.0818193015518076,3.50650290501533,1.16203716795193,1.01269471326732
3827,0.0841507999392471,3.17171107206005,1.67303381244804,1.10825469543648
3828,0.0833136116834875,16.1042476166916,2.16324124887039,1.56550022712113
3829,0.0828908583644191,6.13875106549576,1.67524012868742,0.990267116145177
3830,0.0844683132475732,5.32923356647231,2.12600959211023,1.37962212785689
3831,0.0813857175220648,10.97804096198,2.74481835757647,1.25523705016308
3832,0.0828280462603409,4.35394221095466,1.77672631924982,1.37030124995295
3833,0.0838251348587618,7.55394701808727,2.10548357812131,1.23533641999414
3834,0.0842434067128361,3.31568895165903,1.3387399384857,0.879680514450678
3835,0.0832451502348595,4.60046088761807,1.31920945253746,0.931977198265712
3836,0.0825601398944982,4.13898439896235,1.74094286699448,1.11231404834948
3837,0.0837672636078551,7.77512546570679,1.79494285152893,0.987094082077567
3838,0.0835091928030741,3.3887111297502,1.68490889798474,1.19185178490776
3839,0.0842094896810113,3.21993727010665,1.67053207205941,1.12994829660097
3840,0.0847758948273815,3.88943620864449,1.54097789129612,1.34470356332284
3841,0.0841091334068353,7.66677376616129,1.76190311306196,1.25534180348967
3842,0.0847902969381862,4.39506917530862,1.46144623674799,1.12501919445912
3843,0.083345208765317,3.32448603895344,1.32081933921071,0.903530271617642
3844,0.0828584270587346,2.70993054728809,1.26618818646687,0.931198797068989
3845,0.0848899251394602,4.05508243217507,1.4524877425503,0.955825646886009
3846,0.0842069102869037,6.01727458447227,1.70616989960452,1.04233307065641
3847,0.0831387162354098,6.08545152881954,1.64028271073055,1.0942731975515
3848,0.0837683752796539,5.55346082431742,1.54831524508939,1.1373213881969
3849,0.0842689980160947,3.75619557138746,1.31759436338909,0.894600016350943
3850,0.0827597241577386,4.2734874142651,1.38628669111713,1.05269732094721
3851,0.0830998454326401,3.98719973716324,1.6328495804708,1.09058386275456
3852,0.0830543222892004,9.16388668315549,2.0491206804437,1.26499066627208
3853,0.0823363088411863,9.01660679597961,2.04909670980975,1.11986449229909
3854,0.0835668575599566,4.48942981752909,1.51956921525347,1.00144193549969
3855,0.0824049691207676,7.61983993495402,1.94112803024187,1.15681502535607
3856,0.0825687293980389,6.95765067768224,1.98437082123601,1.29729362287858
3857,0.0837750913462976,4.72131230879908,1.64996879651306,0.975543422466772
3858,0.0827775069581196,6.66457592996152,1.77537220398104,1.36107408582012
3859,0.0850347026845322,6.21483201697569,2.15332313887517,1.30396589787318
3860,0.0839876569599678,3.15598347492246,1.41635456126306,1.03043484536562
3861,0.0834360894046391,5.29813256798833,2.1447351814826,1.31450838462204
3862,0.0831508128537017,5.99232130046523,2.43100507781901,1.13452885158266
3863,0.085219412675782,10.3267556098163,2.34730413407225,1.16778452845219
3864,0.0844917253921715,7.03873118453876,2.07881817951075,1.15097039824123
3865,0.0840568113131582,5.35350767361152,2.17028595870804,1.27948673181982
3866,0.0852204988978208,8.58713971704307,1.69125820799009,1.19893971741898
3867,0.0842648896623834,2.8939348298755,1.31297991450663,1.01240008024725
3868,0.0831221712767292,3.2406658088159,1.53966990556572,1.01981209482109
3869,0.0846486663595322,2.78386898491313,1.30570963030642,0.902265735266583
3870,0.0827956434447996,5.31707377980321,1.51603182262156,1.04634165532311
3871,0.0844518019374576,8.16408457230132,2.7514307531034,1.52188050170119
3872,0.0836299281684776,4.9506779981482,1.56740223078004,0.919380269187035
3873,0.0825682124731786,4.15005472238507,1.55883169257096,1.30185030022898
3874,0.0834360608111903,3.2483263897979,1.43919257356159,1.06362451271677
3875,0.0817052352553661,8.75585003302921,1.59954420082353,1.0879093876456
3876,0.083329519751945,3.09555557201474,1.89216956681792,1.26212621667701
3877,0.0822493827256818,5.67227800860151,1.67186115491594,1.15505800588757
3878,0.0850476931975438,5.21073375873357,1.86033900610525,0.995422871380075
3879,0.0863522956545543,7.93149394297672,1.88627555911973,1.00234038996203
3880,0.0829136296534931,5.46980421132537,1.63657346937717,1.13413191931173
3881,0.0815498214299571,5.58064299462797,1.61748184237183,1.25066729881337
3882,0.0827997675310266,3.34586664450897,1.30163500863142,0.881223303179217
3883,0.0833144412021299,4.65825776950915,1.64151711931247,1.03482303012266
3884,0.0828927553036897,3.97151343226805,1.50864336589301,0.981222939621431
3885,0.0830577511810274,10.7397651973985,2.33438809563028,1.53077521234883
3886,0.0839432682860286,4.35302835228959,1.66168593147599,1.0065038546768
3887,0.0828134994380005,2.93908839215829,1.24426612872718,1.02963958443916
3888,0.0837171526843708,3.5190693543412,1.3485837918388,0.9814993553004
3889,0.0823081323291228,4.69947054372187,1.76549872841779,1.44320325198425
3890,0.0834218723121337,5.06585392241667,1.82147422526396,1.40140933701645
3891,0.085005397978043,8.18669028060719,2.17984946322947,1.08508089717583
3892,0.0839774057555765,6.84817069197454,2.17951072455678,1.64344779668927
3893,0.0828762505167995,5.03437441724909,1.59268249616985,1.25677459198484
3894,0.0842307474995454,4.41517755769797,1.37731016363209,0.94920366783937
3895,0.0850415848752723,7.95504814237875,1.60433993755532,1.20220193619358
3896,0.0837939366315345,3.88049987200524,1.27962716175817,0.994180053560702
3897,0.0830785320679515,6.36264343544624,1.41548705267045,1.05565106226508
3898,0.0830119040851936,2.83335625140434,1.65580939451333,1.07209753869618
3899,0.0838345429812079,3.74203981205351,1.2531246102402,1.00151581102585
3900,0.0834906723422932,6.18719678845954,1.80879511105773,1.10736190358693
3901,0.0832580004582178,5.87480430312247,2.0177329988437,0.97839749337254
3902,0.0827209485561291,4.93219985593411,1.39315172309899,0.952888044840779
3903,0.0819227614695529,4.60325056520544,1.68666040791848,1.19494170365053
3904,0.0820831550313304,6.89580999611622,1.87856267153644,1.01779983333371
3905,0.0834773039185954,4.83635441960085,1.72014764433826,1.27201442660597
3906,0.0835472556748493,6.08714776052256,2.02584497255758,1.24116548885888
3907,0.0834299200945877,3.87033765958775,1.35714780441614,1.0463725942205
3908,0.0834680812229313,7.0572302971227,1.75643353074026,1.22670136176968
3909,0.0839553475493928,4.38996081204158,1.54101548507492,1.04669863738083
3910,0.0838433937843694,6.16779525359475,2.16396640913656,1.41476916080892
3911,0.0835456226312504,5.5250026638174,1.76680969415169,1.08820872192705
3912,0.083542143117667,10.1162024610127,2.33977364275617,1.05746601799245
3913,0.0832950152665382,3.77775376427098,1.36011948398265,1.00207424288827
3914,0.0822909385559537,5.76553730649775,2.25249307721094,1.39270901144315
3915,0.083249730095227,4.30601342210896,1.44955446718822,1.25282793888788
3916,0.0839567384796572,7.07911674404991,2.13281637969592,1.20180361130967
3917,0.0845221047476299,4.71662435345086,1.77443681376929,1.15237542354199
3918,0.0833129658674662,5.52965386504211,1.65415201009825,1.117208355616
3919,0.0820702529688292,4.92747137297875,1.66621379036068,0.865129190735274
3920,0.085505385763386,4.67584053089713,1.44886599811242,0.958579805478104
3921,0.083518838493,4.68779520400802,1.60130592984456,0.833855922309463
3922,0.0842683801301064,3.17029247026783,1.28997097134386,1.08519164560285
3923,0.0844147771201443,5.54393880740413,2.08372680415522,1.29319900967262
3924,0.0844721946930216,3.15466154103835,1.41246931676751,0.915837645369084
3925,0.0853432473498703,4.99299992604281,1.286481826308,0.939788410167027
3926,0.084125582899131,10.6899041851683,1.6351464039353,1.0307098331567
3927,0.0827335986483268,3.11938541551951,1.38381979977164,0.962871626312378
3928,0.0832103998086336,3.44721999392465,1.24182397244496,0.848074875677373
3929,0.0838391043547205,4.18776595821179,1.36166574940439,1.06054388143702
3930,0.0841771278890059,9.61837311062913,2.46253693552685,1.63483219938274
3931,0.0830056222321169,3.18905184817348,1.58199137712788,1.0530281340285
3932,0.0838374438307218,4.6774903027192,1.35095285458083,0.905745259849094
3933,0.0827426314953714,6.26975473469796,1.62316889061906,1.11899282375286
3934,0.0853562752914872,3.01430453452814,1.81187358646833,1.2482505509864
3935,0.0825495335285419,3.73719889903547,1.79143155251049,1.01558250189405
3936,0.0842920624497106,2.91168923802258,2.03798636547526,1.26710829678772
3937,0.0843395628257943,4.3533356802819,1.66635935240209,1.03514482998768
3938,0.0849322059361304,4.63141844973696,1.49463767524997,0.915469511416463
3939,0.0826174891651159,5.43994855812745,1.26941175314381,0.954248157199025
3940,0.0846932461945349,4.65082496990479,1.51502498628902,1.18634812519188
3941,0.0830107615391333,8.0991060730956,1.51440746981464,1.10548789203736
3942,0.0833003852941083,4.6899729488161,1.44032477702915,1.19968003613253
3943,0.0843898400829166,4.97550802833281,2.04253887537399,1.28623907312644
3944,0.0828013379597431,3.19709224271902,1.29191934424494,0.978273629550413
3945,0.0828738281624999,3.01083826568427,1.48736010045028,0.907298208885906
3946,0.083140141415321,5.88370535170451,1.55587662939262,0.961798853467
3947,0.0829662544276527,5.09675271665576,1.35001824096621,1.01436396868241
3948,0.0844637247822158,5.13729336089564,1.62720128988256,1.23016183294511
3949,0.0856349346255918,3.97781610675456,1.44202433918785,1.18362865996781
3950,0.0830705160037952,4.37446358452527,1.7927392924345,1.06420872241649
3951,0.0842363516092871,3.23217120282319,1.24930714732323,0.889696648535418
3952,0.0836830327376834,14.0796240391283,2.24605072300345,1.1742720050581
3953,0.0829272996919743,5.93866431069045,2.1797313318965,1.14314684491414
3954,0.0851673398403031,4.19848134205901,1.94643603644776,1.52671551214172
3955,0.0838067510733557,7.52755131335521,1.75213497217568,1.06342034127892
3956,0.0839056630527154,5.61273526573617,1.67916534990727,0.926435665364662
3957,0.0842739661432634,4.43767845519853,1.48118967039954,0.845346918462028
3958,0.0839551338831215,7.65805320302766,1.51285301261935,1.00275424468128
3959,0.0847750330510771,8.73497610082962,2.07143798366262,1.11542234392773
3960,0.0842450934247584,3.22173353939481,1.37861868024095,0.980407147594118
3961,0.0831050286967663,5.63926440694832,1.59174446195963,1.16546059628541
3962,0.0839043062595076,6.80542846225178,1.78510034943917,1.2705907033182
3963,0.0841592894935758,7.09280710495852,2.1483145511043,1.16697742462761
3964,0.0833021471861397,6.77814742702044,2.00081406828019,1.2348984819226
3965,0.0833321489515592,4.48940965383096,1.63263300860915,1.05751958387354
3966,0.0834773004910301,3.18659885333179,1.43581606462723,1.01337716524837
3967,0.0827213349772283,4.13861419133297,1.42058621942525,0.925353134672689
3968,0.0846829680547672,7.09416742487518,1.75210373163409,1.08752983338885
3969,0.0833401345235216,6.58773488110161,1.86546269066862,1.59113607103013
3970,0.0825929380526493,5.20449702777092,1.94462811658092,1.00129753799706
3971,0.0822305910133195,5.81793117466798,1.86027669378264,1.23907434399957
3972,0.0825502510915398,8.38343313024422,2.02466350944437,1.46012284326976
3973,0.0846608616139232,7.52025687517871,1.97574497906979,0.994182431190074
3974,0.0842299022881173,8.46066114812836,2.18419446918028,1.17811973451439
3975,0.0834191261542643,6.3402152075966,1.51870241141242,0.990828729452526
3976,0.0859252372922689,8.68056773267307,2.14701429295677,0.978907135283685
3977,0.0835871285204984,12.1684597196039,1.6170636093585,1.2521189664072
3978,0.0839871876121088,4.61513159170109,1.60845053827606,1.12998261826078
3979,0.0831658223567209,3.98280297743433,1.7668939595138,1.14279011379487
3980,0.0829979998178287,10.6886931235185,3.12054317684529,1.52237131352808
3981,0.0825789394326315,7.26188287508809,1.34689155198608,1.10072049302097
3982,0.0819481358050681,10.2505525246184,2.21349449769821,1.43884169831505
3983,0.0832100205340374,4.30790233861769,1.55054627852458,1.2797507177791
3984,0.0819500432551177,11.3133639633389,2.67553023546751,1.32962462126413
3985,0.0830209511833862,7.45153344601332,1.45200234368042,0.853541831782405
3986,0.0816758806971609,3.24792003806273,1.57891226375475,1.12636765199075
3987,0.082831272382307,3.79519630681709,1.2236073988984,0.831405620777975
3988,0.0840345590288694,3.44296234479201,1.46998007429291,1.09529390150264
3989,0.08382286432111,5.58081002483911,1.63346618903357,1.05298648710731
3990,0.0823634277314661,5.47975313570803,1.92868007301863,1.01610204348329
3991,0.0843967476540496,10.6234946688419,1.61359764702764,1.41703921586914
3992,0.0828338169547482,6.30394148549548,1.85626240994275,1.23822716253105
3993,0.0855711236935668,10.4831027860122,1.81693226761951,1.18346170799278
3994,0.0843501508724117,3.24953170481593,1.50768728991611,1.15680492405656
3995,0.0825203130805721,16.710833185581,2.87900714814095,1.20456272138094
3996,0.0844083333627149,8.41640550472817,2.10805546903435,1.38133059476137
3997,0.0846635109551083,3.92125443000422,1.528777400109,1.09607148783
3998,0.085647967030697,2.98846051279398,1.07413622320669,0.822725400848086
3999,0.0823912822315822,4.64011359907008,1.6574106240863,1.11570817338761
4000,0.0839041536826479,4.15496008128629,1.57249356560289,0.97149490861739
4001,0.0845273479104156,9.08196637097911,1.54367278294922,0.921485701131145
4002,0.084321473035541,4.86765464706123,1.27873445718515,1.00226514677187
4003,0.0831146791814202,3.10538825224848,1.25834485666882,0.877995871286409
4004,0.082803774672764,6.43944938891604,1.57659838512228,1.06127311051239
4005,0.0841496554853325,4.27607493998483,1.52344409350831,1.20970308058328
4006,0.0838451969526489,3.88081447219931,1.50215050468675,0.991193356850363
4007,0.0841080373539603,4.06999095617416,1.38043210016235,0.950780703896454
4008,0.0844798885533309,14.841086133905,2.43829555674216,1.24589795123551
4009,0.0822783456319701,3.77820943683176,1.68043875735416,1.03901935882572
4010,0.0830297337156548,7.42108476332716,1.67616752228503,1.04630159714311
4011,0.0841677053535155,9.8254532375433,1.91472879594305,1.07090878380498
4012,0.0839605579969818,4.204153476609,1.96854171625007,1.1248527662794
4013,0.0823055119337117,3.94357591137564,1.93279631011382,1.19886953345255
4014,0.0841622198382643,3.20026603949843,1.48644089129198,1.12592256242333
4015,0.0827872101204014,3.19071779898726,1.209678315388,0.930227875762834
4016,0.0837479471210091,5.56009149335991,1.59228931910163,0.938043204166763
4017,0.0832990693532484,8.6710903939332,2.24372989924529,1.23470102436354
4018,0.0844211343919566,3.26029257502801,1.3929822667054,0.971660092428429
4019,0.0836597745947723,5.20560490414472,1.64179870820356,1.06376446020852
4020,0.0833265154293535,5.29554893097854,1.62160782757089,0.997010076259127
4021,0.0845066946738596,10.0825011412779,1.8068196426808,1.06375258615146
4022,0.0852708115540883,7.63436231832208,2.18588069898885,1.00096182133831
4023,0.0830795493039615,2.90165816489925,1.30694487509405,0.794345173589354
4024,0.0829663008421936,4.75913500883708,1.57678710835987,1.01787804241914
4025,0.0843045152287472,6.69515120129618,2.37214089682248,1.21201932601562
4026,0.0829777833225409,5.73149283476106,1.40892602447863,0.979332315316
4027,0.0845455050999294,3.40605091885256,1.37331343985033,0.947466561321091
4028,0.0836199196065013,11.0879534270709,2.8866079688834,1.35642554292979
4029,0.0832906300186871,9.1021270005471,2.14186858236984,1.04255993188939
4030,0.0847866711028562,4.28465597986743,1.47284227125523,1.13721247440313
4031,0.084283962792542,11.2370707693445,2.35328656953689,1.22602504331851
4032,0.0834265880059855,4.1698346021232,1.84443244403805,0.981980993365485
4033,0.0835652364571933,4.40765411855977,1.6531855297232,1.04515538613128
4034,0.0843250502871052,5.8386341643659,1.71900492933687,1.43160740938878
4035,0.082098962706304,6.92201146026304,1.81212767562205,1.06463278646402
4036,0.0833706727893471,6.42701097975834,1.69183765554759,1.14025808860921
4037,0.0852118948707772,6.594275866381,1.60316044287071,1.05616146873486
4038,0.0823526557309104,3.95765741882167,1.54326931804459,0.995725026872266
4039,0.0834164492591516,11.6917657573362,1.75619096957838,0.999840172602547
4040,0.0831303350682304,8.17548992518931,2.42577935982885,1.49636085873876
4041,0.0835094867990576,7.46773119533019,1.84432730623943,1.16117385868005
4042,0.0834686016185871,2.91429605039967,1.64137099295436,1.35720903524339
4043,0.0825662695569039,10.4693880651537,1.8624891217051,1.24143300472573
4044,0.0823898339441628,3.60134943310153,1.7485499589411,1.1966275342349
4045,0.0830304054291951,3.36866441725601,1.4643775217834,1.00501795735732
4046,0.0848582374062797,4.63103949583307,1.52819221027037,1.09823138315326
4047,0.084087597212207,5.15279281314023,1.6600749928493,1.1122704803566
4048,0.0840761946635946,3.22296462343774,1.36753601324986,0.85637056941738
4049,0.0843429217439865,3.89617007665731,1.58518292451616,0.97077638970871
4050,0.0857367323670167,15.8932141112231,2.96007977338996,1.2286577773309
4051,0.0836275249361859,10.0889830900714,1.82652796858765,1.15972566500829
4052,0.0839646034847023,4.68412723192473,1.88727215863835,1.11692965642173
4053,0.0837982244722615,3.64318280465831,1.18027788917047,0.864784933182589
4054,0.083445108186101,3.808954774978,1.45956390784165,1.09533625734004
4055,0.083511868439163,3.71537277267792,1.17749045971746,1.13622591558155
4056,0.0838436557414376,3.14405718048117,1.5396384631135,1.05961891626537
4057,0.0839338308986113,4.94278557269686,1.57288705890716,1.06499373499507
4058,0.0843428824432581,3.76401433628859,1.23724977984398,1.06266951661249
4059,0.0834455905433546,4.77547354882822,1.8669940772222,1.36645612888386
4060,0.0850473075388414,4.13317410157666,2.0645608624763,1.16025214067917
4061,0.0835356765719438,9.47153186201412,1.89342486501393,0.998417757621121
4062,0.0833852237602076,9.89558548199207,1.98840650155869,1.10264153029445
4063,0.0838102348616354,7.44035308831503,2.20818434922382,1.29747033534336
4064,0.0844963951228399,10.0427661071367,2.25784953361996,1.22667767146542
4065,0.0810885899786822,5.31478352961458,1.67356194569748,1.03995405836996
4066,0.0837197284011412,4.7630827828051,1.71186608186176,1.08255648801852
4067,0.0832293829826886,4.4409690916302,1.69498532380231,1.03754536899533
4068,0.085078379869664,3.39226303208861,1.53093069385033,1.03609336757786
4069,0.0836454180903961,4.98241763508579,1.62940995307574,1.1780205902621
4070,0.0851006489369998,12.2169970295084,2.22295246193403,1.1952628475688
4071,0.0835773184517119,4.10968619380352,1.50968313052018,1.15359813891907
4072,0.0842316572559043,3.43050128721701,1.85948973096658,1.13793585073246
4073,0.0835417395295278,2.91103671842782,1.41317920597851,1.40166460615408
4074,0.0827943568224674,18.4518149609328,2.54544405964027,1.18016352434263
4075,0.0853637746129697,14.9235784175024,2.4388284949898,0.998933732555975
4076,0.0835573104366617,4.95240757937292,1.86287581163108,1.19179215694918
4077,0.0833229017164889,10.2503652914631,1.8654156392859,1.29865495569781
4078,0.083368730623085,7.59035121069843,2.00348457307656,1.12137486704025
4079,0.0830890069464829,3.49336855504201,1.45622870820311,1.12052852137012
4080,0.0850858648587522,2.77297860064675,1.271055509256,0.881698183024177
4081,0.0825332487734244,3.29460489927959,1.38498095493499,0.959399714705307
4082,0.084172029958741,5.86492395157377,1.57493352400916,1.12996244212478
4083,0.0836788454470073,3.4184070878128,1.45925933818169,1.1204761136774
4084,0.0838622445791912,4.74522188275157,1.37897586346975,0.934217899667725
4085,0.0834168111277323,9.8120971072599,1.83077773050243,1.35534847787312
4086,0.084239194440801,4.79509059488804,1.74979869161649,0.990117633311837
4087,0.0838220383660542,3.88029172060676,1.45057259789088,1.10401378101416
4088,0.0839870093181325,5.20658820781221,2.03410053008115,1.24485963743386
4089,0.0847345564467089,6.79236919881037,1.80968826860088,1.031525626434
4090,0.0825668538206993,5.23178453499732,1.47197796736702,0.910802560014919
4091,0.0830359206150694,9.2514574163757,1.81743958045227,1.23336308583208
4092,0.0836184774123718,4.88321000850275,1.63835326114802,0.963558648216093
4093,0.0838498376992346,5.44369374182521,1.79048482964114,1.30767216643376
4094,0.0830070987878053,7.06459627164324,1.86753688085469,1.22072232553206
4095,0.0830169787408697,4.75830778165867,2.34274066350377,1.07352499673205
4096,0.0842418389384982,3.48011126237076,1.45681944874542,0.89847416226801
4097,0.0829438576068556,12.3093774398126,2.31843418646593,1.19140919627081
4098,0.0834794784113702,4.75731957314089,1.58039266168259,0.958072525526032
4099,0.0829289141985819,11.9606422557684,2.33912782040903,1.20757076225786
4100,0.0831431827225899,5.73170284843736,1.81558683753143,1.12856152826136
4101,0.0830728695228841,2.81439055778729,1.74489799380642,1.27936715016043
4102,0.0851679992781554,5.76127293775142,1.7342308415538,1.37206890650054
4103,0.0829335312381371,8.77032375021333,2.12470408944035,1.40044104619463
4104,0.0847663649359897,3.89959706416056,1.47491696524741,0.800962786078296
4105,0.081489785234371,12.519815805682,2.63933046362348,1.25404331563744
4106,0.0826030160111691,3.80889088025355,1.39307326592365,1.00013548097532
4107,0.0828404015247165,3.7235794651548,1.51593068278425,0.958089812878915
4108,0.0840683357508854,3.22474000435637,1.57516676096089,1.15764903232965
4109,0.0826325499211676,5.22963745674298,1.69551269388431,1.03684719886477
4110,0.0841963565857979,3.80100289672446,1.66310565544116,1.14093033230084
4111,0.0839420672421631,3.80766494871052,1.7759559119812,1.27617605000908
4112,0.0830712824192135,8.04985529363148,1.84602424761563,1.08079393231917
4113,0.0845329779947355,5.77927191928125,2.1635052262927,1.08856175109471
4114,0.0832479261565306,3.22459175422609,1.38536641986234,1.01569764752541
4115,0.0845792411425149,5.30419572132325,1.44330000249075,1.09757845767474
4116,0.0845686156533492,14.788785301356,2.66755823023377,1.39677708788165
4117,0.0836563578618943,3.21023802505882,1.20555320269827,0.95168967135898
4118,0.0830775172220682,5.17348251084735,1.52883926977013,0.924416622215694
4119,0.0839109559042705,4.77967396013362,1.95336016479729,1.42050001241564
4120,0.0840682959494071,7.96694846476639,2.00753575920167,0.996480671990973
4121,0.0837435952387139,6.63316184186938,1.67104841044756,1.16143347051617
4122,0.0822383798013353,3.49862050354246,1.7521224753507,1.41605085729718
4123,0.0828278930838298,13.9047521707316,2.14595266011617,1.35982677816619
4124,0.0856105958075255,9.15298028417307,2.67035830258731,1.17181840294815
4125,0.0842581481773331,2.99582670324862,1.16056314305674,0.828597447532585
4126,0.0833815191709375,3.50204152706402,1.46568803752464,1.00724045712854
4127,0.083347712236141,4.24789863502671,1.50227194244641,0.931188393348415
4128,0.0837031099270326,4.98295924501672,1.58011324198188,1.1145314346729
4129,0.0851068432912211,5.47598733994705,2.00592550062296,1.12345470803618
4130,0.0828854722106102,3.45915149512629,1.60519053721444,1.2870264667159
4131,0.0824770649190238,4.80608821203884,1.83411930202514,1.17915433538746
4132,0.0826410177216503,3.53351877639249,1.51986364898212,1.23011741609534
4133,0.0846010125603194,11.3826257975739,1.91525817363988,1.04471202062522
4134,0.0821305355017329,5.33509369423127,1.81872754902071,1.02854409806343
4135,0.0853002628244395,4.0726982656991,1.32369086310281,1.09018142153228
4136,0.0841165735188787,3.62065271471533,1.42280536653171,0.963738504247698
4137,0.0837504152503715,3.34597788945578,1.96158663394085,1.20864957541576
4138,0.083729968591117,8.23091398020007,2.60620250035472,1.52728623775167
4139,0.0842100520092384,11.7256476884034,2.55484318905992,1.46081776874296
4140,0.0830099456174477,14.0324043617219,2.35368562023445,1.1080291345059
4141,0.082857772037112,4.29751795026608,1.43311850363031,1.12254048363253
4142,0.0829836129697673,5.21707311590326,1.56948345255796,1.01780053275256
4143,0.082934295344095,2.97796479052645,1.04523827388803,0.851995323392101
4144,0.0833105341736397,3.97747860646575,1.61342869238658,1.09456671328708
4145,0.0842344714196303,4.4934894426912,1.51374910583371,0.97500335774596
4146,0.0831405829775494,4.00011417500238,1.32208761810625,0.931446531691065
4147,0.0852728328304091,4.92523275817651,1.64313979811903,1.1060754592164
4148,0.0844919134198657,16.1639319694459,1.9193407738798,1.21446982828749
4149,0.0827543840306645,7.08418424319423,1.68072463085837,0.855274492952919
4150,0.0821580180765007,3.77362189756459,1.96785819164804,1.23625943958861
4151,0.0829253859940117,2.94963666429895,1.46704996840279,1.03379076502124
4152,0.083003216588506,6.33268796755523,1.81604950523799,1.11707993062412
4153,0.0843593945323811,3.5656482662842,1.53352266392783,1.07131707630323
4154,0.0830319278327133,2.8117679080282,1.4727641072851,0.949057462183086
4155,0.0821182155525269,7.21915114902963,1.74859228808487,1.39050928256565
4156,0.085144305213072,4.18535512223336,1.39084112759852,1.12801410810066
4157,0.08429567895977,7.90029176963842,2.05926635444352,1.29079757734242
4158,0.0843860148147672,8.24552478654954,2.34662810280954,1.33464562537884
4159,0.0841027982720644,4.12663516270089,1.61176288633039,1.09888719586619
4160,0.0833272236317515,6.00127511633396,1.69861750214868,1.09673596025354
4161,0.0820889086191208,8.30577859379054,1.60339312201376,0.961516706853515
4162,0.0834103203850855,3.25752768482564,1.44517874481348,1.06170722022796
4163,0.0836645653264789,6.29181859838413,1.68567587876385,1.35020501174407
4164,0.0856118130576188,4.80182575901332,1.62910913014769,1.30254368696579
4165,0.0843595846982674,4.39448446713971,1.55848813157105,0.899636973243569
4166,0.0836822624837947,4.29663168111411,1.35352262953343,1.09772266011658
4167,0.0828802620863645,3.84597500641528,1.53209435067793,1.23348321360658
4168,0.0835666546028596,3.59331963226493,1.34534292566909,0.802652791645502
4169,0.0856069656435559,4.19780554770123,1.72134817337373,1.01262429124154
4170,0.0827207044751766,7.01911533578568,2.17770900786123,1.3290516927652
4171,0.0832679887428189,3.86706720911167,1.36737852834459,1.10897487507197
4172,0.0838533866688563,4.30089836373578,1.5683205528748,1.11099261677537
4173,0.0831467273753595,5.3354168405016,1.34187948950153,0.9867552760086
4174,0.0834860987631253,7.80642714390835,1.80557356193581,1.0480285962323
4175,0.0816850549873013,7.96200667950913,1.79821204062805,1.16316095035023
4176,0.0834820618333807,6.00215894968523,1.89493094118098,1.24697258881965
4177,0.084682633834765,5.24941472912649,1.49744372269619,0.874924169703199
4178,0.0830988929381745,6.43320631623833,1.78180985521379,1.04348249673713
4179,0.0842580351996984,7.68511697553082,1.77286354096006,0.981671060069714
4180,0.0834745850820294,3.8664927818076,1.35523945836582,0.919110692760808
4181,0.082673995405862,17.048492339061,2.14571173265811,1.18837559768908
4182,0.0836698575140432,6.94572208889042,1.64926398221135,1.02614648341366
4183,0.0839023158931234,4.01655406967482,1.57027457897357,0.875588674100242
4184,0.0837562794064468,5.59427045875409,1.51537005350959,1.09058317127834
4185,0.082770684534745,4.33667160058079,1.51615590111662,1.05894912611871
4186,0.0832736068921992,7.41039094521996,1.81472535376812,0.987913927224623
4187,0.082270595428869,4.59263565929837,1.38673975594622,1.10707755018876
4188,0.0841377787317121,2.97513668923562,1.0943017832953,0.806376994685722
4189,0.0842767563851888,6.37994155712923,2.01995053411405,1.24187362130543
4190,0.0849088055125875,4.18504232907177,1.44115975559415,0.919310084275788
4191,0.08358006959506,3.83600958121656,1.22934743894807,0.992882957086233
4192,0.0845408598880426,11.0140086102112,1.73254985334163,1.13259996854286
4193,0.0827670776390095,6.2252434565077,1.71079376805475,1.06122414764754
4194,0.0838048275373438,9.60554197699602,2.20689756446624,1.30994598471558
4195,0.0845341201457152,7.20970689463893,2.24437200260641,1.1405044705418
4196,0.0832953284683355,6.30059373537938,2.67022972819488,1.26419266055294
4197,0.0854292787312726,5.62080838513657,1.52691037485784,0.970016612455291
4198,0.0847634114439038,3.9206426790142,1.30434524563976,1.13320721475152
4199,0.082521948625756,4.62482378235263,1.47901180030892,0.944152041434093
4200,0.0846956771317277,5.54415868472227,2.12331982251383,1.17529340997446
4201,0.0836967305456738,9.04422156543492,2.42292763005421,1.37844181095165
4202,0.0823046606652108,6.94856076025248,1.79295479429092,1.08826038248701
4203,0.0824417505535987,7.93609918426786,1.50703133023636,1.12983168090804
4204,0.0849063407351449,8.35876168524387,1.78496885932928,1.16989297200844
4205,0.0844314549237045,7.548245454007,1.57604952360635,1.12471200518302
4206,0.0858527366440567,4.01270514954915,1.34505068384737,0.954300173104988
4207,0.0837613296717424,4.29681187835769,1.48019956440028,0.899847571241293
4208,0.0845286383088735,3.77927699209545,1.6427105539795,1.10226193102513
4209,0.0828396690788631,3.05223925087324,1.3384626706247,1.01795906155541
4210,0.0845574924307564,5.23560430928994,1.41894359263493,1.08393495279416
4211,0.0844900360754998,3.54093065060431,1.31475692059129,0.881085669517152
4212,0.083077635151441,5.15412542919834,1.64306562115545,0.89547055049291
4213,0.0839350165315126,4.68055900758218,1.44236230003739,1.22081365373902
4214,0.0841005620122977,4.78916333546713,1.59214366730494,1.47645343146063
4215,0.0834324557346688,16.4840408934899,2.29285162166842,1.27821813870104
4216,0.0838263737902988,3.82947688696239,1.16519328955918,0.888014233764097
4217,0.0833573691853287,12.2428826035057,2.85648230750273,1.41972890163569
4218,0.0828627220017977,4.95125668846617,1.53435746144494,0.952996331579606
4219,0.083150850829699,3.10408232652784,1.46072205546048,1.18955175026212
4220,0.0827680065370193,5.77935238664234,1.8486135707979,1.19102322993567
4221,0.0845320493906752,8.85808331830732,2.15794210007567,1.07590634366422
4222,0.0831095919896449,4.82433347437833,1.31633015188316,0.944691154049146
4223,0.0837893542452959,9.35390644409152,1.53492272894711,1.10407253726066
4224,0.0850763089991438,5.12841925436335,1.86112290305144,1.13031167339501
4225,0.0823658839712344,10.3204933173586,1.95402089443394,1.02727537831394
4226,0.082846159079616,4.91644530859881,1.60010471401845,1.00955498114257
4227,0.0842080008488392,3.98363278052628,1.34309420478879,1.09434506759784
4228,0.0841272311199653,5.24656065462405,2.00693703062016,1.25951992993791
4229,0.0846848054062485,5.83432072066243,1.99546081610675,0.953995191193963
4230,0.0842434101262692,5.54453401538158,1.9182470272759,1.16934785978616
4231,0.0833472836290753,4.85195624733636,1.78182540230617,0.994674283800237
4232,0.0838373096234172,3.37841381303784,1.40620613536207,0.95881338716255
4233,0.0823118689543824,9.80494448984117,1.46350148979224,1.0078371817336
4234,0.0831940794330157,3.1969875291443,1.54388135596908,0.971749432769694
4235,0.0835613283612023,5.62221669989214,1.82616608790201,1.05355244498196
4236,0.0839839547879957,3.44948617030287,1.26840410306238,1.0077674843683
4237,0.082478717292188,7.42534109556179,1.67401097673261,0.994732764864611
4238,0.0825851972209646,3.70487388228541,1.40635213938781,0.852944602210664
4239,0.0848040170308663,6.88680586353219,1.40528060661768,1.03224366738938
4240,0.0831529213532607,5.18810761505529,1.13644847206622,1.0236935277113
4241,0.0832677510480596,7.22656564783016,1.6421946284177,1.16697491119278
4242,0.0845765157178807,3.35754278194378,1.55915562758107,1.13256658671961
4243,0.0840238720071584,3.75907721429758,1.32580897428629,1.02933156860398
4244,0.0825034587861882,4.43514782700978,1.48510436114736,0.915505818893456
4245,0.0814594961195326,6.66040963547953,1.94792199585273,1.12602093080947
4246,0.0827488141521095,6.40828536791722,1.70783233151811,1.14006313325901
4247,0.0836361552134752,3.02263843966859,1.64483692169545,1.33795193811482
4248,0.0841829307366047,3.14267938913841,1.19539829075509,1.00160460898775
4249,0.083287098566315,6.48972597167524,1.41997059781314,0.98427757863729
4250,0.0820087264995166,3.65335902082514,1.68690840293713,1.16643234741949
4251,0.0838594338995254,5.35281518440103,2.58098110851946,1.22816378932989
4252,0.0832424291737784,11.0717919262402,2.02751148735044,1.03036804446002
4253,0.0839485427623243,3.15260624759731,1.52826946934221,1.28520415071589
4254,0.0841097252694141,5.4049100909109,1.9552001381639,1.1216998788261
4255,0.0835415125681063,5.73236682772683,1.63844535163019,1.00346775035675
4256,0.0837945200957693,3.44533517111,1.6531646162005,1.0338294028332
4257,0.0846867155487322,3.48739256553536,1.48084576398301,0.889421597972605
4258,0.0824840713256078,2.81119153774234,1.35423229852305,1.04386706744778
4259,0.0827590645550717,3.79595471749931,1.58309482534637,1.19793757659407
4260,0.0838955591240741,6.61445516755956,1.71481925198519,1.10492478510001
4261,0.0849583831834174,3.22710327134988,1.8357711664894,1.07357154146808
4262,0.0835066028731268,11.5414047527498,1.97577961072926,1.35643696052852
4263,0.0827457078051703,4.78215925167026,1.73667155860875,1.11019244925526
4264,0.0825238593178817,5.99491230634689,2.02176793843194,1.15013986621474
4265,0.0827373861566153,6.31708083507229,2.05475912105822,1.48768664389523
4266,0.0840222226420523,5.32873016622268,1.35567476698384,0.92538444950475
4267,0.0842103191931774,4.19495781145595,1.62981126471293,0.934929605360164
4268,0.0840504829168333,5.8969848841807,1.56665209696867,1.04278088669142
4269,0.0844775583573127,3.11750332882383,1.52420237806755,1.02578939557961
4270,0.082055161574217,6.68467524875016,1.91716971115883,0.978038996526167
4271,0.0835417759643263,8.80483250093722,2.26662908565132,1.15749865341822
4272,0.084658461347707,4.1295427703871,1.23904418090227,1.00214966577011
4273,0.0833726622734576,4.03631107276651,1.72035383039555,0.981822083050606
4274,0.0837289171850864,11.0947424899393,2.17570383924021,1.14080276270233
4275,0.083836710921919,4.04596497952782,2.20768533751438,1.58252699991085
4276,0.0831150909328843,5.35114170694266,1.90332410284245,1.20928773333095
4277,0.0837436487698292,4.21542330806697,1.4459229553957,0.906778108478045
4278,0.0819800836058627,4.31416195497563,1.55944081088565,1.19334114653324
4279,0.0836143163824603,6.55872530873677,1.50156989677297,1.01055550919427
4280,0.082015706859793,3.14555836025063,1.70681654222569,1.05884335823174
4281,0.0836074930035546,8.57390474120679,2.74081583078163,1.30225571859147
4282,0.0825278416497614,9.81455372800898,1.9678579470544,1.37476263123234
4283,0.0833932500338798,4.21716615875656,2.15959635059715,1.21957490608475
4284,0.0817543682062556,4.47488432341838,1.56849766784153,1.01187677766922
4285,0.0836080723469237,4.31455049625268,1.63918584063507,1.10894513487359
4286,0.0842291634286997,4.47149479492645,1.91381817668249,1.07845781913544
4287,0.0847941634547063,3.77157239154868,1.69925601770617,1.04083538656988
4288,0.084641464358506,3.13476121244212,1.35739705370434,1.12013478689752
4289,0.0839490754054274,3.8508788497407,1.76712127669388,1.04516698778148
4290,0.0859584740127828,7.08475318422068,2.00678377869398,1.15449206108911
4291,0.0836958317670875,11.7327402470386,2.80580096876415,2.0242073638813
4292,0.085115351914352,2.76549111799769,1.37750569565296,0.95789252934201
4293,0.0826274975353975,4.07185953672653,1.45359029683499,0.973709455413233
4294,0.0836005529789124,3.56830276757116,1.92432039236945,1.22822183611197
4295,0.0843988326156917,11.6425840509628,2.05692696672206,1.03543357172186
4296,0.0837557323570272,3.82323861920913,1.44504159753086,0.921038628185715
4297,0.0839750793090496,7.97242352680649,2.05828577815436,1.2392293361425
4298,0.0822555483611193,2.72448023377505,1.53596795673382,1.14308715818854
4299,0.0844771004277533,4.80184683178531,1.7280560424885,1.07661873758078
4300,0.0822560120301628,11.3912967440262,2.01916060777273,1.00174520804593
4301,0.0832644076088329,6.71046665569299,1.74036061698014,1.06956335727222
4302,0.0836966554099168,9.41898405245678,1.91453342498578,1.11243961632707
4303,0.0846899127652694,2.88034750441449,1.85745672087905,1.42336228136866
4304,0.0843746485779914,4.18284105401578,1.86584279649564,0.867541489761601
4305,0.082808092273428,3.04529758129324,1.35136811270143,0.999599873723751
4306,0.085082548513335,3.80638858992789,1.43811339466368,1.02454563539322
4307,0.0838765432963652,6.78702249963009,1.88994834582751,1.24651736052587
4308,0.0833202650520551,3.42063166904391,1.63147008983701,1.22565889525331
4309,0.0846663361249966,4.53257171123491,1.92463036637688,1.34105169522629
4310,0.0855347199718711,3.59216142023965,1.35047429232083,1.11117178422633
4311,0.0834779819629376,8.888493454392,2.56002213946588,1.23839869233811
4312,0.0829808905625925,3.20761979601446,1.57541365600967,1.24039268989156
4313,0.0836077739237773,3.12758773500182,1.17293067446974,0.874822838740526
4314,0.0818324088429296,4.37612304891368,1.59505222500825,0.947799466138741
4315,0.0823041899060389,3.4927546864557,1.18434637792753,0.995401647284442
4316,0.0834937283600456,5.81907705021037,1.96886352187035,1.17166925179556
4317,0.084003579056831,4.15057641408778,1.47726672712461,0.870684373225755
4318,0.0853244833084649,4.60146881339475,1.61319218296929,1.25749003114795
4319,0.0843444089904716,7.4133216663518,1.77577889616159,1.69501005418727
4320,0.0821655851420425,4.93680907505425,2.13230395239119,0.994360819660896
4321,0.0841726321298486,5.45658027649957,1.94165386261029,1.216155242728
4322,0.0850521764121161,12.6512379004879,1.95424221632489,1.0233196518848
4323,0.081885919009178,3.52628116282617,1.35307668435001,0.891635810671185
4324,0.0831185762620004,2.81612496353112,1.53093995718838,0.980157738093199
4325,0.0842437376542846,5.328312532886,1.6399885269593,1.20071841161401
4326,0.0836734241407296,3.7410468638494,1.83609019547343,1.04256818257529
4327,0.0827050949412854,3.38187662768291,1.62489420305164,1.02584602888704
4328,0.0843812279285381,5.85181564620699,1.64645863696551,1.09431778521903
4329,0.0836088548822801,3.2196533078761,1.1981412065652,0.944752253937746
4330,0.0834139475567383,3.08453924354582,1.67531577067292,1.22903982092104
4331,0.0829753697215724,7.40085382218712,1.94336452211053,1.0250380439566
4332,0.083940249291145,4.68267811271096,1.9008529888537,1.37818964173171
4333,0.0830729005734988,6.96095516005426,1.51380365983444,1.05508809806351
4334,0.0836416973092967,6.06405080484532,2.09570672641036,1.16987077984516
4335,0.0837054725606137,3.369482049443,1.58679845606764,0.863170245169665
4336,0.0840618898769639,9.14351001606308,2.16848727808596,1.41460390831426
4337,0.0832824875891472,13.2421479139444,1.90253162535047,0.904591908221064
4338,0.0833427211766976,4.36979762750919,1.477036691667,0.990403730952519
4339,0.0834966093776336,16.9318731173553,2.15626950008771,1.04417726502195
4340,0.0828089747756796,3.35431966496303,1.71820699435051,0.906337987699246
4341,0.0838610758344937,4.26864231473725,1.71867414790769,1.10295010197678
4342,0.0850356274664247,5.62486419529412,1.79643843426544,0.913038882728151
4343,0.0821673079552856,5.8376831549814,1.77845880084644,1.14053579490407
4344,0.0842764514428331,3.8494746496375,1.80179311004272,1.09594366903548
4345,0.0834012377083364,5.37959070016745,2.16892768197876,1.17617220670144
4346,0.0814838309651705,5.41232514965879,1.96288322919034,1.26014499486734
4347,0.0843328529801234,13.8325325128949,1.72750328921115,1.08944487959507
4348,0.0833312032064829,5.83191799003824,1.68556769435669,1.1331894067329
4349,0.0836589511065017,3.70913176800719,1.68060774892492,1.28338970620657
4350,0.0831967918150379,4.80896109404302,1.55470172812124,0.984976137786028
4351,0.0838635650899898,6.15215566567258,2.148374549759,1.0928010611027
4352,0.0833376307002517,3.11088007738109,1.38598221701355,0.950623776528318
4353,0.084268732706517,6.41910188410474,1.61161858683568,1.04671778978487
4354,0.0847241239540702,4.97007462482159,1.2865773038068,0.933774814398438
4355,0.0820727836191399,3.09097048533545,1.24080867239418,1.01243435190727
4356,0.0832631873882758,3.79043195494157,1.4202034220778,1.03914983933229
4357,0.0845315157244976,5.2594243964781,1.71526571677621,0.960153645581725
4358,0.0834989708961023,8.41706097798468,1.5991208185462,1.0383836868572
4359,0.0830487314581942,14.6565499890725,1.85699188937735,0.994218578618464
4360,0.0832008975292656,4.33627832819765,1.55980643102911,1.35101687051735
4361,0.0823168550382334,3.52306851602718,1.97147931886412,1.23777597987029
4362,0.0851039162561643,13.588825103819,2.87889936999709,1.36387833755217
4363,0.0836280274800062,4.46109733537916,1.5255262900179,1.01759600053807
4364,0.0840501745482328,3.47069900759943,1.49275671889654,1.16774732371614
4365,0.0817922883465355,6.54397855453956,1.6959515698811,1.24431250533969
4366,0.0834080050614761,3.95690926622012,1.62251195481183,0.92001836117998
4367,0.0841061645155743,7.7460042337289,1.83171462542062,1.1005844048329
4368,0.0835881545129987,7.16394231342609,1.62916378551677,1.10172915320858
4369,0.0838680559670457,2.98175051786403,1.66094129587659,1.1327198357478
4370,0.0837552920116494,13.4823534517501,2.29415505390451,1.38052347535642
4371,0.0847477364740016,7.04006042799988,1.78583784926322,1.06628497156201
4372,0.0848824753315128,4.09216958321888,2.53541592142692,1.13373524989017
4373,0.0840523112806381,4.76688474070023,1.99715925235624,1.24464270448169
4374,0.0826520066623426,9.26169013167852,2.01158752595926,1.16149802570958
4375,0.084347200231931,4.20103258872253,1.77687838875685,0.991731306934238
4376,0.0821276277313843,4.06895183242907,1.40092414255422,0.983550426932101
4377,0.0827198800502045,9.05206411325596,1.82196408563681,1.39130379594146
4378,0.083845127747523,9.23966015151202,2.45662298732308,1.38544970302758
4379,0.0829530398332559,6.28446333115061,1.54167054717825,1.0510373157779
4380,0.0860748716098517,4.1417397696723,1.64501574769061,0.893104384410286
4381,0.0846690071658688,5.78303839945039,1.35878638377574,0.8828137985371
4382,0.0837734338809813,9.11840249691125,1.68017096414179,1.21592585783428
4383,0.0843801383679976,3.77321028109135,1.77884714545,1.11648272965922
4384,0.0828361584075834,4.4872271893537,1.4034767994191,1.06545782852587
4385,0.0835509172995893,3.21513243609881,1.49806677443295,0.950374610100915
4386,0.0839413128356925,3.38726014083876,1.32383258219928,1.3080430049233
4387,0.0822297920286909,4.69988020629122,1.38350793393801,1.00932796438534
4388,0.0850351935582959,6.39155736729074,1.81254730303201,1.00384448382892
4389,0.0849144305225523,4.35239663799938,1.45615330869484,0.900756699733806
4390,0.0835556844965853,3.08102921920654,1.75328030740225,1.08079142632867
4391,0.0853531302812959,4.38514850988002,1.32897958702883,0.967007306187827
4392,0.0826199282294593,2.91256231515737,1.23598837926157,0.9933857786108
4393,0.0827125926133171,3.689891129436,1.42471257040866,1.23582255739368
4394,0.0840586403114483,8.86006799033989,1.77861046903626,1.31988518423504
4395,0.0818053667022116,14.2624629164663,1.91477300176037,1.398590731664
4396,0.0842563710785345,4.06105337586812,1.32978005656412,0.866031542604852
4397,0.0836057569354556,5.09698065364823,1.7420125438971,1.32062912554326
4398,0.0832457681938054,16.2619456887639,2.41425605266277,1.34759013354348
4399,0.0837820109522059,3.36506461837621,1.45809669705098,0.879155071437812
4400,0.0837748938263145,6.75185254650272,1.80899078498813,1.21827958973854
4401,0.083796515578073,4.0373160514853,1.70165018471464,0.986965296877823
4402,0.0837404201376872,7.46090150127605,2.10905794253491,1.02174482168334
4403,0.0842369470973287,7.41008281563583,2.19735948018197,1.18151505236874
4404,0.0828927930903033,3.15968725458398,1.79043799820345,1.10536847873865
4405,0.0835441237907238,5.6953124454363,1.59374869588412,0.956558525568308
4406,0.0855418170981344,5.37423859981726,1.96277609247721,1.23997254053996
4407,0.0837288302675024,3.89197612756698,1.96941553102396,1.11827532008567
4408,0.0833813704034981,10.1207046978052,2.01647981170876,1.03602685634808
4409,0.0827415386410338,3.81474924911443,1.66849409994965,1.02210275621794
4410,0.0824291159292816,4.69519834082426,1.41527273116394,1.06490244958444
4411,0.0828572462975704,2.92708862094253,1.36118708320018,0.897377692836583
4412,0.0834468290944992,9.31431179860903,1.59349657677407,0.968575863937752
4413,0.0846051552079317,4.61273375458437,1.41435889518568,1.08209606157935
4414,0.0829325995523283,10.76182860103,1.84055527253492,1.07663905109127
4415,0.0829833945112975,4.81784574470387,1.51848965585125,0.979890366362324
4416,0.0850859275764086,3.93157716331554,1.33318036249348,0.967844743294613
4417,0.0843220915977929,5.76512373905984,1.50553068587228,1.07113179871378
4418,0.0835923040539525,7.36767598490109,1.72506655569702,1.12145666983388
4419,0.0838508086292087,8.51181291253923,1.97281800397506,1.39033437026583
4420,0.0836085922093932,3.95960261531826,2.00372053597446,1.06300789919036
4421,0.0832318303581163,5.07795811330966,1.86524205714771,1.04763120380453
4422,0.0843110383047177,6.51861033127855,1.68135645855018,0.921117029673921
4423,0.0835978133355853,3.41603577875263,1.7842665130421,1.12152919270056
4424,0.0839987374571227,5.70334792614582,1.78688229675277,1.37210542384769
4425,0.082548396843506,11.7685728122587,2.91914898612512,1.7932917968466
4426,0.0828074187429479,7.47035935062146,2.26519008176245,1.16594758211032
4427,0.0837523371704137,3.1156644972778,1.79725112171636,0.8964704426288
4428,0.0830545443773677,3.97271303336727,1.64000438176935,1.31378652730426
4429,0.0842669877186202,8.35362720712074,1.69019848384432,1.33092495769035
4430,0.0810969289528023,3.0721275317724,1.48946685582747,0.926443490553641
4431,0.0845326848295101,5.98962487622133,1.73647605552066,0.916622518407407
4432,0.0821629664953054,7.74795331307911,2.41485531408433,1.49226567736364
4433,0.0847099306002832,3.715415851951,1.62553387859283,0.892924837027112
4434,0.0840845573755347,4.05261924511764,1.42086526461112,1.16068849629676
4435,0.08364721465182,4.4253410044877,2.36443575466561,1.06168881202656
4436,0.0824846558581947,5.26953378741828,1.57487070403882,1.32968836308782
4437,0.0845133225970401,6.86800994540289,1.94933482936544,1.16562487377927
4438,0.0837645353258068,6.15276504085083,1.76139662661263,1.12783190761621
4439,0.0837171904933087,4.86963393044632,2.09881384167842,1.27181326486113
4440,0.0827068137766205,3.25893117598997,1.51372269938017,1.21004467433681
4441,0.0834101262133066,3.49222150745097,1.30079843815317,0.881862756495528
4442,0.0828583676535058,3.77905908130937,1.26713153874771,1.035824307494
4443,0.0841372231261169,4.98250175537111,1.54197680701444,1.02303913656947
4444,0.0832834754568564,5.66772958569074,1.53521640109277,0.964941085502296
4445,0.0846312017469766,3.32314522196752,1.51777187685703,0.995724335349002
4446,0.0837767871312216,7.8259915119357,2.16363898586739,1.25450203961534
4447,0.0850794493320968,10.5717059977224,2.02053612911503,1.33206914733873
4448,0.0827016123341071,4.83345268365312,1.75332737961945,1.10008845022872
4449,0.0844539575114723,4.08189532369369,1.48666606952731,1.21839081751408
4450,0.0832258102494182,13.9854648061362,2.39888670637183,1.27869962791345
4451,0.0837246024921116,5.678066712836,1.83471779438044,1.08349701491271
4452,0.0831861432442291,5.8833621414378,1.90343817547813,1.31366671500194
4453,0.083093656245688,4.05166411183558,1.3934840824986,1.06850141990507
4454,0.0829199576308002,3.69508577472002,1.19310100179631,0.894157788130233
4455,0.0841690696185891,4.12749943213922,1.44935035426673,1.19086926981996
4456,0.0826767628090086,3.32923626280993,1.66932050115371,0.902497510013883
4457,0.0830155984986864,5.08828882573339,1.60193153136655,0.880737577790296
4458,0.0842170571569353,4.83979061871848,1.50253346439562,1.02722599857745
4459,0.0840697309065046,4.36167158552643,1.85479852839849,1.429140731322
4460,0.0831898043973416,6.62968838526474,2.12325088372494,1.2150731383745
4461,0.0840112335799233,4.16711847703715,1.29455372708566,0.957951272800582
4462,0.0846882506791146,8.60145134251604,2.66998024445923,1.33402806945113
4463,0.0838921671940399,5.53790512331358,1.5281293920861,1.04113037956592
4464,0.0848422237064378,11.1739525390015,1.81985648590587,1.02766843720061
4465,0.0820526869942989,4.12160631524591,1.5640937103308,1.06436321666901
4466,0.0831057996468608,5.18053575208522,1.66645166306772,1.09630237408378
4467,0.0855815653196197,4.33771999489484,1.78022937262532,1.31970359055569
4468,0.0835252632774652,6.6825415789741,1.93514741770711,1.23988778542254
4469,0.0823256856194822,4.5003775237872,2.02532552407067,1.28088979943789
4470,0.0838162145490441,6.1367617761256,2.24078380423723,1.16300388395382
4471,0.0836585930939226,4.93869398400003,1.42737558431399,1.05214596272665
4472,0.0813962720608245,6.94702868519393,2.10090528371844,1.26254996452456
4473,0.0829585608953947,12.7689913294619,2.6997612849872,1.44784328246127
4474,0.0840766021384397,6.54978397767793,2.12574753440385,1.0285473323227
4475,0.0841658246299588,4.15288191637697,1.37968104804768,1.12486080604541
4476,0.0836535092188605,4.34751378958215,1.8321775695647,1.34870796644161
4477,0.0822139779958339,9.45179072398829,2.02574413350078,1.29404527661785
4478,0.0834448239180762,6.06251017701516,1.59804384390786,1.13184431457402
4479,0.0830520133280557,4.9053441140247,1.77681030045682,1.05250900937272
4480,0.084256955526355,3.3387300770831,1.33507361114334,0.804236825753169
4481,0.083299492540099,11.0530404996512,2.04839889066182,1.3134142681606
4482,0.0843114113526039,6.59402941728921,2.09204795789771,1.21483111752585
4483,0.0838141264227802,4.21329476687355,1.27686983887782,1.03374195305203
4484,0.0832419818876483,8.63846302151177,1.72297581869942,1.1590488052253
4485,0.081891353159605,4.60626456483275,1.76759132373013,1.01795554929395
4486,0.0835864109020266,11.1688319198248,2.54438670802968,1.21800721586298
4487,0.0822524526821075,4.83493112170204,1.4941568397697,1.0380843544219
4488,0.0826406519050323,7.86039216522412,2.0453176515921,1.07460465289763
4489,0.082982682268148,14.7569319451656,2.10500793789002,1.15455808521969
4490,0.0845015713411273,4.60031844814854,1.60012974932475,1.07614946212488
4491,0.0846513057974718,9.04986080511508,1.98843522900484,1.14474367062143
4492,0.0828779287963462,6.09809258655362,1.9940878043182,1.2255204109732
4493,0.084503435280892,12.8722051131508,2.49941820363536,0.994453876534921
4494,0.084509265434972,8.8165578238123,1.68320295744698,0.97829162294298
4495,0.085040070912889,8.42874639923007,2.09838522637893,1.32629210531229
4496,0.0824008886673023,5.75160611790084,1.87443093128164,1.01020644810208
4497,0.083741814269078,3.05581495600593,1.33242881817257,1.13170211746001
4498,0.0822457195726159,4.09996531008964,1.9620521465642,1.3653834947818
4499,0.0846104159154507,16.5650658716723,2.61190658435251,1.23629036296238
4500,0.0828742715617121,2.88080925632365,1.79234470907198,0.967938030981256
4501,0.0832273312237268,8.25385384396468,1.89858199058945,1.27396316259433
4502,0.0842688606121681,5.20938216842801,1.24356765450965,0.756243518322473
4503,0.0841168543383346,4.47177674701214,1.59331787689591,1.06472800965455
4504,0.0838805981347429,8.3257512649518,2.96238189994772,1.30060398444689
4505,0.0849388760470359,4.45774525282805,1.39527888601563,0.969640983523423
4506,0.0840530736775856,5.28384581698454,1.73024081975844,1.06302595135923
4507,0.0823122584485463,3.4943870198698,1.41165943884535,0.863359742980786
4508,0.0830502451070485,3.44123147259401,1.69405916477493,1.02889715142174
4509,0.0850869296400204,6.39903446741829,1.57075139158396,1.06201776133726
4510,0.0849239351930266,4.79019598079082,1.54963692586907,1.21218894061866
4511,0.0833296258707225,3.54644031441088,1.49094003132491,0.99781252571061
4512,0.0844972271395368,5.14913223965035,1.37887645606761,1.11009250496819
4513,0.0828384106199635,5.40667302295624,1.60999558884036,1.05603168360252
4514,0.0823994075252675,3.49352562205701,1.61489448122759,1.09616489468511
4515,0.0832881785994049,6.48210639359279,1.64259009928889,1.04298697895274
4516,0.0841248065439438,2.95401253198929,1.45410597756643,1.16239538215983
4517,0.0829677061006136,13.2221373341033,2.25111482017716,1.31818731316256
4518,0.0837643542283089,4.07558926577391,1.79750902032577,0.918065750844777
4519,0.083028456447391,4.21157465438242,1.62833247243763,1.14883414056375
4520,0.0836223386322893,12.7216416030646,1.93579040116175,1.18265032309076
4521,0.0828118469986177,4.22251517592365,1.62795167535011,0.823162660361737
4522,0.0846001705687793,14.5310908157126,2.22227511819425,1.35435712405048
4523,0.0842107388820033,5.75019316928368,1.43176218177729,0.846953003712027
4524,0.0833497606431793,9.08100040105125,2.27275631048723,1.07212183543351
4525,0.0833460524343422,3.96201742175062,1.83927024582267,1.02921264965917
4526,0.0833454744466554,3.73761727563369,1.34268753910128,1.07203116469392
4527,0.0850537217430879,6.71728044220232,2.228945500338,1.23538438596934
4528,0.0840103881121168,3.9427612589296,1.68590444229016,1.22929308002927
4529,0.084592139368947,11.6381327408185,1.71263380872681,1.21121825333505
4530,0.0833485690219057,4.31094122361302,1.73027891901254,1.09877477241244
4531,0.0846715634536754,6.06154064700196,1.89141856131133,1.12025582916376
4532,0.0843600784479778,10.2301481879052,2.08271454246923,1.29040788440032
4533,0.0820950666116159,3.79002705390938,1.49956782310547,1.08017110817159
4534,0.0851686578874078,3.36188435534279,1.13614530725034,0.826586297668404
4535,0.0848047422849272,5.26226136078486,1.38365561228461,1.07195971468296
4536,0.084703018204319,2.68700670679813,1.50075112439988,0.928405469369611
4537,0.0827740027029828,3.79283996923504,1.06463814667687,0.890763836087905
4538,0.0831582475077313,4.37995767184195,1.4649854626989,1.04098629269039
4539,0.0814919821300849,9.88803365657559,2.09739651057197,1.09884462424014
4540,0.0830590647897023,9.6394538948942,1.78934613856051,0.96816215558487
4541,0.0825682728081433,2.82110116876517,1.28232640294708,0.906160746569606
4542,0.0852357321883756,7.04356333271025,1.89548731692338,1.1480403612502
4543,0.0854949275508102,19.048809363781,1.90025973947255,1.10752684173396
4544,0.08311839804801,3.0124899365717,1.22559591802818,0.864719406184138
4545,0.0818260816744794,3.38060115772244,1.62356694965971,1.00913071969669
4546,0.0841391652549097,6.57748710810275,1.62294951204658,1.0258304477007
4547,0.0839816954392291,3.5736032932619,1.8960196866918,1.13837847517387
4548,0.0847248691812929,13.2152351284108,2.3551416361811,1.21363699734329
4549,0.0827609706670528,3.36939625102931,1.53622329549094,1.18626577979108
4550,0.0832590019213246,3.77354523096085,1.79675920239012,1.16431610780343
4551,0.0830182178607103,3.74870404872189,1.56477522563622,0.996172436023367
4552,0.0831056336188002,5.17359313002296,1.96767240746274,1.04896063782787
4553,0.083976416566318,9.13214835436555,1.97755846978226,1.15154434836156
4554,0.0833136002863228,15.1266107358509,2.36787037860358,1.81781761157099
4555,0.0838231040438716,10.7634869994367,2.14555983933538,1.34181247458957
4556,0.0834502090903067,7.89746636376401,1.59793618491287,1.12682121359479
4557,0.0830787032113595,3.87874037901685,1.39372322647223,1.06849281231784
4558,0.0836250275735436,7.43984176910571,1.71147939468939,1.16857292722518
4559,0.0826285917054971,5.0987899450879,1.80745476093572,1.21437036321412
4560,0.0841642948835182,3.68768372722867,1.61183453361934,1.11153518650892
4561,0.0850273480049144,3.55147258861361,1.29544144246515,0.868588657904371
4562,0.0853479230866682,3.76058751954314,1.71235679079714,1.16356038953172
4563,0.0834624876612775,4.85161340282764,2.10235758417091,1.26307842358092
4564,0.0827005960546795,5.05414015914035,1.84617188378837,1.18088744980089
4565,0.082475354102185,4.41513812631396,1.37526263392631,1.0841910927679
4566,0.0842239572354926,7.37257993722805,1.92146610807767,1.33727959196176
4567,0.083503763034334,4.31583132507038,1.97643587214717,1.25821058806847
4568,0.0849449246607153,4.06384749990641,1.4366712049295,0.855547426491764
4569,0.0851959482093418,9.65456837589451,2.10610090679984,1.121263680595
4570,0.0855673405537661,9.91914032746111,1.4510273937359,1.10998641845031
4571,0.0832800743115148,4.66869085836815,1.78411729045127,0.994566733525732
4572,0.0847087205778782,5.34592341218944,1.63189523352396,1.08953317795524
4573,0.0826728022163716,5.70452460711477,1.96663281744773,1.10174573024059
4574,0.0841187468293421,11.0246010463934,1.56116423428553,1.05685434414909
4575,0.0838251043791158,2.9226085514174,1.51711919657677,0.974772897707997
4576,0.0831173441736583,5.23348542691973,1.44625663802212,1.00334328280548
4577,0.0838113254797299,5.75996976945402,1.58368771336988,1.06180369946796
4578,0.083839353060921,5.58685906723428,2.9182334983843,1.44318118560496
4579,0.0831592615002427,7.14030552121082,2.04663177299948,1.26264395682935
4580,0.081917069243271,8.10688519113775,1.95612785098222,1.19846523148249
4581,0.0840819527178082,5.24933427603347,2.3197718214118,1.43655341174312
4582,0.0835020615860919,4.47905735404982,1.40959456120221,1.1384549179277
4583,0.0837031664349141,8.299659669551,1.88252003018721,1.02967393557282
4584,0.084930259283689,5.13016400615959,1.69186861599092,1.07810119632889
4585,0.0833015312916265,7.19245825568417,1.41439560810452,1.0464648230101
4586,0.0845113222677135,3.99062399849384,1.53279159582231,1.06943948946849
4587,0.0855416668136092,4.08807549219809,1.56007930716353,1.08434074313545
4588,0.0835034712504403,12.9722296877751,2.61052916852053,1.05673588607232
4589,0.0848275372479741,2.93489496066448,1.3231780085042,0.868282806210903
4590,0.0840866213096879,5.29864640958036,1.54550701202512,0.969317817759673
4591,0.0842936754626899,3.50591445412151,1.30171139247678,0.899061447265493
4592,0.0829074739608278,6.13754979371216,1.63928305802687,1.2520113369204
4593,0.0831838479577138,7.26154366678648,2.22077415423546,1.28922028228166
4594,0.0844805274196471,2.92980257575349,1.32004856173774,1.04378872110025
4595,0.0836133928905699,7.74657760293668,1.55849669871632,0.95879274836702
4596,0.083088665962599,3.63941187199245,1.42406213015703,0.900977495388749
4597,0.0844657249153037,3.67138658118002,1.45457832927412,0.842979989134623
4598,0.0829790763082748,3.31282339942761,1.76089392428496,1.10291686250606
4599,0.0850021012127881,7.68523053895967,2.13696430443845,1.25396455298659
4600,0.0836592822121912,7.06781214914706,1.62417192392234,1.06492083149088
4601,0.0825870656915218,3.11427397017619,1.19362460185973,0.973669444757306
4602,0.0831337957937195,7.50850492566136,1.5628633830657,1.08697482126032
4603,0.0839979482132291,3.6854654149374,2.13765796787052,1.2382349408984
4604,0.0818758163890895,8.53862229580855,2.08078255623149,1.06800667949401
4605,0.0841981425314401,10.2714864833519,2.48466517719297,1.48762492876434
4606,0.0832716886885132,3.88945720130659,1.34202252984633,0.959059738934509
4607,0.0836247572125444,6.77405857733564,2.37705886772212,1.12919793830195
4608,0.0833062817849913,4.49552454446619,1.75128849330348,1.22987536856031
4609,0.0843657292988914,7.63230833663326,1.91424264038361,1.21400504226434
4610,0.081787707021628,4.72314663101297,1.64307633870147,1.03911554263396
4611,0.0857973538860705,4.50398840479278,2.00930502757172,1.05545396197645
4612,0.0843967270988282,8.65532301003139,1.62779424483214,1.07060601389144
4613,0.0827563833346257,5.9082724921976,1.7182830725631,1.03982714362652
4614,0.0834884664175425,4.83719885190102,1.46950555175311,0.936300746945946
4615,0.0836130609037723,17.9507317434454,3.52360064785527,1.30136668097209
4616,0.0835337856385234,9.72554980229414,2.42614837603702,1.25630523333512
4617,0.082980417579407,8.87134222587838,2.8872663179777,1.26948473328573
4618,0.0850574207855845,6.2710431404098,1.94151630518575,1.02109749005478
4619,0.0818223275934797,7.07854736164038,1.65375256846323,1.32396556771758
4620,0.0830769481886185,6.85404412535906,1.6535841666069,1.21036806844333
4621,0.0835681680461169,8.84041623897084,1.88879984398489,1.08824847579825
4622,0.0845661542098747,5.3569865794252,1.36157037885319,1.14337535690143
4623,0.083041994711769,5.77945489278355,2.42857268292886,1.19531172270956
4624,0.0839107504556303,3.65585103373762,1.46143437341212,1.16666713140647
4625,0.0831420400501612,12.5790606735755,2.48843987099281,1.44238741824251
4626,0.0823919391305742,10.2764434460143,1.69251976176331,1.0442853129899
4627,0.0822462767519521,2.87447711334944,1.19147341374321,0.861283869617996
4628,0.0833115507172604,4.63302492078862,1.51672674736965,1.02990120198059
4629,0.0842957684429623,4.03620263420419,1.4581309163037,1.10898257032083
4630,0.0840065749214721,2.96759959328641,1.52525186515515,1.05054328931524
4631,0.0847970177228963,3.92782308994866,1.56621379391407,1.02050822480978
4632,0.0826266862863679,14.8375932931417,2.46795724270575,1.3186783399533
4633,0.0833640260038935,4.11097644070084,1.95803590143809,1.21467309149006
4634,0.0827525909471516,5.48402841095349,1.59737146221791,1.23803528279946
4635,0.0836903823486298,3.69384711273801,1.54276707320637,1.43704913680318
4636,0.0847445894516139,3.25838131660382,1.4635263027544,1.1391984957865
4637,0.0840744360972431,9.01465555879472,2.03836177499303,1.66880304289622
4638,0.0835996861001606,3.35784939666628,1.22178430583219,1.01155583180663
4639,0.0819239004876557,3.86646412466428,1.52248336177219,0.969988044595595
4640,0.0835174488033174,5.39762185195287,1.72884615024053,1.12562077484654
4641,0.0837623297498011,4.14666225356623,1.24553234496181,1.09467615660916
4642,0.0817327350071912,4.84361019822011,1.77778722639215,1.21954394972953
4643,0.0844524658245797,3.70628945133798,1.27068220306515,0.927823588843971
4644,0.0843038576464524,21.9475298313491,2.10053617242644,1.52032057396495
4645,0.0847089867138482,6.43619071303444,2.19617852647449,1.40375741929747
4646,0.083405317764205,2.98761742093791,1.66773079929912,1.00260395756419
4647,0.0825947667291686,4.82682893842865,1.77685755220326,1.11032718291535
4648,0.082625138430232,7.47410957801246,1.9131294559716,1.20174748217686
4649,0.0827272523961784,3.63036706342873,2.33151580406566,1.12828700006267
4650,0.0834847469854262,11.7251311732725,2.27053805561676,1.05290561625124
4651,0.0839761007919077,5.86650603091439,1.80315576301859,0.965634272238688
4652,0.0833252226773828,5.32033629627397,1.79861633816233,1.01921113428198
4653,0.0843582950278207,13.0423891786595,2.00349351794318,1.01493538026496
4654,0.0851107497139871,3.60870793559438,1.55540927942533,1.06736673249233
4655,0.0829319803688627,6.99235389845523,1.65679253859015,1.00282179468279
4656,0.0832378203651329,5.19366250348047,1.69317509838076,1.14878380185044
4657,0.0843650726356956,4.34219605170564,1.61561795076847,0.92744898046346
4658,0.0839342109818376,2.94554610350706,1.66193821449619,1.0374623326261
4659,0.0829508091816953,5.69538971731357,2.23026791088792,0.980063760387552
4660,0.0828231310393631,3.26934876346082,1.46369183843912,1.33179439811094
4661,0.0837913173616437,10.1693979893224,1.65274201674886,1.04965402152328
4662,0.0825160915992864,4.60347450191978,1.25462047346235,0.963680058693737
4663,0.0845592743351606,8.05851732824896,3.13209866068155,1.24738450418603
4664,0.0840718072313102,14.4897011034237,2.75091333710876,1.19861906997474
4665,0.0838673814165286,5.07515846958898,1.53238774798807,1.01580742683555
4666,0.0826753782830355,4.2715651833758,1.80824096237073,1.16025864103992
4667,0.0842019838921277,8.27028290054617,1.68657675116129,1.08909396227917
4668,0.0837197182840957,3.22054482470866,1.50299233378917,0.979574261138781
4669,0.081973304492814,3.3115066437829,1.3929392958626,1.32941807449558
4670,0.0824076952432901,3.58295186207797,1.92550137926611,1.22018756208509
4671,0.0829453430014581,9.00946102594548,2.17175818060799,1.22469918790269
4672,0.0851442522715652,11.5011658834062,2.38539232647009,1.47745407732934
4673,0.0842131310565385,11.2874499389315,2.88787320409541,1.56050661737264
4674,0.0838823297069358,3.28540814171704,1.61661848410363,0.90730822475969
4675,0.0841525128724512,7.96701502732935,1.90574410329999,1.22745473079364
4676,0.0831494824675567,7.07171958842618,1.45750923447251,1.07372261620381
4677,0.0833674150132091,5.46270564712881,2.12112115932935,1.398915249643
4678,0.0821059700259295,3.18143921995318,1.43949936501725,1.06746419665879
4679,0.0840958762860852,4.01136061481114,1.33622638046228,0.880264669103599
4680,0.0843121987926346,3.40242466538223,1.41883588963125,1.02144991593503
4681,0.0845653538005391,5.15404535593291,1.60888884581565,1.2502857080359
4682,0.0838067867856175,3.93731746192831,1.36382105143051,0.952506491303472
4683,0.0839736204980273,3.86504009271655,1.61464366373155,0.997106584842974
4684,0.0863913018536955,6.90207507045124,1.66899524075387,1.22755539312043
4685,0.0838488581196866,6.41414582006642,1.46321217855362,1.10797862208828
4686,0.0832089459690379,4.88317846056864,1.56378261746648,1.04044465217725
4687,0.084004987786151,5.7632695117337,1.53699511033219,0.842305498918163
4688,0.0835794308461914,4.29746324759743,1.35856023163223,1.01121657913008
4689,0.0843579113245516,6.33453967256795,1.55431699649525,0.958762152761178
4690,0.0834723918957501,3.33452071312959,1.72925397855772,1.32220782142117
4691,0.0826936985070125,4.67083528403288,1.34302423676356,0.922195117978715
4692,0.084696826372421,6.35353568640083,2.02467098559796,1.3113741746348
4693,0.0845577005287972,5.87509606295676,1.89764708390228,1.05824771611038
4694,0.082572618773116,5.76275673773437,2.05406279073142,1.11742812680429
4695,0.0832405365011519,5.99765125702296,1.56816029628472,1.00051889294695
4696,0.0846636825596816,3.97514097764434,1.92230231349685,1.05045089473535
4697,0.0821686327931116,6.80083197030439,1.69198784191136,1.17043603844756
4698,0.0847066751370929,6.47054198977808,1.77142344173215,0.980225645316002
4699,0.0836042097511794,3.82142315552094,1.5459244707231,0.933316062169517
4700,0.0842767808937053,6.99288343684119,2.22308016841639,1.47745416534866
4701,0.0843222054137277,4.85399429863676,1.91456767731588,1.17709814775426
4702,0.08417869374675,6.3833950654515,1.8411286414229,1.30753604230935
4703,0.0836185635017733,4.82478531623433,1.6630742970153,1.06417776257693
4704,0.0836114697938652,4.87476351010949,1.2711388899091,1.16587120977859
4705,0.0839686029336616,4.85116437880448,1.63802191965036,1.05069647136127
4706,0.0836586476621753,8.94001645949371,2.05407626185862,1.59748289137895
4707,0.0821904695306397,4.78733908169202,1.58255047376619,1.10449442217822
4708,0.0838793857001464,9.38623235978178,2.02100731393631,1.35943349501239
4709,0.0832139777025321,3.36178653594136,1.65141871109608,0.908136913012833
4710,0.083448443256821,9.09282106139598,1.84315224617267,1.14475875309425
4711,0.0842904007303214,6.26983854966327,1.85421681372451,1.3661777537322
4712,0.0818786885643624,3.06086455266776,1.27953602711077,0.799494630060415
4713,0.0848226382103895,5.64820550013362,1.48382377088533,1.07176734861128
4714,0.0849008238873235,4.58077844461818,1.40239613311746,0.928783915908847
4715,0.0854064318259115,5.43471945477427,1.35356244369073,1.07981507743241
4716,0.0828693855760327,8.86656810323729,2.06118186486227,1.08320471841744
4717,0.083772316877077,4.77192748663014,1.52458221304505,0.98898234955117
4718,0.0853239142073928,3.03910097957565,1.127388846223,0.951638921560675
4719,0.0813538183246124,3.46106364828865,1.5384199811047,1.10505132659596
4720,0.0838789746297353,4.46327516480022,1.59611327501708,1.05867356391809
4721,0.0845244843208086,3.59449656197789,1.55417818762868,1.0706181463447
4722,0.0848787647565177,10.6943360579344,1.87013274522371,1.31900781956596
4723,0.0849213011007229,9.39311014015498,2.24349185738819,1.37586555464647
4724,0.0832397675744155,5.49094278645811,1.93178330268979,1.09228212043202
4725,0.0830318383043193,4.37996117588045,2.04245102966005,1.07470544964205
4726,0.0827863608177533,4.47175256706356,1.73748603019538,1.04541191980748
4727,0.0838483296426707,4.88072510145631,1.56109246304675,1.0855176495066
4728,0.0841932775371029,3.28801746606364,1.4558394191644,1.00723924974598
4729,0.0840212597804866,4.68197636345784,1.83752949695326,0.931102701925632
4730,0.0827617629333165,6.25289361850696,1.33909287500099,0.970918066717462
4731,0.083225568010895,11.741245012575,1.90191511988742,1.25858284953837
4732,0.0828393766112049,4.50360331837466,1.75322534588741,1.29763636901683
4733,0.0836134088545584,3.13026094811408,1.56614455779983,1.02685781234055
4734,0.0836355896005923,3.1557019163427,1.22641983170379,0.974510817779763
4735,0.0839322183895604,4.47180599283019,1.69078759438237,1.23872402842099
4736,0.0839314061432739,8.97053946016095,2.08383356207718,1.21606486225691
4737,0.0829002301542531,7.09155062867399,2.5478761729159,1.1170017710343
4738,0.0843756480258074,6.84854176556069,1.41998750751734,1.03093587280263
4739,0.0826575811699527,6.98197518336944,1.77113409408837,1.16049107011742
4740,0.086039944493373,6.41485239376192,2.58929099440685,1.27287488562465
4741,0.0810289958743179,5.7221337903723,2.07871310965115,1.5134674772229
4742,0.0830581868816239,8.61427413748832,1.78297405161362,1.11836743033132
4743,0.0834486683507883,5.22056463612656,1.73397863778574,0.947586449472657
4744,0.0833511135232955,3.76564970422646,1.38505877194823,1.05177624364926
4745,0.0854325201423321,5.27471623553,1.6961341230635,1.07043645872922
4746,0.0827242271124457,12.1525127773092,2.40593675346873,1.11418752729978
4747,0.0829617914296681,5.48868975606053,1.652052545051,1.19731670175399
4748,0.0829861128665398,4.89539111127645,1.71318965180635,1.09843164794249
4749,0.083933565677569,5.8904367882509,1.82143347944422,1.01601948424625
4750,0.0824468281426045,5.19031107136363,2.04238016672149,1.19842182083676
4751,0.0837575915930229,4.26367198843866,1.68947273008202,1.06966712170533
4752,0.0842591769643194,6.46786968613315,2.39640769544927,1.49071991520754
4753,0.0840549096380315,4.86800813798814,1.52020699914906,1.06616680782629
4754,0.0840560131736708,5.29997209825965,1.3834873799103,1.1005931452905
4755,0.083756142221149,5.34754816615008,1.84558681133551,1.21395766564757
4756,0.0848765216592076,3.18143318523759,1.50690498000254,1.12207518909314
4757,0.0838786345179307,3.82769066674318,1.33242055597958,0.883650570573203
4758,0.0838538641635548,3.44003629110294,1.78960328570919,1.14163768012771
4759,0.0821736229139903,6.40761786460514,1.77817394306603,1.04538453365748
4760,0.0844123901196665,3.91535290304134,1.36605653493606,0.961965662994469
4761,0.0845200586026011,3.26771728876139,1.32787295134831,1.11611936584684
4762,0.0841051409333974,3.42383730945123,1.60882757288379,1.17271379070774
4763,0.0838568433573409,3.80772422698662,1.53446204036425,1.15076835686417
4764,0.0827139110004253,4.64222066185316,1.34312214503952,0.856265712512201
4765,0.08268663748362,3.08609217023403,1.33930099769381,1.0455825055761
4766,0.084201955425752,9.16101733152117,1.84502521364689,1.11444452304424
4767,0.0822711918955951,5.41182024917041,1.44802140799587,1.03395833223464
4768,0.0835388461136143,4.77848577702748,1.44438072332405,1.12440839120843
4769,0.0826679131347019,4.36467060856767,1.36049074795195,1.21017575428103
4770,0.0838456266173425,5.27854789695102,1.81018862971875,0.95845875291592
4771,0.0832825352041375,4.84713858755549,1.80083419674819,1.21898007106568
4772,0.082538769732395,5.68904362516493,1.61196561947073,1.01031545353774
4773,0.0838026557742234,3.93767435045897,1.70191876382098,1.43935487223775
4774,0.0840670775771266,4.20257396726192,1.60065526488819,0.992742253893769
4775,0.0823460117165679,8.13844199271343,1.69655692162891,1.12950395728179
4776,0.0822670837284679,9.98001329094435,1.64178729472016,0.978070412364641
4777,0.0827741883652312,4.88340022426525,1.71787933122728,1.20817861408006
4778,0.0827442768539655,4.49281690507405,2.28117584727413,1.2054934051288
4779,0.0836642125857009,3.18556627704542,1.19198563658855,0.842202523672295
4780,0.0827162360072026,4.74696052417586,1.68862986541495,1.26444994864811
4781,0.0840156598480489,6.00695753635014,2.0811279092433,1.30498296069788
4782,0.0829377181651396,3.40011990525854,1.08679729927381,0.736776966277897
4783,0.0846441048968281,7.55315721354281,2.73819988769558,1.26613902441902
4784,0.0836437593018887,4.07087819351577,1.54606014347429,0.940571380568346
4785,0.0814067335872975,14.5027027634547,2.15794565185585,1.06171253850321
4786,0.0830543948197743,3.59427987653014,1.57217842088126,0.998940038355908
4787,0.0844562565620344,3.51587136836221,1.33919483554783,1.2034612380401
4788,0.08308694908092,11.9129921150072,2.06215723775546,1.06403948812427
4789,0.0824054129437156,7.37274697830453,1.56742230636167,1.01406376733042
4790,0.0828846214865634,3.37450472460813,1.69143772129531,1.00370676139274
4791,0.0835806923401291,3.89670224943878,1.73885900773367,1.0271419850859
4792,0.0830952457602104,3.51707524965821,1.3632587406329,1.04590238994433
4793,0.0834257550104695,5.33834575715152,1.76209993688491,1.06443586887788
4794,0.0843642570609462,11.3117532246693,1.82315224574157,1.19671108790345
4795,0.0848654081581415,4.31746986942421,1.54427528007108,1.05942613370946
4796,0.0829861478107999,6.08320992155366,1.7724854822425,0.999045383801528
4797,0.0847969923039738,11.2458665536208,1.93322287506144,1.1685872581346
4798,0.0855995928048345,6.13383635942947,2.01428821881154,1.2994144049758
4799,0.0826778204811306,3.6737378074928,1.31895967961939,0.988975156762245
4800,0.0839783764995704,5.62468965772764,1.84333912510991,1.24865125965199
4801,0.0834396803604948,3.16021693392555,1.22996340074178,0.933937215537227
4802,0.0834592942893447,4.66850594354419,1.49789844628875,1.02585443643796
4803,0.0840258186134226,9.82261630103813,1.69285108904341,1.03414367525654
4804,0.083551464124978,4.41304781676447,1.87105414438659,1.15870515343022
4805,0.0840847951270248,4.11201695323343,1.32719545008843,0.933253252952912
4806,0.0819273113855468,3.85074748785888,1.73556956809973,1.30008849197248
4807,0.0829371058662081,3.5249818196617,1.54147138859034,1.1065876329935
4808,0.0850375471065156,3.60950796265319,1.57429224094709,1.0658956582687
4809,0.0846429385871827,3.09773088971553,1.62670978379971,1.05517217783794
4810,0.0826720706181473,4.04202808176926,1.31444780692865,0.914118638679154
4811,0.0845861564757588,5.67398516948319,1.68703280566538,1.23475554296941
4812,0.0837725451327578,3.77146252968541,1.62782760875666,1.04652423544759
4813,0.083316783899857,10.9773521484942,3.24118421142095,1.58854738254446
4814,0.0829515292520141,4.63936364644199,1.44156852963164,1.06059554472014
4815,0.0830366789136819,5.43001898063899,1.82914957336838,1.18421397165868
4816,0.0833768825276914,4.23808758888517,1.52240167495949,0.997654637791576
4817,0.0859366458546063,3.90393389691118,1.50370753802043,1.04504620464949
4818,0.0853326380687115,4.08050265698568,1.6798239783156,1.0298420809916
4819,0.0818210508873874,4.65487583400816,1.87005634549879,1.21972080246634
4820,0.0849263089539475,9.28621681782429,2.1688576745932,1.238156089237
4821,0.0824329295839619,4.98418457459538,1.95701044115307,1.11106363251888
4822,0.0850002905111123,6.05045448652418,1.60433458964822,1.13849545318576
4823,0.0834291421673947,7.98185637457565,1.9443092635245,1.0670446920703
4824,0.0823710893396318,4.06451771995801,1.99674514897271,1.08892696608704
4825,0.0841679814141702,10.4966540451184,2.25257051533385,1.34135759427953
4826,0.0839568085520389,5.30336333595903,1.82537482124595,1.07249146617007
4827,0.0832644376040631,4.45355950490984,1.5747701967678,0.989600290345791
4828,0.0840603113903318,3.41757530018771,1.25615147195101,0.891784465603477
4829,0.08391875070757,2.80294819277478,1.30533458176726,0.990492011721226
4830,0.0837388090915416,3.28961713457763,1.42708980673284,0.86890933797665
4831,0.0837913595579727,6.66960622868319,1.84558506409037,1.07154436701953
4832,0.0822223856922254,3.64878912254569,1.34672437230542,0.981065037186513
4833,0.0845065197572177,4.96337413429083,2.0494887316991,1.45835583090287
4834,0.0830106153267071,7.76945867716387,2.32657241296281,1.07596889237581
4835,0.0834177075845051,10.3416393322904,1.88576823036706,1.16662819924873
4836,0.0832297276077436,4.67538259452068,1.3869099640673,0.999730284610602
4837,0.0829899578215557,3.46851452996818,1.78368333084558,1.10849754615996
4838,0.0858419916525762,4.02999934274898,1.4857246247964,1.00123649154224
4839,0.0829568269133366,4.99320801439713,1.33072448614731,0.894590429028858
4840,0.0842575769856473,3.00562750139265,1.83513634992554,1.17731861023687
4841,0.0830518691323963,4.8682256103365,2.42889692827178,1.35917414035771
4842,0.0837214907888442,4.75632336183033,1.35902170861579,0.934080534282537
4843,0.0827501768667957,5.20854428352469,2.01616360759991,1.08008472612948
4844,0.0840197734376857,9.48408961168487,2.01770981414591,0.967000916998003
4845,0.0838385924160151,6.0173680675128,1.94376708016704,1.33617992851372
4846,0.0839359893858561,2.77355685400791,1.03437933793179,0.851476020725019
4847,0.083530254050072,5.78639200642645,1.77511749811121,1.32934448506568
4848,0.0820916301696555,11.4021716217385,2.20683769969197,0.943011398284439
4849,0.0836616806350784,7.18351172140455,1.8594946397929,1.15774554387923
4850,0.0831704228738082,3.03693233681681,1.28932019296128,0.89200670009239
4851,0.0829121908175905,4.98467999284939,1.56095510311919,1.11930183053999
4852,0.0844265554061193,3.95745261448963,1.28870851427831,0.92461275618301
4853,0.081702824313571,4.42112836888744,1.69830565921687,1.08453981064087
4854,0.0833223716754905,3.0896561254933,1.31750862299859,0.902792044524161
4855,0.0836028217707392,4.25608222935642,1.41343774026259,1.13580201360646
4856,0.0829752973852091,4.14733905651552,1.4674225638787,0.976568429750774
4857,0.0834845233009489,4.41068857579252,1.41758282848702,1.03230841205602
4858,0.083501619364506,4.00779349814075,2.1726270428216,1.46075063505274
4859,0.0841968202369572,9.2072817008755,1.84317959159902,1.41097343562599
4860,0.0826751909835737,4.1139264525011,1.74336473592353,1.07019913829146
4861,0.0837540981456015,3.07449835425326,1.23729350082922,0.870093353082194
4862,0.0839905985524444,5.4275539605342,1.67540943207535,0.961414636625785
4863,0.0839820996882102,7.80574002133696,1.9392247986495,1.11604828673208
4864,0.0829454859714608,9.77826687655163,1.97067567913196,1.1561486605407
4865,0.0836371584198861,6.97100701770506,1.91667364353272,1.20857294925469
4866,0.0847501114625657,5.44252867153708,1.57908412467136,1.14749298127106
4867,0.0830296388790623,3.85218184841066,1.22608775387213,0.973198888553299
4868,0.0838752468950446,3.76582927188718,1.29236573935311,0.818295103608104
4869,0.0830497456694774,8.49662837430273,2.03114918104691,1.22194088427071
4870,0.0842946915877882,4.23261020594811,1.77090247079801,1.17363934478002
4871,0.0825697628608315,4.41985582181667,1.8229838869941,0.996280729153868
4872,0.0833009695798192,3.18657864962763,1.29306140186241,0.959751593196864
4873,0.0831754738628407,3.4885016241632,1.40549932776733,1.05404112518793
4874,0.0823062123300652,5.92943491167356,1.70356769908492,1.04131397036266
4875,0.0845256753082518,5.95902049066828,1.93775645768462,1.06512982455131
4876,0.0833821075937698,12.0084061506443,1.89204979987932,1.06912588868667
4877,0.0849502039869012,6.33091275929068,2.13771630966106,1.15650163955417
4878,0.084285222343882,7.58908872777238,1.80514055856559,1.1409427613034
4879,0.0832243680931514,3.56849666451169,1.334612880082,1.21175035619587
4880,0.084005592755501,10.6559065135981,2.16043178399228,1.12809030255386
4881,0.0854156562820015,3.49294678123545,1.29239312684849,1.08073403356644
4882,0.0829000804430732,5.74636219707935,1.80375158416118,1.09627721454054
4883,0.0822532393977422,5.12795835151854,1.80374666814904,1.03036395645805
4884,0.0846709061105813,3.40601332241179,1.70771481401852,1.13357369339664
4885,0.0820035470466961,8.43692641528292,2.56212870132245,1.30894053088304
4886,0.0842651243505736,4.03445888372651,1.85413886954912,1.02907860184256
4887,0.0844771510292542,3.56650507475252,1.73868343891816,1.14353393875945
4888,0.0833368593195243,7.26601408037606,2.23309425956909,1.07642255494552
4889,0.0857002208011704,4.29990301595812,1.28414865478429,0.915885043474467
4890,0.0825057140032616,4.6608121681691,1.59908607555301,1.09706661828174
4891,0.0839296154428452,4.20775743277223,1.78345240007189,1.10937029338953
4892,0.0830134242245323,4.92357481889318,1.7752846276498,0.950785034313882
4893,0.0851166134774984,3.22665919094132,1.96656389795228,1.0984436817957
4894,0.0836274268285295,4.37294380639569,1.6068606127284,0.911831229678363
4895,0.0842716196367679,3.50551594779106,1.54909616688805,1.09781072576636
4896,0.0813885472766028,3.40244324969123,1.27683788246365,1.06130900433509
4897,0.0844640077730414,4.31212954036603,1.69349692694772,1.164948880274
4898,0.0837687911534742,6.77809353677964,1.80374946543071,1.20312150856987
4899,0.0844135479961353,4.76297405205744,1.88362427642001,1.03993963543135
4900,0.0835480866774018,3.22547135970403,1.47327579627994,0.979987847035692
4901,0.0839589018283021,12.7181968216885,1.95593974471862,1.04246411699274
4902,0.0829634574816452,3.60966685045812,1.54554053430964,1.06133913738563
4903,0.0861233278958527,11.627657080933,2.05719457811902,1.23804933643674
4904,0.0834208894415707,3.68940567637117,1.37432597924106,1.11297289673114
4905,0.0830752206979045,6.82736151648692,1.63262532708751,1.06175872875429
4906,0.0839878561740087,6.10472426105007,1.58671775524824,1.19441433095294
4907,0.0833240971581536,3.94377070856159,1.65521904491237,1.1713221900983
4908,0.0827240905319951,9.8750877520869,2.39318277025091,1.35396118352314
4909,0.0822153924633603,5.36923454656162,1.31482818059913,0.91824555560142
4910,0.0822773175810968,13.5876506650516,1.80153847314308,1.42086206264957
4911,0.0845520547017079,4.13427615408655,1.57630732212473,1.17120915830703
4912,0.0844807711887288,3.45507362364099,1.36561288198068,0.86916873238304
4913,0.0838907001234219,6.0264941763216,1.6973296769094,1.0943553928637
4914,0.0836447705176046,14.6816600109184,2.80766544622471,1.28589504805995
4915,0.0837603047848517,4.12071798871844,1.2955210063624,0.969735197463205
4916,0.0845700247056572,7.007153893765,1.6108934584552,1.08443757586638
4917,0.0832502698439971,6.42237130507813,2.52239111990376,1.50421809851546
4918,0.0840119562465303,6.55209424385107,1.66355143029703,1.06981898929737
4919,0.0843539282149062,3.2185195056498,1.7536643403408,1.06404174514188
4920,0.0852320119576204,4.26592536219609,1.6575254000025,1.04523315488292
4921,0.0845211121550398,5.82565318016892,1.65414527730889,1.2682952785177
4922,0.0827496734492895,5.98487135206322,1.64379737354576,1.09627185277058
4923,0.0845354829448927,8.114152895528,1.66213842846376,1.15716300658181
4924,0.082060766760898,3.44609209535273,1.48999144289249,0.97582422454052
4925,0.0837111704785421,4.28468779798797,1.91553635400224,1.16864738215515
4926,0.0838893317202152,2.87349076936497,1.34915094879488,1.05362162297994
4927,0.0842375805690269,3.66957327173229,1.68489902644381,1.27275498702789
4928,0.0854070832024111,10.0769275201499,1.90437468598449,0.988987439205282
4929,0.0844236139414953,9.29955036151511,1.65738913829768,1.00168686114226
4930,0.0829111164245404,3.13846873317617,1.39114539193478,0.955389861700127
4931,0.0828340889404282,6.76796148490292,1.58574088627859,1.13529405178252
4932,0.0845077281159861,4.44622860263424,1.53563513516867,1.01319138741562
4933,0.0847645799878857,4.39188287329571,1.30837115406323,0.963745089174646
4934,0.082067134809177,3.23507560063734,1.54388890924957,0.98507965438554
4935,0.0815060373387638,3.94041954897627,1.4999018237902,1.0606201272568
4936,0.0831352101417339,3.65985928039911,1.67263559033844,1.02002385918403
4937,0.0844904577924386,10.3201426748515,2.06314112014594,1.32548931325996
4938,0.0837642414862037,3.57052278409982,1.81646553095028,1.23746533412744
4939,0.0845549455352315,9.90154640098055,2.43602050927956,1.17862649390772
4940,0.0835393550073106,3.87016809272341,1.50618558993807,1.04291073965752
4941,0.0832826400691707,7.42984770831152,1.8433731306624,1.15526279507547
4942,0.0827761513524148,4.49002881956977,2.47200286419361,1.08015790798799
4943,0.0842033394003679,5.18721596063327,1.94668303755595,1.10814143763222
4944,0.0835437233270569,4.34477491125295,1.63753514347071,1.24975173783482
4945,0.0837467830946108,5.06978824856681,1.34720179759768,0.824563165245459
4946,0.0836540566442813,4.34753836639563,1.65598238933798,0.875974757584954
4947,0.0835936196917103,16.9124351098586,2.66597160137881,1.10571968211574
4948,0.0834031379351225,2.94236865795799,1.66780794567202,1.08690000582855
4949,0.0840779957294871,10.2179532492313,2.47532502894098,1.51333922125782
4950,0.0829203787132871,2.76140454150641,1.43762757156817,0.976175907851653
4951,0.0818281412967655,5.89223039650081,1.69328168001133,0.979632615426424
4952,0.0819430242109355,4.38225351227834,1.6577404014726,1.03709051676016
4953,0.083674857056636,6.24837624884986,1.58419299849993,1.2747017230697
4954,0.0831929004802114,6.75442024883148,1.65958352099974,1.13310698720366
4955,0.0841722243703074,9.08289297435299,1.72648759927468,1.20234386039639
4956,0.0840905094411946,3.59392722845886,1.67228075987034,1.2518895798111
4957,0.0829514990670662,3.17610889392878,1.40094491696913,1.00455579811602
4958,0.0846821943261492,6.67007152730386,2.14463946013325,1.31764514040629
4959,0.0824135826329996,3.48465992073455,1.21888349575912,0.889761268081164
4960,0.0847124322109171,5.34660826278018,1.58317584694015,0.861600902126478
4961,0.0843194125969576,9.55279213187911,2.39791367303631,1.54392814323337
4962,0.0827718840496835,3.82761398756602,1.43417448052193,0.915611213042606
4963,0.0829189560501499,4.12908899551092,1.31229067686492,0.852283079052986
4964,0.0831628861313596,6.02662314211267,1.62313896963548,1.18258499618309
4965,0.0834118458244514,4.603507182197,1.62167472098797,1.27258267442957
4966,0.0849393190218379,6.87535788384155,2.14073616338628,1.32255399598172
4967,0.0838581645590796,8.64444878839051,2.4695143639532,1.52261835033439
4968,0.08213796899171,3.21260585920028,1.4025578898743,1.21748165375912
4969,0.0829128097737523,3.77941828578517,1.54762264037428,1.21562436522716
4970,0.0833980193273512,9.11544664291894,1.76836004158881,1.18210987879228
4971,0.0841311963336665,7.78041143381371,2.72636978014685,1.27585418099671
4972,0.0834397245780296,4.5705919775874,1.30023622399683,0.96613056564117
4973,0.0839212077329408,5.87200713924415,2.0386034529434,1.49469244347655
4974,0.083584460073339,3.08547442356616,1.3879406767863,0.982002334129393
4975,0.0810037062796825,4.84760097941585,1.90869782041262,1.0679145189511
4976,0.0837629557750553,9.32298627011741,2.07648370459925,1.19932393373046
4977,0.0840131239213545,3.35109711083246,1.72887650528515,1.01689203778889
4978,0.0837652325801388,5.34041305513182,1.75426396848505,1.01265984314222
4979,0.0820473790017529,5.25566589538898,1.69944221519126,1.04187310922306
4980,0.0850189741793371,5.33564088730491,1.76333206986179,0.933432078301765
4981,0.0832475893714386,4.58704991305975,1.821675185022,1.18239269065648
4982,0.0834169130284526,3.40157598438447,1.47694415563059,1.27103487598433
4983,0.0837217973449254,5.18481040793171,1.76642575878469,1.19463298197608
4984,0.0833026350900234,5.26135427402295,1.62195364446863,1.2467418213574
4985,0.0833731233164626,4.11950793996762,1.56322897106518,1.12307865376909
4986,0.0832885637221008,4.55236130661589,1.36512524669715,0.767242379264427
4987,0.0855336922712144,5.46490234654213,2.18646765978375,1.07176918020235
4988,0.0838817985975209,5.40635846279959,2.45209114809439,1.27095888594591
4989,0.0825159573380325,9.52631233950585,3.04674787309757,1.42402046422771
4990,0.0823406790945851,3.1249717744034,1.69331918697541,1.05156434999695
4991,0.0830720260709883,7.7417782271495,1.54901912312253,1.03928373055033
4992,0.084005659962631,5.16542120177987,1.5915095096341,1.04013980877675
4993,0.0839278143802412,7.437553959569,2.24428918848416,1.10303932681701
4994,0.0827759702796518,3.12167625129055,1.18768836534313,0.793503559227787
4995,0.0827448284279992,8.61376515018342,1.7864798206653,1.05681170243784
4996,0.085113375354524,3.81080135716733,1.62329803503747,1.11338236492893
4997,0.0825897834457914,3.62134192014871,1.5204124120656,0.805599745305109
4998,0.0824887586124564,4.2971632570898,1.52839047115767,1.2525420013753
4999,0.0832071474671324,6.82418255134709,2.10425892476038,0.99931611014538
5000,0.0838075869533177,5.44294097799404,1.88211782783776,1.21497649581547
5001,0.084647529795892,3.71554955018805,1.13533829263575,0.862889206775684
5002,0.0826723477724408,6.14834943739009,1.60591698241817,0.995231699498897
5003,0.0837598785434742,4.56350844593947,1.691097660998,1.31837858095286
5004,0.0832737317190361,6.33809437051496,2.15222632723823,1.3769770246866
5005,0.0824004188376873,6.88678780255679,1.7653949381948,1.01255063821041
5006,0.0834793647901219,11.2341008478503,1.84951600173662,1.21744873167834
5007,0.0832482484006908,5.82280781083684,1.60365960750912,1.10742442344424
5008,0.08390495899818,13.5113600490341,1.78147972610511,1.2554361541773
5009,0.0839091705485403,8.44366754770854,1.97130021584999,0.980443484759833
5010,0.084884442282521,12.2935423546376,2.34829660913072,1.06332532438347
5011,0.0839945736513009,13.3780110039225,2.35383718610333,1.67453270939849
5012,0.083642507863194,6.01014343574599,1.90269676686545,1.20994376947865
5013,0.084367497494389,3.08654558728671,1.39434004753511,1.0090970513917
5014,0.0831651389692476,3.60509969120639,1.53535046765087,0.976245656544479
5015,0.0837069275589018,8.10167049692713,2.10463784181195,1.24106749213245
5016,0.0829969529228349,8.26709024834041,2.47282069333107,1.57422536972271
5017,0.0840907588456031,3.80508963080028,1.4045584364432,0.896483114421961
5018,0.08384580745633,4.46194900303883,1.41634632722002,1.05603514406481
5019,0.0837336929175403,3.90684295509394,1.55868097129426,1.05598683343899
5020,0.0824080521059434,5.41881198269509,1.92809513097023,0.939176182641076
5021,0.0845808933267241,3.68170383516518,1.42676559710277,0.935468847995814
5022,0.0832573524940279,4.66381227155699,1.51902042990734,1.12642623648932
5023,0.0831297115305825,10.6912056849314,1.90260073702029,1.21582826572453
5024,0.0830887764609074,3.84112550842406,1.44951164176971,1.15664583396171
5025,0.082947198759388,4.43580654523095,1.50164277916288,1.0562282983109
5026,0.0839728616589527,5.60933471647865,1.5645143798078,0.926399277582054
5027,0.0840782829105987,4.80830519245043,1.52342530919558,1.09609977907023
5028,0.0827847067407759,9.8172823402406,2.47005320748201,1.17346941947495
5029,0.0836770585775906,4.00123213195672,1.5198080576132,0.897703615858482
5030,0.0826339948311245,3.41808006206119,1.39713463439619,1.05288043771976
5031,0.0826468096153468,3.8300587095887,1.41584128897149,0.905277058069128
5032,0.0841676573379255,11.2556210905283,3.05200135971307,1.42560528938842
5033,0.0834239181556784,3.17455746836992,1.31847047514125,1.07602175312595
5034,0.0820277774897708,6.65989990537426,1.9272319659385,1.1614690386308
5035,0.0824775206894139,7.77328480216282,1.73567436879569,1.09724308603314
5036,0.0816509900328826,3.19473040379572,1.23564505144358,0.899381927423333
5037,0.0839244097255847,3.89688428723431,1.57087106971285,1.02614230850768
5038,0.0851189989053327,5.92182777641246,1.74347505440266,1.07472751184646
5039,0.0829440336362508,9.07317283101168,1.94153453160628,1.11077140398402
5040,0.0841006961642381,4.64612760318641,1.73267952505515,1.0582318849256
5041,0.0834050402165465,6.1418547439983,1.70674997025901,1.22459680699324
5042,0.0841270833811735,4.0512751605253,1.45592629347645,1.06805653853049
5043,0.0853229217507771,4.59719614929788,2.32835201737249,1.43817447787803
5044,0.0842660734953326,4.56123658886709,1.64334612909595,1.30094079365242
5045,0.0844877498351898,6.05950262335616,1.71749527687392,1.15923639711644
5046,0.0844656968800604,4.20661918904406,1.5113698788108,1.00518277949352
5047,0.0834928971603627,7.88131339405427,1.63646215128314,1.03968901650801
5048,0.0826119036209234,4.28477615412126,1.64796643797214,1.21155781290273
5049,0.0845418189365409,6.20164193319773,2.38125748565534,1.44353924380133
5050,0.0829536286722275,7.15205951689203,1.9397954932714,1.20909521443228
5051,0.082433430877407,2.92161199770043,1.38493761974115,0.966872533684544
5052,0.0835099349554949,8.52517481490514,1.84948634473335,0.988221780992972
5053,0.0826584750719565,5.54323657644808,1.54456211759317,1.09366008239479
5054,0.0823215545563769,12.2021070323611,2.72476613045041,1.01389979827451
5055,0.0840181274575202,5.10270731140466,1.58769312339027,0.943816428416183
5056,0.0827481148897905,3.07809706333085,1.24850227959448,0.890062714896452
5057,0.0833226985941253,4.8844789381603,1.56760342574595,1.01879036258547
5058,0.0836041761836982,5.88178925889164,1.91265988541696,1.50486026964711
5059,0.0845053439363711,4.46430220078018,1.95753463384159,1.27029889861927
5060,0.0846456732957546,7.39869768267395,2.32422632928571,1.22136356038426
5061,0.0854935559539644,4.28680240129473,1.60565405978285,1.0818934373325
5062,0.0836604479133127,13.6116945856802,2.24114843804614,1.52491609574301
5063,0.0845203420597877,4.09487341924176,1.52022633131074,1.09133855654719
5064,0.0849915403675111,5.12664233573061,1.93719978446216,1.15007005720242
5065,0.0849666037337528,6.06426708392016,1.90176676322275,1.17159886789856
5066,0.0854651697000111,3.08477380825105,1.45669103769799,1.14264685491109
5067,0.0844795479406719,3.19259441926682,1.3958649655451,0.956007339901328
5068,0.0827259385867148,3.74623170222776,1.83803906665326,1.30026326245192
5069,0.084992308622206,5.04854170809475,1.95799252668552,1.10156190108381
5070,0.0821488381915427,2.81253528161237,1.22100704224604,0.812037401708575
5071,0.0851974627907277,10.3479613853047,1.80036830694741,1.08858936968638
5072,0.0843462569405116,3.41628014998533,1.59524906851513,1.10108397763735
5073,0.0824711132853687,3.30795711206469,1.32861608470921,0.966515239843136
5074,0.0832378973630395,4.75941959195085,1.46139873157874,1.003833725314
5075,0.0825537560176104,5.79696567311472,1.44350012044209,0.998034622066243
5076,0.0839202237451466,12.3217318448578,2.29169062183865,1.27361088015061
5077,0.085378716089301,7.7227039304864,1.6959367167518,0.997571505899479
5078,0.0837610821333848,7.70521819772252,2.08184233165535,1.19607855857988
5079,0.0834130425970653,2.94015206510732,1.38454741878703,1.08260438900297
5080,0.0843525859698503,5.71492745606839,1.9129049811523,1.10365872136023
5081,0.083780162798552,4.46488723887288,1.47375959149058,0.976557733880082
5082,0.0840225478206134,3.06718636422833,1.49677953449732,1.07851780235988
5083,0.084440307381615,3.27762954757395,1.51638710824124,1.09535864349477
5084,0.0831161002097231,3.67656016836269,1.57206842379162,1.0135901258842
5085,0.0844001369252618,3.85799656852782,1.57614613743704,0.976712967666355
5086,0.0844192662785236,4.64598298126754,1.36036794428057,0.998594345927497
5087,0.0845973770920855,3.76619570787549,1.32756440043368,0.939634766198674
5088,0.083996770343687,5.84154226596621,1.47457143030034,0.995035796635615
5089,0.0840889762734216,8.12093769839191,1.99165792744546,1.42477431556586
5090,0.0834225529555081,3.4718974863898,1.73873307082522,1.17508223520007
5091,0.0842059485527437,3.47395179397415,1.30637165627196,0.842185081304566
5092,0.0847402803612541,3.46517098088437,1.21316260163057,0.820652968070355
5093,0.08629275060677,8.6210083635317,2.63580924436696,1.10628231970633
5094,0.0832803770257433,5.95502768615446,1.68721245589859,1.23226906467917
5095,0.0841330727659603,4.79182943911454,2.03107478520807,1.15629701163947
5096,0.0841780853104266,3.82701505040233,1.5239041332704,1.0808319478748
5097,0.0839107647469576,5.37396008937803,1.45930629165827,1.10339275115378
5098,0.0827413553514223,6.90746548640086,2.02053628436134,1.54813731977996
5099,0.0838121349092398,11.9074788572695,2.44117160060981,1.05373898811743
5100,0.0820507445139126,4.02340763195503,1.78877705904357,1.06742655090523
5101,0.0844157118321177,17.4418769256155,3.95737425871909,1.42268678554683
5102,0.0833482094093494,4.01252699044504,1.48809214514282,1.10118947442566
5103,0.0830927966377654,8.30942287464523,1.70677620915813,1.17262156815202
5104,0.0836239202146927,5.36403067585203,1.67930564802293,1.06107711881935
5105,0.0832876514821977,8.623686115863,1.71670668112558,1.01203814457938
5106,0.0849656592772155,3.97697951767565,1.28228567176885,0.871101490811747
5107,0.083305359106051,5.36724573545277,1.70663485803145,1.37307272117602
5108,0.0849901044157119,7.64793266941205,2.29428126459498,1.36207189356122
5109,0.0832068783341294,3.97727450737774,1.3596377200374,1.00939726044531
5110,0.0828896552755872,3.45723055443915,1.88060128941511,1.02620758922782
5111,0.0845827471817977,19.243388985595,2.16018570809407,1.09294021738472
5112,0.0853393458095265,5.23357679524266,1.73853343002703,1.05277966330817
5113,0.083272536530714,4.56579210522676,1.78488893726368,1.08279710111302
5114,0.0838904607245124,8.444000706766,1.68782857243948,1.16569775866913
5115,0.0836917341785237,7.43716920469883,1.82754597872177,1.08574272604405
5116,0.0836235600424369,3.6865108299797,1.43791188873788,1.14949618709039
5117,0.0831698883795226,6.33060744167576,1.71516621344072,0.99006376783317
5118,0.0841036045894281,13.4037554709515,2.94179225078727,1.34495031738474
5119,0.086241728313003,9.08749490947941,1.96871286455382,1.2155401607311
5120,0.0819875841251663,7.28403047693192,1.74413725716534,1.16942304413527
5121,0.0832360528811271,5.04411216532745,1.81985140313959,1.29033535372258
5122,0.0844371036760968,4.84743894511049,1.67319111996833,1.15077990049802
5123,0.0841889281212811,5.75254093482664,2.18051828172789,1.50809031711821
5124,0.0840897861482613,4.67474891800404,1.32522461187586,0.948488290069346
5125,0.0843626869478925,4.07923981006085,1.4393183832253,1.26927184525697
5126,0.0841760892724688,3.14648277305239,1.36266969766342,1.14345633048174
5127,0.0833253343218021,3.47207418855119,1.39495500094178,0.90738529010194
5128,0.0828004519868359,5.77231885583451,1.82004034037509,1.12102859097447
5129,0.0832680406951941,4.51938824222016,1.51092402275946,1.00117493814106
5130,0.0829933225482804,7.14468253528428,2.03041622945675,1.13647904929313
5131,0.0837439293978433,6.93016080421548,2.2623404198776,1.42283881751722
5132,0.085906749913563,10.800414722323,1.71531870115852,1.09879066015748
5133,0.0841922652018595,7.31930765078349,1.98209146887763,1.06828141265061
5134,0.0831706115618809,3.42012034560953,1.51889445378088,0.881684869747718
5135,0.0821884583950997,3.73840002925318,1.42702939884095,0.907129117351009
5136,0.0834662939958615,5.5135596786878,1.9048623051508,1.13219596361758
5137,0.0842173916576383,4.22856601908467,1.84420565387896,1.14361332734558
5138,0.0840890458049004,9.10028457958882,1.92332612618345,1.0940594540427
5139,0.0823788437538848,3.50679816116759,1.5638175148079,1.05769948883848
5140,0.0846639125578907,10.4619325941055,1.7431639278356,1.08378567648643
5141,0.0837621565255267,3.39660067960693,1.63424437496576,0.860953839695396
5142,0.0824805565941591,11.4778321088733,2.23408063294264,1.2268315860909
5143,0.0837172154782996,6.31887021877625,1.40651841572255,1.10441560135708
5144,0.0826156452106278,4.44985754780958,1.6318245639909,1.12227078460944
5145,0.0831667324608508,3.96541867237233,1.57680944556949,1.02100832672457
5146,0.0818929923977234,7.50345957540745,2.14232468669612,1.35296492946008
5147,0.0829182137355321,4.42630557261688,1.6094804214712,1.04758145213245
5148,0.0840501111673484,3.3386684505847,1.63059884886996,1.17951864882675
5149,0.0835230546497941,5.15266217167688,1.70285087837867,1.168367807014
5150,0.0822733563555283,8.19425082785773,1.9877900884424,1.33133864190246
5151,0.0835711929547155,8.1060881898124,1.95477242743041,1.22447175929843
5152,0.084230348981167,5.26053836638861,1.54057681288099,0.96895830220928
5153,0.0833162919280247,6.92278982742502,1.60247892989066,1.12449948291815
5154,0.0823456768947925,5.11132940847536,2.39333223459377,1.19149286208159
5155,0.0832697037327607,4.67106817410586,2.02517649761028,1.17233820416828
5156,0.0835511516784027,3.49119640965044,1.16800307855776,0.730721338139131
5157,0.0827332869709783,7.00068997192729,1.67009232231033,1.05362655037372
5158,0.0839449923270506,7.48771816077824,1.6561625439754,0.924393916664322
5159,0.0815470915072956,6.19803300129119,1.57772549412796,1.09507894095245
5160,0.0838065596733853,4.15706456025488,1.6241261932874,1.10406611050937
5161,0.0836508387658567,3.64956618232749,1.73555193925335,1.04842433744345
5162,0.082588183227331,5.67395633844992,1.99642258764905,0.947426798565743
5163,0.0845289703671575,4.91722245680245,1.5294122882593,1.16256786340699
5164,0.0823433887082157,3.93952406523522,1.75368472279494,1.06925263875157
5165,0.0833315283654313,9.97159443243079,1.98265327346274,1.37768319220534
5166,0.0822353819837688,8.59772364325029,2.89955766109008,1.31869551085938
5167,0.0832027845740415,15.3058892355962,1.93793337449709,0.99417931439059
5168,0.0830393413471074,3.41430771867421,1.48343203875221,0.904969189101118
5169,0.0840050819613574,2.98680444736005,1.24142195347223,1.17314188272074
5170,0.0839714277608033,4.03021205736347,1.49134295315438,1.04788416970195
5171,0.083489387825978,3.56357713667926,1.57617182170773,1.01736314582565
5172,0.0850962795966793,6.19183442427002,1.42040435701766,1.0192328104347
5173,0.0826218240569577,8.56334781015435,2.07088102288987,0.989751587684027
5174,0.0834544412683537,4.92214300114505,1.88601808097407,1.6010476731701
5175,0.0843578645243617,6.26743268975177,1.75186845302744,1.1028881445434
5176,0.0827480554272132,3.37941607809281,1.59949532018191,0.957359374573079
5177,0.084521858721041,4.17994067598081,1.33161183616603,0.968752353148012
5178,0.083191981005953,4.39326003141773,1.69639987675085,1.17300560305615
5179,0.0859113539969076,4.41218962709472,1.26888223240317,0.956928288707457
5180,0.0819524727559608,6.49232017328726,1.59048522121256,1.11015544669147
5181,0.0854383809565589,3.10862316166747,1.35934951894531,0.882490698616018
5182,0.0830692425307526,4.51182622379187,1.55470074647074,1.12337457115824
5183,0.0835047831889175,4.72344031839897,1.90821178276575,1.12036999215914
5184,0.0826058750713756,19.8298321102222,2.52429329414262,1.47767134473895
5185,0.0848268957647878,3.2539486241576,1.44860057977067,1.09032127218054
5186,0.0835759249096419,5.29328073150766,1.64892707178833,1.00446935484214
5187,0.0847633501647562,5.52103540187325,1.57924364713991,1.12160200037522
5188,0.0831104222115791,4.20509201968665,1.37548978985032,0.976005999150193
5189,0.082689770404893,7.09367028044025,2.04875875514327,1.21170790715618
5190,0.0818030198486477,4.71614729695292,1.44160887617177,1.18325282072107
5191,0.0838671498971217,3.52039035729627,1.70774026633865,0.975772526461733
5192,0.0824398518893436,3.26033086222622,1.35472359358147,1.12451751129601
5193,0.0837702152840486,4.60006181076734,1.99262684902628,1.2945440317766
5194,0.085324241132102,6.34511827455303,1.76231613207382,1.06120773469217
5195,0.0843100264770702,3.27334714250147,1.4979162375315,1.22866581239228
5196,0.0843214706941698,4.20363984442518,1.49463676578527,1.2116683538951
5197,0.0834724741731432,3.54105986801234,1.67864667692663,0.883677654634408
5198,0.083923136694629,6.38951096285336,1.36388548387294,0.96735933594195
5199,0.0832766594539857,3.78918663773419,1.48169044811265,1.03127963200173
5200,0.0822112586179169,5.23677568471875,1.9431829780019,1.02236018261601
5201,0.0823024027210876,3.39827416914047,1.54777579413189,1.15438499431955
5202,0.0841107745484198,7.66421192207083,1.77998800741527,1.27010481639594
5203,0.0831870849066254,3.62372709835584,1.81642419358065,1.26202847174167
5204,0.0842599203571445,7.99828693705979,1.68540329264362,0.996174008167331
5205,0.0838147452611645,4.63118309621722,2.25423245337254,1.21657315609921
5206,0.0838340499897326,15.1460769265028,2.06446876221606,1.1292653874122
5207,0.0825321096903964,4.52675757232216,1.61763191051977,0.915088325118793
5208,0.0820374292613491,3.33917247407057,1.45831814291205,1.03120488783402
5209,0.0851525534874071,11.4627273942541,2.24837780670421,1.16314191125566
5210,0.0849044302504356,6.75842646252886,1.87235485971388,1.33436921657241
5211,0.0842574448911101,13.8384250660405,3.02693468857378,1.51056013651118
5212,0.0841318593435479,4.86498776476079,1.63957846842106,0.999155271970223
5213,0.0845360056635216,3.30105513145477,1.55092791201236,1.05226272107269
5214,0.0838100182564452,3.83039806417357,1.52618752259249,1.10023440286782
5215,0.0831355596335858,5.06923495193424,2.08325535728845,1.21137203336854
5216,0.0846287861346566,6.28035741810638,1.71089567045306,1.11522074383063
5217,0.0838673670388167,3.74022407723944,1.3452785413215,1.15627224733936
5218,0.0838338522682284,5.94901991030855,2.08227375750009,1.26493583866921
5219,0.0844235920151584,5.32536261468514,1.37039196274732,1.09772739626859
5220,0.0837088392944946,4.26800411885857,1.24452604390029,0.881190784602793
5221,0.083140782813749,11.1002840494195,1.87651808412271,1.10502862875837
5222,0.0849690224086276,7.54260931534387,1.45602498993648,0.989906166196094
5223,0.0851287738827351,10.5831107273442,1.80586313648555,1.29326678563277
5224,0.0838326865895383,4.45242104096079,1.74747400920172,1.15613658815915
5225,0.0838540013640436,4.81527575999368,1.90826052473795,1.18144307785242
5226,0.0844726530140826,4.09669016397261,1.61193243507952,1.14827980478354
5227,0.0829897423136687,11.9287785533785,2.2385287480833,1.27898077895958
5228,0.0847721447834682,4.47042279057757,1.85237576733051,1.28205614840792
5229,0.0843786945057394,5.18298481463171,1.6721788714841,1.11251454066497
5230,0.0827340053285414,6.57291919357712,1.62124123662881,1.17745105367776
5231,0.0830233326419538,3.72756929149965,1.4146716457131,1.00070838195834
5232,0.0824275470144747,11.9110597402639,2.36290966822168,1.25811668964194
5233,0.084832970912848,4.43566587931287,1.36312426142357,0.996341514138772
5234,0.0834781620249307,7.4332942376086,1.47037293174071,0.954515728396058
5235,0.0833574866441071,3.44712161000312,1.23077846352132,0.942045297454799
5236,0.0828824597762541,4.9857900748629,1.39732021185344,0.896126306416348
5237,0.0835293580777372,4.7365474840775,1.69119226317192,0.980816190742752
5238,0.082864822591084,3.12340549868824,1.45774762963799,1.12487337788589
5239,0.0835169492817456,9.27670003792519,1.87094592583221,1.29855520642107
5240,0.0826828232266507,6.01252046926936,1.93504914637791,1.02341130444075
5241,0.084008290589164,12.1008386046983,1.91100901798536,1.05706604891324
5242,0.0838714293368976,3.79446952089968,1.28102163744829,0.93916176185621
5243,0.0822505148977912,5.88492610776577,1.63516936378464,1.16514504510378
5244,0.0816702912699673,4.0883611821533,1.76243040545257,1.11476869702421
5245,0.0814105975863153,5.18604884248346,1.36948011249687,0.973895040991133
5246,0.0817577617031393,3.33469800651107,1.55573043026358,0.969711569760275
5247,0.0838421279569027,5.2159359859047,2.02880030583962,1.47197571621614
5248,0.0832493588278737,3.83469849888991,1.55481548865424,1.39351659826698
5249,0.0833878908491106,3.53674501075692,1.72313136199888,0.988501222740445
5250,0.0841685236737327,5.71119841889648,1.816871266821,1.12540303242495
5251,0.0840315084752455,7.07351672660298,2.41660937306348,1.15177198561809
5252,0.0838720506613672,7.7152828619859,1.86522569572076,1.14512235657752
5253,0.0826889273915604,4.05894542739245,1.57786224939486,0.869369170158925
5254,0.0846985607951277,5.16664522484026,1.71238447173366,1.06890989210114
5255,0.0823846892193544,14.6170347810628,2.44423053922912,1.22583983291033
5256,0.0832678064440516,5.37510617052276,1.44899357716808,1.21979022567475
5257,0.0845982378704873,3.74220971831902,1.54027610482884,1.0133008277804
5258,0.082307985790006,4.5640066129949,1.50226109519787,1.12250141699562
5259,0.084558548350043,7.65729848144704,1.46426143492267,0.995312570551207
5260,0.0834040359761659,6.15799401294306,1.57801166021046,0.962891717895203
5261,0.0845001024881392,2.98493657814943,1.60123342421701,1.03656321455343
5262,0.0833575830200707,8.29699440381969,1.86252930912485,1.05885964257287
5263,0.083872288351994,9.31394503998583,1.7340638624759,0.981531731468713
5264,0.0837562331234251,3.56708031421693,1.47685100854325,0.966681395851433
5265,0.0828798664125746,4.62987616380426,1.31122937892635,0.891313683570709
5266,0.0842652023343883,4.31081625730294,1.66665233113931,1.06490573207722
5267,0.0829760772043121,3.45337396253003,1.54557945567172,0.978926902319209
5268,0.0832174056390182,4.27362689038316,1.64819687888273,1.13436103091351
5269,0.085154438378614,3.77210237054485,1.61990859592203,1.17533330952187
5270,0.0844018146481518,3.8345459284505,1.55456353183527,0.849489207637545
5271,0.0824251019002094,4.84983429948997,1.664274410473,0.986902441983998
5272,0.0824470056006801,5.65193892472497,1.62592912297637,0.995844282495201
5273,0.0837694239720435,4.8362025830542,1.58736921148403,0.986308396160432
5274,0.0827898107333182,3.30613229528373,1.69018433323087,0.906265870328768
5275,0.0841482632238337,3.60281999219722,1.36540902892279,0.889356295719406
5276,0.0842425160707986,3.04846570598877,1.4578946245788,1.01778413299495
5277,0.0832865887036354,4.76251297887613,1.52607682607262,0.984222154402852
5278,0.0825970079854141,3.83092680938036,1.73129866343717,1.47748823005972
5279,0.0842089995342163,5.32406155275662,1.68737765696358,1.28705835230592
5280,0.083713858909587,4.31316466630707,1.6934468205921,0.982422846600009
5281,0.083204596876804,14.8071328047822,2.22945969601435,1.2617145412439
5282,0.0825093381656224,3.91380319381634,1.48340570795725,1.14125617330168
5283,0.0829304158112348,9.73182872479012,2.65885543827179,1.2550376177417
5284,0.0847291280837026,3.23658251484547,1.61058992096253,1.02343351363929
5285,0.0839115599953444,3.3846215565163,1.82407753751402,1.11776740885956
5286,0.0848498705942384,3.24897513105583,1.57305743007501,1.01730285934278
5287,0.0838973248708342,7.25389665583698,2.0556179769908,1.26981506822212
5288,0.0833420503591795,5.5525319246417,1.99206966805907,1.05626158379737
5289,0.0837904763500767,6.52545570016371,1.6634402612881,1.28619665265904
5290,0.0832999665674385,4.69279707480165,1.81652199022184,1.07608512754026
5291,0.0830641514140586,3.69699618460656,1.30957970290745,0.949511135195354
5292,0.0837968824005993,3.48973224663012,1.51138807916658,0.830869525708283
5293,0.0837977772168813,3.13671336339742,1.21304339683502,0.832285760127307
5294,0.0838607374906423,5.51572186823397,1.92997104328221,1.10829073184662
5295,0.0841145358188684,3.53186661121376,1.48509723722501,1.19152627730492
5296,0.0833582568801948,4.330189252385,1.53798577830459,0.975407720768534
5297,0.0812670627648862,4.17453976143344,1.63897922775279,1.18990331959026
5298,0.083870672532487,3.64570899093843,1.55122918404316,0.937800467698434
5299,0.084560798388431,5.37100704766028,1.48945206140592,0.859180442959316
5300,0.0828756807102209,12.7447193442581,1.90411134722539,1.04561397006264
5301,0.0846954287654034,8.19502675160868,2.6871663954817,1.29251466257231
5302,0.0823272151022796,4.30423658924214,1.6893485893128,1.01297715420511
5303,0.0844929955403107,4.39616938851958,1.30178524100053,1.12951839864794
5304,0.0820354606174286,12.3201997885176,2.14441643187308,1.24065238617508
5305,0.0830473555854557,4.1363759869766,1.5171339828699,1.00608904513224
5306,0.0830323517327556,4.93916834851951,1.43015861232125,0.921588654689463
5307,0.082699364865957,3.92391046304172,1.36088190672069,0.860843587721367
5308,0.0848318439265902,4.46605951422849,1.60869568122542,1.15056195660875
5309,0.0842910866585301,3.45184650391688,1.23179774793406,0.816791757136141
5310,0.0829126780943603,10.5610004996914,2.16796320327231,1.05459600364727
5311,0.0847934822581888,6.4291762677322,2.24438457997693,1.23296350952735
5312,0.0827732327005487,9.44915368885965,1.9960633209816,1.34329951710182
5313,0.0847670133876358,3.39495196520341,1.4075190971473,0.978367478308045
5314,0.0824023634090713,3.33689244055778,1.71625312710943,0.973740481886932
5315,0.0844129670490705,10.4549384307771,2.35780717252792,1.06125044303429
5316,0.0833542247892303,11.4581277074591,2.30349027437018,1.23799142891155
5317,0.0848889694623542,7.75805591482864,1.99053570722124,1.21732762478283
5318,0.0827199046339431,3.56179013176413,1.61438603181635,1.09369059260689
5319,0.0831129825949806,6.13583443952973,1.72013259311764,1.1725212802069
5320,0.0834791367777858,10.3821733322484,2.63819311912533,1.4077302338766
5321,0.0840570023167132,3.64067380002207,1.41833419504714,0.873544187586345
5322,0.082982406064009,3.07721907299849,1.43259924701528,0.912500681367682
5323,0.0841879469160346,10.427135662682,1.53008563878261,0.892367387472769
5324,0.0849377134785593,5.74819115856411,1.67807736840011,1.06782896531415
5325,0.08352611601391,9.76275915399844,2.04584379282106,1.18211550365295
5326,0.0822328083848798,4.47825670348098,1.29456673487565,1.08099280507605
5327,0.0816081740072052,3.82660529950051,1.21164095502767,1.01786749351004
5328,0.0832920565149997,4.8755757659981,1.96777018379791,1.24866007768434
5329,0.0842755054905447,11.5506174216154,1.93533294620395,1.05911560781387
5330,0.0837204331962292,5.29428569989172,2.04431718347583,1.41613618341976
5331,0.0827028283035456,9.13917465040308,2.26971793034178,1.46764030616774
5332,0.0833462819869383,3.24587125208045,1.38183785219354,0.987742622437043
5333,0.0834922296726162,4.26932287319368,1.36297379972262,0.982701254811814
5334,0.0844217913616947,6.49636246914546,1.82846867074216,1.27429839933735
5335,0.082807411778092,3.73165404481776,1.32648000433185,0.953884768473765
5336,0.084019930957776,4.70873320469528,1.96826523877313,1.00489997887336
5337,0.0832510577352493,5.04675873156164,1.93606263570522,1.12479823763044
5338,0.0846822633479074,5.63187427472347,2.34180882449889,1.10683249539214
5339,0.0833812196263266,3.65483045888619,1.4413481713029,1.10417624401097
5340,0.0834896550172439,3.7598356345022,1.5040222149998,0.956380094548999
5341,0.0850884296978396,3.68767213934545,1.48032106070529,1.02027667385613
5342,0.0837026366004125,4.89215521093452,1.57404537729339,1.09544046947602
5343,0.0821596071951865,3.27007052934455,1.66137257082567,1.09640814714412
5344,0.08459682417185,2.78696014594803,1.43591441585292,1.06339654758736
5345,0.0836598875046832,5.23672934105526,2.02559281013313,1.25468409743387
5346,0.0839546107761918,5.02845076520204,1.51718398681572,0.995145134906555
5347,0.0843970549510892,5.32561536844617,1.87825357303832,1.37789395917883
5348,0.0830391444221062,4.10650320306886,1.09427943559234,0.868587849237446
5349,0.0841021668936681,10.8161608220506,1.63438338702815,0.903571286792088
5350,0.0821035104097235,5.98220087052025,1.68359613851771,0.936753823566394
5351,0.0840177943210142,3.37572264261345,1.29643181214112,0.96748785104767
5352,0.0845613307033626,7.3655560577455,1.74451287948431,1.29185810386593
5353,0.0821675746454163,5.11865652097301,1.53212103927149,1.09530941540888
5354,0.0846456881204068,3.53460613602002,1.63767513929933,1.22369889032044
5355,0.0841727440850997,7.71772303725426,1.97515230252389,1.25599005847909
5356,0.0831881047489649,5.43577348485749,2.11294684987697,1.18599541002164
5357,0.083671174209449,3.59705860759507,1.75886412997666,1.01523935604028
5358,0.0853278052565381,4.54987157742579,1.47432264230663,1.01100353928828
5359,0.0832816657825688,3.97576322850386,1.33554722381552,1.01504351541383
5360,0.0824069384654852,3.85990765884599,1.52606501233586,1.00186416181898
5361,0.0835134993281608,3.7970365723759,1.6092702671932,0.9811763584725
5362,0.0846943517963012,5.20388147656339,1.54888585166467,0.989074541642942
5363,0.084110339965116,4.54139663828989,2.16561084537484,1.25559626264632
5364,0.0848997426068922,4.45613189244628,1.55312473643635,0.959281717263964
5365,0.08360477576272,3.42853232232772,1.38889324260084,0.999831282873178
5366,0.0847104237797319,3.15537100183772,1.38968824430829,0.915357216848361
5367,0.0822440259964592,8.48861300156253,2.09338344934184,1.13542219576856
5368,0.0829838888401281,5.96008047615708,1.73016155876831,1.1768154743811
5369,0.0837745190571849,18.9327321017857,2.47282632269053,1.19622628027903
5370,0.0835462496409245,4.65439334425908,1.21297144586539,0.933098804936654
5371,0.0831037358512438,10.3672175073224,2.05967683202033,1.19253856106113
5372,0.0840062493160939,3.02033608551109,1.24280908261096,0.990911050869255
5373,0.0835346994376877,5.46177663799438,1.90403540906863,1.17843563674045
5374,0.083748134710617,8.81356989768632,1.79840183883621,1.11098102648619
5375,0.0832461770270305,3.89035187951734,1.58318972462062,1.19276332115393
5376,0.0843412123135387,4.53192455520334,1.43829545093081,1.12265107007263
5377,0.0820316455559022,5.28191232739423,1.88054375402236,1.21389954283482
5378,0.0839519515303773,4.3491125036192,1.56624490096909,1.13678476821743
5379,0.0835908224635088,2.95519488866195,1.30898020575609,0.935485779737374
5380,0.0835995529258783,3.33772831127142,1.50579410734502,0.975395494175287
5381,0.0837068744846798,9.64296080898193,1.8316499103952,1.09924659872225
5382,0.0830002638057003,3.30463701963853,1.36166827707221,0.924159835094929
5383,0.0835003971968893,7.61408637266697,1.55101435053051,1.0571553256516
5384,0.0846385642763912,5.00341608456945,1.5940468119173,1.07894450779228
5385,0.0833914240641511,4.38846647085394,1.68810785756024,1.07395885338787
5386,0.0838269328879743,3.76095174205671,1.48277445186602,0.923481401462602
5387,0.0839603268047596,3.62601277074685,1.20083940208638,1.11902108806198
5388,0.0827912354158501,3.9289736706653,1.39998624709116,0.961414215615353
5389,0.0827847827321891,8.88962503340233,2.2135866311992,1.30997856250775
5390,0.0830996593814866,3.78138770813348,1.59509868934672,1.10685936344767
5391,0.0850462768914409,7.61841454980766,2.08271771324669,1.07060587936259
5392,0.0830008591705746,4.51943992463594,1.42107398796273,0.918845851538579
5393,0.0846926956607836,4.06694211489294,1.56146234509143,0.98204246036471
5394,0.0830931392670689,5.20136731101315,1.85962645502462,0.929581353612534
5395,0.0830064518825154,4.88192481746263,1.79742505495836,1.01170150583198
5396,0.0836514728639803,4.38607311488274,1.57006005180569,1.15221819359679
5397,0.0837517063801674,6.64173008953678,1.98680599958679,1.49436796089405
5398,0.0844354930630523,11.7779517291847,2.5540620963704,1.21180339927126
5399,0.0831277013055772,7.23744386922844,2.30758644481105,1.24815416973544
5400,0.0825659559092668,3.45360972412308,1.40907630583085,1.00387632453643
5401,0.0846637014535882,6.295119720933,2.31177169307001,1.3474509561006
5402,0.0845739743385571,3.14659924686514,1.66674089059931,1.08177227205516
5403,0.0835254590263704,4.02899215596735,1.56698495479002,1.08633798495809
5404,0.083429047913806,7.68332049400574,2.22414262397393,1.20299839702191
5405,0.0826272513367394,4.4453801638253,1.69936006826291,0.996657021390961
5406,0.082569978429013,7.82074653615628,1.64770752484378,0.995259096589934
5407,0.084792670995791,3.21434651458969,1.64145143169682,1.13323410224678
5408,0.0825547543810915,3.82365722138169,1.23590395542609,1.12746535129612
5409,0.0843667972747154,6.16026745803154,1.31853248108528,0.949525286747884
5410,0.0842982101654791,3.82271298949963,1.29491998918939,0.899263226003102
5411,0.0840750410289469,14.8250393297282,1.89567343067133,1.16445089892404
5412,0.083494216025877,4.57912245556287,1.46716280965453,1.05567822475184
5413,0.0846292014129689,2.96954146918739,1.33609742831089,0.940212087914719
5414,0.0825135573733415,8.48278146728085,2.18514882661624,1.15044553955373
5415,0.0852392658276573,6.88869262216709,1.78225041343717,1.15983845795972
5416,0.0835631970573053,4.34672551784162,1.52320300119562,0.858839188375132
5417,0.0837239777296953,15.5497570672017,2.31548088999646,1.24759539552632
5418,0.0819763777376214,3.40218736070239,2.0867152699614,1.09567377485885
5419,0.0827360701656831,7.65943050676016,2.11731308299862,1.29849458271813
5420,0.0845664391159069,10.1687122604855,2.11424892750605,1.16756741443357
5421,0.0832510796511694,5.96371127559711,1.73146139057977,1.07858298450385
5422,0.0840473322719192,4.36924679891984,1.45252276678065,1.01227652417283
5423,0.0838610693220873,4.7327824294641,1.54723021812051,0.950178380119635
5424,0.083734207458043,3.65761559241525,1.6116293153359,1.35679114067882
5425,0.0832919430500225,5.80082671529017,1.75295712528177,1.04879177692118
5426,0.0844530201882727,6.62258319499197,1.76489863305794,1.072715059939
5427,0.0839929367813302,6.0629902252639,1.82006352786233,1.07834475321976
5428,0.0833349372075259,9.20935556060033,1.8841356324601,0.960498669121337
5429,0.0833808947457281,3.63457640498393,1.55520127200003,1.08253277219079
5430,0.0820570858563127,3.89632277320349,1.56146958643431,0.996603759007524
5431,0.0837515751743062,10.2626618774104,1.82644480977164,1.18335589286954
5432,0.0832656677089125,4.55660280896105,1.93293275538944,1.1823381410471
5433,0.0841655572648922,9.39609099288502,1.93655723529854,1.19057868092464
5434,0.0840690925690016,5.61118923570934,1.61055592434577,0.896032790654271
5435,0.0842663019475219,4.96593269523813,1.70121438956568,1.05558481902319
5436,0.0840841241254733,3.61086466773903,1.38096109281581,1.10793543641888
5437,0.0823437382074915,4.61017380599769,1.75024687873014,1.26884724709019
5438,0.0846185317273133,4.4599016937779,1.40086284378713,1.20405765929504
5439,0.0833644699010532,10.0673250315009,1.74498072542489,1.00962402769413
5440,0.0816189516136303,11.0332435052897,2.46360158078464,1.39223740470204
5441,0.0839191805836486,4.06800550280785,1.67641639326508,0.976640245450876
5442,0.0821355584704866,4.50330787650542,1.94869558603207,1.12980926425292
5443,0.0838427838894631,7.81389156931388,1.90405952197879,1.05393013911473
5444,0.083251195879656,14.4288237854961,2.34661988443698,1.3544377980993
5445,0.0827003030159811,3.2677128226318,1.45449358663759,0.920220496015164
5446,0.0835611608754403,7.30051163813067,1.91231415112135,1.07614137645554
5447,0.0845858524082042,2.98238067804567,1.30025042020489,0.8995968782966
5448,0.084393814333316,4.00334224412286,1.61488462767735,1.12001060114787
5449,0.083372317241447,3.3501838947245,1.53702139993312,1.07563550554581
5450,0.0833373054843191,3.74084184151214,1.6781515868775,1.13983756424007
5451,0.0820456309742074,5.0427852336253,1.89541263735392,1.45243767897137
5452,0.0839968533382467,5.43213004625933,1.69851595484326,0.937881565537931
5453,0.0838373067975258,2.90372241131628,1.46647049829052,1.12396181627342
5454,0.0828096063107188,6.58632057936274,1.96976516735683,0.986864410888989
5455,0.0854121917211003,4.6220885574727,1.52018906536679,1.06563352823376
5456,0.0839487916584636,4.52140882701668,1.68051093824529,1.21162993833902
5457,0.0842517037328681,10.8482870837832,2.55147972346399,1.46975193342821
5458,0.0828721188461921,4.12409083040002,1.22868446349344,0.903629089671026
5459,0.0860587453968711,14.0829795378169,2.23010105436814,1.16265858298536
5460,0.0828065062747983,7.00140107835975,2.07164899358173,1.10217915031002
5461,0.0845773454836186,5.87735745623741,1.81384464878203,1.29786746432508
5462,0.0835796041585579,5.33983307360782,2.05678717580677,0.971378301637558
5463,0.0836329911069326,13.6067318365551,2.15306586982518,1.37383759095027
5464,0.0837396179039275,7.89254361537657,1.53436284390483,0.8116213413496
5465,0.0835558115354113,6.10507595292655,1.58654496831782,1.13082960392279
5466,0.0834508984495828,3.54260556043566,1.38029536010669,1.01303223369336
5467,0.0839218747951348,3.20904591508549,1.33542349846476,0.967020579510324
5468,0.0841581032964091,4.55997170533026,1.62115942846772,1.04403656076303
5469,0.082598525408365,4.39223772270632,1.70758918680686,1.14204910990754
5470,0.0831813313293781,5.87782006671904,1.53990674004674,1.20848508011079
5471,0.0829522586147351,4.63088831228052,1.82594469266605,1.08685275994754
5472,0.0839620400848653,3.85706672631304,1.57021858043207,1.08941916073035
5473,0.0834996016425114,2.9197373795289,1.07990057405039,0.871407066051844
5474,0.0816154785340509,4.10196933073089,1.3142823107019,0.991495162543446
5475,0.0839984500537655,3.55414514192634,1.52446971215128,0.913248962965756
5476,0.0836854019488218,4.95019742804083,1.81008781608243,0.972638191722147
5477,0.0827344152924615,2.9919351946733,1.30967318085779,1.00275807450964
5478,0.0846662695184592,4.540265244158,1.51603662765304,1.22761716714219
5479,0.0844900307996578,4.79834446687443,1.57534993835465,1.02963309531092
5480,0.0826828558571231,3.39854263140451,1.60918002444241,1.31295539020365
5481,0.08432363860843,5.33612127659651,1.19268142166413,0.761860595186374
5482,0.0830716072662644,3.0261793759896,1.45366230151306,1.15488797150187
5483,0.0826210717592528,3.44105485332029,1.45995713320735,1.03424301911042
5484,0.0835260861185092,4.02837510332396,2.48655439941855,1.14353536044607
5485,0.0843631534614459,7.65786060835586,1.74894138373455,1.37209344565246
5486,0.0831213638909742,14.3387644047448,3.12848518337817,1.85658978065952
5487,0.0828721829787121,3.9573373322253,1.36313313022151,1.10190672774584
5488,0.084628977657744,3.94252719481026,1.90926439080447,1.22929352412735
5489,0.0822587350194579,6.23230730946359,1.77302375627635,1.04922539499409
5490,0.083920880171672,3.18344071958081,1.6531898318649,1.09136224451059
5491,0.0842524145419832,7.70646456690451,1.69621481225294,1.03851351213806
5492,0.0826786195143421,3.84349094970117,1.56403385623099,0.911593565607391
5493,0.0827272097864396,6.60816217687004,1.636039045106,1.04933884941648
5494,0.0823424522974897,5.18312712165145,1.65012270805811,1.09923000558542
5495,0.0839171193651705,9.94131935346634,1.82485835183298,1.03495355790426
5496,0.0846499142257628,2.79669812776829,1.22748766028858,0.83647522483103
5497,0.0853088328784722,8.57673686657934,1.8838405614161,1.05794674723353
5498,0.083793115584213,4.95468951268302,1.69487669952162,1.06650280760153
5499,0.0847197468368716,3.1415919814163,1.55611219385357,0.981316281836224
5500,0.084948655865933,4.47754507949666,1.31415203082846,0.926936658318489
5501,0.0845139978122788,5.05460786752684,1.53829676254625,0.967988347328886
5502,0.0839152145756975,3.50041387735879,1.61874786244614,0.994680943495302
5503,0.0828601176045954,4.15003591536774,1.70500010163858,0.995125610520085
5504,0.0847725201334849,8.29451931522544,1.95020711255238,0.966267624616622
5505,0.0835395625036158,3.0044180896975,1.4215317502312,1.22358504687056
5506,0.0834372777533015,8.80108330632812,1.83792126203695,1.08134654735024
5507,0.0821581652629996,3.66473946083578,1.5242808299233,0.943320151569161
5508,0.0856844154835069,6.8760632397627,1.75818763973196,1.08296034384449
5509,0.0825016154817975,5.35949160914476,1.66904865766801,1.08704649624701
5510,0.0834581758641417,7.21824412097149,1.88944405489777,1.20062808575645
5511,0.0833047383835388,3.29998430854841,1.34827368117899,0.971798654526246
5512,0.0840340420048289,7.33673078868566,1.67205212621188,1.04672980601609
5513,0.0846558667452392,5.1867776943456,1.78759115549857,1.18645676335546
5514,0.0839363483856477,8.87844039141766,2.21828211518515,1.11030173732225
5515,0.083265506556591,4.96509631955361,1.73559706418013,1.19148367906181
5516,0.0839492876206857,5.1870497158186,1.44660266008864,0.945919327279994
5517,0.083556842625061,6.31222135946105,1.46611153663277,1.25962103526361
5518,0.0827689330657522,8.32996394799621,3.07830366574708,1.26461890919894
5519,0.0847453940449363,7.04477845360287,1.51336420137797,0.83064581978726
5520,0.0843308911941171,5.29202360405346,1.58780146842936,1.29104268822101
5521,0.0847472971614404,4.36662156899827,1.80629629052164,1.01240153240747
5522,0.0828056581102001,3.44618428175852,1.31048442370884,0.891931620928201
5523,0.0840908584058082,5.6854130784064,1.7644571398636,1.12083677852124
5524,0.0829509214117541,7.33599658365984,1.88560350386294,1.23595523632062
5525,0.0848336657189429,3.36547633003816,1.28877732250472,0.812266576557944
5526,0.0837422875624306,3.08215145579438,1.39873809010607,1.02769412878474
5527,0.0823037865420428,6.26614810621898,1.74004518791949,1.18403520413443
5528,0.0835771078770978,3.11245280506788,1.2207077514386,0.93757246083169
5529,0.082832056060755,4.29757731920966,1.33890757892268,0.86603314877086
5530,0.0822177832142337,5.11548223661624,1.46420413629058,0.880436476663158
5531,0.083615203082862,3.79479059661433,2.02548699227221,1.26139306898054
5532,0.08438764069973,3.73809412978034,1.44541183587722,1.05672457496606
5533,0.0820467266410579,2.70910189932271,1.16184468990953,0.886586704248939
5534,0.0829137826521407,3.09910867809301,1.20165922806244,1.00298089556314
5535,0.082812651110056,9.61078786872669,2.62774721385509,1.39577046370056
5536,0.0832593625504791,9.93132314324044,1.95782842252361,1.01180163029278
5537,0.0843317840558269,3.27240166384291,1.295414044531,0.953171474111149
5538,0.0833673488521053,4.57095429972844,1.88400671690515,1.19079281202895
5539,0.0845306303982445,5.5829197320135,1.51108515600743,1.23860708107541
5540,0.0838116249973317,3.94724296331076,1.41218178208757,0.899281416679792
5541,0.0830891806133291,4.0686451353485,1.61796284388172,1.15399657091006
5542,0.0823703974800344,4.02045216040279,1.24893686010635,0.914290505804431
5543,0.0834294869695411,10.8092947824467,2.54177985607243,1.44743491700507
5544,0.0834813406490861,3.36361182768948,1.74981990962948,1.02791301430255
5545,0.0838011459145797,13.7145647345839,2.16232061756713,0.975227581220656
5546,0.083726041640089,11.9180764011972,1.75534728453074,1.18418601961318
5547,0.0835739002178611,4.50819632921979,1.67070852582623,1.10300068889465
5548,0.0830348470871518,2.78367903947604,1.20748357660422,1.01380701777403
5549,0.0841364795356567,6.44839609320338,1.27930459802645,1.06296011008278
5550,0.0848853318078849,5.57615326514929,1.44589044878376,1.11366818882737
5551,0.0841976795731613,5.56274856731617,1.49212420502458,1.30979719047
5552,0.0831118843762513,3.30613723337385,1.33343531056228,0.991547831017543
5553,0.0819249640221652,5.40390630302029,1.47147622335817,1.03706817019018
5554,0.0826183447224649,9.04938129818735,1.6906008442592,1.2182633040333
5555,0.0827962462125025,4.6061414646648,1.99155962161503,0.951317958609192
5556,0.0839363769217337,3.9673603278593,2.02138841386144,1.03766167816047
5557,0.0834324567180049,4.51175105354425,2.15394259598143,1.13748233470071
5558,0.0817930229040918,7.07288778806878,1.50429088533215,1.21596741347661
5559,0.0825770123184472,3.39370469082907,1.27729933099955,0.971128697668692
5560,0.0840061770760648,11.0793790130955,1.86490549244596,1.21069035418075
5561,0.0832134785164158,7.66307257385682,1.70486784631618,1.13662750504431
5562,0.0838892814383767,12.5405798265691,1.83404361742856,0.995765330826777
5563,0.0834825465601428,6.82134551474067,1.7351083466737,1.00438194646666
5564,0.0833940217731984,3.06381924692451,1.52186652687354,1.43555473233359
5565,0.0848141423255903,8.2483202409514,2.18237966553973,1.29211644381426
5566,0.082321091375975,2.8754367399696,1.10321337768124,0.805178041710467
5567,0.0838636841113342,4.29247018476136,1.51359674118163,1.09535205902669
5568,0.0844928811405269,2.96200210274446,1.31446720817585,0.990344091502462
5569,0.084567926567621,5.48576551178958,1.54235218353336,1.19244625725034
5570,0.0831182532494496,2.90470002318247,1.26177975270182,0.900016905268879
5571,0.0828612467735152,4.17452653689512,1.66101827742971,1.33282333709678
5572,0.0822209861522068,5.45196467981985,1.75385389061819,1.05724061286612
5573,0.0838198215622366,3.85833420058439,2.12963632847665,1.27960650574327
5574,0.0843767108042159,3.71275152802445,1.29621910264036,0.86186259355756
5575,0.0828475584735082,3.34540972938762,1.63666339366568,1.04285302889792
5576,0.0845751063834802,17.3453450757089,2.35211907250814,1.36576519966701
5577,0.0835558652383294,3.30588218035738,1.25013725373942,0.951683869638535
5578,0.0841015904605572,4.13620530240419,1.39245789174541,0.853842184151753
5579,0.0851973224822867,3.9916714750612,1.62456460270454,1.00594992647765
5580,0.0826959734960556,4.93896173502504,1.90566799395333,1.00880780661015
5581,0.0846077497551056,4.58155771455863,1.67834761008423,0.973623896963553
5582,0.083485091214071,4.65636441586528,1.29332807525781,0.847271862993375
5583,0.0844210662557728,4.71802208461088,2.34721980534247,1.28711551511228
5584,0.0849195266223052,3.87209914488784,1.98936901585944,1.0288537583079
5585,0.0835144454587686,3.83565053599368,1.62282811665779,1.08066824256045
5586,0.0842842583528202,3.75910685886066,1.45411370932787,1.01086000735491
5587,0.0832843918600655,4.03478407777174,1.40161145952344,1.29386596498698
5588,0.0850825308010809,3.83822587369947,1.35625034278382,0.941754141690977
5589,0.0846830014419959,3.43191772399404,1.31664484134753,0.949509781664153
5590,0.0844431757844797,4.787339348927,2.32997642230526,1.26945655865266
5591,0.0835242256874683,5.02471908998522,1.18466457735131,1.07742611857729
5592,0.0820565292239714,6.75169013448907,2.03398890574515,1.13310525875789
5593,0.0833164017852378,4.47658845822863,1.8664342870111,0.956381221189669
5594,0.0841169482054356,8.24205547294786,2.0474619318979,1.18422190380886
5595,0.0834453705361127,6.05960337352914,2.08884910207352,1.48006179733227
5596,0.0812327503060266,5.44607638574449,1.627797055101,0.96235752363188
5597,0.0836639068145017,6.24552594909154,1.86003300553202,1.45395392440776
5598,0.0828898727951759,11.8452534979278,2.34398411250829,1.40660798543274
5599,0.0850333502364377,3.21682239484215,1.18686928275427,0.921255191096569
5600,0.0833292608293872,4.8322340652125,1.57423064253169,1.11812856750404
5601,0.0837205447294855,4.46182490395292,1.1621429986256,0.999478702850603
5602,0.0835066050249827,10.6943697974957,1.61052865150612,1.12277467989364
5603,0.0843063282662741,9.46530918195326,2.5677970498657,1.18466356933497
5604,0.0827087842867318,3.34081724287272,1.66389724297322,0.829082806060172
5605,0.0827992701201593,10.9056555510421,2.05828416846199,1.46711755987978
5606,0.0838694721026477,14.8795928695078,2.553835965457,1.30623674188494
5607,0.082962753932368,3.35125453256577,1.70029224262403,1.08624782748386
5608,0.0857116802640065,7.35280316354287,1.79317666629482,1.3226510814795
5609,0.0853789564760552,10.2317139795996,1.88763791023759,1.37164097357367
5610,0.0835347392507423,6.17753011778451,2.11685151113539,1.26783796374948
5611,0.0834641633813043,11.7048839693012,1.77754847835468,1.02698900601556
5612,0.0835401041247376,9.5402301529237,1.45134897274448,0.882095439383397
5613,0.0849398302924079,5.85995892086183,1.96430665938201,1.08433153643241
5614,0.0837314414112403,4.89141470421653,2.08032599377304,1.19996765923744
5615,0.0842863033489797,6.57626903524948,2.39166097735082,1.21087735751559
5616,0.0827378797098939,2.85013972932393,1.50335717501073,1.08956545506661
5617,0.0841104228527742,7.05306695884543,1.74767131444138,1.05706039765716
5618,0.0845661892588887,4.01440074479236,1.67660960342257,1.05602065309528
5619,0.0851852197865842,3.69197969594822,1.90302791587629,1.03558733142407
5620,0.0846727497556276,3.64824621612043,1.42804638256872,0.866566048802845
5621,0.0836636485029859,4.29223052905123,1.67444005648448,1.10183713608152
5622,0.0823275836314013,4.09759932550442,1.44801576485298,1.10257291294229
5623,0.0830795085804421,8.4041006923657,1.3587215470281,0.96136657117628
5624,0.0828445118452998,3.35211088195001,1.31399851008945,0.967603590121694
5625,0.0831209818755582,5.39685630871912,1.45577021021535,1.03690150763424
5626,0.0840244004390606,5.98102774542697,1.47805449830745,1.12370329924391
5627,0.0831063952643275,5.26596760483981,1.61833514148304,0.928380105024138
5628,0.0833140231982471,4.30130459997188,1.59220610294568,1.12888697878408
5629,0.0840170969883958,4.36966880165494,1.85443107674928,1.30079797872837
5630,0.0845479348756212,6.01472704336523,1.51992891749588,0.938992539412759
5631,0.083546129076481,4.88171896713694,1.88198003476269,1.05119484065006
5632,0.0838377641016069,5.35208859216497,1.52441610932299,1.0764908320152
5633,0.0824203858196152,4.0229912278639,1.69814349669262,1.06728674183335
5634,0.0835667659208358,4.1412438547247,1.4620865861801,1.06848251895541
5635,0.0831336282748301,11.7474267313214,2.698464916383,1.11436777963761
5636,0.0832855923285323,5.15397960119854,1.7469741679783,1.29966063227201
5637,0.0821677905604437,4.64882361541649,1.54671347394733,0.920458543507841
5638,0.0835183739724232,3.70365491180098,1.68284580700627,1.20257788690548
5639,0.0834810277313252,14.9851246922337,2.20358757245006,1.09852021925174
5640,0.083431875103096,3.547788054665,1.56886938210008,1.1086781673458
5641,0.0825655501332634,4.54356164348351,1.86423441826793,1.12277424780196
5642,0.0841000399800441,3.26742874974458,1.21715351188501,1.08379645700113
5643,0.0835816117867516,3.27828595161662,1.28032784806456,1.14093633663399
5644,0.0813237154440317,8.03996816265655,1.43382634952181,1.04843899086089
5645,0.0832543896945914,3.86421002108622,1.45942442221442,1.16331272258187
5646,0.0828157131297002,3.94274765015612,1.94382720701901,1.35251906823226
5647,0.0842899321330467,8.14369322964443,1.62875998001559,1.09377146180207
5648,0.0826551266832474,8.84493367811411,1.75509544397133,1.2218877512041
5649,0.0837895634631648,5.48511576695954,1.80636825259821,0.913788477153444
5650,0.0830365724463895,5.297346696829,1.47538947203671,1.15257607166652
5651,0.0830545314552014,4.7515324454814,1.84197036979644,1.04995349456527
5652,0.0837114695773564,4.12139478898724,1.34006763227861,0.958634562682047
5653,0.083254821873414,5.92988061302167,1.62155430346909,1.35864882259472
5654,0.0830656516415285,4.28243812066485,1.5241083221785,1.0482247494254
5655,0.0832036798486394,6.30531771340394,1.53245063202892,1.00108841413736
5656,0.0838631012775784,8.5494851522128,1.69659477285741,1.0510331654815
5657,0.0822584309683198,3.78205456892571,1.52048019778969,1.26290201634536
5658,0.0851672321558404,3.45922251091497,2.23035439722227,1.11583295971011
5659,0.0849999968471136,4.33610636043044,2.29557482864863,1.39686351159829
5660,0.0836201878118862,8.04982104092543,1.60949369207305,1.01838369597522
5661,0.0839478969929779,4.33752253329288,1.92692117965662,1.30906825283437
5662,0.0838290278073629,4.6019139006895,1.51155433297457,1.02862949710884
5663,0.085123250433871,4.05095022573412,1.65894968138169,1.09339121137057
5664,0.0829172775276797,7.19173845543982,1.68818742515865,1.00257749354666
5665,0.0835111816730741,5.09772988814223,1.66468780476926,0.992459770462332
5666,0.0835784680800969,3.70199549482952,1.62151411462309,1.02997704587567
5667,0.0842500671626012,5.5889950360914,1.42578918224752,0.924046766288313
5668,0.0841841247972878,3.35637383544214,1.24127700000211,0.891773977619735
5669,0.0835051457786854,12.7710332827122,2.18871835278737,1.01241114131554
5670,0.0844018422207371,8.01838967893294,2.20839667436733,1.16129511121257
5671,0.083527595641098,5.70275165259895,1.63653966678569,0.949474430558784
5672,0.0841762263358689,9.77327950466429,1.62517597726455,1.07535959828153
5673,0.0823332641442967,4.4597913039012,1.56948602263095,1.03284027025895
5674,0.0828441448335414,3.46702141246155,1.44084698985827,1.04762938565996
5675,0.0834966852207044,4.74028502266764,1.68064472599944,1.0591654765207
5676,0.0844563441170692,3.90224118183035,1.45222660462234,1.01326549289351
5677,0.0830749996389262,7.54094897705477,2.15070456239083,1.06156836754733
5678,0.0849035947977255,3.44838881439133,1.22031131230215,0.873265392348231
5679,0.0836238740878686,3.4665822018791,1.4389175032608,0.998031212344872
5680,0.0845803738404776,3.41992148133625,1.60429905050296,0.921037874017883
5681,0.0829789709143081,3.13992680055759,1.54482224383023,1.30610427818835
5682,0.0844420123872703,9.09911093077672,1.69219471934516,1.22269604798959
5683,0.0841477373548436,17.0156922666584,2.86313784441445,1.37005140257126
5684,0.0843006857067581,4.22637307770893,1.62823897705261,0.976207672631127
5685,0.0816678162754775,3.24114023279445,1.46207166794949,0.828898010473262
5686,0.0840782452652106,4.10026300403469,1.73394581828595,1.12171136738948
5687,0.0831205152237622,6.32155037229533,1.55353893780337,1.13172126366254
5688,0.084507687907887,4.87413981979625,1.5162710766749,1.16802917101511
5689,0.084879335942094,4.31374493608822,1.81651513203448,1.23842107560328
5690,0.0828316481097708,5.42991904205109,2.04745127294203,1.14027948832294
5691,0.0842250145050256,7.72057892598577,1.65530707477323,1.0436793686226
5692,0.0835926797799638,5.87707409661881,2.19052002200939,1.07033873502144
5693,0.0842420004185077,3.87118966768246,1.41020149200585,0.87464138582946
5694,0.0848453010338926,9.87175220672391,2.1832809385493,1.28985489333928
5695,0.0843090143306971,14.9206426930598,1.83031121936047,1.19275731746367
5696,0.0813232184587776,3.27432829529454,1.58264968526461,1.08274673472984
5697,0.0841814198819369,2.86923597403081,1.51449856733273,1.08514786832123
5698,0.0828904904695745,3.60905202157716,1.2269983507152,0.872173160983698
5699,0.083813221478037,6.94158907654877,1.59308527045906,1.03423499520235
5700,0.0826060967536574,3.3228737990409,1.43030583359856,0.915300573268955
5701,0.0853757650950363,5.74109681124062,2.17678605010388,1.14332994871503
5702,0.0826428495621286,3.22733143684326,1.48845989890491,0.958231650701757
5703,0.0827215551938549,4.26871121112371,1.93868327604009,1.12414114280465
5704,0.0834920922545417,9.32741395386824,2.23481735084358,1.28952015442362
5705,0.0834085776803924,3.43338604582723,1.61006722424162,1.13314990492775
5706,0.0834828034113754,7.33840488554616,1.95035425239525,1.30154011429307
5707,0.0830474584624233,4.06555091763669,1.55945335878456,0.915460278355842
5708,0.0836852887800668,3.82157361368799,1.43599409269127,1.09237836803326
5709,0.0828475668415691,6.59259649485518,1.84170470601736,1.21501069950421
5710,0.0846481622363988,6.68824053593973,1.52785412099247,1.20405168657653
5711,0.0833864135393372,6.38953870225141,1.63754405292357,0.932948000577317
5712,0.0846461200065842,3.02703246385758,1.07824109645721,1.04105472551911
5713,0.0830037649828995,7.63887105884693,1.79374034510903,1.17809716274658
5714,0.0840220371135323,3.26269605307942,1.2529681396645,1.11053568102772
5715,0.0835468184061976,11.5327236015535,1.69419132511526,1.08903276624387
5716,0.0840149612300017,3.99602829360442,1.90718099865738,1.12872698491599
5717,0.084279087140084,3.73360798496668,1.42777908546388,1.03738816889905
5718,0.0844881419963083,8.39666654606727,1.78098334475278,1.33340667935353
5719,0.0836648524748053,7.62032275439096,2.01860682812497,1.07961714433227
5720,0.0840096339408284,7.38884407267579,1.90405146383901,1.03640709897761
5721,0.0832442476272793,7.95869267719407,2.61928477306383,1.24425875286784
5722,0.0826466810260587,3.56184295171555,1.38977741854872,0.945764626098442
5723,0.0830911984310044,4.3543324418161,1.58179186182277,1.06681636148527
5724,0.0822613134744256,4.92939008890739,1.5404007876009,1.03521833409256
5725,0.0816649599050474,2.99097976822771,1.48579531945767,1.14772323708853
5726,0.0817161897574211,3.55821434554788,1.42065720671012,0.883511988623403
5727,0.0829162791111625,3.28748232259351,1.51482537797461,0.916284085089925
5728,0.081500532249253,5.01921960982384,1.89347301189628,1.2438876609582
5729,0.0838205129218912,4.67828968331395,1.25596697262036,0.941277316073768
5730,0.0824498933223042,7.25353540530878,1.77562362586231,1.09262067143979
5731,0.0836092253318989,4.41747719729593,1.82136385598382,1.0244803373417
5732,0.0836471493093375,10.3801879812437,2.29969010587487,1.56188083917683
5733,0.0832942977708343,3.15456852914369,1.35152405680132,0.9331786845476
5734,0.0841713333372178,3.16078166758821,1.34402712279133,0.940565629921987
5735,0.0829773731268118,4.93779696909421,1.87542866441881,0.994446856087581
5736,0.0830185012730452,6.32517609228763,2.28347544726894,1.22348931317729
5737,0.0838012120041319,5.41259984348277,1.77211331818469,1.03036230824321
5738,0.0858317649115982,3.27943558206171,1.2519573730987,1.13808189167369
5739,0.0850978963742018,5.38360503025885,2.0857791580858,1.1926239300145
5740,0.0842775242452586,3.27623389234258,1.31416280084865,1.11416731792186
5741,0.0842258876719697,11.1397177632832,2.12072498532179,1.20733191408989
5742,0.0844445803237722,5.39769853318436,1.48432429190125,1.0265262346048
5743,0.082840814489166,9.2134813520317,1.79371701028492,0.973202461602945
5744,0.0847146235187044,6.7522840336068,1.8009076745937,1.20967777439253
5745,0.0846066497658599,3.24387882041948,1.72163324462698,0.956066738397428
5746,0.0831115691917678,8.17452819062394,2.26351457471627,1.12802154095612
5747,0.0828795576536851,6.81550625525572,2.00849948846132,1.05168950049398
5748,0.0849245959710565,4.29139069909753,1.50554574969905,1.27765366356458
5749,0.081452890629397,2.78135919244886,1.37422105682864,0.78970016911925
5750,0.0822268003369634,4.34633541406863,1.58150708949359,1.00458649348422
5751,0.082323031582923,4.97338381913712,1.42120341192161,1.00689709120434
5752,0.0839015450986992,5.39681692708759,1.79945265986358,1.01848914834649
5753,0.084005439214798,7.1686933153915,1.69205807285,1.14476400294613
5754,0.0832509602790925,3.75414599513268,1.3996835943729,1.01515301068328
5755,0.0842289125577109,4.10290002758903,1.37472963858967,0.934483505489711
5756,0.0841189230468288,4.72474823931822,1.29696898663928,1.27087339512031
5757,0.0839325495692212,3.06537607475201,1.499810598895,1.07431712400639
5758,0.0823609522518408,4.46958471693615,1.6950135793441,0.915010535740298
5759,0.084626361195402,5.63763539417454,1.70290215447319,1.01499732823507
5760,0.0832659527300554,7.60168205638448,1.4188875301451,0.846489069771569
5761,0.0850611065256509,8.73254494106303,2.02502251976369,1.10243365103623
5762,0.0845758177708526,7.36328944215163,1.76680994931895,0.959429694509843
5763,0.0827254503822281,9.72458280334475,2.74951836681758,1.17705045350343
5764,0.0846071785109236,3.28868803916037,1.45685567542756,0.971199916461961
5765,0.0838252258519403,6.32616313647374,1.80452974599922,1.22674296351061
5766,0.0836040907808351,8.73826764088673,1.88616845108932,1.23523681131316
5767,0.0849793985709781,4.75039514823312,1.61759149974735,1.13543667028933
5768,0.0833946139875965,5.82724218321777,1.48965505335792,1.22376871634826
5769,0.0832058454138292,3.45712782886235,1.63203893879121,0.996256320966783
5770,0.0839856981472061,5.0893700313561,1.62046011281913,1.29109609340961
5771,0.0833160010079009,10.7843760054535,2.48151230997781,1.37744211890529
5772,0.0834609445474033,5.42437937967654,1.32849168530243,0.938606182474669
5773,0.0829101787623139,3.18959697546145,1.57377873836038,1.07986985130636
5774,0.0837403689941365,3.67596778914137,1.68708068452495,1.05850713743312
5775,0.0837418145548916,13.3790999528279,1.97724289783648,1.25337316156635
5776,0.0839558153040553,20.5965946425816,1.92515185367303,1.09672335628032
5777,0.0836899398436506,5.96338537611598,2.08254960466568,1.39608213542804
5778,0.085754099200964,5.011341820845,1.63490715787881,1.1221421450611
5779,0.0821999067273238,4.76357629946216,1.55129443262536,1.0360509003575
5780,0.084024552100943,4.0030926008289,1.58822894700984,0.945906989633556
5781,0.0835024621657903,6.0198222988256,2.15895474837809,1.16378793574426
5782,0.0828258967084793,5.1349339327737,1.87845277608274,1.09023490657065
5783,0.0845126120897649,4.20345036770329,1.71248505389353,1.28653377566952
5784,0.0850525177739122,3.4698005114056,1.70400021227693,1.0968714900583
5785,0.0818571130518653,5.9497716220812,1.60384932980146,1.14820720578554
5786,0.0840077812480244,8.22185394129727,1.88640371027553,0.98497294038576
5787,0.0844550830970387,3.64958147251698,1.5865635056946,1.07106460958472
5788,0.0823011103426396,5.74668125254461,1.38146765484296,1.13222492600256
5789,0.0830872848672371,2.83915904198014,1.71125831752862,1.26412615029897
5790,0.0833763969448715,4.23468006817233,1.91197635576711,1.26088638504739
5791,0.0822706210378915,4.09340591216673,1.34876270119941,0.994817362631008
5792,0.0851660466577938,10.0156796792446,1.82601944533437,1.11938945747698
5793,0.0855306182222194,3.83690174914266,1.45663254075308,1.14168112461259
5794,0.0835303923708232,7.26699021325309,1.64303923276661,1.13318277662633
5795,0.0840899617134888,5.08385080570033,2.26766335340552,1.49955581386047
5796,0.0846613359125225,7.13311410459086,2.06152780274767,1.16120884360364
5797,0.0822145232193395,7.9673323794852,2.13072649750854,1.62952598155133
5798,0.0818800670982964,7.95418069870534,2.12141539715964,1.28798347120672
5799,0.085261232700399,4.67552518073456,1.70810751247578,1.08912019064065
5800,0.0837553939267052,4.32676443804431,1.90654513758545,1.18816055909314
5801,0.0827176875331222,2.81857334870845,1.23972889285912,0.87621667768163
5802,0.0841099713655725,5.9815061653923,1.41819262476661,1.06392150045783
5803,0.0833157481796206,5.87868242424221,1.87601015054736,1.09273458894627
5804,0.0835522742311814,4.84319149870501,1.81764160235713,1.21283146476227
5805,0.0826884273519334,4.35675037348928,2.08062645143114,1.19093397803044
5806,0.0838975227761376,3.22483194937939,1.20429355001521,0.942782319407816
5807,0.0838732638183144,6.57177144356377,1.59511216545633,1.0701411868079
5808,0.0839838783343072,4.95083632454044,1.40572265899878,0.950015407976158
5809,0.0845712990849523,3.07213325943087,1.20047148441135,0.967147829050241
5810,0.0838248147395262,3.65412743018342,1.50098018030223,0.851034170083429
5811,0.0845118271842329,6.26394120306374,1.972292824457,1.09333590049697
5812,0.0842366809574357,3.72756413981527,2.01610499936851,1.3809348225201
5813,0.0845414880540044,3.07357372366267,1.2913615827156,0.962873349067519
5814,0.0823699308551948,3.68123315227504,1.2928010777322,0.967862736428416
5815,0.0838136053323843,4.0475317215043,2.13786123494722,1.02803172691691
5816,0.0845394903385848,4.42755513328994,2.63324807723422,1.35138871435465
5817,0.0855384826909581,4.54206543250341,1.58711011969133,1.13835383746081
5818,0.0834466923632747,3.25795732376462,1.4694175130251,1.11269170329276
5819,0.0840370727168495,11.1115949236233,2.04381723211039,1.09814865181212
5820,0.0833907494521637,8.02870250229457,1.81268730961848,1.09172664889567
5821,0.0840944240397178,7.98353283342599,1.62272765247631,1.29555898822632
5822,0.0824766198745486,3.98802004426989,1.46803918572763,0.878345200817604
5823,0.0833715291446941,13.4141645795041,2.05696017972836,0.977097652112386
5824,0.0837975826824411,10.3784066613648,2.05232957498356,1.3013014082262
5825,0.0845414574651967,3.0241290758635,1.24281822632358,1.04289796511227
5826,0.0847497211435563,4.56589356273045,1.99903937989399,1.11652621471759
5827,0.0832415028759824,3.97836164061389,1.73081666109013,1.16691531893469
5828,0.083628535501829,9.90068950285663,2.11530886124792,1.15920806468738
5829,0.0828159331818213,4.52951586298955,1.58991572900908,0.942506066776803
5830,0.083330759528744,11.9903305029392,1.78798607594936,0.911291887805897
5831,0.0830391630354188,8.84121329093648,1.55133872314847,1.1497497351868
5832,0.0818979085393278,4.99660150711366,2.32318047514472,1.19903333342872
5833,0.0838888976080216,5.84764853907254,2.29226624817431,1.48586728545492
5834,0.0828580974500288,6.94813246325287,2.22748787432331,1.33101824620881
5835,0.0829067877157612,4.79373101495835,1.78901344963841,1.14654929596315
5836,0.0832978071485925,5.45035042355083,2.49360318939623,1.22874006312226
5837,0.0847094809574515,8.19694364485448,2.36461960437229,1.14440248071318
5838,0.0843239862093992,3.93815366137723,1.41596232548584,1.14427182962875
5839,0.0824034941847313,4.03216925351783,1.36329640018885,1.02726189509408
5840,0.0854131938732807,10.5579799407797,2.69993269223734,1.38391577463946
5841,0.0837066908851571,3.71062745882494,1.68776302157812,1.21541336712809
5842,0.0831138499989766,3.13932399325485,1.30077741087146,0.950137930459964
5843,0.0834199512112821,3.85541074696171,1.48286627849697,1.05872494528811
5844,0.0825089350553903,4.2049238789992,1.47160502398572,1.00946397995249
5845,0.0827104997549513,5.31413456974046,1.73678489244976,1.13312110814856
5846,0.0851116438603755,12.4888625342039,1.92820754075416,1.13204332361009
5847,0.0827969166943816,9.55477019113638,2.07759454120696,1.25348196478376
5848,0.0832595211899191,3.46229853402758,1.80270326960261,0.99094867665583
5849,0.0826193696024394,3.60442771590482,1.53252918766815,1.07447856670005
5850,0.083542876598687,4.39936642721167,1.61227260739895,0.986869320617963
5851,0.0848640338072796,11.2279735992692,1.78956329469109,1.43002202600596
5852,0.0826939709980842,10.2562721409317,1.9265416001958,1.34542249178308
5853,0.0829919850722982,11.136364168773,2.82797162394229,1.12302473366727
5854,0.0845654824259917,6.91043892312101,1.64750094236453,1.01068561416395
5855,0.0835770735812185,5.63542663678873,1.94121642168089,1.35740373018553
5856,0.0827778783846062,4.36056307268458,1.92688341669812,1.39552214511136
5857,0.0841078247054613,12.4895920421551,1.76544605948685,1.11970711986295
5858,0.0826102421585721,3.85650108630842,1.51390128566996,1.18606259692792
5859,0.0821958960853725,4.38408885066331,1.94433319272321,1.23627346453983
5860,0.0833932163562236,19.7252425047253,2.46651972654196,1.23993768904656
5861,0.0846754520266925,13.9387546497395,2.00314869709208,0.98048660570112
5862,0.0840475906707163,4.63107700324431,1.37590621902058,1.03116572545712
5863,0.0831565859904154,11.7145919685036,1.96804778247547,1.19409297155802
5864,0.0843859450344692,3.99555640553411,1.48157130450041,1.03009275074681
5865,0.0834113957646862,4.33406715391806,1.8751020837775,1.18051861297917
5866,0.0846460780696404,3.10404298489889,1.43022299271102,1.03353507809678
5867,0.0831460373763067,3.85244457521844,1.46140560984144,1.12709110385884
5868,0.0844688773790897,10.2352488148792,1.7710085856756,1.23228564357377
5869,0.0836295975672698,4.88794937555519,1.45653038077476,0.957338231868974
5870,0.08394019448138,4.55794470880175,1.53191754589686,1.10145907092331
5871,0.0834550324144399,4.95736307861772,1.56392018909833,1.0646129519358
5872,0.083944113088859,4.34076504390948,1.6732531701961,1.14553217904605
5873,0.082694858406203,7.88098349343879,1.45903431407032,1.13796114383734
5874,0.0822638388008476,4.75976961797827,2.13750411091463,1.08117943369961
5875,0.083768980150955,3.50874813318467,1.45758157376328,1.14093582731572
5876,0.0828448558308725,5.22252371758775,1.39351687011088,1.0548546261004
5877,0.0830888165984155,3.38682618867455,1.66332145784459,1.04043050778197
5878,0.0822144313224516,2.69040531973575,1.13183711436348,0.986042430354629
5879,0.0824972545765177,5.35419074772307,1.63890765513298,1.17886889199052
5880,0.084678109494621,7.30992708956748,1.8585961671278,1.06773936615039
5881,0.0841467643036331,7.71121789883304,2.00999169776829,1.7472530557007
5882,0.0835276033774834,4.88602260485175,1.56634945793885,0.993679611209844
5883,0.0843637994174777,5.22602560451001,1.65302953968566,0.977073869495052
5884,0.0816618971160139,3.82029794691412,1.40338614974852,0.968368081413924
5885,0.0837546879522464,3.11858999651271,1.12129839676269,0.788839291663071
5886,0.0838691535404336,5.14495236881518,1.60985462552504,0.948216567639997
5887,0.0838015825240633,4.68861096241892,1.58221215729347,1.02267283032835
5888,0.0834901993310338,4.14319555623032,1.69986943284114,1.08879749501993
5889,0.0840088436084103,3.8488817237239,1.4066289476223,0.949562980139546
5890,0.0831363464879776,7.55496417074136,2.09867907018335,1.19983778299431
5891,0.0826779665988245,3.81368410886539,1.33112567672114,1.10460340108532
5892,0.0838711198016843,8.73182618980149,2.15696774024096,1.25009737044229
5893,0.0847026891900554,5.19300912571658,1.43995797085574,1.06246568337109
5894,0.0823350577812961,3.63748993154649,1.57572146718767,1.15364123406376
5895,0.0834220500432208,5.09552838893072,1.8293837021321,1.19979764787251
5896,0.0843729545474407,12.1375598920687,2.5453759094671,1.34089679020032
5897,0.0842060644528544,10.1400879718179,2.47326327839971,1.58028456778307
5898,0.0834205648919676,11.5961989484683,1.73994093102713,1.04282201980183
5899,0.0848914412665001,8.41573130073485,2.15200928917617,1.08005244193493
5900,0.0843250084645627,9.99297148344383,1.81365248285888,1.25062099742471
5901,0.084360709927844,4.13589463941506,1.71038837226059,1.09136893420207
5902,0.083319853834942,4.93429595640611,1.50637454457364,1.0442884375198
5903,0.0829140633254474,8.16327750506238,1.42567770703961,0.938576132451145
5904,0.0831532658793679,12.7757072839248,2.74488078905576,1.68036347491386
5905,0.0841494045373445,3.77431277870345,1.49920470542702,0.872124332630299
5906,0.0838224611141072,6.71100739902084,1.64621790647342,1.02135470984212
5907,0.0833250674577436,9.35440997977082,1.90088176922291,1.07872704579536
5908,0.0821635847311336,8.26899254737471,2.30497764040615,1.13349357809789
5909,0.0825925223794119,3.81962128115409,1.5665478752701,1.18666494519474
5910,0.0841215172099691,4.22288257549251,1.44555503702444,0.81136520718879
5911,0.0835832191105891,6.03157682917753,2.18000725102325,1.27918071097379
5912,0.0833588124948582,4.39132270099026,1.24375774063206,1.0421853963408
5913,0.0838346295560959,3.93228820917776,1.28291055053673,1.05227343064125
5914,0.0843561548758518,5.90070345552156,1.56815256745144,1.08981286894823
5915,0.083320812668974,3.9232294063289,1.29854648093501,1.1177639379327
5916,0.0845648649327305,4.1745138028308,1.23096303015086,1.06132814679498
5917,0.0856484015390828,5.14401897394439,1.42843243072207,1.06626711347101
5918,0.0822281161177823,4.02739232538245,2.15784914037553,1.08593696874198
5919,0.0835875521882654,4.73637815207254,2.00441049762678,1.05999881370222
5920,0.0824670009091642,3.57513496860731,1.11604507293521,0.76967642963672
5921,0.0830423470140857,14.3849624658293,2.76823116682112,1.44134002741327
5922,0.0823466411737818,12.1806968895538,1.95696001647368,0.88461680236855
5923,0.0826491102913939,5.99452051594885,1.7232871397861,0.998677451324411
5924,0.0840122026338657,4.7727622853123,1.7208028327303,1.33675040978986
5925,0.084034865870597,4.63141984451868,1.66059570477786,1.02230856817395
5926,0.0831537869105917,2.79580462403656,1.2802204752597,0.856310750100058
5927,0.083448878145443,4.44971858608845,1.62009430753678,1.22804821658694
5928,0.08290445318197,10.8139697521053,2.14436973985269,1.46347306416307
5929,0.0829894105986582,4.68764151143629,1.70379352000616,1.14671126749533
5930,0.0836322544684942,7.74993577773736,1.59343001772446,1.11225997357354
5931,0.0838160212061577,3.18760821124888,1.35929513611004,1.02889360503111
5932,0.0818091416445216,3.85535682415763,1.48608739097803,1.00030373423104
5933,0.0824591030984037,3.28220794102918,1.42117462571715,1.04258647170468
5934,0.0839791940678537,3.1021953574536,1.64646436159819,1.1748157846244
5935,0.0823143197255836,8.26785207625579,1.76772451876924,1.20178657407229
5936,0.082038594733868,3.83110443320246,1.33472174632822,0.966728170696804
5937,0.0829295656854444,3.3357720502946,1.1657130146271,0.851786866301428
5938,0.0836641591931909,11.0051626480509,2.45272925858455,1.31676308203785
5939,0.0848286911928949,3.28684839576315,1.21620413433231,1.00220600212433
5940,0.0834374068346072,3.8346370613985,1.66381680668541,0.980988383395082
5941,0.0828523736384574,15.4721407947731,1.77327859257224,1.14597406326459
5942,0.0844464424923295,5.65477362960308,1.90158937335615,1.23658982317172
5943,0.0819804369287221,3.29918928090069,1.58587589121062,1.00431598271384
5944,0.0838778485704498,4.83176254523106,1.62114088928794,1.25381176221229
5945,0.083019741352805,3.72987121781636,1.41424277262561,0.984677204250174
5946,0.0830641341911622,5.86956438442934,1.99408586195085,1.09848724695742
5947,0.0836967518753948,4.3795769025695,1.38027253709519,1.29301959668459
5948,0.0838903077199189,4.27705516451046,1.8365224502181,1.49200652049053
5949,0.0821877805379856,3.89252299142883,1.39617728442484,0.779996905393885
5950,0.0835547857850713,4.3089187577688,1.87068018603276,1.21969116225021
5951,0.0833110970161544,3.88197899188721,1.52721446631527,1.01733224351541
5952,0.0841857132371354,5.16598189139931,1.83644301755073,1.12377065116179
5953,0.0833408390239741,5.16727522951283,2.10012454420655,1.44848880751486
5954,0.0839851762934055,5.11822223530226,1.63802593542604,1.04416505158328
5955,0.0834574181300445,10.6953487543033,2.26164998126183,1.06262693060024
5956,0.0847426521918332,4.52182249220951,1.45904687842244,1.08248840954394
5957,0.0841322500722503,4.73360838676526,1.59272374804202,1.0692565112833
5958,0.0843634775455952,7.96654333090447,1.74421485346408,1.18796740394896
5959,0.0849207251317888,3.50376705662733,1.43778597163635,0.91022781056441
5960,0.0842414501680224,10.7582641925419,2.02038650992533,1.35597667861529
5961,0.0832101174334485,4.59563146706748,2.28603381863374,1.47884093823037
5962,0.0833936929669923,6.28194685005229,1.70451796494794,1.02490287293155
5963,0.0842409484494367,4.5846277446945,1.51450820372312,1.04034898607115
5964,0.0834512410145474,4.79628752865741,1.34215546688399,0.973471444931146
5965,0.0832497071128204,4.58581370344778,1.51901042797863,1.18503219488469
5966,0.0834485819305388,14.1772579931565,2.7196460699578,1.42890140014273
5967,0.0835139466041731,3.80422953776166,1.52746410401999,1.01492255289481
5968,0.0842732586945012,5.23720064223024,1.89307479438547,1.26347272316147
5969,0.083010290613745,5.26157137908579,2.15541602998548,1.00976809307436
5970,0.0820611013101284,7.2187420700545,1.60608733726001,1.01403662539729
5971,0.0822176977279423,4.21317427605284,1.86391637042709,1.14070409438895
5972,0.0845315015171913,4.30878290544769,1.65427209569414,1.39823483003676
5973,0.0826375964926426,5.89637861314754,1.51235642579191,1.3031336531505
5974,0.0838109331799959,13.0873936545309,1.67745076220486,1.31647023910635
5975,0.0832556998668898,4.61595430914762,1.66782685941652,0.923920307587287
5976,0.083502115264399,4.4949895490123,1.89898764609558,1.17272027661093
5977,0.083574401220871,3.00024305400957,1.23231874081389,0.875603077537387
5978,0.0829047119566193,2.92113510747997,1.36347790793064,0.869034953255085
5979,0.0833576864617603,4.31824968320472,1.61839368470155,1.0477379995384
5980,0.0837615530560816,4.82560483541341,1.50929633027936,0.984543224387349
5981,0.0827626412417393,3.35731696070335,1.2514379275341,0.9288279042225
5982,0.0835617657331976,3.68615029747441,1.31610203578204,1.02635710058447
5983,0.0838538253396571,3.05512650566074,1.25928311694445,0.942948040866772
5984,0.0838273976601624,10.3936793285683,1.87395962122739,1.27850250753394
5985,0.0838315620595295,5.45836087423049,2.27136107174354,1.24133589058944
5986,0.0828027260389016,5.90215708127072,1.43562171089514,0.833605854439444
5987,0.0828472522575094,5.00087520062797,1.63988364269139,0.965446326632797
5988,0.0836912157005103,8.31075669827028,1.42642723551508,1.05334921707679
5989,0.083308031860567,7.28880763151468,1.60603068694743,0.962216588851064
5990,0.0839697400372522,6.90485063795636,1.75151408900748,1.04308500904976
5991,0.0828414753322852,4.38214205402535,1.97062360049736,1.17660896076353
5992,0.0834552262182103,9.87770048011731,1.84063126879813,1.3458607147015
5993,0.0825293471147804,3.211027509716,1.46487486327608,0.896463653943394
5994,0.0819046032118235,4.55169152103708,1.68513003779329,1.0885048320091
5995,0.0843208784795913,7.73358017842763,1.58515589373106,1.08459642796274
5996,0.0843973481558772,8.75568097212591,1.55318707385765,0.974838608213199
5997,0.0838089046961877,3.34279453709433,1.18287904844091,0.923130242495552
5998,0.084023325862341,3.81938728927956,1.8105664363423,1.0586097105539
5999,0.0821975761352374,10.5865426662844,1.71164925427749,1.27624425424879
6000,0.0841425742375988,2.76142752733186,1.21858520773228,0.941690202391759
6001,0.0845740300831031,5.46395293735801,1.78125570013755,1.55460134224042
6002,0.08533816984211,7.51670011414287,1.56142616404398,0.979600749413349
6003,0.0833711700126127,2.8307507835274,1.81294686778174,1.40869191256829
6004,0.0838479816520672,4.07741199028328,1.46217014512179,1.23879601084696
6005,0.0854167932616186,10.1366283800078,3.33469209425405,1.75094642821512
6006,0.0844990414935287,5.16452374096853,1.55929201901423,0.950258185978717
6007,0.0839209796280783,6.64245636198563,2.04214101931349,1.40271528747583
6008,0.0818325357720834,4.67394420363678,1.63641368253666,1.0818603516806
6009,0.0842961978878264,4.27755475270866,1.62869915694329,1.03857540324835
6010,0.0837361304995895,8.44478749011806,1.90882834306693,1.01765326486757
6011,0.0825179581656131,6.35714648964302,2.31691519081177,1.15919899732353
6012,0.0840294541861859,4.08949572990072,1.46662269153317,1.12263587360282
6013,0.0850290858428014,10.3531232191586,1.67418602518406,1.04290025101464
6014,0.0835823384245679,4.38734021232759,1.6697086414885,1.01399279143625
6015,0.0838340471275845,4.22089006576265,2.04435646573152,1.13759367038895
6016,0.0847474495285346,6.46471691026229,1.93811869325805,1.25366371609776
6017,0.0831746977985477,7.68600697035022,1.75406742928383,1.07217693463099
6018,0.0821814225389524,5.65352423942007,1.89236934496796,1.18685849602987
6019,0.0845028751912372,3.87808865636163,1.90351095461698,1.14736321464702
6020,0.0847207799790405,4.807940290517,2.29138774168846,1.34146937185781
6021,0.0836244997589475,6.67165541498115,2.12157194321718,1.32205680629403
6022,0.0833444923457538,6.49393896004014,1.98526883437999,1.16232362964015
6023,0.082950300274853,10.3787677482365,1.84688231816729,0.902268829650534
6024,0.0838684047636693,12.2554921737113,2.03109448652633,1.2684758812367
6025,0.0827138001136518,5.13328700189371,1.67414879501066,0.945837655992018
6026,0.0845583162685335,3.34954449407967,1.50698388830761,1.11799086837241
6027,0.0843600967430374,16.0455787084123,2.05397044180325,1.03642416206707
6028,0.083587386334585,4.55555038576493,1.36699911800411,1.03758267160576
6029,0.084433838196055,4.49708295385059,1.75095936644931,1.1076958467153
6030,0.0846297023676987,5.22154812263522,1.97213336261012,1.30508272056369
6031,0.0847263234960776,4.16632710787844,1.44145745241378,0.908557360804028
6032,0.084773012082334,7.61989446996172,1.56142798238145,1.08927672795864
6033,0.08271863552207,5.54416620935811,1.4067732313376,1.09537025930899
6034,0.0829466496861483,10.0475303463269,1.91853045758743,1.46778436430939
6035,0.0834404338437968,7.88673262593095,2.80393706165969,1.76629317826912
6036,0.0829145917598228,8.58655430800926,1.84370654255648,1.09594505360386
6037,0.0849737374264364,6.04447278526672,1.8805598277334,1.10976501087309
6038,0.0838441072824457,5.28916347585688,1.67792946996429,1.26464033777574
6039,0.0825197869490313,11.0572164083197,1.77102347022993,1.23011150817558
6040,0.0829325106681246,4.00042959557647,1.93089611017309,1.24507925396066
6041,0.0838693482578326,10.3540442387934,2.3447707183725,1.27681135900222
6042,0.0845434868692975,2.96333970112965,1.14405995405513,0.990833928777087
6043,0.0819993190947726,6.73355462781953,2.10390105228906,0.970472773992222
6044,0.0820450304942975,4.41302669813957,1.61088094815907,1.20929976165848
6045,0.0835743717700952,7.60437654467803,1.57933475786723,0.995342668707406
6046,0.0843469212913189,4.79705763701373,1.61169466920989,1.17941699115144
6047,0.0837957263180193,3.32558982324648,2.07961271628103,0.994628134197185
6048,0.0842860989171445,3.00781020664725,1.25364489920858,0.931197458863392
6049,0.0842187438054063,9.76412362336385,1.90715731882142,1.18929170812955
6050,0.0837122388505615,4.51967664399821,1.32919171905455,0.977292372965269
6051,0.0831755278990289,8.37862641818854,2.20633860055382,1.09435342553075
6052,0.0827152311464413,6.32372871090675,1.72674253787425,1.02743704827824
6053,0.0828742760565544,5.15622447539508,1.98322079634808,1.19967369614875
6054,0.0833034400441026,5.90279203828898,1.56599267975089,1.02308600175061
6055,0.0831001857723742,7.10006937491853,2.40864627761301,1.31192613061167
6056,0.0826869330299205,7.31918713647604,1.39591631628415,1.00979874968747
6057,0.0851000030220763,12.321845898686,2.27084959075801,1.38085352762133
6058,0.0836365677696624,3.7738397438108,1.36628543376267,0.878483990921958
6059,0.0849399041652745,5.38993609908642,1.61206168970483,1.12489496235579
6060,0.0824569242469679,4.99840468806944,2.03292145409282,1.60990216497645
6061,0.0830964180575578,6.59926792407532,1.58510003188187,1.04936647857825
6062,0.0841108318246073,5.68453760560549,1.6248638853669,1.14262439749071
6063,0.0840989907881755,3.15983249495549,1.53031282979096,1.02726877180836
6064,0.0838820505345838,8.79943628410587,1.9076018149948,1.15313084570186
6065,0.0823807688062582,3.94166451072002,2.01348350767398,1.41185446229649
6066,0.0840843016180345,4.24795645259246,2.08608022420437,1.39872149401793
6067,0.0838616339368383,3.25092473842929,1.506737323013,1.12677395520682
6068,0.0838894302190143,5.21905157787925,1.78866729712137,1.09498461679361
6069,0.081999542099628,3.29770231133551,2.05046518281874,1.47305045046079
6070,0.0840483341819829,4.09014348492493,1.5597530593716,1.12732326620226
6071,0.0837589450581736,6.38745978644882,2.20217174855543,1.2578664842443
6072,0.083814654323076,5.73282377074414,1.45192469881056,0.966206873740321
6073,0.0845622455653431,10.4805683917146,1.63776368000372,0.877170787155444
6074,0.0829648758212814,6.40490604059193,1.63697824904278,1.35464833252691
6075,0.0851548522386188,8.9856611773127,1.67514035459818,0.993368018982594
6076,0.0831247081384604,5.81756983213322,1.34864992736792,1.0017060281067
6077,0.0843804839280072,5.89659306615777,2.25321333295333,1.38703224399345
6078,0.0826726289019184,5.7531656518283,1.44211301594243,0.98465756771469
6079,0.0848629071886606,3.47645161128996,1.24761807166836,0.987889856573123
6080,0.0822157558708987,4.81872831649173,1.86420370489566,1.06735539176243
6081,0.0830079245667756,4.88507791936431,1.97904957221229,1.24102273272377
6082,0.0840750447872438,5.26777128476029,1.67251256708252,1.05075396309774
6083,0.0831037265739312,6.62828453367373,1.85242723474789,1.07426963232025
6084,0.0831156333999387,4.27389918160088,1.41022726493736,1.00606144791884
6085,0.0838664760303294,3.87930971999598,1.74167901115755,1.03062871294025
6086,0.0842598614702339,4.32604233762192,1.65949592221666,0.933464032431812
6087,0.0842530755860759,6.51928645122825,1.530966284841,1.19102847191151
6088,0.0839849162846919,4.2704568911525,1.38333534355755,0.986418002200794
6089,0.0844904771333013,5.23901911227668,1.88838016641977,1.19013738455338
6090,0.0852649057888351,5.42657315650284,1.615558135306,1.14214101631967
6091,0.084404996238218,8.27892045908983,2.0801666434075,1.09254568708448
6092,0.0820208266035215,3.74484505379286,1.58031680404404,1.11774947131566
6093,0.0827336375208347,4.5101534922961,1.76148750931696,1.17891991541845
6094,0.0840364156102381,3.93981761979243,1.19848252207814,1.03077669220374
6095,0.083718401676581,4.78693021846822,1.82319126249088,1.18468666849452
6096,0.0821008726611402,4.19648916351863,1.49244000978227,1.07479282880684
6097,0.0836007698041553,3.13455649293153,1.29872733040644,1.10542833583498
6098,0.0834918179294923,3.6675013016574,1.57740512141727,1.0905552290632
6099,0.0824289411999183,3.47805701100274,1.4761684429592,1.11238021018696
6100,0.0845333364952877,5.55199184608996,2.04388302501925,1.13562594546769
6101,0.084130204523396,4.60240100142544,1.63179184494009,1.2402420043956
6102,0.0829299696285713,3.47126369612593,1.70493880831941,1.18063598183797
6103,0.0828530018494228,6.05665932168868,1.4729597882594,1.08190034829091
6104,0.083422668296694,6.57205932940108,1.64680592186672,0.983979643402625
6105,0.0835897222323461,3.58503452978525,1.38671996754968,0.898685616425649
6106,0.0828148322242585,4.35387397490046,1.72824537621101,1.03347629140561
6107,0.0847358624531448,4.85446168604283,1.99194138993441,1.29417729110688
6108,0.0847506068312515,5.7679801767644,2.62332767695728,1.4270823808758
6109,0.0840254727105134,8.77329765399735,1.77247336141047,1.33369545061773
6110,0.0843451592775567,7.02225535951103,2.12168264391496,1.28425555378713
6111,0.0828753544526921,5.50995351874808,1.70022265766011,0.949358215704976
6112,0.0838838101006248,4.53874845417958,2.40725127106863,1.74795225301368
6113,0.0831220657501491,3.23825060751632,1.17484787924605,0.948477112150131
6114,0.0827705656699738,8.95198062711357,2.73571498842432,1.55591823585581
6115,0.0820211985823872,4.6756508120939,2.46739825185053,1.16544949403485
6116,0.0844813341967427,3.74254754151355,1.2917078274518,1.06250225563382
6117,0.0843486234970892,5.99932255280531,1.96496910767127,1.18430520457421
6118,0.0831434225830394,6.79649664931992,2.43233799913263,1.38700774609941
6119,0.083222857630543,9.62258216751078,1.89854645956023,1.18616788241651
6120,0.0829385296223177,4.09505873213072,1.76783604901549,1.12866940724332
6121,0.0839352866184148,3.62258412045138,2.06343740790586,1.22802810372126
6122,0.0834294626563149,3.79671922647027,1.8434808676418,1.17967226684416
6123,0.0825745282737288,4.7709026590429,1.34119401589095,0.924270996494469
6124,0.0832060199668201,4.87002638087698,1.60251800079464,1.01313520944022
6125,0.0832529083479332,6.79989112802081,1.92182511271072,1.24704831424146
6126,0.0849428815269576,3.87418693387439,1.35167784203097,0.998108595137846
6127,0.0840847789693394,3.84106400909162,1.79550345490751,1.12129956897472
6128,0.0827680175359937,5.95683428330537,1.79508410717668,1.03220461146051
6129,0.0837173767811366,10.9620811799762,1.75687631173911,1.01802707869597
6130,0.0842901751545499,4.21171387072369,1.87988041257088,1.1090312645206
6131,0.0832785005810218,11.6598817940547,2.0986897922892,1.19085981641527
6132,0.0837088227987946,8.52112396580305,1.68781588524705,1.06254140443391
6133,0.0826144292020803,8.70204596384531,1.77131695046186,1.0046736278225
6134,0.0825111250096797,3.70676623242902,1.5235802517669,1.05821194382874
6135,0.083047300961064,10.06588252557,1.7191626725685,1.07646762604545
6136,0.0829897874406168,4.81638881100231,1.90800224047014,1.26103255355094
6137,0.0850176367374987,9.24320542766351,1.9066477000432,1.18224208966135
6138,0.0826381844515532,8.31513751005413,2.02144573803494,1.12946798633975
6139,0.0826416787135773,10.9234374857457,2.21236995448394,1.62030879191455
6140,0.0837614536132587,6.07361326277698,1.565904324277,0.981896150959558
6141,0.082835721757088,4.40184705275122,1.93184671469165,1.14405379721696
6142,0.0839107881732743,3.79888682632138,1.62134142814229,1.11855554600578
6143,0.0841767505006027,3.59487334233466,1.42429945088388,0.904855281252156
6144,0.0839193275916482,15.7575382306617,3.21934479178886,1.49843395178514
6145,0.0821477489541267,9.93696933837449,2.25409604804685,1.2804772120213
6146,0.0833704460920279,10.0268939716574,2.01487829890137,1.04163503838629
6147,0.0845258433257667,6.8816788267444,1.73776933903012,1.12408890070153
6148,0.083682878615877,3.47602378868667,1.36715911175209,0.928802113135589
6149,0.0842104194522248,5.27359132045105,1.76695544556443,1.2095457231014
6150,0.0849429979059328,5.76135830278756,1.68104989577055,1.13028884428445
6151,0.0831862944799623,4.25213492656025,1.76320920511112,1.0296830398683
6152,0.0835261857084777,6.30415275367095,1.30808575272826,0.918611817533541
6153,0.0822176861574726,4.76324914874137,1.65810522940595,1.36710085970712
6154,0.0843833636487231,5.00738570188222,1.24987371020749,0.935329786597287
6155,0.0831246821045552,6.05125701702461,1.42674167341844,1.21703467048429
6156,0.0852944530247853,9.30688304102364,2.17183999462315,1.24223587590372
6157,0.083686389355072,6.49004015366924,1.50911416258268,1.0626147621342
6158,0.0853804560571884,6.7766927482418,1.53044944939946,0.920694555567056
6159,0.0850121763125213,5.66661835128149,1.33298149862538,1.10854660070573
6160,0.0831309516295117,9.83369462834799,1.94236333345602,1.17066803788856
6161,0.0844095269109045,4.96592209761621,2.02992695553119,1.12619526291706
6162,0.0844527916494602,4.96780229681079,1.52295433838121,0.992387387138295
6163,0.0841719178926042,4.12642312864929,1.63017539688999,1.06922477815083
6164,0.0830983239637027,8.6126860052157,2.06790005199086,1.31415751746517
6165,0.0825554387073225,5.49732552770822,1.40668043119489,1.08752089927706
6166,0.0837737710071202,3.45429389272355,1.42852605869887,0.921367210964003
6167,0.0837324115377867,4.519426954609,1.20223443940684,0.927232056120818
6168,0.0839937471791283,6.58694494482826,1.85950888413424,1.2236117189778
6169,0.0832211858590773,4.20815714035137,1.50209540864327,0.99188512353605
6170,0.0841129934704958,3.34412916029458,1.66509736782196,1.2188983315294
6171,0.0851764113467002,7.53516542216752,2.24999459422893,1.30074644234927
6172,0.0845875265364183,13.1487392292404,2.91332411164277,1.67295842156176
6173,0.0843313236855033,5.6277228982211,1.68213053725968,1.46067177467993
6174,0.0847385535306593,4.90465748606629,1.73039501186804,1.24320340686185
6175,0.0837916140409061,3.8618279701009,1.48733504561216,1.41982359911924
6176,0.0828232459081062,5.64033202159268,1.6830449065802,1.03532286379735
6177,0.0828735551112757,4.66808372311366,1.70450055350595,1.15732154025033
6178,0.0829413311077318,3.09032458668009,1.60922198227138,1.01098586409014
6179,0.0826458353666936,4.73201051377868,1.93044639863312,1.1957780750392
6180,0.0842473443745654,5.19242639733846,1.57699971875594,0.978728469575439
6181,0.0843959955133139,9.26033876193014,1.87237346421495,1.13240249949736
6182,0.0826421134304355,5.49530416950499,1.78165323727077,1.10192271704465
6183,0.084922781471579,10.7609308053721,2.47200322828182,1.70646955684146
6184,0.0824849851941074,21.1753026121101,3.19891975104913,1.54272955165428
6185,0.0833080001694467,4.24037655243476,1.51225366034564,1.08969301278333
6186,0.0833726750775313,4.30268372403715,1.47823417939737,0.879738063409435
6187,0.0831692482786745,4.93071660514486,1.88231134916327,1.39970767705974
6188,0.0838846826893264,4.17973634664433,1.29657314301119,0.887139164845844
6189,0.0851211220880404,3.56151948462062,2.10486208760133,1.14783435079066
6190,0.0842118334284848,4.42218125596485,1.4846144298173,0.96116327132875
6191,0.083595587968568,6.31032809096503,1.98421793767083,1.03421671935586
6192,0.0832749445392286,3.96898733830188,1.64014413969054,1.07531330499141
6193,0.0840271936006701,3.7693532302342,1.34659149172325,0.872149642391165
6194,0.0832847621693017,6.23624565219705,1.54971896101386,1.08985421985407
6195,0.0845702342306931,3.69285252259184,1.72471596112419,1.15411864639846
6196,0.084711788209032,10.1367008642325,1.87585569032934,1.2181016203558
6197,0.0832473442551812,6.5289551265206,1.86215982556266,0.947674716296401
6198,0.0819632900539953,3.29731129338653,1.55267342917903,0.92427648440137
6199,0.0819502067759057,5.97597842397674,1.6890872868435,1.10177963474806
6200,0.0829377030373284,3.17000855896502,1.41446967017357,0.95966375510751
6201,0.0841926200851277,6.04706304033076,1.83768273478827,1.0586316763452
6202,0.0836791824271133,3.64493371252376,1.61428571661179,1.05529390336633
6203,0.0835880090815538,4.12857897663617,1.85599730536777,1.00218782820866
6204,0.083667367914025,4.38739846358594,1.91929996418933,1.37248066489944
6205,0.083039722180494,6.39990484735569,2.10631195403965,1.57473358062991
6206,0.0845090723931621,3.13121166082658,1.26527675311339,1.04047291893592
6207,0.0841103961559979,2.68029630317348,1.37671469585793,1.00051612858063
6208,0.0846956042132329,3.72426425622705,1.56842229159141,1.07422636638234
6209,0.082401470135168,5.79286564434626,2.44097086650369,1.03996368791272
6210,0.0833838702199579,5.98671164509074,1.79835165695332,1.19988847344618
6211,0.083445378368424,3.04777038081967,1.31419297807779,1.03017721496717
6212,0.083233241551002,2.96567925675072,1.71049042579965,1.12991293280803
6213,0.083277118366551,4.99263324652784,2.10501267305377,1.11316691831535
6214,0.0831760298337734,5.46289404525687,1.48606515614329,1.14797328398068
6215,0.0834446117676038,3.88640435090736,1.72071680881702,1.18754639240846
6216,0.0842219180285796,4.71920195320691,1.49517316789377,1.18092582306887
6217,0.0832852869081016,4.15980872862958,1.46738498674369,0.979768990812681
6218,0.0834508345671292,6.48663232323364,1.57248565989541,1.07479506464575
6219,0.0824984820812887,4.38806217596768,1.78718785748111,0.942973387325799
6220,0.0832467460530068,5.14245747025997,1.68465485231629,1.04704662290059
6221,0.082854571580509,6.98784029434527,1.65745201691152,1.00374830114585
6222,0.084873083367948,10.3072944936335,1.78163731753096,1.21494520381473
6223,0.0822467524403802,2.88017678315387,1.33333485060046,0.977963140701964
6224,0.0826139603056756,5.79793719011764,1.61360775463387,1.22761712662018
6225,0.0837212887363031,4.16753090601211,1.80213404934402,1.25946965548534
6226,0.0834467771334364,4.50337953696577,1.39076570269721,0.980045075518445
6227,0.0838578520554395,5.01453828021217,1.7031946068557,1.16215048741832
6228,0.0841035840795883,3.83955759018923,1.50406093758811,0.997863510382502
6229,0.0848430694437207,12.9950767407709,1.75661712603266,1.07215527184625
6230,0.0831431877821639,4.83781619615408,1.59806346847812,1.09291802991253
6231,0.0847643425916149,6.82332414303381,2.04843734192,1.21431186329039
6232,0.0830375782063277,4.3109260959478,1.38853259678512,1.08982834046601
6233,0.083820231111248,5.45948995169025,2.26524363811707,1.09458959705218
6234,0.0844591843627312,4.51270521406684,1.54439930562328,1.39178152931569
6235,0.0845515713038374,4.50829892955632,1.40898902511426,1.08250614224268
6236,0.0855281239459154,4.82288553915798,2.94820063146187,1.65989564753751
6237,0.0845387074885715,2.97876984540642,1.46382491376346,1.08588614711747
6238,0.0842915950809992,5.68593460948661,1.6462408180456,0.902956986698684
6239,0.0833433716508018,9.053553825184,2.11534739183389,1.20932842075095
6240,0.0843057430554141,5.10291643007351,1.85555460900255,1.21661297973787
6241,0.0817212239704043,11.1250331045601,2.01329354936072,1.02098318571718
6242,0.0839630314781928,4.29998477063498,1.37658626744108,0.923403118640963
6243,0.0843680869744914,5.27717476010584,1.60315167714724,1.36151307879191
6244,0.083088521484421,10.8977219106267,1.77117833772174,1.11026664258253
6245,0.082879472949096,10.9847943902398,2.69955589426322,1.43297060477482
6246,0.0848926496857209,4.35539451715637,1.63062052888771,0.896810243735194
6247,0.0841939091839464,5.1468335481776,1.85377417184559,1.29935234721198
6248,0.0835430145327982,5.70881489604414,1.9240672480485,1.24225502245958
6249,0.0830135110157431,3.91560114240985,1.6077983228931,1.19269191193379
6250,0.0824355513645633,7.59138309746741,1.45260041513316,0.878944391936645
6251,0.0837055745900047,5.43208386163795,1.3987115892798,1.07759714597053
6252,0.0840818449031312,3.28777195110674,1.59991713067222,1.07105660683461
6253,0.0824025606511932,10.834559777676,1.82348792361566,1.3734074641552
6254,0.0830165656962654,3.93779412201731,1.86761137622909,0.914977140278491
6255,0.0846248668719516,6.12063838643715,1.76095832200869,1.01042323440979
6256,0.0853889827327451,5.1834554474514,2.1057502242043,1.2391769105684
6257,0.0827552814583204,2.95079850931287,1.55881604978267,1.11271204781517
6258,0.0821495838619562,9.45800543120531,1.71573938017284,1.2572548106937
6259,0.0835072496553698,4.682331233318,1.65779167479507,1.03652920354412
6260,0.08118296439252,6.72704771977238,1.57955988516031,1.14983510808123
6261,0.081899886656955,4.19596150519773,1.74421577949801,1.27370812363271
6262,0.0846838887849852,12.5211858212579,2.06193080946516,1.0869267335126
6263,0.0823882996026743,5.61754768359784,1.88707227945327,1.11143513386192
6264,0.083949345395597,3.15453161018803,1.71894866070235,1.31155027249646
6265,0.0843639894681629,7.58654400952147,1.46102971427482,1.13143437035427
6266,0.084201309029556,4.81025500417686,1.55706732971842,1.51785734091398
6267,0.0841066565142452,4.30460906385394,1.72639953121356,1.22277512810713
6268,0.082568224625056,6.09659334163303,1.76554608664405,0.960111618758155
6269,0.0831651127611467,3.33239159352898,1.45159999060292,0.961231977168289
6270,0.0834271209133327,4.50168961275059,1.50863044055444,1.1137035370557
6271,0.0835130039468196,6.83318329592665,2.28565667152823,1.29053726320715
6272,0.0834240388449629,3.2819360863608,1.27355008243299,0.994756794930231
6273,0.084543918132174,5.69482387418424,1.61555744739491,1.117676153971
6274,0.0824220415404529,8.77418502137938,1.97469014688204,1.05481678846781
6275,0.0840334209944437,11.5553343425306,2.29071936062661,1.3922817759392
6276,0.0834904768799649,5.29907485955128,1.95129460268983,1.25078644096606
6277,0.0833499784083927,10.5745066639045,2.47626378403285,0.97975475011674
6278,0.0832296059463277,3.71157927097411,1.56410402975912,1.04786676881326
6279,0.0835252179472296,4.31408901524239,2.22349863952899,1.21614825532266
6280,0.0835970000483416,3.93150257313022,1.93574736906762,1.01405036369594
6281,0.0852188807476893,3.38583651695677,1.87408741972191,1.06559632401184
6282,0.0834562232172259,5.04871221775966,2.18488502850876,1.28177822147643
6283,0.0834146152873762,2.98418747550667,1.59816493326448,1.00432779498988
6284,0.0833200737624741,5.2420923961634,1.74570145963162,1.16217604524583
6285,0.0821797083284726,8.16973738594948,2.04804569293885,0.988608398195191
6286,0.0852115136788925,3.06219568731664,1.3541163223303,1.07965714215477
6287,0.0836277718080018,8.78181569080418,1.89099614839149,1.17748962335134
6288,0.0823318788645656,8.50898621170435,1.62634457723938,0.994231532643874
6289,0.0831688969993928,7.13018639250182,1.81727004697135,1.40216765999804
6290,0.0844876129575732,9.21641636789603,1.48868784866057,0.996489052295265
6291,0.0820895492464475,6.71578054827172,1.74866050914188,1.16442572404172
6292,0.0835433235045072,3.7947304388268,1.74056336280786,1.23729523715951
6293,0.0833976404866685,4.5975365860998,1.50403739710346,0.940629276393674
6294,0.0827879075163324,6.19472710890801,1.64660538805829,1.12461150767493
6295,0.0822375051435536,8.05601543804914,2.14948956519324,1.19076698052621
6296,0.0834471450566294,4.26071068592882,1.49948976844582,0.967505965085483
6297,0.0832945139460428,9.12259535348919,1.84004135908464,1.14811824037526
6298,0.0839169713567637,3.12515053519692,1.4989781205941,1.09611951246934
6299,0.0821568175600817,6.39985149764138,1.89855258321871,1.23540721587535
6300,0.0846626732326964,4.08966775226614,1.56831811947893,1.1410724681146
6301,0.0833499115728944,7.01462479564568,2.05480274872541,0.979663036926384
6302,0.0827546472775968,11.5983056208166,1.92085703947613,1.08704370932382
6303,0.0842206946404546,6.20286034727279,1.49158726731619,1.0945359509242
6304,0.0838195942318895,4.03377076632355,1.58905240392454,1.10484827152266
6305,0.0835212087579033,14.2033285771107,2.26088460084078,1.18756810787158
6306,0.0845434579426599,7.30321607836349,1.74717603878889,1.16039435960178
6307,0.0834657116564144,7.0153822614877,1.50220427571276,0.993053070455273
6308,0.0837646459360572,3.47221580563657,1.41839103748995,1.10023219367532
6309,0.0839223258654344,4.73298356043126,1.23233315187212,0.868780557172796
6310,0.0843595550315423,3.59533612558766,1.57790613115714,1.0352989127197
6311,0.083249851419745,3.99973237140357,1.33735926161311,1.0131379787263
6312,0.0832926274812284,3.88789692108076,1.65849413612738,1.24974204125484
6313,0.0836652847594029,6.11495294383708,1.67502651544004,1.10571945753267
6314,0.083166103840708,7.37205621246026,1.51676246301358,1.04450008354534
6315,0.0835177969655661,4.11604099424291,1.45999334529138,0.825767463890812
6316,0.0846828054904052,4.95058877379049,2.06182945806559,1.37412190248289
6317,0.083547538806125,4.22548404571034,1.5600385077909,1.10738774890841
6318,0.0844335960011278,2.71458852477629,1.29947260566965,1.24239853251649
6319,0.0825454546845067,11.433199282097,2.11550232176815,1.29098145189823
6320,0.0832051368624146,5.29143443366754,1.53776591112139,0.966201727303459
6321,0.0850940877011983,3.08877595849986,1.30522618898061,0.949664353536188
6322,0.082695251106644,5.76898171407286,1.64291229335242,1.00764070922409
6323,0.0832530202928975,2.76567417789994,1.32556174169973,0.88690045723934
6324,0.0834592454537211,2.98605653983487,1.36575519458858,0.964791531484538
6325,0.0840516522159882,11.2595873145062,2.23626426682285,1.20011742601628
6326,0.0839512511368361,3.86748872306092,1.42531285665675,1.00902066595118
6327,0.0836430374513074,10.7542787382459,2.14424359751171,1.0587768135848
6328,0.0853129543670703,5.5963442110304,1.8294609283874,1.27574364881931
6329,0.0832061473829867,6.58544557297543,1.79773090435157,1.14416667530003
6330,0.084641396897273,7.87911139599976,2.07147227477634,1.20702967358189
6331,0.0825683156178093,4.88399451383035,1.92331977069487,1.06230624591526
6332,0.0821220340623125,12.1244844086964,2.42432799537084,1.36722966317832
6333,0.0829810808113983,3.2743306378585,1.58716880817067,1.12751782623815
6334,0.0841226812662751,3.72332439360746,1.41676056150541,1.0870654434778
6335,0.0857908398995396,3.41552218638446,1.38575437477323,0.803823329820875
6336,0.0826522255963505,5.14811163106677,1.65356155103548,0.976072867134612
6337,0.0834212497161844,10.3310265828565,1.81877460194154,0.942102670788477
6338,0.0841950843755291,3.35310787541782,1.70207586057946,0.94714305805041
6339,0.0826772677865362,8.45098607183772,1.78326383710258,1.28054122105458
6340,0.0823492372531161,5.07568551187472,1.78473376415273,0.959472564193136
6341,0.0847637847050789,5.4039670010397,1.67814725502642,0.976172056335243
6342,0.0854312767765939,4.0078747269404,1.7488787648182,1.15057088145654
6343,0.0820024337184853,5.28995751758625,1.4081684582239,0.942763864283785
6344,0.0828995865399,3.96646954892118,1.57304133620501,0.948155407885736
6345,0.083545473953812,5.29228607529228,1.52305383818564,1.08023653348877
6346,0.0847720511865238,4.94760048848609,1.29752507979527,0.90065601308836
6347,0.0849112351902031,7.83280859063535,2.07695134726486,1.15598575742427
6348,0.0835448888747369,4.53234326337516,1.27177833046508,1.01072748497246
6349,0.0828167755750353,9.19198223207308,2.41220004556354,1.24724277049835
6350,0.0825562796212553,4.78064240689308,1.69017256918405,1.02550649328927
6351,0.0831410826219653,3.09442411840435,1.33768938404745,1.06849640558871
6352,0.0837584438172779,3.53770172274267,1.39090822236778,0.989654646220775
6353,0.083093199293966,5.25037550144486,1.7890124838583,1.32017605526901
6354,0.084043755599422,7.50706512836248,1.93057339339833,0.996272790277845
6355,0.0844850778640692,7.20628225807626,1.72390986720196,1.31526888770513
6356,0.0841039334053735,4.94946699685787,2.23976713084873,1.2558024264829
6357,0.0849690373550782,2.81260091428203,1.103686435512,0.851587662468971
6358,0.0837873359385011,3.4948201734505,1.87306046500489,1.24281741773591
6359,0.0844822457815563,6.64886214537146,2.16674690451034,1.49310163721457
6360,0.0837717375356801,4.16672490642037,1.40198168886649,0.953969432836135
6361,0.0843065983800656,3.47730420592929,1.54307390948043,1.01561874754635
6362,0.0843626669380355,3.82301578817765,1.40298921522783,0.996563065943212
6363,0.0837103483854919,6.04946998611266,1.90812426565233,1.36199216387379
6364,0.0850458527985081,3.9734847893249,1.33605517274292,0.941087408838813
6365,0.0851544821098098,8.68658369586762,1.56593007558271,1.06898291730706
6366,0.0846135714795405,9.64941432495986,1.76951783251045,0.98480764726564
6367,0.084563336507548,3.57941950283697,1.18552305174898,0.966280303386416
6368,0.0826487765006115,6.23551518023059,1.81271976638088,0.982562872881708
6369,0.0823224984304579,5.35262206640988,1.77110104232894,1.26633293307851
6370,0.0840244500441376,7.00951340858319,1.83504731593489,0.980310848689672
6371,0.0844510965819129,9.74082457119968,1.84482015929506,1.05837652907994
6372,0.082003109288183,5.48084104676013,1.77258075681645,1.110308559237
6373,0.083666362093983,6.17100722333595,1.88011392594928,1.52187579627646
6374,0.0826992006211646,2.92225252147275,1.36208556146778,1.04532186342282
6375,0.0844997676602953,4.87583174680881,1.8949010407384,1.27082037564873
6376,0.0821022420914174,6.78617590857891,1.55904701907604,1.10513238127671
6377,0.0838012254167198,4.80828660832884,1.7176179266589,1.04400602967995
6378,0.0830688866508447,4.04655065815076,1.63635053937307,1.02620720203292
6379,0.0820943390973313,8.93777365672599,2.86127710062638,1.52359750115762
6380,0.0832942385619435,3.86247259710379,1.64835165410102,1.25409356181906
6381,0.0835120673156598,4.31671635978093,1.61673520003931,1.15869697343276
6382,0.0831314380717648,7.43533327857319,1.85126985378044,1.11709481175321
6383,0.0836123679635954,4.13769291335137,1.55913776341971,1.09345800819831
6384,0.0852222727021089,7.47921379198065,1.6767556204761,1.01010278433055
6385,0.0849112245421448,4.03664925161877,1.42241994939724,0.970846925774125
6386,0.0840977756890169,3.86448568538081,1.33380107538975,0.953117252946632
6387,0.0835266153809788,4.08270993579022,1.46016614683543,0.877214373124155
6388,0.0837136681875813,5.29110437010403,1.55252967059193,0.987680901993405
6389,0.0826304328929775,3.23905122572835,1.4249985031241,0.927945089813363
6390,0.085152371371488,8.81290950879943,1.93852039191062,1.36011773635767
6391,0.0838310376220579,13.2921817337109,2.49683747327353,1.41650662872912
6392,0.0831337370136874,4.18017162061523,1.7115251327372,1.25333451867466
6393,0.0842226570058795,7.68329303305853,2.45558501201792,1.34013042069944
6394,0.0832366378705519,7.32605684568365,2.26672038972068,1.12416569181393
6395,0.0824320463357102,11.4546019757696,3.06267199242042,1.46221446981957
6396,0.0828805582690635,3.81651638824806,1.94698051276487,1.2090528602878
6397,0.0833121063998623,3.98874333944529,1.68556117326968,1.20459450779276
6398,0.0826769417156851,3.99662933051548,1.43648251822838,1.15776512281909
6399,0.0839224270651778,9.04751345731955,1.89855348009201,1.2506091815378
6400,0.08413356914509,10.2255244357846,2.04808161547888,1.26237667887243
6401,0.0814256265889294,6.75705373360233,1.35505191633204,0.991908880983687
6402,0.0831619306965865,6.01806077050556,1.60930900896261,0.968232597002883
6403,0.0837258136890744,6.26246035736924,2.48565487862089,1.59532265642196
6404,0.0828454537266568,6.74495701247342,1.64179094419287,1.06067895056381
6405,0.0844543810879876,4.50524577523305,1.75230490159861,1.0674712578178
6406,0.0840323050247774,6.686239541365,1.85515607038383,1.27469347488111
6407,0.0848579069585109,4.51116218665917,1.52059313710524,0.93775253814549
6408,0.0818972878761154,3.01813918972249,1.69086866987725,0.929654417418565
6409,0.0840155808064642,5.44271359054374,1.88342029908708,1.00145663340197
6410,0.0840333461641446,4.58557130999639,1.90983740039459,1.23863977522844
6411,0.0832863818939822,19.1465555977794,2.24370402449699,1.19974683446122
6412,0.0845724226994192,3.64516151889123,1.95062540125097,1.24478380903524
6413,0.0825387537284358,6.96620996256856,2.47019420310893,1.01935055541433
6414,0.0826561091630265,6.97484169607604,1.98069490427513,1.05084473887028
6415,0.0833502753755562,3.971548282103,1.57052879338645,1.19536657839134
6416,0.0823955168068127,13.2679983259862,3.67817543781314,1.55186476870142
6417,0.0839248109570285,5.89125774973222,1.60250150980683,1.02125807247866
6418,0.0827107045257784,11.0190986690834,1.89932422019741,1.2976743383237
6419,0.0825601054783578,10.2539880731913,3.07969076133789,1.40460686060995
6420,0.0850953431055372,3.11341606279198,1.45488822906515,0.9261336078834
6421,0.0850092097511325,5.46367630770333,1.70772815664087,1.28728213387692
6422,0.0847451812823968,4.07586449879637,1.64886745552027,1.00879144802415
6423,0.0837574884813703,10.1615435916218,2.10094104169223,1.06354197560265
6424,0.0827812135688548,4.15842288075788,1.79635522045668,1.32622519911327
6425,0.0838757399580853,5.66027838853909,2.21758482320173,1.225111880899
6426,0.0841888439786209,4.14647846383702,1.35358825571969,0.891617083519419
6427,0.0838189168106521,7.88190784746213,1.97696462298434,1.28456961643631
6428,0.081756800733992,6.81721737526158,2.24897917958685,1.28458752621103
6429,0.0815595197617573,3.54595825840352,1.59629541224684,0.942947457653085
6430,0.0829511913902322,4.44714509371095,1.59602827542781,1.00817672131998
6431,0.0832954169544089,5.26742404195044,1.66210660913865,1.14825786019169
6432,0.0832593431472133,7.9849823567073,2.38090113734928,1.64809201162915
6433,0.0842939193877067,4.00342956481193,1.92008007045476,1.18149686054898
6434,0.0836746884560099,4.6952776171264,1.46756112324319,0.928179887246216
6435,0.0838494238916965,5.85520119453424,1.90170633473784,1.12998450744468
6436,0.0837140321487474,2.86530938764907,1.22066394130102,0.878707216911325
6437,0.0837416235038833,16.3650088822022,1.68888030957633,1.09820920378664
6438,0.0840412206794736,6.40625463870979,2.74036886356628,1.45434096686023
6439,0.0836085139142099,4.20854199449176,1.51588340509892,0.991853035095091
6440,0.0847207500247363,3.61973382945667,1.69653277397195,1.21939158305675
6441,0.084741971536963,5.47485099450873,1.45982032375457,1.10174942322654
6442,0.0838282639088922,3.42309462074546,1.54853981047226,1.02737467360164
6443,0.0843863577487286,3.62416270396219,1.25659536047991,0.994843722437248
6444,0.0826500131665927,6.85535663197932,1.56972023355678,1.01509778194305
6445,0.0828611909901412,8.3053313479182,1.4481825052844,0.869673141208527
6446,0.0834759968124436,4.50440987387602,1.55152005982553,0.981110892644545
6447,0.0840889343107543,2.89867845743962,1.34682258665815,0.894738306864293
6448,0.0838298707261877,3.60916063116916,1.86250376747312,0.978293342098153
6449,0.0844541113208063,3.40058285444518,1.49989068797946,1.01100478894783
6450,0.0831636706346928,5.83321836784527,2.49495947379518,1.1956978151813
6451,0.0831606764163351,8.06915649635863,1.89569426244997,1.30553379536797
6452,0.082679128549676,9.90164220318194,1.56096687035308,1.05916744238023
6453,0.0828427057266859,4.23561185464557,1.74379233255516,1.34426749576463
6454,0.0835494604305768,5.88696333355603,1.73851055466661,1.12174299514104
6455,0.0837017379200974,3.24790890354042,1.38301221026531,0.947505385323988
6456,0.0829868980458936,6.12447128766686,1.81148415751684,1.09600891525938
6457,0.0841534470243707,9.29694482203429,1.76313114767253,1.12707114621402
6458,0.0829495850997277,7.23387164229921,1.9784643827524,1.54423913999714
6459,0.0836033238406961,7.7981849210623,1.95851008918117,1.10605287149879
6460,0.0850420446037411,3.80074732404299,1.39960397383162,1.16552349931042
6461,0.0831307504172872,5.26172697819409,1.35996006424504,0.993913311774536
6462,0.0827829545707345,10.8152232206408,2.31845292127718,1.18759152706384
6463,0.08357588804469,2.95229276592713,1.386699304707,1.15072504970709
6464,0.0816135611772423,3.09368059420133,1.5027420801579,1.06398012176066
6465,0.0824125023124556,3.17042607387084,1.75869423031151,1.25852560038069
6466,0.0844296861989916,3.41067783421844,1.21660106190964,0.919474030081738
6467,0.0851438013247644,4.64004503785719,1.55990255373627,1.05580428021333
6468,0.0833764074897021,9.19525349149743,2.21697072820919,1.24676650241686
6469,0.0832446652590027,4.92304875801914,1.54723350611092,0.90702250616427
6470,0.08394519691986,8.71620968325715,2.17004767099111,1.26552574657761
6471,0.0828536542902414,4.96407953194548,1.59025605714322,1.15112806330298
6472,0.0839643073405643,4.47610041020553,1.30889253940961,0.983233550810207
6473,0.0844368939070235,4.84130685000834,1.72280257371633,1.13006361327253
6474,0.0841167252152573,8.56684149686434,1.72141584361261,1.08332247685339
6475,0.0841055345342451,5.49079400731211,1.93552958639868,1.29544798527386
6476,0.0829600517523473,3.41299877938756,1.41084330871124,1.09758744318164
6477,0.0833137173708788,3.92884849996704,1.68675044139143,1.23900296300916
6478,0.084424202844129,9.43344629224456,1.75442669867121,1.15738374994703
6479,0.0852794117721385,3.33545692143987,1.51415100109439,0.958345833822505
6480,0.0821295464073152,6.61898067338507,1.43303101801232,0.99644443392676
6481,0.0823205670066593,3.18225345909044,1.20172195601501,0.886499268448345
6482,0.0841733071593006,7.46347042543558,1.54185306808998,1.1390773964621
6483,0.083911078659405,8.7638049589355,2.01892386735783,1.01972841369768
6484,0.0833217507187315,10.4334962503691,2.04517780955016,1.21365437249361
6485,0.0835794207767583,3.44127162101238,1.3959359416758,1.01751281888495
6486,0.0836990035196361,4.00801886408083,1.45803303364172,1.03999461293486
6487,0.0835856898759645,6.54801805362897,1.79174639021231,0.98347410470147
6488,0.0831193364429321,3.90386390517578,1.74298592647135,1.24127786057311
6489,0.0832876378299606,6.36168911804101,1.5910773526275,0.972994440658779
6490,0.0811184713068379,5.33214586671215,1.37227796942457,1.04782839118312
6491,0.0846219297133427,5.96681686723078,1.92686989967018,1.21650170484996
6492,0.083308111301493,5.52191684478203,1.5715558542117,0.990769460884985
6493,0.0829462626212288,7.31216587524857,1.7541957299006,1.06156762814009
6494,0.0838574414685411,16.4892142244254,2.61001767382471,1.42159515482559
6495,0.0828614688809798,4.73261420576693,1.72120835687128,1.11582948542886
6496,0.0834556030937894,8.90996303693497,2.60653677107492,1.08524606024971
6497,0.0846539667749541,4.76012313904805,1.37141657291998,0.967748098371595
6498,0.0836164571587642,7.78414459949107,2.90447786011154,1.34464605822501
6499,0.0861464461591975,3.50827132308769,1.19071615394032,0.875281070217548
6500,0.0844469270719999,4.57017505418007,1.86832788017013,1.06403185748448
6501,0.0830066473284327,6.05565617666376,1.49738979750574,1.00308138953088
6502,0.0835127934313707,2.92400778141084,1.31246073872047,0.872779072648167
6503,0.0840373810369967,4.01561326602202,2.23117803891506,1.40864926185212
6504,0.083616682019627,7.00211256787695,2.4442208237794,1.10336314546257
6505,0.0854159776077973,5.74634279152745,1.84251579564712,1.00809039654768
6506,0.083143586995867,3.46605496212181,1.72889457162921,1.1515085589372
6507,0.0829716135773897,5.51962832957232,1.63504575332726,0.99684833686055
6508,0.0851692760698242,8.8735648487999,2.41506190566532,1.42241648191867
6509,0.0831778395779275,5.22204878127099,1.56816548516591,1.09361664143033
6510,0.0855551035597416,3.31499245586636,1.46030107936083,1.02582980848719
6511,0.0824574340717475,4.87122558040169,1.63071732187453,1.07973697370206
6512,0.0837942845213723,4.28150158757204,1.58781631979926,0.916785473646357
6513,0.0826151255133434,5.70510510923455,2.2169582096838,1.27458549891732
6514,0.081740084457967,8.42375326271238,2.65470248721242,1.18307940347144
6515,0.0834792282352061,5.58079497674755,1.68653619660503,1.08347834382767
6516,0.0837585161112735,4.5000988571537,1.59422755991843,1.01593721591259
6517,0.0850252993576597,6.69850782204146,1.80822900676061,1.15792169622551
6518,0.0824423471534463,12.7885855893835,2.97262666585189,1.54105265881506
6519,0.0830663073075257,11.382679270127,1.91073097547372,1.04355172456279
6520,0.0842928964197287,2.71254199745565,1.30602615476693,0.931264060726432
6521,0.0844504836075128,7.12869654649793,1.77028310904596,1.25963770827184
6522,0.0848229178892169,14.2343780728134,2.27549527864963,1.33364200049629
6523,0.0850815704903034,14.0848093646007,2.34509857434929,1.30666126724411
6524,0.0830213525405724,10.5316299761178,1.846595674092,1.3866174679064
6525,0.0827852264629681,7.02711857606286,2.24819089167854,1.07716825347006
6526,0.0824091717806078,5.64112379733232,2.06033763869114,1.12273893427289
6527,0.0843688903087124,3.2686263164056,1.24134512550421,1.02514121150702
6528,0.0851972370646404,7.95651273648037,1.65516878711234,1.10252101381273
6529,0.0836176760830612,5.00882595836179,2.26926817977545,1.26110531702244
6530,0.0827103174514794,5.8188382544502,1.6510670098254,1.08417401083129
6531,0.0835165379880106,6.56156071523482,1.26419206350878,1.00437438767567
6532,0.0828082317307697,13.8820462811166,1.90560923706977,1.18439326626564
6533,0.0833862887423794,7.3357318352709,1.86105097534338,1.06198830632501
6534,0.0822186264356204,6.6281655640039,2.1939395397285,1.37410820294204
6535,0.0828393934176529,9.86016060046487,2.19155713952093,1.24283308611797
6536,0.0831124672980765,7.4576827628046,1.8894221713327,1.36031542656434
6537,0.0825271408359471,9.46860717174297,2.02770498241593,1.26832185994565
6538,0.0838797743728833,17.1852836602656,1.81903111773195,1.03170078749272
6539,0.0829084996344301,5.00408096285611,1.48555538427146,0.956631720622956
6540,0.0839935831343342,6.97153954902557,2.09727017746153,1.27319951834725
6541,0.0827278080300196,4.47090072101905,1.56053548473256,1.08038418199472
6542,0.0822373775791288,4.78904243421631,1.41721964916273,0.863932555122257
6543,0.0838533372102877,3.60711356749923,1.40367524157708,1.06074531338487
6544,0.0834244884754344,4.82381414388122,1.76179781157779,1.16079987492018
6545,0.082558583224628,12.437770194441,3.33556236202515,1.47933460469681
6546,0.0838874244559091,4.0846186438895,1.75932101507186,1.01597839043348
6547,0.0844700185841127,7.59872436778187,1.34901335611206,1.12554630019926
6548,0.0838963362480359,3.95236201466876,1.45444660685663,0.905822953435393
6549,0.0854943307788444,3.84637208070608,1.58117969585573,1.02702563024101
6550,0.0826780252380644,3.83497012563602,1.51018656297267,1.03858758964327
6551,0.0840199339637655,5.00689030358795,1.67473386508521,1.09650631629203
6552,0.0847120238997006,4.81676303708899,1.55946314735024,1.17693038149843
6553,0.0822865916040544,3.53549944959037,1.67464799430971,1.00801554034302
6554,0.0838927003269434,5.03898433853729,1.66954372176048,1.02559820631006
6555,0.0836765150442765,3.21427060109174,1.4990550033738,0.988878556801794
6556,0.0818556678645692,7.9123494734882,2.86231462875183,1.49587466367277
6557,0.0828839416371026,7.66616439096987,1.76518312748766,1.348718697611
6558,0.082685466500694,5.29744262176265,1.55986781449427,0.898125249863431
6559,0.0836225684880505,8.15182038867911,2.33084398562125,1.47956926782448
6560,0.0841291854498318,6.26141941216568,1.31231004363684,1.00129246402384
6561,0.0833602380305778,4.35504879552156,1.75245850541014,1.03554001421694
6562,0.0850047278643204,13.1351434055618,2.03871458145921,1.46980984092269
6563,0.0845789285735295,17.3420466239889,2.72330417101459,1.32308682022922
6564,0.084603653489934,3.5913645474878,1.40820517961594,0.91533956338611
6565,0.0842376578824059,6.21265676697572,1.76234863849147,1.14306674917652
6566,0.0834263304024584,4.12577947479062,1.37858557700103,1.06964887121113
6567,0.0821866949802168,6.76080733092854,2.13467900227046,1.25186435150991
6568,0.0831879985408525,3.90630326810514,1.60074537290006,1.08028377067123
6569,0.0817680397225055,7.35740189915998,1.97000832027744,1.34781065894152
6570,0.0849602180415114,4.58112163402403,1.85093776492777,1.00984517383163
6571,0.0839443935141429,5.65363053378486,1.49444890636498,1.11498201734567
6572,0.0840560695027517,5.26369969768798,1.73206383554538,1.05167705650905
6573,0.0831722344761646,7.44243220297296,1.80430631261424,1.0226066320384
6574,0.085004166888608,5.20024133463628,3.0282718809858,1.42422180085729
6575,0.0846526533057456,4.54000091057149,1.62316167300311,1.03118581949847
6576,0.0839152678536294,5.60128708726253,1.40891837155178,0.937656908777187
6577,0.0832174617870345,3.27665785044607,1.5741864921823,1.07299263714302
6578,0.0846643800889053,4.42035517966824,1.60738081756587,0.984995969459554
6579,0.0835838230730204,5.28003564135785,1.73136784747901,1.12957963920562
6580,0.0847026486075466,3.88583216078484,2.05184267987765,1.15406987074446
6581,0.0840600942101538,3.48052934813224,1.62661599119787,1.05992200907361
6582,0.0825596086608759,6.68056726161109,1.69796675927819,1.09869269444506
6583,0.0833463911108679,4.33360907173112,1.98826031758155,1.13893451466368
6584,0.0842800540036886,7.95648656231563,1.98379463175696,1.22514310194657
6585,0.0838387577207466,3.83195918429788,1.51112659845295,1.02838282970013
6586,0.0826741842131393,3.1468643089412,1.35882184681208,1.08765122728334
6587,0.084056012515044,3.44740227427067,1.4103138514184,1.07917150549835
6588,0.0829841180699676,4.57920701452694,1.68364481598421,1.34392934897172
6589,0.0840835249828734,6.03447678923772,1.29675588651506,1.08641291169051
6590,0.0844405541221099,9.00195511157668,1.72668294235996,1.27798223411612
6591,0.0828411795532743,4.76145783927584,1.53568650318937,0.927889664362168
6592,0.0841930713542235,3.52338384368704,1.32429343518222,0.994451201938379
6593,0.0838023176459126,3.45702821799097,1.63214469898454,1.1399526835464
6594,0.0837243825375047,3.17433710859368,1.37985939022559,1.2430023403635
6595,0.0838127547098966,4.87654384800314,1.5998349585474,1.05569215177975
6596,0.083170739746711,4.16991018542609,1.4867934096579,0.972882991873627
6597,0.0839888196085272,4.71269236749091,1.42388935171985,0.94488280625765
6598,0.0842406612622143,6.95703150094939,1.4918345841508,1.16363583344254
6599,0.0820875941468037,3.96778650858769,1.74832912548967,1.06888142991997
6600,0.0860298557231134,9.48288937129361,2.38716075676349,1.01918071852117
6601,0.0838536332245285,3.81709236192617,1.79026920195782,1.032944095037
6602,0.0846345849884253,5.6516075376809,1.65953792675653,1.08578625116839
6603,0.0835927773496563,3.58619141774404,1.34023032724782,0.850012461590161
6604,0.0843229544083974,8.25971848673817,1.56712154864047,1.0883130931204
6605,0.0821767862298312,7.6359849944997,1.94344025509768,1.18039931388721
6606,0.0828639629817413,10.925542652199,1.83075019044974,1.49622122765511
6607,0.0826522159227114,6.71017901522478,1.6976023803266,0.939108573732193
6608,0.0831988633271597,4.01625708836642,1.70566558724686,1.14645667623198
6609,0.0826372727998013,3.41837310158268,1.61503720956572,1.06327270958149
6610,0.0832332818392925,12.9183086429763,2.39972359950515,1.20589487317907
6611,0.0827223012820742,9.11876036228699,1.73987273113497,1.21107223283574
6612,0.0833266141170695,12.8493209179386,2.40536796388937,1.39631217286872
6613,0.0836995232718348,8.25651119147579,1.81591532762674,1.43278692250692
6614,0.0820317123767957,5.77578668947453,2.1525408914566,1.19885002829017
6615,0.0825128656666383,4.93699441752105,1.76856464047923,1.12185054335421
6616,0.0850026464631222,13.0263386764131,2.84932836000997,1.92110994318434
6617,0.0844128925251435,3.07324265803565,1.21830445117704,1.06386331938213
6618,0.0824163083278744,3.47260440279846,1.86589332732516,1.2139521878583
6619,0.0845323160006314,4.57169854467435,1.86921963717087,1.27710308571015
6620,0.084010344562647,6.84121042267385,1.65319303454923,1.18396497828829
6621,0.0843673667518592,3.66563619502438,1.3849744787999,0.983524014567425
6622,0.0831343494616756,7.62182311552,2.48617951661883,1.39630833264493
6623,0.0843175616432624,8.48115022132931,2.46609108011099,1.33925068860827
6624,0.0831002416551937,5.30551406156703,1.35544655353437,0.918023117529942
6625,0.0845290225463407,6.15696149724547,1.3591714451942,1.01661287755564
6626,0.0814109738369834,5.81591216036618,1.76506025676748,1.16687875964633
6627,0.0831192631883854,12.5493817431925,1.82049574177579,1.37509641306016
6628,0.0831840375517888,3.79370799346737,1.75377452177225,0.941752850297422
6629,0.0840252129196302,3.14868237989777,1.44361664555853,1.0398025461152
6630,0.0840214730422649,3.57263401173552,1.87318148386408,1.14437028884277
6631,0.0839380981772646,13.1079509683819,1.84867364317839,1.27762108309602
6632,0.0831057003009688,6.75762568086691,1.82108165301728,1.01387596630392
6633,0.0844414616981369,4.92247199424394,1.3545853376186,0.930051727171758
6634,0.0840115322812587,4.38763833283688,1.69984136422955,1.16394931884115
6635,0.0837691276154494,5.84348319158359,1.9637485129831,1.12440058093856
6636,0.0818697574259321,2.84129356026452,1.28086824847595,0.971024485708117
6637,0.0842299268164661,6.15184717197017,1.99393397073678,0.989459920528895
6638,0.0840395310012651,3.36877387065197,1.22057807392566,0.987533516817517
6639,0.0825278242838597,4.2617977892208,1.69325028058361,1.06043338183402
6640,0.0844113269893934,4.16512291556559,1.49606100707842,1.06406392331027
6641,0.0838522902436026,9.09440281468415,2.09042502764493,1.25881364667404
6642,0.0839520834594015,5.89337407652077,2.0068807314732,1.19342538050984
6643,0.0837653526716225,8.00422192572621,1.89556147894139,1.19207450805968
6644,0.0841763503060997,4.02501751533744,1.69075076845873,1.02545450306574
6645,0.0818196083494235,6.21684333663071,1.61283973642706,1.03025792921956
6646,0.0823784367197598,12.7070288410982,1.9731299564594,1.16190130422035
6647,0.0836861835131673,10.25880063856,2.22665207353252,1.11680693031041
6648,0.0830380777701077,3.31804060593214,1.87106095773048,0.995690154205742
6649,0.0820689205659017,6.43828299459575,1.47028358143458,0.886710540260785
6650,0.0835429765139937,4.04740525559324,1.4109806444413,1.09697163490233
6651,0.083669206822302,13.2104460396757,2.36907650903977,1.38082916465059
6652,0.0820562512459601,4.21454155671798,1.30175817498633,0.898825744722605
6653,0.0843571760023095,10.248432688533,2.68743204415586,1.06072293051171
6654,0.0843749680972355,8.15346078676723,1.85842814031272,1.13908624322263
6655,0.083367082742786,3.382688391202,1.43871213562374,1.28087868446974
6656,0.0846935125740785,3.44203181582894,1.53668655244977,1.09634044010258
6657,0.0840587953762982,3.4220685767094,1.74690743498194,1.10044209834075
6658,0.0821567723049275,4.32035045187362,1.47148770868484,0.997693379620292
6659,0.0847046442486774,5.71122699648304,1.57584101550367,1.02265038691902
6660,0.0838316189946482,5.11391140606294,1.35983174131727,1.02194249362942
6661,0.0856313177747552,3.48448415190301,1.45950204611424,0.986513900490809
6662,0.0824743556256292,3.70121567531187,1.18507822000499,0.791930781528541
6663,0.0838391553836134,5.39942224104768,1.38620366965128,1.22206142048262
6664,0.0840554717253907,2.74250847888993,1.29105726875074,0.983469175745073
6665,0.0816152017602768,7.41225012419392,2.02883916671878,1.161860463627
6666,0.0829007552028315,3.58974249057945,1.59270923436781,0.996808431054912
6667,0.0842138075466219,5.32607844367355,1.68644411865448,0.990165367876144
6668,0.0826371204383684,4.46604391311505,1.74935853547194,1.05993392219098
6669,0.0840694109986928,12.224646555205,2.09379194394153,1.26740767274923
6670,0.0830741261153695,15.98958286353,2.03373297398352,1.18064875586275
6671,0.0832794961350132,4.04039431859683,1.71518497740001,1.046581576955
6672,0.0843041913855633,6.85796176654542,2.09989325745214,1.43807932446156
6673,0.0842529265086335,4.58693802201271,1.66463673774657,0.956534041580532
6674,0.08542349425243,4.79886390893641,1.60280291114642,0.958090963965283
6675,0.0843327500723873,3.50755097156703,1.50475589066019,0.833419649460744
6676,0.0834953048382056,4.88264985805275,1.50189054146214,0.920242338550414
6677,0.0834409900134499,4.99224340239664,1.61158518474228,1.07482286312283
6678,0.082696144475481,3.1057977997354,1.62677891579111,1.15255864706761
6679,0.0834964511045949,9.27297748188862,2.58492802306215,1.33108773612824
6680,0.082909417412504,4.67190905316213,1.70097811375267,0.9934424998903
6681,0.0833370213419292,8.68790735227635,1.77529065994424,0.984107162179435
6682,0.0841921358672796,4.47077078898853,1.40811731872132,0.996569011656807
6683,0.0828601649733901,6.50461638145684,1.66896457868573,1.00320988448444
6684,0.0846566988037303,14.9464765742127,2.14215085725742,1.12868463834353
6685,0.0837942912464348,3.70344203752875,1.54375121089515,1.07643812842549
6686,0.0832974505280074,3.43982886678872,1.96140661385585,1.11723732257357
6687,0.0833506950886222,8.38950233572029,1.52613599840685,0.955863588699647
6688,0.0840665504361805,5.16427397701489,2.08742551542239,1.29799518139619
6689,0.0823692572433161,5.00010820251233,1.42153043550501,1.1851387824754
6690,0.0847871186694097,7.28144241709115,2.0843768789958,1.23213575292332
6691,0.0838278952650161,2.91089369885024,1.15735607243103,0.952647341558956
6692,0.0842740983383954,11.6704289401808,1.54743720143748,1.12261038257303
6693,0.0844023940755585,3.66666290407678,1.40810535486604,0.889791301130804
6694,0.0844722237968951,10.9302520169033,2.15412471422241,1.23590506448472
6695,0.0846210452535652,8.4595346852968,1.72768803194173,1.32429068011478
6696,0.084298635612468,4.30704556359069,1.84037550553756,1.31420568886661
6697,0.084409315235592,6.69258558482286,1.34899601368955,1.19282127942129
6698,0.0840409757569403,4.12955197167815,1.44632012947544,1.02690312522265
6699,0.083627201008339,6.15444776396672,1.83497888790947,1.09638206457207
6700,0.0848743107954924,7.48443957281206,1.65403742170115,1.12128848182898
6701,0.0839683032141201,15.9919733486584,2.54209111835175,1.54454735943729
6702,0.0846865652786739,10.1007737631869,2.35667385179875,1.2368498123411
6703,0.0836179439894935,2.95239850046206,1.56199490399667,1.2217497174523
6704,0.0839387733577787,9.56552791958226,2.0379306948871,1.26907498926671
6705,0.0817998725372671,6.07183483215772,1.79902614694456,1.15136256224171
6706,0.0840374945671975,5.56433536099074,1.82832372221565,1.28707291875651
6707,0.0842874485381551,3.59646363788156,1.56059657465922,0.918396904945388
6708,0.0844882049623053,5.53549529089439,1.88996449436978,1.14967362225962
6709,0.0844501168824107,4.39846126656605,2.16941065035772,1.21426818606067
6710,0.0835028961433583,11.0280827660273,2.24282082573341,1.25217529271081
6711,0.084229146100655,3.32820086639962,1.27195053097257,1.10564089132154
6712,0.0841168543924254,4.76084109124249,1.5641920246925,1.01838810105825
6713,0.083533281486243,6.24932186892414,2.44097294819287,1.12787714042035
6714,0.0838187379571515,4.45961595823537,1.48590125418641,1.01261691465044
6715,0.0839092124966968,5.08384848542562,1.92521265309272,1.226091003389
6716,0.0836072777186885,6.28186509408425,1.46693232286841,1.00281384140161
6717,0.0830532029737906,3.95391608374356,1.67182364067628,1.04749732970876
6718,0.0832487664892431,16.6325115576195,1.80931399865566,1.24021123665043
6719,0.082001807152538,4.1913181834078,1.32828609260897,1.10596422314388
6720,0.0841173142033534,8.68415875445508,1.97125158202954,0.96318324139914
6721,0.0844138941485233,3.41451606302493,1.46389866307036,0.988761974681511
6722,0.0828848232487805,4.88094494445568,1.43545708522587,0.819522629277503
6723,0.0842374754893759,5.40884492242703,1.72173965124106,1.09002117503478
6724,0.0828367446114105,3.79101058557167,1.27786073577173,1.05846204060413
6725,0.0847278865541097,10.6163334182966,1.55596525527934,0.969426137746621
6726,0.0844829460618845,5.01630274167503,1.9238926264107,1.25615332073323
6727,0.082765806302436,4.90636210823257,1.44369449512117,1.07870528757722
6728,0.0838961523794911,7.95509472271565,1.98846818548138,1.0889504758866
6729,0.0824514243319026,5.3662166794339,1.62926548941987,1.11047142109317
6730,0.0829344435607369,4.5886002588762,1.46225485166664,0.93526048880412
6731,0.0824686416427777,3.93179592172349,1.74155999408784,1.35860990749697
6732,0.0826447322208357,6.18696657660746,1.59370227880965,1.18517095594015
6733,0.0834274020678612,9.07382944816224,1.78870694188799,1.28671000419614
6734,0.0852937329035143,2.78891250362804,1.36994474862085,1.06351747423807
6735,0.0831984128240704,10.5146104003969,1.74493989883052,0.972853760243798
6736,0.084219435589051,3.87464356258796,1.43766628937143,0.902753111900785
6737,0.0846692162006366,4.42896435174297,1.26698874460652,0.916734074424883
6738,0.0847316657385941,3.91507444195787,1.59583814910447,1.0587578330965
6739,0.0849844339698659,8.79710631242172,1.66847683149532,1.19015057854457
6740,0.0838499595931566,4.28076653495163,1.38882975132817,0.943970032622019
6741,0.081454896370386,7.89591986499933,1.77000611788053,1.2708849883386
6742,0.083952506079691,3.36483834198202,1.29904386953563,1.1229148835434
6743,0.0842981023097974,5.70069197106168,2.12664920395881,1.14118789094308
6744,0.0836808628598844,3.3379712723185,1.65244321908568,1.08860447962079
6745,0.0837723080764921,3.3156861135933,1.32325932479769,1.02940119062465
6746,0.083387122824965,4.3804433692737,1.77838862675833,1.04799238698248
6747,0.0851481828709075,4.68396053068705,1.46109499842963,1.07498299843532
6748,0.0843071411505776,4.67286143908793,1.59691980000355,0.918089265961583
6749,0.0831080639942419,5.19626706988478,1.651864896792,0.984706399798712
6750,0.0850848210936178,7.70790232927832,1.61762041258991,1.12210427457703
6751,0.0843860915421834,10.5412716143045,1.96513699850038,1.22109233346118
6752,0.0844131304165408,6.48750102526482,1.6708523393508,1.18557475751427
6753,0.0813920927044358,3.15684851610258,1.50552794729552,1.10940780857324
6754,0.0839779288291042,5.6971557939896,1.9297794086405,0.949202200058895
6755,0.0829949034743137,6.16849719250934,2.46445917206432,1.18284001131973
6756,0.0833961124992971,10.2187370862364,1.53411795196858,1.04544435506999
6757,0.0840372456059068,7.78216100370264,1.8557763173339,0.967510725789603
6758,0.0834959934319601,10.2803075450799,1.72338362530811,1.16340957623263
6759,0.0835195226302999,6.75202216326591,2.23360403597766,1.38767141551752
6760,0.0827934072525454,3.83673384640405,1.53264173846286,1.04635938151713
6761,0.083811960289574,6.72495366383156,1.66430144773337,1.20256308261884
6762,0.0815907391144908,3.75968776614042,1.20137156546559,1.00575554782068
6763,0.0839377948856885,3.35093497018652,1.36631006897606,0.941622945787201
6764,0.0829127988598053,5.77549821617635,1.81647630423926,1.13525459206435
6765,0.084109095764005,3.45558358733778,1.53883607506096,0.95843724456403
6766,0.0832810915501235,3.42880779012112,1.53297904647755,1.22535343475211
6767,0.0843337871074234,3.45352543709958,1.56887785340903,1.05229872227835
6768,0.0835423606652518,4.02431690550939,1.30812555573714,0.945305269369675
6769,0.0858780540997048,10.5643011166503,2.04014107584091,1.15217402452131
6770,0.0843593113097801,7.55969235281979,1.9179812844937,1.06923736618565
6771,0.0843820090065734,2.94788652026826,1.23901663214408,0.926148626887098
6772,0.0844790284809557,6.66898978467953,1.58951731151503,1.05525017897993
6773,0.0829830425432922,11.5970547374809,1.9864157538242,1.21939495397072
6774,0.0839266639063793,2.99612116268627,1.62261965031597,1.22540875155773
6775,0.0832115485409681,3.30347326514517,1.46943436510258,0.963108392248729
6776,0.0832760607909524,3.67766261598073,1.48848867720925,1.09465579101883
6777,0.0841062886129592,7.60523254814631,2.11473305101404,1.25318740482837
6778,0.082633908741646,3.2593791571179,1.26947789665538,0.999569208471491
6779,0.0827563434655387,3.36443886762244,1.56383759080099,0.885457301460101
6780,0.0826361697865606,5.29129708699583,1.55510550668908,0.887751278952547
6781,0.082675174044296,4.05482425376393,1.28113932833454,0.83510729290413
6782,0.0857214206615336,11.2068532786284,2.07622062613452,1.33604117210339
6783,0.0838551546833091,3.32774924499301,1.47155839316127,1.15967486872429
6784,0.0824328276368293,4.03843261848253,2.35685946777851,1.12003154044286
6785,0.0844493869452825,4.92449734843354,1.6499101421714,0.995535084535551
6786,0.0849459922778246,8.91760201503116,1.82098461775233,1.07642956335182
6787,0.0839037447772903,5.61212585488433,1.60244076702903,1.09758635398397
6788,0.0834595787605118,3.91405847370438,1.70495726374151,1.03719200620348
6789,0.0841590533526775,3.77769693022342,1.22450017751833,0.916207501555421
6790,0.0846467935340726,3.71626259907556,1.65860502802442,0.968472423824207
6791,0.0819543792556072,3.96163043540807,1.62332574942802,0.917282172489319
6792,0.0832046529954184,4.13624805155775,1.37893789066628,0.89650069406979
6793,0.0819134406159443,3.51339652116664,1.41962192715878,0.999874090906623
6794,0.0844038922193652,3.54700210074404,1.39926429956827,0.966384513878825
6795,0.0827513875350996,6.61900301230512,2.65990250065016,1.52089054414079
6796,0.082674256913391,4.2495715183365,1.58742678890339,1.21524441000416
6797,0.0828128443154301,3.40905785527539,1.3030446036265,1.05944898582072
6798,0.0831392349310458,8.19171160031044,2.09911016914855,1.27868000179824
6799,0.082183420013655,4.72847405908294,1.72605419876865,1.19889562198153
6800,0.0835696841028099,6.48287352309887,1.73496745856068,1.29670508007495
6801,0.0850319329336805,7.354869079963,1.5917680010971,1.15456560791575
6802,0.082834496186719,6.90956767097023,2.50525498652033,1.46864031341049
6803,0.082852641047642,7.02314354218921,1.48406064988905,0.947029605792747
6804,0.0841207252599021,3.26866436539193,1.69564870057123,1.1707956929233
6805,0.0831865851902947,6.40842531076858,1.73777953719123,1.05655215860228
6806,0.0845334944452401,7.31371323731942,1.57742002212183,1.01435533895737
6807,0.0839750674200047,3.92372185120493,1.33041644096977,1.09835595693177
6808,0.0835486051895032,2.99242724822799,1.7252029550667,1.20046798297615
6809,0.0828463901629903,5.04614189790619,2.15481118493413,1.3383580904962
6810,0.0834817180863535,4.79776735266145,1.53291811667023,0.926982686258026
6811,0.0844976239543268,2.99180064593646,1.52302078442251,1.12828075000766
6812,0.083184808232132,4.62733296941419,1.77888795058605,1.10850984528468
6813,0.0831708802603413,4.98113449100476,1.4888602228462,1.04076711396993
6814,0.0858187462465578,7.52992056113461,1.99183928419896,1.38830082339779
6815,0.0838484790687593,3.43176693750483,1.45283066471415,1.16551575150555
6816,0.0818727154475121,6.31522253152865,1.96507713004153,1.24209545288013
6817,0.0827134310960209,9.44532183813994,1.86571022256373,1.26066043414542
6818,0.0840741188014817,3.5119491260826,1.51111111893044,1.11150204067268
6819,0.0838142529173393,3.44657385607925,1.35804015555664,1.10486826931756
6820,0.0847860902453159,4.23284151963013,1.65347369131695,1.01453993725445
6821,0.084097660246833,3.84510246708645,1.61534272513774,1.07647037064988
6822,0.0818951797720891,3.37722968362474,1.64073829496391,0.901992931069766
6823,0.0835762044369349,4.35181357898938,1.72778440410002,1.13406443473338
6824,0.0830770310566082,4.42823282814816,1.85203825261664,0.896493624845161
6825,0.0847986078380392,10.5786366034439,2.01931131874708,1.26282715947271
6826,0.0820575982810188,5.28327787086315,1.89774185117768,1.14770217884775
6827,0.0841757970788369,6.64867294186419,1.72621132535837,1.30156126930766
6828,0.0849253866523314,4.45989030013383,1.68007466172599,1.01538196197884
6829,0.0846916171105191,3.37233395364817,1.36767119992317,1.08583979006308
6830,0.0821031345007089,4.58789372233071,1.93089642807981,1.25007543064265
6831,0.0840996326103634,7.47268724665653,1.7091809786388,1.01911649261498
6832,0.0838896962602769,3.44354038184385,1.2548432183729,0.910438457763343
6833,0.0840478946633653,4.12033377038509,1.61234506497291,1.20171200483192
6834,0.0822729997985802,4.0682831152313,1.85101507490385,1.03197086937154
6835,0.0826667735472936,3.2330549073601,1.57995421163612,1.10233317194804
6836,0.0838658131075909,16.5291923927933,1.89830561919327,1.16971524462746
6837,0.0838479251735564,5.51520170926209,1.57378734561792,1.01118462089738
6838,0.0814913772787755,3.74991605879891,1.41543518731713,0.927197246012837
6839,0.0832117707245957,4.33633599541193,1.34519013428535,0.746323368615726
6840,0.0831736911980891,14.0045829268207,2.34280850899207,1.41086498507911
6841,0.0845792072148359,11.2829539086755,1.5758590045239,1.06162747242978
6842,0.0819766841002168,3.40586856670098,1.34397092288516,1.18291115058616
6843,0.0849015057918039,5.52858593556735,1.58962418375401,1.0332631098684
6844,0.0849129179810996,9.53598910185694,1.84398381316529,1.21043180248662
6845,0.0850861241804597,4.24800940983862,1.44245768588837,0.967929254747225
6846,0.0838949949001917,8.91702115669769,2.45873680812187,1.43393416284503
6847,0.0839613603275227,11.0925854006597,2.13525383151334,1.13379893296345
6848,0.0852650222783358,3.56438120320455,1.19420855255245,1.09810466744672
6849,0.0825210174454766,10.0759896308305,3.15667943720037,1.37627839637634
6850,0.0836434522329883,4.45021671645788,1.24842078106304,0.802620163742613
6851,0.0829205943919664,3.43808138913412,1.29150235255016,1.00384968164849
6852,0.0830591423244798,6.80206880156089,3.11965066546937,1.72170716149914
6853,0.0833762365845406,6.23659583573804,1.57411173824407,1.06732446307604
6854,0.083427896892941,3.3654903457474,1.66845185362603,1.02912497081011
6855,0.083127143011539,5.20394867464149,1.56360188317546,1.01549407415581
6856,0.0816619437280399,3.09346036570114,1.39260433976425,0.901631680686742
6857,0.0843881517497748,9.02879298199446,2.2393998724603,1.15934696718883
6858,0.0829143042216084,10.1244384301076,1.81368476859241,1.54490067626207
6859,0.0855658397813065,6.68479719229439,1.81381393573967,1.06506364402877
6860,0.0838655403926871,3.00416781756771,1.31208362740827,1.03821862664483
6861,0.0845050302335982,4.60325900185442,1.8614011695351,0.950423071583781
6862,0.0853256874917388,5.02502845066925,1.64624855272384,1.02085048705896
6863,0.0824163159596986,10.9212123028382,1.90931714489069,1.15259365574818
6864,0.0832304687507858,6.22545847703028,1.57597450231404,1.01819159365239
6865,0.0822654300969229,6.1401803552914,2.33971587925083,1.22970487079532
6866,0.0838089889180438,4.06607610317305,1.54755620788581,1.052482192135
6867,0.0854072944002681,11.525659188922,2.02379450606027,1.27090671784396
6868,0.0837434553884963,22.4194513452124,2.50499833186464,1.27167902795247
6869,0.0843303728031749,2.85394387951229,1.48506811300958,1.19638320831585
6870,0.0825069646435956,4.61535948715272,1.71615864806516,1.11695825081654
6871,0.0832282476030029,5.55833429687598,1.75346030488502,1.28551283768372
6872,0.0833016363276209,6.20918340135415,1.59099400381194,1.01324422053904
6873,0.0840079877134545,8.73923788793921,2.29801305742616,1.11561794403559
6874,0.0828166420564127,7.32601720915006,1.69048393660456,1.14154609507444
6875,0.0827051795238593,4.67417391761278,2.00770955692763,1.40790281037405
6876,0.0839481950087686,6.85897494694412,1.41137388215861,0.934922907618999
6877,0.0840831043653179,5.61187898362386,1.94895354322294,1.18326352576395
6878,0.0843140825131155,3.86840333704539,1.49521149777595,1.12803567249341
6879,0.0834088892374829,4.54309541680664,2.3678276031331,1.367540558212
6880,0.0859797406615359,7.65513008294967,3.0088702438523,1.34922333343556
6881,0.0823118331899845,5.40920950648689,2.03690467044706,1.24794633109284
6882,0.0820850743383402,9.5803958028714,1.64224089495792,1.16591066499822
6883,0.0830285411236807,3.81229137387785,1.60197001633998,1.0395437257252
6884,0.0833699665129647,5.18687564910862,2.04771608754095,1.12552005029458
6885,0.0832626004193543,5.00692601267306,2.01883761798176,1.17331089260892
6886,0.0838002030803415,10.9228527135166,2.61143031138872,1.27222724135463
6887,0.0840953048713527,4.82171607339244,1.71619507990951,1.03965301078238
6888,0.0834062648063696,5.50698409656794,1.95687191115038,1.58890744766475
6889,0.0834429199058523,4.08264520697385,1.56456893353233,1.05269889988092
6890,0.0822521180777237,4.16224506487963,1.6106085433611,1.12756024970545
6891,0.08411830286875,4.14609701042299,1.5305382987802,1.16678018401263
6892,0.082827714080531,4.53654588240237,2.02332034022356,1.21727367526992
6893,0.0836849927752053,6.24164002204844,2.14226917523084,1.06637354282788
6894,0.0834682312363311,7.90278612913871,1.65633313632148,1.00688503059936
6895,0.0844829556345045,7.15080866479177,1.75132461982188,1.24830339205869
6896,0.0847651659603976,4.38915631831488,2.09807846010167,1.24633891385897
6897,0.0828313815383542,13.0256782351431,2.18665146504887,1.13186420879979
6898,0.0856434180865461,3.53759293788862,1.24692846916161,0.943034589594497
6899,0.0843422028410649,7.3917476478441,1.62064010711457,1.21652261841034
6900,0.0844293319693442,4.75303505499671,2.08076056467216,1.28968074436904
6901,0.083316433427016,6.34634264631674,1.58097469928812,1.04733724899106
6902,0.0843318498844387,3.45431487846309,1.56126032285257,0.988828151713905
6903,0.084576398208804,4.40169234078971,1.71374420744087,1.07932885822852
6904,0.0842813363598636,10.1213832912332,1.77503591337632,1.25151164095432
6905,0.0827523515724635,5.75795261146912,1.60568416203659,1.08715129128303
6906,0.0849645484082793,3.58429299171449,1.10443812863978,0.798367702643492
6907,0.0840636175695758,3.72276360794291,1.74186515577715,1.14429482385984
6908,0.0840036156986599,5.96940216503301,2.37907075526441,1.28921954167709
6909,0.0826695841552184,5.69701690857604,1.76341409496754,1.12319860900675
6910,0.0830010353973862,3.48745176242643,1.27036646684815,0.910047161184458
6911,0.0837212547301108,3.66227029671893,1.48113405162315,1.15399639338792
6912,0.0832318434245067,12.2778011259996,1.71967015765722,1.12325114413435
6913,0.0826098262884596,8.00768305461572,2.84460289128697,1.63283150363145
6914,0.0836945736487785,7.13253551265193,2.39771407747539,1.17217394321534
6915,0.0834931899481718,4.035973481416,1.24220930236024,0.841206533663037
6916,0.0845615333944044,4.73959245874649,1.84037876106771,1.15333532972885
6917,0.0849687330003488,7.9009869833288,1.96452302252394,1.06917001891609
6918,0.0826977464257086,3.22226221484481,1.31673238611357,1.14885253746901
6919,0.0840635030241584,6.33791898947388,1.93697430792461,1.02440627991465
6920,0.083533385468174,5.17881734440407,1.2385183129194,1.03183897846116
6921,0.0839276227268553,3.4984896163151,1.58083981029917,1.07116450457669
6922,0.0835134926814822,3.8546307839406,1.67134274373301,0.963518217489282
6923,0.0848563604853278,6.65364850944964,1.84586385812131,1.16666999345476
6924,0.084026570558015,2.73514525127737,1.40645657441641,1.04445964725656
6925,0.0833029975842345,6.46224228188066,1.53647382223146,0.96426420245
6926,0.084152007084793,3.73967994055372,1.44328915171851,1.07323788526388
6927,0.0842662295475184,3.61712330942213,1.2118940500321,0.849955854332316
6928,0.0837848114262102,4.89388861880375,1.85299886685643,1.17934122004639
6929,0.0832242489751186,3.47615784680834,1.21565613315422,1.01729036578168
6930,0.0832882143898041,3.90347955857928,1.54680428436284,0.949981978915448
6931,0.0823553551609942,4.68462377356761,1.46416549088455,0.873213327483723
6932,0.0844268264121677,13.5645828821902,2.01880484345424,1.44360509835745
6933,0.0834389761854968,9.56605618790479,1.67905906535955,1.21829978520396
6934,0.0857132361394361,5.66859177970335,1.97537060721781,1.17436164981747
6935,0.0845351712208547,5.87302557566774,1.5402953389176,1.04579558044236
6936,0.083739144090236,5.48721597414712,2.02819092815942,1.16254021254714
6937,0.0840250833973317,3.37063680223601,1.59730541300489,0.89778689476637
6938,0.0829747433282528,12.4944572077386,3.13100299325701,1.36801680520102
6939,0.0825224153224972,3.63023146850579,1.44075850818559,0.922830150993909
6940,0.0838430097013705,4.73383889813152,1.42490277326274,0.767356156748003
6941,0.0834791141647618,8.00855086059786,1.98071692916813,1.12509802110222
6942,0.0841536945891665,7.15585341743083,2.20916393690935,1.2647890565679
6943,0.0824866273050494,5.7239920779549,1.68363063306385,1.12137577051364
6944,0.0831079505587668,6.27458042928775,1.85025670656359,1.03922593636629
6945,0.0825028536076309,5.58506776484385,1.62995999131892,1.194240323942
6946,0.0834761307860027,2.8572385966764,1.42759700724816,0.941112978715599
6947,0.0853334021073359,3.29848944901674,1.41336727539942,1.13233164202869
6948,0.0836952488458727,8.40364810990572,1.78121574253354,1.11045782887632
6949,0.084992342672175,3.26351104743724,1.48765170191339,0.928279273591471
6950,0.0829470276829849,2.83135193690591,1.36801200366301,0.941952786250692
6951,0.0841687028376617,10.8203846771413,1.75285397971494,1.01355951718532
6952,0.0845939080679168,3.89701230683042,1.67961409785346,1.0697088644293
6953,0.0813513540347972,3.31543204700158,1.46078573856266,0.900487595359758
6954,0.0841848356937089,3.19847842893183,1.2093643118021,0.913728764653839
6955,0.0836913063660587,3.57810308806394,1.44062856180739,1.00394684466213
6956,0.0834505047661678,6.55360812506816,1.68055381800129,1.24931514358305
6957,0.0832655420189806,5.53548259248552,2.2071201686819,1.22931775177671
6958,0.0824646643350528,5.83158014007089,1.6716269204689,1.24614036307208
6959,0.0830179944481511,5.68722117832996,1.6805251904333,1.13916587843331
6960,0.0824599952288105,3.18902839195837,1.60883920129511,1.18689155087243
6961,0.0824366763006056,5.7482087586119,1.98794891004869,1.06860260014232
6962,0.0831079900210476,3.02124988458976,1.42373094019247,1.11361290422859
6963,0.0827842715408725,12.9396905349109,2.4203365480546,1.40644544038957
6964,0.0817989036853715,5.86223861896164,1.57446969893071,1.03091032863313
6965,0.0839638258321549,5.53253781222129,1.74732928827258,1.11042005007953
6966,0.085125579139887,9.3743092665694,2.86343391748992,1.40962947281082
6967,0.0834946601582469,4.18350542660816,1.30781894804557,0.861940432894963
6968,0.0833989391859061,3.12774462772374,1.24119252674579,0.81485014602556
6969,0.082533175850121,4.86547087209932,1.51230601856005,0.938157019561364
6970,0.0838321227423867,5.16379366610614,1.44948528043075,1.08339803516856
6971,0.0825963748351936,3.91965179168853,1.8701380924097,1.10074077568219
6972,0.0828098615403696,3.76192357582613,1.69089187302208,1.3120233463638
6973,0.0833803780857681,4.0038569986734,1.5302151841641,0.945867688814234
6974,0.0826886253502146,4.45018124371,1.99081640789385,1.22888627290688
6975,0.0833294572595798,7.39513303302334,2.25721808806049,1.27820838260978
6976,0.0836569604656471,4.29692569805112,1.58290117116534,1.04124397940317
6977,0.0836108676005507,7.45270477667576,2.02448170454784,1.01806669625122
6978,0.0838668052555702,5.3041899234335,2.28253272861346,1.15842767652946
6979,0.0844827143392387,4.87675623011112,1.88344093264016,1.28184787855398
6980,0.0840432872064067,17.5506394291004,2.06984026313596,1.08504067717174
6981,0.0834005128103283,5.9330563072279,1.79431096015995,1.1306205905284
6982,0.0833613801189148,8.10261093848521,1.68804360690344,0.893723849733296
6983,0.0834568834431405,4.68602348956738,1.61894855983142,1.14821768749159
6984,0.0842112359963733,5.02619049374335,1.63975745404952,1.17875951992551
6985,0.0844566950377593,3.89716898996468,1.67644256997057,1.07548940637503
6986,0.0846961585141865,3.39137620373572,1.17326972205483,0.978208216336377
6987,0.0826582348897635,3.70075969974666,1.54927990221722,0.962567420257153
6988,0.0844573942351115,4.36462095372478,1.66064467765474,1.07082766657722
6989,0.0837283165297448,4.63407782493959,2.2719750700387,1.07700579028675
6990,0.0835988572787388,4.24138163639696,1.67540007689212,1.32915844410255
6991,0.0830199335979949,8.58920438273509,1.81519098143078,1.09115857897021
6992,0.0830725402590114,4.8097954273315,1.35561564239982,1.09377410721335
6993,0.0833217297265352,4.88531010164373,1.66764600201254,1.08820938582492
6994,0.0833533408397613,5.75268562592748,1.43146093254127,0.975094701653417
6995,0.0821698009312648,4.87342830845597,1.40938836817998,1.00618080961943
6996,0.0835374996741827,5.42671371649898,1.60718040505668,1.37410432756576
6997,0.0841096517582933,10.9067121878789,2.68402276013585,1.2870103129093
6998,0.0826526634951163,4.42264354037328,1.70002731026944,0.988466446082867
6999,0.0843178762542302,3.10631591661833,1.71145000411351,1.02537730942117
7000,0.08212491756192,9.08459173292088,1.87580055145925,1.07485432076949
7001,0.0832852580404634,4.75987216131541,1.77017122817897,1.21124039065609
7002,0.082875893511281,11.3604944694575,2.50731669773472,1.41692565747741
7003,0.0838638007732504,5.37525513185503,1.6369181157065,1.03694251446469
7004,0.0849281704034365,9.43312357524087,1.85576883136319,1.17693458057479
7005,0.0844507054737697,10.0744741053049,2.05773931133739,1.20747290243114
7006,0.0837591273340743,6.26474349005603,1.68303266162382,1.2400908998644
7007,0.083191716574912,4.57577665932309,1.62013339040008,0.82218921006294
7008,0.0827023313935595,4.07516386204172,1.56984717792657,1.06357245667488
7009,0.0829820232786457,3.01627255664678,1.24226563165669,1.0315917064567
7010,0.0834665976504841,6.12746182367962,1.53402696349359,1.00896843236666
7011,0.0864494229621123,4.28094402429728,1.61475423142225,1.02291863794167
7012,0.0826341496284527,10.320669503795,1.61669251308286,1.02185461026011
7013,0.0846268906290582,7.55908068018258,1.85371058976027,1.15827234248914
7014,0.0832871320514474,4.09238127944127,1.36884968819143,0.822716391429716
7015,0.0838260096518248,11.5423870344035,2.4394203656077,1.365421993373
7016,0.0836903471693713,6.31931068223523,2.15040538974613,1.06928361426387
7017,0.0836415724062444,4.16053655237403,1.55738764219504,0.937186980208953
7018,0.082232967944746,3.36052297580811,1.69663919755878,1.11406725807362
7019,0.0831659120235864,2.94575873065098,1.72359683633106,0.984425399323592
7020,0.0838429600824132,4.00880354774177,1.6648927939262,1.30208545244653
7021,0.0847882150413002,2.89205686832263,1.63903136306979,1.00869348382379
7022,0.0835992016462501,4.5872383475016,1.8623274919406,1.17411081928138
7023,0.0841753151872526,5.52096985270357,2.66684382912565,1.20418174245192
7024,0.0831806515415129,5.37517247330395,1.63606326057009,1.07481603378183
7025,0.0836822046332413,4.77179775000638,1.62145933589737,1.10966184579182
7026,0.0830165036273559,12.032130006922,1.89064696663337,1.42229105307376
7027,0.0837410863363885,5.74775677011487,1.55767294146538,1.03006188950643
7028,0.0858608814775416,3.74322887722025,1.41722195313958,1.08867986861448
7029,0.0838136209342964,3.15087600649432,1.73354591846799,1.1988582451954
7030,0.0837974339905199,3.90237598427742,1.41068600993722,0.836443871090016
7031,0.0855555113738575,6.14514794919938,1.51493147930858,0.958621276842053
7032,0.0825994095811757,5.8994614046644,1.93664770514166,1.17771138894881
7033,0.083043281254553,2.86070551113183,1.54318573707895,1.0816632764604
7034,0.0840746824376297,3.54625265721491,1.52816396117357,0.816394747574456
7035,0.0829949686005934,4.25543034596861,1.76568881977743,1.13986372478541
7036,0.0843377781999706,5.72212481562248,1.77421454151454,1.05796142190771
7037,0.0834609151133001,3.44568584448864,1.63962022647487,1.16707680246077
7038,0.0837732325379587,9.05496455066643,2.69842974529057,1.42597840903875
7039,0.082041205813265,3.94310707518889,1.80378816267982,1.09170688815411
7040,0.0851128697054741,3.37036823122865,1.69279933172286,0.985701195636024
7041,0.0826643870421029,5.39512869861991,1.49335519583652,0.96809257432784
7042,0.0820259007164089,3.27452362765235,1.84401985943118,1.04249240660986
7043,0.083611146958047,4.15480588204716,1.41773629431163,1.01264182020634
7044,0.0840650047305335,4.65399799428911,1.35787878801117,0.964064026368928
7045,0.0846525289524072,14.5771691835971,2.18562319110205,1.18344831260678
7046,0.0833905601065533,6.48628747741049,1.34002010440002,0.910189680084987
7047,0.0853278699318338,5.11258225614116,1.5211440288575,1.26534498786127
7048,0.0820511103253439,4.47512166468446,1.39027720125345,1.23153352550101
7049,0.0833457833314628,10.2873132404409,2.1577636014723,1.32671988051868
7050,0.0826590925831358,3.69804297005452,1.55173128137109,0.94709713168744
7051,0.0839176834463895,4.13252874596314,1.93123251351398,1.41049596491928
7052,0.0827357082299065,5.05764850605533,1.74407913668274,1.11188536933342
7053,0.083616184026929,2.80343136189722,1.22315295358786,0.946219794920862
7054,0.083578464803185,5.17137829738283,2.02545672092573,1.28261145746562
7055,0.0811862466819426,4.9680797342617,1.86463099265765,0.909224466545992
7056,0.0832014795470668,6.19939505156493,1.48093484350044,1.02009762416216
7057,0.0829533765801686,3.4616980511787,1.66699033264465,0.940575040510299
7058,0.0847141574458295,6.77418622704656,1.72075352480896,1.09924171252731
7059,0.0836531768211388,8.45174481128995,1.7561505215422,1.02233141970761
7060,0.0834380783270526,4.78013558597599,2.02677602892533,1.18993590068392
7061,0.0833373706865248,4.46509293921108,1.58970716246402,1.1078543440935
7062,0.0832310710255001,8.97443666524606,1.71736004349391,1.08921356419321
7063,0.0829794112151773,10.0967226715034,1.67217565196922,1.04684760973881
7064,0.0833549630489592,4.6978143691419,1.31148696644655,1.05236804844296
7065,0.0835607059591647,3.9870556032108,1.62923725282232,1.04199387747898
7066,0.085176355512981,12.1598007666995,1.96039606506546,1.08843664475951
7067,0.0826001912572414,3.62563817097904,1.48796902968075,1.08568162030636
7068,0.0839787268658253,3.01552588393967,1.56275608782792,1.01139895125308
7069,0.0840711239077194,12.4689064278012,2.32759254742879,1.38788620988634
7070,0.0830113193964476,3.08186759056864,1.48776726496314,1.11585794632533
7071,0.0838865247704367,12.5986091803785,2.3060922482445,1.11252972770917
7072,0.0837639371911657,5.49448105766021,2.05295072383297,1.10776460774411
7073,0.0842028891926466,3.26999653808114,1.48341137040373,1.10879202235859
7074,0.0849736049530521,3.5705451727047,1.7780946037121,1.13271657607677
7075,0.0830694560772564,3.63165243851155,1.698417283756,1.06239709144503
7076,0.0838926615255932,4.84530888742402,1.56752766832221,0.996800288944359
7077,0.0844116245858166,10.3825558493657,2.32273750559668,1.53356587458617
7078,0.082605725993051,8.95657821282763,1.66805052260149,1.04537672383796
7079,0.0845308854091113,5.50123918743921,1.80492331613608,0.979566130564381
7080,0.0831297820285275,5.08317992094736,1.65128364955172,1.07625808987033
7081,0.0833973117470098,5.68189975116673,1.78456453369738,1.12890077903132
7082,0.0848970636656269,9.13621730984441,1.91717129359486,1.22030400435459
7083,0.084552305702268,6.1235836557402,2.06297617751552,1.0894812365935
7084,0.0828239748253485,7.98222880037153,2.16222529140361,1.2585271758725
7085,0.0838148868867061,9.86360560846026,1.89464056420389,1.06424224190624
7086,0.0839946001073211,13.1887889046744,2.32657667634139,1.44922878644152
7087,0.0840391015627666,5.63649361332431,1.68993925073812,1.10891972210919
7088,0.0823387300820765,3.19822598141543,1.42657251413848,0.981369487974452
7089,0.0817425388878885,3.81237705024749,1.79294855237453,1.10113266740576
7090,0.083307365525626,8.78759594671494,1.67329103311292,1.19743522543553
7091,0.0853812514264895,4.42168697532524,1.57535028098482,0.881916000749082
7092,0.0839094797264887,6.1691882372676,1.60999368349134,1.08950614306819
7093,0.0820896589405759,7.70830829821562,2.05229783508355,1.37150337954289
7094,0.0837921856950035,4.07857012519721,2.15933442997306,1.18718098465099
7095,0.0839533277643933,12.7936664877399,1.94875527030718,0.989856413666043
7096,0.083573500328056,4.15711993626686,1.47125966427068,0.989641842024341
7097,0.0835328665925194,7.37356850800351,1.85868809994172,1.08903063182073
7098,0.0837809799601278,5.97820128140643,1.53110793676951,0.967332226866008
7099,0.0836455532140207,4.94994160570266,1.46318258622318,0.952953354981536
7100,0.083366715747302,7.87711285328672,1.51875391668995,0.942930365572244
7101,0.0830932250856739,3.7858383181808,1.95487310043812,1.09655776553372
7102,0.083952178346744,4.18669749744936,1.89295908969378,1.1771701578486
7103,0.0839494634406712,7.64117089110539,1.96124384060854,1.26298396577369
7104,0.0834894371247625,5.89540996095811,1.8426536400869,1.25146507682707
7105,0.0841109262926124,8.92857254831943,2.02642057900007,1.35019089058852
7106,0.0830404985475629,6.4405735476664,1.85956919464149,1.04381445796434
7107,0.0822318839902391,3.30205223385732,1.46195813373452,0.957262845979814
7108,0.0824744625504526,4.66816189547722,1.55012926538128,1.20009883565879
7109,0.0825792770682267,3.88184177581765,1.33537191149264,1.02209977646265
7110,0.0848628246596458,4.92379080653103,1.79131187246507,1.10541245121513
7111,0.083705785676157,6.59399136296332,1.97807263194853,1.2017152869474
7112,0.0830288289784034,4.16978045468401,1.46440970301177,0.991457973530877
7113,0.0848925727709242,6.08607890510553,1.52210077352276,0.99987464320782
7114,0.0835122823629222,4.18706461290423,1.3619545440493,0.895107378543526
7115,0.0848377651141138,5.06030619900579,1.91820396614775,1.19663162332277
7116,0.0847890936879643,4.45197135542063,1.54951252731843,1.10060802331393
7117,0.084567395304233,4.84181093620193,1.54555355825587,1.03365598905534
7118,0.0848980397638325,6.81867824330512,1.72273955193626,1.21989684421563
7119,0.0831078521475049,5.33710783336756,1.66783841677115,1.3151423376591
7120,0.0845551782898621,6.51322721345849,1.46525331322964,0.859750050875191
7121,0.0837510762286705,4.01149919325163,1.348829416078,0.950880634548315
7122,0.0826043695905154,3.60138897208205,1.45790201402962,0.98298070359746
7123,0.0846763636874341,2.88442652922533,1.37109793946577,1.08496546815791
7124,0.0835325992596383,3.41684149178611,1.67754346785728,1.00292950012038
7125,0.082694930828024,4.54424740092676,2.05351984326922,1.35879474442166
7126,0.0823407297857687,5.09577759716495,1.53626464353229,1.06005073517522
7127,0.0851410359054787,7.82492610432049,2.26999506142916,1.47650314665326
7128,0.0839944484604173,4.78258452645141,2.34226419919194,1.24761140840302
7129,0.0849041542578154,8.88189426016436,2.37994255235137,1.15398332337077
7130,0.0828401698845538,4.57914598841429,1.56921584111924,1.06730542549196
7131,0.0832048374035673,3.3186962686727,1.42946270855241,0.983967734846276
7132,0.0838184017680327,20.1682820322811,2.35331925949933,1.03183613700185
7133,0.0843709712506344,3.81320240490377,1.26960918968981,0.962447580654531
7134,0.0847528574067625,8.85053943654272,2.3587728625291,1.27652354790098
7135,0.0824457325005167,4.42525353566249,2.30465210986494,1.35448517175734
7136,0.0834426982677355,3.01333409854653,1.29844187004412,0.906391652426427
7137,0.0849588939892696,11.5376598012244,2.02854072842925,1.13452287118121
7138,0.082882878802477,10.8633539486366,2.36896504793481,1.3626154609917
7139,0.0835033081754557,2.98854294248763,1.84791928885394,1.12982329965787
7140,0.0842555322678768,3.84821366234315,1.33346703703436,1.00658067541197
7141,0.0841414606179889,4.35247723987132,1.85914537237502,1.11755948023331
7142,0.0839526010867214,4.20724099139419,1.36443699584759,1.02883760452104
7143,0.0838884798695427,2.92433954290723,1.24421984366377,0.840936666943149
7144,0.0839959937603108,4.5258285303761,1.58769882292877,1.21093916726718
7145,0.0852659790113385,3.91992812292162,1.55002458966106,1.14790512593566
7146,0.0841376222236146,3.93980440630659,1.59724572888771,0.94718795850593
7147,0.0835570059683812,5.1500765842278,1.33879472399603,1.11620036048443
7148,0.0833932003000228,3.68615459446826,1.36907108510091,1.19212960242414
7149,0.0846294485639439,5.69611364238768,1.96282810048364,1.23035271480548
7150,0.0829571074488464,3.96803642732072,1.63372867462645,1.11230848634501
7151,0.0823193338326315,10.8906994238605,1.66504429490437,1.10939918255637
7152,0.0834848185253816,13.8076995166362,1.98366369718205,1.00577119795528
7153,0.0841157489169522,3.5957494855254,1.33063388152229,0.873784763251551
7154,0.0826370285327899,3.59403303672264,1.88103851017728,1.3262318842395
7155,0.0838460135306697,5.79981073962686,1.94970378375774,1.05025675463178
7156,0.0836244515352014,5.31191545879472,1.60221966555548,0.976096830577091
7157,0.0830757621191565,5.52171360736582,1.99550340454842,0.972713241581282
7158,0.0836161950398519,5.15365932977414,1.55150250784485,0.979738995447252
7159,0.0831244704507946,3.39217024384969,1.52267702115739,1.01423372309255
7160,0.0846910656729709,6.5439638706231,1.77422977486231,1.11462852140325
7161,0.0837584213710045,6.39060860643247,1.6579905609096,1.29310959960002
7162,0.0832025822098248,7.24122604217845,2.00163480549122,1.3223793787602
7163,0.0848093714667516,13.1656906073661,1.73756722094817,1.22132546196889
7164,0.0829603948177888,6.31303768853399,1.65190336748474,0.936883240400192
7165,0.0843387277366681,6.52407400220565,1.46412607248372,1.07192180052482
7166,0.0849729427805984,21.4882579509251,1.60072146691409,1.26858060697296
7167,0.0831313520784299,4.95118867975358,1.48724375886769,1.1005844345432
7168,0.0833273072189063,3.61691858665446,1.37756173985229,0.925570545426805
7169,0.081855588944739,3.90092135109361,1.56795348933208,1.00416367560666
7170,0.0827714210775567,6.23962667806999,1.82282626461766,1.02917171244325
7171,0.0826940241364253,7.65084289588028,2.1410700708669,1.26428728324841
7172,0.0834662557333487,4.27010886926634,1.53389354672101,1.00392366758279
7173,0.081716385487405,3.75565969312853,1.34383071258815,0.964811688433094
7174,0.0834076919765199,12.3504968124882,1.84794863678866,1.16431989273663
7175,0.0833237545869846,3.51489722863752,1.29992472631786,0.868228208356342
7176,0.0849224857673913,8.55944380866447,2.75259944640788,1.51978360695786
7177,0.0824845278759249,3.32082544458656,1.57001764877244,1.24148070588491
7178,0.0840894955283683,4.4613940717432,1.38192589055651,1.01281396213464
7179,0.0846708308687673,4.61348535750287,1.75770373729004,1.14736675486072
7180,0.0853519135146417,7.88751938723512,2.08636789039472,1.2509353769813
7181,0.0846018230750433,4.3200842775224,2.36538044525746,1.3807644395875
7182,0.0842442477144614,5.80914838479396,1.6385261282328,1.16961797245457
7183,0.0836581597181213,5.62645298121405,2.24867245072311,1.26430812513465
7184,0.0825569350208655,13.6564998034235,1.65949855861931,1.13022948476441
7185,0.0826829788097441,5.23092858746745,1.42554369491643,0.976045358727881
7186,0.0838739304433917,13.2093056039203,2.58562788706942,1.50371419286428
7187,0.0834145787025836,4.05957425433137,1.70078623141091,1.03620101032193
7188,0.0833527182481139,12.0428004682052,3.13401502845338,1.64235822221161
7189,0.0834951871829053,6.95565161459751,2.15856697385817,1.2904883953066
7190,0.0845753729324245,10.0579670403293,2.40211790609218,1.7635409631123
7191,0.0831496236627051,3.39157817285716,1.41029860283398,0.890320555602969
7192,0.0832710428918707,8.06776906773547,1.42537302617222,1.05914567483453
7193,0.0832915101735787,7.47491350969387,2.47480216815847,1.46946725587973
7194,0.0831526471566315,3.24182144689109,1.64542391710165,1.15713148188405
7195,0.0836327982914185,4.82319456073177,1.3444692033624,1.15824954168455
7196,0.0829047365343395,4.9269239834425,2.93467597720985,1.18313337832098
7197,0.0834266814107979,12.1788479582479,1.72042348825884,1.03730451854399
7198,0.0844065191769394,3.53995719350474,1.45735319885416,1.08989959637897
7199,0.0842512269653121,4.37423963719102,1.33517714917281,1.02629574295015
7200,0.0846794744064874,3.93272634518587,1.95877158945957,1.18028333310401
7201,0.0828275586386332,9.49945238490432,1.74847483316171,1.06490626001894
7202,0.0845285697019011,5.89290062394203,1.84421946748284,1.19095196019579
7203,0.0859463163628791,4.55298819438022,1.61698389669271,0.883931584670407
7204,0.083189212895015,4.46788219177546,1.92799734530687,1.24412665963635
7205,0.081961548451208,4.09775093976103,1.92438778991946,1.08945879594688
7206,0.0850074403720248,7.94704804583894,1.94918845001836,1.13165403030806
7207,0.0829629870415138,4.83634523627208,1.45648640364777,1.0536847287091
7208,0.0846099899977396,7.38430396759839,1.82330478442562,1.40705321985339
7209,0.082717716816577,11.1448609502653,1.87982587468132,1.28083037098449
7210,0.082724137966878,5.47849633350228,1.51901271052415,1.12394373655015
7211,0.0846685134648573,3.54445749604761,1.25260364241889,1.02521272892851
7212,0.0848737353978465,5.11890977711018,2.21235224112756,1.24979896662156
7213,0.0835718964917633,3.91346569340674,1.80316266632951,1.0600565516947
7214,0.0835901168582037,3.76912234467507,1.42958607620418,0.946075729229368
7215,0.0837525559277626,3.42062060810445,1.39850420950538,0.987209606667952
7216,0.084223482923129,3.87375863432028,1.42252886329267,1.07467172501875
7217,0.0844621787589503,4.10711731221881,1.92038295294299,1.03564448989179
7218,0.0830211816114284,7.420499989834,1.66368327083007,1.06629511660416
7219,0.0833556562193725,6.70694739628253,1.85492177744188,1.31884835757187
7220,0.0832968666127274,4.05733024426185,1.41377677046455,1.00283609241363
7221,0.0833226200788518,9.8056937585107,1.57757591505746,1.07504948987096
7222,0.0841698844348763,4.59189173433092,1.56719707490883,0.991429902030623
7223,0.0854289986683902,9.86431635445991,2.0762228074637,1.14438230819058
7224,0.0836734985128187,13.0939618770406,2.23300780017759,1.11460930930157
7225,0.0834851253012168,10.340449287496,2.0006195448567,1.04009686172139
7226,0.0842391649918646,9.98275205830688,1.89132641101681,1.07617036497681
7227,0.0844235746158099,8.03324983576888,1.72674577544159,0.908535854106654
7228,0.0836333631816467,5.95854060593312,1.43375518230499,1.016467483305
7229,0.0824189076723158,7.08096649012139,2.22240034239371,1.32961555821878
7230,0.082658011163623,5.96521217470246,1.6578031124891,0.966463329073609
7231,0.082720304125583,3.5119727830801,1.43620896574366,0.892180441658085
7232,0.0840676594610793,4.14761158599882,1.71113977237311,1.19570915664533
7233,0.0823537180289953,6.32899577714856,1.88555084747372,1.19974260995621
7234,0.0832834793510614,3.94216370546282,1.72566689718709,1.07654369961679
7235,0.082468006952524,6.36772920678666,1.68702637474604,1.11689549872029
7236,0.0843020110757772,7.63549197042007,1.58664908465383,0.946811283162626
7237,0.0834217516113275,4.64047347222195,1.50047881536215,0.933666842756682
7238,0.0819298269732497,2.94194073289108,1.32507921260096,0.899882840420605
7239,0.0847692970518927,4.64713184402668,1.79484797203946,1.02181317904859
7240,0.0830987175314707,13.1879959932155,2.22888994755011,0.994471007278432
7241,0.0835966097548172,2.9097403710029,1.3226484970781,0.740176346811437
7242,0.0855634795990005,5.90959610916074,1.57625103808322,0.980600048997339
7243,0.0851322464016377,3.46138376498554,1.70403152145623,1.2865276858979
7244,0.0830995609327177,5.34248193863663,1.61953026098058,1.30629774142543
7245,0.0840785437588079,4.38377273038735,1.61890188699849,1.32037700608635
7246,0.0841366402246956,4.24914730865134,1.67099049583106,1.13041658624747
7247,0.0832388909673119,3.5378653986978,1.12669492728229,0.76220205044602
7248,0.0848878683934897,4.93633458534428,1.31999412788584,1.06875578998728
7249,0.084916901425693,5.67943870468337,1.47264907582726,0.928289319913609
7250,0.0838509200134679,4.13809702321933,2.00386879478249,1.29610830767755
7251,0.0836984446256687,5.67953904133846,1.48143649948555,1.08757177502538
7252,0.083708563048783,3.65248066125535,1.77573577529537,1.18822066579333
7253,0.0840966454617933,3.55671170437866,1.94092301307018,1.27239337507139
7254,0.0824095771868517,16.0087067279946,2.17432762646448,1.18083421188947
7255,0.084438262950715,3.76278437342988,1.43177458469086,0.92715526483139
7256,0.0843343946929713,7.11527652847566,1.89903068530281,1.26105259348461
7257,0.0829249325995879,17.7706859559148,2.92577663818215,1.14621233516838
7258,0.0832287233412805,8.44006383026829,2.05344662932467,1.21977680708077
7259,0.0836466425906804,2.82181605537286,1.20656478322038,0.891337859363103
7260,0.0834659275713593,6.52076634880244,1.57684966494661,1.15779207402051
7261,0.083312720196895,5.97973996447845,1.41842237618631,0.965892742665053
7262,0.0839040943026256,9.49620518721777,2.22978179969617,1.4243272741588
7263,0.0832198959222478,8.52367512315942,1.83010409395515,1.03318464587435
7264,0.0821374002840496,11.8612217200201,2.08602634069784,1.36777389962797
7265,0.0836487830408171,3.86257012666666,1.60484255309555,1.01369855085913
7266,0.0843563840353335,4.02500200550824,1.42240267145158,1.11043443392402
7267,0.0833552553540342,2.85283322613248,1.08882070619825,1.0868231438742
7268,0.0829861453730451,2.91222575122535,1.32102913370071,0.89747958284777
7269,0.0838947993145296,5.19460044237733,1.47907675740455,1.18143994914845
7270,0.0828092446314652,8.46725635373791,2.24492362535065,1.1553025945733
7271,0.0839712576476446,9.28021970579167,2.62553320389229,1.21623647978165
7272,0.0845421999210255,3.79832750210313,1.38329303199195,0.953521725010346
7273,0.0817948639011791,3.67631529144579,1.67288739705301,1.06075826247566
7274,0.0843270275972503,18.1561679015745,3.38608671930898,1.74240318687453
7275,0.0842351234472202,6.9341714962402,1.53828103364725,0.882293888552221
7276,0.0819535293481135,4.53556551329631,1.44045732908878,0.97353979158216
7277,0.0835216140550317,3.62429018768101,1.60158341687166,1.37529421856939
7278,0.0840550525202546,4.12729675836779,1.46312568524489,1.22883533519934
7279,0.0830334853642117,8.44021660777891,2.69483170110136,1.60456386329249
7280,0.0837613551040098,7.60227066814856,1.70899482656014,1.18690119033148
7281,0.0842361385737257,3.61771797766536,1.63536689356131,1.16011091130463
7282,0.0845762221638667,3.26773278927233,1.34960564040307,0.971669638418682
7283,0.0825247384384606,14.8616511166838,2.27312873397858,1.04880971269046
7284,0.0837728779990841,12.080559485072,2.47781947294561,1.37950320746033
7285,0.0845190954303276,6.51742266079961,1.87597296488212,1.30379920664519
7286,0.0831253054174318,7.4094393440213,2.48909721329813,1.06060791561199
7287,0.0826169037246884,3.70731465276948,1.53089330701876,0.980247047441426
7288,0.083898469262515,9.49817130406341,2.04567817652415,1.12613777734677
7289,0.084289499814645,3.97104820878944,1.76054315403562,1.19906977472367
7290,0.0844181553895568,6.9282496747827,1.80313007842186,1.19712239850472
7291,0.0838057280538682,2.89321432005975,1.55637654087863,0.892827914156007
7292,0.083255738788459,4.9719903374111,1.60765671745052,1.00186053261861
7293,0.0839977752483022,4.32143663352896,1.36976436283872,0.967891231823726
7294,0.0834819314363982,4.5574245070798,1.44921493411461,0.900444252808835
7295,0.0831767210008444,5.41720917766593,1.7326663700495,1.14699235826255
7296,0.0833962765311737,5.79746929027926,1.78493350675531,1.19026280738496
7297,0.0823134957362963,2.78685950354787,1.78095960044523,1.01526142158953
7298,0.0840046492478486,3.82994040185718,1.73818378071705,1.24639626925348
7299,0.083444259932944,3.67937435634396,2.04198910252712,1.3206510655864
7300,0.0838046732027609,5.34762040752205,1.53284155230363,1.06327769012026
7301,0.083195687207118,4.56068529862071,1.46289329487762,0.961853610998611
7302,0.0834490552242436,8.45378002807242,2.64145727794036,1.39313206271034
7303,0.0833449630042612,13.6252256471528,2.32870472205303,1.347969620262
7304,0.0831437212484177,8.28825257833929,1.97319667954645,1.17221452133533
7305,0.0837676400597586,3.87401352947673,1.39785808128983,0.919681406108794
7306,0.0848483701469972,12.9591341341815,2.38024335614087,1.08626271005468
7307,0.0850890460322519,2.80945852368549,1.30046504110218,0.869332333909488
7308,0.0843319291649784,3.23746376842588,1.61379356084116,1.06257903636721
7309,0.0820261381123266,3.14235962775702,1.22766026913911,1.06616184275302
7310,0.0830031361016542,7.01170142313767,1.89838591445507,1.08319907540297
7311,0.0840274616992933,2.92455892990857,1.22631520067391,0.859446327061115
7312,0.0846827361428388,4.81610822865274,1.71273453385633,1.04332969536809
7313,0.0833211040466119,8.29670758145361,1.88431975159155,1.22017434668393
7314,0.0830276589072928,4.5776883574325,1.79193595988304,0.949861142910729
7315,0.0841271213856957,4.94672391023119,2.01287206643474,1.0921151485852
7316,0.0837747537658565,9.355080372899,2.62149935855229,1.38703566660584
7317,0.0850966837928949,3.17242959753662,1.51403181612313,1.06911381508242
7318,0.0843326046800093,6.87884677882432,1.8749470882477,1.00653447165562
7319,0.083757566938044,3.08635191480708,1.46454756279932,1.01983573004572
7320,0.0818471839279598,3.6155257456426,1.47476262506828,0.972767837190741
7321,0.0834560751428009,6.57440319794527,1.80269080406322,1.09632817717371
7322,0.0820880750842026,2.98346007023247,1.28737498362903,0.894492745558727
7323,0.0831773940832994,7.20399660687437,1.98529479366996,1.17098271748177
7324,0.0861813355174516,4.40964965269558,1.87141185216877,0.941945981654395
7325,0.0840581462078892,6.98656778012747,1.91219197904035,1.0861162136952
7326,0.0844015056450972,3.40339860413113,1.65695113211216,0.921987069075653
7327,0.08462525643291,3.05704002392239,1.57346265721095,1.0578787245798
7328,0.0847823373616964,5.13358217816397,1.49822288184115,1.16019504806965
7329,0.0852633984648407,4.16630007465718,1.67666267967744,1.13772496149851
7330,0.083615780439731,2.73489958994041,1.53056827977146,1.10456605657727
7331,0.0832504595735832,11.8018646684824,3.03983893049635,1.2830062353828
7332,0.0825240166217747,7.44294189012981,1.50541803424496,0.850157679514851
7333,0.0831573739211898,4.13205936041922,1.61786517061141,1.17387171960175
7334,0.0823064531003312,2.94604459770854,1.37195281917778,0.847729978318257
7335,0.0855698866466963,4.16739350099096,1.67419795021212,1.25194655621507
7336,0.0846299175174573,5.0663071894664,1.48578550277741,1.18251216801752
7337,0.0820617574348067,4.24891598625482,1.70044633823683,1.04061771916635
7338,0.0825205206601548,6.0601474434997,1.47357475360423,0.93712144985744
7339,0.0836110556802386,4.230223650443,2.38053441562745,1.09959525472634
7340,0.082404411952039,6.65703687870622,1.56581489452537,1.15754414100317
7341,0.0828445658695424,5.45801306323407,1.44866706184492,0.978325552472422
7342,0.082426411087654,3.00917044518012,1.10588292262223,0.872796924005667
7343,0.0831444892803943,13.2029818035607,2.7373059950844,1.24369165447212
7344,0.0839507075240129,6.25525131707524,1.70246066716123,1.00950309125891
7345,0.0827900750212043,5.68246132037791,2.16253639766443,1.29630817956649
7346,0.0834307594520479,3.44805658757066,1.45760041435802,1.05053387496992
7347,0.0846702094748805,6.42161660073349,2.0452750460544,1.02630979659133
7348,0.0843228107589623,12.7917356864304,1.9577502720978,1.19708579749014
7349,0.0835487746283333,12.228603984381,2.37105990753658,1.25439070365873
7350,0.0826746064698292,3.6494991943236,1.53952132215016,1.04803086045067
7351,0.0851484926646312,5.55519269704861,1.69891606792609,1.27148973219476
7352,0.0824772234855714,3.58392323958122,1.35115655351547,0.982056932090991
7353,0.0808777081989716,4.20758056570655,1.4143419525141,1.06524832965006
7354,0.0835966830729441,6.0190099344738,1.41420787892271,0.961128409160559
7355,0.0829834189461281,4.31287133904486,1.45760545706521,1.12797790544568
7356,0.08410847674428,3.92687224179419,1.49051197766616,0.980938570530247
7357,0.083268994836385,3.12671707900678,1.23820632344918,0.852665598332438
7358,0.0823300934477788,3.03567959844532,1.55541616102829,1.00134255622958
7359,0.0829577196854077,2.95977331596234,1.35596918689817,0.916592375417537
7360,0.083347319172843,3.38226968397793,1.47679177967003,1.06367684075342
7361,0.0841284812206706,6.09981966337589,1.98305049658143,1.06739033085895
7362,0.0860773052705607,6.96304148039945,1.5905600391695,1.02447257213317
7363,0.0848503303370759,7.62110631595743,1.445780017201,0.933405047644448
7364,0.0834587042585448,5.80245679142352,2.59454308989007,1.13205617688622
7365,0.0827211274470224,4.10258254541089,1.59227695023183,1.26051150533767
7366,0.0826281498510614,4.67806664298328,1.8410174639418,1.22732703779198
7367,0.0834214497202029,3.78113322352758,1.31844084876878,0.827398869788454
7368,0.0827535361592032,6.25603601946529,1.45967946324853,1.18294753959094
7369,0.0851295214943163,3.63502432884715,1.4570311917925,1.11455889404969
7370,0.0825460864761427,6.18465380469854,2.4304577065091,1.41475954322161
7371,0.0832373128367613,3.14938938057416,1.44352857661238,0.96868992481656
7372,0.0833674749089695,3.65895870098243,1.65946015101415,1.03815410020161
7373,0.083422830154437,3.50248798069548,1.40327015268539,0.883573911754439
7374,0.0848650340769875,4.7576724111086,1.36903589309589,1.0037110214413
7375,0.0844787962181897,4.97832737750998,1.36830270726135,1.00230996777324
7376,0.0842583951937943,5.36860186151831,1.73346621267449,0.949981769328864
7377,0.0826509045979701,8.76901895435157,1.77860769447284,1.05106764212612
7378,0.0829197855381259,4.38646516817599,1.96657913965139,1.29000497224243
7379,0.0836241913220052,4.92819719621794,2.28709789730064,1.24156140861559
7380,0.0826781752987645,4.34169812336378,1.93615700397303,1.34258123143067
7381,0.0842062296698772,5.1177555791994,2.25889638820034,1.39120689796188
7382,0.0826285838360895,15.7426085116477,2.53361681676994,1.39007741531078
7383,0.0828071958818469,6.2938125172666,1.74433918273116,0.984231820705258
7384,0.0841356639003033,4.76815100646262,1.90279175716705,1.11640394204838
7385,0.0840212855188573,11.2708431616255,2.09398106185383,1.66641580214401
7386,0.0830642375366797,9.56083574985858,1.68099652872367,1.08469062563931
7387,0.0832970894211694,6.79184548154222,1.81916175506147,0.953156812643661
7388,0.082678985499123,8.46733133392119,2.03900783465855,1.08202897673626
7389,0.0833627117589604,5.95450173300688,1.8411986305593,1.20844833675576
7390,0.0859105118917898,8.85882190643545,1.67674419159074,1.08491169637011
7391,0.0829291590221616,4.23378283056158,1.47640199939408,0.964516046318478
7392,0.0833589829214028,3.75548937289654,1.58984665075004,1.03903310686122
7393,0.0833940235282337,4.43280875901845,1.65410791394045,0.869664618507512
7394,0.0834087439172156,7.0780884548397,1.45474999550585,0.900869369544897
7395,0.0829811310592506,7.98167031317176,2.37568302302995,1.52890511638233
7396,0.0834694570753539,4.47250873881418,2.12562976434117,1.1896459322811
7397,0.0855368414253468,5.41701610337538,1.40568747369993,1.02195110536538
7398,0.0846317250473636,3.08774057603846,1.41538105914751,0.922521467911732
7399,0.0832831121683777,3.68544294629149,1.80619946559181,1.22387032992404
7400,0.082739203850889,10.1084020153724,1.93436568349627,1.11468327753288
7401,0.0825859551991634,4.79670045452292,1.98746450261596,1.20680551779784
7402,0.0819554976497235,4.43913955174458,1.43624732213114,1.12974684168457
7403,0.0843447973957959,20.2979081974703,2.16536077312887,1.14439633115603
7404,0.0849436439927361,4.70573822123681,1.52594410849995,1.01430061106902
7405,0.0834684245698327,5.32452039432129,1.50642700181765,1.25184932977314
7406,0.0841463989501003,3.85522711219722,1.69797364368876,1.10500012306401
7407,0.0843793783671451,4.00691042214412,1.40230628948123,0.847640136741009
7408,0.0840681685322456,4.00361387735324,1.3303412554788,0.786237740542835
7409,0.0838373230127051,8.91110437958306,1.8545759091752,1.36102565161912
7410,0.0841387408466115,4.72650289893662,1.74530673229593,1.06283534642122
7411,0.0830282928208964,7.71716155593155,1.46276874703347,1.13126366727068
7412,0.0834113662252324,2.93086297334424,1.23330029355297,1.01199558901092
7413,0.0823162134899689,3.4508421078243,1.65777688026397,1.09327552497342
7414,0.0843763647995014,4.30844573970957,1.85621952477035,1.06118682481281
7415,0.0841655286521275,5.404263603234,2.26195961651007,1.44301080671283
7416,0.0836145756342719,7.02518145387296,1.74951144879827,1.0392129199544
7417,0.0840418803256933,7.53676693751692,2.63043279743647,1.1054113759077
7418,0.0840750736731057,6.26909278673018,1.79014481052724,1.29140903007966
7419,0.0826312564076995,5.24142563325077,1.79234702619318,1.12783918738564
7420,0.0832042267871323,6.11291090146778,1.77399642717634,0.963209751604434
7421,0.082694789636261,4.02846794708463,1.8282456411468,1.05585216886854
7422,0.0837683142149759,7.93569886985069,1.86924261472405,1.06122346910668
7423,0.0844729699232836,4.56161475516332,1.69115500522724,0.993240236386603
7424,0.084168943017261,3.10396032562037,1.25199131685308,1.07202465695389
7425,0.084538608950522,9.84229298944334,1.4704254318885,0.917062691823961
7426,0.0850142877884695,11.4458385356594,2.56610413856441,1.30502438378255
7427,0.0824953171620586,3.19100478273562,1.68793344294213,1.09286279289925
7428,0.0836204784331937,5.32150089671731,1.36388884505071,1.12747924650275
7429,0.0840364132433512,10.6382939401759,1.86586848470483,1.03993075876335
7430,0.083824523509949,3.33864538390059,1.60683970757381,1.12491490977266
7431,0.0841818912508423,4.80320481193385,1.50026040642334,1.10360181261009
7432,0.0834192857505974,2.83630059462286,1.27662432608075,0.929248052553195
7433,0.0845662213538731,4.17286618313248,1.38858232348805,1.1538988828123
7434,0.0821550705008209,7.13660592616737,2.8165529325864,1.46755260766108
7435,0.0835474459348807,10.883851963231,1.82317901736498,1.11640267792416
7436,0.0839215151859038,3.96560990185928,1.91472166480416,1.03775898413104
7437,0.0823656887414584,3.56655650530998,1.40099715469739,0.928864706365472
7438,0.0830528573719196,4.11524279437253,1.64645292733615,1.25805980009402
7439,0.0847443478420195,3.77218281186291,1.6321835753573,1.16672887034947
7440,0.0839235718465106,7.70153753730343,1.68084751228416,1.11774649605736
7441,0.0850681528925991,3.81172070776651,1.61308927164299,1.02285889704126
7442,0.0834733888486653,3.69039209920255,1.80380865236193,0.95606345937123
7443,0.0833289067745708,3.64695723016606,1.6038634330773,0.983591901526975
7444,0.0843187918321591,8.99783967528911,1.67783926317049,1.26647354206467
7445,0.0828412983671491,3.71691157949956,1.50777755393551,0.922917441564166
7446,0.0832685606005413,3.48882914056586,1.44830424732364,1.04405137425613
7447,0.0834001981911074,7.42090005301528,1.5817379185805,1.35769448463999
7448,0.083614621804,3.6525762347229,1.54250676588521,0.903238726928306
7449,0.0828945774403676,3.0257002317999,1.37935296295889,0.984651735882768
7450,0.0836538699775645,5.20412272743754,1.47054910962426,0.937451633593474
7451,0.0844704202633359,8.83363028222789,1.85374544313291,1.04634327044992
7452,0.0853927692781967,4.49656117583121,1.39407496859085,0.899354011046599
7453,0.0839551584256996,9.16102341844763,2.21107013068074,1.06209830092735
7454,0.0841196812886006,4.36601936188764,1.46198565168754,0.961199670329735
7455,0.0829846079133397,5.08814061562115,1.5777523694529,0.955973790975779
7456,0.0841354762536817,7.90725409452477,2.02089423522654,1.19531721031815
7457,0.0840698284944004,8.24240587889093,3.11343404801201,1.78397379713382
7458,0.0840308311721253,17.9795049738653,2.29868556226421,1.21900919811704
7459,0.0838340858641473,10.8102001081457,1.7591378312292,1.29433983310205
7460,0.0838065736608286,5.64154803082148,1.81743912542478,0.962073632512109
7461,0.0836783528733865,6.22340916921817,1.83651858420915,1.20482076208646
7462,0.0831577400795157,5.67153115800007,2.09345972666987,1.2583247540969
7463,0.083212411020523,9.65126197721305,2.67293087573079,1.10362483244738
7464,0.084422005883684,2.88732072834287,1.44337554367537,1.1817096061521
7465,0.0827526413111019,3.88848349769091,1.29248699836087,0.956979021215708
7466,0.0844905585037423,3.02099664732506,1.53705334348151,1.02138088963149
7467,0.0840986705197065,7.71927780143218,1.97460129523933,1.05167891178516
7468,0.0839848394089007,4.66693284271066,1.44745278532813,1.27515997856307
7469,0.081982286005249,3.85224967429941,1.18322243820752,0.833927486668601
7470,0.0826702802177045,5.37019675278448,1.98620066474575,1.33268991753492
7471,0.0830225625017904,3.56800816535913,1.30326972403996,0.981643402385993
7472,0.0850366209417127,5.30497441039906,1.77559494874849,1.17619277560563
7473,0.0829850450653756,4.76443687689924,1.42327279355781,1.00015219675654
7474,0.0835325644334534,3.95068933649499,1.94058505447011,1.08820048267565
7475,0.0831155477830879,6.47971880511504,1.86540901114018,1.22094759896689
7476,0.0845111605638601,5.71472463720794,1.76063094180346,1.14832839274349
7477,0.082551512866842,3.57210597371888,1.93318941917676,1.08823297921258
7478,0.0852771657497654,3.64030611022289,1.50902451464882,1.05007259869981
7479,0.0830057855529105,3.86425814845219,1.28811098628341,0.991139904717178
7480,0.0839725849422987,16.565932865954,2.00094221593548,1.2794302193432
7481,0.0834269946904548,2.82435455234391,1.36282538480855,1.1920977439313
7482,0.0827742064683752,3.12164357818561,1.21797215255437,0.795557613099435
7483,0.0847090434782165,5.1542213785475,2.05461715980701,1.21396028616142
7484,0.0826888261069143,3.57625498176501,1.36566456824378,1.10828100270506
7485,0.083056885360469,13.974429399768,2.97743234518277,1.34966616282806
7486,0.0834054696979206,5.22841649366964,1.46683494130665,1.09756860583667
7487,0.0851832831187619,5.66077590554747,2.00878823187125,1.09446545815083
7488,0.0835184259754747,3.32767099990602,1.64997243241888,1.20573841318192
7489,0.0846554983213566,4.82938028443424,1.58435103167248,0.973921339947079
7490,0.0837225522853907,3.74379964827364,1.39450162942614,0.966385589907229
7491,0.0835018568309014,4.38929791629091,1.60108966226669,1.07715297740007
7492,0.0843286061907691,9.51249827114886,2.17959605364651,1.02041883404524
7493,0.0834808770214139,7.95805041688935,1.62687948669037,0.88683541454764
7494,0.0846757665923924,5.39657686606259,1.6921818773285,0.869384659873535
7495,0.0836561559449426,3.0115605955106,1.47123392491377,0.953814771933023
7496,0.0828809403795781,8.83934468352385,2.06307371836629,1.04685756852436
7497,0.083847256460124,4.70786789004902,1.38125059174989,0.997447608883702
7498,0.0824997253265348,6.17454336747224,1.4583878298981,0.967069931224825
7499,0.0820140447857065,4.46939777808662,1.59648568142325,0.885526028236026
7500,0.0842716604334085,3.19548056570349,1.58245626742129,1.1860296843355
7501,0.0824809993954946,4.52104215538026,1.82541958363841,1.06950620283092
7502,0.0842389709276393,5.2593800569184,1.96128756095885,0.990331387100599
7503,0.0843861167885747,3.96821503765518,1.57391486642753,1.22524203453377
7504,0.0831570244575757,7.8476105911111,1.89767173088952,1.20202377397943
7505,0.0833356759712733,5.18122603557121,1.44555250199695,0.927805043552738
7506,0.0833898256884846,12.8679837348063,2.33256782848632,1.43373908824967
7507,0.0834137368159177,4.06958848224614,1.94116133170973,1.44101798553454
7508,0.084632185828306,3.48311326701794,1.18398593291807,0.999756350841697
7509,0.083836695757641,2.82334019310953,1.30870956604482,0.948288133366756
7510,0.0826624618229524,3.69111436644136,1.49542456040993,0.931138704264103
7511,0.0835730464365217,3.68182208878657,1.2430749376257,1.04608783566074
7512,0.082269330135158,3.90220390195161,1.41093757026094,1.02202060624545
7513,0.0830507086277667,4.06772772345455,1.53268360375039,0.881720710322798
7514,0.0838576553043284,2.88677970211157,1.53559683423723,1.35766285405599
7515,0.0836984550588732,9.25322293157031,1.87747247621101,1.35330601705917
7516,0.0831783881575408,10.5220049030083,1.79683292348121,1.03832181052401
7517,0.0828129769358999,4.88859056991098,1.601301915894,0.931436614731915
7518,0.0849148404138004,9.57099834706234,1.62196228031595,1.30529652221752
7519,0.0843303331755135,7.90599566630733,1.42711616883748,1.26475527874532
7520,0.0843833584730514,3.09133538328916,1.48997900467476,1.1112069898129
7521,0.0853537542919037,4.68587831443228,1.8239949101838,1.17346047136332
7522,0.0839003559773629,5.93601414448617,2.04748676139752,1.06013455870026
7523,0.0845431811161002,3.30402067249354,1.44826542508444,0.887695797176734
7524,0.0850334630790461,4.39580029511763,1.79772138442607,1.08586417063426
7525,0.0844985921893195,7.5959422696667,2.25816810265043,1.29263992513176
7526,0.0831915936763794,6.92883398501112,1.73868980085171,1.12101148094101
7527,0.0839988671132835,3.03866650781348,1.50071033476854,0.93840882042317
7528,0.0832064162209369,3.88526107982222,1.20279491408764,0.912640329160181
7529,0.0843713688136697,3.51883944825569,1.46141173296695,1.12353287191699
7530,0.083541838453403,11.3205937915135,1.82398025744508,1.37926896182498
7531,0.0841774937054115,3.57114174207445,1.63851976948998,0.940097612109258
7532,0.0829000108780843,11.6002783269352,1.73750726412789,1.19031755646334
7533,0.0840160900101698,7.04148394620392,2.06789288240282,1.17050090654122
7534,0.0836160746971629,6.61502838108361,1.62176750707777,1.04366913915548
7535,0.0837041191376421,4.04216511324391,1.66802698415479,1.16699990247811
7536,0.0826381711817301,10.5683472040557,1.56421503469559,1.01378877410432
7537,0.0834445262202622,9.97941033910566,1.64216987248061,0.921912508431681
7538,0.0860046002552247,4.64467694320608,1.66166086447047,1.35863474462378
7539,0.0833462949912737,4.00304609062209,1.40605365050748,0.984710393289727
7540,0.0835374665477837,4.68443011747264,1.99951231101492,1.30214075109685
7541,0.0826201061084038,4.54618926398705,1.53351245416261,0.857491638802139
7542,0.0844888828437321,9.75377923560253,2.11973345921155,1.19006536892594
7543,0.0819554182360295,7.33862644529769,1.63194203184747,1.06984503597276
7544,0.084876398708761,3.31461757837527,1.33001516942157,0.972220363618011
7545,0.0834488096824776,3.08444482075478,1.09082339930469,0.795197371197024
7546,0.0820306885240487,5.37454323671816,2.64501966640629,1.23640222049565
7547,0.0843457191662252,3.72817840595935,2.08107241395571,1.11931752346675
7548,0.0839716077536102,7.51280387187668,1.41145672199639,0.980342466370641
7549,0.0839386309837077,8.20519610929477,1.69706781728091,1.23849262297969
7550,0.0837876614962006,14.7123652433115,2.49267902404338,1.07942820551526
7551,0.0830555888395728,3.85058369616418,1.34483148832663,0.841400838871095
7552,0.083844790274706,3.1930923958916,1.71116668289803,1.03565387656777
7553,0.0835416894320475,3.82471300187996,1.40908503117809,0.939486620251973
7554,0.0832210906283141,3.64578592622778,1.73797283655831,1.42985716524072
7555,0.0845576400546952,11.5868383394791,1.76912109342923,1.49777263813363
7556,0.0826825737481531,9.80022378398316,1.93579491649662,1.22823930436746
7557,0.0831673101352141,7.03385591837027,1.61948322542225,1.01780270596035
7558,0.0828333523052033,11.5802764491518,2.25359002523895,1.62592789927437
7559,0.0837847087116617,3.42458066792575,1.25363462164904,0.895575278468693
7560,0.0835875166931152,8.19940333456208,2.22934692857637,1.16978430616497
7561,0.0843639185684283,5.41887840574276,1.64210154902506,1.06955086113598
7562,0.0819472373813999,3.95097608355574,1.88989772555446,1.10395118333901
7563,0.0845452894056209,4.05526126241287,1.47859595468307,0.965077377101531
7564,0.0844823132247509,6.9948562455972,1.68138387768941,0.860784682150099
7565,0.0823924403845962,6.2422711924258,1.71964219045819,1.08548275482144
7566,0.0819973920269567,3.9794984752563,1.50666263162935,1.02531376233899
7567,0.0827496506527565,3.39422907810062,1.49212337105012,1.03986428858281
7568,0.0850769497666418,6.38094915948121,2.42736403634112,1.31243334936541
7569,0.0837070365789098,12.3906848396716,2.30404882290794,1.07737491363286
7570,0.0861864076401639,5.80195838340975,1.98367280113197,1.12837427358594
7571,0.0849431329119198,4.6712502053198,1.64949295525215,1.08405444045413
7572,0.083628521168842,12.3347604611947,2.21853096826006,1.16476473520832
7573,0.0831502681514081,4.59948884283859,1.68371828643444,0.980072130486066
7574,0.0836049498737318,4.33413950293463,1.43463494161734,0.94548012389566
7575,0.0833865143575575,12.0269534682867,1.56981607528554,0.998319214462598
7576,0.0834030890074621,4.76587723964263,1.70471161660917,1.05351788469729
7577,0.0835025717393574,3.04039012646785,1.16144949479909,0.896117174801959
7578,0.0848115084878338,2.90736214863905,1.41891113085221,1.02741857045282
7579,0.0839401146649026,7.44150531115401,2.20645174954044,1.03153222239158
7580,0.0817371305824396,6.03737836444624,2.08510589974723,1.07570441913548
7581,0.0837414123779328,4.31447025024304,1.45824629098736,0.911270911225493
7582,0.0851703714423636,9.55891053922818,1.49066229754584,1.06808928171801
7583,0.0829310240903905,5.34518864775093,1.55556560959129,1.0926225709474
7584,0.0846712382354677,9.28845006557489,1.73155731676392,1.07280006321475
7585,0.0837117043526019,4.98902448625589,1.82199070302068,1.22397276816123
7586,0.084384039334797,4.27778457894391,1.67044039525824,1.22595234179477
7587,0.0822313596199078,6.23699223498902,1.54760587171978,1.14891743506358
7588,0.0830242797399874,7.79765673954682,2.07251937097538,1.3012443960974
7589,0.0829152010147938,3.31706691255909,1.78640674978553,1.18377739328689
7590,0.0832989197268869,3.2284884358199,1.36037277185566,1.04544178369601
7591,0.0825916767595369,3.5470623141813,1.58158495459407,1.16819404441723
7592,0.0828268360942861,3.10476283403187,1.25595258245041,0.971799632403007
7593,0.0841003652593386,4.1653031905052,1.91167122971558,1.33558576872929
7594,0.0842652773459298,3.58841697541952,1.31876926093657,1.04428555289447
7595,0.083752103919646,5.80756857155835,1.68792847245647,1.28569596841536
7596,0.0819435668121718,5.1919447528859,2.12612412916852,1.04752463720749
7597,0.0831387771942763,6.09549859923688,1.79233922535852,1.03030420598895
7598,0.0831222314718656,6.24009120306468,1.75799508292768,1.10698717881913
7599,0.0848503470982775,5.06499592677765,1.70650848564135,1.04583726658056
7600,0.0823809985501268,14.2825985844075,2.13638309738603,1.47006626561945
7601,0.0842296253374765,4.40030685545819,1.48757841498675,0.93496329457616
7602,0.0819300337041847,3.05912636006784,1.39058159480418,1.05146340979966
7603,0.0841464287035516,7.30938822406552,1.79246738580511,0.991664426010017
7604,0.0830215600001651,10.4795530070754,2.18256793667949,1.13529421528227
7605,0.0829527650025512,5.60813873531079,1.72665389635816,0.996452134011939
7606,0.0839897390221035,3.83183001568923,1.41197622097876,1.0913915804317
7607,0.0820820275234598,3.49495694412289,1.51404725047612,1.26781126002262
7608,0.0836228907120288,6.44753254737668,1.9908717285347,1.03401648604179
7609,0.0845051395734689,12.2970778544972,2.29942497876801,1.28339163669739
7610,0.0850420864612608,2.76535429199933,1.63367612909754,1.10788406648536
7611,0.0830998057625383,5.47638087792659,1.47527990207235,1.03027095206649
7612,0.0832333018168235,6.13858472278775,1.99050411405616,1.2600915550447
7613,0.0835211587117186,3.0240582918366,1.62582577846696,1.0744140959013
7614,0.0847797195100787,3.63443805389092,1.35938622446743,1.0614813897834
7615,0.0831857480171272,5.06883424216407,1.46155270910918,0.990644703317961
7616,0.0832561687420686,5.46523501204024,1.37942904554022,0.876126197887681
7617,0.0837110108322772,6.03596223516385,2.05781431530903,1.08192557418276
7618,0.0829401013124145,3.65917729594317,1.89639166376946,1.25353665163288
7619,0.0838327259315795,2.74425339332972,1.2328836305084,0.755823355550471
7620,0.0826830548606687,12.0192599234731,1.73218656742062,1.14257314150775
7621,0.0846525450560818,4.96069908375879,2.06259149856516,1.07981255245786
7622,0.0832675103762004,3.53050417384405,1.40552741946143,1.07955244919286
7623,0.0832573128925833,5.47232216635143,1.74002466884998,1.15385525101582
7624,0.0839015457705584,11.6035795095068,1.97640041891268,1.01920146627381
7625,0.0839289940885779,6.93989373998232,2.64008655598708,1.20211028843588
7626,0.0839627104174942,6.5020742448996,1.76766418966663,0.970330619028213
7627,0.084241325685262,4.47219873044834,2.02297549922878,1.31448621287638
7628,0.0829331314348152,4.99559680120425,1.60287246689688,1.1796920213884
7629,0.0833468656625707,10.0538039777455,2.15807064759567,1.27377257100784
7630,0.0837444563199802,3.86595842492138,1.96736535005738,0.918287600277801
7631,0.08469451782074,5.21581227220198,2.01430668187667,1.20095662950234
7632,0.0827311963000457,5.36045620608281,1.51541489004745,0.959217542713487
7633,0.0827775439268943,5.26293868503939,1.87193395907738,1.12701365407168
7634,0.0830705884261207,3.16558977878821,1.50075637123428,1.0768761326885
7635,0.0836154470162558,5.75035529308826,1.5856759010151,0.969078654702068
7636,0.084550136172607,8.91213516205525,1.60387674917588,0.988524970432848
7637,0.0840105051726326,8.64178747333232,1.96154967502224,1.30619842421787
7638,0.0849333856437598,3.46826961824483,1.67517037812449,1.21840270909525
7639,0.0824449994862576,2.85689594484167,1.77503841788453,1.04832923381517
7640,0.0844828981745235,4.25800133787776,1.45967204973247,1.13886484483213
7641,0.0838219890507995,3.54820459911004,1.69315165167095,0.922344794102785
7642,0.0823347262927642,19.0164583305238,2.21615933757761,1.28047123347844
7643,0.0840225890720993,5.76820119799289,1.80225718800692,1.15192800232771
7644,0.0825622260040637,2.78075938952615,1.39208763221016,0.925425970450848
7645,0.0818298065163968,15.2131006072565,1.99527815913829,1.25123059333271
7646,0.0832391585588399,12.0211307907505,2.55744395911971,1.18088282701
7647,0.083555655844809,4.56585141368845,1.76626177341886,1.50323656344253
7648,0.0825491530063597,11.8950631863143,1.70864588737745,1.24696888412727
7649,0.0831883465056658,3.09312428722562,1.88318119812539,0.978085776466342
7650,0.0831661573760324,3.16844073853643,1.76097801869406,0.978134997406979
7651,0.0835847948725041,6.39043665594646,1.5033252163765,1.10713609255409
7652,0.0828707982348327,6.88095782142031,2.14023323582542,1.12537315575443
7653,0.0816184584107616,2.94026395010913,1.82147851742897,1.1261846929873
7654,0.0837487955343544,4.19502185334692,1.66744727275998,1.07587918351937
7655,0.0826775062066191,2.88724177120968,1.4246827366255,0.865052367656405
7656,0.0832748600477799,3.3273461248386,1.60260231944453,1.14563798333999
7657,0.0843703739529342,4.59266772386616,1.94145547932053,1.11874156621109
7658,0.08412998332247,5.52120114869465,1.91840425471276,1.29619507359228
7659,0.0841857511733724,8.32859306549438,1.95094301240905,1.06010085322411
7660,0.0831886925797884,11.7419833925939,2.58193441968541,1.42532261797053
7661,0.0837984280283812,6.24732119653738,1.9792664294267,1.15787575660743
7662,0.0824630272837801,8.77627459445991,1.78919611849987,1.04564038048952
7663,0.0842597601746825,5.03484851193828,1.27502832088351,0.992036545234432
7664,0.0847463287979875,3.33201940634169,1.65490585241237,1.18192279716756
7665,0.0825810029445135,3.39477774522281,1.33802074367516,1.03433258501253
7666,0.0839613608686548,5.15251188256993,1.45550416647686,0.940699601981997
7667,0.0836195186150844,8.66094340196185,2.50200695619752,1.56145145080363
7668,0.0844004265243321,7.67820146420497,2.28564726454768,1.36137928697952
7669,0.0818400341816242,5.6429236482397,2.00439846208507,1.04654569662058
7670,0.0829242297576651,2.91563058960976,1.26822345408004,0.798277500824671
7671,0.0829706169184511,2.83092709073962,1.41041036272499,1.0109125647863
7672,0.0834049116890721,7.04261629004831,2.13763846034989,1.25884736540066
7673,0.0853630512394214,3.59902254331567,1.29202453715163,0.961912446408317
7674,0.0848760741415467,2.94834029039381,1.38537471480568,1.04481200140269
7675,0.0844579659939155,10.3638075249791,1.64981396125416,1.07770127096217
7676,0.0837283963403342,9.79496798680925,2.36813330324234,1.34942591929534
7677,0.0832631200046908,4.26729740999114,1.43347960494643,1.0397461679193
7678,0.0836801757697733,3.67550580712867,1.32845419169146,0.937783483946524
7679,0.0832862687706757,5.97941621344199,1.56817364677633,1.10476182644449
7680,0.0838355828689166,3.13160307566621,1.67044707174212,0.933280827734917
7681,0.0821842911853421,3.82675035235603,1.18885511866076,0.957801847897772
7682,0.0844549978687017,10.203328045699,1.83019763488953,1.19967631208919
7683,0.085349090181116,3.71793917372013,1.52714174265417,1.01456776642456
7684,0.0831926369473279,4.13787477238393,1.57258925033625,1.13895666761649
7685,0.0824473540023103,5.4558603798275,1.98674773679414,1.24561223403686
7686,0.0855441818082158,4.16643230888132,1.82031776843656,1.34215955865541
7687,0.0838371555400734,2.99593309315071,1.59255729067011,0.970313092285738
7688,0.0833358098928762,4.98227558622499,1.74654613474889,1.09587521273823
7689,0.0827088446003154,5.87080210115734,2.17917355352415,1.30804507662688
7690,0.0825021430504423,11.3733638347904,1.60653623369958,1.02910582635894
7691,0.083202803610155,4.56915332505321,1.62980474986164,1.26523379085659
7692,0.082018041075804,6.42057491724856,1.76298499658882,1.11344230202672
7693,0.0830233081556983,2.99255645633037,1.58687116110186,1.36573626447062
7694,0.0837212208679221,6.02312614134989,1.6516133402652,1.1088275434937
7695,0.0830276590534554,4.87828890107446,1.39544253718904,0.995056320208062
7696,0.0827556226446245,5.01777078163379,1.43341588598264,1.28068149290806
7697,0.0844533390808768,9.15140501642704,1.85037230003252,1.05739524158038
7698,0.0828616170202296,7.2281489241747,2.14418010867764,1.41379829319346
7699,0.082367315519136,11.2317261662393,2.62376836483255,1.44715952380519
7700,0.083582452270439,6.36965024390602,1.8656617562418,1.23418532139624
7701,0.0833198147485758,3.68969421140124,1.52280943549002,1.10443955462803
7702,0.0836051184804627,5.46261188406681,1.98002239283554,1.1554831952757
7703,0.0828512062430771,3.43198307792553,1.60133348824143,1.24736358238316
7704,0.08335674521981,5.36605553024919,2.00138460670475,1.03469200062812
7705,0.084016900780257,11.4989024115404,2.32493137383916,1.28755312235985
7706,0.0849829272870906,3.20574864647658,1.29481028344644,0.899180393146495
7707,0.0827341010939382,5.09868975994895,2.09132013539849,1.37934873296826
7708,0.0831167513520717,3.19754535916904,1.37965891323344,1.07401962829169
7709,0.0846059186161256,2.85405106917122,1.30588462373603,0.824775188184514
7710,0.0834647407658865,5.34588350473693,1.510404247252,1.03494741536224
7711,0.0845588651934553,9.65993903298216,2.6558139191656,1.52495574258232
7712,0.0830635527299393,4.80064597621664,1.37852369588605,1.0483571814017
7713,0.0839461876665986,3.26568038866334,1.57616963344253,1.0007045306887
7714,0.0824488816325714,10.5318974080575,2.28093754794467,1.23227860154537
7715,0.0840761851217584,6.67903870582264,1.98493365007152,1.09986577187365
7716,0.0827030263968981,6.33584819438788,1.62739072202213,1.12446044854224
7717,0.0839513985302441,12.0247396875399,1.53151109188453,1.05508184436006
7718,0.0823497336471197,4.01886262859548,1.52179531004685,0.952795602812789
7719,0.0814663379038385,3.84087325983219,1.56838541110062,0.880591216801766
7720,0.0839714015133696,5.70993607936972,1.54994869883343,1.25020816669721
7721,0.0847807374102078,7.47396959544741,2.01318074551427,1.0879573214093
7722,0.0850126077016464,9.74629431890977,1.85203018965254,1.00666683045341
7723,0.0817821682897696,8.7351091974798,2.05852822119242,1.193559255222
7724,0.0835368164374796,7.63487866879627,1.94606805283193,1.14368394926388
7725,0.0831176961968235,5.90339563118775,2.05655791998102,1.28663630486229
7726,0.0827334789984562,8.90561778776143,1.81532087560452,1.09836698883352
7727,0.0821150603454858,3.66376718073534,1.22945839082678,1.04078519657126
7728,0.0826554643914618,3.87479965484214,1.72992021326658,1.09632271490167
7729,0.0841940907715611,11.660984804319,2.28560821308249,1.15494418320917
7730,0.0834480592268696,2.99760302530642,1.32901349774945,0.990003864991835
7731,0.0832639353785744,5.76499111285072,1.72394975074331,1.1543162224635
7732,0.0839460473295856,3.52443975903945,1.57661588130225,0.91155259015528
7733,0.0858882544633204,8.33527114953243,1.96495054084436,1.35867375969575
7734,0.0834627915936011,3.5027625541881,1.33113309494636,0.905990926483012
7735,0.0852168178807119,5.14459798966198,1.58076645637072,0.938794803084784
7736,0.0841010534635342,3.40243599891301,1.68674923875821,1.02209367781124
7737,0.0830638019799931,2.8013446723559,1.35879988208379,0.88947694915701
7738,0.0843996552753012,11.985145897421,1.77299306395386,1.06559447077906
7739,0.084883086499492,5.35031730070974,1.56719488539631,0.935906856301748
7740,0.0825245184351048,2.98741393059017,1.25432333721223,0.937820411291747
7741,0.0833822478125712,8.88282087651319,2.2781334484047,1.32660257639836
7742,0.0854235507850744,3.14388335082156,1.47016061646316,1.05267495650841
7743,0.0847815777852568,2.97120388583737,1.47260912310274,0.926338237547328
7744,0.0848572855693634,3.51076235673277,1.72092847970876,1.22227596256675
7745,0.0830491426445296,6.72192663452566,2.00864035696217,1.4014051854229
7746,0.0838971167944759,2.91636290223189,1.41266345265481,0.985674966297981
7747,0.0825148063021022,5.54408251709359,1.34836723827488,1.01191328098003
7748,0.0840507544228069,4.01001338869515,1.86202911901152,1.42281616302306
7749,0.0852772798256903,5.06936018050728,1.69840668882494,1.17339545489081
7750,0.0853005648237186,3.85006210372187,1.33553797432151,1.08845960387597
7751,0.082876719095885,8.73901296660337,1.72149558893469,1.07073376097904
7752,0.0830801271007084,7.55679227682514,1.69514034657467,0.975371706496337
7753,0.0835409269460581,3.79259406835608,2.02024925269221,0.977234281166325
7754,0.0837620635173527,3.7266887742134,1.77409215004854,0.974620815149461
7755,0.0828004543502574,4.55290144914549,1.5423151835701,0.910171505860852
7756,0.0832341388622234,6.3824482824863,1.97864288667334,1.10465175119479
7757,0.084705314150301,6.327542755746,1.69177530250021,1.06914780322987
7758,0.0831527896898207,3.55027508101479,1.60067228533157,1.12934886164645
7759,0.084375542006255,4.19264752984396,1.55475894595656,0.951362550978237
7760,0.0832478922072179,6.29873580688472,1.57239071067458,1.03772716091839
7761,0.0839041974975878,3.53559487879707,1.64081062142639,1.01498429213386
7762,0.0821399334157069,8.65635767013278,1.58867696120869,0.981048266271722
7763,0.0839416242110742,13.7697213327564,2.41385089712709,1.70887504136564
7764,0.0824894465155013,3.96518960763738,1.6494009254397,1.05637225089286
7765,0.0844163758392151,6.52238549538743,2.3287333664468,1.33911283526859
7766,0.0831759242163642,3.56671663101223,1.58766372805119,0.969519281896958
7767,0.0842626063249963,3.26380304817104,1.57027772096745,1.17325757631089
7768,0.0832912399789806,3.39271154245469,1.81464194398542,1.01470563930251
7769,0.084378491416092,3.87700028722494,1.7046385710029,1.2178426463806
7770,0.0826141979353877,8.43204720432815,2.38321716756572,1.31783685510029
7771,0.0829402838504043,5.9778844605247,1.64097615390135,1.09171156820385
7772,0.0829691421933825,3.91297441366051,1.60251386263624,0.938256411929539
7773,0.085472343548808,5.08091922479137,1.41716342430806,1.08506787867479
7774,0.0843319762290271,5.51973812699661,1.53783946882091,0.96648743866046
7775,0.0842619412241573,6.40824854769112,1.4949170490871,0.880902593079483
7776,0.0846604170780973,5.74820932947752,1.75644325275243,1.11848008615599
7777,0.082660134759585,5.55377025749096,1.95181042538987,1.08085597220058
7778,0.0842380905160087,6.35200427531751,1.73806431695088,1.05631724909705
7779,0.0844232006296724,5.84388725227101,1.97077279795841,1.19655838123145
7780,0.0842696378815922,5.02497044614926,1.46154334863001,0.992258085349793
7781,0.0826528842489311,4.16052541411486,1.90074517486388,1.0386284547954
7782,0.084394450609646,9.54570526855285,2.20213646603334,1.17186344883832
7783,0.0829608008109499,6.38408067981307,1.48534452045746,1.01351164741658
7784,0.0827146404067728,3.0099665787048,1.52682104040936,1.11240763689881
7785,0.0847465683959164,3.89725508869164,1.58815939648412,1.11321019659818
7786,0.0838179375492306,3.24472635817636,1.36033592671564,0.876458439856231
7787,0.0829607967890056,5.57237280286884,1.78670579379997,1.15516913872287
7788,0.0838765649301484,7.15228256782864,1.84204482666806,1.18148287812183
7789,0.0832958074624334,17.2569106632839,2.72615956317759,1.39549137360442
7790,0.08205904885522,5.28170772315897,1.71740071789031,1.01948965803438
7791,0.0842664836707377,4.56766078387653,1.5902161660292,0.912712020166717
7792,0.0836442682566505,3.98399742914901,1.37310160817877,0.921725161393618
7793,0.0831698050598146,4.52271552067342,1.58179656587861,0.938675785701441
7794,0.0834646076950453,3.7232457722651,1.39044454862384,0.870630993855528
7795,0.0821441305759923,3.08727305929648,1.21031144786918,1.00962640428957
7796,0.0841232461315343,11.7806860853855,2.51978360858116,1.20367125660309
7797,0.0844891973706055,3.03487376427594,1.86162468720185,1.15185777102679
7798,0.0835434175398683,7.41154292752977,2.16497764032508,1.43657196175366
7799,0.0844878796684654,5.47409014288162,1.49905778663658,1.15944304480883
7800,0.0847580185757363,18.8550168827697,2.27970118678776,1.36561074562675
7801,0.0853453780599086,11.6210665854354,2.08660311765436,1.28980802597924
7802,0.0830541639304037,2.99081295717771,1.71620740814896,1.26599201417069
7803,0.0833360902596623,5.49133744165582,1.90785037948726,1.09235047540649
7804,0.0838916221735764,4.28952113696199,1.78146092068914,0.976817568920307
7805,0.084375614183698,3.87323266401227,1.75493540766634,1.2211408267987
7806,0.0827490171214587,4.16927593460279,1.43779558186984,0.996842390578181
7807,0.0840455173492579,5.7159190841765,2.14295094745969,1.12022452889518
7808,0.0833305337346714,5.19733893561739,1.44928535329272,0.999282805874949
7809,0.0828086920980382,6.34669023410357,1.51804983902381,1.20944164377618
7810,0.0834121420669262,6.3206496631294,1.45087434055409,0.909962668823506
7811,0.0830583387550114,4.51986839657209,1.67446605040102,1.31489365054735
7812,0.0822415051776944,22.1612955626775,2.50675679226424,1.35815444446743
7813,0.0836219026889873,7.88889489013527,2.01287829620464,1.25764195160685
7814,0.0843446299276555,7.55479151324132,2.21518328594821,1.32486811317001
7815,0.0837659937965111,10.5418259010373,2.68395198483139,1.33265543359624
7816,0.0829582458324992,4.47413415219994,1.54672448046511,1.06864509103189
7817,0.081749517346324,4.13185638132397,1.76691650980332,1.19924844131269
7818,0.0821559798365886,4.115366738613,1.37607287414086,0.985783061359628
7819,0.0833500262114546,9.24477776622446,1.78122156854556,1.10774144761545
7820,0.084173956836846,6.87651365822402,3.32060366872993,1.64495359940642
7821,0.0838146519105505,11.1233937904168,2.21129669579991,1.15075870473813
7822,0.0836348475938565,5.08324157769968,1.7855236733975,1.03326404161886
7823,0.0819919385969258,3.58563571525631,1.38068653034319,0.968248299853382
7824,0.0848456890096387,6.29667059773688,1.76140083055944,1.18817359955935
7825,0.0836637879927921,4.66489000484454,1.52839102988313,1.06447042400169
7826,0.0832018810478569,10.7015007349298,1.82503110690126,1.01463402469335
7827,0.0837212141497924,5.56851579742683,1.80385653895121,1.28647011235213
7828,0.0845142760908473,3.87911863266352,1.34741650323811,0.891352700263067
7829,0.0839596307811357,3.64462794327596,1.53948151261178,1.02287751866583
7830,0.0829121525821898,5.12233760971878,1.67245464986098,1.39126900548882
7831,0.0834215436823259,4.23474551908552,1.29570230310243,0.911278739416751
7832,0.0852896430808449,4.42818407441402,1.73891516579751,1.21540812205317
7833,0.0835259107072086,4.07920850311512,1.57467185769538,1.19590587020469
7834,0.0855944728172769,17.4979066506762,2.70316046292161,1.17664732296608
7835,0.083931911562611,3.55720914999904,1.98200063703895,1.17146121952993
7836,0.0851676252358113,5.08337775734816,2.42258116498577,1.04805647381788
7837,0.08310102598299,3.2954886182157,1.64514866176129,1.21059631821558
7838,0.0833659003980487,8.98584306956162,2.76394977456111,1.614429068734
7839,0.0827799635559034,10.5147424366902,2.65801906154181,1.43603099751813
7840,0.0821633031583778,3.15096665743148,1.15616331643944,0.80913261689384
7841,0.083305434677901,5.06954260570253,1.75497484297926,1.20360117948571
7842,0.0829413900446731,4.46290102009235,1.95547371182615,1.20119654742173
7843,0.0820002615351653,3.79622343087179,1.5140508933826,1.20001163222586
7844,0.0826101195283849,3.21785017724129,1.33713968885041,0.936201804157347
7845,0.0837905599147017,5.10187163055865,1.85820606332919,1.0576228859971
7846,0.0845566370075222,6.01749928478401,1.58392035772765,1.17768232550903
7847,0.0853977494296855,4.39071389476661,1.69662828348532,1.16326274096603
7848,0.0831890242849454,5.75790741094454,2.33368543556719,1.03639097379871
7849,0.0819808041232847,3.64151701731103,1.28578349835453,0.83715594591425
7850,0.0847159442148673,4.18275657330603,1.59725886963478,1.058420092507
7851,0.083136958334214,6.32082850325206,1.8026414338641,0.951717164923114
7852,0.0834668771739303,11.7725642176356,1.39512108677611,0.887335848466109
7853,0.0838612521313005,4.15302812052046,1.62860815781183,1.27090445105818
7854,0.0841373801317914,7.11863925339499,1.84114313655562,1.11690574165702
7855,0.0817860412218213,4.41567750143115,1.37394124714558,1.15911124215878
7856,0.0834606178113364,4.21287236738516,1.47991974489191,0.976857147291616
7857,0.0836398785222439,4.08741480908152,1.23597451330885,0.907919647469318
7858,0.0832533065348631,9.90842483503738,1.76868797700813,1.04239696227705
7859,0.0826180443110488,5.7467657575864,1.66443807763766,1.08748538479545
7860,0.0843213038001416,3.64972698511286,1.48023505181306,1.1670097230316
7861,0.0825220853709105,3.94759222125966,1.4109574636597,1.24515333078408
7862,0.0845949661824687,13.337462194392,1.70660390984606,1.20157006475841
7863,0.0822310813438941,6.87607666892212,1.60299330439611,0.955428399776467
7864,0.0838882453618313,7.29234887869651,1.69864798588867,1.03854000939985
7865,0.0829138544670019,7.88923513680947,2.43017481546236,1.18582519049208
7866,0.0829016835901542,6.49004253698669,1.40484540259743,1.10599274496275
7867,0.0837126526904102,12.130872065817,2.42569360032244,1.09063776033935
7868,0.082754962408145,3.65264760822955,2.09653426636934,1.25370468557341
7869,0.0846875678688885,4.67599808112045,1.64122713942569,0.952553678143082
7870,0.0828356090638381,7.95532689105295,1.63183613686037,1.01626031722164
7871,0.083062784397755,4.75365125164228,1.36696047063863,0.921587873851055
7872,0.0842044416849392,4.96874639760802,1.3354077506608,1.09354107387297
7873,0.0835402312563589,5.046393157525,1.61835928114666,0.881588364405579
7874,0.0834267599815577,7.05265387398013,1.62893431657317,0.894485890686955
7875,0.0824355449628527,6.80394068749481,1.78548160102859,0.970946375498797
7876,0.0837094395138847,3.06184356431554,1.34704898737345,1.13445682225239
7877,0.0844717787783178,3.80502016989052,1.52752691760669,1.07943420862451
7878,0.0840609058451756,7.19037891865116,1.90662367174331,0.988315668870325
7879,0.0836923585006427,3.45333621982095,1.82943367727955,1.26915789588036
7880,0.0843999898897795,7.22904798981324,2.14084215728904,1.1706901468278
7881,0.0831074640642748,8.6870350465223,2.02548375619408,1.08308140755232
7882,0.084064240456847,3.33230088351488,2.01608680067298,1.17859615545726
7883,0.0839562506264717,5.13129797606797,1.4301379245075,1.13965991657711
7884,0.0855760663083744,4.79645117981647,1.30434389267635,0.963879234470555
7885,0.0830647267260774,4.82588939217878,1.82025565672761,1.1205099332689
7886,0.0840316501508178,5.01933937527117,1.66070255659754,0.98351232513917
7887,0.0831737698252205,3.52255548890286,1.5665510311728,1.21225898524007
7888,0.0849051015250485,3.50740749339801,1.72793219961104,1.35465964551195
7889,0.0835985250648475,5.62542296144233,1.66073663219841,1.14590663538217
7890,0.08427649194621,3.56433307028952,1.39044816416537,1.01045091810111
7891,0.0822395509310877,13.3857753794093,1.90818135395038,0.91225682519771
7892,0.0857122342934728,4.39778785589202,1.66088806229509,1.45771515984045
7893,0.0836724003135513,12.0646314083707,1.76104398369043,1.2992523731932
7894,0.0846916901049921,3.96510172992279,1.8831081802563,1.00729002601448
7895,0.0832031056510398,12.3603451150744,2.81035785348241,1.31981943831115
7896,0.0844678274253168,7.03658415316696,1.91545416387508,1.14601170248597
7897,0.0836953551970849,4.76429005624848,1.60678774540444,1.10114855811591
7898,0.0834202955784074,4.55159779439748,1.95965739112336,1.29063954660544
7899,0.0829866009850543,3.64493634646542,2.10691101021499,1.18655101268424
7900,0.0842607142646093,4.0988727204378,1.49426522645027,0.978506739445998
7901,0.0825995954661712,3.89239753511406,1.54995195936839,0.953805253697079
7902,0.0827130834583901,5.29281881894043,1.58652833151568,0.909775912842065
7903,0.0855052656475271,5.40020282116087,1.74722329963271,1.12781526184831
7904,0.0845485984966739,14.5259271027614,2.67956749579393,1.17234665172079
7905,0.0823964963211371,7.26182293687055,2.27024818883986,1.3270139189322
7906,0.0836977165759208,3.44526141599959,1.67498121569127,1.08332501849107
7907,0.0847293789827607,11.7166314123558,2.03675435053536,1.43158586064175
7908,0.0850714913618737,4.17598117442307,1.64391158372063,1.25699820648242
7909,0.0828847248758969,4.32867156600209,1.6662043408693,1.3303333134638
7910,0.0850505085805674,5.48213804960789,1.65488947988984,1.32228346519911
7911,0.0835479424200154,5.76079578334077,1.65721523443348,1.06502679296334
7912,0.0826652335900697,7.23805990170895,1.71192193424802,1.01130404705208
7913,0.0845896700799264,3.07578814061707,1.62665589887865,0.960098809572423
7914,0.085152382400044,11.2208825316867,1.93145880062675,1.3245771422264
7915,0.081729310561029,6.65393817201428,1.70868954244827,1.08297702891696
7916,0.0840385674447153,9.35227762163109,1.77594575666353,1.13809832243047
7917,0.0831241468047546,4.38256368711894,1.66912080490185,1.08291999652071
7918,0.0835858580735353,5.35433472313695,1.41452936436556,0.92675239109366
7919,0.0827626490118556,6.46139823146244,1.87367712486389,1.1434181029861
7920,0.0836478561100231,14.5491839814829,2.89268906388634,1.61095174481144
7921,0.0836728340990957,4.85581186263076,1.62971744237746,1.32790292743849
7922,0.0835851855946139,8.33520591432448,1.99397191815256,1.03425327830433
7923,0.0825181401136034,3.78093854557881,1.61705298736792,1.34750836329886
7924,0.0836184593758785,4.01987998734432,1.66742160631724,0.925490826875601
7925,0.0851538658690089,7.94719471970695,1.90767873685282,1.14863304416131
7926,0.0845353009946001,4.03809755719731,1.34535176482273,1.03498483437157
7927,0.0826484997007102,4.1656751568835,2.02517526616125,1.15340576239514
7928,0.0834509359714154,6.20974393509864,1.71754140249314,0.876818792322667
7929,0.0839847729817324,6.08110484143309,1.83913764219761,0.899990779351216
7930,0.0841492428575945,3.29722274339966,1.41592850970635,1.13212879044442
7931,0.0835226982184401,3.63031278361317,1.38097361826841,1.08049479960537
7932,0.083461370126916,8.18745480640575,1.64145038462438,1.00131058141742
7933,0.0840342635222499,8.79341884820741,1.5792823554787,1.1244708452034
7934,0.0848166465379128,3.2719002104229,1.37849926553102,0.965466328708955
7935,0.0840730255780002,3.95859629366692,1.41786325873728,1.22873498233498
7936,0.0833766271150054,5.68042198493469,1.73750841077872,1.19669319652687
7937,0.0843466254773248,2.98912370727383,1.42974399683621,1.37483480265005
7938,0.0829945060951759,6.67906699745638,1.60279146571932,1.1635771010235
7939,0.0842666980902866,3.85628151843869,1.48411184378092,1.23776740101006
7940,0.0844370079385108,6.72783516674847,1.80968121730514,1.23269050907335
7941,0.0831418589514727,3.20471275776472,1.50281090106238,1.01634807889463
7942,0.0811175913556233,4.2926265390075,1.40823697740007,0.930384485166221
7943,0.0852348821879843,10.9875874619322,2.95259515150064,1.34300429257703
7944,0.0841358990960654,5.43951500934515,1.54107775187347,1.11300663472247
7945,0.0838550285905491,6.18021537818773,1.66874458628223,1.01621511359168
7946,0.0838573678874294,5.04682467699901,1.62283201888116,1.10010250037643
7947,0.0817334639469164,5.42312451314004,1.77041996535502,0.937526141147762
7948,0.084352769633011,4.65986728107412,1.50399884712446,0.963522028608763
7949,0.0856727678852588,2.71622249052192,1.38102833493163,0.912419765040442
7950,0.0840247026858362,5.3448635428396,1.39126045185495,1.16516820732326
7951,0.0847341371421201,10.5569734550084,1.52921572215768,0.98770237908248
7952,0.0848697700626558,3.3851401467003,1.58028050927509,1.14114129805121
7953,0.0840743780830678,3.35368196714928,1.56298511034459,0.936747789202808
7954,0.0827389225000426,4.62527172132814,1.6719068147245,1.08622374791822
7955,0.0837657408368546,3.12128624443222,1.81412846962175,0.978516306136801
7956,0.0826187510498497,3.0877046282196,1.48918647117083,0.935859538725174
7957,0.0825898102417508,5.67906473089851,2.56949319278683,1.2936208347039
7958,0.0815122000028579,4.28073644675729,1.54555719021744,0.923986453070275
7959,0.082691559096491,5.16120182209959,1.75821629407154,1.27684718366987
7960,0.0848296148244962,3.23308174062525,1.40349008583384,0.997592197019275
7961,0.0851273929761765,4.15704073159139,1.23735540504582,1.05982672733626
7962,0.0833785521840697,3.42860630840382,1.38060599147657,1.01289457342255
7963,0.0841954129363129,2.95829136491815,1.88316179792236,1.11987105552684
7964,0.0837739968102222,4.43400208403961,2.15855355816278,1.60125191540633
7965,0.084807137239226,5.414377805842,1.50407825651617,1.00525965944071
7966,0.083872599720792,3.72939919395747,1.50759302557402,0.983377586058263
7967,0.0847500850911757,3.12739444260151,1.37791761432722,0.99664440719978
7968,0.0837584099165051,4.03313832052309,1.60959959753962,1.01140468346545
7969,0.0833549263204403,4.4400325344997,1.47496859383476,0.99383043147231
7970,0.0843946280049359,6.3488362854618,1.67312535578117,1.21234740281705
7971,0.0853293549976769,8.15523586796844,1.70608524801802,0.972703277010712
7972,0.0843229351331131,6.93214208674316,1.45800279399243,1.13530717149998
7973,0.083917851496395,6.36783530180918,1.41295647743199,1.01559186921923
7974,0.0843235832699554,2.68140790658754,1.53760245091522,0.90412583958124
7975,0.0827887537851377,7.51688359207704,1.69308522563848,1.14762769722483
7976,0.0838524308676474,8.6215635228597,2.1239147928776,1.12410356591143
7977,0.0833517592470393,4.97813164599822,1.86163363566572,1.06913240750098
7978,0.0828545481515177,5.16052544366526,1.49519909838739,1.02327543426391
7979,0.0824126614718749,22.2349267396284,3.58669142579569,1.30217838620964
7980,0.0853047013697246,15.5870038433041,2.094288088016,1.19432360274131
7981,0.0833185020547027,3.68847307167139,1.29202659361389,0.98992263425745
7982,0.0830307969413294,3.17129378673726,1.57886328654993,0.921233866041369
7983,0.0840691776147693,7.29336810759185,1.92516367330669,1.22942283120166
7984,0.083407337691544,3.21300739727952,1.52979304052926,0.974369571472641
7985,0.0839784482120515,7.62776988250072,2.59119523066745,1.46394163672477
7986,0.0844291999733805,6.78066166094428,1.54834859174444,1.01508136399172
7987,0.0831200349657002,3.96001378102628,1.53346075374748,0.8963431486533
7988,0.0832201468322932,3.45169726819107,1.65177444726412,1.1819349021455
7989,0.0839990897130921,6.36159886825722,2.1752688874781,1.19727565024355
7990,0.0834076321088649,10.5523041092554,2.9767789661433,1.35293880591726
7991,0.0824991869509438,8.00101730462401,1.80544466404975,1.12759373646282
7992,0.0837645138655579,3.26911959544188,1.49226023675928,1.00707996716657
7993,0.0837883211862177,3.52332966885325,1.30992693871629,1.02265946089809
7994,0.0835898305639611,7.9276370756062,1.39553100685552,0.934905765909108
7995,0.0839925407880982,4.23765363730846,1.69895512218832,1.2033700381655
7996,0.0850252950290581,5.74100535484876,2.1276573102445,1.15492069759374
7997,0.0837326757303507,3.14397304482907,1.50254208000658,1.03407684420616
7998,0.0840511525408961,3.36396494225732,1.68465034827198,1.2094825549009
7999,0.0822820079134021,3.78153792905248,1.47665884050086,0.901925646767105
8000,0.0840459263141466,3.3987066483843,1.52369351338778,0.986098094962281
8001,0.0847761820146275,18.3994244846007,3.10586805320799,1.19207035995576
8002,0.0827349517847406,3.10539601553226,1.29175883974133,1.0188971222199
8003,0.0825250276587631,5.71414685465095,1.95699340511874,1.46390361768132
8004,0.0833021344089307,3.9113011139158,2.1849283536802,1.16937351327938
8005,0.0841903839301659,5.43432896726821,1.59953478406035,1.17573028892405
8006,0.0836768213780615,7.20630595865739,1.66738357000378,0.896769576305817
8007,0.08442363650305,5.50383646299442,1.73359363585164,1.07056627103831
8008,0.0846600680426475,5.59939749457149,1.6264976987863,1.17426198720213
8009,0.0823700830687728,3.85591565367165,1.4472249492755,0.976011870788056
8010,0.0837010801920774,7.33145331439611,1.55096151961509,1.01003329930573
8011,0.0826483337141372,6.20790527885856,1.71472244719372,1.17531292308551
8012,0.0842295187585203,3.66571863994213,1.51526098628758,1.14489510433415
8013,0.0845381389925009,4.75727074850229,1.47240503512153,0.900479449728727
8014,0.0821429194494079,7.84325062086973,1.55508696602086,0.982902675618741
8015,0.0834465549819631,4.5177250095489,1.38925818405479,0.945588728582489
8016,0.0839822858405551,4.93035892742424,1.77078881282997,1.3280594560385
8017,0.0830856723977277,3.27655689406605,1.57323604033872,0.948275260553061
8018,0.082632106600624,7.66733027383293,1.85367707421003,0.948373150264488
8019,0.082670595633502,4.45301219217948,1.63133850759041,1.13065134066725
8020,0.0828411585436107,7.32373743166855,1.76695373751817,1.14327987394173
8021,0.0828377496283353,3.99620968700403,1.51953057627845,1.03987263591268
8022,0.0838754382685068,4.69641804865638,1.9827279744421,0.977507749094702
8023,0.083242311764898,4.76699692268892,1.88638047700777,1.09601200118825
8024,0.0826864417515856,7.73879207873983,2.02279831488144,1.21062527122089
8025,0.0826645265520935,3.94588664242305,1.87711925305722,1.24513479618574
8026,0.0848740716952935,7.00195355030386,1.8257195456648,1.03840926683327
8027,0.0843972057750333,5.71640697595987,2.48661211234423,1.13704969893379
8028,0.084698034964145,3.68983022874691,1.52989117538456,0.891916615117339
8029,0.0834085727902145,4.56097066519615,1.66569296044506,1.08961389260867
8030,0.0825062545871947,5.57079523245636,1.68458174931532,0.966240179998746
8031,0.0834138695689857,7.84211742131507,2.11060209782333,1.26637060419537
8032,0.0834276693191056,3.12013288174391,1.67724237418848,0.82495049931373
8033,0.0852830782511929,5.14747742498781,1.74537081451926,1.18077531516379
8034,0.086433579607293,5.31669283396315,1.40007710201739,0.997511757020205
8035,0.0830034832158169,8.16112939303874,1.7475772260324,1.02786057146762
8036,0.0843129031203673,4.56782480466867,1.51914040897426,0.98509158158963
8037,0.0834925284372897,6.2003963633202,1.30432990197565,0.97966747729947
8038,0.082803307457597,4.42514027320809,1.32660482349244,1.00543805297851
8039,0.0849256236682098,5.3812737419118,1.60208613300898,1.23338368073451
8040,0.0842389531571746,5.70316192230588,1.58821322466679,1.05833717905999
8041,0.0838443935982133,3.97238101860015,1.6966976636609,1.22394276298902
8042,0.08340572844095,3.22032595558673,1.30673797986417,0.942696783563428
8043,0.0831979302253584,6.63033373676778,1.82425074421526,1.20524656484289
8044,0.0829295245959062,4.58738366746284,1.76197996151702,1.11779910322399
8045,0.0837957687141214,2.93939961964787,1.28792202368532,0.95498647237345
8046,0.082815836469576,8.38415466301388,2.21185636371492,1.22802289703252
8047,0.0820111859320163,4.83200177202425,1.97101376603844,1.30778911346384
8048,0.0834603577850688,5.29674989115615,1.70859364556043,1.36307100720584
8049,0.0823367014629772,4.83597822942484,1.56986603367523,0.895938730720916
8050,0.0845174154293665,4.38537214364808,1.68205242371692,1.17930813298241
8051,0.0836911502349316,10.1090302254598,1.66868241425951,1.40188642457598
8052,0.0834257742906902,6.54508212304901,1.67770112557822,0.979025127626708
8053,0.0856942797380293,9.47936216568359,2.04940762635251,1.56016155089614
8054,0.082713130200068,2.80471330658188,1.24911014162447,1.06008657505052
8055,0.0849173790196979,3.94520548748747,1.761508781779,1.1598047637604
8056,0.0835944545472854,3.2495256241755,1.37915453615319,0.84751546899589
8057,0.0847648963946322,9.9048694825365,2.84771609422925,1.2916755840056
8058,0.0823158355614178,4.94730076656764,1.83565523534188,1.07715194863123
8059,0.0831600821453554,4.62359427654566,1.55606462567054,0.984126130821583
8060,0.0827952941043951,3.8722962276188,1.19425292107872,0.894089578442684
8061,0.0861290065256247,5.37703065764127,1.51985023173594,0.946734342432514
8062,0.0828114746725978,21.6361339680852,2.88056645893689,1.59552396396156
8063,0.0836045898219506,6.45445369910759,1.7295140525804,1.31527931388835
8064,0.0828687420677335,11.602203352573,1.81485355980567,0.951353650265496
8065,0.0850414297852958,5.4953117927446,1.67746726994599,0.98460822241664
8066,0.0848819263163399,3.67053517911593,1.47072604258915,1.03062542457893
8067,0.0821490700746936,3.40878882179025,1.35112772705625,1.0277272308482
8068,0.0829285577345464,6.42594226333541,1.96647589167484,1.41043135844751
8069,0.0855079044973908,3.19099249058506,1.65551440496882,1.19364131000514
8070,0.0848291495041545,4.2503397435325,1.81189717005002,1.10998475789558
8071,0.0826338385695302,5.39735333633885,1.77874822499007,0.942772436664163
8072,0.0831002308825299,5.3973802860191,1.73159781604909,1.15153424438477
8073,0.0833080341939378,6.74288333430604,1.64944022523133,1.13769217727345
8074,0.0833541683314867,3.33038007879443,1.29274136761697,0.927911243457803
8075,0.0831324065099819,7.02670527163416,2.3479870095771,1.30997078627527
8076,0.0843297807051925,3.1170748483518,1.15058985350073,0.808602047281268
8077,0.0827696119374453,3.60889914538447,1.39456476630096,0.831616793156516
8078,0.0847476352778562,3.58365254770731,1.55453890405951,1.11421401446503
8079,0.0829030720648901,5.54782842739472,1.65445008269027,1.07496168845466
8080,0.0835834886993008,15.318921466587,1.79960730412619,1.16186421012678
8081,0.0834246829099512,8.01374510992213,2.13445726015961,0.965376059966727
8082,0.0839067165875992,4.19203357342205,1.93121053057239,1.08583027897267
8083,0.0818051664319377,6.9733866579706,1.9484013212773,1.13033352734151
8084,0.0828231834064363,5.88083057221008,1.59521345314563,1.12343484658675
8085,0.0837095934815332,5.20932989803616,1.74058695659885,0.970743119431274
8086,0.0845903211686953,8.83181507468001,2.35705398849116,1.30835712985042
8087,0.083904193912947,10.3570828266916,1.98106537744097,1.1152084702914
8088,0.0841300963544261,2.85523455214115,1.49575304153618,0.857477138548465
8089,0.0833768884098864,7.24335058258867,1.33234863680129,1.03840580390504
8090,0.0830941227508597,3.40351005099261,1.26298650258056,0.8497386625273
8091,0.0822200020136816,3.93061186360765,1.51079790654137,1.00691744485841
8092,0.0820880242006325,4.73346046468606,1.43970019434107,0.875255851234816
8093,0.0831780341563355,3.29685311730941,1.47774964303271,0.952452181662387
8094,0.0828562909405552,4.64405789709567,1.91148738635713,1.13378545987391
8095,0.0834412951997558,5.23211773817168,1.47008642794574,0.975822307074883
8096,0.0841825396385528,4.04421289169462,1.35511703454468,0.888420310126239
8097,0.083809230393788,5.13970871392138,1.98872661900386,1.29091450674549
8098,0.083568880072857,5.77375284323307,1.70634681360101,1.29456784889632
8099,0.0837996568737176,6.1006011980338,2.27195906160811,1.3292516935835
8100,0.0855861930576293,3.63510967735646,1.27292268149974,0.983273160446132
8101,0.0838813334509698,6.01527749989479,2.30651155593563,1.22224061507447
8102,0.0840377306639836,9.08230924395338,1.80504909216382,0.993775830865531
8103,0.0830402472486347,5.46193243866915,1.83820677368164,1.39458264285843
8104,0.083530226066891,6.43206030911081,1.55740060981033,0.923973271238717
8105,0.0839168705686934,7.6719158115035,2.07044848346388,1.48741140879766
8106,0.0843001224800886,6.56304417006718,2.25428507366973,1.26554512564065
8107,0.0836327026046436,4.96730786038571,1.76176181479654,1.09265089827269
8108,0.0830047465811781,4.42799807755292,1.92781698717174,1.05509040821168
8109,0.0850951154262213,2.98639022268458,1.227048294665,0.899525770900051
8110,0.0842853640823103,8.1318330627295,2.44086020795731,1.17424494647926
8111,0.0828141641754912,4.04430316870553,1.99475582170227,0.981217886430126
8112,0.0835187168198528,3.03951548129572,1.44682150659387,0.971876486744539
8113,0.0838271388281111,5.10978705724273,1.39152185206321,0.953561777279691
8114,0.0828219727788651,4.62137997562168,1.28794264748345,0.916550543233716
8115,0.0845909889782214,9.06127108925012,1.99472590580698,1.11371072308068
8116,0.0830632812099263,4.761933357673,1.52361831055007,0.867553703697938
8117,0.0835862525206953,5.32709531884207,1.83307997897341,1.07650278426182
8118,0.0836367432088411,5.22756395477524,1.81566455230229,1.21281493330847
8119,0.0841684012183281,4.8320773106051,1.69079962170806,1.18905111924068
8120,0.083569252242107,2.88235805697817,1.32677409518744,0.964977538018062
8121,0.0831848153782323,5.3217838364746,1.57213136261429,0.982585861192361
8122,0.0833065127442628,3.61089561492739,1.187715898896,1.00242811583426
8123,0.0840567645306295,9.08066049514594,1.98592595401828,1.07246476608675
8124,0.0850090467053343,9.2891375522975,1.88715019380979,1.2302912904215
8125,0.0838559872257783,3.12881882236169,1.74907855091007,1.23576555280731
8126,0.0835032265739268,5.55318636881895,1.75520911554418,1.00466530812445
8127,0.0840404436743239,4.43208922298031,1.64413056495189,1.16375984001685
8128,0.0836957126275784,5.33269072954958,1.42250184455098,1.05914784140541
8129,0.0842037309104041,4.57422549031472,1.42522412821642,1.0798291277325
8130,0.0847623401840274,5.79140657243603,1.73736457010126,1.12552937618574
8131,0.0848155497512474,9.29378215421709,2.03812613607908,1.17853228802816
8132,0.082737839622101,3.93363727983736,1.51682855859753,1.06362955083896
8133,0.0840813244666518,7.19829250854682,1.6170036428569,1.07428873199331
8134,0.0818695231500358,5.31950045136904,1.57472338604545,0.957194787585934
8135,0.0827039664490838,6.39893256593421,1.75347542048717,0.96851724617973
8136,0.0824347549439419,13.1287477915211,1.76753609121281,0.955011531354451
8137,0.084147870240919,5.21313098274103,1.2932444808988,1.02639221045766
8138,0.0842647118945623,4.18954132124387,1.95038647227656,1.27501263330942
8139,0.0832761823492365,3.66817764882863,1.33001586278512,1.24238914112703
8140,0.0838341353560196,10.7381756575155,2.00964007439608,1.14121778430805
8141,0.0834378234275213,5.56048844851073,1.44136671978354,0.965556585757137
8142,0.0836841477485114,5.43470705490649,1.58625286949332,1.24375119372505
8143,0.0848490032825535,5.55799806490637,2.63303136229613,1.3736654292196
8144,0.0848205421045878,3.69435728278222,1.59652228357353,1.07963947961045
8145,0.0843779571478773,7.48204599494059,1.87029363313548,1.09796995709791
8146,0.0841713922022283,3.44638542952785,1.31867355884553,1.09731576391679
8147,0.0839473736180965,3.24078001386605,1.66500404582221,0.921131278030978
8148,0.0839242137618517,8.58946030150891,1.6122403480676,1.02953224118008
8149,0.0835455399459063,9.13564533374855,2.32998574392639,1.55944255510398
8150,0.0825701804564764,4.70889376030704,1.48082316807274,1.10676923252409
8151,0.0835259486785949,10.1469482616015,2.24786418508951,1.07491470533097
8152,0.085723290729128,4.33478544569192,1.3330895486315,1.07963042530631
8153,0.0840003023296936,3.64230243692593,1.63795687272958,0.92321937159335
8154,0.0838309919049446,4.30249968819686,1.83602141284855,1.03378151982226
8155,0.0826688614494092,4.38043767338026,1.6506949850979,1.01894543024847
8156,0.082214645548136,3.79390550768481,1.45690900233981,1.09136907153187
8157,0.0836190025386914,8.84301523958736,1.95896660838927,1.11285345449709
8158,0.0839744646950065,6.53254585076095,1.90105589946451,1.21226375818447
8159,0.085571244170424,3.40083414137837,1.41156862540245,1.02545661031389
8160,0.0833701040842383,6.73512638462037,1.66885066861144,1.05911132229858
8161,0.0842756426215583,6.77271064217784,2.12842400259582,1.4610529560099
8162,0.084100662860492,3.58978596410906,1.39573460687198,0.858583420181844
8163,0.0846434210180321,5.35935235225316,1.45846090215494,0.899604835343279
8164,0.082501341053663,3.09427895442486,1.29585507169174,0.959648289428823
8165,0.0838034267253291,4.99096872462934,1.61594652970175,0.956944587485411
8166,0.0843383411287457,3.31732165525981,1.73128456126024,1.10429928126458
8167,0.0829616104516822,5.50937412499216,1.37183234316374,0.926905557944633
8168,0.0842096814286216,3.35135001331812,1.62116572777518,1.48413456351573
8169,0.0843199740434081,11.5620913332318,2.30427387734674,1.24315023986282
8170,0.083649649124967,3.6570766914075,1.64428505348681,0.938102793539604
8171,0.08386554688956,4.45331386004878,1.70890522240789,1.08725869823589
8172,0.083298632130416,4.65672771507625,1.54237287757952,0.960052506980477
8173,0.0829716113164352,4.01707570917852,1.85133869423205,0.978188949166888
8174,0.0837414977965694,3.94628526331648,1.3157422533513,0.911639384391561
8175,0.0849531473467352,3.30757993568174,1.31670983179044,0.931560002746954
8176,0.0837192978606702,10.0155809657253,2.12570758318953,1.28698511499226
8177,0.0835796833762664,5.48334696411025,1.52635649473568,0.867683132672799
8178,0.0826885339431597,17.241930430741,2.0479957456766,1.09858597748683
8179,0.0830452610770973,8.67627084920592,1.80567372030051,1.10649091099956
8180,0.0839283578936145,14.626488571371,1.95204100978018,0.987780392929859
8181,0.0845079958505434,3.89606858156124,1.34482618950094,0.828780285244123
8182,0.0845788982034512,3.68193752740723,1.25334497249302,1.13886548299295
8183,0.0835850840945769,5.05856721706039,1.5876474609851,1.01221632350053
8184,0.0826357155177412,6.65926438670404,1.72087303576853,1.05676750250611
8185,0.0834156267301878,4.66580098091292,1.42175165828861,1.07917131829278
8186,0.0829355509499935,15.5277474474832,1.77319348758658,1.0971259678346
8187,0.0834411894226904,8.31944724182229,2.50290860369052,1.0551331461977
8188,0.0826038939653686,3.43180716486953,1.50819914199445,1.07250923827668
8189,0.0834520235151855,22.5227926074825,2.27290376956662,1.48190538855354
8190,0.0830924738027465,4.55322995631695,1.61284472749701,1.09171528175686
8191,0.0842562983224176,4.95037924233324,1.7471732568701,1.11275532320999
8192,0.085658215098137,3.71908809145203,1.74813493023794,1.22677247722715
8193,0.082465814668436,3.63517827700225,1.28347400933451,0.960651350890892
8194,0.0850089110728851,9.81132321742568,1.70666142071992,1.21917058541702
8195,0.0835992119852809,3.67932883412193,1.59477154630815,1.09393243821866
8196,0.0845967973615304,4.27417806984481,1.26146879362898,1.19502096236092
8197,0.0836620572484761,3.97862461343627,1.18775441637848,1.05353756595241
8198,0.0842352301626235,3.78211642312065,1.93022275649653,0.981540158478186
8199,0.0838176312884732,14.5407751225692,2.03912558463961,1.02949091721303
8200,0.0831183778463641,3.90800545159675,1.85310880950227,1.07066418111897
8201,0.0830109071100697,2.88352698460156,1.37577940918161,0.869927231181864
8202,0.0835014674159668,3.72272913450623,1.60163391725119,1.12339704997253
8203,0.0842042950921794,9.1659478135573,2.28834717769747,1.33387132881949
8204,0.0842106375708153,7.33476853435741,2.88804652400638,1.19618888214914
8205,0.0821008202821596,2.89241121118802,1.36361846978918,0.916942611299546
8206,0.0843232841366144,3.49941017000597,1.66613919851369,1.25261064416831
8207,0.0836287693749458,3.44218115771298,1.21260383201847,0.93247211169774
8208,0.0817209088791676,3.82630137921316,1.94723944960645,0.980189961117122
8209,0.0833858659642286,3.96480427276043,1.39612190090323,1.00363517352904
8210,0.08302888972208,4.43316972383955,1.77899522981009,1.15912606914354
8211,0.0829204620253624,3.89566332221703,1.74264548500612,1.23288152238669
8212,0.0846162575368975,7.87965354341373,1.58934541777348,0.914785430593442
8213,0.0834551648757362,7.56973671182776,2.05486025304796,1.21786551047206
8214,0.083072939264296,3.39411848604813,1.59420485360429,1.29276357059611
8215,0.082495390476312,3.439451060905,1.33558448547474,0.812752245834959
8216,0.0852375882605229,3.05345355124274,1.1176954998219,0.857672534011535
8217,0.0833298804667985,8.27322262194749,2.09167477252816,1.10762758086017
8218,0.0836019793146105,10.6608018539033,1.85785912646655,1.14370304694611
8219,0.0843515439645953,8.21980507801533,1.8882595540381,1.13813197488372
8220,0.08351797833171,4.35638786396345,1.35250605300496,0.953079570746784
8221,0.0847311838932403,4.20608952142764,1.48332688425981,0.995009420546727
8222,0.084111440889132,9.08704696029923,2.0965630201503,1.4864948884297
8223,0.0840153395249102,12.190453512458,2.10236581223437,1.52547872730738
8224,0.0836192055108675,10.4078133550473,1.93886132497967,1.27236880395086
8225,0.0832637971788608,6.59275861598758,1.86365467626674,1.000843592405
8226,0.0837271333087734,10.4248879265597,2.16466634663426,1.10785047543443
8227,0.0837581637348296,11.2384741330997,2.74888152389597,1.5373567877294
8228,0.0841911616704079,4.67947299475133,1.63856270676197,1.1607978354384
8229,0.0837776442663076,10.2593240377075,2.74209869865789,1.45481225667914
8230,0.0837718797235484,3.34868202968858,1.36679876194708,1.08858239870554
8231,0.0833209705609777,6.27046417615233,1.70122561236296,1.02779861175887
8232,0.084320527645295,7.26122327042538,1.69456046325115,1.24110005859417
8233,0.0832311649078218,5.06601577088013,2.20924944653308,1.22715241074089
8234,0.0836418746695328,5.60363884286041,1.69466221929131,1.16826784820292
8235,0.0816022922161497,5.40007321082072,1.33841904225224,0.849095722270054
8236,0.0849729996318892,9.66984900357861,2.26882454683653,1.20209871843344
8237,0.0855808051100677,3.7723246100903,1.38412051851182,0.95082167327995
8238,0.0855454118564792,3.8183212513348,1.49596194788577,0.958277797963314
8239,0.0839584136075676,4.37608024880802,1.81148351094835,1.10883889930943
8240,0.0856078319680661,6.25689847607351,2.13532420132219,1.3466474777172
8241,0.0831351476658465,3.41009993814114,1.29183933008975,0.779080695126665
8242,0.0838347650766201,3.78509321963117,1.93671622759513,1.15958874773789
8243,0.0840610865621208,3.67058403758847,1.93940448801794,1.06395227092443
8244,0.0835931772629174,5.82379897210144,1.73868913264447,1.01422930998241
8245,0.0837495733062266,2.83874336805262,1.15573631849809,0.826820547845098
8246,0.0837717999641142,4.48796511926479,1.46883726816526,1.10839285786738
8247,0.0842328427005242,6.50474481062127,1.77444977703813,1.20877506331726
8248,0.0829210006203994,8.00207781559499,2.1706687626224,1.74352359862913
8249,0.0838141965317766,4.7789358435148,1.68771401363738,1.07413783968419
8250,0.0823304652271195,8.41568509600297,1.79755119248149,1.12218297132382
8251,0.083037481201856,4.77892806172238,1.32550356024687,0.991177738613444
8252,0.084343386243161,3.5871057492063,1.44995762000443,0.994545914791556
8253,0.0837273670948759,3.84326716089422,1.76430829582032,1.10152066098039
8254,0.084683854158358,5.24451348239233,1.56850085742461,1.31026296503803
8255,0.0854809349791197,7.28987649829098,1.86041973843297,1.02313492652125
8256,0.0844439886932102,6.71429157928854,1.73364252978009,1.09881662061396
8257,0.0842237133003653,8.7813970654569,1.61430152127748,1.04806115637358
8258,0.0839075766608062,4.31730603007473,2.17892145252536,1.39091594820917
8259,0.0821815865672677,3.40941881396945,1.92273886250139,1.29402956469629
8260,0.084375344500402,3.82066884366719,1.41809403189866,1.02185260037921
8261,0.0835528413781,4.98653874594986,1.82678529719286,1.09025655139078
8262,0.083697976029794,4.4107147416535,1.27353579931148,0.809395751369121
8263,0.0843335774311965,5.7638125683955,1.54089148132948,1.05124377393866
8264,0.0831010263979514,4.06664545934437,1.58220435025966,0.982851853119326
8265,0.0820312093712958,3.37034115074759,1.27836582733849,0.840024074220762
8266,0.0815345353163359,4.74988835116087,2.09889893347213,1.09324421979301
8267,0.0833913561244532,4.31910895820775,1.58033797813766,0.928819305656208
8268,0.0820262403656029,7.46497366611022,2.76923667864359,1.15760954324466
8269,0.0838118657454497,2.83855691812769,1.40767149659826,0.890134700158724
8270,0.0854049320449349,4.32550977094797,1.56098455944931,1.10038361490599
8271,0.0832204912786522,4.98245774032152,1.86444463676106,1.07133501573012
8272,0.0830124845414517,3.84399268143708,1.26441533187815,0.994436467681048
8273,0.0847454525865196,5.56254761568975,1.70556048543668,0.891503296963755
8274,0.0846675042726711,5.27655923388096,1.97765049484573,1.07433932095365
8275,0.0829571025580977,3.3075341223114,2.11890497799444,1.54264670074556
8276,0.0849980350011005,4.98611444773261,2.07912266245802,1.19910489077431
8277,0.0848809955166733,3.16389881684982,1.81225341893405,1.14910681961127
8278,0.0826179733731394,6.79380750261468,1.92817606755578,1.14152591457509
8279,0.0828395065251599,3.369116029022,1.16259198735089,0.883301410367636
8280,0.0843916363861974,4.48392750172307,2.10563285003779,1.23991261904816
8281,0.0821138378726512,3.98154664588227,1.34759130384661,0.991961778279396
8282,0.0840832833391405,4.72985528324181,1.92953992455443,1.09662538037121
8283,0.0840481636358453,10.3217360281517,1.85787261445199,1.32487114400059
8284,0.0833945881283779,8.6282427240677,2.26866577411782,1.21261050926714
8285,0.0827653064422984,3.14086980026225,1.49839371123654,0.846040646796254
8286,0.0826792384469913,4.09396300668213,1.91011952839986,1.11362277890775
8287,0.0848712949230308,3.40137077239237,1.5801918627617,1.20326583224843
8288,0.0831860369735032,12.9426957669958,2.34362660466705,1.49603517622459
8289,0.084174570217229,4.50978345980227,1.91785586423349,1.11285237852743
8290,0.0839888721451887,10.8559087391177,1.96861496835489,1.14713198836617
8291,0.0849565165388356,7.82273088228524,1.61274062266716,1.07069375318657
8292,0.0836807849204624,4.34516818057398,1.67999173483464,1.21992740969199
8293,0.0840941613152544,7.06589409130032,1.60744046045327,0.964069481453131
8294,0.0824860994029531,3.71417989116375,1.35194808938345,1.01320237706163
8295,0.0842012753032044,2.86314041029751,1.14104020952515,0.804654133215121
8296,0.0826721488017731,4.867263995414,1.61410461727159,1.21091559622446
8297,0.0838552388749575,10.5407347048646,1.60739430503623,1.02134556085406
8298,0.0830269703449012,5.86786267637995,1.7183903620061,1.15338563037064
8299,0.0823743687540317,7.4786599898523,2.52981513490252,1.05714182968289
8300,0.083915943115721,3.01550869572594,2.32996279272427,1.43536376406405
8301,0.0841514630391529,4.16335809760738,1.43599736176207,0.976106446107276
8302,0.0851985506891495,8.16117051430403,2.15741086252752,1.39937367510512
8303,0.0844771356990689,5.34000662809437,1.74339765071886,0.98235338291421
8304,0.0838640815896275,3.82961928155171,1.23932300571371,1.00065209882738
8305,0.0835624893672862,9.3260255854471,1.90171717925001,1.01943659471608
8306,0.0831534837619055,5.03439152778971,1.98163603652351,1.12748731475299
8307,0.0827287826504399,5.02974140286285,1.63894331981018,1.06769775864555
8308,0.0837109969837618,9.50351913584232,2.2932883766249,1.24060883420039
8309,0.0837290445100989,7.18684964557431,1.70852615424605,1.21666892282011
8310,0.0839691350294216,3.59917048256396,1.47213583307797,1.06243839098128
8311,0.0832045014382778,4.2710153273082,1.52359979700801,0.963079627280765
8312,0.0855520778215462,3.31912112498285,1.50740354223769,0.950054575334279
8313,0.0831036356508209,6.19351558483671,1.40054446068522,1.15966599103883
8314,0.0828146884223152,3.89771940037979,1.40743010176261,1.04880173780877
8315,0.0826586593472438,3.32518749722789,1.49148803915194,1.12750532573356
8316,0.0820247511727451,8.39781955670697,1.71887343395184,0.906416716822257
8317,0.082883191568105,6.16794150370905,2.57160792201111,1.28625360595279
8318,0.0845735254665793,9.84522239697962,2.21425123117496,1.26935410471634
8319,0.0833686152004955,8.2403770721003,2.01698370116025,1.58548240579778
8320,0.0825945287050597,3.28014566370977,1.51557474912157,1.29680996330609
8321,0.0831846432539851,2.89085767875051,1.31127298212718,0.99573024907064
8322,0.0854262555329955,5.63614971679752,1.64213123656306,1.18009899624479
8323,0.0833505967836497,4.05215738207596,1.37485421117196,1.02185359759258
8324,0.0830479695135968,16.5225333098743,2.11101920034023,1.05525978324082
8325,0.0833689789445435,3.8150520289121,1.218106252007,0.986718005860908
8326,0.0832614065787257,4.76834960545484,1.8438910558849,1.24118576663545
8327,0.0846644696549137,3.52047978494944,1.25852799577752,0.899750043565977
8328,0.0835105869931692,3.72924692876294,1.47995022706322,0.99886853551292
8329,0.083520488992129,3.93153425492568,1.21425015200862,0.975980447407895
8330,0.0841973215892693,6.82405831648034,1.69416670894776,1.11321426416738
8331,0.082566405323983,3.22910390283091,1.47453796963557,1.06036084495394
8332,0.0838377750303949,4.64133019165024,2.21698330390779,1.17152999466072
8333,0.0833683774613276,3.57658253598327,1.36502854403712,1.04798042093416
8334,0.0848803867076792,11.0004236241023,2.22656644840721,1.13918432559363
8335,0.0837682067703901,6.90856286020572,2.23481544953022,1.3077162856967
8336,0.0838525999300967,5.64951893485021,1.44627880093306,1.19648256094987
8337,0.0830650394627733,5.81237538930104,1.63669263419656,1.18203896460202
8338,0.0844913602734131,6.49992215125154,1.7936888975209,1.10426057527669
8339,0.0851498557876979,3.34873713245411,1.5850767823405,1.00040286869664
8340,0.0841645604309797,5.2659628276074,1.44601021565589,1.05398844985752
8341,0.0831090151009063,4.40996117778213,1.39080114561551,0.935319161731081
8342,0.0842474623791972,4.23847477390966,1.34938264374889,0.982022857809232
8343,0.0831687013198103,4.07925647606977,1.39875816789326,1.11095060139169
8344,0.0836246724276352,7.455648260307,1.93890346100348,1.00006086014661
8345,0.0831118054079388,8.90206164745205,1.5987395045182,1.0231161898178
8346,0.0850289697156965,3.06903936601789,1.5161272923533,0.912041571546912
8347,0.0844081490362456,8.74598488473126,1.62868785329804,0.9398619790539
8348,0.0835186236703072,12.930949496634,2.72973548630464,1.3054500323834
8349,0.0822858706719682,7.05714448248298,1.52579664561797,1.28737650083402
8350,0.0820859861804527,4.96898693646176,1.64681676701657,1.01192567099391
8351,0.0839472738717344,5.52748885067098,2.00059100338304,1.26718436809272
8352,0.083182482366684,6.75082523650343,2.34043970079018,1.09935754476074
8353,0.0848610984472245,2.92711957327539,1.27486721853033,0.887526973712256
8354,0.0842067487666708,3.02917812971302,1.20159150969515,0.77573147025943
8355,0.0834367273459192,4.51502497576802,1.40923891926243,0.906448564829917
8356,0.0843493258697708,3.57995475529916,1.57012698140325,1.04905204986223
8357,0.0829706554179442,3.22626937088958,1.49402537039495,1.10212020414711
8358,0.0844279902841284,11.181749568272,2.55668526344819,1.33524092595814
8359,0.0836677596929109,3.42056479186173,1.43291756147253,1.00800005976331
8360,0.0823410985773241,3.31957983445954,1.30642451727461,1.00115692775877
8361,0.083547798895736,6.71076519586718,1.8832154214701,1.02931485524796
8362,0.0854704190053835,4.33977774817102,1.34520188891642,0.918339971766531
8363,0.084001943597073,3.99136134780152,1.64703321429853,0.967434396959964
8364,0.0845856625493397,3.3672186924152,1.48390957881404,1.08089278939423
8365,0.0825809457300855,5.02306491675194,1.48768062222549,0.958777245949211
8366,0.0843563201276005,4.31356096245195,1.77003217098191,1.09476914066554
8367,0.0851802888909017,6.94077244553538,2.32649016009063,1.1884917953946
8368,0.0845421355720135,9.92510260156543,1.97810132273669,1.31650990363485
8369,0.0824421510707343,4.66151111003022,1.32070996163995,0.925046318261644
8370,0.083620130692896,4.74427849912888,1.7110782532119,1.1892366953576
8371,0.0841059180710267,10.4561665170914,1.9998094026717,0.997661661089316
8372,0.0849461937107334,14.0264716190156,1.66599378759579,0.91419865267319
8373,0.0829224183606737,3.63561232795806,1.40815092478328,0.989353981976677
8374,0.0854900477391412,7.42647031962321,1.77032711239761,1.04627954488688
8375,0.0831149892271697,6.16676252069583,1.47961848317794,0.991186506623762
8376,0.0829488684675804,5.12643654829129,1.85629560241816,1.09747975723982
8377,0.0833706202793988,7.7622220544274,1.9316599857919,1.30733890784623
8378,0.0840846614090708,4.85361685820111,1.59559516979059,0.934378220251579
8379,0.0839102276834082,3.89265935192039,1.54368791245272,0.999062577689006
8380,0.0829756348697144,4.69248443627548,1.64038462405006,1.2457921935115
8381,0.0821528969518534,3.57492333492093,1.30969977484588,1.01369940734191
8382,0.0827595258223589,6.11017982741307,1.67168272762107,1.08498434223151
8383,0.0830729820989137,5.4295095033625,1.54504479522903,1.10733776068987
8384,0.0833504279597093,3.94831634164116,1.46412271699816,1.04386632791538
8385,0.0827841051719047,10.4827616829681,1.87198672786318,1.07805604814874
8386,0.0834950514527943,4.90969859418888,1.41810649278251,1.06513280462631
8387,0.0842613089650473,7.3006754692674,2.25016534099256,1.49012004152344
8388,0.0840290097574101,3.41769256549048,1.23145466075863,0.802211628012505
8389,0.0831142166669647,3.96534041866622,1.47809370321761,0.885733974358769
8390,0.082827262192612,6.57848003243166,1.89818385344714,1.20756140115087
8391,0.0826918136065493,3.2524939807016,1.65871789335325,1.0784499836425
8392,0.084803253483394,3.45045071735073,1.4050178882663,0.835137647038327
8393,0.0831081518893292,3.44360772520063,1.38908812908966,1.04595401329634
8394,0.0841160876963033,6.19705169689732,1.9835843921785,1.0713723487338
8395,0.0825459574176448,6.4358656777868,1.63761622081293,1.11022489547087
8396,0.083268771116548,4.18697409105121,1.83276789457673,1.02548747649923
8397,0.0827276916690781,4.44110059795317,1.94649947991441,1.14468854256946
8398,0.0851510860556558,3.90334141658987,1.58946107591903,0.942059037811212
8399,0.0840412029547561,7.48438481197543,1.58186991868506,0.802608427973921
8400,0.0838545927823752,3.40796730793722,1.59463096112838,1.14467771784973
8401,0.0836748727385797,8.77800366564672,1.65619292358397,1.14822951107261
8402,0.0846497500854855,6.33291303484546,1.97756259766692,1.10819529640289
8403,0.0829728523442375,6.13185288816803,1.7619063760234,1.10347495469477
8404,0.0847887886990023,3.23758395061184,1.62686243806368,0.992120995510354
8405,0.0833220763949417,3.18864872498872,1.66777769696104,1.17711340419562
8406,0.0827469130949529,3.53023618775131,1.76922479536004,1.09123514328549
8407,0.0839223523031499,15.5309341842861,2.3912292644217,1.43310260015182
8408,0.0825581842373693,16.1681244994702,1.94693270646326,1.29647752640593
8409,0.0827651829279997,4.12024336056307,1.45028700617992,1.14967509179069
8410,0.0828272162686009,5.12285593393656,1.83567101089557,1.12319667264393
8411,0.0830155681541311,4.11751928749773,1.93068345231326,1.26479536665956
8412,0.0842772847541365,3.64106689028423,1.45309163578056,1.136087731686
8413,0.0828538720413538,6.48671940550669,1.56508540219915,1.04952232410448
8414,0.0834894550713541,5.78461816820368,1.7304874437522,0.930343217981677
8415,0.0825419955756253,2.81743863466144,1.38837045952078,0.869897771417187
8416,0.0829417403254229,7.6543122557327,2.06631944785713,1.24195706451393
8417,0.0848579850838047,3.85160142839475,1.23173626418683,1.00740263062912
8418,0.0836550832942845,5.26081905741536,1.73643782410624,1.39116450829723
8419,0.0850926776706249,6.49794375114814,1.82134904094043,1.07387173346106
8420,0.0834925054297774,5.6633921935618,2.13092135099139,1.20231670456902
8421,0.0822701733714463,9.45101325520877,2.08495178927549,1.61560819739249
8422,0.0835999117946729,4.02723331574755,1.40874785231027,1.02851538861073
8423,0.0829043797167323,3.85471446979368,1.47274253967693,1.01849348425218
8424,0.083898740927477,7.24773135120525,1.92453192917767,1.33398531439337
8425,0.0846112329230871,4.97862824547534,1.4654297507016,0.945450245650973
8426,0.083763338862039,4.45987668427416,1.98341404927716,1.06755571479552
8427,0.0839369762661406,9.01843216682398,1.84672126238392,1.10132531503831
8428,0.082672948338622,12.0770301879474,1.86300800182068,1.04642299640996
8429,0.0841327945427423,3.28667748066011,1.2237199504409,0.890234939634048
8430,0.0821436648566296,3.46251396624827,1.47398457275478,0.854276067724631
8431,0.0829360170868999,4.27081468771168,1.40564173056907,0.909830586364123
8432,0.0829957799917975,10.143947185058,2.03866243595537,1.03658133968582
8433,0.0842395787335617,4.93827718322589,1.30354969022247,1.05995777623166
8434,0.0836813802846044,6.79291338715361,2.41256771159214,1.41778568473814
8435,0.0824918431883204,4.11976436706827,1.47350485747294,0.909747453013112
8436,0.084910485771147,3.4254620399065,1.70733711400716,1.04750696929319
8437,0.0837479613742817,5.95965333621836,1.69220417376394,1.09977437104474
8438,0.0816367963896825,10.8858162125916,2.01527425077611,1.06943229831146
8439,0.0831448134812663,5.07803539442803,1.99957744780412,1.0907210801752
8440,0.0834297310069623,8.06106198882032,2.33760244785462,1.2765747843736
8441,0.082609929270524,3.98069216418387,1.58192738821081,1.32087766478135
8442,0.0833372225998867,5.51519515995523,1.45791263410661,1.00580340143945
8443,0.0839819009180904,3.44196923758673,1.29215144501752,0.883977784426633
8444,0.0838662177378511,19.2751383217666,2.68152037607683,1.48086724309029
8445,0.0834022573169934,4.5936636217845,1.93615755553946,1.21110947474248
8446,0.083506920413633,4.19723840384358,1.66680327649798,1.17007327498707
8447,0.0819488090900847,4.28168862798147,1.87624095411082,1.05882917144823
8448,0.0831076590117865,4.73479627299347,1.50017609473346,0.946953598096135
8449,0.0836528609252568,4.4588717407916,1.40553955450825,0.920196867994101
8450,0.084345343433983,7.51574493901223,1.88700889096018,0.998405891895639
8451,0.0838660310758158,5.28899197952962,1.34893026800076,0.949613008877411
8452,0.0820310480374855,9.26620641869867,2.13551673645825,1.0172089349848
8453,0.0849887697292875,4.53455812830738,1.48231518822179,1.07951724135554
8454,0.0834457146560532,9.79092532227017,2.12133892504592,0.98252373427456
8455,0.0846102146249018,14.1676586502259,3.18084701143672,1.59929037236421
8456,0.0835925407901535,8.51703986568192,1.58190903204233,1.00907906094084
8457,0.0834192030488078,15.8169774558346,2.41064540364529,1.38901159555428
8458,0.0830660475921115,4.20407775582174,1.5462932364699,0.969340083473275
8459,0.0830759455964574,11.4258195016321,1.61099370999828,1.06459195449866
8460,0.0833180661063976,14.0191332886504,1.99037262648496,1.05925533919931
8461,0.0826028809298476,3.97894527080778,1.51297229700937,0.883640651744616
8462,0.0839873649886624,3.74646155467555,1.50692701733915,0.960584282323308
8463,0.0822855631196675,6.33237251326169,2.30248363933207,1.53209189385202
8464,0.0834656291388894,3.19386378247274,1.50326559918152,1.25033493955858
8465,0.0827129976493903,10.0425709122005,1.96386888374655,1.20862827768821
8466,0.0843978793210763,4.34219345108903,1.46970475470753,0.966357454815294
8467,0.0829505211084155,5.80866624035748,1.44149750700766,1.05268640355903
8468,0.0847602956255084,3.03891253917163,1.22904373781158,0.975402729020905
8469,0.0843280387569587,4.62222233825076,1.78938369580673,1.25402751966789
8470,0.0841318470523598,3.62478794970899,1.2329550538134,0.944629501559342
8471,0.0820722959275322,3.81633514879572,1.6001581861615,1.12807969808602
8472,0.0830782500039664,5.98130085218393,1.635531771963,1.09687676940895
8473,0.0827670394826224,4.23064907943053,1.29727586402064,1.18674878308168
8474,0.0814659494053289,6.05810061936708,1.57994256107637,1.11426993688645
8475,0.0840439155377432,4.52860375819429,2.05329664457887,1.2260305519763
8476,0.0825115817138043,3.76936588888438,1.25275836113653,0.85574083498796
8477,0.0838521775321753,3.81971429353636,1.47923366293892,1.03705068877363
8478,0.0843782932970023,4.69369690938399,1.44123065213779,0.780698565575119
8479,0.0834964749779073,6.23837869822276,1.83679957936042,1.12997024057685
8480,0.0814238282079173,9.27896334749387,1.99161884372252,1.20970178030077
8481,0.0830232663098451,6.09642591695595,1.85040643675431,1.12112159343894
8482,0.0819908266147161,3.72439139352436,1.45181809258571,1.04321253976776
8483,0.0836851588086848,4.1919629920902,1.45591941928548,0.966716252332142
8484,0.0843084619011505,3.80529220443437,1.46359060810673,1.00907593966539
8485,0.0825835947986727,3.47431791526541,1.58675564311423,0.954784245359753
8486,0.0838090180446599,4.06852400939499,1.3103651194257,0.968537956204303
8487,0.0837255383465255,3.95728251292818,1.40672858179398,0.971823696209757
8488,0.0829894652867707,3.89358399434542,1.43087741414913,0.995322295277187
8489,0.0838056130859542,3.45941701035679,1.24982251202626,1.09346202499071
8490,0.0835274704385789,6.66767660478554,1.66270619551215,0.976477119279858
8491,0.082997629618528,7.17704599345741,1.48310586776318,0.925517885417944
8492,0.0852161090673993,4.86829476751688,1.52597349603226,0.920267175362103
8493,0.0848521288358439,2.71725872581633,1.48549129022818,1.01188852841419
8494,0.08397606036575,7.9435007260031,1.79252430349861,0.901303431532852
8495,0.0832535824514178,5.06826797888514,1.62617499166918,0.956154921984939
8496,0.0851002236609067,4.06513089376896,1.45646041732924,1.07914147367367
8497,0.0838228305766924,8.83444968177011,1.9790335317294,1.23995773332486
8498,0.0838432047062709,4.38343401339296,1.64033448688338,0.907862647408341
8499,0.083174114882986,3.23979541250681,1.3676249231073,1.06214017413636
8500,0.0828762805948162,6.26154144404581,1.52462047878201,1.06989938771217
8501,0.0846704136065285,4.59866735659867,1.39105372106033,0.841550450641184
8502,0.0840699942472022,9.20463366996344,2.55523937147917,1.15833226340703
8503,0.0837647939829079,3.67974490460119,1.55290981104556,1.01320062247682
8504,0.0841947179957412,3.76209946500464,1.99559576710374,1.3531684900866
8505,0.0833462522207479,5.99400408476193,1.60183422865526,1.09989003838834
8506,0.0858223586016887,7.37223241172918,1.36557753457679,0.991130671796083
8507,0.0852089077174688,4.69477944825837,1.65408131990721,1.18519857262533
8508,0.0836456126114321,3.20225243148755,1.23577074185509,0.922834665965547
8509,0.0838170716537077,3.83427207727585,1.37079855055582,1.00701327432533
8510,0.0835578195927416,6.9968007009916,1.81081013378272,1.04024552866096
8511,0.0835656377160582,3.71672087333883,1.40565841158598,1.04512591620546
8512,0.0832701363872621,3.27778757163927,1.46693143881278,0.934806668039388
8513,0.0838413979428034,5.69845216104145,2.03413327651655,1.45436191428733
8514,0.084262582433186,3.04343702258926,1.48875969052059,0.975428275901303
8515,0.0827246196571588,3.70204975830175,1.53734261826153,1.03092346772917
8516,0.0816713787967425,7.71561597123036,2.03694967593505,1.21714457574161
8517,0.0831236250175572,5.66599151667537,2.3423880687123,1.43151254445711
8518,0.0847236685143102,5.07093167636595,2.0553306462311,1.18527529822134
8519,0.0820866431728425,4.7498046959351,1.40512503967986,1.03933315532199
8520,0.0835808564418077,4.00661894103458,1.48914567732696,0.964688077202232
8521,0.0825608988635701,3.09393042953404,1.33097229980941,0.921030669147263
8522,0.0841377098231525,5.65036521021635,1.73616126068932,0.978462612779962
8523,0.0823639371144213,4.11058103943136,1.39713673025808,1.02686251350793
8524,0.083907477962922,5.83446738711797,1.80335178344608,1.05419814374292
8525,0.0844527152327942,4.64294959471267,1.81860433086062,1.03199828923487
8526,0.0828451301879661,5.67941225358649,1.57715657120485,0.953573320564957
8527,0.0817373076764467,4.19344977179172,1.91591903103291,1.24328944106835
8528,0.082372258934486,3.75854878329876,1.42710901418736,1.00067992839563
8529,0.0853351527812428,3.81387604583426,1.29881433044969,0.945856781611552
8530,0.0851510839696119,4.1227755405409,1.84077257074931,1.27861074502836
8531,0.0831466012347158,2.88674744235122,1.438086415016,1.25165711796779
8532,0.0826470724821662,3.08267463037633,1.56202984010059,1.06112481483275
8533,0.0828936974358738,15.9394538375985,2.21259982613791,1.32255538525762
8534,0.0824411650507896,3.08494096898637,1.41641261530247,1.18820601701268
8535,0.0822916890588029,5.9186434992519,1.43878321302235,1.0058694267247
8536,0.0829403523079636,7.03047098128804,1.83959240645954,1.12748416542257
8537,0.0837677716354999,3.27254753829351,1.25780617547845,0.855801438306036
8538,0.0849120242196235,5.29468440494481,1.75662726045672,1.10781593532485
8539,0.0829312088833504,8.83084800615315,1.68642282636675,1.17837206406881
8540,0.0836746929988008,5.40337822407384,2.35088390423582,1.39590041067616
8541,0.0845313957360648,4.28562067301074,1.6701164035858,1.17276242388226
8542,0.0824959907214249,4.47169503282357,1.36298680430445,0.894608648707183
8543,0.0842853314828094,8.40363892668925,2.04604053485738,1.37348145438277
8544,0.0836460233775848,7.10184718465636,1.97653114328425,1.19974544739226
8545,0.0839207976551409,3.36347488918744,1.40956709488981,0.902308690094026
8546,0.0822111085726749,5.42513399098092,1.55267337173852,1.05106427213547
8547,0.0815620918160169,3.96359661338334,1.90755596944976,1.03923798183229
8548,0.0843896886088809,5.03163588835057,1.59222157960877,0.971133580834714
8549,0.08445344767138,4.6618780774501,1.63194443097035,1.04313461737086
8550,0.084065038133552,11.3342588944601,1.94636475257763,1.2204158690636
8551,0.0834153640859938,3.1137476616747,1.29529082675328,0.797149864423166
8552,0.0839313638303406,4.78255836933444,1.71940020835062,1.28476718424976
8553,0.0832489311252229,6.71375519439256,1.49895071629545,1.02827191094683
8554,0.0838864922965769,7.5626336575427,1.59132395048936,1.09835422568944
8555,0.0837817367111966,5.53310383185692,2.13524954222852,1.20619827817217
8556,0.0843744469081064,4.36423266692901,1.73437395935057,0.985690690692885
8557,0.0829491412297247,11.5122206032691,2.43630474125162,1.3216573951671
8558,0.0833493128746814,10.0225826839747,2.24466280147808,1.25611688718769
8559,0.0830830042938015,14.1396564355801,1.87955715933425,1.09597758602483
8560,0.0840169186587677,3.30120485659241,1.64875027732152,1.32044109676567
8561,0.0834978472696596,6.74982819789343,2.53985848418298,1.25101623274341
8562,0.0837998321594921,6.24816861594215,1.99711156518695,1.08209871650278
8563,0.0841219148172418,6.9478710926211,2.08694251230969,1.54396899465779
8564,0.0838072478470934,5.62022561226019,1.6544691628399,1.00365220641936
8565,0.0836731083766749,5.23812192656727,1.49210107382516,1.01728457884563
8566,0.0849320247709464,4.6021335921071,1.69214848632077,1.21573330155999
8567,0.0841211592455883,11.2432206594169,1.61808110440144,1.16737466161921
8568,0.0823000962943802,3.3914367933566,1.33995443204186,0.973352564758075
8569,0.0837694965521411,2.88878341961341,1.43765886620548,0.915568471823919
8570,0.0830809167035395,4.2019087606644,1.56426968502174,1.27405029761915
8571,0.083959542398391,3.19261839376632,1.78792436706328,1.04003447597978
8572,0.0848733422445064,5.88475001498939,1.45587728204366,1.27161444220458
8573,0.0825897620512607,7.58038328903526,1.86155858445981,1.69716422569614
8574,0.0819647195248897,5.4171325516654,1.80957679913225,1.41454734380442
8575,0.0833624791693255,8.84840608476878,2.02318142847392,1.06861233416779
8576,0.0823559753913226,4.60343239645014,1.73229656618489,1.15960184634402
8577,0.0838531596859642,3.61665400888977,1.54803880698484,0.958195300857623
8578,0.0834385618669219,5.38024129826265,2.16052766220652,1.30852211375459
8579,0.0838780032345867,3.31042399166226,1.48592005348448,0.910965281404132
8580,0.0829149022901472,8.38860881683755,1.94119831473116,1.24186866781543
8581,0.0828526998705623,5.772565255241,3.51709941715199,1.74288307384654
8582,0.0830225826357284,11.5431344177574,1.9549933784565,1.32849578861032
8583,0.0827559255668582,7.38959149700694,1.87682492079369,1.16241333344324
8584,0.0838728070167329,13.6261816225374,2.66225666044924,1.37521450639157
8585,0.083943854637339,5.73175073392792,1.67775568517177,1.02032949737204
8586,0.084096401950641,10.6806948638227,1.62256575283298,1.18967193433495
8587,0.0841258281464478,6.58946045422835,1.44826246947078,0.892494288334804
8588,0.0827996526897165,3.7230187468765,1.76643932825981,0.934382949578745
8589,0.0837560207072034,7.23270362594239,1.74932333239408,1.05803053985391
8590,0.0848697782190215,3.24932522698675,1.51740421610831,0.967081362749529
8591,0.0838785443789806,4.53443416592839,2.193502610604,1.21418431042531
8592,0.085892700496159,5.22908111695382,1.9709004631335,1.15907590309939
8593,0.0840128046696754,4.27577394744881,1.64048361327756,1.46704022010129
8594,0.0818054700305857,4.22771863364816,1.61240601261909,1.11185330134923
8595,0.0834179676961498,3.57823431277484,1.20000492584016,0.87160696614502
8596,0.0836792527976403,3.51936320391542,1.21550685438011,1.04811488208218
8597,0.0838513640568821,8.27104420474901,1.63250964702349,1.23439971193879
8598,0.0837951274636714,3.52778944367808,1.84580508981998,1.08044548456427
8599,0.0835589491222444,4.0093361401504,1.78260329638152,1.11781867251708
8600,0.0843561907240688,5.27375692081649,2.14380071481193,1.30908982043164
8601,0.0825103875352303,11.5694921335596,1.81316511589883,1.27205499190331
8602,0.0823529868286777,3.65814944439939,2.02742671236364,1.25059013552697
8603,0.0856056497345122,5.69365144719933,1.69211574259345,1.20400444091316
8604,0.083059072484801,13.1942429269511,1.95298839982314,1.17088634809332
8605,0.0821901024478067,4.43455535091432,1.99672634811706,1.05958636542498
8606,0.0831725805232515,8.80433737763891,2.1350128769709,1.17790711860892
8607,0.0831863453797848,5.41254981773461,1.4665840853821,1.07154044492426
8608,0.0831400102179784,4.60460815468146,1.61476167917381,0.966682958028409
8609,0.0829519777177262,7.05264164087119,2.30828435490469,1.16612159796111
8610,0.0846269239842152,14.5933737376541,2.00789769569715,1.05718645391288
8611,0.083154788820571,3.29824878320015,2.33542338911302,1.4561346153964
8612,0.084199694614085,13.358381320968,2.57792124775218,1.39761288659122
8613,0.0824525041905914,3.77928363824606,1.76482856664563,1.36891747828437
8614,0.0821705918647491,3.87885551332338,1.25877194084728,1.08561592396692
8615,0.083414412235459,6.82646049782762,1.92006151611806,0.937897027925612
8616,0.0851830658407255,5.60735250506053,1.6187546698608,1.12673520395404
8617,0.0827572115972753,3.8950043284711,1.65416402742072,1.14839730140342
8618,0.0824246118701675,3.67531008402207,1.38959298628421,1.06021123469613
8619,0.0848688080868423,3.33301316768692,1.71806715839793,0.977783461955356
8620,0.0833507874480451,5.94089580193493,2.50787115596174,1.49810488838609
8621,0.0842035852281914,2.78018033814013,1.46138595680861,1.23423203603995
8622,0.0831495236040219,8.40985560955787,2.18231141938543,1.26021953182325
8623,0.083433600289567,3.9808177364254,1.80418296893994,1.05504428341483
8624,0.0834711410786992,11.4569260346048,2.31689353491959,1.34140334392384
8625,0.0843547118955999,3.68229747615245,1.56519150073277,1.06186257666065
8626,0.0838829773137193,3.32967199685432,1.26295762044162,1.10766184065744
8627,0.0829079958742525,6.34223294249519,2.06853479841966,1.0465121997565
8628,0.0820710292226669,4.47913008882367,1.80173822143561,0.978538749766091
8629,0.0835942212355801,4.7888566319781,2.67324904818147,1.44196421012249
8630,0.0842102557806577,6.16301702986374,1.84924225850818,1.15840772765638
8631,0.0847022102144982,4.31164983670587,1.92066673591144,1.24445550709123
8632,0.0841056370950785,3.07255919024238,1.66841969305417,1.32766428345002
8633,0.0816009218199049,5.17063958148202,1.30823673092456,0.991852794376339
8634,0.0832965605063764,2.87541257240469,1.34191084409309,1.1575857856402
8635,0.0843709153296203,6.98141692566782,1.55453169566498,1.11297321178917
8636,0.0843820057611884,3.64199745586746,1.28044398655611,1.00481972153914
8637,0.0837003123156347,8.74103480104071,1.89433991886603,1.05035353966441
8638,0.0837478212528721,4.94215685832738,1.50712012313015,1.01164869121652
8639,0.0847488613165002,6.64054766537519,1.7766984409375,1.01852890857448
8640,0.0849632325129518,5.49634425067379,1.93573641696384,1.01417688513045
8641,0.0831163892883116,3.91944336395528,1.85643557474017,0.985417602382882
8642,0.0831500928411481,3.71606020367056,1.90811365692907,1.28804039257033
8643,0.0830431304944719,4.64913758733548,1.38296139443134,0.986944397597514
8644,0.0832719746989135,3.37578522506454,1.79433061597516,1.31832414812565
8645,0.0827367320929654,10.3078635782105,2.15604070166806,1.14803461297686
8646,0.0825093749270007,3.57958475464996,1.48610788176926,1.08717799284323
8647,0.0824352747804051,4.1121320854922,1.66017136664597,1.09361685958124
8648,0.0836702169858531,4.06833109883749,1.33959720228594,1.05483211778668
8649,0.0826021589882648,4.23594436302009,1.66130222098436,1.45084293112967
8650,0.084842271282545,3.33099542325594,1.36910709883894,0.833742636997177
8651,0.0840920790604175,3.62110940104969,1.36988997336138,0.980568467786347
8652,0.0837183832882722,11.5564093511165,2.47391487570417,1.57202863369526
8653,0.0846879873970221,3.11133657046492,1.38305190587893,1.1804706581666
8654,0.0848394684583658,4.28231675952365,1.35463334194845,0.896037035965092
8655,0.0832592492248224,3.48206854387779,1.58435038652808,1.07959436864597
8656,0.0820391567210483,5.20850877194421,1.7872755768869,1.12451356442689
8657,0.0839461146486842,9.43704565564406,1.40337364793328,0.958098599336939
8658,0.0839549525649088,3.5306350605082,1.52294517751861,1.0415150922844
8659,0.0836381865506755,3.93120824848165,1.65359434739674,1.12469505483984
8660,0.0831897680853554,4.83929036760868,1.53080126185823,1.10601197364247
8661,0.0832558578405081,8.48583051617249,2.46611785218153,1.61025382458126
8662,0.084017716510009,3.75511508516457,1.90240436985025,1.27899518031537
8663,0.0843923109977554,3.71719742225814,1.46422911852375,1.00508752062526
8664,0.082376932277727,7.43189317264822,2.05774095620981,1.13005140698049
8665,0.0845188042020262,5.05758936295406,1.5535724476982,1.25785600336538
8666,0.0826499390413771,2.78672309158033,1.47748886407035,0.854842110873567
8667,0.0841036229069976,3.09105931609024,1.4311354984996,1.14997116784433
8668,0.083335296730998,4.86390156574864,1.84656934314567,1.03689217710048
8669,0.0840856074527638,3.63841907807759,1.54660313075871,1.03125348358818
8670,0.0840905415958437,3.98897351483695,1.44057697034003,0.89613636170609
8671,0.0849390774164657,11.0329974357554,1.76552432703768,1.1746892073642
8672,0.0840307591152193,10.8645300972579,2.09500152290227,1.06414281205917
8673,0.0837205601442534,2.91477533715682,1.39640827013702,1.07890110585661
8674,0.083485343409783,10.192424025157,2.11143173109104,1.23865339559117
8675,0.0835710245578905,5.60594289791539,1.80919035550463,1.19769333540281
8676,0.0832238048747365,8.71912623453328,1.67962404888055,1.06514935569417
8677,0.0835378304718057,6.57834656055171,1.77600784053646,1.16255395776505
8678,0.08356232942721,6.21318615514682,2.06016410332917,1.44722962497368
8679,0.0815607400066948,4.28761700716356,1.58690465596644,0.954203315799388
8680,0.084192416431162,4.6343243518705,2.16940788641774,1.16886645476832
8681,0.085304196023376,5.0245681294789,1.44818271695244,0.975662997508613
8682,0.0840643059968675,4.04664193176464,1.67042212563306,1.13207840759696
8683,0.0834950599475408,5.26016883154579,1.84601303608182,1.19210504338861
8684,0.0824300259732647,4.39126183368267,1.65027878873657,1.21797014094911
8685,0.083583695227157,3.71146924607567,1.10709380105527,0.828716605031916
8686,0.0828855737178966,3.81953739411992,1.49782726907403,1.035957989802
8687,0.0842155647775196,3.95943481808182,1.78406322381084,1.1586914963076
8688,0.083654731650594,4.00173755769623,1.51023297578906,0.999366054085721
8689,0.0833308408919425,5.10880441045338,1.63504225091885,1.18168805127692
8690,0.0839689040476167,7.28895528432261,1.91369740149668,1.25711787525188
8691,0.0842374198005588,9.47983089020971,1.80192722013862,0.922340969676631
8692,0.0839400309901179,4.23332924007861,1.50413676211474,1.15705498385801
8693,0.0836695899859684,4.21453699720975,1.64723105386698,1.32003904391603
8694,0.0836853756214655,4.88200225231586,1.72616101532239,1.07125508603121
8695,0.0822949305181116,3.00657802744872,1.24010526619067,0.945246283769106
8696,0.0835570064456227,7.33492656218637,1.80938691594603,1.20051293292824
8697,0.0835524005897053,6.67541108479587,2.00081924848661,1.494616157823
8698,0.0834619176100959,3.02270715877128,1.48699915918202,0.797330058150183
8699,0.0824323628757991,12.9165373590917,1.92871633418462,1.12584299629427
8700,0.083368588622181,15.8009800160194,2.19285303635173,1.24862676044016
8701,0.0831300313365821,5.48174856869428,1.48676831999342,1.10066904851312
8702,0.0829541657080876,5.14160918835455,1.41433074023253,0.988331134775389
8703,0.08377069298162,4.08739169380704,1.32472392137085,1.08286208527194
8704,0.0849260731375836,4.48855497386561,1.92127448041986,1.40541994533986
8705,0.0834568638244598,2.85406900129204,1.71367838614287,1.51396888470492
8706,0.0828493032666414,5.3934201075191,2.22488619727304,1.07770647935841
8707,0.0830316074324424,4.80016149599673,1.39990667089761,0.873620389725745
8708,0.082711226814473,3.74400869856571,1.93814956521246,1.05604299205434
8709,0.0843990636219914,4.58169115205253,2.09726351774134,1.49538468032997
8710,0.0846049250233577,4.5628930303654,1.4165628729664,0.911441016855452
8711,0.0836460371222124,15.8297221644253,2.04927648622708,1.31673292612779
8712,0.0829987058579226,3.50689056891684,1.635384272937,1.04358909715356
8713,0.0841438692293576,3.35195268183346,1.32387126363855,0.953275235393814
8714,0.0836905778720491,5.0887550334255,1.94348298704606,1.2411338025013
8715,0.0845237273814087,4.98806067191155,1.64802900769052,1.2314930578891
8716,0.082884384675726,5.41908027116488,1.60884143080874,1.30929208816173
8717,0.0817601130775574,5.01550478956942,1.86608229886308,1.18447543118186
8718,0.0840091343615215,3.22110728895626,1.79324975065077,1.01787087347672
8719,0.0823729600634707,5.71243398162649,2.31729847651599,1.18040217161502
8720,0.0851095751112636,5.16045764043928,1.7315644762873,1.01594772986027
8721,0.0826479068897703,5.76305785871262,1.79846988258661,1.07697493390437
8722,0.0835151241130284,5.2115889109934,1.702387129902,1.19506787605872
8723,0.0835902770208054,4.1727761722655,1.66994950839384,1.23689654655189
8724,0.0828352822463276,4.14267378263772,1.43299663067833,0.987831199283937
8725,0.0840134980291958,3.4213772769008,1.53179419141782,0.874279561044395
8726,0.0833135997941897,4.45636914548896,1.74390996964462,1.41425353186593
8727,0.082283526448748,2.96843514786706,1.17242706405976,0.804193018560468
8728,0.0845540561791972,6.58733688168839,1.89653336187717,1.01366651461145
8729,0.083312925961564,3.71331422918721,1.4154071290924,1.04532151223266
8730,0.0841059137904558,10.1504793480428,2.04366275995086,1.29761111150841
8731,0.0829068693447796,6.17680545659337,1.71260792661199,1.1724965311242
8732,0.0830965413475018,6.21470848663956,2.0198241583976,1.21351636600001
8733,0.0833481377558096,4.51637374495218,1.31246950001188,0.956154702511192
8734,0.0837942712787554,16.2498620610143,2.30327622318239,1.31574991337772
8735,0.083284522283172,4.75631838937969,1.45346802451256,1.00045184199522
8736,0.0811404837130748,3.757891199236,1.60224894494071,1.12786048041553
8737,0.0823720095375486,17.3796461618078,1.97477974393635,1.26473814270552
8738,0.081717766463303,9.6821095053637,1.76367912125623,0.974056694641797
8739,0.0841840297967602,7.21906973540018,1.74529494029754,1.17216419095426
8740,0.0819551695705322,4.42226540698512,1.6360265879697,1.13209359975505
8741,0.082455215547519,10.3174834409033,1.91693595516153,1.11588231618282
8742,0.0824803551097131,8.88090930178518,2.2816509857384,1.07069339861707
8743,0.0836053077000835,5.10505877437417,1.52799202511558,1.29479672378734
8744,0.0841836471470176,4.39407413516057,1.46958616138227,0.972454769996904
8745,0.0843554700753055,4.15434305249324,1.94952611168335,1.32406666701328
8746,0.0833183479516333,13.9403015397019,2.36533356831856,1.35742303284518
8747,0.0829013909585089,5.02460827516366,2.20195135676431,1.07958213796473
8748,0.082717964479417,3.55157048107447,1.29199342039038,0.903219062368514
8749,0.0829688733108238,5.77243663456718,1.80988188510778,1.06473342141965
8750,0.0827471839862177,3.2652173956806,1.33614450781329,0.998684660777577
8751,0.0835396526109031,7.25040736579103,1.60738778022856,1.14460765266229
8752,0.0837300098808352,6.61619041218016,1.57867247879929,1.12633770774381
8753,0.0839146197775546,4.99076251534566,1.65280212327592,0.994019769097874
8754,0.0841626335910741,3.92937464098045,1.65358198765927,1.04250781541248
8755,0.0815429729258752,2.99358439958548,1.38695265579616,1.26922210484938
8756,0.0839083751034392,10.034113108207,1.97061389916518,1.18354874524026
8757,0.0826160539785585,4.48964009699413,1.44117433446775,0.942206998599993
8758,0.083956310249505,9.15943341870318,2.18178074535279,1.13709037961894
8759,0.0834238379800875,5.8940157854612,1.70924895034546,1.16700924888279
8760,0.0829233099713457,7.0708566048613,1.34863127613354,1.01250475671809
8761,0.0835461666771446,7.07694193981387,1.8039247749219,1.07424489221007
8762,0.083840783276815,4.56450179086956,1.50355239057486,1.09249161490229
8763,0.0827362686543677,6.71820881500518,2.6134108991711,1.28365443345097
8764,0.0838650835209575,4.19080154495813,1.61691010852398,1.0824004335672
8765,0.0824772465482169,4.59477800652589,1.51603956202722,1.0406264230578
8766,0.0841905873970053,15.5422428764727,1.78605848195119,1.11792430765605
8767,0.0839968506472316,3.455942016392,1.35770966934902,1.0108163179419
8768,0.0845901658820096,11.5687126530987,2.05471957936577,1.23315615951824
8769,0.0821652169923289,4.07597851668751,1.35362466719778,0.901658009774348
8770,0.0844271766354012,12.4536702272504,2.4335146992009,1.222973790916
8771,0.0827200408662731,5.04257963735309,1.60912501406621,1.04336804808156
8772,0.0830959469349677,8.18663125886967,1.75019508357477,1.26921698653754
8773,0.0822781451394697,3.92424948321239,2.13439940247462,1.08326381235256
8774,0.0856793343943395,3.6171678469964,1.38493668674376,1.19872491865256
8775,0.084590516910538,6.09726545539214,2.05178352527155,1.35922016814338
8776,0.0827814904276392,5.02775281257229,1.48193451745702,1.17114263187338
8777,0.0825601428191341,9.56958341516521,1.66931730469517,1.00231866205801
8778,0.0834956418982754,4.58876927139073,1.37620424088721,0.893150009399997
8779,0.083113088206622,4.25862107614287,1.52379746682783,0.968505161282446
8780,0.0859247174155807,5.82071610305256,2.04578375924475,1.04948489666028
8781,0.0840146500221048,8.5928060411511,2.61455825423693,1.23602329000974
8782,0.0833764202410233,4.99150693325435,1.73039646350916,1.11276439109264
8783,0.0838964645433129,4.50859051433096,1.69070114282915,1.20447886259593
8784,0.083424286247646,3.42235664733841,1.11892934340343,0.990362853899777
8785,0.0825561778116352,4.09021931992246,1.8915503229371,1.24043196558649
8786,0.084019471433139,9.3153004339206,1.92363998863193,1.15653918138004
8787,0.0840232156163242,4.60041834177559,1.81858593860003,0.955110482668595
8788,0.0840859198579673,7.60719407467841,2.15347330251658,1.2914638587001
8789,0.0826482326199117,4.4190453940487,1.38264862967921,1.03762347447425
8790,0.0823640092143517,4.02535270479037,1.85676960284833,1.16079399277217
8791,0.0840376529115581,7.23956487297506,1.75398842415559,1.10474029582925
8792,0.0854769855055186,3.98953886775022,1.7205914373096,1.06052590401965
8793,0.0828393264637959,10.5516136724336,2.16501322113866,1.62234822729508
8794,0.0835628111986363,8.2904623458805,1.72027930825399,1.20820393421688
8795,0.083052249155573,3.17614783364015,1.57396559068159,1.36652466024441
8796,0.083217330575047,9.92561762193583,2.09401973712241,1.10635360887903
8797,0.0816353026725301,7.6835696193598,1.87213423230946,0.972008076155718
8798,0.0830373424054736,3.33137644380277,1.75858945231103,1.15367716784832
8799,0.0828664923781626,4.13752200454214,1.49477762538467,1.08919673879769
8800,0.0848372347858548,4.46766506533783,1.60786996231199,1.22787803999604
8801,0.0842347120158398,7.5599531879629,1.88229535102832,1.16150524668753
8802,0.0843297142960339,7.27373210681611,2.22047913064378,1.24856139976926
8803,0.082863025860319,7.94391836446645,2.40741897675518,1.36159573055394
8804,0.0838897076464606,3.0741492018077,1.42372396738319,1.10549435018413
8805,0.0829241809058972,2.98229423491042,1.2975683483394,1.10912139037594
8806,0.0841898228963565,7.55003631304675,1.60565324703761,0.913746166347381
8807,0.0846878169043201,7.95070047277107,2.38768916713081,1.17306152796454
8808,0.0827157586647572,3.64550826122515,1.30120360481556,0.90480530942919
8809,0.0841474114055581,2.85015271436069,1.74101295121591,1.24337674441481
8810,0.0864751682905287,5.01208373579433,1.61604519635765,1.23937809094752
8811,0.0839372305679171,9.34552910118312,1.54931129308343,1.00541864087699
8812,0.0825138033418981,7.10524032687451,2.09614764296002,1.09819951605664
8813,0.0825216338483764,3.13313379952467,1.87528103325124,1.18633117880357
8814,0.0843656378952299,11.6960169854365,2.70931119186007,1.33805159391027
8815,0.084522533219078,3.12357020377878,1.53144898868287,1.0587607222863
8816,0.0846727572112863,3.96180864981339,1.57414513380809,1.31884739550666
8817,0.0843518268273532,4.46422441795538,1.57070453282636,0.942977379017115
8818,0.083018069806038,3.28790452927213,1.30691833687073,0.895103746391433
8819,0.0835227874298945,6.58202904938738,1.59417661085654,1.21916524820391
8820,0.0843605786009732,10.7069341758687,2.48975268307551,1.14320154052274
8821,0.084264535517745,3.95035913310858,1.4020978054691,1.14388403961107
8822,0.0832236534264378,6.25170181487367,1.80940249791922,1.06430919986314
8823,0.0835575274072475,3.53892459954346,1.38051536874015,0.975856580797307
8824,0.0832002546601225,3.68113455382563,1.25180290320094,0.909942304048046
8825,0.0846308991451247,5.83872337503462,1.81029097741147,1.09236760355533
8826,0.082364381080543,2.91474311757716,1.4538017236509,1.03628676144488
8827,0.0829551356673207,5.62123883721307,1.35992139814271,0.930811795821551
8828,0.0840825108094959,18.8494123869081,2.13192768770577,1.21244006463059
8829,0.08406317325862,3.80105964096592,1.47444405303335,0.971856285700281
8830,0.083975168058545,3.8112008162091,1.21463465594349,0.911800614206235
8831,0.082365923303332,3.61015512302844,1.4855914517782,0.866113280877351
8832,0.0842355470101518,3.39128977055964,1.28207640419419,1.02096733900711
8833,0.0835462265984187,6.47897196660542,1.79833802034037,0.95389549823965
8834,0.0832025243174662,3.59877868253996,1.70301919909878,1.25586546205113
8835,0.0842151830796729,6.58679369847283,1.74160823235823,0.995997443955579
8836,0.0826475493397166,6.40363198167343,1.49024888718554,1.03232411096264
8837,0.083719246590349,3.4599770834593,1.39636806453789,0.867836844116975
8838,0.0842497955244152,5.35861061451738,1.51820290624795,1.06028209596594
8839,0.0843293272414097,5.16340764407327,2.43993763935648,1.43684709448818
8840,0.0840250812772481,4.14627728714236,1.30062401217309,0.916461162452357
8841,0.0835278674068792,5.01798142977156,1.33905020526963,0.992986169010722
8842,0.0844492184017629,3.53250692554508,1.45944816876171,0.813947411319321
8843,0.0822468967372655,7.73774588872911,1.85737506965312,1.08675795012643
8844,0.0842174062142427,3.40189416715206,1.7149105044127,1.03614508742058
8845,0.0848707413320979,8.28870478330662,2.10765357007832,1.28885300171612
8846,0.0818103525464747,5.84297982587116,2.23794747495905,1.31477559857371
8847,0.0827032066286463,3.58576430478826,1.71005233175466,1.34996394798143
8848,0.0839588128801513,3.45629281182085,1.26078108270068,0.835930846386782
8849,0.084023960192783,5.08948085996658,1.7600459242264,0.94298886760704
8850,0.0843008279446152,4.20409106271244,1.37513226900171,0.916301028703789
8851,0.0849863624245886,4.5611341848394,1.64786587800048,1.10239596168675
8852,0.0841933580944598,3.49052542039947,1.39522025398691,1.05204575962467
8853,0.0839644783193119,7.58064901289677,1.8333515135505,1.11906905252719
8854,0.084350633453476,6.81889219383453,1.48134093722863,0.928863406912836
8855,0.081811251246705,4.23347148854973,1.60752466345962,1.02894241245644
8856,0.0826612395328555,3.31852127116443,1.55659026231167,1.33244231371886
8857,0.0847371539367394,3.82818593544744,1.49245676985677,1.09375857212261
8858,0.0830103623926125,7.30277583216468,2.28384687914507,1.58263895204799
8859,0.083792580118438,8.18535405810574,2.12144848829857,1.07239703027163
8860,0.0823418920333599,5.38506495234213,1.73769226683038,1.07368423220719
8861,0.083381608133409,3.31797981073422,1.35097293795083,0.943924092859591
8862,0.0843431119759976,3.79441584366049,1.43283399921531,0.972173187843287
8863,0.0851994335294662,5.31254212643602,1.84072407508765,1.14055866143855
8864,0.082854277762231,5.35163515035057,1.44357505967799,0.971670504404024
8865,0.0837154406200964,5.00217071847808,1.57812622482284,1.18596574364717
8866,0.084128029201356,6.11333848984114,1.61921306169809,1.24259990136273
8867,0.0837753124550671,4.5103547689936,1.68317557556822,0.967544470754747
8868,0.0827869143064747,3.51284781570307,1.42087371474171,0.978193797057674
8869,0.084141335901248,19.5728053931121,3.74402357079202,1.65802714467863
8870,0.0834785684119012,5.24934554071137,2.18508418373587,1.23793114037939
8871,0.083479522639115,4.34132673365096,1.67960399264617,1.06557812366883
8872,0.082443704029579,4.29313533304318,1.44275863127385,0.961819463065048
8873,0.0829282764241288,2.90115061228257,1.39768571256874,0.905693015724204
8874,0.0822873542422877,3.21495055829384,1.38132147075384,1.10887812611366
8875,0.0826615320860914,3.21755599802947,1.44272140118641,1.1874825532218
8876,0.0833468489896631,9.62299115003219,2.18292701451874,1.04193419125066
8877,0.0838598066514344,7.84521549368176,1.53121517226183,0.918902340038174
8878,0.0817555004406106,4.60610691933552,1.28228921733972,1.0530071168542
8879,0.0845984918243134,9.55712503535084,1.85039828643826,1.26545760898056
8880,0.0829223262888512,7.65039539108251,1.70932399820488,1.11940806777384
8881,0.0833406613440133,3.80032268077533,1.64185933985729,1.17850192256205
8882,0.0829272810020315,15.6635094712105,2.20703984511795,1.03923985182823
8883,0.08285775000158,4.18893172356485,1.31214962532154,0.835532785368628
8884,0.0835507540052548,3.04691405161105,1.58532425902666,0.941941426278005
8885,0.0826496717804932,3.59216883930457,1.485934170009,1.03260834719517
8886,0.0847427393253126,8.40500767536959,2.4346381987486,1.4118677901073
8887,0.083542294199546,5.23901649206028,2.25355990372681,1.31404191370297
8888,0.0838009183377835,9.43405399017742,1.76316136165636,1.31441391733618
8889,0.0823554308475805,4.67034663103035,2.03773135243172,1.20893472109207
8890,0.0836508838706255,3.47514527248303,1.70614886010286,1.16830572570547
8891,0.0831054393927898,3.86964179167244,2.06648115336298,1.27015724730032
8892,0.0836612753242189,5.68609731253066,1.68244661526073,1.05681329667313
8893,0.082511556072415,4.08340527961392,1.66462946185101,0.968943939093781
8894,0.0836240113347584,10.6516454099753,1.87651105321692,1.19866914660549
8895,0.083286943945733,7.93927532188076,1.5974847239813,0.977893653816148
8896,0.0864251297968092,6.99784673378497,2.10118710901785,1.10902775422387
8897,0.0841170940826945,3.00167851071291,1.68153134408462,1.10822911711679
8898,0.0831454788786439,3.0715452803393,1.39665626365189,1.00084976111648
8899,0.0827175476377383,4.39911550055305,1.84070385082425,1.18297366993211
8900,0.0829303724262037,4.44856878565622,1.80188825712631,1.18864704038158
8901,0.0844322226480125,4.82339358377631,1.73618015329781,1.32245671121984
8902,0.0836538233753626,3.29950219126902,1.17445862044987,0.932784234912284
8903,0.0826689270333659,4.96947978440537,1.61026510116,0.943575585575252
8904,0.0848222014468156,9.26238512042505,2.06001858890991,1.07175644138882
8905,0.0829288304186902,3.56114078169995,1.41665690012757,1.05448894476849
8906,0.0828239694014392,6.09101104006672,1.79861601010153,1.14932522934591
8907,0.0848132444519079,4.73902096261103,1.47878330601652,1.15727399287567
8908,0.0840616050670996,5.37200418437835,1.66377296790548,0.998518032379791
8909,0.0835217927379217,5.15842966715069,1.48980430959528,0.892190577661176
8910,0.082338702399201,4.54297657363473,1.55470563955309,1.02089793711832
8911,0.0828553693116723,8.22129858777709,1.9799303510576,1.50415342848117
8912,0.0850684444831687,6.0815525851821,1.90259219942966,1.16260871292325
8913,0.0827278796698682,3.5516393205856,1.32711574727428,0.956773806198453
8914,0.0819329288783565,7.90255279685513,2.09572366647742,1.32940202798726
8915,0.0840939381436928,6.21068923030664,2.00814405150217,1.18330211326719
8916,0.0835070398627782,5.54506454271003,1.66886697332613,0.989187704843661
8917,0.082905528412162,3.25207163310445,1.41327339636137,0.977461068625172
8918,0.0825616517759875,4.59621343816073,1.66980212887301,0.982028570719309
8919,0.0823857547051951,3.98958622677026,1.85194612349874,1.28055804824704
8920,0.083162791233732,6.97780485280448,1.87898826038216,1.168197913893
8921,0.0836603130209825,4.91046611046275,1.54106455630576,1.04966417955475
8922,0.083522613697398,5.18657469228637,1.87921497415213,1.15221984650721
8923,0.0828555547522586,11.0859531399422,2.09732323228048,1.11712200909878
8924,0.0841250138150847,7.2915595053225,2.14173568025278,1.27003212555174
8925,0.0837642431217189,4.36108154570844,1.76919697979855,1.12539289331412
8926,0.0827801356412059,5.70533337703246,1.75931245880274,1.08622650254723
8927,0.0839121370927351,4.51956207103245,1.84030932619358,1.1171537135511
8928,0.0830404523552323,7.20126309393961,1.7764017535898,1.20197565420936
8929,0.084321169297106,11.0543271743562,2.06852714565455,0.988719072751006
8930,0.0854094840932007,3.95601224928616,1.83464688510752,1.16868271143412
8931,0.0832132795674645,5.00309537230588,1.87152037335805,1.15893761264549
8932,0.085092500308103,5.50557181217282,2.15613686565182,1.21353584399772
8933,0.0832729888510152,4.51312309597484,1.79502359123227,1.04703696032051
8934,0.0821104291895876,3.23355083953905,1.37983120612744,1.01088935696121
8935,0.0839576750952689,6.05935718491404,1.50585105140498,0.997582161355693
8936,0.0839189300435127,2.99074159407115,1.34433071255895,0.920286722756897
8937,0.0830804093021383,8.90291671084531,2.15262732517676,1.53840855439043
8938,0.0839887049686565,8.87976032844957,1.85849552472999,1.03075892283353
8939,0.0842941138801786,6.26345674424879,1.60185831155769,0.996141325417904
8940,0.0830608380653133,5.36462395234573,1.39655220847579,0.978055499038136
8941,0.0843076134958015,4.87565985824864,1.3930997580674,0.98550902342356
8942,0.0832100066647491,13.0560168525432,2.14057062251528,1.17277542650027
8943,0.084725800544347,4.43080641290741,2.07692315761634,1.35854296135174
8944,0.0839773046947889,6.08369480004096,1.91757289319134,1.34537405395201
8945,0.0826024450422832,3.93863070665136,1.38812301266567,0.95813978227324
8946,0.0836790516262914,9.10441251092711,2.38113639212585,1.25356787157395
8947,0.0840143390776454,2.70058615675107,1.41597733587045,0.98379949443607
8948,0.083792855582573,5.81279259801527,2.18103544622438,1.12562053615271
8949,0.0837977539216304,5.85842284464313,1.7827061355287,1.13831189059949
8950,0.0848822572000565,3.7799323687808,1.3320016203388,0.996298559480396
8951,0.0831807485244839,5.76972495393008,1.77728968579864,1.33831829080032
8952,0.0833858602110049,5.69449555670502,1.78503807158631,0.946870190034597
8953,0.0829675953379389,3.18044006803669,1.45885575786971,0.966239432135698
8954,0.0826657901040894,7.06026249023139,2.16804141285443,1.18872250876149
8955,0.0835794265874857,5.27892926301852,1.79903257333585,1.35404405399613
8956,0.084771118708404,3.14294259252238,1.54678504820662,1.13793218521525
8957,0.0840058146763143,8.97556597303218,1.78287394112046,1.17774942747734
8958,0.0846233322996115,3.82647803601629,1.41943948064101,1.02322424708644
8959,0.083065320570138,11.7653547463964,1.96772279302698,1.05074024256484
8960,0.0829897819460879,3.24498996647027,1.36450663045876,0.945262115630316
8961,0.0831859378833777,3.22857471308689,1.36368383127995,1.10136507502574
8962,0.0830571329051522,10.6468324792878,1.92330632540655,1.06306258046298
8963,0.0835608995546859,9.09603507210398,2.01745591665643,1.21173367798987
8964,0.0841432451621351,7.20572300823742,1.46781969028867,1.13574856331742
8965,0.0838090842575833,3.38840581690261,1.32294635751573,0.832895544689997
8966,0.0836454887408844,6.97876381799626,1.92905632204634,1.24070386048181
8967,0.082727502046872,4.60847748835959,1.57820804821741,1.04130774235801
8968,0.0828999968647428,7.24188913929842,1.50196569175282,1.19590801812253
8969,0.0831252548781377,19.4458949435853,2.39954852181655,1.4014372215626
8970,0.0845067732146075,7.9666407008241,2.013896637967,1.1546075641383
8971,0.0827777339673944,5.34014640294625,1.70002811730131,1.09299330590223
8972,0.083942624326114,9.59344999919063,1.77568044838995,1.07695492653251
8973,0.0822087820269737,3.15182342723264,1.46587763995886,1.07581685170587
8974,0.0836128153576119,4.21501648115862,1.56812269601258,1.075341156307
8975,0.0826300813311308,4.99047618194817,1.66608407833993,1.08056199023238
8976,0.0821568207641721,4.15284804630894,1.54846267065699,1.13531954673067
8977,0.0821469167944462,4.43097385131028,1.51428467652148,1.10635437626065
8978,0.0849973350581245,4.32178404633768,1.3252867303936,0.875019211555528
8979,0.0837112064561494,10.4467852398553,1.59917045258066,1.22687912784889
8980,0.0826084467759211,14.1523585524443,2.04708093268049,1.13018703436393
8981,0.0849548781967367,5.22722276718158,1.66416432658874,1.21074000852523
8982,0.0842489255256088,7.50832478863001,2.05978970684793,1.40217441686376
8983,0.0830731143717603,10.4618844865433,2.74901489132256,1.5125632655344
8984,0.0842129843596448,2.80313154688704,1.28514154712661,1.09241975884428
8985,0.0833054588690449,10.5839658209437,1.74320622204849,1.27343758208228
8986,0.0831570431710374,3.9875317842299,1.52406755075503,0.908244514852738
8987,0.0840089388482551,3.80175144321873,1.3716632513622,0.919648534256455
8988,0.0830212116880638,3.99427677885261,1.23261685686248,0.871769238194602
8989,0.0851404909203907,4.15812445471383,1.4041508349809,1.05429716343721
8990,0.0826991971153071,4.2386026141893,1.30352618616814,0.953672756675262
8991,0.0829871993928704,10.6278692775244,1.69856374659118,0.948896136355971
8992,0.0824219358770728,4.45082821074204,1.77297735510764,1.26899525988504
8993,0.0833857694649761,3.69073348439715,1.25917104315292,1.02003423991304
8994,0.0831490649043458,3.13272339961199,2.00860979769607,1.16156142389815
8995,0.0826767318634232,3.21572580473733,1.54448114022737,1.00491679168885
8996,0.0830771219595981,3.49063681557879,1.54561576519302,1.09407434392712
8997,0.0829549552461257,4.69301902126283,1.63493053646907,1.00113728167228
8998,0.083212479057882,3.20448994409028,1.39761221937144,0.966808033953494
8999,0.0833315330897045,4.43604880241316,1.44963590228945,0.892113812012626
9000,0.0832658706507864,7.0188685134309,2.15999871630469,1.22200412011208
9001,0.0833426254766282,4.36767180442517,1.52975800098395,1.0374929905324
9002,0.0841260877433351,3.57340655644911,1.56288570800102,0.986588741525631
9003,0.0830192118555981,3.89373056140488,1.46246112083684,1.01122318023863
9004,0.0839925280958987,10.0011031094996,2.71368540183996,1.3260209083311
9005,0.0841962335408238,8.17124842695145,2.33736181115481,1.24602414939977
9006,0.0834405593239574,7.73585676126675,1.52225446651134,0.977615462222136
9007,0.0839431672601349,4.2836710767031,1.60224755128862,0.991546383479785
9008,0.081834846186524,6.10801177543182,2.12817774257143,1.10442476669198
9009,0.083115594925369,3.69351343337983,1.67756773290708,1.36353100643462
9010,0.0826096279217754,6.07861466159572,1.90765680557677,1.04056991406699
9011,0.0841818668530795,3.71803813630157,1.28393639752219,0.921855917229137
9012,0.0846206164210101,3.31927771971478,1.72559340406043,1.22383550175125
9013,0.081773867419487,4.51262747973455,2.69209895621417,1.08843501395517
9014,0.0843828643039021,5.40213453895621,1.65019236313506,1.0789397075481
9015,0.0844876747843857,3.57851318146614,1.35955266039938,1.13260810534904
9016,0.0845261681842666,3.45523563756815,1.35266862864641,1.0886703386012
9017,0.0839985130415911,11.2965635329527,1.89159065860185,1.07865044681401
9018,0.0857860554709097,8.39352798231943,2.12882443360494,1.11697090352314
9019,0.0833674813475437,4.23821807705821,1.66216325005602,1.18404730303701
9020,0.0834240707279852,4.66389424397613,2.84551713651592,1.53482724434366
9021,0.0831568282702048,3.50454908364873,1.75467777929467,0.97240841827018
9022,0.0827894774579976,10.1021924119833,1.70463265397399,1.15436220826091
9023,0.0845201811801367,2.84163227468187,1.39744675757928,0.89639200013755
9024,0.0848123006483589,5.59051330913469,1.45559891131784,1.02184212474341
9025,0.082408478806621,5.58942342187559,2.26034945671327,1.21581421357146
9026,0.0837400442362548,4.53696813375919,1.58542617641283,1.11621191768426
9027,0.0840299023279927,4.80849469397738,1.70671647580462,1.08808752467121
9028,0.0834314979697502,5.17041109437288,1.91264905192881,0.964403366630189
9029,0.0825430700000081,7.29833865312303,1.6040115685434,1.3493983950731
9030,0.0841574103680756,6.27937722151458,1.82810152052729,1.06860264730928
9031,0.0836650610740463,3.42426717256545,1.39068923098567,0.919852884569427
9032,0.0831535777066008,4.22929220514143,1.7142143360306,1.14989353361122
9033,0.0832159128420572,5.02490223863462,1.59323005123352,0.922342575898815
9034,0.0843625453356002,11.3997659506953,2.46800644700245,1.21124641236915
9035,0.0826277835821274,6.94987285103253,1.58051300883805,1.17259031997709
9036,0.0825126906792308,5.28406269311436,1.72380255214116,0.918364087823369
9037,0.0847546451120715,3.0704075602911,1.4033154702908,1.04743869110329
9038,0.0839080559829989,3.79267775569226,1.19347179377695,1.02631678734596
9039,0.083073719437845,7.60799643334593,1.90399770503185,1.29824379945768
9040,0.0853204330784424,3.48277845854254,1.14351029853864,0.925467811898345
9041,0.083357825330111,4.18003315717786,1.23494043144265,0.952569762423465
9042,0.0821230509869824,3.04298714015671,1.44876215832676,1.03067340831996
9043,0.0825598351681618,4.01307130495328,1.92962121447318,1.06935112968702
9044,0.082361900930723,4.82262962865606,1.4384770242697,1.006586847514
9045,0.08516357562963,3.77205895724726,1.26869424345296,0.955599692044651
9046,0.0847945252277207,4.10980044482082,1.38387004061906,1.06944522609726
9047,0.0833104939394523,14.2703977431146,2.13771907317883,0.998484616066992
9048,0.084908835899369,3.14550957602851,1.29417560997029,0.976827540662997
9049,0.0832182776067049,5.49442921651588,1.63754683230728,1.15142583013319
9050,0.0837969134815268,4.49657476062526,1.76869363132977,1.25227086017414
9051,0.0841687638496876,7.35713879991742,1.67511966164832,0.884447399536838
9052,0.0825323970878983,6.30752588263411,1.76647833218407,0.940319290008182
9053,0.0825648416873204,4.02172482337788,1.88111255234642,1.11624345121426
9054,0.0842413785917121,5.87050592011714,2.35838531622674,1.72192063186794
9055,0.0828925257210169,10.2955648113077,1.75584283556671,1.25963414602236
9056,0.0829034348543607,3.73697799165079,1.51800884764718,1.07454982961975
9057,0.0836348566773123,5.24700231249159,1.3485566216349,1.0689511418961
9058,0.0833758057270176,8.3352407742525,1.63484056991304,1.04830307948805
9059,0.082417716826226,5.10473031583155,1.88187242657247,1.09618723767316
9060,0.0837385182255295,10.0131375064908,1.97585704312188,1.18604587532982
9061,0.0851807960204127,7.96133418240387,2.25880316245325,1.21719380886719
9062,0.0844645772662499,8.54787456750524,2.02082640951164,1.23724816117817
9063,0.0821976152188166,14.1941907232141,1.7116033014245,1.03952666743135
9064,0.0823149759142611,5.56406722061484,1.85324566722443,1.34540461217861
9065,0.0833603342198867,2.95884088294903,1.17476656323202,0.95801684110522
9066,0.0840641383192719,3.08857535019441,1.23910017748395,0.967783197119714
9067,0.0819270304907537,6.88370310575876,1.72695021335939,1.30429421350564
9068,0.0836355238621778,2.77053375669864,1.34435424456269,1.02749119005833
9069,0.0833558452786081,5.28504797235045,1.67911758920037,1.19191012011678
9070,0.0838440807204136,4.21414800762441,1.69634376639763,1.33053342321377
9071,0.0828556945430864,5.28339579565967,1.6734161834785,1.06651405165956
9072,0.0817599494691566,3.03559474463573,1.48554799818375,0.973878526629126
9073,0.0831270151065838,4.57860061282302,2.44679965614926,1.3959305444615
9074,0.0836218519453671,5.37635158094135,1.29478700835547,1.03228442531449
9075,0.0845912984693334,3.33335688314556,1.60877990165004,1.29880107802666
9076,0.0823323724347931,3.81557185824787,1.45930486524693,0.998354406363481
9077,0.083830880107567,6.94584050523354,2.15441204998888,1.36385170700607
9078,0.0824820070333804,3.69036722050633,1.25829745283836,0.81107611732097
9079,0.0841315054736464,4.48585142204012,1.39196034449658,0.976228551402146
9080,0.0859156916675149,4.34287107922681,1.46047653677404,0.905601551148197
9081,0.0846007760564675,3.80661372498074,1.92961233474338,1.08875630851131
9082,0.0840809406209575,11.736344332588,2.20312439885385,1.36900170789441
9083,0.0857185496091516,4.84422537640652,1.68385523290452,0.993350742544249
9084,0.0833773382453437,4.49320041122274,1.68691680320908,1.17256262537836
9085,0.0824158343128546,11.0061921717538,2.09814299221921,1.38592845276604
9086,0.0842839439099289,3.89823877236306,1.87418656174479,1.15345982723118
9087,0.0835073254133468,3.70711215928904,2.12621447921362,1.18926741785539
9088,0.0821950519977988,3.22644537664629,1.40247844339526,1.12363311492972
9089,0.0850242461513118,3.07598340033268,1.13092241694812,0.817844303376965
9090,0.0829378983341168,7.85718368064963,1.4028395064079,1.28589585362133
9091,0.0822502775716191,6.00170092535417,1.23514991704868,0.868243633789166
9092,0.0828063398790447,4.00609016546009,1.26206987492236,0.90861228488022
9093,0.0838694719084719,7.45265105937206,2.32927002710635,1.23983942241501
9094,0.0833623353763271,11.2618566822478,2.31315541880047,1.00184942357066
9095,0.0835983024370225,3.5944836082545,1.44991528826763,0.891898188824627
9096,0.0842126154569791,5.22066947315009,1.8250268685085,1.11286661140203
9097,0.0818046429284668,4.17720894796469,1.29823566417677,0.994388023941632
9098,0.084080438231063,4.84551266746531,2.04150905214588,1.22084967098453
9099,0.0822263284838365,3.35014145494847,1.56201799030088,0.960889418592234
9100,0.0830709664871251,7.39404587928083,1.78394233564856,1.5815231893738
9101,0.0842446724858317,5.88863548772958,2.13641998223074,1.11998955026376
9102,0.082829781638087,9.37281439414601,3.6993269362649,1.55911515581127
9103,0.0839681213973327,3.28848568409503,1.79927210481175,1.25577832274456
9104,0.0832051591436153,3.67912331120087,1.85138017480723,1.04087330922703
9105,0.0835516853087606,3.88989157502308,1.61479515866255,0.96765565285774
9106,0.0837173545870796,4.15113034622711,1.81915429963047,1.0440027794619
9107,0.0846034806940135,3.0781915764931,1.30079078193761,0.958158788042587
9108,0.0834391733867166,6.14172922114526,1.48265356300576,1.16333287064128
9109,0.0833607092643758,6.33302516056259,1.44410210605476,1.14100357372137
9110,0.0825088070973726,3.46817959460273,1.77777165136216,1.13199026513723
9111,0.084474287563898,10.5132319181281,1.83812489620643,1.18401676595624
9112,0.0846154128601985,7.52506085533439,2.63448309429102,1.13552382515853
9113,0.0836287535112384,4.2941863799844,1.44630801078568,1.05218444789932
9114,0.0842973493381003,3.13154494797014,1.12726698871408,0.996730682889371
9115,0.0824909403200692,3.61827708345691,1.71365193638925,1.06323567835034
9116,0.0822534599079023,4.94809624827546,1.99385517804277,1.21518372039814
9117,0.0846237422770621,6.58461390256285,1.85825900584098,1.00837329572188
9118,0.0815903406288815,6.32622482313144,1.99050242461742,1.66136642081663
9119,0.0836213005702851,3.65825629139003,1.46560452529826,0.9256319137254
9120,0.0820906430837085,6.90796736781709,2.32960611270077,1.2560333266331
9121,0.0842793890221697,10.6197642582176,1.53546757889199,1.03247895850949
9122,0.0828217349758004,5.4918768329157,1.62129951404599,1.29123956157133
9123,0.0836156171918634,4.29017584751067,1.33665709510634,0.996168360172909
9124,0.0824722441589106,9.34226029874961,2.33478927222547,1.24911410494304
9125,0.0825414476776072,4.96974977799737,1.36001692543902,0.934044052513243
9126,0.0849869457313759,4.20452974129811,1.51559748326774,0.891814196314725
9127,0.0850707512301762,5.25562897539936,1.51292095079969,0.947146423415506
9128,0.0841761152091452,3.59979392291377,1.81727146398839,1.10527375448063
9129,0.0847968097770167,11.1920275940979,2.01724219995827,1.10186226588627
9130,0.0838188321820952,6.11450399948896,1.83896386724541,1.15444043873566
9131,0.0826550449399723,7.23209839381963,1.99491128727439,1.1365825860825
9132,0.083821571034312,4.45586412355854,1.14448797676269,0.871770832694274
9133,0.0832704495879489,6.09984542380925,1.70722969355821,0.960895567290646
9134,0.0827327829679326,5.20558140283164,1.39665104454601,1.0161683871159
9135,0.0831582166211074,3.54992775363219,1.36660024784811,0.838528675024605
9136,0.0839716103172749,3.46516194182344,1.44338110548128,0.985968898304384
9137,0.0825259825006025,3.15062864889781,1.59052227265464,1.10247580195437
9138,0.084204706150953,3.30447937871278,1.31343397097157,0.949242959440132
9139,0.0839292813729567,5.07719971756848,1.66049619476825,0.976950410253484
9140,0.0835067688895847,3.82343586731015,1.71527720499338,1.12387252283797
9141,0.0841703844096882,6.47666978169723,1.78964675344222,1.23670721011862
9142,0.0825251795545459,3.8196178555765,1.73071508112867,1.2347354659456
9143,0.0821539690663201,3.96756731918799,1.48610509441651,0.867663014144868
9144,0.083618282045823,6.4200752125154,1.78333094710925,1.00435670300376
9145,0.083492279870186,7.33592356629465,2.05692519181103,1.29491451733239
9146,0.083143545872513,3.44888951484789,1.4788371569757,0.978339659758436
9147,0.0841516957101363,8.42297023990574,1.81269024673156,1.17748883060389
9148,0.083214935222915,4.50750422369296,1.77569918586289,1.01005054472941
9149,0.083569813790595,9.92279373460305,2.11590022200858,1.25857028738875
9150,0.0829702665496671,3.00990284820061,1.82153376691835,0.92742574881643
9151,0.0837346536213406,5.79680391636309,1.94086490894561,1.10383952178529
9152,0.0817029832849679,9.5628428593714,2.30547593811579,1.30485535297463
9153,0.0823316308216089,4.3823699227319,1.64482219021195,1.03135519648012
9154,0.082623987669208,4.13900574765878,1.85655003976963,1.01112491468182
9155,0.0848595740572328,5.39599602839631,1.64269503246334,1.22245579812357
9156,0.0841651536374305,3.95902231908089,1.56722217939401,1.09274924892062
9157,0.0831771623498258,4.4647730030459,1.77814328622174,1.07936651457556
9158,0.0834907720509655,7.11255985853745,1.68528485111161,1.13600768524329
9159,0.0830018974622298,4.59433666407393,1.24086279422225,1.00546540400267
9160,0.0829566223581499,13.3410779249407,2.1414823646312,1.08807179536979
9161,0.085111791931903,5.81460855713803,2.06514838300041,1.23395557812372
9162,0.08437844662958,2.9142071945896,1.28719193973243,0.953586109375438
9163,0.0833449414926382,7.37915965276878,2.23853335702364,1.06444211128543
9164,0.0834550751971313,20.2414031621834,2.37668268862523,1.40478897009351
9165,0.0843188599466584,4.48745115377712,1.46313195891107,0.890957979488571
9166,0.0843619194634605,4.76412262964577,1.7881238917748,1.04269202838343
9167,0.0832119993289992,5.71528143142688,2.22025143462072,1.64863343188671
9168,0.0829920185540081,2.92599088201248,1.40529276377145,0.96022298212222
9169,0.0833805946427741,10.8184871191794,1.95145075923201,1.16559186696625
9170,0.0833683677906471,8.05393749120715,2.3197508199292,1.27536972667859
9171,0.0847926708171802,8.55691735791732,2.3030978641267,1.20407184513119
9172,0.082015015257792,5.24600962757899,1.59056892446466,1.07201187038492
9173,0.0832379953021672,4.26933811626037,1.47946475064736,1.3157648689784
9174,0.0832277277616793,7.06026154613274,1.45563279287996,0.998337677449609
9175,0.0842185746631363,3.24105289628633,1.45732361339389,0.938110580805752
9176,0.0839443106181824,6.02075025640568,2.35619288066552,1.33587007791066
9177,0.0836692791197876,5.0999642715785,1.66222216271878,1.07434097903907
9178,0.0831938823022524,3.3502216992895,1.72737407509683,1.10891264381152
9179,0.0843681412263721,5.40545398220084,1.79418158015037,1.30735369869065
9180,0.0843093754220007,6.8425558898783,1.89286262641568,1.23495501683754
9181,0.082318165181427,3.82658540612931,1.66863767624418,0.983653187730996
9182,0.0822731357069562,5.74781847853265,1.89600701138408,1.01218597736443
9183,0.0842191266420492,3.27205605863234,1.41937721206001,0.956995702545608
9184,0.0845251111481158,3.34902674859556,1.48049949699522,1.14375888871003
9185,0.0854882740698278,3.28662126849716,1.3645578352218,1.05135901767517
9186,0.082821054257201,3.62118223457777,1.42437712607918,1.06512398136252
9187,0.0831915009449875,5.26741347286073,1.59151632329666,1.06732585057574
9188,0.0843841600686272,5.4006463624001,1.60976495572887,0.908814944075161
9189,0.0835099114279475,3.78358214136579,1.56172549078824,0.971281132509068
9190,0.0842910594678373,3.43177175941119,1.59078285555794,1.07377155606584
9191,0.0844880404329044,5.86436321060445,2.19913985872378,1.36190149152619
9192,0.0838078708373299,4.25288359283717,1.44179501521077,0.93349842302271
9193,0.083631026253722,9.60966742089426,2.79636038443381,1.39009071241
9194,0.0840974119053281,3.58531142816501,1.44058651622144,0.951596843439485
9195,0.0834088279545333,3.33909915962873,1.4436618007368,0.91251155066636
9196,0.0842429332140262,2.69652800849293,1.40705996175659,0.836166680593237
9197,0.084376985012108,3.53428586442289,1.44448612803236,1.14758460534782
9198,0.08500246779002,9.77500142916316,2.41674751735059,1.11371583004565
9199,0.0843945159206194,12.8826336422607,1.94076183782578,1.21514071005887
9200,0.0832555943357774,5.40830246348749,1.71191777852742,1.03111161376538
9201,0.0832156965955828,7.61493538936672,2.22398920982314,1.44713373079262
9202,0.0851110342730533,11.3052168876335,2.12883572041648,1.29471748042791
9203,0.0832178652607094,3.29956410331409,1.30591245644751,0.984853515800924
9204,0.0839736352826893,9.17585958530922,2.30279725320673,1.18507451873009
9205,0.082807881208529,11.8635327726758,2.0474769625942,1.09470726592133
9206,0.0846249890010166,4.30552867927572,2.3817105718095,1.17361018741285
9207,0.0826244174961136,5.86419099178226,1.85995188537637,1.03402884197776
9208,0.0841450155322424,2.99167911767193,1.42094434219732,1.08912961376725
9209,0.0839343418022489,6.73215032546106,1.60393503127842,1.20301065115832
9210,0.0827144398290932,8.64672872508271,2.82135251763716,1.50371607524648
9211,0.082229789723919,4.99370570577504,1.81257440980994,1.09175641502581
9212,0.0838285253058865,4.76114320278064,1.5527935196617,1.19234600637922
9213,0.0845484793682728,3.86032933430076,1.55205498543536,1.12238950810996
9214,0.0830123705809754,3.41016495740766,1.52785877159214,0.812198284672884
9215,0.0853155987987526,8.04599308911069,1.69357535793076,1.10862826064634
9216,0.0849274138591492,7.19281915514161,1.94961809700511,1.12135453911391
9217,0.084755094730763,4.259569656403,1.73436433952544,1.22335047051006
9218,0.0833437387536457,6.94773673177918,1.24357034167416,1.06663462378587
9219,0.0851775358997032,10.2590322040193,2.2822777231833,1.28912134599866
9220,0.083274280668743,3.23388399015869,1.52194712535662,1.01231396095009
9221,0.0841424927545976,3.31089790932824,1.26015293688509,1.03317366107186
9222,0.0826180066459522,6.06927969265089,1.52484149967771,1.1088052978111
9223,0.0828519864813619,9.62367718354976,2.02330453438251,1.47656892016266
9224,0.0835549185781626,5.9561239143874,2.51939487710881,1.21101778658145
9225,0.0839642932253017,3.62611500929118,2.11555910743638,1.14402132373851
9226,0.0836066667109788,8.41051684702447,1.64051478929658,1.13279258003088
9227,0.0836925806073315,4.57689405717892,1.26659064183991,0.811626816883878
9228,0.0834595866833126,6.14291296663567,2.1800408007146,1.39961702030258
9229,0.0827091896209369,4.03857394975266,1.72990417711398,1.04225756499585
9230,0.0824024143427454,6.39585646687442,1.66049344778085,1.02357568831132
9231,0.0848679071163158,5.13709670213434,1.46511270206685,1.04139435524722
9232,0.0830190261820779,5.61902103959446,1.97516648717285,1.24533397446517
9233,0.0835108679908926,5.86010043283463,1.64352663480736,1.14891696784722
9234,0.0813720225424757,4.80153142129443,1.5168243811881,0.97936211927237
9235,0.0828677757337562,5.58121104900533,1.303632064015,1.13543738665036
9236,0.0836599893119027,5.62045977739291,1.25272051311608,1.07949037425677
9237,0.0827795779358298,4.45731918255677,1.97864613443353,1.43965247440827
9238,0.086056382492216,9.06191311114589,2.63109115213848,1.46055647383197
9239,0.0842752454794524,10.5999848376394,1.46296133570279,1.01737356550436
9240,0.082517542800391,8.24550951541017,1.9735751337298,1.20402262668988
9241,0.083426002278927,4.19503699513469,1.57957939216082,1.38364625320151
9242,0.0829499241995345,7.4804188166524,2.07334776135696,1.50237011486015
9243,0.0827999720197458,3.71375924114287,1.34449734607378,0.870800291953601
9244,0.0821882583914936,2.97140133863532,1.52938717337821,0.876907525885949
9245,0.0847437644482039,3.79049550738592,1.51730494107517,1.11411880001175
9246,0.0832074009156396,8.50033859497931,1.85052863634878,1.10237318005308
9247,0.0829934874368536,19.5714185942917,2.36569343140099,1.89145188248377
9248,0.0843583825840168,5.12611873374407,1.6097766751196,1.20484491329119
9249,0.084465739275642,6.35120324094063,1.66085460769703,1.0595923539609
9250,0.0849177046882555,4.79458601415861,1.60116811976504,1.17307301443937
9251,0.0835865195048051,5.52058027076052,1.60661616162834,1.24271697580816
9252,0.0829617847119544,4.07884025950111,1.52686219270947,0.960718301419375
9253,0.0836953658427788,4.60623275454331,1.39855139613153,0.832414095515043
9254,0.0848533014183304,3.66096552505296,1.83007693657157,1.17454650035698
9255,0.0842536979566116,4.63705202153542,1.37555776238566,0.957763154094436
9256,0.0836747150918394,3.52724181256422,1.3416241215513,0.929934453199953
9257,0.0837357078445124,4.62440012022956,1.5192270239177,1.00928405325961
9258,0.0839609187809205,3.02205648640151,1.14010724340173,0.996069441689143
9259,0.0845243040157757,2.77899282545734,1.07502510529204,0.827249377471645
9260,0.0847452953948119,13.1332339148525,1.663720917673,1.16450111191521
9261,0.0834754199968366,5.77109947015831,1.47910105675985,0.973506618458551
9262,0.082966304243033,12.8332450935955,2.45055576468418,1.09027194550625
9263,0.0840078891759046,5.12706309717466,1.63075582106384,1.05240439754962
9264,0.0827240771353077,8.64584822517635,1.62089695946148,1.07050800827366
9265,0.0824972613321285,5.24893073733257,1.32706532514505,0.913024979887523
9266,0.0840279435116672,5.8299640709884,1.82665544794417,1.01173560773674
9267,0.0842159813759551,8.20411022025819,2.03428849352847,1.11654815281664
9268,0.0823926104294387,4.01906894700734,1.85899565724628,1.44969314710056
9269,0.0834302222274502,5.718768765949,1.54462176719577,0.90640175127836
9270,0.0817496622520939,3.61733407334308,1.21469434062562,0.827864986296707
9271,0.0831373984805442,5.7591655524432,1.5266635612973,1.14961442719833
9272,0.0850341174115565,3.967983475866,1.42098753754384,0.901845394256823
9273,0.0827702490055581,6.6332570551699,1.57089275629297,0.940813876536026
9274,0.0839505535634687,4.34093212508679,1.70412228481739,0.938740561006953
9275,0.08478900453451,4.63815346829024,1.9685025876754,1.08150988999239
9276,0.0836642471230075,3.02938712127056,1.27153238946074,0.982106485201964
9277,0.0833916653826898,4.65350484584549,2.0846461695321,1.083961378485
9278,0.08271379946633,4.34879730206027,1.5245587543897,0.92524133280548
9279,0.0831735229969137,4.21882254170842,1.94594392317754,1.26657622807087
9280,0.0842361209128838,3.99011350349943,1.25171446768608,0.783194682444108
9281,0.0849548402668604,5.5962453685052,1.65540605920032,1.17384705394738
9282,0.0836313634247559,8.18785868537984,1.74516543507089,1.06948590686871
9283,0.0848100618268717,4.16727830354117,1.42825039335045,1.00701829901746
9284,0.0840161567478926,8.69562433864484,2.08185067190214,1.19740700988032
9285,0.0834997922943076,9.46014568127388,1.63755617585545,1.28520118647706
9286,0.0848273685167552,3.1567963199703,1.36571935401077,0.914637493121232
9287,0.0827374470722566,5.46899650061048,1.90883356064164,0.914601922942658
9288,0.0825747552496909,3.2548730812085,1.06314019982954,0.856559570152209
9289,0.0836341016481897,3.13261891726121,1.50778902610542,0.880999525543733
9290,0.0828989023953097,10.0376533896158,1.97666156474161,1.27783179597028
9291,0.0817730068888219,4.59975104552552,2.60642065880049,1.66255495664227
9292,0.0841837458803035,4.63638130111705,1.30510951622705,0.934069187552308
9293,0.0832195842687402,3.58676745428631,1.50244574941189,0.962080815986233
9294,0.0838514607133413,3.58295870272156,1.23303527585019,0.84626539974755
9295,0.082613500986648,5.1920880071287,1.63757526899464,1.08178212989833
9296,0.0834974368693371,4.57066663697079,2.12364195407149,1.12584276521264
9297,0.0831216701199103,3.56506886235486,1.52463323647735,1.20513555654009
9298,0.0829989371685891,4.05616524997059,1.27572323759788,0.812368897274905
9299,0.0830237207357588,6.36800750379016,1.80862758074977,1.39039619509175
9300,0.083704171383013,13.8128619564529,2.14974686410258,1.24443081068544
9301,0.0831882258129828,3.04682890946025,1.38743125794403,1.02996920562827
9302,0.0846520223223402,3.59852275570504,1.21085071990683,1.018936512167
9303,0.0842177759969253,5.00264882909113,1.83477192461589,1.03473907084305
9304,0.0822206105359763,4.33697600943586,1.69488497029411,1.04489362609775
9305,0.0839046838491162,6.09641150035579,1.66007449196319,1.2053123269841
9306,0.0823453057632876,5.33293257624601,1.55110182722893,1.10079847108981
9307,0.0825836892059915,3.2159390450112,1.60051254325452,1.04896998670495
9308,0.0833919336908514,7.19103331447548,2.15340271433439,1.49913044394289
9309,0.0825790601147586,4.7896746148163,1.58141740976419,1.15534015294878
9310,0.0842612327750126,7.02355912801998,2.85110195508589,1.25908344560208
9311,0.083726287265399,7.91066457434224,1.94333297840278,1.3503754880601
9312,0.083786941601084,3.70810873343285,1.15953220177942,0.882222225970455
9313,0.084065239019201,3.7252276549484,1.48470191227647,0.923068000244309
9314,0.0840508456928051,4.07239722790932,1.17015017459108,0.955710467863756
9315,0.0835677159719755,6.24723909690929,1.63673775854801,0.901954227718314
9316,0.0830647635624657,3.63925499354969,1.80038231676534,1.15702649781671
9317,0.0831328266732976,4.28918065489908,1.49218162816423,1.05186866711338
9318,0.0838641101446563,4.89569650273047,1.71291352420423,1.07012949993317
9319,0.0835384457381211,5.35454843849564,1.55477832176291,0.98185374918034
9320,0.0836714653884923,9.13614432151889,2.27600172603606,1.17705468715406
9321,0.0839120571242576,4.28866923252791,2.17936792884173,1.12597699641462
9322,0.0834324058369131,3.46433557389143,1.39851562675685,1.03202364591402
9323,0.0828332993514252,4.44761339228671,1.60734121651915,1.17328726022055
9324,0.0835773617899688,5.95176798119193,1.55547518350698,1.08891938866094
9325,0.0827434539388218,5.75011570363829,1.75386413836902,0.89174587324505
9326,0.0830651191538738,5.9252182274593,1.68561405646763,1.25830270964092
9327,0.082984053275144,3.59524952758174,1.38003245993645,0.99444446223285
9328,0.0831242340258816,7.40770380375353,2.07088810567805,1.12468278543945
9329,0.0840445286216596,10.2044845557299,1.8550685664702,1.02304694204861
9330,0.0829137651563608,5.14952010925766,1.66839193275351,0.991481766496736
9331,0.0825186800452791,3.88465474739554,1.61285940396116,1.0711468363171
9332,0.0842445971998444,4.77619440495485,1.43956616298803,1.05987017062731
9333,0.082847912339443,4.81394463180853,1.31997440543883,1.06100726228272
9334,0.0840268089512854,5.17441389915547,1.97601231031591,1.14114988555011
9335,0.0841946191363717,3.28270361990487,1.88583549217986,1.28450008839967
9336,0.0828205192837882,4.82477474171662,1.69473517480007,1.03708218778052
9337,0.0837557963163759,6.16040661489528,2.19288532074245,1.53892500213134
9338,0.0830596273929211,3.2795937421836,1.28813638076109,0.987563974587858
9339,0.0853000426800195,5.13875254107021,1.50805658908523,0.890305368925655
9340,0.0831344541174393,6.76319195343591,1.55196210116499,0.945689244709963
9341,0.0831623514065628,5.65318442006793,1.70621359021904,1.09860846879251
9342,0.082115271769877,4.61990368387021,1.73345018233882,1.03142141837275
9343,0.082154557898947,10.9295634622445,1.60259476366093,1.02513303883015
9344,0.0849617183890072,4.38443041824278,1.52972697643678,0.900094058358878
9345,0.0838363705839623,6.54611004739623,1.61411288437354,0.984914799101245
9346,0.0838091397640054,4.50745438717226,1.92767527020667,1.10866029081481
9347,0.084522942724925,3.93696286806432,1.18713679425475,0.926429678980137
9348,0.0835566533046243,5.23440391610737,1.57272359282519,0.96819796131119
9349,0.0838455301230301,3.77072754997167,1.33494399142754,1.0144985702496
9350,0.0839772456461727,6.89157448657747,1.73539142804744,1.19988075246601
9351,0.083711066514988,7.30011399019953,2.15468982479167,1.24722161479762
9352,0.0832960478117226,3.63159464174717,1.55795343655949,0.879452948328809
9353,0.0826299280355646,7.60640297953624,1.93415381326122,1.21428265354906
9354,0.0838417192747134,3.28256093104742,1.30682173228199,0.94950871563275
9355,0.085108971581536,3.32033508312207,1.70053988300851,1.0834242170098
9356,0.0828209683552498,9.34977699847676,1.99914158457656,1.17982067822239
9357,0.0828539601992321,5.39827423977189,2.36129038946966,1.10587484020396
9358,0.082629766249124,8.00494268788459,1.84575790674416,1.22152932468586
9359,0.0831516527250589,4.77425119813598,1.67833879903313,1.22412220385912
9360,0.082375687067141,9.19791501932812,1.83695326739087,1.00338104385972
9361,0.0828404400097903,4.25058878360356,1.56791046158103,1.21726695225382
9362,0.0844864033250034,5.22532280670692,2.25092658774241,1.08568568305061
9363,0.0852010834509902,6.77598334704489,2.0531482939628,1.04411123249559
9364,0.0846820789653077,9.50530722358337,2.06464002269678,1.25153334951122
9365,0.0821845506551719,3.96610896072601,1.34840127084539,0.937543931240494
9366,0.0828938888589392,4.1293310130929,2.38603206285659,1.2190694170453
9367,0.0830352371784091,8.81871515194117,2.64777633979989,1.95493038297245
9368,0.0838965404452341,6.31713162028804,1.99992088624425,1.16999973509372
9369,0.0838516362854167,3.20990279683934,1.57541948613517,0.985295122891293
9370,0.0831114900618435,3.04148203914724,1.32554205229082,1.13194694029954
9371,0.0835748462749204,4.7724801213714,2.00838225001466,1.21313833969088
9372,0.0847095461025706,7.89469533641681,1.78047515993889,1.05440513652162
9373,0.0852332986210046,3.60642980746717,1.44126411085761,0.840731550007723
9374,0.0845357971389764,5.26966791450733,1.33517001619565,1.21298493167026
9375,0.0852033655564333,4.59762506860992,1.37789180650942,0.949639462116622
9376,0.0822927147673966,6.50744732025143,2.14470526929104,1.19348272081848
9377,0.08413242613207,4.3133572345993,1.63688099510533,1.21212996570893
9378,0.0836402335214047,11.3120455075481,2.08881553210614,1.07040015559894
9379,0.0830283416273674,8.67416400929401,1.67153671261441,1.05207096357492
9380,0.0845800015699642,5.23652395808157,1.39028659331943,0.981175088700404
9381,0.084321678267105,6.53708027449394,1.59939792339269,1.06219718560727
9382,0.0833396470343219,4.45968137751102,1.91601115287619,1.17042421429908
9383,0.0832272551123483,6.84848022536831,1.37394217619115,0.965782866618966
9384,0.0853897939693157,5.10076028857597,2.06094466857246,1.13739106806714
9385,0.0823918179964093,9.39706695604099,2.00631046957654,1.18111855214211
9386,0.0831862500905365,5.91097908012058,1.56708435630611,1.06781490312849
9387,0.0821998915565716,3.80404926323961,1.45866030226699,1.053229995914
9388,0.0829685266719524,9.51524335457619,1.83456527747881,0.992610432886765
9389,0.0836515806439732,10.3021112279713,1.7504759306836,1.38231099478447
9390,0.0835723386516116,9.19250016484697,1.94952191655849,1.06808048746569
9391,0.0834514024978404,6.36564053483903,2.28715035462063,1.00621145210092
9392,0.0843861587570674,3.87033836617663,1.5629610298855,1.18423410950174
9393,0.0833494953486917,5.3800935315377,1.72219669377894,0.981678105516863
9394,0.0835589745494099,4.50633524300642,1.56391877208186,0.962940048749194
9395,0.0833340201919786,3.83672401326747,1.3811187231298,0.972229022370951
9396,0.0832789593653626,5.38448238633141,1.63197650436197,1.12732540059618
9397,0.0832444675833142,4.41670267251733,1.57213091525653,1.08085814031237
9398,0.0846500900967378,4.26516653472961,1.88300077264569,1.22766801350311
9399,0.0831414734322187,3.65544264399242,1.61372588360339,0.954883931518633
9400,0.0848240377400192,3.98920834222713,1.57789249675579,1.09757132531351
9401,0.0820819487591813,8.98392607902515,2.0213256853522,1.32313597004546
9402,0.0823617458651378,7.75487871080599,2.1815492594554,1.26119061040625
9403,0.0847235010218924,3.73983187856991,1.71853040879446,0.947968786071538
9404,0.0838515697499388,3.63779939515649,1.66051370707577,0.965892663020544
9405,0.082963274412143,3.51133635108288,1.68654268169606,1.14618932026409
9406,0.0831866441473638,3.93788958652253,1.40702380447219,1.10883760720472
9407,0.0836613571101095,5.81150784600298,1.67862750806228,0.925816725601996
9408,0.0833292809375928,4.31260491031614,1.91185498936878,1.26240392480158
9409,0.0831412463180861,3.54021348678403,1.64606005545825,1.09845696420584
9410,0.0847854714854416,4.4564778152894,1.81016890215315,1.14788259952833
9411,0.083385841334179,3.76490093082758,1.550213943616,1.03736059785859
9412,0.0835759516856029,5.00720047890802,1.83091154899098,1.25397333688587
9413,0.0850958362345275,8.23824621010115,1.78844811877949,1.25989815663857
9414,0.0824177172555791,4.00250099594027,1.48521260862408,1.03038782048135
9415,0.0840582643731464,9.56908367793118,2.30368190181759,1.19440410508561
9416,0.0839144152135755,3.50246444252836,1.58137279258676,0.946699809817921
9417,0.0837412727868105,11.7352395737505,2.49142390682349,1.1758780094135
9418,0.0832706287288898,14.6809159868516,2.35119400514951,1.1795868622963
9419,0.0844750340532051,5.99593994438858,1.88763023350927,1.05203117321652
9420,0.083785161316542,4.17595287169549,1.30236224370002,0.838971285895585
9421,0.0833734358541681,7.43225864473517,2.10537315152651,1.59714988322476
9422,0.0828912911883481,4.54082240673553,1.58457473633614,1.0309837860196
9423,0.0830659036742339,4.06310763353537,1.491969305248,0.932325992545202
9424,0.0837655164898947,2.9658028088648,1.25655709536467,1.2462494259834
9425,0.084337211885278,5.03494698547123,1.56861068197489,0.95855058967938
9426,0.0849969780477471,7.58631036192072,1.47750028951333,1.15882889682485
9427,0.0840594444675659,4.53028047682664,1.4797617399415,1.0560935265705
9428,0.0835708058315851,7.57878319344602,2.01735227050213,1.12983772234522
9429,0.0833884780985006,3.28562156503883,1.60534470490767,0.960871540545372
9430,0.082682183865153,3.88861264749008,1.41452843914485,1.16268033557466
9431,0.0844163924850095,6.95768231382787,2.45808154480456,1.33085855221617
9432,0.0837042140492805,3.24090627769598,1.33672253514935,1.01115750814303
9433,0.0846074711638558,4.43323943063996,1.65130075291858,1.0138236910987
9434,0.0825730902285629,8.60732915288472,2.06634828763269,1.12719156288354
9435,0.0832396964153613,9.91466307299331,1.85000372495485,1.12262011984708
9436,0.0844807820120659,3.44981006323046,1.54127620772819,1.30439999584063
9437,0.0832700151356193,8.91392127047219,2.03139761312942,1.32369708669356
9438,0.0824773670617161,4.42151582540801,1.7235765888652,1.02705032625448
9439,0.0842065939320021,3.28307411362101,1.35307445740098,1.0341554947866
9440,0.0833023761298827,2.83545074180451,1.15811577868252,0.905089994816204
9441,0.0842148124347145,3.25131142021189,1.46050916762561,0.975116991430798
9442,0.0850682457894078,4.61383026707894,1.29173687516517,1.08194876301042
9443,0.0829501186228279,7.2556920659344,2.09572801367924,1.31287375181056
9444,0.082291071512784,9.09659887574568,2.30375549255381,1.30404834213476
9445,0.0833744618421553,4.61980401132054,1.55029840027247,0.840222657480252
9446,0.0835380115756792,3.15915102702123,1.60465085630114,1.12164022581011
9447,0.0829991866327761,4.76262859575621,1.874275536344,1.21347042168607
9448,0.0851463019999455,5.58534560482868,2.41128496356639,1.32936751616796
9449,0.0835279213435011,6.71025229109495,1.85897763914089,1.17107909159061
9450,0.0830901306054341,4.12236155655516,1.59829255177697,1.00315218654224
9451,0.0831251174316692,4.6316245830708,1.61824925179464,1.16178206032746
9452,0.0830329989786704,3.46023383417972,1.56979633831576,1.0436946976611
9453,0.0830847172680843,7.16304888830247,2.06704291181312,1.29709506192582
9454,0.0832286993372539,4.64754691931752,1.6082070781084,1.00462492304772
9455,0.0835324359198521,4.70342791715146,1.73722008054592,1.23134248085598
9456,0.0835271738052649,3.1335891811568,1.22938523115914,1.09919750542988
9457,0.0822654391864057,2.82874538496121,1.34170918627931,0.843199726188429
9458,0.0835780655478471,5.95849392391153,1.82566806843473,1.01673639700275
9459,0.0833555784011259,10.6278937686031,2.46201898101573,1.27661610625328
9460,0.0824564476423108,3.32493005358035,1.64583112397457,0.938578944241993
9461,0.0835297684327012,3.42663699591755,1.75883555244832,1.33608598662091
9462,0.0830268734194822,3.20789430701209,1.3120246400341,1.04778042574575
9463,0.0842419625853996,5.98562961337672,1.90664993406639,1.2215038549336
9464,0.0844465313884027,5.10540382968494,1.8273082817352,1.05448917185316
9465,0.0830456962467798,4.60670960855586,1.88380301646981,1.40357431052525
9466,0.0820179001848361,9.54427577994872,2.42158799160724,1.28823958409547
9467,0.0838144882626393,6.33362923706612,2.03661823206836,1.23060364427389
9468,0.0850069016215922,4.49962716932617,1.65789673078959,1.03651738367957
9469,0.0830237588910952,3.86382025777564,1.41397839965518,0.975314397812892
9470,0.0837451015417198,4.87962104360245,1.66745057372564,1.10904883065656
9471,0.0835020926486298,13.5369148682675,1.69627388953998,0.918730962192728
9472,0.0818832958058852,4.0361756896908,1.58058597327046,1.2058145772773
9473,0.0821026514367591,11.0817175469681,2.00981013285662,1.13473815425139
9474,0.0847549674003567,3.71977034150762,1.37937302139447,1.0473141498218
9475,0.0849954306585805,4.25470094881861,1.46302937484711,0.978642046874025
9476,0.0859429438231458,3.82043959002012,1.66673646504583,1.01219792196624
9477,0.083980720432516,3.76290713278239,1.26190444307729,0.928659381178417
9478,0.0832207334942793,4.7321727548379,1.68176907791709,1.11344948920462
9479,0.0838684001503902,3.8924509649132,1.75374169783593,0.903158614256979
9480,0.0837273973552255,5.55276412047651,1.61465492970408,1.10253551939436
9481,0.084043078815232,6.08138050055282,2.07185776105745,1.30187508157214
9482,0.0838045167372286,7.85483925422904,2.72557917917644,1.17392353430626
9483,0.0832552725679634,7.10836946821135,2.02471388320982,1.21528020514125
9484,0.0839262498277812,4.29413410200333,1.83024815170653,0.96257484462517
9485,0.083722841421439,7.1486241178315,1.69529452535026,1.09949352607822
9486,0.0827905074327916,3.29021991971288,1.59834790446782,1.15477528091234
9487,0.0841061294124719,5.2460736136141,1.82971686271017,1.04439692168555
9488,0.0840370169471812,3.26058760336864,1.35893212283373,0.875598055880868
9489,0.0819573147459846,5.19869719510906,1.48192015780671,0.809362527432579
9490,0.0839619790899158,4.52187957219379,1.90734966139194,0.942685146709879
9491,0.0854004548088835,4.38726429307385,1.49371941816034,0.975136724871274
9492,0.0820871795054665,4.41907130446341,1.66614340388777,1.43314722249292
9493,0.0842331592540229,9.17138520881881,2.37593485593819,1.27642308127406
9494,0.0839101370161135,7.57334036047533,2.24861648517905,1.10802539653544
9495,0.0837350381212506,3.05760225583791,1.62553203427626,1.28678062445066
9496,0.0822563834765404,3.85493583177903,1.74560698354372,1.07418364710215
9497,0.0839477091875384,6.57547369554558,1.53842753353464,0.997474179110771
9498,0.0835414727937644,3.86997352968497,1.48876778411906,1.02280637956185
9499,0.0845388915094665,3.96636110062319,1.4945482262645,0.955810242303029
9500,0.084165506119158,5.37337410003605,1.62893234920413,1.19282551918799
9501,0.0827270113282326,6.66581038968404,1.80676956427991,1.19793947182518
9502,0.0831336885965338,14.460060698456,2.12378349961709,1.18195254615065
9503,0.082223827831236,5.21562342472305,1.56422932215426,0.907086680767849
9504,0.0850049646629859,3.10150485354961,1.33616214111214,1.03029673482114
9505,0.083612473256381,3.56207618804736,1.5278199241659,0.983885715680303
9506,0.0842261947472336,9.73593004875595,1.90012760483697,1.36037964934481
9507,0.0853712740968971,2.94864998042998,1.49600847597072,1.08378893278247
9508,0.0843788160341837,4.02817522562574,1.41994973403665,0.972843768486781
9509,0.0819411753019465,4.53663736585807,1.45833488377003,1.09749635063826
9510,0.0852460127932226,6.77168719529948,2.40138932236401,1.25726014879002
9511,0.0830986831450337,3.74739271364323,1.40705861108288,0.93656122887599
9512,0.0851634990738417,3.63597273882007,1.26322755084324,1.09000830437304
9513,0.0823857093980698,14.0929066916464,2.63499877555886,1.05144707930127
9514,0.0844776825675403,8.94837261351362,2.12613003462062,1.47786056600905
9515,0.0831723966111716,6.42740579321741,1.79160047792403,1.43732823763651
9516,0.0829189982284651,4.3515644959891,1.67459190680681,0.983023295572012
9517,0.08378196174286,5.87681378390167,2.14027297684027,1.41869356884433
9518,0.0830626849759429,10.8576140798063,2.32195307643587,1.23434484894698
9519,0.0841029605391687,5.57281980691654,1.62019616813901,1.05233602596883
9520,0.0840844451330009,9.3224894262994,1.96987876480195,1.09539274728933
9521,0.083615963887672,5.33260357731485,1.55340857058586,1.1160335726487
9522,0.0837090574010427,6.05819984553752,2.737292414544,1.29237645786535
9523,0.0820926336793904,8.03311403034553,1.61111390488479,1.10851787735105
9524,0.082898374356693,11.3822319972201,2.11636861864202,1.23536630721287
9525,0.0848380933698841,5.06556762719392,1.57990062681209,1.00439263739352
9526,0.0831991274866486,4.16072368425822,1.47792745990702,1.16792510404283
9527,0.0828531905880168,6.07738951435241,1.6846925558996,1.0436225147868
9528,0.0861914498737006,7.13050026429325,1.79444038893254,1.13821683269719
9529,0.0834330230547395,5.10873386268938,1.61423828644509,1.05259901051032
9530,0.0825354186953776,9.09645992828202,2.68809484428882,1.45756573796652
9531,0.0831608044905414,6.08408807708445,1.8812732152746,1.05514801959296
9532,0.0832529506105052,5.7302675899587,1.40139656331603,0.976338623119991
9533,0.0828935133368356,5.60474743325025,1.94508957617111,1.1937769000991
9534,0.0833417550907809,7.67643212401196,1.66367632619453,0.976640389415081
9535,0.08414892176542,5.21521620853531,2.47234574476534,1.35893813885716
9536,0.0834213878803763,5.3480624810702,1.63159514874806,1.0134894212787
9537,0.0850287832779181,8.75359712660161,1.62229801038949,1.09266654721663
9538,0.0834511196843351,21.7419899700303,2.72578584521609,1.04559404443786
9539,0.0835638528381725,6.40719867292578,1.79521156679995,1.22200866797755
9540,0.0833463515239606,9.2370066693571,1.88284523581106,1.14409305106089
9541,0.0816004352889187,4.39286783898792,1.54616289698469,1.17137135347359
9542,0.0840648201746894,7.41573759970938,1.78272628200138,1.18027779527776
9543,0.0830849199933248,3.51345646808868,1.28858798397237,0.896917434070429
9544,0.0845390515177933,8.36221599904433,1.56204929421318,1.0767537959722
9545,0.0834130674105515,4.58149135344886,1.76437253819171,1.23966262130607
9546,0.0833801879338383,3.43537533894836,1.60709894718771,1.34544007275331
9547,0.0833183362354972,7.81025342979765,1.76484976486638,1.18998350381169
9548,0.0838883356360586,3.12975879991653,1.53701070963775,1.0224705754672
9549,0.0829901380198107,8.825943512929,2.03394512210727,1.12757412047519
9550,0.0825610367146477,7.77755525902207,1.93261819739509,1.05122074392407
9551,0.0826439019529705,3.48449332991011,1.19634094891329,0.935993157240063
9552,0.0829468141807321,4.70181001951633,2.22136146144631,1.25787678637259
9553,0.0847559129041332,7.46403885183108,1.34030569651099,1.06774541985077
9554,0.0831688858521394,3.53103220652193,1.46932404295499,1.1241766824533
9555,0.0842315682757028,3.56710806762935,1.19750789636237,0.835096931096036
9556,0.0840209030526994,8.87519269865364,2.10528942770209,1.21164458286158
9557,0.0821970110036755,22.1952090981479,2.64541717553724,1.33500192662598
9558,0.0832045074998972,3.22691617074644,1.48552637410198,1.16499742014939
9559,0.0842986846455584,7.37200803240597,1.8126891995834,1.49537978663623
9560,0.0847389912360511,4.92351245138214,1.96726775433333,1.06274904179668
9561,0.08279241942214,3.82056945489794,1.39376117616728,0.921038881560724
9562,0.0826360955754547,8.88508675256756,1.83349190750924,1.3056291482465
9563,0.0845902136152794,3.3928586646404,1.53929417068007,1.05310985354814
9564,0.0828778378954865,3.47820676338313,1.75857441114258,0.964679399669215
9565,0.0836808099812416,4.19761832544768,1.46968577518208,1.06397335559805
9566,0.0818722996004942,10.280033501734,2.09141067040326,1.05474327304121
9567,0.0843239226411248,10.3627419444128,1.87587193615449,1.27170518652487
9568,0.0834626039105787,9.7957324816197,2.14531940380308,1.00478091020182
9569,0.0840780088408957,8.24122990104444,2.29344996506338,1.13710617963845
9570,0.0838186545425166,3.75962899208292,1.25559815654109,0.843469842984366
9571,0.0836525808076739,3.3638041250819,1.67622160221905,0.997318334534257
9572,0.0833503017344271,2.99222056796684,1.43268838884085,1.07861117964099
9573,0.0838198269217811,4.83054605886867,1.88259103458792,1.32490977402671
9574,0.084750826835472,3.19723936170735,1.10445944105952,0.745153635658817
9575,0.0835576415092464,3.23215726600522,1.69683678385952,0.941126108847006
9576,0.0842901723353237,6.75590602685612,2.23488703432524,1.09278971610318
9577,0.0837819357605735,4.59858194965967,1.22385126084458,0.955303833939893
9578,0.0823768316782076,7.65122956614931,1.7968188946197,1.09919555758514
9579,0.0829113399985223,7.16604026302678,2.25965658199997,1.27445369129684
9580,0.0832170526377363,8.16006671018811,1.54186686899003,0.992225273258564
9581,0.0831780577041139,4.37017286996722,1.40723295965606,0.946483759083792
9582,0.0834855804062808,3.74366817227192,1.64867908139567,1.075180653285
9583,0.0838911560435625,4.99254048684045,2.43949260091896,1.23098917195985
9584,0.0843338799896429,4.8675316705682,2.2645784241182,1.31251424068093
9585,0.0829535905244276,5.54056046215324,2.08445747787637,1.15375106799863
9586,0.0850790126098399,9.397780362418,2.66985650456485,1.33573961231702
9587,0.0836540922325847,5.49025229353179,1.69686589600513,1.06093396064766
9588,0.0825681019860026,5.34600429956811,1.7436788273954,0.935254955064594
9589,0.0846835827108988,3.38661068606228,1.29407816787951,1.00105619505608
9590,0.0833925335418665,5.2138521109208,1.74998984569187,1.0398026545886
9591,0.0820597428536633,3.73149267139423,1.46811577097639,1.11906166588969
9592,0.0851296970597462,4.51859002034393,1.58533404656486,0.924333865579149
9593,0.0845616031677656,6.67502141582657,1.84840819573469,1.01987473559252
9594,0.0835253476306822,8.01909593212576,2.18101330532024,1.28771076436995
9595,0.0845153279624913,9.0702563875428,2.61186009817767,1.12477517507398
9596,0.0840299507483567,4.34869445363313,1.89466274861796,1.34826134966663
9597,0.0841116105263846,3.51452872151942,1.91323943284037,1.11099095028281
9598,0.0841670693991422,3.7398646288615,1.61860173168287,0.95543663731699
9599,0.083343008376923,10.5343273594887,2.13071024442672,1.06675435585373
9600,0.0857223498278855,4.2954923539352,1.30749321743167,0.966209133130431
9601,0.0839517831011692,3.34247272229004,1.35730135837953,1.00801522035425
9602,0.0834473055063275,6.14196589625725,1.75275205430723,1.07808790381951
9603,0.0836991287721105,3.14106320295814,1.46177002015932,0.914214135243807
9604,0.0856924357161342,5.98091669308449,1.64927435963248,1.05761787109018
9605,0.0843879471265694,8.13567784518697,1.81271250064508,0.940420723300399
9606,0.0828958083630552,3.57975495376112,1.94753441629522,1.15330788367924
9607,0.0837090453107993,10.6137692055723,2.12821199848901,1.17561073255833
9608,0.0834412419833693,10.1047328809742,1.85460471620872,1.21952746328835
9609,0.0833274752594231,3.0006410728821,1.30127422788543,1.17968636758627
9610,0.084330411799581,5.7106734127872,1.7348511338515,1.26710222145947
9611,0.0842300583598833,4.99695150659482,1.39504432817839,1.00651723395054
9612,0.0835389523025593,4.7193939243732,1.53436587198353,1.08452046302061
9613,0.0822645075793963,10.2760702937417,1.78870211976179,1.07207013092279
9614,0.08454398972222,3.29182959321335,1.42325621604289,0.871140134518624
9615,0.0832266844968514,6.57195951913176,1.75909551455015,1.01856831999016
9616,0.0834746681548286,7.1068063584928,1.41979479762879,0.895764623706843
9617,0.083110861224389,4.05255685261193,1.62393964212316,1.03417870878487
9618,0.0839144919491165,8.28918973340485,1.88877367436807,1.54072567328816
9619,0.0843315527807023,6.52388701880457,1.82356102529706,1.23282057512249
9620,0.0862464903841326,3.86532274354393,1.91242684229958,1.26684259232053
9621,0.0833457720474335,6.51797297114729,1.95369595393311,1.13140773050468
9622,0.0842383755310389,4.10983890264643,1.73760011767349,1.06793721072372
9623,0.0844506536061565,5.52721470103508,1.8230177362239,1.14753740891087
9624,0.0840738812271513,9.77179596898262,2.01334545046252,1.18548695598036
9625,0.0837859472018483,2.92347881210071,1.29239402458574,0.975843479319526
9626,0.0833029495582859,13.7035643347414,2.28324872049007,1.35710784146358
9627,0.0834868242416394,3.3450244469023,1.47793338527327,1.24258867773986
9628,0.0837808742227104,4.94539859214718,1.75002948983973,1.03128104200998
9629,0.0848364793758422,8.48228394988302,1.73575066602493,1.1997124640846
9630,0.0826106599116335,8.37512831283645,1.81869413147472,0.870834365407668
9631,0.0842143408368696,3.00571848819965,1.27510647491268,0.878923416847804
9632,0.0843335690078426,4.18688069708471,1.39892356605357,1.10268277606404
9633,0.0827240841666164,3.71360136848122,1.38074043734526,0.876536325892184
9634,0.0847799886474167,9.84692146081298,1.97450393040224,1.05306028569714
9635,0.0839897796733922,8.36984535281898,1.96962741447434,1.18326873603134
9636,0.0826601634923192,4.41313622546068,1.5906038435436,1.04903472468187
9637,0.0831702405083675,4.99319658584406,2.0793268802703,1.17725077106258
9638,0.0841126625435742,5.42300706070583,2.06607505994345,1.08890554304333
9639,0.0838991021295579,3.76449465982037,1.73356121308672,1.13240407359921
9640,0.0837257353860004,10.0963794332319,1.70361391702749,1.22419430501454
9641,0.0829548370943442,3.83260826366359,1.73165456661238,1.17354482160388
9642,0.0845692451381828,4.17997950720361,1.61634719271034,1.09972060406388
9643,0.0842510224166909,3.98871352408656,1.70426149499411,1.05848813282127
9644,0.0825862109507753,6.39655462272575,1.62378912220456,0.956822492895228
9645,0.08449258211099,5.37285666160967,1.39187343702425,0.985482665441335
9646,0.08245166278349,2.88017281230977,1.70215916154061,1.26334096335212
9647,0.08388743498718,4.69886322770298,1.42979008414999,1.04143532764062
9648,0.0824214896651002,5.13826264412244,2.12792025973835,1.05756892283447
9649,0.0842921819433183,4.40744121607766,1.56434713553545,1.02061867241464
9650,0.0834266315695478,4.27675782865882,1.57738789976803,1.21704818954783
9651,0.0823935934838411,18.9437910951552,2.67644300488027,1.64857998549156
9652,0.084009356924946,5.81443167316178,1.61545182278146,1.14686549222378
9653,0.0842055524925262,7.12466310530529,1.62253637069724,1.12051162281452
9654,0.0830228961233829,6.66718582311598,2.30093458035263,1.27694714860245
9655,0.0849889517378989,4.41050596343574,1.98083175934384,1.31653510165111
9656,0.0834693378528372,3.59778958109152,1.51876276547607,1.30402071260061
9657,0.0833356549392119,8.10543313931091,2.34386572403738,1.04702935204746
9658,0.0825120426512732,6.02729606046172,1.95710143848032,1.1824668137652
9659,0.0833219995426695,5.39926326836503,1.40935804709394,0.988048952830799
9660,0.0837787315583564,4.18925231998584,1.56425461105702,1.12834694717408
9661,0.0844225666206368,4.40837627415155,1.82987009442218,1.11597895707829
9662,0.0831364977716801,4.73860207687604,1.52213985069599,1.10648978224693
9663,0.0862129391191398,16.2729897744715,2.21865694812427,1.44737898812728
9664,0.0825095822627636,3.31517918670296,1.38320661270636,1.16131219289736
9665,0.0854697863353624,4.02271307388324,1.2193622592342,1.00299318021914
9666,0.0853988287704704,4.83362818323284,1.74050048510293,1.21074229533402
9667,0.0829277607710751,3.99507425792678,1.69363483054411,1.47055001226996
9668,0.0846933200059138,4.40626585045449,1.45866081512614,1.026942685965
9669,0.0837512012361324,7.84640230728341,1.97341181716564,1.27367846027832
9670,0.083872475763799,7.10810633153152,2.29671775312823,1.53217994450072
9671,0.0850875212027676,3.12231132391027,1.17044353653027,0.828604069713348
9672,0.0841138963835009,3.83851017170534,1.43275346588975,0.984752521832681
9673,0.0820618977907111,4.80822108030846,1.53529954039443,1.07803378012407
9674,0.0842061491940646,4.77852823645103,1.64667899013249,1.05456119211725
9675,0.0824538651657089,4.16586783403299,1.57188404392654,1.0455110868905
9676,0.0842601123724009,5.14154971984387,1.38547112435557,0.924741367190598
9677,0.0846816951312561,5.36845677043156,1.27103175405952,0.790288732979468
9678,0.0835489133464288,4.41555793155843,1.59463303206124,1.05182294558551
9679,0.0835111001342136,6.07630754152474,1.61257897505836,1.05010357676205
9680,0.0834184406899958,4.3121193369095,2.05474142844866,1.1109956725524
9681,0.0842418371517525,9.68591792665272,1.76457983348039,1.11046951317582
9682,0.0831043900394295,6.15915715346042,2.02400153828656,1.03869850106606
9683,0.0830784838566601,3.68460861283562,1.78905200610879,1.09248396910113
9684,0.0826190524932383,3.39403866676341,1.25130625509391,0.984916256558538
9685,0.0842008474905212,11.6612111312452,2.26419104919755,1.15093289162219
9686,0.0829730286101727,3.17731592208077,1.3062168019391,0.867778885230743
9687,0.0834553595928703,9.98244440576516,1.88225510865083,1.04949569074659
9688,0.0836173619431067,4.01511502822729,1.21699287727415,0.952650033478759
9689,0.0833193159531875,5.46685505657697,2.41739845522382,1.18779625957516
9690,0.0819639879678127,5.1529353813925,1.88047353983348,1.40471151330938
9691,0.0840602950707405,3.40944394214861,1.80961120833233,1.35135610041459
9692,0.0833710983214713,21.9007248889448,2.07291488131179,1.09806820174739
9693,0.0838238854334408,9.64931495911801,2.32694236880736,1.14594198175134
9694,0.0842744270320685,4.96360496439176,2.92129509776998,1.50704625772324
9695,0.0846282489331279,4.67038468263823,1.82386868957108,1.07196149317469
9696,0.0837471699762185,3.3199598525934,1.54478028663512,1.02488795434588
9697,0.0833760683027369,4.3644180033304,1.29708872603828,0.875711000417221
9698,0.0845501841976374,11.2846549928733,1.92321233801191,1.15505475836095
9699,0.0828073085246354,11.9030346118622,1.9628123506101,1.26827560180052
9700,0.0822385111335961,3.65850255141092,1.39181786638085,0.930888307052362
9701,0.0832245206572257,12.0738195792191,1.7659575849182,1.2901536783214
9702,0.0848858303901392,7.11339117266851,1.72496768962807,1.04540098461363
9703,0.0852136997979491,6.22291686333605,1.48191737245376,1.13958314949342
9704,0.084621230915959,5.24687106647735,2.07077626975217,1.30434065311907
9705,0.0833602303435539,5.87565260548081,1.94605973560365,1.38619738948339
9706,0.0838790462419124,4.40839565720036,1.88450631114681,1.0689058131891
9707,0.0830419353931232,4.08267312942181,1.57269776989168,1.03123948764025
9708,0.0834386678766534,5.02879173019095,1.35244792611591,1.02874013495256
9709,0.0809472573099955,17.3895416285453,2.41254372174878,1.46094098665575
9710,0.0829404520529473,4.89513042704684,1.87887811155697,1.16003203166665
9711,0.0843106092303545,16.2427137854713,2.83714465707526,1.33802238258163
9712,0.085031475436632,4.49736447666048,1.75967709652899,1.34382112995667
9713,0.0846371317304893,4.39613543285576,1.98228842553488,1.09002614476812
9714,0.0820002039822536,10.3253564846956,2.25556426316046,1.25210511614627
9715,0.083814707162296,5.03111482774238,1.762646500951,1.31465314619365
9716,0.0843375099555691,10.4570412504022,2.16732534342865,1.19734768597097
9717,0.0826810936669917,3.8953054441292,1.4376250537834,1.16815105841137
9718,0.082787050632997,4.4452408693278,1.86394709657342,1.07968122338544
9719,0.084456698894594,6.72839149881717,2.06873539014484,1.5484219916075
9720,0.0835150308631897,3.14343593357192,1.63588256030014,1.22564968536591
9721,0.0839269197837337,7.02255700031348,2.20977096888589,1.2721201053555
9722,0.084330713510511,8.43472848743523,2.07029262678246,1.24167104933868
9723,0.0841101042323458,5.42483821008865,1.74022728902918,1.30521254085278
9724,0.083033537104556,6.4445092089339,1.66129224001709,1.01323675825951
9725,0.0843823058573952,5.10732344289266,1.54760912380889,1.17380079312589
9726,0.084844128462129,3.32937813591206,1.71792235262614,1.24753093376663
9727,0.0844125643232275,4.63749609661515,1.44934039480502,0.964489361002731
9728,0.0834762292618288,15.3056937420706,2.53502873069657,1.13754146449157
9729,0.0831176056194978,8.9865492308594,2.45252706289393,1.28205487003706
9730,0.0839599780452076,4.33988055063958,1.51028403240162,0.93825652445412
9731,0.0844527831632061,6.56186904716245,2.18338508062997,1.19722192575328
9732,0.0841488521895566,4.72426605854776,1.55105336065144,0.945752166832387
9733,0.0841237728601657,10.842304676667,2.5249280540447,1.20932365581683
9734,0.0837898826347345,4.13527144784873,1.69022196406171,1.15336006642929
9735,0.0842626855198089,6.1864740143433,2.24591006249031,1.22504472622981
9736,0.0818120175573057,3.97506669772998,1.68665797992769,1.04061226507942
9737,0.0838603921708853,4.14685599902472,1.40888999129502,1.04290731686288
9738,0.0840485343521,4.1165465831794,1.68003759191627,1.14409209909609
9739,0.0846181353568544,3.63781578946675,1.9163316466182,1.23423309625707
9740,0.084656478390683,13.8980253453699,2.16344110597198,1.13950274524389
9741,0.0841856942985128,2.89079468272671,1.31056632514551,1.00622487135223
9742,0.0845250106610371,6.78719703928928,1.39853428362358,1.21789077949533
9743,0.0835678753807653,4.51681941928035,1.90713503809791,0.994715139199534
9744,0.0825490740245349,3.57221861744364,1.67454560061303,1.14989856336551
9745,0.0839888453523149,7.22360113746898,2.40321283863151,1.23175527723733
9746,0.0818109278522871,4.6999425019008,1.59484502391116,1.09596231978302
9747,0.0841526252471797,6.35554737260715,2.06639585345122,1.01377260640161
9748,0.082112482378926,3.43260872540024,1.39972477610814,1.03612147518742
9749,0.0844735009915036,8.62577142406018,1.99638782962746,1.72047059089031
9750,0.0820319424932024,11.9545685127221,1.87931224187841,1.12357222519776
9751,0.0831680741528774,4.37767899993101,1.55769122420738,1.16978141768478
9752,0.0840355265195527,7.15666506373896,1.86691257873159,1.33861641740781
9753,0.084875813971,9.63197553155224,1.74168928220139,0.944084820102486
9754,0.0837619114179889,5.76782996413178,1.95290274157005,1.25193940249283
9755,0.0840166716630502,5.64598079379495,1.58238163604945,0.895693699084778
9756,0.0833381797748712,7.12525335926541,1.85654250936046,1.31808564816625
9757,0.0828031487074361,5.9259610756392,1.73654521920589,1.13499751124603
9758,0.0843203227280908,6.22922016344753,1.41509323350185,0.910146242337503
9759,0.0830681477868344,5.37190135278118,1.80259502727634,1.38522489231441
9760,0.0832131633585849,4.60871078915505,1.42683821308744,1.10544968977976
9761,0.0834068450505223,14.6073289380368,2.074040733288,1.18414431191131
9762,0.083872896299434,5.21143809946496,1.45309788218229,1.11067970779464
9763,0.0827861648608598,4.62844572638605,1.6116972921777,1.06635045539026
9764,0.0852166090347558,12.4612941882152,4.03203350464909,1.93234040670181
9765,0.0832822737980116,3.78146795598958,2.04586420332813,1.21319372916759
9766,0.0824851573537138,4.01653809578008,1.79125589872366,1.09744633455747
9767,0.0842895525901614,11.0162985241492,2.28056458832814,1.26566757815894
9768,0.0810758853927883,8.07996674702929,1.61483849957458,1.07552374667025
9769,0.0841061610273177,3.81501727830598,1.62443090051558,1.12592739641425
9770,0.08237134331319,23.0568109507065,2.60222184867857,1.27284057638705
9771,0.0816212759295437,10.8796574494458,1.69856051477363,1.2104135264246
9772,0.0814196799944356,12.8990500347157,1.83027160014495,1.21110976796556
9773,0.0853559220348761,2.66762892879798,1.25923972106354,0.95305627672544
9774,0.0854039101824504,7.2075370380579,2.0643637705667,1.1144814707871
9775,0.0843779820967089,5.3873338382634,1.43832880165637,0.861929221124066
9776,0.0847642416416916,9.72796705788692,1.81851212964463,1.1923988047385
9777,0.0835609845487422,3.87761417187896,1.80125719397788,1.20471066546899
9778,0.0841614488255936,3.28054487216023,1.57733343481817,1.11505232847843
9779,0.0830832168977853,3.51635982816428,1.30470830653992,0.835979431443698
9780,0.0852629813884371,2.8790547000219,1.56790314896413,1.14195926485496
9781,0.0833820499021891,6.60750666704727,1.77201722919669,1.30458346524617
9782,0.0836045917523761,4.07934348643014,1.36150543759634,1.01312179118888
9783,0.084152117149523,3.96266420238942,1.66231147383399,0.897461396451095
9784,0.0829678574673203,5.89036071571752,1.8554935121259,1.44378370063454
9785,0.083555745223539,10.0882810697282,1.77617777393328,1.12734633732051
9786,0.0853074024260819,8.46325999086038,2.32168568708129,1.55568319553945
9787,0.0833537228998518,3.75797070139575,1.49703761463453,0.970273449336964
9788,0.0846122824551601,5.08495889919716,1.42883009325659,0.890337704464632
9789,0.0840702843969242,8.46813019115873,2.41604685173782,1.1197783001569
9790,0.0838858590508954,10.8062792571228,2.43032240859369,1.46449378646818
9791,0.0833089010226861,5.63060963977855,2.00114834140536,1.45409639290999
9792,0.0835093211959934,3.92952311390403,1.37312752830807,1.08349249532298
9793,0.0854156507362482,2.8907852734581,1.28847202500902,1.03063323169664
9794,0.0833394758145524,3.07337606227581,1.66565341350141,1.09491057598553
9795,0.0834522763067896,4.00417405723134,1.55606517371135,1.11782005081651
9796,0.0847058959808514,4.1638220190023,1.34034513518067,1.11706919369549
9797,0.0829831586168302,6.68131864283,1.64284546139448,1.02414002835387
9798,0.0834177431193105,4.80268004390425,1.59289243173232,1.02665369819533
9799,0.08379800278408,4.96706347376411,1.55470688122969,0.961165633988177
9800,0.0830932727247524,4.58059146875639,1.35202782751165,1.21413512550633
9801,0.0847817433524322,4.99658976229068,1.8637639565041,1.04174750185272
9802,0.0842464165232557,6.96857110448086,1.5913356659695,0.868405262164179
9803,0.0834317559218685,6.02966835394985,1.84779301494241,1.13782605546339
9804,0.0829559031875016,6.36015824176993,2.07977386404517,1.33890644338385
9805,0.083839612736292,12.3575938173293,2.30555352393602,1.41189624626391
9806,0.0843543542599707,10.1353010891171,1.95610314679817,1.70116090853595
9807,0.0838027748651481,4.16105200012204,1.57595701457472,1.01815654357992
9808,0.0847139478973937,5.65722472767994,1.51424389023064,1.15129938665503
9809,0.0859350037680284,9.33024175051956,1.66863622494427,1.18661226500841
9810,0.0839336298032187,4.18141144219876,1.35888149265799,1.15304210613032
9811,0.0837339396587993,3.51661875905222,1.66385413970357,1.01672716251569
9812,0.0851151411695105,7.70496163906072,1.73534171098378,1.29301837418529
9813,0.0820779050724006,4.3627367865407,1.80950343316506,1.08159445968764
9814,0.0816698407829293,3.52162624192577,1.44758803345408,1.13419514838598
9815,0.0846381695833903,5.38795141584692,1.63468586336915,1.26337262150791
9816,0.0835938568761475,4.62865787131071,1.52561771553151,1.04938270263101
9817,0.0825107973740968,5.9534375082564,1.38132761049566,0.975561665480171
9818,0.0833382715295349,6.34900008570775,1.5240286371707,1.02068112485934
9819,0.0826925989601802,4.69116332563421,1.82004839340736,1.06980695920255
9820,0.084100686315778,4.29665374118087,1.34359494096815,1.00669942529053
9821,0.0843857597688329,11.8880892280928,2.25726579686314,1.51820360931748
9822,0.083373020928579,3.59358877255216,1.34407546913299,1.07737220061554
9823,0.0838257789652403,4.34840567645068,1.38893376959633,0.904204364805656
9824,0.0826038110192768,4.73849621446811,1.75341747262333,1.10101294199753
9825,0.0840334522315251,6.0763513327585,1.65554166136502,1.09885141945131
9826,0.0838495329554258,4.32888081171492,1.43363347365237,0.912941118758801
9827,0.0841046734012429,7.64119611333506,1.72500842574869,0.940648661702045
9828,0.0829130855133269,5.16592886213969,2.22732472513322,1.53143443856942
9829,0.0835660952704048,9.08229492574207,2.16562648889079,1.40077222319255
9830,0.0853363144751215,3.36544041186112,1.60891594251976,1.29492508714424
9831,0.0828607909380308,5.02143811918894,1.3672353889658,0.94449924981684
9832,0.0830844874623718,8.90016171378187,1.53457271473066,0.987302929495228
9833,0.0839496955027998,7.84417779030326,1.8673950334059,1.17010252471415
9834,0.0840082444469427,5.52772787386734,1.69307307387111,1.081332099667
9835,0.0826349157568377,3.76536165942714,1.44409033695304,1.11547520109791
9836,0.0851004807132569,7.15165005641865,2.07276642079259,1.30178204024779
9837,0.0835708615029999,3.12864419888929,1.29073456091149,1.01674349033035
9838,0.0826962261487418,5.89551268377119,1.79787551701208,1.07619392609568
9839,0.0845179673078848,5.0966264070031,1.53763915843936,1.0553382335826
9840,0.0852298171575824,4.62984867910572,1.68489766674772,1.12909484999057
9841,0.0838559825294764,4.1172070873303,1.34994603423611,0.874214250190485
9842,0.0835449160943657,10.2280861548056,2.56645352859808,1.38678288905944
9843,0.0828950301276002,8.02880267602489,2.02181123359352,1.43441625759132
9844,0.082279926276876,4.47546995024785,2.35054212508341,1.19373064396094
9845,0.0832153609874603,10.5978226274052,1.97272293000217,1.29661667852153
9846,0.0834279567494279,2.97707228113774,1.43272595246677,0.94610462688356
9847,0.0840270189006698,4.66954956745032,2.22784712625406,1.27956685118007
9848,0.0827015041340252,4.07188901332106,1.67038559237532,0.937311936796307
9849,0.0838609079860224,4.60870424546554,1.88114290206014,1.08344066672895
9850,0.0842533991145439,12.8172205826284,2.39829668579657,1.017722790344
9851,0.0828694519400609,4.18610373606692,1.60495491583886,1.06001300267684
9852,0.0844096841369414,7.66617736318249,2.03886741261314,1.39340749735213
9853,0.0860974484375831,9.44532822489295,2.56436580007404,1.22863760229448
9854,0.0833515133063084,5.1908345000891,1.51303110161915,1.0126808025018
9855,0.0842433773619947,5.57684883757073,1.39529941316019,1.03076931849869
9856,0.0840775340952595,4.06948841779873,2.06119969839255,1.40296879821346
9857,0.0832519382004096,6.37291303844181,2.2225809953303,1.30295061350578
9858,0.0857627537451015,4.62977406947113,1.55872793115889,0.98438941858504
9859,0.0852764441766484,3.17346844213161,1.37975611398692,0.924014691147945
9860,0.0844138022267918,5.54504136474723,1.87620259307143,1.1394562952493
9861,0.0843240050808476,6.68185879176618,2.12224960432816,1.29206565421971
9862,0.0829505199711835,4.17869956435137,1.91777006229884,1.49086162239792
9863,0.0834572333270654,6.60342489013254,1.76556160473025,1.06634738850884
9864,0.0830500088338048,3.80234006738296,1.86066094182078,1.3033714479168
9865,0.0835387080331873,6.18056905526625,1.72066025951856,1.00787048833106
9866,0.0846037940721218,3.55570822204864,1.34633576763755,1.06912812649797
9867,0.0838726684996191,8.51813137515956,2.26157427543527,1.15179807209037
9868,0.082611751017841,4.45607265508241,1.9369184479765,1.22502744992554
9869,0.0834135785671477,3.43024420628321,1.91451749207512,1.34534009669749
9870,0.0829636451243344,5.27293206708751,1.35434735250138,0.871394295826831
9871,0.0842372329157518,6.74675408368191,2.12268667323936,1.1784626067924
9872,0.0832132103339326,6.50941791049302,2.47986703589758,1.23988750445208
9873,0.084359597551092,3.21005882518556,1.46742972688107,1.33004470600928
9874,0.0828777920498985,7.27151883383772,1.73506847460259,1.08512703295676
9875,0.0844420145155611,4.51677846747689,1.96458036736218,1.37111222071559
9876,0.0839218370620048,3.08366986726127,1.46317439288861,0.966947635113953
9877,0.0836579258871915,5.30288311758673,1.66197907783273,1.12568686416177
9878,0.0834458483369127,3.98858706487019,1.32104211844075,1.08750235340122
9879,0.0834624541238297,4.38654839724782,2.02784072142473,1.18351171679544
9880,0.0829267966418552,5.15553023627204,1.84958847754911,1.4489335788904
9881,0.082697115696272,3.25266144928004,1.38620015263638,1.03900445395584
9882,0.0837013097426645,4.47345291045343,1.52199976167234,0.828558084681775
9883,0.0851710564911896,3.94796964192392,1.59966691734853,1.06781261300605
9884,0.0833643321827978,20.7355001434133,2.02861482473027,1.17025068264173
9885,0.0852527777201697,5.31919530375226,1.72457075326536,1.22979284047612
9886,0.0842519248283727,3.33526961814346,1.84081720083349,1.0242799112889
9887,0.0819674497841917,12.1066245003504,1.7914520393093,1.07190666414457
9888,0.0833940351706194,10.5172639242149,2.07445696212981,1.10893567503981
9889,0.0823675412957389,13.2443669977126,2.43252474581853,1.44523784443041
9890,0.0835856753884996,4.16881800390264,1.32020768628047,1.07890723507136
9891,0.0820114702531296,3.62710458033841,1.55542964975499,0.992247092280395
9892,0.0836375740204392,3.76918685581955,1.26975692814031,0.89639814311299
9893,0.0835988034999145,13.1323891998711,1.79809632602322,1.17426197693132
9894,0.0824616636729514,5.33067644841085,1.62500544876164,1.0825263514921
9895,0.0830685051842235,10.0769788344905,2.09212772818468,1.41340994407792
9896,0.0829765169590513,4.43638675099691,1.91903303910131,1.11668794725074
9897,0.083293161361778,7.45917949852564,1.61279932236452,1.06119522252845
9898,0.0823991527930295,3.57489509687151,1.52728798545958,1.0110206332158
9899,0.0838278675104483,8.02893829165441,1.73930868931572,1.15623249941048
9900,0.0842122777844361,5.43289566945727,1.57405607250183,1.21782599565726
9901,0.0824102028106123,6.2104118298482,1.81007865518004,1.02826688749587
9902,0.0826156337544154,5.96880221337309,1.76906319938774,1.10563735091137
9903,0.0832279769962664,4.48372529097963,1.4543136922523,0.986419826148782
9904,0.0843161266775743,3.81248999737175,1.46137328449004,1.06511345575834
9905,0.0825599501513979,20.4757955784096,2.06593218589092,1.24310829029056
9906,0.0830359024285628,3.15572790043358,1.29905745729143,0.931928250193996
9907,0.0842402197318643,3.05554329813655,1.31959128481123,1.0209209054215
9908,0.0822725914585638,2.81576116322627,1.36980283512398,0.959670846173527
9909,0.0834931777980924,4.31346755399667,1.61974613429617,1.00994443254511
9910,0.0846057973951987,13.5203882668016,1.78997331219887,1.32753134285675
9911,0.0834639975559832,7.25273680279174,1.7195025554046,1.22042801629838
9912,0.0820536008073731,2.85028075227373,1.57702186794841,1.03928463608016
9913,0.0840495943171747,2.9407762860246,1.47305070197412,1.05733918665802
9914,0.0838602097576312,9.39382062772472,1.70741750340435,1.13841877342107
9915,0.0845729585570301,3.16411230897076,1.24143041017592,0.918734028408212
9916,0.0834916816275588,13.5595276139627,1.70157527808504,0.872109702753567
9917,0.0831743799797983,3.81320149388714,1.31558192616747,0.994856901394866
9918,0.0837088041332196,7.90180947161562,1.99013006227786,1.02033267827219
9919,0.0822310988171663,5.02106780551339,1.62924483406635,1.02587457803179
9920,0.0828668401732014,10.1628768132731,1.70637296225656,1.10620996242937
9921,0.0825819470837123,6.27611704764621,1.74932680750328,1.07673060620395
9922,0.0838073847288509,7.71994628728445,1.72723795829029,1.25373199065571
9923,0.0845068621675614,8.94227918426005,3.45114073519779,1.75946889402544
9924,0.0827102862917109,10.332741873462,2.51243136965363,1.650209636851
9925,0.0825463582577416,4.89210405696042,1.43716735574211,1.06401975655821
9926,0.0835673018653513,3.98124642071505,1.57293606976008,0.962020959077475
9927,0.0844992984141207,11.645722369696,1.63697474322455,0.991816124045252
9928,0.0827313592195626,3.17162263613512,1.65696538267571,1.044875332175
9929,0.0829140073345654,6.14569322394395,1.57729911651079,1.13984694336143
9930,0.0829538076921355,4.2502046222531,1.41265768188447,1.08055794784168
9931,0.083715212977064,7.34578386668025,1.45423582400243,1.11779004683918
9932,0.0831581020374975,5.1748385101208,1.45092998553716,0.961927513083503
9933,0.084085472620804,3.66714964161255,1.68226486961189,1.167845032878
9934,0.0837043317507735,10.5485090648549,1.76253715620703,0.976204304580537
9935,0.0831133528885546,6.13584599932738,1.79457899595564,1.19662817296867
9936,0.0847122578104249,12.1349008543014,2.16487306737,1.22224532840631
9937,0.0828464074497902,6.36612483672792,2.48388633311767,1.34052593507779
9938,0.0814691820962943,3.04184130398329,1.28897655111947,0.904589635165763
9939,0.0823280918207784,5.16536357930302,1.90183102926701,1.20362813758249
9940,0.0854816702443692,3.46140299133536,1.47028763925897,0.961467257439966
9941,0.0825183909907398,6.13562145497254,2.23286510037979,1.55729638708621
9942,0.0835284981394228,8.94107175731047,2.20308802494313,1.37376770922509
9943,0.0828837751997178,16.3737266448686,2.50007510040508,1.05472661541939
9944,0.0838642768065609,7.36081877334679,1.32104581294155,0.961986625944669
9945,0.0834215654843076,4.98554489852199,1.97485436435592,1.43740726871723
9946,0.0858870784165639,5.30098711911516,1.70689475442593,1.14171451193841
9947,0.0833906825379405,3.16773087565952,1.18281764849192,0.791153153164143
9948,0.0839733814047029,5.37009395430828,1.47356873523102,0.991607657502522
9949,0.0820146659528445,4.06359293708507,1.62920592486591,0.906534964870443
9950,0.0846752472441859,6.78387816934789,1.66076549907088,1.02735157869733
9951,0.0820567553467806,4.47683259305953,1.51728839199519,1.10266709519474
9952,0.0841052314473589,3.53969047818885,1.28735717731958,1.0206540922518
9953,0.0839926295338469,5.54438980814851,2.26001490026222,1.03361963327621
9954,0.0841268119755126,14.1302017571145,2.60589151756872,1.26651854873393
9955,0.0847598351301648,5.19088785545421,1.64897016078705,1.15091086921742
9956,0.0839808875243282,7.51527861511821,1.71521988776091,1.25060771835549
9957,0.0826686834623003,3.97766140781189,1.45941699837936,1.38612560972523
9958,0.0841672751406405,6.05241254627724,1.51184233593936,1.02185843802851
9959,0.0835838436853324,4.04298251690521,1.35778786066814,0.994115285187323
9960,0.0836488629670576,8.63685125337105,1.6061470381396,1.04418903789521
9961,0.0829381645750024,3.18583236546551,1.5641775689043,1.03424199840133
9962,0.0829618328217278,6.48421423158408,1.29236846068777,0.941577691423974
9963,0.083052291258589,4.63716051633821,1.57208453912585,1.07491703306898
9964,0.0840171507404237,6.16468862384832,2.2861956618802,1.20165070306891
9965,0.0835029050569572,5.92928342152652,2.10963382864306,1.16141618224581
9966,0.0848686580553493,8.14469122429616,1.98549667547034,1.24085883283341
9967,0.0823785152783513,16.3827053079396,2.03330410429633,1.11771518629559
9968,0.083024336384735,4.24453187432731,1.12816178476435,0.835269422640227
9969,0.0846649149063012,6.11128449872845,2.16024267400185,1.06458107521505
9970,0.0827248854828592,4.05928466596245,1.2995001294697,0.918932822899692
9971,0.0843215727517697,10.4629435300835,2.41977763745911,1.17140838178046
9972,0.083489824933074,5.50658699951933,1.6137356663978,1.18531451841368
9973,0.0838750926251558,13.6879112328995,2.71245648543248,1.19714070373811
9974,0.0837024847168807,6.13976482094208,1.80335921112192,1.25478420353362
9975,0.0849159863393188,4.07938110196818,1.26302347044225,0.98714565127652
9976,0.0841904232933381,3.0127980137945,1.39957903438563,1.02502049943885
9977,0.0827428783087612,8.46713249798547,2.09996371393938,1.01668359290792
9978,0.0828799077427726,7.3808376685863,1.70623178582099,0.914729662355389
9979,0.0838977738614128,5.79385581410916,1.69370810917424,1.01745253911744
9980,0.0849106692235819,4.10791743841253,1.64172038242689,1.05100655326321
9981,0.0843833289296139,7.6825291695594,1.51683652042533,0.986094597027317
9982,0.0821890329214147,4.31529126510541,1.71100801500862,1.45116182478595
9983,0.0827840182897732,9.61293251367254,2.05932387288011,1.20844963854745
9984,0.0844761162577137,6.32448152870664,1.92471111735332,1.16271585473132
9985,0.0845442712830966,9.04307511590504,1.53992023965846,1.16299560325353
9986,0.0845282569679681,3.08420125362801,1.27650169882658,1.068813931022
9987,0.0839286645186667,7.65530659538368,1.50519727162065,1.06342551749387
9988,0.085473728546123,3.35606673942397,1.62572964925203,1.06597092123872
9989,0.0848578724024917,3.0977567904924,1.20109635255332,0.862862596191321
9990,0.0832123094317925,4.01530195443994,1.32530366312923,0.968187209927443
9991,0.083250554953361,7.0545365453928,2.16345525582837,1.33515725952897
9992,0.0843025840654788,3.87070612899022,1.72443443015239,1.23832130768165
9993,0.0833309819054191,5.5038173465073,1.39428838624094,1.01270899737097
9994,0.0823450703451534,3.43265920862682,1.21681763955008,0.924178596834123
9995,0.0841304520934606,4.72238801450171,1.96423350907595,1.33189141285677
9996,0.0840058954018885,4.500712653673,2.42781210626604,1.27215000272369
9997,0.0858201928476729,5.73230578258508,1.48622353189876,0.974608181551284
9998,0.0839767333501276,18.3989510250663,3.73623770711885,1.28630036538799
9999,0.0847260689501974,5.33758372003376,1.85508981110465,1.23241835942274
10000,0.0841713724364606,2.90115060179721,1.04614824223888,0.852353186546805
