"draw","lambda_at_index_7","lambda_at_index_13","lambda_at_index_19","lambda_at_index_25"
1,0.0293722497364765,0.0867249466281102,0.252050629673223,0.638456082575323
2,0.0294187387023711,0.0870742640296337,0.25351171752571,0.675555890657838
3,0.0293401736090373,0.0863144889682302,0.250870459041273,0.647131057474342
4,0.0293890620598597,0.0864979895608849,0.257269456081834,0.645701678357881
5,0.0293736726941584,0.0870621617270207,0.254891308410648,0.643380848111911
6,0.0292851335152741,0.0865767708930669,0.250598915408256,0.641306731252983
7,0.0294184471107254,0.0867810349739539,0.252272041604524,0.631421366406465
8,0.0294049057788103,0.0868619199444671,0.253211617699558,0.668110490512456
9,0.0293126108263172,0.0866568871794982,0.251624730108122,0.638300924731259
10,0.0293730441029913,0.0869436544302597,0.252948424186176,0.668980748958083
11,0.0294381321925239,0.0872738882515836,0.254220754406557,0.687773721277669
12,0.0294139442379053,0.086326517371361,0.248462454247095,0.673239440851761
13,0.0292995475775871,0.0871255417673827,0.255973336327442,0.676097522024166
14,0.0294879388044895,0.0877209703555949,0.253970197077935,0.652954575885444
15,0.0293835634910358,0.0864013345961613,0.259003089498154,0.68229025655588
16,0.0293710457115323,0.0867928743286613,0.256081795113591,0.665354025550195
17,0.0294025787206891,0.0867777409896563,0.253814536467295,0.672400279121598
18,0.0293268936286793,0.0858098516877451,0.255438803758046,0.681266603026425
19,0.0293087058743848,0.0861128944343018,0.250106190762782,0.660506054610231
20,0.0293284835550557,0.0868249801747462,0.261269072785302,0.641056971995365
21,0.029427165911019,0.0864089065138786,0.25754614455999,0.665792841595974
22,0.0295288991121617,0.0871321078788731,0.266049655376583,0.640687549375308
23,0.0294844887365224,0.0865755454355014,0.247700250440047,0.625161943080002
24,0.0293208683945114,0.0864352386016954,0.255579544563776,0.659264979764129
25,0.029505327211948,0.0866501905460521,0.248162385277846,0.685683170542001
26,0.0294495269295455,0.0872819366380843,0.254508579360717,0.704680645564802
27,0.0293849256824279,0.0862034240327092,0.248463915863183,0.620814568333272
28,0.0293316492252376,0.0862489815171875,0.254247267945096,0.664452539588747
29,0.0293249161200295,0.086336096651918,0.250635082522997,0.670844215010978
30,0.0294073374502756,0.0866378038612172,0.253121983126269,0.668996055145369
31,0.0292878882227701,0.0870024084204888,0.260846659481908,0.665776514927235
32,0.0294697931823097,0.0877223202108356,0.256626085345003,0.675254267424305
33,0.0293911392851807,0.0867841715412829,0.25939764333569,0.638379374190492
34,0.0293248279201445,0.0861370793263251,0.250653905195483,0.635820557646333
35,0.029359703481286,0.0860800576021968,0.24908143957205,0.687137685535612
36,0.0293766005033222,0.0867054041636074,0.250625174552625,0.629473700528427
37,0.0294487970460164,0.0862534332856968,0.254896735907683,0.644578696228088
38,0.0293986708582992,0.0867848106399744,0.249904931775038,0.679408800296386
39,0.029502643177118,0.0878822047292937,0.264247655089406,0.666831297587116
40,0.0292931546771471,0.0862899438328611,0.251778654002811,0.631886697416671
41,0.0293342524783953,0.0863787116932024,0.245269808482641,0.666970756832073
42,0.0293805741118852,0.0870499733478937,0.250285090251875,0.635080224660258
43,0.0293915036856879,0.0864372990647219,0.248535553800486,0.67788297825787
44,0.0294394691833902,0.0868041252238345,0.258757936979403,0.637721436096339
45,0.0293722048018186,0.0871322008119849,0.255397546363213,0.646555827178185
46,0.0293478701199831,0.0866940299034861,0.256758355348566,0.693030041102609
47,0.0294436905239588,0.0864719866614732,0.252449447847682,0.631382849460767
48,0.0294403554200381,0.0872442726560863,0.255153944807263,0.667663791667325
49,0.0294260803278322,0.0872224349273181,0.252566380669086,0.627874095797688
50,0.0293064898586845,0.086455878163954,0.249948349046176,0.670451753632086
51,0.029428478338809,0.0867824457586802,0.259254437163997,0.657072538821028
52,0.0293753218475134,0.0867752425345243,0.254613028082237,0.683208965977021
53,0.0294225973569112,0.0877483265907161,0.260865890189685,0.68075014200568
54,0.0293041907641227,0.0862509316080738,0.252674511445174,0.673739196132559
55,0.0294600626232644,0.0869153178635039,0.257859739800291,0.654878646909906
56,0.0293775664531146,0.0866571224951581,0.253070647905722,0.636593398667366
57,0.0294305213829499,0.0856224850771621,0.253192753621143,0.628613082548931
58,0.0294373142678675,0.0866373481447518,0.255084775164988,0.63468007877568
59,0.0293572064603229,0.0866385151225216,0.253702304443283,0.645948487425522
60,0.029453710793455,0.0866943499864286,0.258689076205932,0.616121163138041
61,0.0294059253901153,0.0865568988949319,0.255121505899261,0.667207438233277
62,0.0294069105238626,0.0870946465592108,0.25389822635964,0.645905890947058
63,0.0294717432757545,0.0872381746678536,0.252730425888027,0.654173475979372
64,0.0294094032925938,0.0862072336632003,0.253708724050436,0.70769135682252
65,0.0295056459932434,0.0876070963405912,0.259960108566062,0.675360317245258
66,0.029445165029592,0.0862633863261638,0.251063147216483,0.630239451661065
67,0.0294451347719369,0.0867329998232445,0.253640225299643,0.671411894032435
68,0.0294609362838377,0.0868531171683447,0.253364841071353,0.660525922821261
69,0.0293928645519742,0.0862104405234444,0.253844149382116,0.7009828212752
70,0.0293614429727762,0.0861624953541654,0.256749883837531,0.665794452330414
71,0.0294556872907328,0.0869093921007879,0.25230072722391,0.664114128507273
72,0.0294877026567146,0.0858867041423501,0.248337069963363,0.687791098651491
73,0.0293916236561145,0.0860033531246121,0.254041557143185,0.648046827845582
74,0.0293806803486586,0.086360623602415,0.253772764640062,0.66659065215293
75,0.0294177952412186,0.0868700704373993,0.25725184531488,0.658578482450568
76,0.0294180095124716,0.0868638778323415,0.253356169964081,0.619219826026736
77,0.0293685761432079,0.0874776161371293,0.251305399181602,0.691177662178761
78,0.0294045373530944,0.0865416145274231,0.257857133281034,0.674269246969027
79,0.0293673811572359,0.0867844117050872,0.252471581643016,0.635334200056292
80,0.0293905755408364,0.086980047545092,0.256178186066093,0.669014750589456
81,0.0295128509149313,0.0871910697924105,0.258316397014437,0.619078068767379
82,0.0294058723876623,0.0858940557350699,0.25210580351816,0.670897089514565
83,0.0293299410672743,0.0868189337695522,0.255582863869625,0.621803546805016
84,0.0293256187550693,0.0858665241058083,0.254705651035058,0.674191242336711
85,0.029429811814782,0.0868385467673071,0.252232943301054,0.705189315024276
86,0.0294571404762113,0.0873278457713455,0.258548974187188,0.676033943643383
87,0.0294669295838155,0.0871953410716898,0.257682880694159,0.685993902760722
88,0.0294797837849662,0.0859588813049375,0.25779935739737,0.658946346783415
89,0.029356714238164,0.086021694129504,0.254802166352411,0.694494808801158
90,0.0294614646241014,0.0869551503069145,0.25481739202589,0.68289629642451
91,0.0294244403008782,0.0868390666741297,0.254881663522599,0.644819687208261
92,0.0293590072401557,0.0861951232648185,0.247312662307331,0.643411450170855
93,0.02949137135621,0.0877516229569145,0.256333405746464,0.656059479434063
94,0.0294128933019312,0.0867957116144382,0.255695197461701,0.639816466216192
95,0.0293962954803045,0.0861332369010038,0.252508357179806,0.705659301125432
96,0.0294414811038156,0.0860520749891907,0.257736791064894,0.655922860898055
97,0.0292519412798198,0.0860335625482438,0.25062332300487,0.6286147420569
98,0.0292813205189963,0.0859900862907995,0.246494430330502,0.638090613689897
99,0.029421822582325,0.0874786992108186,0.259475976635024,0.663912556013558
100,0.0294358905762644,0.086447388892296,0.247776689090495,0.644938133631569
101,0.0293515786460662,0.0861094189719645,0.249873222072955,0.677300964857919
102,0.0294196969113272,0.0857741368584526,0.253854750583768,0.646144180490436
103,0.0293702917177602,0.086366698365459,0.256707670215821,0.671676216089955
104,0.0294084067823587,0.0873117149872378,0.250323128583442,0.646459335692017
105,0.0293773873163005,0.0862051089957603,0.250696125087599,0.675167917366779
106,0.0294294958341239,0.0867432356224366,0.254778308313284,0.668908671809259
107,0.0293793096771089,0.0857846714828549,0.255325253511617,0.67980825806981
108,0.0294166356017989,0.0864345589747304,0.252051280493648,0.618501127490155
109,0.0294025933588473,0.0866324770971909,0.249753737367023,0.6583374459585
110,0.0294089001482752,0.0871630954272319,0.253802540391465,0.681007006933416
111,0.0293981250060072,0.0866477792502136,0.252632640979291,0.67187385500866
112,0.02945876170951,0.0878774583258939,0.262044195689189,0.701880510575759
113,0.0294209020670107,0.0878134486684767,0.254162684540043,0.661184497696294
114,0.0294510410293626,0.0873790902819348,0.258657867446677,0.658012298406632
115,0.0294489353647483,0.0857643168348303,0.246400567854127,0.630924621018702
116,0.0294223676333239,0.0868344581762649,0.24851910538425,0.675058731835945
117,0.029473894982969,0.0869484766501589,0.256529909027797,0.688377331867355
118,0.0294187337270519,0.0860841117925212,0.253516079999864,0.669095595558789
119,0.0293749948394007,0.0866865515872766,0.250270273257479,0.663998652990928
120,0.0294270867768195,0.0869123927280211,0.25623299430489,0.680243058443581
121,0.029431495071089,0.0859302459350551,0.251344082544619,0.672364493689702
122,0.0293102786765088,0.0863641695870587,0.249893952630021,0.67423124223094
123,0.0294524819740512,0.0867205685366386,0.258147881775642,0.659611197294067
124,0.0295108028849476,0.0872999064965205,0.258535916282226,0.673525882167817
125,0.0293265888953794,0.0867386445986826,0.254717906010597,0.613223831149676
126,0.0293578054103913,0.0864316753509607,0.252859550175243,0.689623988633074
127,0.029410718859272,0.0870411565980368,0.251478541720421,0.642590938743577
128,0.0292927573715262,0.0870635450817126,0.259999075159112,0.640712326277362
129,0.0294136699327147,0.0866489634033337,0.253544947183792,0.680234539108213
130,0.0293494842699487,0.0861642253109007,0.250662053230271,0.675053304283972
131,0.0294789792895688,0.08719310286485,0.254483967493939,0.655820628004991
132,0.0293970395600325,0.0871862732752216,0.255367837393289,0.6772907471368
133,0.0295420020675154,0.0879302077364164,0.252120932414616,0.638811306924394
134,0.0294137160754517,0.0867373499069118,0.253415188754119,0.657980699219877
135,0.029383053107727,0.0866899842402781,0.25765812186641,0.677687677998695
136,0.0294401112606427,0.0865586261394668,0.254142978534357,0.638241271644466
137,0.0293428973542244,0.085797385633222,0.259797925968511,0.645804077502737
138,0.0294016688047632,0.0865603477058297,0.250674638671604,0.60557616816029
139,0.0293689967649411,0.0870527365146349,0.252036558277818,0.670014741566126
140,0.0294342796932057,0.0874611748415236,0.256304825054186,0.679462509662637
141,0.0293513756877574,0.08597259275551,0.25507057184174,0.636286235225014
142,0.0294159662556193,0.0864154283981149,0.251769051175634,0.644237379443598
143,0.0293622213913016,0.086607648641151,0.254233817056513,0.64745044465537
144,0.0294572995179906,0.0869245145767814,0.257390888681118,0.668513732061928
145,0.0292909326527365,0.0868827781243065,0.24769571405563,0.682920106838545
146,0.0293614394048473,0.0857421839042806,0.250073321020322,0.637216024610721
147,0.0294920633638928,0.0866218056667879,0.251441631965243,0.703726623091724
148,0.0294436083807866,0.0862672325127172,0.252896564760803,0.654005082605077
149,0.0293922552761542,0.0867375728648314,0.248407816101905,0.644542086085262
150,0.0293958742381799,0.0867692795094935,0.252936807528163,0.65256546559269
151,0.0294121352894979,0.0859315820747314,0.254018497541638,0.658388984319628
152,0.0294260635742673,0.0863883930961161,0.253542278260028,0.632989647802583
153,0.0293866929080628,0.0865010475748732,0.258600415896395,0.65860952668424
154,0.0293868987099508,0.086773195514821,0.260067604735462,0.6661282831628
155,0.0294173122791825,0.0860041460617829,0.250214998767294,0.675343556491206
156,0.0294043249817343,0.0870484909728344,0.253444885071624,0.630516089651552
157,0.0294525466573635,0.0873376432955956,0.256518127600673,0.661732676101195
158,0.0293759317278126,0.0870425476883463,0.255583981884752,0.67196795815336
159,0.0294037336244159,0.0867671485673187,0.262096983069304,0.62930672577826
160,0.0293640760041281,0.0864603049701706,0.254385922874543,0.650660937791373
161,0.0294964878856024,0.0869295604255405,0.260138223230489,0.656765773122897
162,0.029416697737572,0.0863709680421787,0.261127557832932,0.709737620974813
163,0.0293652260886554,0.0870618078057338,0.24973402333775,0.669136595471972
164,0.029394574062994,0.0866085031428961,0.251194646164758,0.645566005456631
165,0.0294560876194796,0.0870276576914001,0.260883781304017,0.696894028928203
166,0.0293841339408882,0.0863760830908342,0.255376211803043,0.676116701057351
167,0.0294081572945469,0.0862992605648706,0.248331565951869,0.660902028570441
168,0.0294277847073775,0.0876237049500891,0.251769377578609,0.649534724162873
169,0.029346209498457,0.0860769016469091,0.24491927191076,0.683836588933668
170,0.0294020697162153,0.0867848852089248,0.257133340269925,0.655637520026733
171,0.0292696996366181,0.0857300843710433,0.2508616847019,0.642737397610028
172,0.0294509481478766,0.0864603000000201,0.25932193591629,0.71169999303682
173,0.0294523679857368,0.0876082349474081,0.259731760994401,0.678756869079483
174,0.0294357288413622,0.0862220755760925,0.256813652354401,0.693847275047515
175,0.0293653991695303,0.0859683159324791,0.252466018897563,0.64350462332466
176,0.0294216107501084,0.0868845345941392,0.25255781199639,0.676302874136433
177,0.0293424327479685,0.0859637446906814,0.251919667090063,0.622543919710769
178,0.0293673414193089,0.086934107744648,0.255104720178423,0.646085850142784
179,0.0293391417311367,0.0866829193616069,0.258576250377628,0.66763942452045
180,0.0294187977478525,0.0868114629610338,0.247751976440354,0.646988369007942
181,0.0292935256909807,0.0863457326674157,0.25786134615415,0.61154992432752
182,0.0293808463905006,0.0873224485300473,0.24814319786571,0.663421109648528
183,0.0293974351258613,0.0871618755128852,0.258416037234227,0.656075565209337
184,0.029425187724904,0.0866045202250055,0.256778799533782,0.628646859241827
185,0.0293703743189642,0.0863715288859983,0.250107670970227,0.681852838658336
186,0.0295116362488824,0.0868345741851576,0.254984882268419,0.660653683799014
187,0.0294372588314656,0.0866859543665393,0.254575653225462,0.655868906134541
188,0.0293981649277262,0.0871842544173178,0.261638456082046,0.697761540126631
189,0.0294089173402954,0.0863796199989736,0.257339082945127,0.720210617258165
190,0.0294664284234279,0.087523014926497,0.251216830030538,0.624676086026574
191,0.0293900713363276,0.0867658840274863,0.252659620214033,0.657221080660586
192,0.0293896879544703,0.0866751638640593,0.248998671584438,0.658172319033382
193,0.0294117027551881,0.08618187029171,0.254045970663084,0.681354076775662
194,0.0293732178617047,0.0868280001631479,0.254583729640037,0.668240051934726
195,0.0294315296653439,0.0867568118780305,0.247819168672829,0.64173556414348
196,0.0294504320766348,0.0871313143850179,0.257875225981658,0.638294732210385
197,0.0294258674316215,0.0860628918332037,0.250497364733067,0.67875480932318
198,0.0294911129821242,0.0868184269936965,0.248255292832304,0.668218004277608
199,0.0293571227742444,0.086045487397581,0.25216108371389,0.691873958449495
200,0.0293395841956497,0.08666686585785,0.256994613632158,0.665287339227019
201,0.0294485365503215,0.0860433987985505,0.250733302648915,0.647648885168593
202,0.0293664588384267,0.0870903001643067,0.254173430769562,0.661988484480894
203,0.0293218830284077,0.0864233866492657,0.248536495271251,0.633192499095975
204,0.0295462841643992,0.0871363605060093,0.259588540080398,0.645998537946552
205,0.029416006928538,0.0863514576072228,0.251716517788589,0.673385469103972
206,0.0294427449758024,0.0867309506349819,0.254946647957646,0.635479092746339
207,0.0293231874239745,0.0865474783179607,0.252275303082798,0.676284388741231
208,0.0294227000256891,0.087090857038368,0.257347039779722,0.646975400316989
209,0.0294056377096152,0.0868928035495708,0.25676539738062,0.643533084699719
210,0.029377134629846,0.0868508908291857,0.250211096527996,0.667031234652272
211,0.0293599694632938,0.0864921313311214,0.25250591731757,0.671597598154352
212,0.0294935889083293,0.0868926297397325,0.254842170048054,0.648524847023452
213,0.0294912664485168,0.0874951835005284,0.258896537996285,0.686923187050671
214,0.0294370759980849,0.0866517400897545,0.254067571210767,0.647269063766784
215,0.0294313922569642,0.087044495037739,0.258614494024002,0.691462530795569
216,0.02937900907213,0.0866710509287179,0.259633443260629,0.660601272791109
217,0.0293698937350556,0.0869235004334141,0.255073506859987,0.681293161816341
218,0.0294196264579851,0.0867691193531042,0.255682272481077,0.673654720685475
219,0.0294603771814736,0.0869880661211182,0.2569660774667,0.676613348478502
220,0.0294284004994777,0.0866537648915603,0.253573118005213,0.665249365967834
221,0.0294113138748254,0.0869463506308225,0.252733249828948,0.662004464035751
222,0.0293375433324845,0.0859028364643946,0.251879355446451,0.616251460990744
223,0.029382803419821,0.0866173850496589,0.247412006624877,0.66197423300455
224,0.0293240346156788,0.0872807512579715,0.251087546266849,0.660502564933468
225,0.0294022185709309,0.0874023686698291,0.255471371352068,0.678489046666152
226,0.0294631458371551,0.0867134617970565,0.256397517123885,0.677582732469367
227,0.0294277579836355,0.0863122438258527,0.254130750916997,0.679435643712738
228,0.0294339768726011,0.0866657000807044,0.251106017616412,0.644721451434308
229,0.0294694703561751,0.086449984745909,0.250535294922253,0.649752187685417
230,0.0294429866794121,0.0867282904222826,0.257361675709078,0.672557871792098
231,0.0293706299505973,0.0862814081676004,0.252189268399087,0.708035834622356
232,0.0293745361434929,0.0858714598957325,0.253368432816102,0.640181900856557
233,0.0294437409837817,0.08682829035875,0.258155819182003,0.630969946875521
234,0.0293711932976715,0.0868698574172343,0.250272746801693,0.667609129829755
235,0.0293983936392704,0.0862078394908062,0.251917133819423,0.644877869433367
236,0.0294109764066231,0.0865842138973215,0.25062182630937,0.697759554536903
237,0.0293967336912323,0.0868015036469056,0.253178618737534,0.650996504636026
238,0.0294869722360996,0.0873146953673516,0.256508256069996,0.632262702473047
239,0.0295049081366101,0.0868404053311937,0.255958909806417,0.648389804586453
240,0.0293861334752576,0.086038666675516,0.244459642141817,0.677284954846224
241,0.0294651271227597,0.0863187096844005,0.259959518658118,0.682061334180445
242,0.0293912697104029,0.0868302353128684,0.253556123356856,0.669275977709524
243,0.029393148767031,0.0864706743245584,0.24947400097491,0.643521178881728
244,0.029457467769003,0.0873846274843605,0.256928571543459,0.661086466806114
245,0.029497093690118,0.08756906642631,0.261670633343839,0.679889139062901
246,0.0293703267404872,0.0867341251561161,0.255432119641774,0.675592682824057
247,0.0293142947708338,0.086540870529375,0.252818680130905,0.642190175169142
248,0.0294386798227968,0.0869875398496876,0.252323641298581,0.663747975046527
249,0.0294627116209701,0.0873216167476981,0.252274084132895,0.626763507015307
250,0.0293463382264229,0.087062729574568,0.260628113911064,0.661913614887769
251,0.0293969856740178,0.0870954177453213,0.263264867323206,0.667598319856584
252,0.0294064792163274,0.086811395168052,0.253193514881328,0.656105740023982
253,0.0292936636849002,0.086595087603,0.249583964891156,0.657901170269111
254,0.0294324389628722,0.0867038887076091,0.250596680389647,0.661304516019718
255,0.0293512827680484,0.0868203937704006,0.253437019686989,0.617846508744525
256,0.0294297805893204,0.0871079649178461,0.253327095902926,0.683414359117756
257,0.0295013878366689,0.0865160958652957,0.259884026626339,0.646211717304342
258,0.0293243186760833,0.086175355131778,0.258800907878442,0.661302745820151
259,0.0294671118083139,0.0867481482424102,0.2554890575445,0.655178383218524
260,0.0293525419811962,0.0872806892291742,0.254839796410765,0.634293194957691
261,0.029360883691934,0.086495329812335,0.252823074017149,0.709830305092246
262,0.0293525883499562,0.085874992281241,0.254009465790811,0.64513251429692
263,0.0293485567682167,0.0864048544043621,0.254031560857162,0.684839195435797
264,0.029425393660839,0.0876339608929651,0.258468742187434,0.643364712132823
265,0.0294380557312038,0.0877083307740939,0.254759609276831,0.692677629797299
266,0.0294453324294478,0.0861557607530389,0.258622537442278,0.690097981671468
267,0.0293811275436103,0.0875387329177718,0.26441111037274,0.667328866002525
268,0.0293088182711882,0.0861387975777398,0.253385019062168,0.639809073260721
269,0.0294259689669853,0.0866721564218168,0.252292376089247,0.645639397951368
270,0.0295472587512778,0.0862216898367743,0.254815005822951,0.633369183576688
271,0.0294896357364476,0.0867316247118949,0.257622375655082,0.652469540047855
272,0.0293487883314673,0.0864935168167191,0.258058050617141,0.680620949631902
273,0.029377896638644,0.0863258057970246,0.247678286608029,0.629871544602001
274,0.0293965900973547,0.0867588271557373,0.259708030135389,0.640802963947747
275,0.0294899679760309,0.0866441922878686,0.25806854353952,0.632667156352563
276,0.0293992452153675,0.0876404313991636,0.259275134191005,0.632236040816387
277,0.0292695258750017,0.0860900734105527,0.249839577484765,0.678483315067901
278,0.0293222770581272,0.0863918490473651,0.253480027577686,0.646010910819719
279,0.0293933949676709,0.0860948345445656,0.253373575042498,0.64432846494588
280,0.029372383305147,0.0870985436503919,0.254200445192277,0.658811779208516
281,0.0294330911443403,0.0863067255486085,0.251099343239215,0.714323611948415
282,0.0293114042670847,0.086671304018502,0.255961911238352,0.658262439189465
283,0.0293525349364922,0.0861941691917495,0.248916171610892,0.614347736466206
284,0.0294925891173454,0.0869975321570613,0.254350596413596,0.675263556578353
285,0.0293247234252972,0.0868950331335634,0.251666223566756,0.646762252205161
286,0.0293630753595458,0.086225570133585,0.253697557443093,0.673020588829537
287,0.029371604419597,0.0860681545351136,0.251404078682431,0.63122349845912
288,0.0293155830729036,0.0861270388762213,0.251059054349241,0.650362896179597
289,0.029364614638466,0.0870393364375417,0.257361263106364,0.695057113672998
290,0.029383097355812,0.0867108873269802,0.258440388482185,0.66114907990687
291,0.0294071581034783,0.0869337127555303,0.257600092264736,0.652689044140482
292,0.0293993994882899,0.0867384460500562,0.256744006470253,0.678766063472128
293,0.0294972010622809,0.087208206986804,0.251095424481996,0.614953646320497
294,0.0295277942679647,0.0866271259591827,0.263747644780469,0.653641676254671
295,0.0293550777755823,0.0867010893445113,0.259253097526345,0.673858331167955
296,0.0294529489568476,0.0865725179430268,0.252587724208321,0.658807652105543
297,0.0294104687809006,0.086595714063309,0.260050860287795,0.670997866689142
298,0.0293604015162294,0.086103522206748,0.259597903089001,0.642637326289959
299,0.029457857847662,0.0866488104445688,0.248869200894421,0.648710419403153
300,0.0294184116993119,0.0870977561188588,0.251129232375984,0.663572680937478
301,0.0294222465766089,0.087177252538578,0.25726810212875,0.678336259417357
302,0.0293753900928292,0.086874614272256,0.256989679178774,0.633159739922656
303,0.0294037203824435,0.0860825976570226,0.247123369941304,0.64233607414669
304,0.0293695067148676,0.0868657887081843,0.253189547784336,0.630118446992498
305,0.0294787536660828,0.086947082535233,0.256027340165036,0.663252335063546
306,0.0295265178851455,0.0872771990813242,0.252767886081724,0.608678216655783
307,0.0294430762312635,0.0868337116390057,0.254282481391477,0.669214387361822
308,0.0294427399096909,0.0864870718288875,0.257478514802745,0.675043495369508
309,0.0294480798108894,0.086893044166008,0.251058197224689,0.64104721155863
310,0.0294129111600571,0.0865608714483042,0.259494626338713,0.67719583887885
311,0.029446066496556,0.087345816525314,0.260225982638754,0.647054467795998
312,0.0293959560510752,0.0860850735414082,0.257237542899098,0.645617978338045
313,0.0294426906725139,0.0868591255101321,0.255027980555217,0.659147050126903
314,0.0293800920788355,0.086744703781758,0.255242160483728,0.664931921443611
315,0.0293891935464831,0.0873804138403395,0.249801984415376,0.657309889258011
316,0.0294524886493919,0.0874872128204742,0.258110781285938,0.648317394491013
317,0.0294328111172152,0.086657404752553,0.253763192963674,0.683491582228547
318,0.029366818180353,0.0873152192604057,0.254955792960962,0.68361431660444
319,0.0294330639645974,0.0858210082025156,0.251571363945743,0.647891490572774
320,0.0294840241757223,0.0870260310253295,0.260617646241431,0.650546536018766
321,0.02939229071624,0.0865996399644038,0.259491559800081,0.660792206957572
322,0.0293155280012343,0.0871960796940909,0.254862284931085,0.65260279379301
323,0.0294445809275893,0.0864551835755597,0.253597666647948,0.659983141025699
324,0.0293165650982493,0.0856931673149727,0.24970483936681,0.670898517705164
325,0.0294489915242036,0.0872120118058931,0.261258827941155,0.663656190047988
326,0.0293584755181583,0.0872286496145992,0.259054160441686,0.673848602037039
327,0.0295329656704891,0.0880193490392796,0.256420801083816,0.631008573829028
328,0.0294213054835458,0.0869418497280996,0.254057036615002,0.669693237845331
329,0.0294253795750986,0.0873701474413589,0.252164461256491,0.673921986537694
330,0.0293499448632125,0.0869202725576606,0.255594776329018,0.690326108065339
331,0.0294420143006159,0.0869101326497782,0.25996340792449,0.680196834263312
332,0.0294000124632293,0.086296613747553,0.25649975255348,0.639089602874516
333,0.0293867173917108,0.0870558115402397,0.259000677855116,0.664923459485923
334,0.0293750556280289,0.0863250006113383,0.25406357981113,0.628128961042413
335,0.0293762138606858,0.0861830221854768,0.250786384003321,0.679586970687306
336,0.0293908144233921,0.0866668389787087,0.254978905941995,0.661519983433985
337,0.029421971572559,0.0864103352039612,0.255248365854627,0.662845259481476
338,0.0294628706398226,0.0875041734759773,0.256291226097071,0.642529073810025
339,0.0293604963646047,0.0861310414544279,0.255527133978001,0.629116717122725
340,0.0294550026542026,0.0869886007336536,0.255753741919156,0.653195329345057
341,0.0293926748569364,0.0864468985177464,0.251273693355524,0.65928848940703
342,0.0294058310841482,0.0871672228104627,0.259710114029004,0.67324833395569
343,0.0294012589022233,0.0863482246362156,0.250384875949232,0.66219144653862
344,0.0294242246043674,0.0866960328526534,0.254136512085945,0.667411131276553
345,0.0294485994111581,0.086095459910899,0.249847779281162,0.625771798954587
346,0.0293249683710522,0.0859364653647762,0.251741056693097,0.647389843355911
347,0.0294486180149511,0.0861501144336213,0.256992941481829,0.692149085020412
348,0.0293920654243379,0.0861891546070813,0.250332691282119,0.631430799946023
349,0.0294218411532249,0.0875615766524565,0.259491380152493,0.666330982677359
350,0.029312356685947,0.0865435281624395,0.251127620964722,0.672603468371649
351,0.0293279555753656,0.086778258061489,0.249806468068555,0.625172560088705
352,0.0293325363924972,0.0864939936802664,0.253140270482471,0.67916552204159
353,0.0295045811107502,0.0874062279976828,0.251698368268061,0.641973305078437
354,0.0293133570729104,0.086612445434601,0.253429984978106,0.667450748783725
355,0.029441870808132,0.0868638590148208,0.252264583571403,0.682461847429675
356,0.029402839645336,0.0873031810293683,0.258863813895634,0.669254001779611
357,0.0293854948561319,0.0870635165134254,0.255429987368299,0.710555894192659
358,0.0294140501308516,0.0872114373708772,0.253611980357545,0.693399622680629
359,0.02939112755508,0.0860117745409079,0.250918718255017,0.650017407711756
360,0.0294071397569886,0.0865419608336897,0.253403613129276,0.682625020490082
361,0.0294459283209978,0.0867963733083169,0.254617759395025,0.64931443882993
362,0.0294468672915184,0.0873096592313374,0.264805655536925,0.68394996967711
363,0.0294679105031008,0.0865995322493107,0.254639508888737,0.646924147961224
364,0.0294420289138507,0.0873043662836637,0.25064351413841,0.685244415695667
365,0.0293419694528726,0.0858015623167931,0.255601881491707,0.648210635134699
366,0.0293601927325204,0.0859972987625552,0.254230642237556,0.67903845571602
367,0.0293484617271166,0.0859540913489246,0.250025868025679,0.645837251734944
368,0.0293570048660244,0.0864444838281894,0.255796847454014,0.700856794669908
369,0.029488888219462,0.0873101163958959,0.25193210337686,0.621702640887673
370,0.0293840482282983,0.0870341597603249,0.25785355208439,0.675861694138791
371,0.0293623791334284,0.0867285703954352,0.258526019046795,0.645385011194746
372,0.0294340083524927,0.0874431422477197,0.253480651927024,0.669347392606355
373,0.0294411000760576,0.0863508628864443,0.247057728070041,0.644287635353154
374,0.0294432978800469,0.0872497542160806,0.261439561272084,0.642918278752444
375,0.029486699398682,0.0875792401252219,0.257781388982518,0.657692109973646
376,0.0293829849784754,0.0871583149904173,0.252381185144236,0.628168533117295
377,0.0293970063953569,0.0864568249577247,0.250042520838252,0.636018758287743
378,0.0293567274101378,0.08615523467932,0.249661166428524,0.652989374583566
379,0.0293965669580318,0.0867663536204814,0.263028290055863,0.67400934162762
380,0.0294270234915172,0.0863138859722357,0.260205424019167,0.672317255458136
381,0.0293451384925949,0.0865127392017996,0.246721851588142,0.665002874844098
382,0.0294451928350233,0.0868081296252324,0.253355767361315,0.643214120430387
383,0.029385813352016,0.0867018586919753,0.253537740739254,0.65212586381006
384,0.0293365141564776,0.0869734959030622,0.26318625155332,0.68238285485574
385,0.0294092457597719,0.08676608018749,0.256348067686976,0.653390818850902
386,0.0293779885287012,0.0865747801956422,0.258289155697964,0.647134178974648
387,0.0294647159088932,0.086740719196144,0.2565748155828,0.660537072080595
388,0.0294506629079621,0.0860170532205615,0.250918256106905,0.657788630328862
389,0.0294128162907231,0.0865799155866601,0.252243757751393,0.700071911286166
390,0.0293885525315292,0.0862111614036828,0.251318049843677,0.681195476192106
391,0.0293771912305865,0.086707688827672,0.25467780058407,0.641136403006356
392,0.0294005183971847,0.0866738666374806,0.251712413969707,0.67454389710771
393,0.0294197148778628,0.0866578834520518,0.262072642011425,0.659074091651906
394,0.029391785294212,0.087278090059289,0.257385853286854,0.646655328684383
395,0.0293635133136713,0.0866716938779357,0.252444334247393,0.682969990838954
396,0.0294132858433725,0.0868581624256697,0.254246484644212,0.650105405904879
397,0.0293898076400446,0.0860617741968067,0.25517538673274,0.715546913811338
398,0.0294189346496635,0.0857955355967435,0.253881176992461,0.689144763265952
399,0.0294429137354939,0.0865349419292133,0.260116519863011,0.671841834745435
400,0.0293788546145499,0.0872594769085415,0.256278831178882,0.669421493929134
401,0.0292673208905154,0.0853564400894971,0.247567679586302,0.667994404573918
402,0.0292878550138543,0.0859313076069172,0.252726364140952,0.658070860141433
403,0.0294047299446358,0.0867502646176437,0.254020164871727,0.658886041393327
404,0.0294726760315605,0.0877214002482586,0.255905586155022,0.698437818719123
405,0.0292928666804684,0.0863508136830742,0.259214298615194,0.655187129138276
406,0.0294415500815236,0.0866257313551664,0.256343721593764,0.679814161935514
407,0.0294248393111698,0.0865388360118642,0.259175445606347,0.635018114448123
408,0.0294277384384638,0.0870363552651714,0.254609617252786,0.700173617397088
409,0.0293546600915442,0.0861362400655786,0.259797297227398,0.673146362675905
410,0.0293621650751679,0.0869283031741941,0.255859088155173,0.644578012396386
411,0.0294610577625372,0.0863051601719396,0.259025144280987,0.711884350279359
412,0.0293792051066429,0.0861402644028774,0.255739552065321,0.70141451740087
413,0.0293892951000894,0.0867580764631157,0.256948320509464,0.667194776820096
414,0.0293616962330269,0.086137672058029,0.252503583670624,0.642140523610963
415,0.02942641447976,0.0873407333564893,0.249781657412197,0.653025186190014
416,0.0294166547462562,0.0862158528565425,0.249893459862226,0.65448524463824
417,0.0293849135173511,0.0864461218702568,0.253260913073143,0.680404097704174
418,0.0293387761889824,0.086512634910073,0.255536281498498,0.647727621473011
419,0.029449310771705,0.086189812570665,0.259436431544302,0.656491830687428
420,0.0293694293377626,0.0865797018432182,0.252985655458101,0.643868182047059
421,0.0294237248739736,0.0861450704173021,0.256659479703001,0.675917527942518
422,0.0293601494724719,0.0860003847471222,0.2503684107697,0.643964887640054
423,0.029458621412695,0.0865646061027056,0.253517138263259,0.662252304098041
424,0.029454411010946,0.0860879867344407,0.248468254606784,0.645748455069485
425,0.0293895401882334,0.0868479161465999,0.251539172041197,0.631805358949293
426,0.029372191350052,0.0870863885746779,0.258488754414881,0.643227850669531
427,0.0293059311432447,0.0871494862379954,0.257060657893058,0.671644249337733
428,0.0294682790981796,0.086491829979167,0.250552147454235,0.690349203602486
429,0.0293137825254854,0.0865457820583791,0.254844594079069,0.631903868075692
430,0.0294009349593008,0.0864652612234506,0.25166852205922,0.670478232938253
431,0.0294519960131256,0.0874078715257614,0.259835148631463,0.630298593360581
432,0.0294647398123502,0.0865154092946079,0.251117723790692,0.648518896254164
433,0.029277000223982,0.0861533101911211,0.24565163840584,0.62762640200703
434,0.0294036084052725,0.087156110362584,0.250587608325385,0.667071407203361
435,0.0294708430195314,0.0862459077363524,0.255081371583053,0.65158459926962
436,0.0294358757720018,0.0872937715912422,0.26325344196993,0.659795054385265
437,0.029482467100101,0.086996210606508,0.260365435618382,0.660357226482867
438,0.0293735357651996,0.0867592078217239,0.251828093136794,0.63338673283958
439,0.0293959503733966,0.0873131413667552,0.260538096564312,0.68771667335294
440,0.0294167071431762,0.0866615530890637,0.259793869046468,0.654619741041139
441,0.0293435263996453,0.0864051968665265,0.250009079920721,0.671017994095948
442,0.0294244403835731,0.086380080681634,0.253114232881832,0.632980260274584
443,0.0293998353391304,0.0866437223880123,0.254783660327784,0.673907102412349
444,0.0293357715913992,0.086236132294425,0.256835832604237,0.701331841708981
445,0.0294585203757645,0.0862768203401685,0.257296228615649,0.678459184431271
446,0.0293743392443928,0.0864041301110214,0.254349217497358,0.673550085827061
447,0.0293795684126794,0.0863804597320838,0.258057855615343,0.627643478526774
448,0.0294523975756068,0.0873524898700578,0.247834845925974,0.628068744085805
449,0.029439175688552,0.0862939134323371,0.250330617170467,0.657186402650172
450,0.0293429459680964,0.0869216015900542,0.257698347618648,0.654083097560465
451,0.0294667858751585,0.0866054655979099,0.255219758175085,0.668209131238242
452,0.0294544368345146,0.0869765335112288,0.254415650086544,0.664691144463653
453,0.0293369597935728,0.0868751602743224,0.254912511525605,0.665182708076352
454,0.0293574327735345,0.0866341572590638,0.252271906195029,0.630088992013054
455,0.0294541619243664,0.0866212281421135,0.262017769924519,0.689819961701463
456,0.0294007956141177,0.0872480291792875,0.254769575065473,0.645050927072566
457,0.0293196657073489,0.0867106388238329,0.259594088921974,0.690959377022678
458,0.0294229073357886,0.0863724875054501,0.252933570482027,0.633181553430127
459,0.0294030638176957,0.0866802314102603,0.254367125721103,0.676384247139416
460,0.0293759718536966,0.0870594428788488,0.257452055134375,0.660278919269319
461,0.0293482630587717,0.086876775995157,0.252316201248246,0.665702541145742
462,0.0294057393924624,0.0869556890739084,0.256290137181902,0.660986911117145
463,0.0293824407474997,0.0864176243956095,0.259654683827129,0.647454883986679
464,0.0294020728975252,0.0876373170950276,0.255432414886095,0.644332085729416
465,0.0293530336638422,0.0864039215653755,0.250201878496268,0.625364006987989
466,0.029320092944476,0.0866532429252684,0.260173175587278,0.658356408877954
467,0.0293246675749332,0.0859079418480594,0.253708277886505,0.684889674761241
468,0.0293865514484259,0.0870291675215,0.259922360757173,0.672278927249214
469,0.0294119253979239,0.0869594255322631,0.259393191164463,0.709712918526948
470,0.0294657471661841,0.0863722600574543,0.256956828122851,0.663476100100909
471,0.0293932585684568,0.086619751114977,0.253978971036788,0.661490700361937
472,0.0294423389758878,0.0860849458418751,0.253379103800722,0.642275917395543
473,0.0293533883612879,0.0866744891919703,0.249148425340975,0.675844607820485
474,0.0293138158303358,0.0866621553906793,0.255215543626859,0.648731377054903
475,0.0293470674915097,0.0866521263492894,0.256916598738646,0.633254203945805
476,0.0293882915150004,0.0860757232482592,0.248877651885598,0.641489684666179
477,0.0293668402013924,0.0868903375982664,0.256123181611062,0.669725795314266
478,0.0294124267373281,0.0868882873599301,0.260223963283499,0.706474025899506
479,0.0294475988326785,0.0868279171502032,0.256529770883689,0.649751283094816
480,0.0293936356151021,0.0866102026271043,0.248151627870186,0.66021678501934
481,0.0293887058004743,0.0869865514245752,0.254830082962903,0.646641286957841
482,0.0294377996061976,0.0859933331308269,0.247630287963783,0.6268008006755
483,0.0294468194923263,0.0869645425996007,0.253963741669174,0.69520083023551
484,0.0293632374796895,0.0875067958394002,0.251815033587087,0.658066980106201
485,0.0293933609458155,0.0869740036641331,0.252803869394897,0.644023723934935
486,0.0293671047487347,0.0868547954249296,0.261369724661301,0.671308724647943
487,0.0293396116005127,0.0868061616307668,0.25723927703206,0.639076257090978
488,0.0294770366498137,0.0872351624838416,0.252577620650253,0.638904512948709
489,0.0294356482741571,0.0863575712433558,0.253554389099273,0.668952293617533
490,0.0293717901559806,0.0867081324447297,0.256914635201359,0.629802022326673
491,0.0294433473620068,0.0865677751213954,0.254534326129471,0.66825434367553
492,0.0293431875644843,0.0859207200956636,0.250745645688944,0.64798605566339
493,0.0294203675736736,0.0858374159205164,0.24967152079327,0.658430873915995
494,0.0294142336478072,0.0868882496321997,0.259021636362328,0.654316899577263
495,0.0294285276219877,0.0872453451859675,0.260891483004787,0.696004195650626
496,0.0292946667954311,0.0867268393097494,0.258945094745968,0.62967052799198
497,0.0293949546766301,0.086629228065757,0.255329293622617,0.656647245285135
498,0.0294122961687301,0.0860017883130706,0.25794694492265,0.685080256529638
499,0.0293579162641452,0.0861371623653067,0.252257936883013,0.654788249850854
500,0.0293229020144382,0.0865772322105834,0.255648547236933,0.621862606584414
501,0.0294256145170666,0.08702060694555,0.256847562508836,0.684775208725381
502,0.0294020291763677,0.0860981300178087,0.253952149134381,0.635204730593062
503,0.0294263896676158,0.0869819545522103,0.249019524469844,0.639200441889899
504,0.0293556290787391,0.0870076456715907,0.256144615417742,0.71008102095435
505,0.0293561489614962,0.0866388796946361,0.255004658964053,0.654762025537349
506,0.0294711396341131,0.0868089685434592,0.251770461885098,0.640389675730344
507,0.0294594226226971,0.0867925619808367,0.251021764688335,0.673657785204615
508,0.0294148450749351,0.0864566752389794,0.253041362729064,0.631904772584176
509,0.0294022773066938,0.0873701069088772,0.250776096156585,0.656914010387323
510,0.0293965635759062,0.086772922481411,0.258224903232939,0.702563865226548
511,0.0293177040995654,0.0864325873102866,0.255299968290146,0.656915047379173
512,0.0294470292387012,0.0876081186813968,0.259243511227542,0.695420277781522
513,0.0293807540722835,0.0859078177937199,0.255065186492501,0.663214528339727
514,0.0294069387731767,0.0872081562425848,0.2561314495112,0.670614797399488
515,0.0294931473254709,0.0865816975130575,0.257472685066952,0.645266346947617
516,0.029386659513641,0.0867040399785707,0.259080470506878,0.658339771438317
517,0.0294187815247644,0.0868712419381727,0.254579078295498,0.673316822575346
518,0.0294248987344247,0.0874553488398578,0.254605403407206,0.669004787910754
519,0.0294165646947217,0.0860046995433222,0.251667450411739,0.688684150572369
520,0.0294430650049774,0.0864734078440381,0.249792359184562,0.642880934767852
521,0.0293790053552538,0.0864176962874778,0.250693332128523,0.632835077395389
522,0.029339605608944,0.0866293731942641,0.253520082157362,0.635040990965529
523,0.0294817943238049,0.085723574587722,0.249961862941292,0.64743493025092
524,0.0293062390267942,0.0868088362801691,0.25753368686382,0.632221681235685
525,0.0294586418181821,0.0864142190850364,0.256236156155149,0.661863325656817
526,0.0294491171633835,0.0870537309816181,0.257606747836135,0.654845966946276
527,0.0293566695795427,0.086676001796265,0.250894149862519,0.663143947586099
528,0.0294696582618053,0.0866435392253459,0.259379039104905,0.705054624470785
529,0.0294160535801305,0.0866870661757131,0.250387470080354,0.639622748771742
530,0.0293579970203298,0.0860706399685858,0.251871788362152,0.629651968064471
531,0.0294173492579544,0.0865237524648853,0.257337026827938,0.719215617576757
532,0.0292622994538063,0.0870512750241913,0.255226467954696,0.686719862694506
533,0.0294151601619472,0.0861423283816556,0.254942669293521,0.699669172053949
534,0.0293088650177985,0.0861653550368894,0.251894679940334,0.659168952283048
535,0.0292997153381337,0.0866995504684573,0.254057425864473,0.679965191044193
536,0.0294362036187953,0.0869131775297355,0.250534429884322,0.636495376045496
537,0.0293812205629901,0.0865892615669556,0.249512563331536,0.635213632911986
538,0.0294599124873887,0.0872541869766941,0.250232319344286,0.64162050540181
539,0.0293966654200279,0.0861816342375938,0.254467174827264,0.642355356155925
540,0.0293219259217935,0.086804613464328,0.262250697868599,0.650250356257764
541,0.029524819838212,0.0869411794761643,0.25394326711258,0.657054476769023
542,0.029311419793808,0.0858457295731981,0.250428922193841,0.62595832045962
543,0.0294160861842368,0.0871160188898294,0.253473443298937,0.651428454615057
544,0.029455699230127,0.0874918415687926,0.256295719992037,0.652478680720134
545,0.0293483089833995,0.0863221857342715,0.255470496061981,0.716266586807527
546,0.0294567658929698,0.0859596256640358,0.250271467252287,0.687431376801314
547,0.0294087255370659,0.0865057116129929,0.248731241940598,0.64683225494497
548,0.0293761823157578,0.0863586348648024,0.255080252334947,0.665062880412311
549,0.0294122951615369,0.0870811828332682,0.250351168413293,0.667374003759699
550,0.0293066444583312,0.0865186378060029,0.25114852887109,0.62886269776384
551,0.0293683832062812,0.0865283699775874,0.259914743379729,0.69370220294631
552,0.0293964014786785,0.0861964852868026,0.2566524396158,0.673857996558761
553,0.0294526781104586,0.0874187430751182,0.255305355939883,0.656434285105073
554,0.02930739924857,0.086723436033236,0.255453216194604,0.681843577379566
555,0.029328405375843,0.0872648092133566,0.256970609189811,0.689367045066817
556,0.0294109962074946,0.0876796998659083,0.256401774535147,0.655164727913103
557,0.0294429896103232,0.0861437661889382,0.258829468762091,0.674475080484808
558,0.0294485350685346,0.0866817566303826,0.249164041147772,0.635059492051557
559,0.0293910778566053,0.0871513676079938,0.263231844899402,0.721691810820918
560,0.0294096958883004,0.0863739219422994,0.251251304930005,0.661492774160813
561,0.0294104111641281,0.0867176365909848,0.255656985681389,0.641554563714175
562,0.0293617230334378,0.0862574416082197,0.249465164377485,0.634415222318305
563,0.0293647877641414,0.0868124951689625,0.254462064578509,0.663274844491511
564,0.0293730070835586,0.0866753217272271,0.256041770385909,0.640275647250034
565,0.029465430043914,0.087009804993874,0.255574079094583,0.644659720208964
566,0.0293706913850707,0.0872641790753663,0.255393532033712,0.642815555787185
567,0.029416178959609,0.0864232480995455,0.25152909160825,0.698492247006023
568,0.0293786572169359,0.087081498053993,0.256861289591445,0.646949160824097
569,0.0293295372986331,0.0862899678231663,0.255057863902081,0.671134607440716
570,0.0294570825339408,0.086499072353572,0.258437476478723,0.647300361897533
571,0.0294121192013379,0.0863408042895958,0.250580295369471,0.661875004781416
572,0.0293361175442208,0.0863682302226319,0.256454584085183,0.652409404982722
573,0.0293867474203832,0.0873235432596688,0.256511564524971,0.665396847294874
574,0.0294715034790542,0.0868511826177092,0.254591436166996,0.642180573542123
575,0.0294295098500946,0.086964579813967,0.254117974417772,0.65001284634858
576,0.0293472207865775,0.087610471320444,0.263952087458109,0.680599274369367
577,0.029404464790059,0.0866547765822304,0.247581950601919,0.646660843978207
578,0.0294413189784367,0.0871700367692806,0.25024340079384,0.636019950130791
579,0.029409976172368,0.0867936132339923,0.260918380198973,0.632213560077158
580,0.0293750596701874,0.0866788825768812,0.255683212560024,0.654010951436406
581,0.0294239235859519,0.0868976209507687,0.253995956812448,0.655550637206355
582,0.0293133888974627,0.0864982684082183,0.249361424974057,0.674696964235623
583,0.0293934207868265,0.0872289542770188,0.255814026061381,0.673961698804303
584,0.0294848706566418,0.0870965736014414,0.256900775453484,0.70570378192621
585,0.0293850294732228,0.0864368124638631,0.263015226318483,0.708152543911583
586,0.0294792093436735,0.086606662615233,0.259028892206905,0.667675958866981
587,0.0293741330702424,0.0861520941055003,0.247402022582366,0.674174047634167
588,0.029369981086205,0.085993601054059,0.257065788530321,0.67273048176175
589,0.0293447910549758,0.0863983264458753,0.252447536701765,0.663870719805925
590,0.0293714569979508,0.0867026274644177,0.258857045756308,0.673652235362704
591,0.0293317935950157,0.0865673088560614,0.254457127872466,0.653645694625796
592,0.0293720445586837,0.086712482661329,0.256814657087028,0.656378273864474
593,0.0294033007634965,0.0870862004305055,0.252064916799845,0.657818774127404
594,0.0294323649522662,0.0873010376691173,0.251211895206207,0.660378125350237
595,0.0294818453915874,0.0875758901677318,0.249250912167229,0.699052918065251
596,0.02945109657301,0.0869718452291039,0.254410938938251,0.642091455407918
597,0.0294052682933016,0.0856428979801682,0.252263899834651,0.648034169207423
598,0.0293749156088606,0.0865965760450328,0.254085346798644,0.705306463189737
599,0.0294676837355193,0.0866008093759292,0.25371776874058,0.62676672781639
600,0.0293970936509514,0.0868320490964859,0.257282186657503,0.679860363310803
601,0.0294628532604328,0.0869319462824728,0.254197129059593,0.682617622812846
602,0.0293270863703408,0.0863079274039933,0.249162090333399,0.618706444494701
603,0.029410624768378,0.0860781086136091,0.24689893375205,0.615538524003753
604,0.0293144787004715,0.0867118398604653,0.251353174115276,0.684783549176998
605,0.0293035021578676,0.08596836887115,0.251427531058979,0.628105121640979
606,0.0294846862638338,0.0862759847437335,0.259026788466003,0.671856484193465
607,0.0293742721555249,0.0861484201583759,0.253938300182839,0.62046429113322
608,0.0293210392133587,0.0868416506395305,0.257165729485377,0.621343421918862
609,0.0294218545952688,0.0868460776798197,0.252076140973904,0.652146878158212
610,0.0294394374251858,0.0869279405151657,0.254505167469678,0.653957610863521
611,0.0294140854806461,0.0863134536814275,0.251110941893419,0.658862843352063
612,0.0293494906985967,0.0860767719302592,0.250428027528915,0.629340886404031
613,0.0294077626674494,0.0865787558216909,0.256025021723107,0.657966029187182
614,0.029376786443347,0.0870346877726781,0.255015707319609,0.648566946916345
615,0.029314721546692,0.0864050322953776,0.256698990535069,0.65988849170438
616,0.0293660829082838,0.0871615957360011,0.254773208103295,0.675044833051964
617,0.0293534151714117,0.0853600971438194,0.256358308476593,0.64445239328042
618,0.0293746143477367,0.0864671955693918,0.254433462083278,0.670388576050225
619,0.0293466421273377,0.0862727466290441,0.257550391735682,0.649735263651965
620,0.029382152455749,0.0865662379734242,0.255575559597091,0.633428943904816
621,0.0293527085961158,0.0873408959501627,0.259938977476271,0.657606634729771
622,0.0293345455194323,0.085883076656257,0.253477727305921,0.665194049816929
623,0.0293583995694289,0.0862214521911692,0.24883407093549,0.630705219577629
624,0.0293886168964257,0.0866930181929241,0.254992843184511,0.676866709375534
625,0.029472851488234,0.0873189242385076,0.253329103547243,0.651234824065039
626,0.029401823693897,0.086698820456176,0.251825929416108,0.679255327898239
627,0.0293395354612646,0.0853479684349455,0.249748973199438,0.665077596503818
628,0.0293850230978296,0.0869627865571445,0.253732799286739,0.672193377658909
629,0.0294281438156728,0.0862998105490686,0.258811655654421,0.639610257525395
630,0.0293468708566658,0.086810784567853,0.256786547606127,0.625009324943079
631,0.0294834799254118,0.0870166426612732,0.25834758046306,0.658924183400705
632,0.0294803980893272,0.0867123809089182,0.25105129459995,0.674667027477217
633,0.0294542509200075,0.0871178254928626,0.246856911665499,0.622512969713038
634,0.0294586177669164,0.0870065516305705,0.245686236451601,0.644060178261301
635,0.029430427684937,0.0867681110271056,0.257438586999412,0.661496354096984
636,0.0293893461282581,0.0866475210758766,0.255565287210715,0.680686034787163
637,0.0292920629044221,0.0857299719883139,0.250203911592619,0.649610168538814
638,0.0294267171007289,0.0866488579520532,0.256215391818589,0.674736623399311
639,0.0293809108956468,0.0859590228771993,0.255813899880641,0.650764816570374
640,0.0294538967253929,0.0856386634717718,0.2530363247745,0.650059371492072
641,0.0293738505621952,0.0867886772050386,0.254512024078835,0.624885494215421
642,0.0294563262828235,0.0871376241678821,0.259017004980514,0.669645383624898
643,0.0293929949581877,0.0863029645933797,0.253944133217283,0.673593114985861
644,0.0294125734919927,0.0858908617921008,0.251550640417047,0.64890399362923
645,0.0294020179979067,0.0875298122103869,0.255060025555251,0.710462752174732
646,0.0294795777690772,0.0878166606515961,0.261526793040049,0.650414541053237
647,0.0295164918989891,0.0869159298287466,0.253331235248609,0.655172840343301
648,0.0294283495427265,0.0875834213388973,0.261154610838719,0.714222289713934
649,0.0293324017621788,0.0862818505891362,0.252182432034178,0.658039127012726
650,0.0293852781875688,0.0863537482229731,0.255613139706245,0.648609040687232
651,0.0293404399335854,0.086702323138096,0.256167392252444,0.678399811383258
652,0.0294318178946479,0.086472898423571,0.255979734413119,0.636023332998837
653,0.0293980744583775,0.0872064751013513,0.256021443345428,0.660883042533692
654,0.0294030287303074,0.0867879763954753,0.257053174196978,0.634252417859903
655,0.0293575583673263,0.0867615769897546,0.248138962394437,0.687826707198427
656,0.0293657137953146,0.0876117763421869,0.257825270955504,0.663947757573348
657,0.0293605543011401,0.0861277114955353,0.251351838794439,0.642771615320868
658,0.0294425273882727,0.0869968982562133,0.256196569932487,0.606314421602033
659,0.0293825609894248,0.0864101917296012,0.251254729619345,0.627415885175854
660,0.0293847189235596,0.0865191608597491,0.254523403618141,0.70181516185274
661,0.0294200295613736,0.0875562023716414,0.25014771124422,0.63865856282851
662,0.0294334399876586,0.0867821729119909,0.254428190245474,0.645592632313145
663,0.0293635780035207,0.0869358599142357,0.251795371407872,0.633260838935829
664,0.0294332999027163,0.0865123270911068,0.256680237426542,0.646345530300257
665,0.0294747651693413,0.0871907457569192,0.256597529561128,0.686235075681479
666,0.0294336460732569,0.086739284785211,0.25423687972989,0.645135160878455
667,0.0293025059724186,0.0860917190862907,0.251602912207545,0.688279400159171
668,0.0294473391858957,0.0879702314109826,0.259159520014298,0.691695354449572
669,0.0293400219999378,0.0862104162664017,0.253557816678384,0.618291731904254
670,0.0293157928045865,0.0863905887846629,0.254079025159631,0.642474694289194
671,0.0294567046418069,0.0872602066700337,0.251775426990768,0.633850947155028
672,0.0293801381046442,0.0872557762633004,0.256209292371108,0.708565853790024
673,0.0294103626084685,0.0865234651470379,0.250076324002888,0.654632873310598
674,0.0294421087641425,0.086927858753897,0.252023082352651,0.629825722275306
675,0.0292955312518869,0.0862298927197319,0.251422089829389,0.654203786782131
676,0.0294633165632381,0.0868195550547748,0.255162990080517,0.664292667410833
677,0.0294349935621946,0.0874656746759863,0.257196397388585,0.672741568918237
678,0.0294963731637653,0.0867697533232987,0.253570806818034,0.652529289883357
679,0.0294470832483044,0.0866974639170566,0.256322016192027,0.644679306600575
680,0.029422714608995,0.0861047326500368,0.257636316307799,0.658767366194848
681,0.0294716714533245,0.087117523821426,0.25474475121027,0.62817301225857
682,0.0293807319035131,0.0862944426766673,0.245627430101745,0.638682974525668
683,0.0293660709599842,0.0872851781359054,0.257960040100861,0.676807121536148
684,0.0293994320921989,0.0868688511516445,0.253983998659588,0.679144142546221
685,0.0294616478989267,0.0861436885053746,0.251461198257855,0.609006403991891
686,0.0293977559456748,0.0872204672087105,0.255108894934773,0.698970052609001
687,0.0293814856097878,0.0864175324166906,0.245845482458787,0.642298646678969
688,0.029363245494177,0.0863033192455532,0.252497026845699,0.676381046205433
689,0.0294171343090557,0.0872202725633922,0.252375193669938,0.698132366878778
690,0.0295247251799022,0.0867494829118714,0.251050263893759,0.664675649541527
691,0.0292762287970929,0.0860771334567845,0.256735056978295,0.632168873411902
692,0.0294461232404819,0.0865244012205721,0.256852503361918,0.668651341383533
693,0.02936152715156,0.0866472503525243,0.254979505170788,0.679058966684901
694,0.0293214064924466,0.0860725815563551,0.254018733493743,0.622914391265584
695,0.0294533950395086,0.0865712190180773,0.254385902830723,0.685259492623937
696,0.029420570008309,0.0864446622428583,0.258489836195374,0.712607213052754
697,0.0294114513414805,0.0872905689941522,0.261979036638982,0.690539075917788
698,0.0294002528004895,0.0863912229161135,0.251288191585768,0.656329467406644
699,0.0293714368302827,0.0871630975547681,0.256096711078539,0.644827867790654
700,0.0293749338479762,0.0865682803186415,0.253834592482182,0.664142735951303
701,0.0294098885336532,0.0871672562643523,0.253625167985244,0.711717762181147
702,0.0294487702395147,0.0866114002570225,0.256117592937705,0.712359644888727
703,0.0294637634893338,0.0872686346077388,0.260469969190714,0.645656469724988
704,0.0294687506005234,0.0865859340918216,0.255027288910952,0.657042105317011
705,0.0294518842795921,0.0863340832856319,0.252586648269603,0.672280266195977
706,0.0293606166868566,0.0861276863001658,0.253845314934063,0.659108744810506
707,0.0293529566024759,0.0868304507595473,0.254944682643579,0.691815000263057
708,0.0293271935121003,0.0861437316105516,0.252772478431831,0.679778239843846
709,0.029397519548345,0.0866805923017554,0.255840329716653,0.639134785024256
710,0.0294549188700292,0.0861430456502437,0.257094432383,0.632943481939352
711,0.0293448442172262,0.086669177365281,0.255880407111514,0.677546387860927
712,0.0293724910562115,0.0858376749459245,0.249572771053793,0.635357935921531
713,0.0293348630389093,0.0859209781545074,0.25215853244281,0.642622510354594
714,0.0293755752672391,0.0864146650328836,0.254238845807031,0.651066837709591
715,0.0294100183830675,0.0864881769556672,0.253213092052374,0.702709763008213
716,0.0293776320871729,0.0860565636221265,0.24900152099055,0.679827499472079
717,0.0293548615341192,0.0865816769517244,0.248922217147013,0.638342154395246
718,0.0294502661677973,0.0866371583480858,0.253388458016,0.635983343002868
719,0.0293705884466017,0.0865997890368678,0.252991357329728,0.63879043954473
720,0.0293207648599325,0.0872934077770581,0.26029639877178,0.651128765251511
721,0.0294899389660024,0.0869578233622204,0.25679288565228,0.635731096250865
722,0.0294368891346904,0.0866906509119088,0.250540087827446,0.675501931589733
723,0.029380163074546,0.086116016487224,0.250929078121255,0.67825267958022
724,0.0294039516420067,0.0867730536147363,0.260302725272078,0.67066389093214
725,0.0293268353155468,0.0859294504985015,0.248979167013181,0.650020488611816
726,0.0293369695050631,0.0873772230159224,0.258306229465704,0.705736042059989
727,0.0293946543624678,0.0863067363982686,0.253829850811289,0.673972874000575
728,0.0293665299780242,0.0867002759464722,0.260914049703955,0.697112096748542
729,0.0293895404826444,0.0869861349983918,0.254673777228112,0.630517798906748
730,0.0292926063751723,0.0865411650014828,0.259323767930036,0.674418160747766
731,0.0294497756447043,0.0865755045769165,0.246627948356101,0.627856469308087
732,0.0293274115794895,0.0865404368117718,0.251745772431549,0.663406934578914
733,0.029344775161527,0.086167819239173,0.24748511086802,0.663557291220784
734,0.0294435736393046,0.0868034041070141,0.257246658374118,0.668380163956052
735,0.0293862799348629,0.0867438942633356,0.258544585390246,0.67157275864632
736,0.0294273867361291,0.0869151875698779,0.253550808673822,0.639736180906821
737,0.0293878101161278,0.0861540134467613,0.256743420041463,0.673246163108988
738,0.0293096151194957,0.0856454426694743,0.249968740281873,0.657753658366588
739,0.0294441533533031,0.0868951457853981,0.251591459030354,0.679987973520442
740,0.0293264168369284,0.0872240089054445,0.252989011530264,0.690596660370156
741,0.0293744401475338,0.0854878120117059,0.249210534850078,0.679313114107238
742,0.0293979055772305,0.0872117457109013,0.255333013093657,0.67644290558625
743,0.0293779902162216,0.086062670158197,0.249046501896118,0.67954903454817
744,0.0293401345306743,0.086800804677116,0.255374410548286,0.660717769018323
745,0.0293324928787994,0.0870610986789117,0.251483707905722,0.669648919649789
746,0.0294099881880326,0.0867765701458897,0.250907285567176,0.659484530500815
747,0.0294103401951163,0.0869969163346506,0.256481740345626,0.659140600150824
748,0.0293467522042221,0.086463779638819,0.25613041836434,0.662776910313609
749,0.0293592468287509,0.0865735496150013,0.258677238059947,0.660385905638539
750,0.0293737382546567,0.0871716818083307,0.253489629888219,0.658398704665931
751,0.029415118547225,0.0865744769366489,0.253213971854954,0.635371657147277
752,0.0294128602546182,0.0863436635760701,0.259711961335227,0.638802301221658
753,0.0293766888871826,0.0867037458310575,0.24913673438561,0.643567238455333
754,0.0292974520658475,0.0858541007111348,0.2572677557165,0.639251516138522
755,0.0294276797467612,0.0861254003555238,0.248706623542269,0.654923379389703
756,0.0293832510754391,0.086747387049681,0.255989722833948,0.677148670645182
757,0.0293563417962429,0.086036492068773,0.252950265315649,0.621436592974547
758,0.0293495686644938,0.0862254821178775,0.250572544844454,0.65900214409274
759,0.0293636095883933,0.0872948553638999,0.251661135937382,0.691427506101892
760,0.0294053089103212,0.086757136686952,0.247529774156846,0.640868552347484
761,0.0293366237256456,0.0859367727278722,0.256543861000515,0.640825591740709
762,0.0293984138509234,0.085969313044326,0.254502544865038,0.650753870918495
763,0.0293783576918874,0.0864962382020125,0.252565922942909,0.648987813675533
764,0.0294763714020683,0.0868804574194863,0.248857562968056,0.679371939429824
765,0.0293179052624948,0.0861797302617946,0.256968934748418,0.639289562292116
766,0.0294032140829773,0.0861564035815338,0.250223757958078,0.67464310654153
767,0.0294368588565047,0.0870652846845049,0.256112693203393,0.663026804821213
768,0.0294063467061194,0.0865180749432579,0.254437394463355,0.671919873881157
769,0.0294251256444907,0.0871440545092692,0.256946274706048,0.61740940823347
770,0.0294389992020777,0.086630829801359,0.259453925609058,0.648833327675196
771,0.0293078165227877,0.0866238654478832,0.257803668320098,0.651423991605951
772,0.0294267622869337,0.0866591949594721,0.247227098957013,0.676705973603334
773,0.0293699476365682,0.0867174605162442,0.251614834059772,0.680653180652306
774,0.029310392408059,0.0863831727463058,0.261866415534939,0.667124160165106
775,0.0294132813572737,0.0869376299932624,0.253408649917455,0.675648342416484
776,0.0293962465121739,0.0869434039369478,0.250740154283853,0.63017773614782
777,0.0294105420982068,0.0869348963163055,0.256181193324658,0.698893613291303
778,0.0293800401741313,0.0870684204441176,0.257756466730155,0.714750488241029
779,0.0293938552986712,0.0867538958644927,0.261099944252177,0.672789027150409
780,0.0293857577783703,0.0862399252827651,0.250844295446043,0.650247228795369
781,0.0293860149315742,0.0873029284668993,0.258333025826844,0.697019772339091
782,0.0293441684159802,0.086236182863206,0.256788707266478,0.647967939310927
783,0.0293538356908852,0.0863044050846443,0.254206267887622,0.652342607456173
784,0.0294094582649891,0.0867747039834568,0.258768625332146,0.672288484564331
785,0.0294605852384367,0.0871725607632404,0.253025211859662,0.625669220362125
786,0.0293540879590505,0.0859445336824143,0.251885589425629,0.684445457542715
787,0.0293198123174833,0.085568834901738,0.248331421885916,0.6543817851715
788,0.0294882379008295,0.0871346251207927,0.254924512078868,0.688382873458121
789,0.0293662558627061,0.0860777627823855,0.259401948657195,0.642396600781698
790,0.0294304257807479,0.0867631605753209,0.252965792112386,0.700141306471125
791,0.0293732768676514,0.0868288016873762,0.254604415237609,0.6464675410181
792,0.0293269466941185,0.0863006758619955,0.258933861046051,0.62649009406439
793,0.02934417198613,0.0863559833459323,0.258465367212375,0.646017735277872
794,0.0293782183293882,0.0864841828011358,0.252193598194462,0.636236000495659
795,0.0295164012955402,0.0865717279039969,0.251681369929664,0.689782505107146
796,0.0293359995646594,0.0862375912136209,0.247480525411513,0.693522094722981
797,0.0293974843135535,0.0874100111855737,0.258343524589804,0.693124025388084
798,0.0294019394897605,0.0872837897103978,0.254656834881634,0.623250266360293
799,0.0292926613046595,0.0858005462020596,0.253152778107071,0.703546753093023
800,0.0292582525500939,0.0852267583181124,0.251476311160001,0.676650837605167
801,0.0293618707043219,0.086055069785594,0.254769380956247,0.65512339688646
802,0.0294221696642161,0.0872520574265625,0.253147672157408,0.631000981032042
803,0.0294387325717219,0.0869641028175453,0.256638793253692,0.639065887705641
804,0.029371095024691,0.086955914431971,0.258160368270575,0.630624363367346
805,0.0293840844589385,0.0869664216446185,0.253807874787176,0.650083498816101
806,0.02951038997038,0.0865386434699759,0.251797814230128,0.653749688433545
807,0.0293974908631696,0.0864084731216988,0.249382688404442,0.65003248727028
808,0.0294158629279253,0.0870941573761744,0.255748999765226,0.663198103035142
809,0.0293482976603209,0.0868715834216783,0.254788938787568,0.674606820130403
810,0.0293744599199665,0.0863787304812344,0.253914238180502,0.687873883669226
811,0.0294462650968098,0.0865248542604135,0.253958416393979,0.658480229482736
812,0.0294745368523237,0.0870602653841569,0.256584671127431,0.653746692549838
813,0.0294420888266367,0.0867080134003472,0.249614646038784,0.662730250880541
814,0.0293573279746424,0.0871449709095422,0.251620935475852,0.644691178081584
815,0.0294166113591294,0.0873901782751422,0.25897653231101,0.686470349101314
816,0.0293392847838338,0.0868624589664535,0.260152499646434,0.693449970691819
817,0.0293689254340244,0.0869690961211945,0.255547903295736,0.693254327359695
818,0.0293039712181275,0.0876866815466999,0.26211011281503,0.635860282062686
819,0.0294006462928626,0.0863518553655497,0.246941927750972,0.6548276824562
820,0.0293659753841093,0.0854313344749956,0.248318103672882,0.680028974837163
821,0.0294142589216994,0.0871637593327845,0.263344281351173,0.655413892625466
822,0.0293881084503947,0.0861456622284963,0.249247013891149,0.631046407076182
823,0.0294024586254816,0.086577722719936,0.256772867281405,0.675675609209321
824,0.0293376170236223,0.0856649910536505,0.25241085098035,0.647552925439096
825,0.0294377050010453,0.0869898884001643,0.250553415653166,0.68061307231415
826,0.0294354204445338,0.0866172735295822,0.250538051513513,0.658970108210575
827,0.0294280160082505,0.0867723246800842,0.255687138276297,0.646618858314532
828,0.0294107389009346,0.0864659301788477,0.254359608447742,0.646403780636708
829,0.029336252837292,0.0869981311681281,0.255245931201079,0.647417863224651
830,0.0293836823919064,0.0861850803404854,0.257961543910967,0.674496636039914
831,0.0294574208033403,0.0873412755668852,0.24906849460088,0.67417416675547
832,0.0293473268683874,0.0868618324857256,0.256155644827365,0.631843190216962
833,0.0293693792582727,0.0859710044164395,0.259017994193289,0.678667049157714
834,0.0293719541638105,0.0869092093815354,0.251945839541035,0.659644035692455
835,0.0294288315545141,0.086258521979701,0.253481478604879,0.684766545767093
836,0.0294736645521515,0.0868664206578869,0.254787475173433,0.668911763222887
837,0.0294162507228779,0.0870003326695997,0.253578484016946,0.638162726021891
838,0.0294285847871789,0.0872919275138217,0.249318742647061,0.641893287296342
839,0.0293703779192053,0.0865823662828415,0.24926597806851,0.611728007657893
840,0.0293678319917432,0.0872443269692911,0.25758885301972,0.654178836969995
841,0.0293947563057196,0.0863935537380014,0.250527159991313,0.66567774101648
842,0.029361656445395,0.0865920935762826,0.248712302230239,0.624372595554271
843,0.0293950178818356,0.0870131123543577,0.252739205886957,0.639629580842493
844,0.0293193510321469,0.0876254184325884,0.259536461339473,0.671579975799498
845,0.0293190384827092,0.0862668038551849,0.253772710176138,0.65640085993245
846,0.0293837578785547,0.085993784270697,0.251874392507791,0.668383780390714
847,0.0293438943756856,0.0857150342451182,0.254127716087086,0.655870849690416
848,0.0293393937562227,0.0868002102436451,0.255796184791847,0.628967565420792
849,0.0294095112963228,0.0869921336724427,0.252129729738183,0.656537675520976
850,0.0294036992804957,0.0859047075972296,0.257508630236308,0.646943315873149
851,0.029373600168174,0.0865512377292535,0.259101346974264,0.673230954086173
852,0.0294052824945807,0.0870852525562197,0.254231520354748,0.633170568082661
853,0.0294514821376286,0.086336633859884,0.255538461073989,0.656663988885452
854,0.0293245638722818,0.0860660775803771,0.253963393869082,0.669922608403109
855,0.0294174520988355,0.0866030829404225,0.257389527330019,0.671689891604289
856,0.0293566786408395,0.0869335267506923,0.251122909949535,0.653868729746499
857,0.0293944264864965,0.0863381141419283,0.259462685057382,0.648899949875068
858,0.02945048066098,0.0871306041975933,0.257406701588165,0.675858636309978
859,0.0294355705667869,0.0867685515576741,0.250339528105435,0.703759958546496
860,0.0293730223690892,0.0859277545677148,0.259343328683593,0.645401127711292
861,0.0293147201771444,0.0861382584507587,0.253841681688648,0.670305482259022
862,0.0294471132335075,0.0869922995605378,0.249429405319264,0.662576162286896
863,0.029388111128559,0.0869333917703967,0.263081512244601,0.676003787162443
864,0.0293962138634428,0.0870135274450487,0.257243396499738,0.690518331898132
865,0.029299360232034,0.086469214720496,0.252056147985631,0.635738907356028
866,0.0293683726863846,0.0857731810631064,0.253837895427987,0.641027311181601
867,0.0293549935982816,0.0855517699007809,0.257383273356493,0.667009137481816
868,0.0293900329654265,0.0865543508154227,0.247960713624328,0.64502130130821
869,0.02941966819544,0.0865511870203372,0.250768039791934,0.674182815710582
870,0.0294146136420633,0.0859700607363524,0.252435864737746,0.67488412017751
871,0.0293869046964503,0.0854884338018739,0.247650037955697,0.650131080441911
872,0.0293356380744236,0.0858351019508557,0.252881265667356,0.652292932996968
873,0.0293892712048976,0.0870008879713793,0.256764581597493,0.666581344791733
874,0.0294554235001066,0.0870211376016768,0.251080556229613,0.670179893481936
875,0.0293058577508503,0.0863658233509083,0.255677633563627,0.627030825434839
876,0.0294543220966931,0.0861797233684821,0.247994217703308,0.667439980547956
877,0.0293964384927074,0.0865852567948919,0.254733958514236,0.692580014141032
878,0.0294046012315368,0.0864459719027057,0.251068926450035,0.65112161674376
879,0.0293784470759809,0.0864567636096746,0.256855144174383,0.677180159022026
880,0.0293630777119973,0.086671390828588,0.259161812507136,0.648784495513568
881,0.0294009189396665,0.0864844344328248,0.257364556157371,0.659192489856312
882,0.0293322113304274,0.0861917041183596,0.260819677974986,0.641445443139687
883,0.0293891084455939,0.0859252123630035,0.251742153346339,0.651631424783999
884,0.0294581777679857,0.0868194127014287,0.255395063467846,0.694127939469525
885,0.0294136164114547,0.0865929081459272,0.256432318309202,0.694185247108078
886,0.0293388527664024,0.0872200145300615,0.25345088253034,0.619883121100504
887,0.0293569769206232,0.0860366818359325,0.255248270383387,0.644602567047409
888,0.0293405738093346,0.0870274573670569,0.252986496687592,0.655344655810581
889,0.0293637561646417,0.0859322059611546,0.260800604176478,0.658959696392078
890,0.0293581162248852,0.086348964596762,0.252352079268413,0.638746213691641
891,0.0293787930823275,0.0867308117683159,0.252914431208053,0.676695541249515
892,0.0293744834517479,0.0872161064724163,0.2584646218829,0.650985727197406
893,0.0293234041104753,0.0863139797106414,0.258943358645509,0.676662288077828
894,0.0293876289086026,0.0859893158085418,0.257091832145985,0.64841348649965
895,0.0293591643818537,0.0869754578808041,0.255892305566932,0.652025230706728
896,0.029416890468344,0.0872482161260158,0.254090379216235,0.664754241685586
897,0.0293545638986025,0.0856519556661526,0.249349588746137,0.63488411149758
898,0.029332219854411,0.0865565628561572,0.251132636651507,0.649275951180926
899,0.0293798072663577,0.0862267289880664,0.253353714445274,0.651008954303997
900,0.0293720294885183,0.0865982073181834,0.252964606521979,0.685689534022622
901,0.0293485931794293,0.0858446579305307,0.260202998779062,0.709792307359657
902,0.0294320115357078,0.087052566132625,0.254532883201117,0.654855764490715
903,0.0294083913304742,0.0866656000683951,0.257140316613244,0.667518871587728
904,0.0294038751082087,0.0866560410163318,0.250897915433659,0.659345110018235
905,0.0293316752832807,0.0865761464032819,0.256602974085167,0.657619737040588
906,0.0293478424384138,0.0861304302564063,0.254107902961287,0.624400432314893
907,0.0294791617784803,0.086717023559365,0.252898807379355,0.644791161407954
908,0.0293276168960223,0.0862429890020086,0.256512671311144,0.655002440533266
909,0.0294383694098044,0.0865919387130828,0.263637319826001,0.649135467033628
910,0.0293790923681522,0.0865737767251626,0.2518366130417,0.643173846839382
911,0.0293848045490426,0.0867291068878253,0.252956703568915,0.636328677662742
912,0.0293692366522986,0.0864004543097283,0.252476135575079,0.661957946503491
913,0.0293571558097799,0.0869333231080449,0.258930714605049,0.670415247792402
914,0.0293860166291355,0.086425326689007,0.251271529448567,0.65090807801333
915,0.0294191471473757,0.0863965787569092,0.261509436425703,0.680433848425249
916,0.0293490792862724,0.0858714439283134,0.252145150281526,0.624216965095314
917,0.0294610225050362,0.086436675970742,0.253213064478302,0.628597359413275
918,0.0294178434074648,0.0863481130651094,0.25283086304123,0.683054508993128
919,0.0293163950183091,0.0862218867589693,0.245155853467356,0.633925100582628
920,0.0293273242107418,0.0865676623851645,0.253974223584057,0.642094575919558
921,0.0293967656579748,0.0862615039691396,0.257470478986386,0.670218429673721
922,0.029386013626527,0.0869856176834461,0.256101904469253,0.658812304513667
923,0.0293965258162458,0.0863736229347898,0.258287940016634,0.676746866505701
924,0.0294141137267313,0.0865450855215089,0.25418935622023,0.686350605605661
925,0.0293666052066949,0.0871532489659549,0.253304159291658,0.663516530412073
926,0.0292735452886874,0.0862644826227222,0.254379224036215,0.683587449603907
927,0.0294728670875199,0.0871516440072919,0.256112116611964,0.65021925582645
928,0.0293038288992732,0.0867481553323635,0.254424998029444,0.643519736592891
929,0.0293358491041511,0.086554270882243,0.249695459252734,0.66058656777258
930,0.0293187133699526,0.0864725741344157,0.254556106759256,0.638084404189784
931,0.0293697387598932,0.0872749264416834,0.263062073717771,0.691254345500211
932,0.0294699633140357,0.086541196347442,0.255867482066831,0.669394076118194
933,0.0293748403513747,0.0868239631712046,0.251516355252253,0.636159772605593
934,0.0293553415791017,0.0863068326979995,0.256243981674574,0.658869634138393
935,0.0294363002716448,0.0866390865399398,0.250970536024727,0.668116089596261
936,0.0293679142586371,0.0861660510059807,0.244823622106757,0.637505707576877
937,0.0293172394863843,0.0872787106738599,0.255035170765328,0.660445410699439
938,0.0293806976218796,0.0861873102215386,0.257117775457203,0.681672898849156
939,0.0293912833483794,0.087254296717946,0.257806429703606,0.667598554687868
940,0.0293852555664782,0.0862092607749714,0.246179833068471,0.643082658667264
941,0.0293891151388597,0.0870771954501524,0.258643563529376,0.703476995832733
942,0.0293551138889922,0.0866694336534291,0.250976823195646,0.641998807308334
943,0.0294599198419164,0.0864983336141467,0.250272510550214,0.650536175564746
944,0.0294064298762207,0.0866464652614667,0.250279545696965,0.655987360979865
945,0.0293168697990495,0.0857383040045414,0.250568084842634,0.617976493884718
946,0.0294530811084668,0.0863496721491972,0.257586226126944,0.655586145058992
947,0.0294079270346702,0.0867182619470579,0.2569411695507,0.727681295305816
948,0.0294084331445374,0.0862550420781324,0.252291296611476,0.653207310242386
949,0.0294607205858414,0.0863787259220841,0.248740008476407,0.681642193780517
950,0.0293763686755006,0.0861460070626688,0.255765358179564,0.700924365324202
951,0.0294912304784652,0.0865658484487047,0.250789243193741,0.648993987010896
952,0.0293726944609637,0.0869726615206653,0.257503847999475,0.678777958932591
953,0.0294436669343403,0.085999112998271,0.248111437141126,0.644337689273447
954,0.0294503645402157,0.086802692008093,0.25427862151105,0.656814969241883
955,0.0295421141133205,0.0872764429252039,0.25686460091075,0.685872979360041
956,0.0294315422220311,0.0866773751896639,0.252622819113094,0.666990959794346
957,0.0293468844696068,0.0866142008816873,0.25758623489801,0.6662987540832
958,0.0294007112848537,0.0867647363665205,0.24910330343276,0.646491839985232
959,0.0294331849803517,0.0865591099840765,0.249869975843106,0.628052050860214
960,0.0293640082682637,0.086078775025508,0.252022133160743,0.65257374457766
961,0.0293761875783154,0.0871161568138697,0.252550816774022,0.679153240112477
962,0.0293842118984426,0.0869303662498331,0.24974128672789,0.653475644886429
963,0.0294298140478229,0.0877895656110381,0.254541140699976,0.646446214464169
964,0.0294809132867437,0.0868722183962404,0.258213218428703,0.61173650214329
965,0.0293728905394718,0.0872600940833635,0.255364075020903,0.63769662742333
966,0.029403978828552,0.0867293403490768,0.258113425353278,0.6983510444791
967,0.0294631210084658,0.0874917656455284,0.253587615783294,0.634745933259953
968,0.0293692735115229,0.0862553949597329,0.256554623022045,0.649629488100645
969,0.0293551128882936,0.087158297372452,0.253849920603862,0.647124271817452
970,0.0294029594078063,0.087053528653262,0.255407941361105,0.635290660675791
971,0.0293643838434622,0.0866083722879557,0.253772979634573,0.678742107169722
972,0.029471121067621,0.0856169857923131,0.253317832316107,0.647290079550193
973,0.0293492363509647,0.0868878215311477,0.260448385493994,0.644390886664559
974,0.0294039551861931,0.0865688718177803,0.25917473634468,0.678352469627317
975,0.0295331594393652,0.0864080894271716,0.255650645772631,0.634287846183762
976,0.0293855125764579,0.0868383632947879,0.264175766351955,0.661570520297299
977,0.0294596774047504,0.0874525594343316,0.262193030009501,0.72762712092512
978,0.0294112645821673,0.0871436466596676,0.264283826322466,0.626789032669986
979,0.0294234748669746,0.086316530233597,0.247060729811842,0.646545498239173
980,0.0294462865582064,0.0872282077655767,0.257042297425703,0.626229842472433
981,0.029370424865661,0.0865730355585709,0.253557509308332,0.673473631195291
982,0.029402019694809,0.0866403232905463,0.255166707075192,0.661010429716205
983,0.0294735855059466,0.0873928559126596,0.259412113718655,0.686988251360234
984,0.0293723326464598,0.086252753737935,0.256122576152139,0.69689493393861
985,0.0294376371419896,0.086889182696163,0.254288986265893,0.68113548640228
986,0.0294110064221791,0.0862055692694204,0.250457956372634,0.651732782603503
987,0.0294277349257877,0.0867513464379743,0.254174395100496,0.662872473559691
988,0.0293278461598396,0.0874225914555495,0.259129364605137,0.62505916019913
989,0.02942840999612,0.0864116564967888,0.256533326626621,0.646551124443828
990,0.0293495319095478,0.0866470477291221,0.258580672583935,0.656912549171265
991,0.029272937868105,0.0862307937053755,0.249908884698143,0.659043921888193
992,0.0295064106249699,0.0875711902569961,0.2572786249783,0.6606345277438
993,0.029426968329424,0.0866298483234426,0.26446677197184,0.679147315457543
994,0.0294354756054657,0.0869707792012033,0.257472933992815,0.711553855149892
995,0.0294074127985166,0.0861819189655223,0.252770264644799,0.665209559675706
996,0.0293929762838296,0.0873436531128918,0.255273917313749,0.68304581617014
997,0.0293468603549398,0.0860978089024778,0.254303794113779,0.660988919776731
998,0.0294027808775876,0.0865360304781956,0.255345207684084,0.619381937518637
999,0.0293064041385166,0.0864329943986691,0.25332436802025,0.668428028979949
1000,0.0294239509634957,0.0858982282658335,0.257020538046718,0.617422362660787
1001,0.0294731843137044,0.0864769862777507,0.249747753415808,0.636385711442955
1002,0.0293600726674173,0.086199103102822,0.25340009323505,0.621400545717818
1003,0.0294862289615585,0.0868191143598134,0.257077504526385,0.672454821621555
1004,0.0293664776210744,0.0873779878328666,0.251001984424157,0.655582932901077
1005,0.0295202242876188,0.086949407984387,0.258174312121043,0.700168838375579
1006,0.029426304034365,0.0863731756062224,0.256292059282531,0.678037768050931
1007,0.0294364714603447,0.0874102522887852,0.251253227393134,0.705615589147874
1008,0.029332000580996,0.0869568767914502,0.257148240599565,0.670273822295803
1009,0.029430115708519,0.0858226073546734,0.252720957658911,0.633365088426911
1010,0.0293954772493047,0.0862950581228791,0.254234255037642,0.661768941983483
1011,0.0294700374172103,0.0869980478642446,0.258805362835714,0.690075049433626
1012,0.0292922546512987,0.0861855244819755,0.251476860505593,0.643396261874758
1013,0.0293766698551862,0.0869809563597823,0.261725869252507,0.631742481290278
1014,0.0294275769296039,0.0859259162724459,0.255675973261202,0.638740870204681
1015,0.0293207479001824,0.0872533310075719,0.256952841917568,0.672931469370694
1016,0.0294907746817072,0.0867815853175213,0.256419858174207,0.67512913872915
1017,0.0293907372116873,0.086668707997737,0.257417078049669,0.641124386028294
1018,0.0293200986263534,0.0872068584693838,0.255635253043074,0.678011636946212
1019,0.0293922202442322,0.0863030766809919,0.255762094844617,0.625295516306612
1020,0.0293855626985438,0.0868451472023009,0.256406759712989,0.675379111745343
1021,0.0294014393610883,0.0869551654315433,0.245683800731748,0.657897986348283
1022,0.0294284211994633,0.0869841674913146,0.257647710768647,0.65109908749137
1023,0.0293485687042072,0.0864510623991176,0.25178270289746,0.677352688577292
1024,0.029376620433179,0.0872389366678056,0.255897436386687,0.666920254334157
1025,0.0293653340150307,0.0862431564120704,0.25046888526533,0.655824039973609
1026,0.0294998671031265,0.0873978770634077,0.25404558201159,0.659197530477561
1027,0.0293934751866396,0.0866992121007716,0.252624049812201,0.649734033282632
1028,0.0294076578052777,0.0863499332772361,0.255773487913554,0.693718797928684
1029,0.0294336823131242,0.087302126482071,0.259516217853052,0.659201980239492
1030,0.0294671409155955,0.0861143205646551,0.256172800493358,0.647034921840476
1031,0.0293756855054869,0.0862518348319884,0.253804928572724,0.630007046121373
1032,0.02938779682453,0.0863677646620521,0.254922210599054,0.672678864874216
1033,0.0293712855094281,0.0864834925091872,0.254418186983026,0.612181048767052
1034,0.0294749837348104,0.0864716309484585,0.255592982605435,0.666097977407979
1035,0.0294241427737379,0.0866293648487228,0.260917487686803,0.670126935217216
1036,0.0295176824231197,0.0866573213999712,0.255476595655636,0.63552632649053
1037,0.029305789337931,0.0861012725565798,0.245012216499487,0.618879771882877
1038,0.029459514837575,0.0869199311083111,0.258250022339933,0.69873225691255
1039,0.0293917899793177,0.0873774371888128,0.25685803309252,0.692744084823787
1040,0.0293259632895678,0.0866768324959056,0.252509317285334,0.67870205177751
1041,0.0293678416838865,0.086568417198917,0.252571653058591,0.649264341872058
1042,0.0293324565296229,0.0863689882804553,0.259564585618265,0.645182765118669
1043,0.0293362714638037,0.0866894255313967,0.249556180050649,0.620323728558065
1044,0.0293399430577519,0.0863136627835301,0.255362693261598,0.649646292239186
1045,0.029425300138233,0.0870965949102442,0.255719131138119,0.666577447073023
1046,0.0293662196696449,0.0865885860276375,0.260690137688197,0.73616557385706
1047,0.0293429904185139,0.0868449633963883,0.252681511073742,0.669422134631918
1048,0.0294064640686049,0.087753132637273,0.256508564109661,0.646460811837288
1049,0.0294044937976249,0.086742744568913,0.251094447546105,0.646306306197987
1050,0.0294519634500798,0.0865887743185435,0.252337124199186,0.656903837834181
1051,0.0293614646636798,0.0863980898664868,0.255211801301481,0.670048660364904
1052,0.0294194451844217,0.0865182292125711,0.255168778806558,0.647224251441075
1053,0.0293652707165233,0.0873603663171266,0.255422085384417,0.678894345428387
1054,0.0294163322039925,0.0860808126753743,0.255922122086573,0.637020895192407
1055,0.0293920749145142,0.086116539673228,0.246763406051865,0.628939035860794
1056,0.0293595978837163,0.0862132110693656,0.25262239568568,0.645566456320953
1057,0.0293443264853219,0.0867912790964552,0.254386101317711,0.654084970817586
1058,0.0293867334968252,0.0873729407250774,0.261770275625818,0.701846154145782
1059,0.0293554107243008,0.0864044061953176,0.25349607187503,0.666470879994318
1060,0.0293206135805604,0.0861971041516603,0.2501724166804,0.642822454036726
1061,0.0293986880259492,0.0858880082795431,0.256181414700424,0.697147164706894
1062,0.0293799885811017,0.0867133951060336,0.253607714552693,0.660806674852682
1063,0.0293730879882394,0.0864470765604391,0.257550229500935,0.642533924374476
1064,0.0295114909373859,0.0861657242077198,0.252321355920745,0.653120435720201
1065,0.0293339600401634,0.0860046914584089,0.250125617931113,0.635513485817204
1066,0.0293231400001661,0.0868368313532036,0.255922676812519,0.641226482175211
1067,0.0293940033366314,0.0862826547255742,0.252105625045305,0.660691393327139
1068,0.0294751466812911,0.087558447113186,0.252607517741692,0.650807217813479
1069,0.0293977232307763,0.0873068521753334,0.249867146428739,0.675769669732469
1070,0.0294083587804534,0.0866143624568906,0.250451635213756,0.671321682110307
1071,0.0294122047072022,0.0873980664232124,0.248272816507695,0.665444839114157
1072,0.0294204052458131,0.0855010827865024,0.256481823092874,0.679825048093307
1073,0.029437176711088,0.0856787729516408,0.249986955117123,0.625747845210374
1074,0.0293820244760272,0.0870001436905247,0.248594517411656,0.644249935515721
1075,0.0293818747907027,0.0864820536207638,0.252504299049901,0.674064089015941
1076,0.0294084682530027,0.0871218135647063,0.259642821139298,0.604905615909608
1077,0.0294524544952372,0.0858857947698613,0.25578435405044,0.709244647199426
1078,0.0294067840350883,0.0867669825538578,0.249720620103234,0.651405748813541
1079,0.0294019007433847,0.0869590987501883,0.251578312709015,0.663314507956508
1080,0.0294166263219995,0.0872270053575681,0.253421065470091,0.671097309960389
1081,0.0294743974911594,0.0868060017786647,0.263844771329349,0.641935363311081
1082,0.029322083614281,0.0857785998122053,0.252494454033155,0.643999398584878
1083,0.029450371520194,0.0867168943384759,0.255853592072129,0.697732748039488
1084,0.02952507605009,0.0870228480048333,0.255739379612285,0.638340456991487
1085,0.0293902092065008,0.0862973277790617,0.250607432674114,0.681525677943548
1086,0.0294899551071563,0.0866741681853865,0.256832283123187,0.686106566289938
1087,0.0294080692510478,0.0871399583744939,0.255680532468496,0.668446081400096
1088,0.0293889842725814,0.0861878890156914,0.256328024027152,0.664952137681116
1089,0.0293694667970341,0.0864532612306043,0.248915588743081,0.665470209959277
1090,0.0293840700743451,0.0866317628652916,0.253417959113316,0.686567894789621
1091,0.0293676412998696,0.0868661618362274,0.254584416080095,0.658461233566274
1092,0.0293624223793609,0.0868020864446039,0.252305060308804,0.680773564844637
1093,0.0293209388423462,0.0869751472694789,0.259152554235817,0.675877192747018
1094,0.0294339246429626,0.0866109076941564,0.258179610271034,0.662346838198793
1095,0.0294164970817201,0.0861135535496291,0.254031244098963,0.676092909160721
1096,0.0293987289860148,0.0859532880203784,0.24856583808833,0.647376274330604
1097,0.029326590987253,0.0868956820973172,0.253593840561509,0.631623002253663
1098,0.0295108932652874,0.0865715475491761,0.257955938501001,0.650576954360103
1099,0.0294656062466041,0.0873496435355491,0.26127696526552,0.685952831058832
1100,0.0293569168260253,0.0855855217661915,0.249289264403011,0.650979127866121
1101,0.0294032979919582,0.0869070973874593,0.261053431944977,0.666340571481083
1102,0.0294845995850991,0.0875940716379883,0.255127428270357,0.638728871775697
1103,0.0293963156565524,0.0864587952708392,0.253054767195334,0.62894958113939
1104,0.0294433171818494,0.0869194995716812,0.253897323688295,0.673926984890346
1105,0.0293733892741212,0.0859683672496547,0.251337713221142,0.713402249102069
1106,0.0293519253385599,0.0864007145931883,0.25709446444579,0.658946885312285
1107,0.0293427026045396,0.0872835795431111,0.254979305029355,0.624619758019318
1108,0.0293570822120575,0.0862175009011403,0.251673399763298,0.639134384562023
1109,0.0293706150840206,0.0869370558755415,0.250960876154149,0.683754773125978
1110,0.0293728186560303,0.0864524353350806,0.250705016682843,0.656721660488251
1111,0.0293458791020026,0.0864850438854013,0.254979359864639,0.66848307673882
1112,0.0293438811509904,0.0872777478012058,0.249063874208037,0.600832084352137
1113,0.0294165633595909,0.0870077586352175,0.25003297042355,0.650354692201772
1114,0.0294895046445077,0.0866419397109889,0.255269935598635,0.661134575019626
1115,0.0294486414656753,0.0874035396318017,0.253186507941775,0.662476861191097
1116,0.0293802789844699,0.0869151390831425,0.257497863333115,0.730644575177527
1117,0.0294298544855237,0.0863800727774759,0.253592046660254,0.659059780781189
1118,0.0294104590853217,0.0871612488401123,0.251505678284295,0.669526425875818
1119,0.0293536117167175,0.0868909380248194,0.251444234454423,0.632256065471166
1120,0.0294459718356821,0.0862167630761765,0.251868500299424,0.692888353571411
1121,0.0292948172673011,0.0867382703245367,0.263959781379479,0.666395527467065
1122,0.0294201865303476,0.086390395155969,0.252966467426469,0.739074827536162
1123,0.0294976468003667,0.0864930370757224,0.255168200616267,0.6783341669349
1124,0.0294031598851084,0.0864540751436235,0.252243572498796,0.647453958318298
1125,0.0294032522498814,0.085961573742128,0.24741217341837,0.651059923687665
1126,0.0294023837213724,0.0872545613980811,0.258270015275985,0.663039831453517
1127,0.0293456248506948,0.0868337710990346,0.256830175453281,0.650357173976671
1128,0.0294158129458686,0.0864032976480313,0.252031394955047,0.656592918372113
1129,0.0293557250768618,0.0869540504371371,0.251964775067457,0.685705282754306
1130,0.0294216069337981,0.0866389425913674,0.25449343737466,0.692811976516759
1131,0.0293284062349692,0.0868836013724868,0.260454833341,0.645309165680781
1132,0.0294339451471743,0.0870791212487307,0.255560659336616,0.652783241760216
1133,0.0294178169521972,0.0876630680522214,0.261827376424625,0.710064107269465
1134,0.0294389041507867,0.0865719554337492,0.25359634016036,0.633203767941199
1135,0.0293957769802911,0.0869259695208065,0.250422217457097,0.626689286872378
1136,0.0293397918972648,0.0858078858151395,0.253529975745698,0.676454179034553
1137,0.029436988913104,0.0867673972267041,0.262816498656152,0.66659742750095
1138,0.0293534019838804,0.0861442042762607,0.254854767271334,0.671741679592811
1139,0.0294129607481763,0.0863989335670713,0.24706145431391,0.662383562570731
1140,0.029431711303629,0.0873708909278007,0.252506923857723,0.658422561181782
1141,0.0294065288587586,0.0861180325599763,0.252782868158294,0.659051025284859
1142,0.0293956857192301,0.0869781302618012,0.251531379364928,0.627914208714013
1143,0.0293706106068033,0.0869984516610587,0.257853705788755,0.667234068965881
1144,0.0293548347346463,0.0861338429995018,0.256960276749461,0.679116400662261
1145,0.02940465018538,0.0868857446088169,0.258528640094421,0.6558106052513
1146,0.0293449741864989,0.086340520819285,0.251674871065824,0.674692305383297
1147,0.0293747649978553,0.0862176947538413,0.255773000902925,0.61220508030151
1148,0.0293800695641767,0.0869410624796449,0.261452139426942,0.651777382747178
1149,0.0294872629506043,0.0870866954217318,0.251528810801004,0.680473522341684
1150,0.0293922199060525,0.0861692907349677,0.25326839837384,0.643645512420099
1151,0.0293314410456333,0.0864887556497619,0.255270538569261,0.731377994334738
1152,0.0294197130748407,0.0867426677733674,0.259730279666508,0.672060312010506
1153,0.0294553927117092,0.0872830062848819,0.253440659076214,0.647876371197032
1154,0.0293990746643727,0.0864889107270968,0.257201862569116,0.650877700268015
1155,0.0293911696661318,0.0874334699398314,0.256606931012863,0.665352870363652
1156,0.0294271354400464,0.0864166290701209,0.245606509135686,0.643414142613945
1157,0.0293467128892595,0.0868516291763041,0.260931531894382,0.69341389138903
1158,0.0293593291173819,0.086236619465966,0.259983316753265,0.683298290835386
1159,0.0293384725215696,0.0859982921091844,0.258337564399328,0.68946452411849
1160,0.029379990292758,0.0862272227359562,0.25297060428461,0.641915226736225
1161,0.0293871250632067,0.0863914881095083,0.25474235639344,0.657630302045423
1162,0.029433975177506,0.087067273169257,0.256154148185417,0.709305889064603
1163,0.029332205044952,0.0864552273146026,0.249789782062211,0.638839928587304
1164,0.0293552762012842,0.0859298288885781,0.252344875476888,0.66106348465624
1165,0.029428707984796,0.086151957012497,0.250913546778587,0.660742192195583
1166,0.029378066597413,0.0868844849070834,0.255018641128414,0.652186331679788
1167,0.0294122865859408,0.0861153024157498,0.250939514322607,0.622970765824097
1168,0.0294467096901535,0.0867283022012126,0.257824947012491,0.647265477679771
1169,0.0294157420990318,0.086313027034165,0.253736483151135,0.624667683122616
1170,0.0294220050421461,0.0872512470256269,0.252294773643761,0.666983826790958
1171,0.0294243678678094,0.0871045847317423,0.25194864093154,0.623765001559596
1172,0.0293963169683007,0.0861354428430199,0.246090711785317,0.636405583401977
1173,0.0293032929432255,0.0861464685051334,0.253345443685031,0.612646032313401
1174,0.0294482482150447,0.0870873951376192,0.263457024191777,0.682995440930196
1175,0.0294064279380173,0.0859180223174446,0.25405668064868,0.662783239046622
1176,0.0294109255957716,0.0867051056723234,0.256270542546347,0.69363318225746
1177,0.029368116270247,0.0867450899457524,0.260249265470476,0.677025751940468
1178,0.0294139076560769,0.0864530440966263,0.250920772591902,0.690056047713404
1179,0.0293606368652006,0.0864773808644218,0.250874600224416,0.655195804375786
1180,0.0293633862120873,0.0860014509131372,0.254346609231387,0.625847411371023
1181,0.0294135362668322,0.0864751904305638,0.256835139364102,0.663958872895439
1182,0.02932937189822,0.0858793984533826,0.254215365466276,0.690992466795773
1183,0.0293776192091863,0.0861866263170084,0.249113185436789,0.659899020353621
1184,0.0292657336586276,0.085810367479443,0.257666822663838,0.681845499419185
1185,0.0294492548817515,0.0872884449816319,0.254284887589113,0.634779587383293
1186,0.0294288551232713,0.0863425015720388,0.251987844510822,0.662732447543017
1187,0.0293902020250748,0.0862245578946786,0.256431026905883,0.636200511736574
1188,0.0294306294693531,0.0865131493081565,0.254035025294793,0.671990326102938
1189,0.0295051535166431,0.0867957630523367,0.257349916616963,0.633555685207235
1190,0.0293644247137504,0.0870682057905719,0.255077224472728,0.647448733345838
1191,0.0293277013707489,0.086843591046957,0.258091652519548,0.66755448026512
1192,0.0293367262832193,0.0867926711530683,0.248772525584225,0.635262062525068
1193,0.0293826160623583,0.0865496971033221,0.256215838741714,0.661401928912689
1194,0.0293485972632414,0.0864540150408062,0.254864354185653,0.620683377113908
1195,0.0293431470439197,0.0862551576586416,0.255714240328411,0.649123264585016
1196,0.0292691016679947,0.0856924160915556,0.24943354309504,0.661105877327691
1197,0.0294049416752618,0.0872836936294363,0.254104736189644,0.63644087635314
1198,0.0294380810580025,0.0869958166705407,0.250928982473529,0.618588345189155
1199,0.0293030473094744,0.0867167183116578,0.259633949272462,0.67272489362623
1200,0.0295555277030497,0.0865777009915992,0.250835263811635,0.667706375740898
1201,0.0294092072036989,0.0870064149594411,0.255428298067983,0.669089721355663
1202,0.0294232452442143,0.086961173737916,0.256468061469798,0.681647604011485
1203,0.0293677282826134,0.0866607960925648,0.255986772063894,0.679716590538369
1204,0.029299048764142,0.0862212312971936,0.248003632467229,0.62998924342271
1205,0.0294467947283594,0.0869372373670767,0.252203264805882,0.626855908538
1206,0.0294012630558808,0.0865773548315418,0.252685261006538,0.677364032060235
1207,0.0294018343873411,0.0866293272739824,0.253921319707898,0.607002488950538
1208,0.0293559912590201,0.0867023818541064,0.250816241905296,0.636091863382752
1209,0.0293469284009462,0.0859637379896939,0.250663440097453,0.621910455240175
1210,0.0294438869313974,0.086289128972681,0.248770285013145,0.623794586486683
1211,0.0293695963828212,0.0859034314255022,0.252671274237376,0.675753678756515
1212,0.0294118907673033,0.0867840208790128,0.256897950768302,0.665534281610423
1213,0.0294472861365275,0.0871409824153122,0.256249201658965,0.638190416311441
1214,0.029418024592015,0.0870100845569564,0.25059268277333,0.64871070447445
1215,0.029388316379898,0.0865744115178113,0.258683887035438,0.664742886612437
1216,0.0293019438190336,0.0863333760218174,0.249232982015942,0.635857632096142
1217,0.02934653977991,0.086211753138113,0.248015843661416,0.68589940541319
1218,0.029469861022765,0.0876644048832507,0.259915391706146,0.677819333484131
1219,0.0293211108717649,0.0855378475137817,0.25844499775718,0.684372406077916
1220,0.0293916010695286,0.0868097728426679,0.257086178635524,0.719713206566861
1221,0.0294421828442796,0.0862904737248083,0.252019022355333,0.655091725354523
1222,0.0294803402592819,0.0866903107984123,0.257819367111985,0.723756407498894
1223,0.0294670994621901,0.0870153787291272,0.255115274322503,0.666632580987863
1224,0.0293556115553084,0.0861790801826059,0.254313435269826,0.679021196636388
1225,0.0294489714145213,0.0867812744041947,0.261154086728162,0.64449860930537
1226,0.0294288037805111,0.0862385404193222,0.253486764664759,0.654863345366446
1227,0.0294351720731903,0.0863850877057855,0.260523245443004,0.641981613951613
1228,0.0293918721928687,0.0858582908816592,0.249765551221393,0.655344431591902
1229,0.0293906868724987,0.086700225027765,0.252567881655665,0.673855744563098
1230,0.0294340368538423,0.0864887469060371,0.25134195869625,0.656479164499043
1231,0.0293637113124045,0.0854419242498475,0.250772021252299,0.653851527889896
1232,0.0294684617483629,0.0870781042001873,0.255960850651602,0.666410243196374
1233,0.0294473581042822,0.0876362680528438,0.264829812055091,0.698969131781833
1234,0.0293087236998315,0.0855328363971133,0.254151797249792,0.655800044327408
1235,0.0294111717678774,0.0873511371353326,0.250443976659791,0.633691947317425
1236,0.0293799988616045,0.0869071557758768,0.253140686947233,0.675795661320111
1237,0.0293875755283216,0.0876486478889347,0.260621951196586,0.637760387888325
1238,0.0293500537171121,0.0869104621274506,0.258082951379159,0.671884339934192
1239,0.029357848760581,0.0862671579434567,0.249883717668915,0.627211084348851
1240,0.029380545985454,0.0870122846112684,0.25688187960458,0.693718566953684
1241,0.0293885464379271,0.0873794082587466,0.263878493656837,0.683886848854396
1242,0.0294049962582372,0.0862636719975499,0.251318218766885,0.65940985097316
1243,0.0293303944218629,0.0861954392812691,0.250251257576841,0.681081120428612
1244,0.0294301945720975,0.086665274677441,0.25716436197479,0.660232624497027
1245,0.0293417190792661,0.0863266486808881,0.256778030174347,0.645456173810312
1246,0.0293468269827149,0.0867731873481579,0.260819367478814,0.672552549289387
1247,0.0294715385553928,0.0875130945087172,0.252646812697591,0.677722931702864
1248,0.02936759966444,0.0864596917799585,0.25300609006608,0.625731971072973
1249,0.0294206722548129,0.0871442779774414,0.253314259220009,0.662028888370432
1250,0.0293794080281325,0.086659998457713,0.252281303931522,0.661468041131667
1251,0.0293659676724406,0.0862611658378332,0.246086276306995,0.634883405004405
1252,0.0293760910701662,0.0865087793704888,0.254944132091956,0.656477537745524
1253,0.0294033707343567,0.0873100611320901,0.266142048829431,0.679027774247722
1254,0.0293926159683342,0.0867681181406652,0.257670914679983,0.65996464191759
1255,0.0293485054529164,0.0873719598985681,0.25901098203775,0.697790170414272
1256,0.0293399793372722,0.0865142315218618,0.250328607148024,0.667693239349762
1257,0.0294239670240239,0.0863533056463165,0.247481553957803,0.676287862882477
1258,0.0294434689961206,0.0868617336501952,0.245441810191497,0.609135659432275
1259,0.0294220601164221,0.086479342729816,0.258643258669375,0.675881755111014
1260,0.0294139303509957,0.0866349016395085,0.251516363319663,0.650346987704412
1261,0.0294106282018744,0.0868235250049811,0.264335765717356,0.710254925586867
1262,0.029272540382992,0.0872753776627446,0.250614161482446,0.652522394724333
1263,0.0293325553031487,0.086031227190332,0.259051522919457,0.64681465169634
1264,0.0294251140989831,0.0870232041761567,0.253857198297463,0.679390888268127
1265,0.0293628626363442,0.0865765802920032,0.251876959007223,0.675156639969741
1266,0.0293938360839158,0.0870464634905727,0.251733930643868,0.657872345770502
1267,0.0293642598147794,0.0867706361096351,0.247023956922819,0.635121233219985
1268,0.0294254374739554,0.0863757929760576,0.248522735152735,0.6204587983339
1269,0.0294201504727996,0.0866300715231078,0.251096713201263,0.682781262235843
1270,0.0293033607820293,0.0863666909150062,0.256933583168718,0.68953937407418
1271,0.0293629609594296,0.0863109153346165,0.256715248470151,0.664976982887608
1272,0.0294338466613172,0.0864470444995266,0.247345738364953,0.632447704117519
1273,0.029326558598827,0.0861929861330833,0.260354434934516,0.707680414929035
1274,0.029376945294629,0.0869480917472516,0.255528023933229,0.688436432221235
1275,0.0294263263797598,0.0857111800072682,0.246807659308096,0.657499410824457
1276,0.0293606993213422,0.086673932327596,0.250147460141501,0.626754368877167
1277,0.0294458348481981,0.0864828978410692,0.249933761742212,0.651074640400403
1278,0.0293628359885331,0.0860836204867539,0.25515643477106,0.674098294606041
1279,0.029423300405191,0.0869026661494637,0.255516101497792,0.664588490053713
1280,0.0294247955535168,0.0870098720041605,0.255210159409051,0.672826275815203
1281,0.0294217477312906,0.0871390370929659,0.255874333894627,0.680227666091218
1282,0.0293697790094473,0.086158279570666,0.255184746255188,0.729992255334342
1283,0.0293332719233114,0.0871133189609868,0.249596094617694,0.649364430726131
1284,0.0293441101828268,0.0869044446039919,0.254813146664306,0.627204775767313
1285,0.0294125234641644,0.0872617376123103,0.255225630850484,0.645250734127288
1286,0.0294089238422081,0.0865976423200163,0.250278536044389,0.658859460290814
1287,0.0294480749132242,0.0862072023683308,0.261153906016447,0.659197755617314
1288,0.0294162603355972,0.0862265073904677,0.253447325728843,0.667145901703695
1289,0.029420591150517,0.0867351651095141,0.258723315767621,0.663188444622757
1290,0.0293905536223632,0.0866463338631768,0.259288096133434,0.678059645755623
1291,0.0293068172792835,0.0859995274964981,0.250740179485283,0.663823685837517
1292,0.0294566051591048,0.0872284699806392,0.254177271362245,0.661051900263563
1293,0.0293516115749253,0.0863023518954731,0.249065667735946,0.639595536964785
1294,0.029360454470379,0.0864634170061334,0.260765970526589,0.635482274117092
1295,0.0294430903203597,0.0864536043685129,0.247560305345262,0.662625732469888
1296,0.0293801754327784,0.0865325990208873,0.25762315215189,0.677276869098595
1297,0.0293112627395847,0.086962876287734,0.260692500886409,0.665661866892666
1298,0.029475540141644,0.0874447262840695,0.257437519651124,0.679971233583048
1299,0.0294329662496848,0.087466024906941,0.262182016589646,0.67516413764044
1300,0.0294159752524076,0.0860471138735093,0.246732326749881,0.6274659820201
1301,0.029389677846886,0.0868878667864473,0.253618263098698,0.651233129216267
1302,0.0293732047208685,0.087820582030221,0.262235637060883,0.67899036375163
1303,0.0294309039500548,0.0872712021873047,0.260886009531662,0.654466498174723
1304,0.0293331953787216,0.0857406028614481,0.256317066956724,0.62121396717028
1305,0.0293373463889851,0.0858622014428711,0.247228958024358,0.615702952763532
1306,0.0293948963691073,0.0867068752065222,0.247745578497441,0.663619114619626
1307,0.0293975968214491,0.0868593094000635,0.260813354231574,0.701911511974942
1308,0.0294301302943675,0.086998993639747,0.258324514261805,0.676528311667774
1309,0.0294485179420685,0.0866986936633454,0.250530843495146,0.675519857784145
1310,0.0293611592041532,0.0864613580378919,0.254852079806732,0.645856779852383
1311,0.0293655539322649,0.0855151032346217,0.254342314909044,0.649133855626254
1312,0.0292916633599153,0.086380603417092,0.250797146936456,0.665059384370529
1313,0.0293793743319228,0.086572793150319,0.258909429619111,0.68190369628396
1314,0.0293622787367405,0.0862472853290546,0.256047692654373,0.668910790947089
1315,0.0293195028794022,0.0858847869157207,0.2557881921206,0.635974135752959
1316,0.0295089123545138,0.0869137291195112,0.253815621853394,0.667681353132185
1317,0.0294500701735589,0.0864942252065703,0.245734566705508,0.637819350780247
1318,0.029360098986342,0.086514825929582,0.254067174112011,0.656843833465375
1319,0.0293967961153836,0.0856021582251715,0.253484678515547,0.643185271432147
1320,0.02934554143013,0.0860836835234941,0.248415250042148,0.68066058565332
1321,0.0293706320914542,0.0865780371766145,0.256123949290822,0.631034652375822
1322,0.0294397739870899,0.0872826523920765,0.253819170081414,0.657021707660695
1323,0.0293388086199825,0.0873467948950897,0.255852097889892,0.721134522554804
1324,0.0293441665773809,0.0874386920838467,0.255491731596965,0.6329038316601
1325,0.0294448664621232,0.0877250640928443,0.255244653370528,0.631537217814904
1326,0.0294072599423114,0.0865460324025013,0.25912987906569,0.675943947704507
1327,0.0294078466013074,0.0874421416123067,0.254345888750135,0.649403973186645
1328,0.029426527016346,0.0875341427302109,0.255276194220687,0.650678556910252
1329,0.0294102726729076,0.0868122234210104,0.257574097264446,0.658466432258762
1330,0.0294276230501781,0.0864049176388515,0.249680068691043,0.676707558511555
1331,0.0294103757024545,0.0863858600075222,0.254493287850269,0.641056889759966
1332,0.0294152408082089,0.087429949938144,0.258307397614251,0.652629432995661
1333,0.0294192111413804,0.0862864556044833,0.262155768492533,0.646465748648894
1334,0.0294882338191465,0.086062976238818,0.252343493073453,0.641726475558268
1335,0.0292727266470405,0.0853335998396376,0.254327397318516,0.660340212884203
1336,0.0294319849522332,0.0859024754438324,0.256674062393718,0.678295427696075
1337,0.0293969160483087,0.0860619225733686,0.257514776597814,0.667955180566779
1338,0.0293169448505992,0.0861551983871206,0.244676531453279,0.617078518529107
1339,0.0294516509784362,0.0873557037827263,0.257217390327304,0.654458718079483
1340,0.0293436082562504,0.0862686813134619,0.252500686850587,0.678758162684289
1341,0.0293308790163264,0.0867943551916356,0.252384318743154,0.686412024761785
1342,0.0294110483291004,0.0867660328935272,0.25119462343509,0.672940450121
1343,0.0294000260091538,0.0865493887749945,0.247118705571399,0.672492318218629
1344,0.0294754338899556,0.0863673113012632,0.253687426329478,0.648571864671477
1345,0.0293992412970423,0.0869413914562575,0.256849669141369,0.655953573405571
1346,0.029396198029912,0.0867159409789276,0.258905500348567,0.665590794210351
1347,0.0294705194927029,0.0868547946311446,0.249040988507009,0.642036344286246
1348,0.0294159472882994,0.0873285868052347,0.251770055714236,0.670775849178049
1349,0.0294300189018278,0.0872994299937467,0.257203871712281,0.681381359807599
1350,0.0295111450793121,0.0873302373098996,0.258375996260476,0.651257232420187
1351,0.0294308747548496,0.0864745727093435,0.252183446312163,0.643556912489066
1352,0.0294990121448754,0.0873044666303173,0.254648001012469,0.651424278569566
1353,0.0294322073193694,0.087255875844955,0.260762937738386,0.678802693230797
1354,0.0293911460135649,0.0864235319459796,0.246652379732408,0.639311138735443
1355,0.0294075121704256,0.0866935091413132,0.253613512696018,0.646435898420795
1356,0.0294637604795001,0.0864958313785752,0.246284157986292,0.638020023792503
1357,0.0293953202840583,0.0866807724100259,0.258146136279431,0.670117842956804
1358,0.0293640350449405,0.0864821976460349,0.249284075668384,0.667055138704376
1359,0.0293649335600665,0.0863848075370776,0.246549335347725,0.667047788674031
1360,0.0293844671177708,0.0865656730291037,0.259741423164707,0.732965377951179
1361,0.0294350181996927,0.0874370666502552,0.253833600183468,0.645915465348263
1362,0.0294829686536743,0.0864107260815243,0.253894309208011,0.675365407285819
1363,0.0293908763672611,0.0869701336395635,0.252618440712543,0.629158701954516
1364,0.0293323737240029,0.0860847121202747,0.250700773507535,0.65799162858694
1365,0.0294511145633298,0.0871968004576517,0.256306697691235,0.635712269019147
1366,0.0295120596198226,0.0881926931596337,0.255464064535429,0.673923127511176
1367,0.0294357845785125,0.0870942285393752,0.255627831353065,0.697734956642471
1368,0.0294127693036103,0.0864699912833924,0.254824481620402,0.648683694619259
1369,0.029316898181401,0.0863399611461732,0.255559795135819,0.634705480645626
1370,0.0294693573682296,0.0875332561147947,0.254266279990665,0.672475459624968
1371,0.0294016887097682,0.0861923120852768,0.250384415059652,0.683381852165406
1372,0.0293473211447158,0.0858335710379314,0.257793143252076,0.662476127961075
1373,0.0294258849977382,0.0862759887873563,0.254261595316561,0.6582970775695
1374,0.0293549931653123,0.0869685924816549,0.257844844923615,0.653921503536771
1375,0.0294647238723386,0.0868184443958343,0.257722362177639,0.694044734778178
1376,0.0293561912343974,0.0865847148290504,0.256704676511567,0.665255849113101
1377,0.029361176168016,0.0859940730308355,0.254160799009935,0.686050175874859
1378,0.0293591125235131,0.0863529373188826,0.247083421503418,0.678785205972028
1379,0.0293834723402198,0.0862447131546927,0.252303562170816,0.648643891148803
1380,0.0294573465775531,0.0872261906781564,0.252887287596712,0.651949127973134
1381,0.0293750580466012,0.0872152414483665,0.252249739800954,0.649311865974282
1382,0.0293602215252917,0.0872069139223921,0.264368732414937,0.676864907701984
1383,0.0294603176631856,0.0869113905792352,0.249173619659058,0.652438766517339
1384,0.0293521585168017,0.0851643940262312,0.252336090696964,0.639116619139398
1385,0.0294283038426073,0.0867530812137588,0.256907843545029,0.658695478048502
1386,0.0294533101335504,0.0866842651796084,0.256086371012323,0.679384174044338
1387,0.0294667016224771,0.0867538598272301,0.258489956862073,0.667109617856035
1388,0.0294783478287126,0.0866214980174143,0.259882750574715,0.633257916222806
1389,0.0293363859215071,0.0864073389828811,0.263570673150615,0.679148381453542
1390,0.029363214272561,0.0867553335205932,0.251443996034244,0.6334019250022
1391,0.0294531514385372,0.0872752945937973,0.250863611733535,0.663373114045333
1392,0.0293007730203214,0.086141715466945,0.249597141745946,0.62322398425868
1393,0.029428918749266,0.0875234664113894,0.254721337703326,0.667946590743032
1394,0.0294039499963616,0.0874794982378773,0.265827722426094,0.668733505353623
1395,0.0293969573442159,0.0864204424538061,0.253670299554371,0.678427821877555
1396,0.0294415110770197,0.0869248870540482,0.255087147466177,0.678323238966455
1397,0.0294612431181434,0.0867407342914914,0.245194458582997,0.601041854094866
1398,0.0293561599492162,0.0867621943547278,0.251091209270403,0.674208910789594
1399,0.0293763552182508,0.0863830118370105,0.254118831547652,0.652308213258797
1400,0.0294689943464874,0.0863157830908296,0.253174657167877,0.673042974205138
1401,0.0293556471513999,0.0859689736038892,0.251214557033818,0.675495095508807
1402,0.0293968783852403,0.0863587194661757,0.25428365048558,0.651633902859231
1403,0.029343380162084,0.0868312175333672,0.25723553211028,0.693427962224004
1404,0.0293856041854106,0.0865483087135723,0.255043223602082,0.675936370735003
1405,0.0293537666940941,0.0858273031496385,0.2549066553386,0.699692244673276
1406,0.0293879629528905,0.08634649079624,0.2515132857729,0.681557822076111
1407,0.0293849212487572,0.0872976466021184,0.256175265920989,0.668783098641472
1408,0.0293886711513218,0.0864810682978075,0.252987958795509,0.669877069442593
1409,0.0293737845433273,0.0870567445399114,0.253639176659343,0.62769651357438
1410,0.029413311772536,0.0876612544740341,0.250437992169297,0.680907648269562
1411,0.029372440510756,0.0858506213319431,0.24835530315028,0.617732927560516
1412,0.0293893892964178,0.0862561881562051,0.260375652313565,0.687662392854666
1413,0.0293673110769559,0.0853679752198793,0.257347013774127,0.675710575811494
1414,0.029471028961408,0.0871200068560249,0.252350785278159,0.653251135577879
1415,0.0294661748220215,0.0862999158029802,0.250393265536129,0.64905202153061
1416,0.0294168550967196,0.086777200280531,0.259578399509783,0.684380152384685
1417,0.0293440278940089,0.0868996116139557,0.251604632225982,0.626749034108943
1418,0.0293362080660065,0.0865803624875287,0.258571989148315,0.659233084744524
1419,0.029370569368807,0.0861364650318144,0.251568985875587,0.62220044634029
1420,0.0293869112873091,0.0868123916189292,0.248320716974156,0.649346112476406
1421,0.0294046649934947,0.0867961165156803,0.253794651535513,0.64906951530263
1422,0.0294667280899513,0.0869836192543136,0.248018505065327,0.641141047308163
1423,0.0293364299403562,0.0871340027109313,0.254800677434025,0.688598690333712
1424,0.0295069265168311,0.0878012157675939,0.24952070627205,0.655234244902469
1425,0.0293210726482235,0.08674484022425,0.253195709070543,0.659922072571977
1426,0.0293494161440971,0.0871451949404599,0.256582149125247,0.667424269195124
1427,0.0293015075206696,0.0864266224973845,0.250912421024745,0.653939615966149
1428,0.0293679613029484,0.0869568075359103,0.261675638256409,0.66545238948928
1429,0.0294183031401327,0.0861628279906022,0.252329201311564,0.638713781131797
1430,0.0293920903656162,0.0866137079010832,0.257582461661489,0.670844027227975
1431,0.0295249688902361,0.0876545013734301,0.248941535924768,0.626073221530376
1432,0.0294237737323985,0.0868695726786788,0.256501767692286,0.672941030969605
1433,0.0294298020772573,0.0862595547449832,0.252859943892371,0.675277186351624
1434,0.0293864193560544,0.0868904160012952,0.25037497532248,0.66385097499386
1435,0.0294795909932394,0.0875097231748025,0.248820472676658,0.647646011571869
1436,0.0294326467123493,0.0873245042040822,0.251448094548657,0.611947928898504
1437,0.0294634699079094,0.087020994544114,0.254299237804061,0.63136237973138
1438,0.0293499883004865,0.0862455504444512,0.246124385044519,0.643966019971176
1439,0.0294766571983798,0.0869367453693361,0.255618782639695,0.629279279416645
1440,0.0293916626055903,0.0867920574946446,0.260257777353848,0.657215841430016
1441,0.0293684142441426,0.0861504706235241,0.251976207177493,0.654863932278576
1442,0.0294254322288122,0.0870918099640515,0.258821308692055,0.634229901217474
1443,0.0293816240712781,0.0865592165232662,0.257638398028886,0.665655164124906
1444,0.0294301153848587,0.0861602744136209,0.255651040934922,0.635465211202344
1445,0.0293693369501401,0.0868654483458932,0.25413435397816,0.625962096989947
1446,0.0294570798532699,0.0875408850585896,0.25264342688748,0.697188882547032
1447,0.0293141803432788,0.0865525288464707,0.253119598480492,0.63616285035264
1448,0.0293364995301077,0.086279414269469,0.25265921295967,0.608884473738353
1449,0.0292327685603288,0.0866606047648204,0.251455720503763,0.629134123667675
1450,0.02941772777799,0.0868442035297988,0.254747683411928,0.66424922554453
1451,0.0293417347254477,0.0865858859626539,0.253180519894592,0.651094756222436
1452,0.0293282028696898,0.0865752269365972,0.252549947843532,0.676736254732794
1453,0.0293352591880696,0.0871571491844447,0.260611181777991,0.67064203199305
1454,0.0293089756073248,0.0862514162775913,0.247318162062473,0.615390949767985
1455,0.0293286845406764,0.0868992117655756,0.258582463846995,0.709394727670289
1456,0.0294391845808148,0.085944175912057,0.250982142334767,0.650177962328258
1457,0.0293657390630653,0.0863512504409943,0.250841281762646,0.636770066270909
1458,0.0293313182182814,0.0867065133501483,0.255741803653031,0.655724652727489
1459,0.0293697362954481,0.0856191714193627,0.252506608493439,0.646189390127626
1460,0.029385735062988,0.0867023527121844,0.25506748712188,0.654072642447392
1461,0.0294299255209816,0.0858087118681735,0.253769655104829,0.612651040445412
1462,0.0293419604840307,0.0862774897966428,0.253157124714859,0.66708239217291
1463,0.0293120700315064,0.0866916336689502,0.252203953156916,0.635004283670399
1464,0.0293680602422719,0.0857324553097552,0.252925835569802,0.675285592503826
1465,0.0294579701563773,0.0879693414524326,0.252982886827359,0.664755724955298
1466,0.0294766494805084,0.087100520664665,0.256236951093132,0.678482241899922
1467,0.0293649907386374,0.0871815298287962,0.251891488469508,0.668197661053845
1468,0.0293640740814037,0.0872655652569484,0.251302837878758,0.68293929122887
1469,0.0294153948447456,0.0872293700223389,0.255492319429515,0.668884675907492
1470,0.0294872617780316,0.086377327445807,0.256064488304112,0.664512988533065
1471,0.0292734549458535,0.086463106462749,0.249650878513309,0.664342132594264
1472,0.0293673094965767,0.0865585453573095,0.257951565418404,0.668342361015279
1473,0.0293908068765753,0.0872960227375586,0.255776907181522,0.663372722252566
1474,0.0294732603016791,0.0870364477414452,0.251511795811138,0.633614210353084
1475,0.0293811416849912,0.0872970320523912,0.259945540503046,0.663228702135045
1476,0.029319353015252,0.0864479958307188,0.250750833869479,0.645903251703589
1477,0.029424083080568,0.086448074615378,0.253573689630336,0.638434582454473
1478,0.0294347923668681,0.0867248113344272,0.260543369186883,0.675110277479458
1479,0.0293603711461054,0.086822872482802,0.255101343292388,0.612899138617776
1480,0.0293228103148639,0.0860281145835474,0.256409658281746,0.663560420834296
1481,0.029370535768018,0.0862166188383682,0.253051310005693,0.653887667247106
1482,0.0294434694695508,0.086067185999678,0.253495461103985,0.620986234621881
1483,0.0293960851648063,0.0862215340761873,0.253607841370404,0.626671036819966
1484,0.0293634801324642,0.086246695137086,0.259953646544069,0.691665458247438
1485,0.0294154102322228,0.0865611248795454,0.253309593956566,0.684336042591088
1486,0.0293757902081148,0.0864881431493611,0.251732486956481,0.654325230888674
1487,0.0293255861963523,0.0860705333310712,0.250124287205021,0.69041513810664
1488,0.0293614928124098,0.0870740439434219,0.257700453519577,0.669968317456084
1489,0.0294117061059131,0.0868586735453415,0.252259364458919,0.676599856169619
1490,0.0294375527137826,0.0877243346995284,0.258116827516411,0.662849119932542
1491,0.0294061037097007,0.0869749921732793,0.257902018039832,0.675980053454953
1492,0.0294058815626326,0.0871980529856234,0.254298414471183,0.657486996328463
1493,0.0294091829653246,0.0870713717475695,0.256818203899256,0.707185553575723
1494,0.0293910106744173,0.086874477864783,0.255645108305745,0.643620566122825
1495,0.0294174038081476,0.0869761630263233,0.248353880209335,0.61881918970564
1496,0.0292915951009166,0.0858331625786482,0.257605460722494,0.684368877778485
1497,0.0293419545479197,0.0859034787868696,0.251476852637606,0.646388792711587
1498,0.0294696479111873,0.0869505849759121,0.253714112476777,0.680608096106824
1499,0.0294496217159237,0.0868576430484698,0.256581742860309,0.649416971959028
1500,0.0293876356863422,0.086064967011634,0.249722983633565,0.650500590456115
1501,0.0293766810614418,0.086939539325217,0.25729584438123,0.649358422687545
1502,0.02944730904362,0.0867385335436078,0.255723454825668,0.662371151364783
1503,0.0294327606815303,0.086748042878968,0.252427950508982,0.663576329062228
1504,0.0294059553537018,0.0866139749096116,0.257067974092243,0.64491047641784
1505,0.0294334622519197,0.0865758353742938,0.252127346268468,0.656181477076502
1506,0.0293405501088544,0.0863967230156461,0.253242143822193,0.658207751675768
1507,0.0293467272480357,0.0875480425210748,0.253161705062862,0.669512609764673
1508,0.0293826302215466,0.0868916050325862,0.253749330578764,0.687750578121636
1509,0.0293958114034467,0.0876228727172387,0.259244822342556,0.699326183626853
1510,0.0294330623223156,0.0867889430730158,0.252161551276789,0.688541692293008
1511,0.02934777941667,0.0861533949817091,0.263985594625392,0.657935452136253
1512,0.0294409346843928,0.0872278417346465,0.26371716252821,0.666055948471913
1513,0.0293173296910293,0.0866947303997911,0.256888950313187,0.648188968023886
1514,0.029436613070982,0.0874118496749426,0.255808561839726,0.680254436509268
1515,0.0293668558681963,0.0859478987194503,0.252078589990429,0.652646899158271
1516,0.029320773043552,0.0871026885952723,0.25583833049632,0.618733703925208
1517,0.029452677942644,0.0869291589545315,0.25839353030947,0.706536605120709
1518,0.0293753097248029,0.0873518925809078,0.252305256050113,0.677461238443373
1519,0.0294232362186489,0.0874067990918911,0.257446025242868,0.666945871371684
1520,0.0293069740863501,0.0866571344261131,0.252466450879473,0.64456884578223
1521,0.029403481083425,0.086669049976297,0.256877934852217,0.668488952107744
1522,0.0294010925190823,0.0869910085372953,0.255723794993642,0.639835621743414
1523,0.0293428228951547,0.0861044884052832,0.250913974082988,0.680468420304008
1524,0.0293386739658306,0.0857493270533738,0.253077767134843,0.655818651305608
1525,0.0294568415663707,0.0869342640763528,0.257669737008044,0.663305648157786
1526,0.0294494073369701,0.0867966567531703,0.254418300185962,0.673220761801493
1527,0.0294967385159044,0.0873100875723436,0.255793548550367,0.659658891801248
1528,0.0294566332596639,0.0879508709576168,0.256676980572395,0.684678967426647
1529,0.0293064799932037,0.0871769370837152,0.260324441041053,0.64758667531071
1530,0.0293848316104216,0.0870029258949941,0.256306004274,0.641723082261
1531,0.029406394753535,0.0860095836116831,0.259312910669299,0.669745695644271
1532,0.0293480219435891,0.0865191645344677,0.253942738135498,0.675420139430291
1533,0.0293992115629235,0.0859429603366946,0.254528581211858,0.659252368633928
1534,0.0294059974022277,0.0862171537941466,0.251904034105293,0.646551657382591
1535,0.0294040151533405,0.0868401346289173,0.253309949839482,0.640909673460763
1536,0.0293120942818646,0.0863879082901432,0.253899728669165,0.693716169451052
1537,0.0293596655679094,0.0875127091964647,0.258374335122302,0.696412658793283
1538,0.0293985873368794,0.0868929843702483,0.264252886222457,0.693523416442222
1539,0.0293474038244887,0.0856199644117348,0.257103103096638,0.698984729860324
1540,0.0293622246255182,0.0865446891195493,0.248558606912042,0.653514078942252
1541,0.0295167714116505,0.0873316144124911,0.250776168535577,0.656000467238317
1542,0.0294187727004517,0.0864765059800186,0.250676411687824,0.663064968864728
1543,0.0293433309697,0.0866759939965678,0.248069147699273,0.656702257013214
1544,0.029425354886523,0.0869841927535615,0.264340949682155,0.68599177109892
1545,0.029412671717417,0.0875663754747004,0.257747323585968,0.681494134978386
1546,0.0294901072527376,0.0869033772298925,0.258067183192191,0.628925532879488
1547,0.0294232707575699,0.0869326298196272,0.254698235168474,0.700149887918575
1548,0.0294169457853108,0.0859804168460916,0.257219140272676,0.687058216566193
1549,0.0294242855788066,0.0865258060219916,0.252225981144262,0.66646784551117
1550,0.0294099470598107,0.086561136118868,0.259110345826401,0.668796901961393
1551,0.0294572987206904,0.0875351477476027,0.257078455120576,0.653390627120344
1552,0.0294348152113175,0.0874564775213463,0.256826623642097,0.658741669253339
1553,0.0294181883520001,0.0858280353993974,0.257191166406898,0.683203846313192
1554,0.0293212166296133,0.0860962060013293,0.255320505550391,0.686611136279676
1555,0.0294217684071749,0.0863833921772522,0.252944030419376,0.646239037250084
1556,0.0293461531861608,0.0868983434982565,0.254692500068799,0.629975164793178
1557,0.0293186564619607,0.0863756890993339,0.252016239026876,0.633197365587412
1558,0.0293338754650644,0.0868486705588303,0.251081335230548,0.670138930387388
1559,0.0294127329831998,0.086439616279249,0.252751506171473,0.644035567559272
1560,0.0293460394797484,0.0857457990753219,0.248232997246839,0.617955919954412
1561,0.0294300327556366,0.0867764508549964,0.255661277388288,0.675107959918537
1562,0.0294383826934962,0.0866775729530098,0.253182109547653,0.684670302704957
1563,0.0294718696509392,0.0866478094588203,0.253181556848686,0.64247259380312
1564,0.0294915661307755,0.0869228288242202,0.253919447712536,0.69816463208961
1565,0.0293440506804206,0.0863438936419616,0.247989984695893,0.638601117642023
1566,0.0293991573581118,0.0869413888285888,0.255156530750916,0.6640306440793
1567,0.0294142043996065,0.0870168865557536,0.248997382410419,0.629751940716707
1568,0.0293477195515408,0.0859813070637678,0.254748183546757,0.679684561180153
1569,0.0294697628519324,0.0870081554211636,0.252181296170154,0.686087866228184
1570,0.0294333943948693,0.0868125309718832,0.257593795243707,0.650367832732296
1571,0.0293151679296386,0.0869251525319071,0.255991164770145,0.689579955463344
1572,0.029291757494673,0.0864754816831907,0.252029367386327,0.651743144459448
1573,0.029389831688857,0.0864774212382195,0.251113111343653,0.629752603895594
1574,0.0293714770439802,0.0860154200505766,0.248078620333063,0.611378100932056
1575,0.0294365780164043,0.0867824895896936,0.24568114832621,0.662749553460732
1576,0.0294437747762434,0.086781913559487,0.256257812500079,0.654624081957335
1577,0.0293655756482523,0.08603778012536,0.251431256640647,0.647612880274474
1578,0.0293961155792896,0.0865658400389385,0.252595511970397,0.686088668154329
1579,0.0292664127692385,0.0859363127607151,0.251266440957931,0.614263082690685
1580,0.0294189936284361,0.0866259221443124,0.251773505302028,0.642267891088822
1581,0.0294026955753923,0.0868279112211971,0.263671943382942,0.681186541992065
1582,0.029333520498154,0.0866820661552159,0.253631710244028,0.660889830237935
1583,0.0294768807151235,0.086909942502569,0.253458163904181,0.674237787676472
1584,0.0294349068275348,0.0861662921832785,0.258448093756219,0.691095448098974
1585,0.0293551223253662,0.0869221761892811,0.255627788452859,0.646242686560292
1586,0.0292852051966712,0.0869118209213475,0.257539539443543,0.698183258173931
1587,0.0293850806178794,0.0868314208768039,0.254951798667891,0.623771466662811
1588,0.029333479831517,0.0863552055233573,0.254084167108171,0.634082181004591
1589,0.0294147668601439,0.0875334588711663,0.254525507751548,0.652792066041537
1590,0.0294034030241707,0.0863033552580518,0.25505772735462,0.666162248906778
1591,0.0293807001589372,0.0868868640347606,0.251006988155824,0.657533074195189
1592,0.0293907595714098,0.0861641697771315,0.25694593411741,0.709454326242627
1593,0.0293178835936941,0.086456548866166,0.250334379793157,0.630301466762822
1594,0.0293544454401407,0.087025750447341,0.25198720749144,0.640177963961486
1595,0.0294837317321414,0.0875984013489296,0.257737000827264,0.654696971108894
1596,0.0294115729623852,0.0866378394939782,0.256968066909905,0.65048386939879
1597,0.029494475835212,0.0866138492350801,0.257634707200505,0.663689026880604
1598,0.0293825532518354,0.085961589841417,0.250397794959485,0.691284930723138
1599,0.0294187075188705,0.0866600710310863,0.260584019304446,0.669936864496214
1600,0.0293378601218852,0.0860622579846646,0.261624858986214,0.692201454531892
1601,0.0293458493249224,0.0865998092311007,0.245967566723864,0.617172734581815
1602,0.0294179023298071,0.0863519940281779,0.24712414472674,0.631730919145402
1603,0.0293532589382876,0.0860745768535532,0.254147376810075,0.676006477714037
1604,0.0294637152779375,0.0868848847790572,0.250829343754471,0.602109806887096
1605,0.0293792955916925,0.0863212692774012,0.249204401033311,0.65418458621708
1606,0.0293676582432387,0.0860208053533992,0.251985524963305,0.652321267551495
1607,0.0293933029838497,0.0862667795403424,0.257820718485904,0.70458129025564
1608,0.0294122098056021,0.0862562699564233,0.253827682738089,0.680442479075801
1609,0.0294737212901281,0.0865903287852632,0.257059250256611,0.701312084336181
1610,0.0293523172469435,0.0860696027976488,0.252576333679603,0.622839361524687
1611,0.0294641159786582,0.0861345141603016,0.250513232212792,0.685452991982241
1612,0.0294480976990279,0.087636525594063,0.254078516957617,0.670063159162929
1613,0.0293619263542812,0.0859222362599425,0.251849155127635,0.696471616558023
1614,0.0294090805726594,0.0863571898692347,0.259740093305797,0.635894003843313
1615,0.0293712906098734,0.0867494874648139,0.256373209407457,0.66173758819708
1616,0.0294123503118002,0.0866711133740202,0.248617864740668,0.666555912847715
1617,0.029323344016973,0.0869918304578092,0.255703518927171,0.661576991400335
1618,0.0293861687286421,0.0864690583826843,0.252066708572437,0.680209462942795
1619,0.0293890564841596,0.0858624285422227,0.253175158463821,0.645285541767613
1620,0.0293901589077199,0.0867837867299297,0.248658950456047,0.628590996938161
1621,0.02937727639953,0.08543929337908,0.257192812342273,0.664197226457046
1622,0.0293337120519834,0.0864061444396854,0.251804897980342,0.644053888683889
1623,0.02940295250028,0.0854389226836728,0.255796239025191,0.631444452899786
1624,0.0295125873686794,0.0874463772545678,0.256068926681262,0.654737701407818
1625,0.0293289976950507,0.0863287560705482,0.253261316884996,0.642629564348851
1626,0.0293827034203018,0.0864001026623214,0.256722556835788,0.668847243347111
1627,0.0293616392999722,0.0870243896634379,0.251171539974348,0.663650057741328
1628,0.0293277768034772,0.0862785005659825,0.259050056061689,0.677869097179524
1629,0.0294385996852157,0.0869329556909947,0.25546746801246,0.626664457203535
1630,0.0294060733578206,0.0860709601037313,0.263701904530337,0.670022637863439
1631,0.0293207559265711,0.0859097974132973,0.251929703742811,0.685171583785961
1632,0.0293357374040434,0.0860990828638796,0.251884860851679,0.632355987771428
1633,0.0294118790774777,0.0866013333698423,0.25452503176322,0.642150513497892
1634,0.0294153822388559,0.0867831417185361,0.251345216474961,0.672370911719956
1635,0.029428660227088,0.0861964148147145,0.255356225436101,0.624675020870178
1636,0.0294554016328124,0.0864640165013384,0.261833396209816,0.655027124397647
1637,0.0293992574252612,0.086166257439915,0.24545573466162,0.705214969619234
1638,0.0294150096878485,0.0869461073507188,0.253290352217848,0.641326980344198
1639,0.0293969799582303,0.0868073686145439,0.256819971585547,0.664434054578011
1640,0.0294705183177872,0.0868423129043251,0.250267620461809,0.651650280981634
1641,0.0293976803897965,0.0859949561309073,0.249153163513473,0.623034431141276
1642,0.0295098151086631,0.0867322175500109,0.254644906795008,0.668843333879018
1643,0.0295106303336142,0.0869418590780047,0.254958620046856,0.71145375428523
1644,0.0294235467836034,0.0862198981541392,0.257307827118472,0.688901631430295
1645,0.0293845098005688,0.0870820390050889,0.248846868741972,0.656412416707589
1646,0.0294445223597441,0.0876892609869149,0.249739021388164,0.683953372069399
1647,0.029484070100192,0.0875658171424177,0.255300368486212,0.648766920709809
1648,0.0294234788130554,0.0865036298644136,0.249610496702192,0.645811334192417
1649,0.029293289018384,0.0855004958079505,0.248836232732415,0.673063590623412
1650,0.0294609544936586,0.086732750424509,0.255955396955259,0.655784775610736
1651,0.0293560345741956,0.0870301698724787,0.255268291429865,0.673604235834435
1652,0.0293667049812253,0.0872386294168603,0.25118910146388,0.649331393225768
1653,0.0294021609802478,0.0869192017415251,0.248418235704497,0.642381902793772
1654,0.0294382246716332,0.0868862742663651,0.251114055952018,0.658911792315975
1655,0.0293470036707934,0.0861966626178994,0.250106838728389,0.655494626353263
1656,0.029390760339198,0.0871804968173358,0.257885002647515,0.666850642934397
1657,0.0293501011275781,0.0871520731852145,0.255025162117538,0.642988436158663
1658,0.0294988834743385,0.086406373573416,0.253310027508498,0.673969950212168
1659,0.0293367256295771,0.0860016311198754,0.257529291605554,0.664521717941902
1660,0.0292940039862656,0.086368615804982,0.258994095986585,0.696081650310634
1661,0.0293298377661465,0.0855162892031991,0.250555023364914,0.639637811009358
1662,0.0294491397467028,0.0860248375601713,0.258297817589801,0.677576881965865
1663,0.0294207833222823,0.0866923396993568,0.251234801605844,0.699155477775119
1664,0.0293640151341139,0.0861293567224306,0.252573580204708,0.653854051211276
1665,0.0293439276566373,0.0864529925263394,0.251600511971084,0.661244979414376
1666,0.0293537891897255,0.0864476222790902,0.25410829691438,0.668172167488671
1667,0.0293659113013815,0.0853295304396908,0.244866980588663,0.672490204577998
1668,0.0293913381857827,0.0858961036810719,0.254881220687125,0.645192927154787
1669,0.02936247046133,0.0867137828841154,0.247670738991697,0.675919418516279
1670,0.0294313949578884,0.0873548917640312,0.260303080876677,0.65846299304005
1671,0.029326947645235,0.0859245948196125,0.251977023017133,0.624215357319391
1672,0.0293904457112285,0.0873167357806342,0.250516848995763,0.618068387320215
1673,0.0294223591232383,0.0863589710268908,0.250005440560954,0.643505008362613
1674,0.0293151178075523,0.0862809256609397,0.249786838396649,0.660204927075456
1675,0.0293599928010189,0.0862311316165011,0.25366111673492,0.684986366782413
1676,0.0294089137780484,0.0870803793474721,0.256516771610017,0.704115201489444
1677,0.0294819379275787,0.0876042260177039,0.255311030080747,0.639377201727055
1678,0.0294350007714568,0.0870584397776162,0.251944188756062,0.602521387205381
1679,0.0294843558745645,0.0871958159285901,0.253462053007636,0.676172285838307
1680,0.0294064566159376,0.0861405887013668,0.250601157609493,0.616973594598276
1681,0.0294049746794998,0.0860663646869385,0.253592232768384,0.653426242467422
1682,0.0294632006567656,0.0868276861170634,0.256275667478467,0.642149280207337
1683,0.0294390496606708,0.0871212631659696,0.253814051381345,0.627954832380186
1684,0.0293166036113809,0.0857891586326132,0.247146277053959,0.639200851441668
1685,0.0294058255728372,0.086953769122092,0.256252955346189,0.673890196377785
1686,0.0294393786770031,0.0865665374940998,0.255353314282652,0.660418337619161
1687,0.0294421262727524,0.0871897106138672,0.253171968576186,0.652048518746267
1688,0.029438354109486,0.0868573403846973,0.257757570772356,0.663914946003369
1689,0.0294072723023227,0.0870472120543062,0.256843774741566,0.69990162189127
1690,0.0294229883510715,0.0860489107376582,0.249184050387862,0.662483315013613
1691,0.0293680869545677,0.0860622026596918,0.255019372649586,0.654937512042641
1692,0.0293821313750847,0.0859964249443163,0.253012074568964,0.62493941716641
1693,0.0294204805887372,0.0863823998417727,0.261226259017069,0.665347522784824
1694,0.0294422648002555,0.0862863377991202,0.249601699812596,0.667046265403041
1695,0.0293201858555142,0.0858575702183756,0.251547508962432,0.632564412937101
1696,0.029412663595981,0.0855469073747609,0.248577202926916,0.661917576823999
1697,0.0293789859014528,0.0856482793486875,0.251587139316967,0.68091764024323
1698,0.0293947262882822,0.0866286556546091,0.252469861020546,0.61857650617239
1699,0.029364689799522,0.0873072259626086,0.259917035570769,0.67246736900693
1700,0.029439397920536,0.0869084195023484,0.259493037480365,0.676208689423764
1701,0.0294403543159058,0.0876638014078393,0.258821134174926,0.653724864748531
1702,0.029329021998207,0.0864444957606482,0.250738898306468,0.602103137171059
1703,0.0293426160997601,0.0869894138647364,0.258518695776313,0.655328861793146
1704,0.0293894250123721,0.0870836844947038,0.251978102328556,0.67714276850443
1705,0.0293174362495327,0.0865805265660119,0.255448700003695,0.65492420448754
1706,0.0293949028147513,0.0865517080270767,0.253204688849731,0.698749510459385
1707,0.029336036750287,0.0862949091692356,0.257868202227584,0.632442802857137
1708,0.0294593607645058,0.0866717262439924,0.250623102101154,0.669014794643294
1709,0.0293730637571783,0.0865616604069088,0.256330295470519,0.655381375889632
1710,0.0293583497728637,0.0868171610113854,0.248433361888391,0.673343408017572
1711,0.0292680017639132,0.0862080523401941,0.252458317951245,0.667467483682516
1712,0.0294537543937221,0.0875372372375355,0.256657198680197,0.671846411288298
1713,0.0294261332523858,0.0877696313357094,0.250932153951043,0.641049730684905
1714,0.0293679138883169,0.0863098055506002,0.251307465499758,0.650645273547939
1715,0.0293579488276555,0.0857201589159275,0.254737600476956,0.67981985964466
1716,0.0292921384411726,0.0872217432737636,0.261081165176498,0.677267320262271
1717,0.0293893312850953,0.0863333378286127,0.252054829586506,0.691171063004587
1718,0.0293995906304511,0.08678354212882,0.253656222258891,0.636635416216961
1719,0.0293724143077037,0.086450248479879,0.250476367417899,0.669786327965646
1720,0.0294015944900888,0.0863728525449125,0.248272883513464,0.649002992362272
1721,0.0293241757897784,0.0865723870987803,0.251592501415986,0.691040189336467
1722,0.0293633225063043,0.0863631780801144,0.256961425501317,0.702742956463607
1723,0.0293007391998836,0.0862805823045043,0.250555082621218,0.672627104139939
1724,0.0293459348877463,0.0861212932401298,0.253188871948977,0.657274903718771
1725,0.0293954258216892,0.0859332572774219,0.256503712483234,0.68648586790984
1726,0.0293436919915225,0.0865084110736016,0.254559147065054,0.673673047441771
1727,0.0293672801417658,0.087054580032362,0.249437834997699,0.64704447663956
1728,0.0293618268448448,0.0859497278054763,0.256561785992628,0.633583923264453
1729,0.0293654350657944,0.0861104471620989,0.25260137875192,0.687882173478066
1730,0.0293601349041297,0.0868216503228153,0.249907250516581,0.664597865890894
1731,0.0293916214376133,0.0869182378366118,0.256835097184411,0.708484347321228
1732,0.0294409873385806,0.0865910152532313,0.260217210866904,0.669530227992925
1733,0.0293731861157705,0.0867177888682073,0.246878050354894,0.659971746867572
1734,0.0293945693481837,0.0868701420954313,0.256519124656846,0.666429260630591
1735,0.0293282772212693,0.0866096192957502,0.254167471152575,0.697219063813046
1736,0.0294270878965721,0.087532172338856,0.26054066008247,0.667843927545622
1737,0.0293721591981978,0.0866500615233946,0.253822267697446,0.653244162467986
1738,0.0293705715793846,0.0869876594140386,0.260202703849435,0.682417659454063
1739,0.0293957189043829,0.0872293900936759,0.253788665059577,0.697887477015594
1740,0.0293505153127022,0.0863459274043461,0.258736285311047,0.665242490104523
1741,0.0294137721661191,0.0861580762214812,0.26170097480134,0.671744358415731
1742,0.0293562175309347,0.0864938775649396,0.25014887139104,0.610330766127955
1743,0.0294404528633969,0.087220178092577,0.261339412610899,0.662744929759749
1744,0.0293292263276918,0.0863090613285587,0.253186566215054,0.681548942066668
1745,0.0293114200824276,0.0858393097466516,0.250653170738519,0.638354691077848
1746,0.0294361544155686,0.0874755809613003,0.262163774529709,0.677004712508758
1747,0.0293286906938207,0.0867696097070723,0.249777011337097,0.680003173261223
1748,0.0294600515487438,0.0861926020637887,0.25735344339326,0.672839837050357
1749,0.0294679070462205,0.0867733822731163,0.248675351176649,0.662892872044912
1750,0.0293496072599572,0.0872227904907039,0.25026309901564,0.669320521356315
1751,0.0293973911591546,0.0864680193099992,0.25696972137749,0.671319022519129
1752,0.0293410816042753,0.0864368429783995,0.256153125297608,0.654541496395604
1753,0.0294730709927724,0.087119478902095,0.25132645353456,0.649553524065006
1754,0.0293731142521668,0.0869595970158199,0.254636589919008,0.658300661092216
1755,0.0294722545252612,0.086699658187822,0.254020183451788,0.704755766289462
1756,0.0293442619494307,0.0867631157026964,0.254488233654861,0.621976800968865
1757,0.0294346226891332,0.0869247384918654,0.256856953311166,0.674419515724587
1758,0.0293983692369927,0.0864276110881085,0.252832760182007,0.663445631173657
1759,0.029470261243156,0.0866843886997921,0.256265209858308,0.682816145849617
1760,0.0293785128477278,0.0872907124876287,0.263379052500357,0.680835613213418
1761,0.0294630841741799,0.0866436088477412,0.258499156785099,0.676426338403719
1762,0.0294274429538752,0.0868123812225098,0.252446833881244,0.666277517087831
1763,0.0293141660120387,0.0862306502276123,0.249382700992427,0.660245713479015
1764,0.029327011378942,0.0866536658105527,0.25470130732603,0.707250948518997
1765,0.0292766282385339,0.086410161667017,0.257454952534388,0.617732225237652
1766,0.0294162072450858,0.0869587149641355,0.254961483994953,0.654259540900248
1767,0.0294581189291455,0.0862872626947025,0.250503169525335,0.68045911212991
1768,0.0293509635639488,0.0866438335342881,0.255731686851113,0.643989515422825
1769,0.0294233953134289,0.0865681468231226,0.257184611262772,0.678386141213457
1770,0.0293780163665808,0.0866731672094845,0.254888561146808,0.648893463509879
1771,0.0294688360540479,0.0862361685818947,0.251614473238081,0.693311362457414
1772,0.0293731144640112,0.0869472472272906,0.259288397013228,0.635778568204288
1773,0.0293623329004512,0.0864439858996397,0.253658871809741,0.687728813812606
1774,0.0294142998930748,0.0868661537597136,0.251600059550125,0.650813933791581
1775,0.0293064983811228,0.0864820351094687,0.254586107801381,0.67801712964731
1776,0.0294346536496144,0.0866729278550842,0.252247974374621,0.624000518169701
1777,0.0293748375193474,0.0863505948961065,0.258414719229368,0.631766853010373
1778,0.0293465693174127,0.0862989666717627,0.252196028199266,0.64647299688234
1779,0.0293910593318986,0.0878241202252411,0.2554727929682,0.663068663553046
1780,0.0292896457264456,0.0862746757460274,0.252465909550079,0.600145836560026
1781,0.0294251315704532,0.0868831944427256,0.247359075790841,0.599105397604007
1782,0.0294241495574067,0.0863922438623736,0.251121633276627,0.647808026408014
1783,0.0294593720891849,0.0868844925074516,0.252607969575743,0.62861475656267
1784,0.0294247663340439,0.0865546498336986,0.255785291098853,0.683714336950675
1785,0.0293805475408154,0.0861941874839814,0.259460431588159,0.658567401692215
1786,0.0293968108572627,0.0870470713543397,0.26071426834656,0.661677268683506
1787,0.0293759347489808,0.0865287245578939,0.257845897788344,0.688124098215617
1788,0.0294287963599993,0.0868669935569638,0.254367967122579,0.659178203913767
1789,0.0294164007937787,0.0874895202548594,0.257332256339145,0.656701473730877
1790,0.0293702539655389,0.0866641563451567,0.259177781232735,0.682490583431229
1791,0.0293139751915112,0.0863268295236046,0.256722539229399,0.666111086581673
1792,0.0293761570521637,0.0863558027891481,0.248461094737819,0.65544311313768
1793,0.0294217120322886,0.0875410119378982,0.259022012599979,0.69609718284571
1794,0.0294298890914188,0.0863788026074297,0.253789433284859,0.650010560416291
1795,0.029340602730592,0.0874196810090812,0.265363962084225,0.703364902628958
1796,0.0295120449667232,0.0876919180071728,0.251952955317549,0.661130320232673
1797,0.0293806827352625,0.086534295704654,0.25350081016558,0.693854045209294
1798,0.0294264699088426,0.0864554711362183,0.253183042443674,0.662863886081908
1799,0.0293629494539579,0.0875196331862079,0.251340222581504,0.658167081673549
1800,0.0292990962651295,0.0871433307598969,0.260720577343176,0.659484385362629
1801,0.0294203965584017,0.0874536944251444,0.251435874528067,0.693741802542996
1802,0.0294278392003429,0.087607820486831,0.249917070905573,0.661470675959293
1803,0.0293975682851575,0.0864123260486455,0.246038609030209,0.650402180200505
1804,0.0293596626363717,0.0865162773143131,0.256516085051388,0.659734449423157
1805,0.0293967797764501,0.0860324712261506,0.247229211237459,0.644505524930367
1806,0.0293747116144367,0.087071467335641,0.257321289142814,0.671330585558042
1807,0.0294527174004735,0.0868163189245029,0.253167460384796,0.656846679458044
1808,0.0294187633092912,0.0876214323765306,0.261546013151105,0.69020455612827
1809,0.0293620632985472,0.0856996525920713,0.260630346222175,0.677209959959177
1810,0.0294441107952474,0.0870049956120261,0.253393984103734,0.666230502871944
1811,0.0294121589470153,0.0871585827625572,0.256563574203254,0.647383854914462
1812,0.0294406417295449,0.0872603828004229,0.257384073297903,0.638082517347903
1813,0.0293730044910823,0.0858367356923267,0.250692858023887,0.658707801203105
1814,0.0293562663736357,0.0861449175377742,0.255979469481488,0.684996231245176
1815,0.029432749680851,0.0876088999761545,0.249093984742481,0.626510208594069
1816,0.0293164790793583,0.0861308677904632,0.256642987900752,0.645960643126862
1817,0.0294070103202277,0.0864202844526213,0.252741213981544,0.662233364542208
1818,0.02933581410793,0.0869446637328697,0.252821949232804,0.646686766621958
1819,0.0294214230756802,0.0866974666467805,0.252240236537564,0.638614081036955
1820,0.0294271374292519,0.0870756886947476,0.25616880627286,0.651823190375098
1821,0.0293747743371949,0.087618149838012,0.260552592498722,0.630510460858995
1822,0.029413097438241,0.0866664143026669,0.253310441555925,0.683276414957634
1823,0.0293447913735482,0.0858962161713768,0.243391244174883,0.652838686867287
1824,0.0293363974540195,0.0867024721818015,0.255927303844062,0.638636599782174
1825,0.0294931569925859,0.0867209613592355,0.252118170641493,0.659756714467016
1826,0.0293458753319829,0.085572979804188,0.254637906653279,0.690894424800467
1827,0.0294160770762366,0.0866175235200573,0.258231395210332,0.70181870536172
1828,0.029407930038897,0.0863149574488456,0.259102807880224,0.64212391296698
1829,0.0293744334190311,0.0863419509907238,0.24969930000371,0.60745319240162
1830,0.029477535022584,0.0862549599555707,0.251683232775643,0.66691453856475
1831,0.0293212615544554,0.0873725754105935,0.255637116762568,0.684224970628645
1832,0.0295000288702906,0.0868854812068771,0.250817724506743,0.634479636341209
1833,0.0294770591503625,0.0864999372809559,0.250898518480892,0.627444991899562
1834,0.0293728944584444,0.0869293354337739,0.254873108803301,0.695747406318403
1835,0.029416938948138,0.0858628916825828,0.255271040315304,0.705520894502596
1836,0.0294514717284545,0.0872063654589265,0.257268227578912,0.639701465253508
1837,0.0294470532278903,0.0865229648860172,0.252337830495054,0.65149447078452
1838,0.0294172979392243,0.0859441795412966,0.254008115090961,0.642264178465162
1839,0.0294577718238026,0.0870244445034922,0.256982674851781,0.665757791966479
1840,0.0292697941725649,0.0863949828230893,0.253960455689791,0.706467262157171
1841,0.0293700162586733,0.0867779938257762,0.250763482590554,0.6505622345144
1842,0.0294148938121356,0.086652083271975,0.254684255711345,0.637385082523537
1843,0.0294542472520756,0.0871607222284238,0.259954999843882,0.669001905450282
1844,0.0293628533697985,0.0867542627726963,0.252031141889021,0.619006366630912
1845,0.0293404867947955,0.0863289150182888,0.247975558207955,0.643115047284767
1846,0.029353076857197,0.0862959782375604,0.259929683415824,0.639312512742906
1847,0.0292894091553281,0.0865096827723536,0.252327459708,0.645421701418723
1848,0.0293413912650812,0.0868037154865671,0.254130463996426,0.658128250943583
1849,0.0293409704025322,0.0873756620370758,0.256917956352782,0.686747232014387
1850,0.0293707127543072,0.0867235044264016,0.261213221653711,0.652676365781171
1851,0.0294183206377153,0.0867129138574858,0.256905635628306,0.669002170073327
1852,0.0293984876797013,0.0869726518281667,0.258623172011567,0.715024561299571
1853,0.0293702573245848,0.0865385061630917,0.254268498334069,0.638655292072836
1854,0.0293990380152964,0.0866941305916768,0.252690713316506,0.655500142455646
1855,0.0294820455676295,0.0874331006863248,0.255774900677173,0.662338041865632
1856,0.0294249741561306,0.0873600861476316,0.253538327913635,0.68373950124276
1857,0.0293176596291041,0.087354785727823,0.257794053787708,0.63888456355526
1858,0.0294100827284535,0.0872413360322522,0.261274434662336,0.652421535548787
1859,0.0294447119155477,0.087045700527237,0.253114037047444,0.661556700099543
1860,0.0294119914256194,0.0861665433968987,0.253536070900113,0.631326732106322
1861,0.029303958132011,0.0870225653455477,0.251732710225005,0.689971839424674
1862,0.0293202313867713,0.086078638251115,0.253989380498109,0.627612073749375
1863,0.0293845673080052,0.0867832455996344,0.258488422306833,0.659610892981641
1864,0.0293888990431223,0.0862018170233086,0.252327578658857,0.643457305228718
1865,0.0293456793913555,0.0857515235414676,0.249810143903164,0.700669193817261
1866,0.0294429749228873,0.0868330741027042,0.252168951412273,0.642785747886474
1867,0.0294132171839752,0.087076509245479,0.250555862034852,0.674745322062673
1868,0.0293344107092274,0.0872015275604375,0.260438975798328,0.68488798748305
1869,0.0293521307350581,0.0866460930395127,0.255595586622927,0.656329427444645
1870,0.0293619563522659,0.0867666951381983,0.256966687897515,0.651667789104373
1871,0.0293727568468377,0.086682095760558,0.252479667479899,0.643618181184467
1872,0.0293664378780539,0.0860175319093009,0.253525104061337,0.662215503808657
1873,0.0294224764358012,0.0860508556254266,0.252167690679285,0.640647181877788
1874,0.0293288619967989,0.0862174433976223,0.25615051648233,0.687285179904323
1875,0.0294473107706665,0.0872993861555103,0.257877531694628,0.662443356234248
1876,0.0293660711563057,0.0859212273296567,0.256624701469336,0.669889511899965
1877,0.0294111105225273,0.0864482886618914,0.251059260284849,0.672920537584283
1878,0.0292908895023217,0.0860216696372417,0.254474424731848,0.630686539871789
1879,0.029377857759976,0.0863283130213785,0.250245535857091,0.633145477441441
1880,0.029280251302544,0.0868260243169825,0.256173847475231,0.675059250095487
1881,0.0295169727439472,0.0880186126088783,0.257773977668345,0.631878367470137
1882,0.0294002300928891,0.0873651204633698,0.256729983123244,0.64657786719444
1883,0.0293092392517186,0.0863011345242213,0.253558691188634,0.632819567806715
1884,0.0293955169818425,0.0860388870192391,0.245563275744512,0.647322418253138
1885,0.0294188536103351,0.0870499013533873,0.253279219614714,0.638406628693392
1886,0.0294303752593327,0.086767449878613,0.250517477639385,0.682882010328314
1887,0.0293951748251497,0.0865889280833758,0.257351134324926,0.650051137914151
1888,0.0294089032743442,0.0862911159848793,0.25061283541019,0.645367539821802
1889,0.0293628765851831,0.0864120063969579,0.247555181940911,0.63318973824287
1890,0.0293406162793958,0.0857702335298108,0.254012701377057,0.61875202404423
1891,0.0293826447307803,0.0862377947901276,0.252894479213773,0.637126124269121
1892,0.0293590203609741,0.0854672339805746,0.249526949583248,0.660589003988738
1893,0.0294004606709674,0.0867191720334103,0.248319220752292,0.661044919649216
1894,0.0293041989157137,0.0860103560208405,0.254363063262955,0.655937610046032
1895,0.0293979664480218,0.0861594117175662,0.247871762415411,0.619975222127259
1896,0.0293501361439186,0.086373374088659,0.254125361196582,0.620480377115565
1897,0.0294248420283913,0.0872222146729839,0.258003940178621,0.67088426233083
1898,0.0292720463927548,0.0862554498522714,0.253082002667119,0.62954889690505
1899,0.0294008563157796,0.0870287265431064,0.252073568162946,0.647092770148107
1900,0.0294134980240772,0.0868348137050079,0.257077336911411,0.666779171157708
1901,0.0292931957620945,0.0867445612577473,0.252494126728459,0.704823888249826
1902,0.0293364504525669,0.0864673807630236,0.254601900195826,0.634640973865382
1903,0.0293269749156614,0.0863628583213506,0.257607486755339,0.65386358382018
1904,0.0293646680289711,0.0866452604781339,0.246002906167502,0.662153773415694
1905,0.029475912650808,0.0863203309109772,0.253196671604926,0.644499208620139
1906,0.0293931826139646,0.0870183157513301,0.257286584790925,0.640437171688873
1907,0.0293380535175054,0.087091246104959,0.253795220483656,0.696052028472454
1908,0.0293285396603919,0.086712960359088,0.249373693057626,0.685721111830282
1909,0.0294200482699987,0.0869319920705789,0.251147212196483,0.677067231329265
1910,0.0292796211902057,0.0864963703323664,0.251301962957843,0.657852656805933
1911,0.0294725364227361,0.0872003157240291,0.260477483320394,0.666663988175315
1912,0.0294112858132343,0.0861465249380897,0.256399112046169,0.656328369716005
1913,0.0293986369624467,0.0864409954142266,0.259237655096749,0.676671823919003
1914,0.0293318059645737,0.0867082715946813,0.248534092194491,0.693913065418294
1915,0.0293274132754789,0.0863442428992676,0.257243336939911,0.666600690330939
1916,0.0294111891779195,0.0865813132428278,0.253035826000552,0.625811008543458
1917,0.0294468836851146,0.0866662060061476,0.257079237733615,0.667436131079989
1918,0.0294143946489113,0.0870997146401615,0.258193019649337,0.691852161450009
1919,0.0294127134396443,0.086452142580619,0.251026562413824,0.657270167361258
1920,0.0293132915245727,0.0869366284631555,0.255638158795916,0.631309750384851
1921,0.0294619588989838,0.0869180774948233,0.255525619054733,0.674754288643702
1922,0.0294548028611684,0.0870562317500486,0.251396121544336,0.66802132061716
1923,0.029437436377993,0.0870664069664424,0.255942187990224,0.650236971699411
1924,0.0293380038876171,0.0862847482441702,0.258826415346332,0.659557680128148
1925,0.029328379375402,0.0864579779959423,0.253222258269067,0.635828145862408
1926,0.0293672634793677,0.0872305446481661,0.258136364926503,0.664762434373425
1927,0.0293962467834596,0.0877684743460882,0.254619054437354,0.640172419831586
1928,0.0293387838761518,0.087132360366314,0.251180315193121,0.653890815764259
1929,0.0293995817954532,0.0859095423942704,0.248826411169923,0.691300125012089
1930,0.029344993121698,0.0863691986541297,0.247598314324536,0.689107067105385
1931,0.0293899981335135,0.0865529830407695,0.252583894043283,0.649850408016244
1932,0.0293714242248135,0.0873138660511746,0.255897825000269,0.670777881587412
1933,0.0293688704783341,0.086224251198844,0.250309966138374,0.642664012049588
1934,0.029376731410486,0.0870419312746878,0.261028790122173,0.644883623102498
1935,0.0294302199367213,0.0866221641641385,0.258307904113924,0.67139902461793
1936,0.0293623295357352,0.0861988976085728,0.251350052996037,0.633595140576089
1937,0.0293649842119763,0.0875118051429456,0.257448404059246,0.613017934749837
1938,0.0293070015055656,0.0860910852694062,0.254636866085002,0.689559538721263
1939,0.0295279142664477,0.0868878243252993,0.256964976989466,0.667531630828512
1940,0.0295270556871322,0.0874970573238168,0.253188655726846,0.646052043641361
1941,0.0293697650536848,0.0864944501864974,0.256608633999563,0.649866538849142
1942,0.0294274638798001,0.0867309672682946,0.258815446346083,0.705437557051517
1943,0.0292948173518256,0.086098808967094,0.247414691917438,0.677374274863019
1944,0.0293418306335546,0.0862516082309266,0.249984428254228,0.659653531950194
1945,0.0293953509361927,0.0869752575072919,0.248749098769506,0.652098611951742
1946,0.0294535364913964,0.0862686046004455,0.254190911597893,0.661386665249023
1947,0.0294025088991783,0.0864099688346302,0.254884334679319,0.658754958898071
1948,0.0294228032974396,0.0868234664311229,0.255775131697359,0.686749693155485
1949,0.0294106979491452,0.0873978591702471,0.25829687735445,0.701470650670159
1950,0.0293107886120124,0.0858183651242942,0.251260386786814,0.673225353220211
1951,0.0292763587541525,0.0867037856278834,0.252786415849331,0.699467567009992
1952,0.0294160948778908,0.0867915382414922,0.257372318902554,0.681193832540261
1953,0.0294376762207549,0.087172944491857,0.255975784237379,0.706572938862445
1954,0.0294643818581881,0.0865540405288403,0.249499163227248,0.623144336021648
1955,0.0293842277187879,0.0876245917809592,0.261282842370609,0.68569773360707
1956,0.0294301929485155,0.0862663193180096,0.255885039072252,0.647939574336969
1957,0.0292910117681859,0.0862670525974598,0.25308439689705,0.644921911470014
1958,0.0294916812791352,0.0866278242012634,0.252171317052455,0.650722828969647
1959,0.0293097456689031,0.0864484441439337,0.256433545355028,0.622404486057201
1960,0.0293961927983112,0.0870729735911894,0.251893748172962,0.637764312584409
1961,0.0293653281690882,0.0862485269105661,0.252230379478996,0.647451328284137
1962,0.0293273873630313,0.0865072639406304,0.250185288239369,0.642973148150752
1963,0.0293486408677193,0.0857594546329401,0.253257959918066,0.636842317927229
1964,0.029381081139639,0.087100741810371,0.253716837899271,0.647498492806129
1965,0.0294388874590392,0.0869218482109907,0.25630772428851,0.679464601920924
1966,0.0294118721500157,0.087009798052934,0.254392306080658,0.679510287027148
1967,0.0294601687571644,0.087160465047845,0.259289451113252,0.656606849324167
1968,0.0293670348497241,0.0861488295802951,0.2560267208869,0.654892478118343
1969,0.0294176019151034,0.0860511075885205,0.255217568065124,0.66973049824345
1970,0.029315391738918,0.0861745245623991,0.249331927901275,0.673667684580287
1971,0.0295202917517854,0.0867420184095971,0.248725020852616,0.647075528794426
1972,0.0294200573702414,0.0862912549446624,0.255642340947829,0.680431751228562
1973,0.0294388792510319,0.086693157399079,0.248036265056585,0.652666033735289
1974,0.0293960696964419,0.0856370774640931,0.240945277124778,0.663429044144216
1975,0.0293815132761723,0.0866076225827676,0.25414972665758,0.684599735540071
1976,0.0293897789901035,0.0864879538512908,0.251671577996167,0.703089864950038
1977,0.0293341843823625,0.0857304252580654,0.247312513284431,0.655514484303738
1978,0.0294840647063419,0.0873845855845619,0.2554277525618,0.668989399465188
1979,0.0294146801667353,0.0858883080755607,0.248596754707545,0.672196628393655
1980,0.0293614840998648,0.0863489026775517,0.259171391916075,0.654482181632048
1981,0.0294751944366471,0.0870171871405559,0.257607109823531,0.619859346546984
1982,0.0293770523001215,0.0868453383619042,0.254958666701208,0.669784177379918
1983,0.0295011965416893,0.086585553418251,0.255691361080691,0.677798314896242
1984,0.0294129693092542,0.0870344302463836,0.257848411423095,0.6944926011175
1985,0.0294184342086359,0.0872531276007291,0.253480767624784,0.696900646152656
1986,0.0294226097345596,0.0859430000924743,0.252781007568859,0.659330665693025
1987,0.0292903128341093,0.0865914747605984,0.25564292351359,0.637712380239574
1988,0.0293034582388163,0.0870196048940034,0.257124295069287,0.66071939585217
1989,0.029473453772544,0.0864049276821291,0.255467016831634,0.651038777276024
1990,0.0293354487160219,0.0861247758370158,0.251439322645147,0.640564551130212
1991,0.0294409345362203,0.0867788568827507,0.247368526534129,0.652275331434652
1992,0.0294435844431945,0.086235484621359,0.252151067065928,0.629443274299713
1993,0.0293519545447939,0.0856799347414982,0.256988925537976,0.630079812749665
1994,0.029436831231808,0.0870182188945092,0.254240817191715,0.665388268292294
1995,0.0293573095135014,0.0863147116332937,0.248858353712466,0.636083370193487
1996,0.029375840400647,0.0857369721309108,0.252499053135598,0.628459014762934
1997,0.0294246999179584,0.0857966496037179,0.255229226983625,0.641365976916785
1998,0.0293585945956341,0.0861127252556539,0.247600207035695,0.636005931962605
1999,0.0294342131985907,0.0868990979394541,0.255107943039252,0.644683766236562
2000,0.0293879937449246,0.0873887724010224,0.258805061168178,0.681397778035302
2001,0.0294364767643905,0.0867412910893708,0.258298556668679,0.644642669143366
2002,0.0294802967492303,0.0866894942067893,0.257468627988556,0.648800944166292
2003,0.0294050622209544,0.0866456467304782,0.248012423289695,0.622399152348446
2004,0.029324493624885,0.0861483850765006,0.258866283925256,0.666567072979491
2005,0.0295273085672648,0.0866433183166056,0.255450618573793,0.619455885124667
2006,0.0293515780293601,0.0862486055233024,0.251170388899952,0.666851897856773
2007,0.0294211802792277,0.0880896032176626,0.258364683511244,0.644637654752537
2008,0.0294846835826843,0.0876674603961525,0.265035470631682,0.698544103711438
2009,0.0294629832416833,0.087953005534069,0.252690212324089,0.646240598875291
2010,0.0293876536445077,0.0875432790508787,0.262391351836587,0.655317864016421
2011,0.0293225571858717,0.0864388798593214,0.254742990893614,0.650614069162089
2012,0.0294117204381063,0.0865954265016238,0.249987820193079,0.649781848571634
2013,0.029447853130622,0.0871178197812999,0.256164911678835,0.703137607946864
2014,0.0294222545510162,0.0866660790423805,0.255153911799256,0.689960050183374
2015,0.029373605789336,0.0864014548118116,0.248992556181014,0.669621939488721
2016,0.0293455538026861,0.0865910738871332,0.257454637347299,0.703953340001473
2017,0.029396553409939,0.0869098265662455,0.264422751385187,0.666795209710036
2018,0.0294258885561704,0.0867769870730601,0.257643706894115,0.650538565579681
2019,0.0294084238024859,0.086258715604358,0.254965284192475,0.627541296007698
2020,0.0293782800977378,0.0870061881949906,0.253964811060271,0.640841602253234
2021,0.0293887353402133,0.0860960752694991,0.251610115388054,0.614654543902359
2022,0.0294195329640459,0.0872416008496976,0.257388838910457,0.65945536832923
2023,0.0293969692846378,0.086586438063658,0.256050949616421,0.647655150223912
2024,0.029432974636824,0.0870016217471865,0.252053875314462,0.661757461330815
2025,0.0293494773017919,0.0868454886481226,0.260633837703023,0.671807855070703
2026,0.0294844555917295,0.0875972843797781,0.255759546783268,0.646506451498515
2027,0.0293712561827979,0.0857899841757237,0.250970054904097,0.624392211308422
2028,0.0293819742597832,0.0874784944245284,0.259935720762205,0.667878476466932
2029,0.0293262514315907,0.0870283770370837,0.254632049326182,0.61656872848059
2030,0.0294804492029774,0.0870733818835293,0.252657129884329,0.646226254242132
2031,0.0294276513073038,0.0868638369240049,0.255449496426556,0.666770326864399
2032,0.0293585627603703,0.0870920159678184,0.255492355174506,0.660359522173923
2033,0.0293957939338435,0.0868241870443985,0.246817021927676,0.660512065033648
2034,0.0293731068415651,0.0859686582851315,0.254474389797969,0.608276264133967
2035,0.0293327675553847,0.0862471023118245,0.249423801609386,0.66150945338746
2036,0.0293770349678949,0.0868287484688079,0.252283290879503,0.694135926729803
2037,0.0293980442059488,0.0870860197934615,0.254615411155301,0.634359485532189
2038,0.0293085233392574,0.0866283071193518,0.254040650597413,0.666401879048438
2039,0.0294571611123523,0.0873109138279495,0.262909909601307,0.687869316756386
2040,0.0293617806787576,0.0870173546621815,0.253239991232014,0.641081554441012
2041,0.0294443792533792,0.086873063450541,0.254318718123835,0.663299399943482
2042,0.0293365239219201,0.0867692408860342,0.257149323529096,0.68676973353838
2043,0.0292751538887276,0.0853696271572682,0.253929270574468,0.657058225903977
2044,0.0293954294281371,0.0865429470129928,0.254810875789837,0.660812396289678
2045,0.0293819097346282,0.0869847136594448,0.256994707035083,0.647760659195818
2046,0.0293873694371038,0.0858604344399685,0.253928921453416,0.66729624013678
2047,0.0294846583776279,0.0865058599192846,0.249760630338237,0.712794322775482
2048,0.0294366595440361,0.086848915258982,0.259408666563353,0.677650607468974
2049,0.0295097194747153,0.0872083217940069,0.266014896470168,0.68174266709647
2050,0.0292976694002043,0.0859592494744458,0.252781960184885,0.619283186528594
2051,0.0293714964149908,0.0867421930291382,0.262895729045293,0.657799387723644
2052,0.0294016956727543,0.0866526453246664,0.254032143770385,0.685364445912652
2053,0.0293340671107274,0.0863408857972811,0.256057191666279,0.653590045743974
2054,0.0294125293007719,0.0861222967533989,0.257639384201604,0.680279117261859
2055,0.0293691436628939,0.0871567403391076,0.250597251952136,0.652276765487229
2056,0.0293851202834682,0.0871200209574171,0.255084592142348,0.662062659424066
2057,0.0293711683163597,0.086290662001711,0.255243006335718,0.644348162451063
2058,0.0294174450070664,0.0866838000971199,0.251562691229717,0.660888341865279
2059,0.0293326962426571,0.0863760053769928,0.258364791664146,0.663351727962472
2060,0.0294670433691859,0.087564401197747,0.257614707826767,0.66929759681995
2061,0.0293704878009544,0.0861406465447434,0.249421690572987,0.676022063154562
2062,0.0294298301454904,0.0872720985464347,0.259725174701709,0.679579873190839
2063,0.0293731661036309,0.086048953679493,0.249507943420205,0.633039879027635
2064,0.0294782776767723,0.0869825617755964,0.256157756380562,0.66393016572906
2065,0.0293747837182537,0.0869940861752145,0.248496260182545,0.664482452328407
2066,0.0293730603666993,0.0872642482347002,0.256579442454886,0.641987553490561
2067,0.02940034041795,0.0867681652283411,0.258320266965174,0.645924753022466
2068,0.0293842627978993,0.0859480639374186,0.25001301208404,0.653254779510058
2069,0.0292466210018952,0.0859427311107275,0.257033974406036,0.68514889985486
2070,0.0293917160504174,0.086482824017898,0.252550786365344,0.668739992497234
2071,0.029323896457694,0.0864771165691837,0.251598277640039,0.675761832543153
2072,0.0294228681761259,0.086539453439907,0.258687865407377,0.697036477067912
2073,0.0293045137603688,0.0860508041464086,0.250415854960951,0.648460355459646
2074,0.0293565944795465,0.0869479682684189,0.251947353984185,0.679571112591068
2075,0.0293132145538327,0.0860376534921558,0.252217480898692,0.649647185719142
2076,0.029503720410451,0.0868975821189985,0.260538712186908,0.6849427917864
2077,0.0293436710428502,0.0861145434400662,0.251055805557738,0.68309123149491
2078,0.0293427480036844,0.0864883288073693,0.256541741661195,0.645424454874625
2079,0.0294283686033369,0.0863406055188544,0.252920980011932,0.702545277401228
2080,0.0294037646288079,0.086124600640598,0.251436813478049,0.640313077433287
2081,0.0293449495719527,0.0875085702512652,0.257562810918712,0.677162341306082
2082,0.0293504079147832,0.0853779748939323,0.24772881633293,0.642405830535974
2083,0.0293625520198167,0.0865210989739207,0.253530010638211,0.676443170863065
2084,0.0293468238848725,0.0862437988849484,0.253082305119074,0.64224767549726
2085,0.0293923128621474,0.0862619124075193,0.250488904073144,0.661613533078591
2086,0.0293608311994763,0.0867613816565017,0.258751254622078,0.65398542821251
2087,0.0293167715380481,0.0862476763751876,0.250255687613531,0.632117047281615
2088,0.0294027681979358,0.0859868687611666,0.25202638293953,0.649835712652192
2089,0.0295354425601029,0.0869581021341739,0.258640043005261,0.714939523109988
2090,0.0294679350333468,0.0870782185820133,0.249118706794255,0.703621505608809
2091,0.0294274671436914,0.08616836519182,0.257525111653423,0.650424679430487
2092,0.029415671818749,0.0864103382874943,0.248662628547905,0.657192026834825
2093,0.0293508007686673,0.086415436461908,0.250093825313183,0.648571790789902
2094,0.0293450464602564,0.0869203708099857,0.256489689813045,0.654885712603975
2095,0.0293519851136102,0.0866775037191214,0.259813775953255,0.646700930261589
2096,0.0293672714078387,0.0874215645737122,0.257637540131673,0.63140185995409
2097,0.0294510628948255,0.0866014823160384,0.259409529104757,0.641117915645006
2098,0.0294009661910523,0.0870966928357376,0.259097887231163,0.611380426614704
2099,0.0294228603880028,0.0867767390894418,0.250783552699456,0.669198140409034
2100,0.0294696116401829,0.0865895067895914,0.256989434518435,0.632539981415507
2101,0.0294391427600937,0.0871613241550404,0.256883760603847,0.658890406111708
2102,0.0293553349412891,0.0860491890381146,0.251763466631285,0.673216930113399
2103,0.0294186944456106,0.0869921366405983,0.254070499923401,0.652493998954814
2104,0.0293806398482491,0.0865663834913047,0.26191285278472,0.636422505931653
2105,0.0293334477107601,0.0863166665402631,0.251796797010753,0.632809992123997
2106,0.0293157805516867,0.0866460294552945,0.251560371971783,0.6431681746129
2107,0.0293964099165831,0.0860694934914937,0.255850455567596,0.658919819316494
2108,0.0294071938469837,0.0868384332601685,0.257574732170764,0.689210365404833
2109,0.0293028716990464,0.0856799710578491,0.253158562515668,0.654395210469917
2110,0.0293666866207893,0.0867413430805696,0.254134564790575,0.661109684802021
2111,0.0293671618713499,0.0870420008692162,0.258954796970185,0.652504711638053
2112,0.0293320081794585,0.0865049736285819,0.255080367918505,0.655441213690304
2113,0.0294464487455385,0.0866724655678072,0.254075097065501,0.698327976117602
2114,0.0294680808078302,0.0864379672218158,0.256873658194983,0.688997596452661
2115,0.0294713452910933,0.0866451458963325,0.25125230643153,0.631432682179948
2116,0.0293587607686186,0.0871040710678457,0.25308178975415,0.676772861825247
2117,0.0294599461749702,0.0871275320908985,0.254246801332853,0.619977405644152
2118,0.0293849770865237,0.0869591893876856,0.260957050651314,0.661666383488338
2119,0.0293596847385107,0.0864503471350485,0.25419933318625,0.686050785065835
2120,0.0294657054300571,0.0866937751412927,0.253301001279607,0.626724563545057
2121,0.0294448153320929,0.0857366208043929,0.250263305497958,0.638449196169718
2122,0.0294108497215441,0.0864146464800687,0.253078022947833,0.657997337284423
2123,0.0293698842653417,0.0868936632614215,0.256975878450518,0.667371190650434
2124,0.0293143838902058,0.0855428882222602,0.2549941151241,0.662447005326995
2125,0.029425648125558,0.0867454976042873,0.25327464334622,0.646732591131389
2126,0.0293067445682977,0.0856304790128486,0.246283506024607,0.649365887459921
2127,0.029452680297559,0.0862220273184429,0.253221045411356,0.650816892199776
2128,0.0294339397350741,0.0867472121189313,0.24967877822208,0.69578731712007
2129,0.0294041315787713,0.0865107784011252,0.254242589566797,0.622802596539439
2130,0.029443902241461,0.0861918998449898,0.24956030579073,0.69923799814938
2131,0.029412175620392,0.0868009915908328,0.258216660509088,0.695923140701877
2132,0.029286606460949,0.0859924865305531,0.251881745825472,0.635884034381918
2133,0.0293552292641143,0.0864479164380179,0.250928308182032,0.642364240943625
2134,0.0293990651408935,0.0862687302844965,0.249566133812604,0.622335262208129
2135,0.0294789471625847,0.0873412845305362,0.255595391907943,0.654026636385008
2136,0.0293515443818365,0.0863214658771965,0.251608813801683,0.61571907365431
2137,0.0294032279293852,0.0863551868602302,0.25347780787634,0.655242116880444
2138,0.0293449435309699,0.0869955497614623,0.253462986689612,0.690345745954916
2139,0.0293716891967617,0.0866372192030054,0.257519267475242,0.656705224711545
2140,0.0293802395296896,0.0866485226092458,0.255299057926623,0.631237714956159
2141,0.0293603099866367,0.0865089436709124,0.248525453093342,0.645863619865532
2142,0.0294280888147855,0.0866194907808178,0.254029665868934,0.663430778282067
2143,0.0293388238037785,0.0860199440446191,0.251545062381697,0.651864524966882
2144,0.0293228980866663,0.0864456904741708,0.256060747193944,0.673021876526998
2145,0.0293997803901697,0.0868993444173602,0.258479488562232,0.677146777819561
2146,0.0293860604507016,0.0869502070514361,0.258255561966527,0.661289381152989
2147,0.0294003335432038,0.0867069387741183,0.251939899639714,0.648750270040267
2148,0.0293512615106908,0.0870048966030088,0.255891376613247,0.651141657273319
2149,0.0295200179110056,0.0864637655051841,0.253616465110765,0.65949287933225
2150,0.0294223829614096,0.0864415447328042,0.252546605536335,0.696474954917154
2151,0.0293318008126886,0.0863587718983072,0.253275619557116,0.669000033407753
2152,0.0293708905323713,0.0860553666884206,0.249327475815804,0.647833004226076
2153,0.0293230390778789,0.086440066393846,0.256009280450657,0.676446695463904
2154,0.0294319134505062,0.0865819237596119,0.255349803656293,0.674457007103106
2155,0.0293091638004359,0.086135836768034,0.253712049098883,0.633389721074547
2156,0.0294401410604484,0.0868065333888953,0.257255410928756,0.666573362074322
2157,0.0294228402134842,0.0866121976647903,0.254012218984117,0.639637344000942
2158,0.029382967704265,0.0860924265330148,0.254202164344443,0.64348101702201
2159,0.0293510917580385,0.0867351215509328,0.253504752727459,0.619337022165569
2160,0.0294502847318004,0.0876533718319116,0.260736329102348,0.682559241580959
2161,0.02934530388103,0.0863704064016918,0.253074627259086,0.628027027403081
2162,0.0293842856141409,0.0865572702262828,0.250293190620767,0.68205864745092
2163,0.0294251888595593,0.0867191510774885,0.257310068352692,0.646924787100579
2164,0.0293469161139041,0.0864462264206992,0.250800919348151,0.640117613755568
2165,0.0294104554448952,0.0862357820235377,0.255215263864761,0.644830843542513
2166,0.0293891625691072,0.0868457081001925,0.249714853714307,0.65810907834101
2167,0.0293042858881957,0.0858846586454077,0.25261965923277,0.613979307491375
2168,0.0294504742251114,0.0868172008916041,0.254469525009291,0.633082424176903
2169,0.029423005392973,0.0870922854749236,0.251612387408217,0.668029467005662
2170,0.0294095540595667,0.0863325118217721,0.255333794389965,0.655270410398168
2171,0.029422959578391,0.0865452737517208,0.258517343067529,0.659856488378153
2172,0.0292910772977077,0.0860442796349615,0.254174167282527,0.61693888297621
2173,0.0294126081904546,0.0866247672614786,0.254240277821029,0.697422594889696
2174,0.029350055871373,0.0860988599899393,0.254308909369279,0.661178818228548
2175,0.0293509621506127,0.0861276964081245,0.256134552657489,0.708296752802676
2176,0.0294773519808456,0.0871162986144438,0.256604984022449,0.679567758798182
2177,0.0293619574233516,0.0871187798831422,0.252359103156935,0.693896495484514
2178,0.029349102990729,0.0868084568463464,0.25961207786808,0.703778143399338
2179,0.0293534593645461,0.086364311477751,0.248456995827333,0.612730294633447
2180,0.0294175765872026,0.0863595260106409,0.253424892009706,0.648457430335024
2181,0.0294605378665836,0.087074575946837,0.254212910624709,0.629597824067224
2182,0.0293296642162331,0.086360059378343,0.251997392057465,0.681114642764183
2183,0.0294567296628498,0.0866452415636586,0.253179485147781,0.673434323303533
2184,0.0294337676675761,0.0863486568637415,0.250464019994724,0.674946520309475
2185,0.0294029336339664,0.0866365022865564,0.255855428025907,0.675496888509973
2186,0.0293836102240029,0.0864757963511376,0.253904793008289,0.667869622981901
2187,0.0294078632269263,0.0865387370487906,0.249103630145288,0.673760846028779
2188,0.0294988226782422,0.0873681734797877,0.256525684978878,0.67011187850083
2189,0.0293587052906631,0.0864850667607645,0.254776828556408,0.676434808061255
2190,0.0293073137596588,0.086650830303687,0.256384501988809,0.66720860869319
2191,0.0293690625141683,0.0856497233469807,0.253687365394373,0.64012061870023
2192,0.029295982718773,0.0862932916910405,0.257793478682896,0.616232702044727
2193,0.0294440487292763,0.0876404566117164,0.260482182603555,0.675222098866794
2194,0.0293209775109484,0.0861185833013142,0.258718258956123,0.674012253950137
2195,0.0293521574703169,0.0864033017326453,0.255768747327281,0.627245776856148
2196,0.029464331968256,0.0874759016268501,0.255897516358253,0.639709041623077
2197,0.0294246036532083,0.0867567239283208,0.25266325384262,0.69041313083727
2198,0.0294060624983894,0.0868698191372954,0.255696413738601,0.657662424658976
2199,0.029310160512577,0.0863204470865444,0.25301992823677,0.628150303608765
2200,0.0294035960397182,0.0870982979849379,0.255169191922833,0.676301823728163
2201,0.0294107575435755,0.085994292853965,0.259756424788967,0.677887153943274
2202,0.0292694345615566,0.0861873135567642,0.248506777902523,0.633517839410953
2203,0.0293784457043973,0.0871476252780365,0.258717491158798,0.667326991847801
2204,0.029430703599052,0.0867391023049538,0.249396968806029,0.637496640156382
2205,0.0294294430461895,0.0877646637292576,0.254898766498701,0.646879696238247
2206,0.029356802093652,0.0872580790877382,0.259298903598599,0.633120771722914
2207,0.0293997240689112,0.0869405923581955,0.255498073264036,0.631964454961728
2208,0.0292603914745659,0.0858994432158611,0.248160506145871,0.619156493884191
2209,0.0293631274060361,0.0864409416763876,0.25727607326034,0.673735860636819
2210,0.0293509009798889,0.0868021543760773,0.253044946058318,0.641738032651197
2211,0.0294430482241976,0.0876265855633166,0.259283972851038,0.655935053928811
2212,0.0294072716694507,0.086140200683038,0.24969960204785,0.651906735091812
2213,0.0294333597563405,0.0869823848560159,0.253632837663576,0.647676982791794
2214,0.0293687954872024,0.0863889471927922,0.251036522682123,0.622143655251532
2215,0.0294302903655517,0.0869792923954877,0.264485635994028,0.655607530798789
2216,0.029407139232032,0.0865331308247148,0.255653505636211,0.62981929465463
2217,0.0293049800887512,0.0866781352922402,0.262257629575492,0.708289349273444
2218,0.0293480183825716,0.0866307353904419,0.257667396780155,0.682038895494867
2219,0.0294123348175029,0.0874302763023319,0.257361876910597,0.635811302069731
2220,0.0294754204753505,0.0870914430007503,0.256809297496699,0.686440940985441
2221,0.0293167668748032,0.0867431496697782,0.25838248354249,0.68682919577447
2222,0.0293855520250839,0.0867146023924106,0.257586943060145,0.642580954128362
2223,0.0293068099803317,0.0863190541920494,0.24927958342212,0.700231322564466
2224,0.0293996663467803,0.0869953904965327,0.254734188787513,0.652888664185173
2225,0.0293611674494459,0.0863953892561265,0.259027764596404,0.677179941403298
2226,0.0293687895368761,0.086718073632504,0.247551060511345,0.632425786568803
2227,0.029351051196632,0.0852252406921621,0.247667979871018,0.631345604162287
2228,0.0294069901943149,0.0862255063648618,0.250141224966109,0.645133785821046
2229,0.0294429137614411,0.0867589409790445,0.261514618868344,0.667013954663377
2230,0.0294534637985809,0.0859263198958422,0.254931353101984,0.675436176289409
2231,0.0294067983960226,0.0859254482277619,0.251896416338644,0.705054658580244
2232,0.0294193030935089,0.0865768920049206,0.251134635191694,0.63421459701545
2233,0.0293938299282346,0.0867312785941124,0.254581787794953,0.64555686662867
2234,0.0294664100017674,0.0866380469795661,0.256393210108487,0.6292831381364
2235,0.0293616688480854,0.0859444130072091,0.253939070998914,0.628260366083271
2236,0.0294195348713501,0.0868377209459406,0.256339341445647,0.719254316041605
2237,0.0294626113979162,0.0873366337485244,0.255873669454026,0.689066771613497
2238,0.0292975915919601,0.0870963779987971,0.255491233929527,0.629695906292639
2239,0.029495527704639,0.0872094582951512,0.255469589430675,0.691091188029796
2240,0.0293340903259188,0.086378584298349,0.251733349819732,0.624840611704726
2241,0.029402298136517,0.0860385619870082,0.249849470549682,0.647994209718332
2242,0.0294301490030291,0.0868594255111983,0.249457379218728,0.640903904874498
2243,0.0294882977137538,0.0863773753136509,0.258922865761555,0.638693378998192
2244,0.0293270461068215,0.0860509786787901,0.247795845202227,0.642985947732209
2245,0.029522710912482,0.0872869857484052,0.250333611191191,0.650185819187521
2246,0.0293983667072838,0.0867478184269,0.260773295617367,0.655453993248373
2247,0.0293474783265315,0.0868267214373573,0.257337588221882,0.652015722641949
2248,0.0293660459353316,0.086800142269715,0.260190665693289,0.645738453492225
2249,0.0293183575938878,0.0870022520756445,0.258754894373242,0.679120430302955
2250,0.0293510008361807,0.0866157564499916,0.252854413061982,0.629743896038832
2251,0.0293376699545798,0.0861209576862582,0.256716891984527,0.66461337590778
2252,0.0294277101766574,0.086555647730713,0.258503772868186,0.625138942957889
2253,0.029414168566458,0.0866647081968648,0.254281636397366,0.682332181196462
2254,0.0294437069102868,0.0869665017400843,0.25012265454064,0.6986577274747
2255,0.0294086447294595,0.0865584147989179,0.2468874842256,0.691026479573201
2256,0.0294355976249278,0.0875505365409563,0.254936593112921,0.669893469717896
2257,0.0293830420158685,0.0865962066220135,0.25357923633683,0.646145313324378
2258,0.0293094447826237,0.0858650026152423,0.250407506615733,0.666214694072529
2259,0.0293498813748626,0.086209200293365,0.249351096899995,0.653780433987141
2260,0.0294532284077189,0.0861824031323414,0.254165823730232,0.624648810196253
2261,0.0294052560217583,0.0870590519834294,0.255693164188125,0.666592811244694
2262,0.0294590746691103,0.0870703503999632,0.261306236227444,0.630521205849925
2263,0.0294781056890156,0.0874483163450663,0.251675823750169,0.626645196620058
2264,0.0294184660618359,0.0863780696350935,0.254370077905738,0.641955819674557
2265,0.0292912953489215,0.0855979392448719,0.254358744291076,0.646564774636436
2266,0.0294051736830601,0.0865020944549359,0.25375163174576,0.65206611324895
2267,0.0293812639636652,0.0858029289231717,0.251601819050493,0.668099403808242
2268,0.029501166235081,0.086942506077901,0.25861487208753,0.663244760374976
2269,0.029371755286047,0.0865371485711534,0.255376137776154,0.666087024750836
2270,0.0294032078228257,0.0865960748839855,0.256398549079125,0.68974649478393
2271,0.0293154846873461,0.0871565647043648,0.255825099393476,0.691596137072065
2272,0.0293027161732508,0.0864277771257359,0.256500111378231,0.635745127718677
2273,0.0294061139651499,0.0860281250284918,0.252509932274274,0.661167089048087
2274,0.0294249037028021,0.0867410801706689,0.25143349338512,0.676442529469306
2275,0.0293375045647121,0.085677800892366,0.247977740058166,0.618343342101222
2276,0.0293294823633375,0.0862540749800482,0.251474659730195,0.647490161533623
2277,0.0293705751211698,0.0867990010538821,0.251360886225766,0.648115521003679
2278,0.0293716710510195,0.0867405444661212,0.251488609751729,0.672756008624659
2279,0.0293524733978412,0.0868847283505643,0.263317297072475,0.690359446461405
2280,0.029333805771836,0.0872696059107287,0.252862716437982,0.666263584958797
2281,0.0294032858238587,0.0873413017222367,0.258418080678219,0.652567922142382
2282,0.029457915730258,0.0865835101630004,0.248931282991957,0.694379198190467
2283,0.0293497133296579,0.0862155103966475,0.253479344158124,0.683947905019171
2284,0.029418349236267,0.0873460337463764,0.260328473197797,0.704700254924157
2285,0.0294184317952136,0.0869237049153192,0.256955358228867,0.655701949498591
2286,0.0293609705187754,0.0865137521114528,0.252083225636725,0.69254728864127
2287,0.0293378869576185,0.0861326043526097,0.25464177039629,0.647134560031233
2288,0.0292775975771574,0.0857569204739665,0.252245037849979,0.65868540591135
2289,0.0293874924552561,0.0864865829305975,0.253975533745133,0.689871485382831
2290,0.0293372370515567,0.0867956347758424,0.256658876966144,0.63803621155664
2291,0.0293809131190026,0.0865464466778579,0.252111966360906,0.672401595633596
2292,0.029492087585754,0.0863227937085715,0.252563661018983,0.656949965586515
2293,0.0293540850115268,0.0868686054360171,0.25167856422057,0.617618893600905
2294,0.0293656814243609,0.0859948026823789,0.257147349958894,0.668083063783406
2295,0.0293823933032168,0.0866239608439653,0.262811587770781,0.707462559012234
2296,0.0293761923012077,0.0864843762015886,0.25454755253279,0.65268032907324
2297,0.0294106386603888,0.086948450780517,0.254632118916054,0.662454474623269
2298,0.0293648288223251,0.0863599246071891,0.247972905899806,0.653581587349708
2299,0.0294485831496127,0.0868933324759379,0.255300299631506,0.679149220309553
2300,0.0293821400447442,0.0868058949242244,0.261453315522993,0.660314930124045
2301,0.0293183543615417,0.0865627148296702,0.250611900297633,0.646514467698749
2302,0.0294313501452275,0.0869419484059219,0.258627589551437,0.723842350130344
2303,0.0293895483790567,0.0863055482107126,0.256488526390636,0.705793967707001
2304,0.0293719698397979,0.0873948794880465,0.252856989490416,0.686878338274676
2305,0.0293744346487267,0.0867003619955286,0.254996786990777,0.640642556580795
2306,0.0294159565094909,0.0864159755545985,0.248780565972025,0.650212141213555
2307,0.0294257063833985,0.0863513505710813,0.249646429298659,0.630751952429396
2308,0.0293750490350022,0.0872223223271928,0.265173139139858,0.737458274993773
2309,0.029390059124312,0.0865606501186632,0.254966814871321,0.66242551134623
2310,0.0293937676519095,0.0871931916426492,0.250419317742378,0.676914540220457
2311,0.0294909412606245,0.0875409199509453,0.253203334855293,0.664591934815454
2312,0.0293393692236329,0.0870964014918241,0.258040059621879,0.664474697169484
2313,0.0294679001504493,0.0861177838150541,0.262583794073972,0.682288155401992
2314,0.029445737285745,0.0865900680421296,0.261915207799471,0.682216705560109
2315,0.0294329613418386,0.0864596489142235,0.249000456562926,0.624625881547193
2316,0.0293412458603889,0.0869936477987232,0.261258659074801,0.700812430136691
2317,0.0293505521293374,0.0860918637573164,0.25500084557175,0.67229768402875
2318,0.0293970779878439,0.0858105109599223,0.251198823769161,0.690452365441978
2319,0.0294691691936335,0.0868116974620389,0.256090652932607,0.681706299079402
2320,0.0293956501054472,0.0871406289230314,0.252454464947243,0.69062249389202
2321,0.0293407230055885,0.0862804624964915,0.249494561284729,0.616684066064064
2322,0.0293757623126865,0.0860605882422503,0.246823373715236,0.633405460155433
2323,0.0293964691416651,0.0862673223406301,0.252340940623262,0.660729656502757
2324,0.0295359482245413,0.0869032294784903,0.258349735971504,0.648033585072641
2325,0.0293633292827233,0.0859035175289343,0.251683310960791,0.679249102760887
2326,0.0294455903450966,0.0872673860429619,0.253756647056985,0.692060216440883
2327,0.0293674883123912,0.0863754672072563,0.255212208829585,0.668188294179879
2328,0.0294019813964846,0.086133614442723,0.254871584367133,0.640461880672843
2329,0.0295048454981052,0.0868206169663083,0.260888415645728,0.678853043971794
2330,0.0294305878084071,0.0875452511170741,0.249518079489019,0.628451103735743
2331,0.0293926173909334,0.0868095158969881,0.251819882426037,0.676944497926265
2332,0.0294507692533545,0.0865510784503817,0.255933229641296,0.674836538838324
2333,0.0293982281756018,0.0866091781735714,0.25127903763167,0.660723457403617
2334,0.0293747794182951,0.0864343631997373,0.261417454109672,0.633006666975719
2335,0.0293750478382813,0.0860927294011747,0.254314168709988,0.638919149127575
2336,0.0293734875222674,0.086146934666416,0.249678082213855,0.615983643859884
2337,0.0294837985159548,0.0870951516495168,0.253711847839057,0.645902507714103
2338,0.0294722351939348,0.0868369492201426,0.254164175281081,0.618240845533104
2339,0.0293981852224479,0.0870060347014954,0.252618187084005,0.63488163700786
2340,0.029410805850765,0.0866884121853612,0.253995028844897,0.63352451529258
2341,0.0294310880313893,0.0865935164927398,0.258062918586017,0.680853111915964
2342,0.0294105513288807,0.0870562663509913,0.253354581998339,0.638636353065951
2343,0.0292939740984606,0.0861302830015409,0.252150930900109,0.647559647915843
2344,0.0294260691693771,0.0874231258586166,0.25700885853868,0.673159744097265
2345,0.0295058705001074,0.0871017638030667,0.255890422030552,0.67675415957449
2346,0.029408894913457,0.0868808142508395,0.257275664280536,0.702834686358006
2347,0.0293894396805565,0.0866963121819888,0.251451665761848,0.659181001456917
2348,0.0293447138527058,0.0856803394599831,0.249666760945235,0.673641365460636
2349,0.0294352161772568,0.0873161959620414,0.255312737307021,0.640434866303478
2350,0.0294023869311736,0.0873844689656353,0.255269177591722,0.655595323442468
2351,0.02935534513935,0.0861043591534301,0.260707765778417,0.636061704458448
2352,0.0295069664438412,0.0866162442008327,0.257510911396071,0.633267742893961
2353,0.0294488299762156,0.0864818349440593,0.250997661049851,0.621276361759973
2354,0.0293589847466583,0.0863579512958115,0.253511170456436,0.700628011014896
2355,0.029355338877558,0.0863355446823511,0.246982061072886,0.644807974453868
2356,0.0294223830072013,0.0864437758591533,0.260023107748989,0.661448320094491
2357,0.029429477053003,0.0868555597073766,0.256098902176128,0.658117887217355
2358,0.0294426722945702,0.0873913912393739,0.254467456595832,0.69084338189232
2359,0.0294074307481635,0.0860602447722209,0.254296647147434,0.662920612842395
2360,0.0293998487944657,0.0860299051531993,0.250381991329741,0.624341538931845
2361,0.0293770563035547,0.0862645680879726,0.253823053377448,0.686014460363459
2362,0.0293903508908142,0.0863487557769632,0.259412439665918,0.681406015924297
2363,0.0294685065296451,0.0881213269761601,0.255669983684265,0.663505216964884
2364,0.0294316682325628,0.0867590137263709,0.255133138744972,0.694839086524919
2365,0.0293122858316738,0.0870104184044686,0.256342249140666,0.650323486617485
2366,0.0293827715039802,0.0862495320502751,0.248011174903106,0.683338414586099
2367,0.0293719880696739,0.0863339876853984,0.247893762678524,0.647610826245407
2368,0.0294845608854807,0.0869278175155527,0.253549079768017,0.659231603726666
2369,0.0294553778185008,0.0874928610540302,0.255183720146262,0.678207211593925
2370,0.0294183551189371,0.086748883041078,0.258702959403546,0.683774469695072
2371,0.0294938633221556,0.0870875913299086,0.259579531713808,0.652775953739688
2372,0.0293727281808099,0.0861665924221161,0.253766551764135,0.673225939606357
2373,0.0293304589361076,0.087198502919059,0.260969373238379,0.671472980819184
2374,0.0293112574869971,0.0861852528630023,0.249321927015134,0.6708136925431
2375,0.0294110106357223,0.086789389982256,0.254257468331131,0.649271919059232
2376,0.0293346363564417,0.0874123461073208,0.256653085344667,0.695974562014736
2377,0.0294347065898532,0.0869670296658341,0.25237776708393,0.678284717658747
2378,0.029466077074052,0.087190777392201,0.253253834857381,0.684616927527617
2379,0.029461664245579,0.0866960338816504,0.259323049783623,0.658967522514303
2380,0.0293336128136559,0.0860665328930093,0.250319451189596,0.649758470227895
2381,0.029307906902952,0.0866249440214466,0.255181217036887,0.666836255563578
2382,0.0294318841555856,0.0864612764922053,0.253199475452677,0.645202143430548
2383,0.0293390042017079,0.0870491179788017,0.261937215322129,0.658950519402155
2384,0.0294324565293006,0.0873438482764422,0.261495111532241,0.656939413790232
2385,0.0294074837061136,0.0860459220452373,0.253832701871373,0.633107460763142
2386,0.0294184664023175,0.0862734188226639,0.252917618819804,0.648326950619553
2387,0.0294883898378076,0.0870890879954137,0.253343750610652,0.634884311161725
2388,0.0294298647618283,0.0867413150158752,0.254887191380561,0.690538403046166
2389,0.0294334121480878,0.0867423135458466,0.25088371990041,0.67154514421448
2390,0.0294709348297244,0.0864620144945707,0.25667539033175,0.674265186717567
2391,0.0294143422964337,0.085691325400446,0.257116262638479,0.657510041229817
2392,0.0294096375257971,0.0866081638666088,0.250619699611799,0.694351749910134
2393,0.0293980249626709,0.0862578961450969,0.254848824221687,0.677668652952899
2394,0.0293139395606699,0.0859422913077077,0.253778891377247,0.663327222930815
2395,0.0293342538476695,0.0866717428570006,0.250288280494118,0.643265452313904
2396,0.0293814801640181,0.0864985023807648,0.254056192325482,0.688128767970649
2397,0.0294939301456112,0.0873045028377572,0.253430204638504,0.661672406189286
2398,0.0293736094688615,0.0862186616458294,0.251209283815706,0.677451115523902
2399,0.0293616658521092,0.0870507330926583,0.255088777187099,0.675577665277876
2400,0.0294486320617587,0.0872457731059006,0.256780803226249,0.638470601643295
2401,0.029313937591192,0.0868441699290085,0.264556799928556,0.662795229442662
2402,0.0293963214243245,0.0868241458676435,0.25434448758593,0.649928004414174
2403,0.0293590744665394,0.0867773871577131,0.244876344317663,0.642025625381905
2404,0.0293796200652977,0.086795894921018,0.255259753745922,0.667980905555168
2405,0.0293697253590483,0.0861506358174804,0.255409043685584,0.664416580978716
2406,0.0294681534091136,0.0865143490487081,0.25647675496451,0.646438497948832
2407,0.0293780077492843,0.0864436899586209,0.254593104305273,0.6567310692424
2408,0.0294760059054351,0.0867361472814615,0.256684130195518,0.668383400870404
2409,0.0293998859449928,0.0868092302698381,0.251153605392979,0.652317356737463
2410,0.029371382230569,0.0863885345126545,0.252896992143939,0.639289562277155
2411,0.0293942736559465,0.0864969369348231,0.257629723837173,0.633542313824156
2412,0.0294654254955623,0.0863326397930368,0.256546967149266,0.654104061944136
2413,0.0293949376788823,0.086403074818851,0.254225240102907,0.679886993004265
2414,0.0293670238163239,0.0860979900975168,0.250711190225694,0.702030107878374
2415,0.029508293857358,0.0881006976940104,0.256405248370932,0.653730779836227
2416,0.0293792550161513,0.0867177785154189,0.24781548961106,0.64280468097636
2417,0.0294252000092389,0.0865665084114583,0.254450827003866,0.65360110039814
2418,0.0294534334807418,0.0873038567226408,0.258219745188967,0.682881275538486
2419,0.0293983790411595,0.0860828858504492,0.25038708226711,0.639510774205494
2420,0.0293366532570935,0.086543446158687,0.255907397851598,0.661029759205092
2421,0.0294467624961667,0.0871956785501738,0.259628169398309,0.686850079285485
2422,0.0294064483180542,0.0861037086593896,0.255614269858306,0.692060471582619
2423,0.0294385724707536,0.0864013795202551,0.255661003715081,0.638056564145535
2424,0.0293664376639737,0.0867733325043792,0.253902380712028,0.642922181403121
2425,0.029417913028711,0.0868075907943841,0.251821537875945,0.646259296510919
2426,0.0293821648530581,0.0866273728487564,0.246973824448184,0.641053225789101
2427,0.0294231180464765,0.087407887929822,0.253992808803355,0.649472067644199
2428,0.0294629298246635,0.086823800128069,0.253183764154535,0.662916359987919
2429,0.0293668686213588,0.0864594459469817,0.254889999758108,0.657765805230427
2430,0.0294043705976597,0.0865587645985519,0.253556986465857,0.670742632695061
2431,0.0292948568612758,0.0863485448757957,0.253215579794789,0.655254141005488
2432,0.0294458224639927,0.0867246656324154,0.250408350215927,0.65489194001112
2433,0.0293313699569518,0.0867274085180826,0.256363536528918,0.662183737497799
2434,0.0293249893070929,0.086625513286509,0.255092548227915,0.66736493086284
2435,0.0294088010587884,0.0866241756329249,0.252428621356883,0.673760239406893
2436,0.029336616348297,0.0859369810217168,0.254007995006536,0.705533490280525
2437,0.0294003227498598,0.0862029232634711,0.248213137007472,0.653700980328021
2438,0.0294205021816123,0.0865831828406175,0.255533324648489,0.653166091180993
2439,0.0294870592069218,0.0860240179580181,0.254806778123906,0.657692683866009
2440,0.029364574201715,0.0868417296991833,0.252406225777989,0.65178797948904
2441,0.0293714972937331,0.0865907985596796,0.24970521814497,0.64812555992535
2442,0.0294025054643799,0.087056113227503,0.258979023479408,0.642397864172909
2443,0.02931526769524,0.0858560651802749,0.247478149976192,0.613710206899794
2444,0.0293449489935208,0.0863919643225171,0.256343520214407,0.691961090332115
2445,0.0293478972729519,0.0868044527851605,0.255271359863366,0.669123572846799
2446,0.0293598203726767,0.0867738670842043,0.256931630846702,0.648899618980445
2447,0.0292612664415175,0.0862439258589496,0.245645480259433,0.657271122386448
2448,0.0294395458813884,0.0871404931457129,0.261013034317139,0.684060485606865
2449,0.0292636876939512,0.0868727182729491,0.256387779338866,0.704085532478509
2450,0.0294545044345722,0.0868537412151457,0.255231921726129,0.658090048270525
2451,0.0293956715320672,0.0865012889287216,0.255929051089846,0.661021218435394
2452,0.0294048514113939,0.0864932891720141,0.251474660201435,0.680356594623823
2453,0.0293877623940382,0.0864184486204223,0.248754746417112,0.637154028622623
2454,0.0293508917657623,0.0868945277413532,0.260390507774069,0.6445839149566
2455,0.0294338864474644,0.0869475601229428,0.249521599331682,0.617996422730957
2456,0.029472273763115,0.0867090027438469,0.2562284084929,0.631697438139168
2457,0.0294676697211353,0.0865073322693499,0.250886943565701,0.654927731144576
2458,0.029466658739285,0.0865505914872916,0.250334209182888,0.677460944904638
2459,0.0293553534394955,0.0862577206172599,0.26093258635483,0.683517774690929
2460,0.0294164321476154,0.0866513608202549,0.253922440115132,0.648350186932281
2461,0.0293171994761906,0.0866000221214746,0.262397905331207,0.702847754456247
2462,0.0293634945027843,0.0863898530374471,0.250348655616678,0.651555862882289
2463,0.029376214798471,0.086238435181583,0.249801265391437,0.625975325431375
2464,0.0294750561616973,0.0868459460411749,0.256192498422286,0.624768818681235
2465,0.029348160241717,0.0861342452492174,0.253040858560022,0.656800642441398
2466,0.0294486440686526,0.0871689662594331,0.251158743987107,0.640296857232291
2467,0.0294055613286961,0.0862275357142719,0.248184184063845,0.667095235720848
2468,0.0293855281549529,0.0865038549840114,0.25326096016377,0.671958342405353
2469,0.0293996146300691,0.0864229715047575,0.253994601957069,0.66026907360155
2470,0.0293774705713287,0.0863630563321258,0.254476149215416,0.671849379897486
2471,0.0294477419886432,0.0868997670364536,0.248420913107581,0.64305565753492
2472,0.0294528697092239,0.0869385317668768,0.25677042893576,0.656513655549156
2473,0.029332560822015,0.0858630527501685,0.256420036812376,0.672174285200372
2474,0.0294020721263775,0.0866859685327554,0.25289833201819,0.661551409061855
2475,0.0293007289198886,0.0867380748369008,0.251133692424919,0.642900070723038
2476,0.0293769930433258,0.087201888609901,0.255108384109993,0.653156129010813
2477,0.029471543632232,0.0881346521287249,0.255369807933375,0.674513256619806
2478,0.029468019337494,0.0868504167216267,0.256358131472029,0.637009884299936
2479,0.0294523273638577,0.0875332814415469,0.258804733940467,0.690348318901168
2480,0.0294842134844303,0.0867162033851208,0.25372664522679,0.671505327426802
2481,0.0293894331767967,0.0865832204985445,0.254706956455654,0.655361928022351
2482,0.0293823405072894,0.0864840489685603,0.251513546006627,0.628946929999127
2483,0.0293116476703071,0.0858974442446685,0.247849387590515,0.661377576145291
2484,0.0293749067033568,0.0862808412211151,0.253898072294547,0.655924744368892
2485,0.0293264269163185,0.0868695143973673,0.256882945037195,0.660778571765192
2486,0.029313847643787,0.0868156104576621,0.256649470314036,0.672237927317293
2487,0.0293758050800803,0.0867475497458391,0.255455230538764,0.67035875491385
2488,0.0293495318731166,0.0862426393734362,0.250974145047413,0.690520161074397
2489,0.0294335158178087,0.0867745793021808,0.25961642456411,0.69409811770325
2490,0.0293429491531972,0.0861236486760862,0.250043524499019,0.685906287407167
2491,0.0293533482078444,0.0864379481856351,0.260102863699899,0.666609121896845
2492,0.0293751896942133,0.0870204713306631,0.247883496551266,0.655112956987335
2493,0.0294019182778358,0.0863384303115814,0.25855743250672,0.640424593756108
2494,0.0293680799231758,0.0867202058119682,0.253491497420788,0.634903692518737
2495,0.0293330416398179,0.0865837418551514,0.245636572794281,0.632876139596647
2496,0.0293835828058604,0.08650327752584,0.25221721906097,0.641657992256171
2497,0.0293348301674695,0.0872585064211552,0.252146216315978,0.705502909193528
2498,0.0293297770210178,0.087287116874202,0.255735128405073,0.685929074501074
2499,0.029382617386408,0.0864104880164501,0.251885922808677,0.640433726459648
2500,0.029264781323447,0.0866374230848437,0.249003740587714,0.641180394556203
2501,0.0293917621102694,0.0868340673849384,0.254456486831817,0.639554486734885
2502,0.029440248032364,0.0867766412743272,0.259076996906058,0.703930730531886
2503,0.0293772439661423,0.0865706994016765,0.252048757675015,0.62695219816045
2504,0.0293401268215907,0.0860228167833204,0.254103998088783,0.68639596324139
2505,0.0292830079183533,0.0859676337233846,0.250084929011097,0.645154290315892
2506,0.0294305164923275,0.0860955375973411,0.254004142176327,0.670557635985039
2507,0.0294245841963871,0.086919811208074,0.251306356795454,0.700397154810343
2508,0.0293330111315292,0.086243208690381,0.258782260793591,0.678100999608077
2509,0.0294137857113748,0.0868686946041186,0.260358094101464,0.741997208549449
2510,0.0293244541848498,0.0863630155130127,0.263347539868505,0.715593014170163
2511,0.0293608339274292,0.0861252444536829,0.251516212712768,0.623166136155457
2512,0.0293264325612501,0.0864774170577249,0.252757841147903,0.664473997863802
2513,0.0294023004862123,0.0864632796128334,0.252069966908986,0.666124398544433
2514,0.0294478266101909,0.0871526258326149,0.260130452470269,0.651094187968287
2515,0.0294922551309477,0.0866904451224529,0.253040506051232,0.679391474636854
2516,0.0294701732718308,0.0874500213193945,0.250208346850753,0.653424812175602
2517,0.0292983746126584,0.0869387548600692,0.25632548199452,0.659250135433478
2518,0.0294179898114495,0.0870073183395411,0.251459509828029,0.662072410705415
2519,0.0293720535677323,0.0862762861528119,0.25233946027494,0.63843142995201
2520,0.029395543937696,0.0863225626503649,0.257762183570088,0.636185115717575
2521,0.0293903624137764,0.0861735155728903,0.246909219871045,0.635537409111034
2522,0.0293970391649665,0.0863016822767881,0.251729287616019,0.624534704257739
2523,0.0293801996048445,0.0869099030163338,0.25620199881826,0.665978889857469
2524,0.0294429798222694,0.0871146957711878,0.253173092947271,0.6508778191177
2525,0.0294517573495842,0.0856597431280439,0.250532053262743,0.670282186190255
2526,0.0293944183584824,0.0867240869638347,0.255673352759568,0.635222296935432
2527,0.0293915365461351,0.0860626030163242,0.24879010611574,0.653244356394561
2528,0.0294195006466167,0.0872916354901142,0.259812286093784,0.675906015951445
2529,0.0294532485200626,0.0862327729840809,0.249445933489139,0.619263977577488
2530,0.0294490627656563,0.0866830581484854,0.25699665826798,0.696885154587538
2531,0.0294186179869075,0.0866718192686843,0.253031150223379,0.644988926142652
2532,0.0294744439824662,0.0879706857466607,0.263402853574856,0.692308672572804
2533,0.0294827014808745,0.0879296134035206,0.251871621346892,0.630622085421608
2534,0.0294003684115929,0.0873739050896153,0.255227906413147,0.679462899769989
2535,0.0294188384599142,0.0863820254220216,0.250768869476911,0.641567113171546
2536,0.0294732719119801,0.0866257289408783,0.256952689058675,0.690332185803437
2537,0.0293862787465507,0.0869414660344702,0.257775930035748,0.739688345314082
2538,0.0294416216784763,0.0863215673802605,0.254852296900414,0.637946648045184
2539,0.0293569061110609,0.0872146853981854,0.260572131659621,0.65333917934228
2540,0.0294550591170404,0.0864709843994835,0.248253782906705,0.62434574888549
2541,0.0294896836067653,0.0873757902375652,0.25615389970675,0.692028386146465
2542,0.0293423774774522,0.0862399776936769,0.250922244586395,0.623121838025284
2543,0.029431118364143,0.0859334814200452,0.248769218308587,0.649486388523891
2544,0.029419574368533,0.0866041138074161,0.251535928232964,0.653426397303587
2545,0.0293533793334291,0.0858484716165447,0.247390715023715,0.64731320579878
2546,0.0294470814128729,0.086271908601175,0.252681983203912,0.63593057752549
2547,0.0294015699728564,0.0863949393377175,0.253852401883355,0.658082441456953
2548,0.0295199364819065,0.0871196658412273,0.253575406868793,0.687424583077385
2549,0.0294536367105118,0.0877815520631121,0.253621637825502,0.654965890418125
2550,0.0292894608243364,0.086375185595413,0.245628573913991,0.641548277351001
2551,0.029465603345549,0.087215575061101,0.256261931608294,0.678329171869421
2552,0.0293644485064883,0.0873931506767915,0.263419585587441,0.682205011728256
2553,0.029431721863198,0.0870242175133022,0.25487299827229,0.665440358791955
2554,0.0293717599446635,0.0860396990703101,0.251490737382454,0.69739157507573
2555,0.0293769402847095,0.0865458047086419,0.254941403804344,0.658225652722133
2556,0.0294687201526837,0.0861753031700319,0.248700347177071,0.709631882058215
2557,0.0294503786634969,0.0867400726282231,0.254031847285912,0.652219595981793
2558,0.0294308083562351,0.0868984422418806,0.253263235424361,0.65254326139187
2559,0.0293831946974783,0.0872507354418957,0.261952323420229,0.665060316524311
2560,0.0294036102571478,0.0859214357712374,0.249042249562305,0.65049257995593
2561,0.0292952125397921,0.0860833993487098,0.253147338631234,0.677164817790342
2562,0.0293407218839719,0.0858555054439666,0.25509938471427,0.632316035466504
2563,0.0293599035423656,0.0870976776927696,0.251379679680661,0.6518112089905
2564,0.0293116239653984,0.0868545896065728,0.254210910933226,0.664574588582032
2565,0.0294409323809681,0.0878780298554619,0.251102075041457,0.68432255172652
2566,0.0295066627916864,0.086660438495065,0.254466257203222,0.682324355274221
2567,0.0293274693597534,0.0870199126445472,0.256986278018139,0.640663679421159
2568,0.0294570196183259,0.0868992724615992,0.256112206595005,0.681095027923963
2569,0.0293904089809963,0.086837233393059,0.252822178524562,0.697494052704299
2570,0.0293868503004046,0.0858824644213583,0.253807147169385,0.691592146936915
2571,0.0293485225331036,0.0865872466897202,0.258828207708551,0.71732565604798
2572,0.0293919911792127,0.0868780623546924,0.254855518782105,0.641280131631071
2573,0.0293292989868789,0.0860129491136867,0.249864782080599,0.657594114497281
2574,0.0293527173228567,0.0871337047627655,0.249002714654646,0.641750726128699
2575,0.0295247421688254,0.0868710485008375,0.249420553917611,0.672986137963639
2576,0.0293970352180941,0.0869803757558287,0.252201048961748,0.641731816137379
2577,0.0294052341395433,0.0865495428223811,0.257349103402478,0.649133015938337
2578,0.0294981215172685,0.087043399786606,0.26325242422913,0.661722095014345
2579,0.0292415262572001,0.0860299828873888,0.259305848062581,0.647634532470466
2580,0.0293903500686523,0.0860157046066834,0.25332554984502,0.657259695560057
2581,0.0293682332060882,0.0864677728474421,0.255631196564174,0.672300118606805
2582,0.0294398723687388,0.0865646093293597,0.250781177940293,0.667192091923937
2583,0.029387565350348,0.0864767806605625,0.256719389089488,0.660772785791535
2584,0.0293431692609721,0.0868346435308179,0.25340897020508,0.691258407448581
2585,0.0293992411144302,0.0857060653996822,0.256693508489369,0.651528255516867
2586,0.0294313406443369,0.0876906391030021,0.2503917162713,0.674864245246989
2587,0.0294037036691661,0.0866762002682546,0.253875212605543,0.680679976361333
2588,0.0294663817801487,0.0866671209551287,0.25916928725243,0.660745189630322
2589,0.029390831998494,0.0870710862952917,0.255696181061586,0.644256008599128
2590,0.0294740134304565,0.0857422618546096,0.251859432008598,0.617742344816053
2591,0.0293169361609842,0.0866659338003992,0.250931779292632,0.639478492946842
2592,0.0293183281744231,0.0865989146138589,0.256506714737153,0.667939075399628
2593,0.0294142265309456,0.0866703764763763,0.248242784453682,0.658607050515543
2594,0.0293674580025078,0.0868170975217304,0.253199748440142,0.684044050911722
2595,0.0293694487465908,0.0863878560934015,0.250896684946674,0.633400748632527
2596,0.0292844846601501,0.0865105268834664,0.251979074192567,0.670972204300263
2597,0.0294167717161365,0.0873159803255257,0.24874084134429,0.707630038967844
2598,0.0293618000544764,0.0865667811821229,0.255110057445301,0.636298189505806
2599,0.0294167452730626,0.0870385990356689,0.255113720174672,0.647567943707503
2600,0.029411295915038,0.08596698632769,0.253509705758945,0.65604212853534
2601,0.0294006858610781,0.0862415407280771,0.254035539095736,0.676308729916192
2602,0.0294367410833828,0.086670646843676,0.24769235326177,0.639463649180438
2603,0.0294463374646103,0.0873276760237335,0.254761700733905,0.692108655197225
2604,0.0293508486000125,0.0872168514069139,0.255949611181006,0.637224363120507
2605,0.0292899777406397,0.086122729040873,0.253511451624954,0.674008344510882
2606,0.0294042707001677,0.0862889987656202,0.252942553275122,0.648420317499641
2607,0.0294292781976134,0.0865941345151563,0.25973711809695,0.632260878951022
2608,0.0293306412068449,0.0866333533042944,0.25096813798863,0.650081320381021
2609,0.0293508904518641,0.0872858094347816,0.250309704230943,0.666911060192645
2610,0.029464552582846,0.0868073902574569,0.257810975918778,0.671299185085301
2611,0.0294194235728205,0.0863517379737702,0.249368805353569,0.639330921315213
2612,0.0293099749129657,0.0858076257131518,0.258779164774582,0.646375702249968
2613,0.0293931580449738,0.0871260204778413,0.249824409059808,0.660995140319986
2614,0.0294088761397308,0.0874394062357227,0.253417021703255,0.626245108873933
2615,0.0293561507484561,0.086049234081407,0.255919575560144,0.688315160861482
2616,0.0293700312110378,0.0871555733499071,0.252946035608612,0.65866532738844
2617,0.0293747144570244,0.0854736436791848,0.251787063581278,0.687207349779909
2618,0.0293233897427594,0.0864753560934192,0.252765417527168,0.62614652092054
2619,0.0293782049629991,0.0868036019030388,0.252656058685364,0.683129006548173
2620,0.0294384129531858,0.0867692118868238,0.254916617054782,0.662325716214143
2621,0.0294377428945601,0.0866791606448502,0.253995299471024,0.626214933123875
2622,0.0293469433535583,0.0860512927581203,0.254668926975263,0.68032184023044
2623,0.0293419353367633,0.0868673940590719,0.258044495165066,0.670617864682735
2624,0.0292659575142276,0.0865038148395322,0.2540402599941,0.626537360222602
2625,0.02938877678621,0.087049250746472,0.250646967941741,0.652393534530389
2626,0.0293828769294042,0.0863408206046593,0.258379854790255,0.70630716832318
2627,0.0293583082798447,0.0859127289802687,0.251763929997616,0.629049437672168
2628,0.0294367530693069,0.0868489579120328,0.256731282982961,0.673289757067098
2629,0.0293191416638798,0.0869041516113927,0.257779204117204,0.70327483557174
2630,0.0293724359610889,0.0875801257762731,0.249296515660483,0.660839180877544
2631,0.0293597559155204,0.0859165495708568,0.246994916541539,0.618534820854981
2632,0.0293948784586995,0.0864153821603841,0.255215294868062,0.692491281217273
2633,0.0295229339376536,0.0869374108167481,0.24714417518262,0.62640748896484
2634,0.0293532251612972,0.0863562611993545,0.249979934541345,0.608998602781622
2635,0.02929508956289,0.0858557135813879,0.252224680876046,0.662286662996453
2636,0.0293906358167807,0.0872088016196226,0.258601592267768,0.676127383650946
2637,0.0294599565508217,0.0870199715173517,0.253125785470884,0.656460236122025
2638,0.0294201552727443,0.086919609062275,0.254311305715796,0.722785450139795
2639,0.0294941336079641,0.0866997559584201,0.25669594411768,0.68693821461094
2640,0.0294423924978654,0.0869588724881282,0.257218040825778,0.658984134462184
2641,0.0293739698147386,0.0867458505097916,0.251633890491624,0.667074134079966
2642,0.0293627899923662,0.0861021229328257,0.258757306433976,0.62864081683842
2643,0.0292830332189622,0.08589862314746,0.251653812410119,0.637111424127506
2644,0.0293183027388124,0.0861375461517442,0.24489161629148,0.66305490178163
2645,0.0294030359416888,0.0873161945880639,0.259152451838802,0.66615999531575
2646,0.0293685468400958,0.0863163870370703,0.249015808234651,0.63128363134742
2647,0.0294413305734937,0.0869904505469525,0.253706992186577,0.709677342723593
2648,0.0295065066652028,0.0869552263779689,0.252642491460144,0.662175128682891
2649,0.0294437875944093,0.08710603153798,0.263492087036183,0.646723402195963
2650,0.0293720190919342,0.0864373223586775,0.251473281132204,0.614222540490368
2651,0.0293625648753104,0.0866957498065474,0.260590458693317,0.657929960291806
2652,0.029381875685161,0.0874503753880064,0.260112437294999,0.684415431849
2653,0.0293655390649166,0.0861437943468949,0.253177073877492,0.651738323330801
2654,0.029370937314368,0.0871101345055962,0.255020985599008,0.629329158735967
2655,0.0294653233053328,0.0876908451828731,0.263149682356765,0.653404571320875
2656,0.0294193694274855,0.0862650312883568,0.26044821937166,0.657948001557187
2657,0.0293383704241887,0.0861159178824914,0.251990856952634,0.697815384728752
2658,0.0294025668507215,0.0866617386666704,0.256338056764273,0.67125680990976
2659,0.0293581338821606,0.0869363192630669,0.248367113799753,0.621879111076879
2660,0.0294263146960415,0.0866045282619418,0.254351269692819,0.65602701821175
2661,0.0294410800584769,0.0861811157610442,0.256279449562008,0.712314353366364
2662,0.0293854561308188,0.086347577341847,0.252812710560511,0.676524346142
2663,0.0293841088314099,0.0868955642142059,0.252884444928428,0.690983297885187
2664,0.0293372862751954,0.08658772594996,0.256487824264815,0.654415724969539
2665,0.0293949315906663,0.0864721390369019,0.252058952753232,0.655975417925297
2666,0.0293413221119372,0.0856893884568922,0.251623372945594,0.66315250643055
2667,0.029467473299753,0.0870631340952244,0.256253179636269,0.651019733471206
2668,0.0294108552951256,0.0867725004235027,0.260279765263646,0.693753945268141
2669,0.0294027302643065,0.0873931330958993,0.252966667185297,0.644606961517498
2670,0.0293524819718971,0.0866798497017762,0.258816651965045,0.640218574595013
2671,0.029457218059042,0.087419537939413,0.260833789838546,0.688447169197424
2672,0.0293599917767841,0.0865347334994046,0.249718303391535,0.644489304021626
2673,0.0293526734266011,0.0863360414099959,0.247175976959981,0.6400456052213
2674,0.0293840088604493,0.0858647608125342,0.254444235831052,0.66139701899923
2675,0.0294091004465781,0.0862681904884501,0.254016483033536,0.666521868854683
2676,0.0293390166471641,0.0870518146541629,0.256758729818401,0.693039412659676
2677,0.0294001035916213,0.0869406238248555,0.260006921106786,0.672835497316394
2678,0.029411754916322,0.0867157086738933,0.25580364646548,0.650775259372925
2679,0.0294621040801775,0.0864340009802529,0.255051313767587,0.658049474460386
2680,0.0293338266892097,0.0863269553944855,0.255679411981871,0.674352010487185
2681,0.029422026306933,0.086657722350685,0.24796990741939,0.623857411405566
2682,0.0294452080598003,0.0865926380112228,0.259819409421646,0.690219489859598
2683,0.0293344121136219,0.0871118078455094,0.257593233495421,0.638041645642009
2684,0.0293944706598349,0.0870579609282217,0.253211178124069,0.64856974760661
2685,0.0294077478250771,0.0868142374613541,0.254232086820331,0.672779804281957
2686,0.0294573149353381,0.0875352995948732,0.252155984079657,0.649280867908975
2687,0.0293778685219766,0.085822963965989,0.25006481668077,0.63241631883023
2688,0.0293826533932651,0.0867274182578768,0.259259461343921,0.68850703457487
2689,0.0293208011805817,0.0870786710075451,0.256720188899666,0.661780999019005
2690,0.0292895190612897,0.085678418328791,0.251419828618624,0.682184313806988
2691,0.0294033047973741,0.0872255335270389,0.256930768350361,0.657159457019438
2692,0.0293154354745317,0.0860583999140112,0.260170281248946,0.630848213299608
2693,0.0293996512047482,0.0869704282642838,0.251347353399565,0.636050843111323
2694,0.0293860411444904,0.0866789817212373,0.262464712174931,0.661886436879487
2695,0.0294153703101539,0.0874577650760981,0.263034323259217,0.663663954139156
2696,0.029446220719956,0.0866506250871664,0.26124886936051,0.69301930997107
2697,0.0294315020168863,0.0868554821918531,0.258108250927191,0.683153312001407
2698,0.0293873289796473,0.0864439265225875,0.253734346004686,0.644070346374888
2699,0.0293390623086115,0.0858768600642451,0.260436582088976,0.648563662249707
2700,0.0293907953104187,0.0871291538339829,0.257621153582983,0.69866820579099
2701,0.0293922564103074,0.0867805388805919,0.258577384052032,0.674547283423745
2702,0.0293697628753284,0.0868349041252345,0.254372532597368,0.658307002481271
2703,0.0294018364971737,0.0866633011171074,0.25827635607479,0.642741868369607
2704,0.029420215804034,0.0866330568336974,0.256157071994581,0.653161878766094
2705,0.0294171590077322,0.0871752762338214,0.261452940455802,0.632341830798546
2706,0.0293590843680351,0.0865909690693066,0.253965432146767,0.69840079920432
2707,0.0294375862956068,0.0868025869957636,0.253649752842347,0.677837060556728
2708,0.0293845123859951,0.086726727452208,0.25458309621822,0.657184377621938
2709,0.0294144692068865,0.0864785454746545,0.258699016984203,0.67730744954595
2710,0.0293833756768782,0.0865921686644804,0.253076420414808,0.646230523113196
2711,0.0294352005995111,0.0868004417144553,0.253485543858921,0.656701526172596
2712,0.0293073965053715,0.0868725020139635,0.251991057416389,0.666799710656884
2713,0.0293778206531876,0.0864613838665384,0.249103928481209,0.65904822426156
2714,0.0293252024422024,0.0863257522314531,0.257237782620984,0.676992099152726
2715,0.0294099786462365,0.0856681646769729,0.25830899605647,0.675038346233362
2716,0.029289466419112,0.0874067464271578,0.24994171529757,0.685138748486076
2717,0.0293662370988128,0.0872288422971031,0.25241759837823,0.621573180803026
2718,0.0292926125726656,0.0857355577590024,0.252598373800175,0.65065733590271
2719,0.0294072686364675,0.0862915066648448,0.249873991882129,0.615802532873993
2720,0.0294584919694138,0.0868885458200696,0.256472938938747,0.658542982513912
2721,0.0293760753329127,0.0860061434361613,0.249284331071114,0.659335784482081
2722,0.0294230824114853,0.087314414009264,0.25365902951357,0.652652069609264
2723,0.0294492669801552,0.08663218961164,0.247034152503124,0.645465514960656
2724,0.0294886227878169,0.0866608499703998,0.255470566631765,0.654361517737521
2725,0.0293909064859473,0.0858123578274288,0.256960102186643,0.704504959764515
2726,0.0293990041392699,0.0867238673234348,0.263753791411172,0.676655848110572
2727,0.0292969383641869,0.0864067078978855,0.251141840659541,0.636955355102631
2728,0.0293710298587167,0.0870899377137609,0.250652054056312,0.621222372032054
2729,0.029439288522865,0.0857801838386823,0.2519666074389,0.65296526734508
2730,0.0293708498855365,0.0863408120977609,0.252619782630728,0.651501490587368
2731,0.0293936949894944,0.0860072529381356,0.258917849076409,0.653550520517627
2732,0.0294332032402807,0.0871772637692261,0.258112156917586,0.65349245253163
2733,0.0294363559396471,0.0862558683656198,0.248090062052456,0.681736466513797
2734,0.0293880088103092,0.0861867389003608,0.247385131476934,0.643746183204729
2735,0.0293416429799076,0.085576516575072,0.2456701290496,0.642217734062162
2736,0.0294415878211943,0.0867081066087879,0.25931036739618,0.660362935514165
2737,0.0293981363762978,0.0861494508636093,0.251588933916647,0.675254560783718
2738,0.0293860478652227,0.086429189737896,0.257795904442056,0.629677819376497
2739,0.0293430597672613,0.0863418366838871,0.249908282656465,0.62000407186016
2740,0.0293258143373021,0.0859951755596106,0.256146383265811,0.650831813545498
2741,0.0293581631148614,0.0870417595878617,0.263735830922186,0.627492608837379
2742,0.0293424785724534,0.087411227166933,0.260995732027486,0.670162049750485
2743,0.0294096204588017,0.0863032501285923,0.25587939770835,0.637933734848684
2744,0.0294907103376631,0.0860635200725325,0.255835836879546,0.638330961902167
2745,0.0293875289857519,0.0867781183239093,0.254359302604837,0.639260216714191
2746,0.0294209958749935,0.0873253064512876,0.259524454776939,0.63693865988991
2747,0.029513987849509,0.0869787538241272,0.25545725088298,0.684351067227735
2748,0.0294006339247745,0.0870312598903585,0.252334806936482,0.662145429462369
2749,0.0293781157365243,0.0857089785221061,0.252748986039501,0.660466256701875
2750,0.0294181829944586,0.0870489981632142,0.253419895679926,0.633185214162482
2751,0.0294614611220592,0.086553129342357,0.254910276065391,0.684659768614397
2752,0.0294540943334558,0.0867457060165218,0.251212057294214,0.657534447830704
2753,0.0294257921266476,0.0864624714036176,0.25316874314713,0.649491826756516
2754,0.0294063125214704,0.0865649871262687,0.250675338509387,0.673431644472828
2755,0.0293810588453482,0.0868462402584916,0.252994778284139,0.636964165232926
2756,0.0293885329745917,0.0862996441982273,0.251337408666544,0.652841890716024
2757,0.0293768643495989,0.0864115345688183,0.253300297125869,0.641872539314503
2758,0.0292510094147877,0.0862761659731077,0.254857921485086,0.667883548824266
2759,0.0293726164249726,0.0865414462039689,0.252359359774987,0.668187065467622
2760,0.0293577468373285,0.0866464497880022,0.253084143667637,0.647186386996019
2761,0.0293983450069043,0.0867960403080554,0.254435679398896,0.684003330238123
2762,0.0293664014510914,0.0864815213444622,0.25520517332978,0.71014337623651
2763,0.0294047493231484,0.0862364902785262,0.256809762329366,0.691494943006742
2764,0.0294158244895371,0.0867406650374674,0.252326008554049,0.631173116054093
2765,0.0294385175518585,0.086475169748797,0.254030698097888,0.630619423901718
2766,0.0294607893215411,0.087440774868096,0.253916577684122,0.66437661231095
2767,0.0295017938912237,0.0877484667641014,0.256649835872371,0.684325537426093
2768,0.0293938667390615,0.0861152424956266,0.255144453620177,0.663401615357779
2769,0.0294206391160983,0.0876715948043772,0.261452542657854,0.723947830715992
2770,0.0293990653901505,0.0866425826001579,0.263675034380155,0.645652671674876
2771,0.0294243184674155,0.0862566542235173,0.24617278303541,0.647112742254914
2772,0.0294774611294082,0.0871429794044021,0.255104440222325,0.697521154538544
2773,0.0293661622324876,0.0865650837189138,0.257464863303713,0.64754969037479
2774,0.029423669195716,0.0862718705985218,0.25807355548135,0.704938178917976
2775,0.0294335050937646,0.0862510535644445,0.246461653497678,0.629042497558216
2776,0.029324276617769,0.0860135265110617,0.252356046899864,0.672582888995402
2777,0.0294315382825702,0.0866831619061612,0.256212790224229,0.646838249996853
2778,0.0294550947219411,0.0865813097097144,0.256916973811157,0.656981975381206
2779,0.0293485952904292,0.0868224901297195,0.254165863994107,0.680813954998636
2780,0.0293473153135769,0.0868819942993504,0.248969700280727,0.633618269514005
2781,0.0294322186829409,0.0873032662779473,0.252370221052269,0.678534292451902
2782,0.0293575119260169,0.0862746009155699,0.249639210437043,0.650557373992931
2783,0.0293498711756959,0.0861481904884644,0.251953118012206,0.655478963462822
2784,0.0295004947321725,0.0867499694404314,0.24497336047287,0.663155646658173
2785,0.0293986713965749,0.085746036818257,0.251064125261425,0.683738384378741
2786,0.029484999076624,0.087168044575602,0.256197840297832,0.64917686251023
2787,0.0293854152403896,0.0873712231299542,0.250921495815514,0.662620243612606
2788,0.0294848072303998,0.0870389712066186,0.253186249118923,0.670384319472587
2789,0.0294779765793124,0.0867994219838767,0.254979751450425,0.688991317870779
2790,0.0294145329378921,0.085923049305982,0.24983335422804,0.684550056610595
2791,0.029420588495415,0.0873135473195756,0.252756926099822,0.660923763180404
2792,0.0294342055645558,0.087292640760092,0.255616412320654,0.66431928211052
2793,0.0294155253578325,0.0862647828568389,0.261021972528147,0.665053988832696
2794,0.0293698059816066,0.0869651370473224,0.257538562681308,0.66449987191449
2795,0.0294162359741864,0.0865141080071179,0.254917062130329,0.660384615018841
2796,0.0293868234046962,0.0858409864260609,0.257288365305034,0.681293156277443
2797,0.0294036636455553,0.0869729911222376,0.259726001627255,0.645182914866868
2798,0.0294055669484255,0.0879223256238875,0.251838026461869,0.659366815884912
2799,0.0293621781367241,0.0868822403887442,0.253757174123215,0.65389156557855
2800,0.02929317694004,0.0862452823300962,0.256498378569431,0.618870923191465
2801,0.0294097203178201,0.0874786162341725,0.257474829671277,0.618145750919029
2802,0.0293944780663837,0.0863136064016128,0.260863166411296,0.620586359858491
2803,0.0293187645298975,0.0865600452338818,0.254038668910893,0.687222697728256
2804,0.0293355682366435,0.0859438719056145,0.246557490482768,0.678308932445442
2805,0.0293890314981249,0.0861306350165288,0.253900704800013,0.656734833388131
2806,0.0294449678317201,0.0870124018417223,0.258364275144115,0.685760292485567
2807,0.0293788478179415,0.0867443495921874,0.257858672498915,0.700969722983164
2808,0.0294140679877434,0.0875569752592848,0.258565353935138,0.688338363673928
2809,0.0293432131942661,0.0860696801085555,0.25142115871491,0.676375675014111
2810,0.0294377413753309,0.0873337511119149,0.25301718755118,0.659361372550431
2811,0.0294654809694293,0.0871443550193927,0.256216182340867,0.670578114889213
2812,0.0293770015254749,0.0863570880113752,0.254313647038744,0.646209272944173
2813,0.0293189744430587,0.0861798536259289,0.259099117424258,0.699462286931529
2814,0.0293613678125482,0.0865485193108685,0.256902545683959,0.707510745679076
2815,0.0293888011910781,0.0862117227177119,0.251213655930637,0.646829337164907
2816,0.0293681448024595,0.0870068603083957,0.257470634425753,0.671397748923324
2817,0.029366140494774,0.0873822892209639,0.259381317025268,0.629310262869846
2818,0.0293282996209262,0.0865482463134799,0.247241053981728,0.639517777487589
2819,0.0294786258589673,0.0867541670693804,0.257224117292246,0.67271184797984
2820,0.0294072233282723,0.08649002316237,0.251251693476542,0.642948741180562
2821,0.0293732490500288,0.0866366531305277,0.253597253222595,0.659650688450138
2822,0.0295281161300359,0.0862224999906072,0.248768503307816,0.648684701851811
2823,0.0294703327953503,0.0870188105950799,0.250182352770051,0.620474784640534
2824,0.0294977340270608,0.086642336759981,0.253920560357888,0.674734881142198
2825,0.0293556597711235,0.0861289359056218,0.250465712122704,0.63561487187496
2826,0.029405172672199,0.0870945669663584,0.250262015802794,0.629776713854393
2827,0.0294373423750063,0.0860675572740072,0.25879119190277,0.647891439696899
2828,0.0294365050841302,0.086618589154487,0.252561659724583,0.646736307375657
2829,0.0293965321496373,0.0866099082113615,0.246254081286139,0.61416845750146
2830,0.0294243722046806,0.0868242304661918,0.256980854000434,0.689071898466379
2831,0.029301437442516,0.0866220628800248,0.251623747196227,0.64156388246109
2832,0.0294448246611835,0.0866000362091405,0.258249510077123,0.658846650157873
2833,0.029420811681979,0.0876810684602087,0.261149175817863,0.703332403501035
2834,0.0294028700055804,0.0869946758699373,0.264784212522931,0.685216970339572
2835,0.029338912828334,0.0863659093400549,0.25149584238363,0.660854730147121
2836,0.0293815853353574,0.086117053198038,0.249786622498606,0.661079216295002
2837,0.0293486202464134,0.0868420280090428,0.248176720025169,0.642579546777681
2838,0.0294407133380257,0.0863142065782128,0.253261520748662,0.689174027580743
2839,0.0294024972415012,0.0869158387535168,0.253304418101321,0.669884874419255
2840,0.0294103603483689,0.0868217362120377,0.256115877937811,0.689328032530442
2841,0.0293851504041166,0.0873145750989083,0.256026976215545,0.690750261872065
2842,0.0293455651378539,0.0859556615721915,0.250027197237405,0.64995060735994
2843,0.029521070781566,0.0870686679813946,0.252832262891416,0.632993777712702
2844,0.0294500159987066,0.0862134605604042,0.254295471593216,0.622613627305178
2845,0.0294425265320958,0.086049815525438,0.249691041678866,0.664919763364003
2846,0.0293818868584522,0.086915280688369,0.256995266937745,0.629189364375263
2847,0.0293564250575167,0.0866786368079978,0.252867111299365,0.633564341026666
2848,0.0294303237104164,0.0871322739531052,0.260073090438891,0.684092274309125
2849,0.0294507375626724,0.086976084132841,0.249759598219422,0.658039718745303
2850,0.0295181136354395,0.0867321208038608,0.257710243976461,0.669298966965854
2851,0.0294315671752617,0.0869478845393504,0.255630232997257,0.679698371474548
2852,0.0293799559804361,0.0866603603647879,0.258092192883719,0.680036555935526
2853,0.0292366948548692,0.0871525163806721,0.257601719034128,0.686264467245009
2854,0.0293453683222561,0.086102358929674,0.258500991138012,0.623680357405649
2855,0.0295131134895657,0.086976551153516,0.261480675670929,0.685546702338644
2856,0.0294905572922535,0.0871775756668981,0.260956057110715,0.646151506244109
2857,0.0293749452570867,0.0859862238039485,0.24862116754681,0.67593400937778
2858,0.0294318264959672,0.087077921275961,0.257246702055133,0.674928409871923
2859,0.0294200302261089,0.0868361098570772,0.251606834149727,0.634651665923
2860,0.0292927962354662,0.0859130596451193,0.262596165396404,0.66144666422699
2861,0.0294910218316326,0.0870545182185672,0.261809890098131,0.678456994779325
2862,0.029371338470965,0.0868742317097371,0.257609320436959,0.655359566752506
2863,0.0294733461578918,0.0866891926987009,0.2540826625608,0.661309176386194
2864,0.0293650184528808,0.0873681032843563,0.253656391522383,0.68004543385394
2865,0.02939074909332,0.0868588197345223,0.2494934281618,0.612065883901878
2866,0.0294575734052214,0.0858173182920843,0.254783195726223,0.631294768986597
2867,0.0293744083783182,0.0870498106617764,0.251941410338711,0.680499421360586
2868,0.0293291265651112,0.0864214101698679,0.249766916941086,0.632448854427818
2869,0.0292418108327022,0.085533784957405,0.255897539363049,0.625834621390716
2870,0.0293924229539341,0.0864469970043878,0.251032218642996,0.670135543989573
2871,0.0293538054075866,0.0860969272206551,0.251025367916722,0.643769272843349
2872,0.029317394678065,0.0863793945078307,0.251632437740821,0.684498513800502
2873,0.0294050558516588,0.0863959518013186,0.254297475168447,0.644602110946967
2874,0.0294693280501787,0.087107560873219,0.253844461144846,0.666426113861915
2875,0.0294118776200049,0.0866458004482906,0.252452473282646,0.651926979841922
2876,0.029380569123506,0.0860019728588437,0.250030679611022,0.628212348396699
2877,0.0294148731425078,0.0865357116334025,0.254134017091264,0.648646608454916
2878,0.0293383950931476,0.0868611316580361,0.25251427083991,0.638401841722148
2879,0.0295266465206969,0.0865135095445937,0.253047569442858,0.665071271296079
2880,0.0294506708772609,0.086526473796431,0.258378506114719,0.679589938817782
2881,0.0293956153241754,0.0864000839442556,0.25141085186966,0.641823000143702
2882,0.0293995372932402,0.0872419971154926,0.253332623023174,0.64710762081744
2883,0.0295134669423381,0.0874098905607712,0.249594377558676,0.652510793280235
2884,0.0293779431463486,0.086540690991817,0.246378169158867,0.62522354311139
2885,0.0293769502090163,0.0858475024433931,0.255139951172082,0.685359354762952
2886,0.0294462575128763,0.0859315057988952,0.251566978091623,0.65804481245798
2887,0.029369878505661,0.0870163221038776,0.255349230961288,0.636253524226688
2888,0.0294342064791145,0.0874474286584079,0.257108739340412,0.688106209351154
2889,0.029352995509677,0.0865557151948959,0.249556410303498,0.634789985032705
2890,0.0293660089142436,0.0866850423763871,0.255830735438459,0.659671790751103
2891,0.0293751687931325,0.0868489792812768,0.254238109825449,0.681737622251028
2892,0.0293724158881889,0.086995048110311,0.253310388804136,0.672864079428219
2893,0.0294792969179042,0.0868889776685564,0.253428540306884,0.660267701714088
2894,0.0293995129974898,0.0861556072407378,0.253782722026874,0.66558222396401
2895,0.0293194496505009,0.0859212172583309,0.250623492240756,0.664345453464419
2896,0.0293753208029253,0.0868469771065059,0.25775997999036,0.618302769157331
2897,0.0294411396332291,0.0870779015198365,0.261533640388093,0.67430378384756
2898,0.029404995784212,0.0869248705087093,0.255004246046594,0.643267832351349
2899,0.0293272712810476,0.0875415582531897,0.25708300525085,0.670871281370541
2900,0.0293521497485026,0.086191182238689,0.250947332259656,0.695940142817694
2901,0.0294696671917165,0.0866604182150193,0.254412638595295,0.644813101055104
2902,0.0294005720854954,0.0857516884813482,0.243332106684041,0.62362727416058
2903,0.0293523690498572,0.0872597863195815,0.256984857526464,0.662147162480697
2904,0.0294078174266906,0.0865683543715249,0.254015239344052,0.674239491554333
2905,0.0293700360843493,0.0865471425774862,0.254348628839671,0.647825340297245
2906,0.029358279843746,0.0864373749892803,0.25487656783762,0.68562633733098
2907,0.0294319657304033,0.0870303930409864,0.252812366440549,0.665162628601532
2908,0.0293991771357673,0.0869371882181315,0.249765225630564,0.65548866625727
2909,0.0294249969988729,0.0863929852523744,0.257911003334984,0.646944123445603
2910,0.0294363842400815,0.0867581425946959,0.250600507628591,0.660090774693167
2911,0.0293840734663297,0.0879525111967811,0.259060234057265,0.692568449866597
2912,0.0294416927980333,0.0870664881902321,0.259367176485746,0.633928709511311
2913,0.0293838289713899,0.0855842956962821,0.254469177654998,0.6256995606692
2914,0.0293862676736851,0.086429702602318,0.252069022777411,0.688891156310292
2915,0.0293546022962919,0.0870731847023694,0.256880921198225,0.688507218385795
2916,0.0294121078883942,0.08656655229804,0.252123706115082,0.671563938325042
2917,0.0294079828037794,0.0866061927908157,0.24540993109013,0.616391194977628
2918,0.0293805837790626,0.0859648209656489,0.250877751516187,0.621204553852964
2919,0.0293178262954256,0.0867792017193857,0.25582573341822,0.664825936015289
2920,0.0293539369848972,0.0863768342588207,0.256385032710396,0.655536755210704
2921,0.0294170497256429,0.0857977995835467,0.245650901188599,0.6797180980228
2922,0.0293870356483914,0.0863155024019636,0.258268433880991,0.683481290240101
2923,0.0293162743600717,0.0866821688503325,0.261027714182255,0.673932453308397
2924,0.0293412164463302,0.0865897201567999,0.253622759712952,0.65872961866822
2925,0.0294042778923993,0.0870400635950323,0.260755263949975,0.692946040661667
2926,0.0293766963811105,0.0863340956860094,0.245702780081935,0.65072716622568
2927,0.0293457710204665,0.0867077025328065,0.253724035556882,0.651361721409854
2928,0.02946818786027,0.0868140341487582,0.250755093256565,0.631676415012751
2929,0.0293627199201601,0.0859693905827604,0.249949236651262,0.66322117334419
2930,0.0294638253790566,0.0861179053769762,0.252707785450649,0.642372834590525
2931,0.0293508623361682,0.0866562289196223,0.250489645921263,0.658300758115407
2932,0.0293115369688724,0.0869758571774305,0.256440746651725,0.647480390536615
2933,0.029382488867078,0.0865698940425838,0.248620579664801,0.667943015007697
2934,0.0294074619037538,0.0863064839975033,0.255215208524527,0.660325748036349
2935,0.0294062817071949,0.0869965021804755,0.255305711818511,0.708850099335382
2936,0.0294853244960134,0.0876240473878619,0.250555323072608,0.633477706794763
2937,0.0293744432001981,0.0868655064931816,0.258205020944748,0.658028555971374
2938,0.0293378109205597,0.0864228596031942,0.253488644646392,0.635436816650202
2939,0.02934905377737,0.0858973004039502,0.249581070867663,0.647396802496531
2940,0.0295236857235635,0.0864081401657407,0.252514065765325,0.667783075471656
2941,0.0292698608672515,0.0864092203994562,0.249554019950973,0.656051679555394
2942,0.0292716594002736,0.0862208247305289,0.24761819777164,0.665112024383661
2943,0.0293965596815489,0.0864582344486201,0.247498259092129,0.652401201757921
2944,0.0294180120036562,0.0861708422404823,0.247479769597949,0.666572315099513
2945,0.0294457264138928,0.0867325260923866,0.252773735081846,0.649057911636965
2946,0.029401933992337,0.0863460130651727,0.257456593257011,0.682868188188584
2947,0.0293453801559758,0.0864888719438033,0.259487703002672,0.641164846843228
2948,0.0293875536910808,0.0872637887556062,0.254749966881475,0.640084564003789
2949,0.0294260458704208,0.0874233735325089,0.251335938245347,0.643849879545093
2950,0.0294046574575317,0.0866790465836417,0.248358527793003,0.681957953227626
2951,0.0294834576871962,0.0873736742596895,0.250941666679947,0.635411784451284
2952,0.0293375243929725,0.0869015875304226,0.257438098659119,0.664533541063922
2953,0.0294286066823341,0.0875374410082731,0.25040899900526,0.658783351410485
2954,0.0293602930976312,0.0860448205586596,0.249888808931944,0.650436820352823
2955,0.0293645948737623,0.0864925295891565,0.253211294031533,0.653873798804856
2956,0.0293530503552917,0.0872106397096765,0.26109046401691,0.662879003574454
2957,0.0293529280356733,0.085683536218898,0.251119819250376,0.665512728929096
2958,0.0294472508122745,0.0870539573823064,0.258500641307335,0.675138071008987
2959,0.0295221786910656,0.0867611481895095,0.250002018850438,0.672303672006887
2960,0.0294078437234933,0.0857997784098498,0.249065667239669,0.707057019062296
2961,0.0293435114262729,0.0865632275888002,0.248596978502559,0.658134714694847
2962,0.0293610531294314,0.0860003171738155,0.247250333095173,0.615449652695887
2963,0.0293266193993242,0.0872020059896366,0.251425246642402,0.666141994742702
2964,0.0293323261992873,0.086140869497472,0.248804271317777,0.638256727174186
2965,0.0293740198286092,0.0869995467631693,0.249725332377328,0.663067214140875
2966,0.0294267508689028,0.0871090165010868,0.256015484276541,0.64859858322311
2967,0.0293941354537805,0.0873357094122801,0.254277651319901,0.670258998142901
2968,0.0294470715847043,0.086571754973954,0.252846237357337,0.631556255307352
2969,0.0293924225486929,0.087177575270404,0.256301468408576,0.638148538707271
2970,0.0293690860583405,0.0860395549426311,0.250329817051514,0.704072356434001
2971,0.0295474632747482,0.0880972828987367,0.258363209252699,0.656030177514366
2972,0.0293340430431279,0.0862856985697839,0.252659001080615,0.676023285751303
2973,0.0294493725838556,0.0870868529231297,0.263407808146158,0.67086195594638
2974,0.0294202983751597,0.0873320081513674,0.265809913372933,0.655613396674243
2975,0.0294134303500711,0.0866961299628442,0.258690374848792,0.651310061485942
2976,0.0294807740276855,0.0868944885622766,0.254242686214586,0.635646563266988
2977,0.0293812083293619,0.0864811268244502,0.254362696913826,0.685069210210893
2978,0.0294227679936471,0.086743323177471,0.252866910031996,0.675286125597596
2979,0.0294497582687953,0.0861545450040414,0.254747349271151,0.664793084356069
2980,0.0294137337199664,0.0874451542724228,0.256471486848336,0.643984490207852
2981,0.0293190810991342,0.0866357620880997,0.257836832282443,0.664147053502665
2982,0.0292761071183457,0.0864083023404585,0.259774862445938,0.64134241281083
2983,0.029403612697484,0.0864225041045739,0.253296473630815,0.63756714802682
2984,0.0294038045957006,0.0869964304734875,0.25218001627864,0.664794804838545
2985,0.0294615084051458,0.0860049714653471,0.254085445922304,0.674975996970454
2986,0.0295137764709039,0.0871664298744859,0.25833589273363,0.6642896524209
2987,0.0294248426130621,0.0866125845556449,0.251020390011871,0.662817562589179
2988,0.029362405404826,0.0865993895291822,0.247163068459034,0.640858108765042
2989,0.0294366019525775,0.0876429033011872,0.254451435746867,0.675059103515942
2990,0.0294607580579555,0.0871495453316367,0.254092489510585,0.653233889094075
2991,0.0293586687733212,0.0865864148190831,0.257424529512918,0.650057281914657
2992,0.0293494254888808,0.0867142735718353,0.251732093700083,0.672161579537424
2993,0.0293294007378458,0.086397606051452,0.250386377585068,0.667938729743426
2994,0.0293717289507002,0.0873078930824054,0.257348154868341,0.655613484109623
2995,0.0294060983992292,0.0870008367602016,0.25326171172805,0.669655854407671
2996,0.029359292687926,0.0866668071486099,0.252518387208853,0.616902082855165
2997,0.029345645068304,0.0864865930884827,0.25898975737211,0.704480855425425
2998,0.0293927394951604,0.0872346734185921,0.253693774931357,0.672577609235805
2999,0.0293396902177282,0.0866679289815217,0.254460309964712,0.680011640208996
3000,0.0293907803829466,0.0864156416306228,0.249218796476548,0.710394735774292
3001,0.0294342799480649,0.0870370251181132,0.258945990367428,0.645432524590607
3002,0.0293177967200772,0.085804782580874,0.25837241471652,0.643044418805864
3003,0.0293781309504854,0.0860186561350618,0.251262949035912,0.672738762535117
3004,0.0294182416948011,0.0870827486842558,0.259993199577639,0.663380346431278
3005,0.0294580528078293,0.0868182563196865,0.251562221697163,0.689730774862431
3006,0.0293326251613771,0.0866263582952476,0.249003897114945,0.658027082107395
3007,0.0292940128994482,0.0866019671950508,0.25709909965721,0.657499753544758
3008,0.0293644096162291,0.087454566303585,0.254920855555127,0.687416941362499
3009,0.0295063376610775,0.0865066859012405,0.258770879478586,0.661000597458272
3010,0.0294143937963709,0.0873093134037173,0.25479197095733,0.661760072994945
3011,0.0294493921475215,0.0870464229183041,0.251661438974492,0.661953282528869
3012,0.0293516183041425,0.0863884202137409,0.252894160450014,0.680876304092518
3013,0.0293381009209658,0.0863938746007648,0.251021213924796,0.625007623449324
3014,0.0294371489682728,0.0867455087071536,0.250265195361182,0.652506077561027
3015,0.0294202462200411,0.086111490071324,0.251661605147472,0.655258413641482
3016,0.0293075050877011,0.0856763916843656,0.255675254699881,0.670398893168254
3017,0.0294054200144388,0.0864918946045318,0.250031714031662,0.649005212295217
3018,0.0293535407898888,0.0864518561370595,0.255973759848096,0.653762178682344
3019,0.0294127749375894,0.0863438218684403,0.248813889104474,0.639431652576314
3020,0.0294403352781167,0.0860737934533995,0.252605493643157,0.67964686801063
3021,0.0294228866378018,0.0863373366313046,0.254023181553282,0.662485069576728
3022,0.0294243289317644,0.0863431407460101,0.259139439231173,0.669514990880384
3023,0.0294314251458199,0.0876321740325481,0.259949919750375,0.662731317886936
3024,0.0293970927092745,0.0868671388460932,0.255222986288399,0.688147150159507
3025,0.0293737700234805,0.086116650938301,0.254347568158829,0.665220230750479
3026,0.0294457668420966,0.0863475197489233,0.248938886893877,0.629969530611703
3027,0.0294029851842077,0.0861880372862325,0.250128072031258,0.676451654383724
3028,0.0293253082208584,0.0875405920343144,0.258992538839885,0.671201622338627
3029,0.029459481450426,0.0864784008194577,0.249285712691681,0.626072204529797
3030,0.0294170520273101,0.0861513504105339,0.249667827847994,0.675328395579275
3031,0.0293396990578358,0.0859740960014974,0.253467301318338,0.622668597638052
3032,0.0293792082345115,0.0863765446806498,0.252873504139545,0.599982774727435
3033,0.0293986095466991,0.0873075985864494,0.255832814798794,0.652432561327906
3034,0.0293577331404745,0.0860894762554845,0.254976749157714,0.67373732370178
3035,0.02936480056301,0.0865444876602456,0.248319745458201,0.662020364427231
3036,0.029445668275019,0.0866181775345484,0.258223045128461,0.678895454459282
3037,0.0294191451155692,0.0865664710701534,0.252420107060183,0.69456057579343
3038,0.0294317104599015,0.0869940115046036,0.251275429917394,0.633511856669079
3039,0.029472619602818,0.0871832570622931,0.254062134020262,0.691299936933075
3040,0.0293887910976321,0.0872757840026409,0.264129863069185,0.688450556912326
3041,0.0294265297366219,0.0863832791721801,0.252668834570775,0.61707451965849
3042,0.0294760221771864,0.0868508471795834,0.25160410716639,0.665029741855585
3043,0.0294266865737141,0.0863326524924223,0.255448871727935,0.673092382807062
3044,0.0294102446905891,0.086172010261931,0.257106766796582,0.637866408306911
3045,0.029430360175956,0.0871199772077518,0.255096562864734,0.644828874270187
3046,0.0293431687940323,0.0874104897918118,0.257003871491469,0.699789226174179
3047,0.0294296848390977,0.0868651784188599,0.253695264506161,0.654852860030871
3048,0.0293968529471002,0.0869582459664693,0.259720362613552,0.691368006030949
3049,0.0294398878459842,0.0864226948800473,0.251694946881917,0.678068682465989
3050,0.0294086395582342,0.0865568583149336,0.249278091168146,0.655439906440307
3051,0.0293566323261491,0.0866309258479344,0.246713929648588,0.660444235725672
3052,0.0294684841592435,0.0868879491346045,0.251606769993275,0.617133713539166
3053,0.0293707136973301,0.0875936786215256,0.25428595032831,0.661138460899491
3054,0.0293825172587024,0.0869587631179174,0.257698474177915,0.648325914220187
3055,0.0293917220192393,0.0870684911749918,0.253382143943558,0.673161274307921
3056,0.0293876069979604,0.0861882033755027,0.252363881548921,0.636555963534038
3057,0.0294320064029215,0.0868098989839206,0.248569308502916,0.634701422714144
3058,0.0293258521733723,0.0865102032466616,0.255285040809061,0.651510484119577
3059,0.0294211200700795,0.0861335191209956,0.252238256056475,0.680205456102826
3060,0.0293663132003448,0.0864879808652494,0.257763511573844,0.652737999680671
3061,0.0294031516116665,0.0860339042358653,0.251449738173847,0.636166953171695
3062,0.0294260535820845,0.0864053683282743,0.25593249882078,0.694945670544155
3063,0.0294059922676025,0.0868183349877928,0.252982767128818,0.662609792026157
3064,0.0293047518874079,0.0867676699384718,0.253804737401085,0.674281104899485
3065,0.0293907842147218,0.087397318842882,0.251375075955513,0.621708475537715
3066,0.029329339690898,0.0864597031954996,0.258164474550106,0.720502637897156
3067,0.0294224905649718,0.0874747642303361,0.257786910654339,0.655254689274979
3068,0.0294347447617393,0.0865647690942701,0.254935416200349,0.681273054780632
3069,0.029353663971229,0.0862592449552499,0.2537133712546,0.672401698262205
3070,0.0293954341248945,0.0868307557925467,0.253126600113276,0.65951419128925
3071,0.0294193791382793,0.0867363010624769,0.257734215271715,0.680844241852025
3072,0.0294927051038556,0.0865789308141306,0.250424171251482,0.661689849055324
3073,0.0294981591788853,0.0869252578933422,0.254485335082241,0.693906267065487
3074,0.0294484609123541,0.0868148657312049,0.260077488433339,0.681070498780106
3075,0.0294526778462401,0.0863235073532543,0.252318604262559,0.648947430383217
3076,0.029397952935643,0.0862648013375539,0.251168613233365,0.650177310555963
3077,0.0293945521178609,0.0863960983015559,0.254464491943208,0.673668783476932
3078,0.029457245833192,0.0866823403452468,0.254404717381078,0.651704374320654
3079,0.0294078518238451,0.0872008394814303,0.255180806362261,0.672282404040892
3080,0.0294186340287136,0.0858831505389465,0.247738282936188,0.660144826372102
3081,0.0294205808390636,0.0862411133682092,0.255023905140917,0.652923862143981
3082,0.0294731204922891,0.0860962178682157,0.258937583021411,0.698681482282744
3083,0.0293113826039475,0.0867632399160594,0.254119197804987,0.651858766180075
3084,0.0294547194459883,0.0871479903507227,0.250024979865391,0.615700280623191
3085,0.0293870376223328,0.0864156427672791,0.253424300391785,0.634716492924318
3086,0.0293429684382633,0.0867445498721118,0.253342822583147,0.643065935278361
3087,0.0293311795093064,0.0858692905499084,0.253845180492881,0.666238875542575
3088,0.0294495432303375,0.0865529189868606,0.257626842784221,0.667374761077476
3089,0.0293703673300949,0.0868907450122834,0.251057849612189,0.665728436403615
3090,0.0294489013943003,0.086734778073209,0.257074377894644,0.624785493465475
3091,0.0293340411212039,0.0864902913700754,0.251780602903021,0.609914093233952
3092,0.0293186160825999,0.0863744224595683,0.248659285730657,0.669181897585779
3093,0.0294056442612523,0.0867357291726468,0.25004773164502,0.653599364325394
3094,0.0293586267918066,0.086410071377421,0.254854057491145,0.665247210037701
3095,0.0294348657655611,0.087096872514779,0.256316021827732,0.678075095299112
3096,0.0293605254573846,0.0867456441355795,0.244301391097495,0.613040447322642
3097,0.0294219195378718,0.0866093487952924,0.251921656969862,0.663890533590404
3098,0.029447291054055,0.0865267751087153,0.256687158379518,0.64591602069465
3099,0.0294268150331457,0.0867188418376636,0.257951897491262,0.669094679719814
3100,0.0294250555502046,0.086418887108135,0.255010120708301,0.670620425394199
3101,0.0293133663861276,0.0863006209720632,0.255533818807848,0.65841343040097
3102,0.0294285671196646,0.0871357383339083,0.253321813933358,0.669812268751654
3103,0.0294033604600585,0.0863913424191359,0.247272189867057,0.669541213755271
3104,0.0293967078334637,0.086616076020725,0.257512755170257,0.670130802204228
3105,0.0293654130562686,0.0869314845762214,0.253449349058887,0.660656494643792
3106,0.0294050013332093,0.0864039300162005,0.253299182843961,0.650098460009481
3107,0.0294476922821846,0.0869958446717568,0.255145218191572,0.701571805531728
3108,0.0294408107527157,0.0862983348985923,0.254048853215975,0.692001610478443
3109,0.0294159154885585,0.0861990365035744,0.251684020987972,0.62174886196848
3110,0.0294371278279718,0.0866145757183325,0.252048150734675,0.661406549449231
3111,0.029458616127454,0.0871653627633347,0.256869019179278,0.660169298413432
3112,0.0294073535370543,0.0861770972193321,0.256464475324209,0.653870616769417
3113,0.0294285133840552,0.0861102221887731,0.250472353568948,0.646048509919637
3114,0.0293684630765494,0.0864429029420122,0.261875244097841,0.693886701658019
3115,0.0295027777068315,0.0862626269443783,0.25735487072586,0.648010919298759
3116,0.0294023078235378,0.0863242407804811,0.253503478183344,0.640310948894963
3117,0.0294429614741401,0.0863553257821761,0.255147466891445,0.660553773777291
3118,0.029400635422778,0.0864740323625213,0.247605279037018,0.635260525549938
3119,0.0293178677690602,0.0861757597248412,0.25287086140723,0.631386805106568
3120,0.0294961858582531,0.086059146366455,0.253646297378795,0.66255545794
3121,0.0293725452492425,0.0863431163377138,0.254230683329114,0.64423347501004
3122,0.0294290755790717,0.0864230133973396,0.254079421656408,0.69283546175606
3123,0.0293744722356221,0.0863168286819193,0.255381740546873,0.647983413120796
3124,0.0294495662519107,0.086773273445718,0.250646833461119,0.66034840437336
3125,0.0294810197978204,0.0878199634605735,0.25751183191175,0.653413446356559
3126,0.0294052536985727,0.0862795547099969,0.255493642089886,0.651097155502637
3127,0.029402452623879,0.0864010467415297,0.248733817079644,0.685233944887728
3128,0.029364262664603,0.0865443014110675,0.258279738841085,0.645417081599335
3129,0.0293245735906322,0.0859888893256539,0.253742203239814,0.68980141631789
3130,0.0293946283844793,0.087331105693906,0.261356020127186,0.694867031708549
3131,0.029345453403902,0.0862150249334307,0.253864111072645,0.686097055576417
3132,0.0293792909950301,0.0865986852417138,0.257437506941352,0.695058226204012
3133,0.0293881751406912,0.087200154989237,0.253805386046068,0.679327723347167
3134,0.02943154213858,0.0867443836897474,0.250270126497503,0.665029974515313
3135,0.0294739347154102,0.0865994709813,0.248939988804971,0.654271228442005
3136,0.0294210239050774,0.0860258095679969,0.248571447337142,0.641202737569631
3137,0.029342596115734,0.0858085148224365,0.253425131020197,0.713667630570407
3138,0.0293354213884209,0.0858228897910022,0.255336554330352,0.709381714085127
3139,0.029369146786361,0.0869082140836111,0.251514062165098,0.640223151675717
3140,0.0294278585906735,0.0867264326657777,0.253878286102227,0.650600534675053
3141,0.0293214825154834,0.0861591229681971,0.251068821541892,0.656437870178106
3142,0.0293613313670412,0.0864410776038948,0.258370918842379,0.693586049286311
3143,0.0294610622066627,0.08714046255475,0.251548857910459,0.65078713861693
3144,0.0294017728909732,0.08693624829144,0.249238636469767,0.650937546098701
3145,0.0294119994201383,0.0867695799365308,0.24701053142021,0.633504564373449
3146,0.0293602073019997,0.0865884126139074,0.257575432394722,0.6327765751273
3147,0.0294712100006523,0.0857760942268346,0.248867595240988,0.697584349569901
3148,0.0294306507213127,0.0873469489827514,0.256337400318527,0.671815415623686
3149,0.0294361837805933,0.0863137287800506,0.258653745606609,0.659253716879042
3150,0.0293228351117609,0.0862194236204212,0.250889091286148,0.63355650614832
3151,0.0294140801525858,0.0873763241795308,0.260030147222562,0.666080994379024
3152,0.0294361195999437,0.0870616382251558,0.25685790522989,0.637312972463447
3153,0.0293596979939431,0.0853875828273752,0.250108440809972,0.644739871834791
3154,0.0293537970287055,0.0867381033509358,0.255212987508241,0.687015123085499
3155,0.0293987558765052,0.0869035452195543,0.249682342139635,0.647124873404051
3156,0.0293968667434785,0.0866145654396499,0.249237300686404,0.686166336620896
3157,0.0294192283448824,0.0864769870494762,0.249118845989009,0.629230055074218
3158,0.0294198109713182,0.0864960915810946,0.255766751401541,0.665264451579686
3159,0.0294521005515962,0.0867906505142415,0.250365944427301,0.661883500617571
3160,0.0294899540731885,0.0882706405336157,0.257868338513067,0.706456975877195
3161,0.0293910417860148,0.0867361498522448,0.259776137416541,0.654356427628893
3162,0.0293733646232723,0.0856187381382531,0.256539913279352,0.690644454107285
3163,0.0294612660808284,0.0875834127129437,0.256425015947858,0.677123427612065
3164,0.0293466646830883,0.0872559595149051,0.251698632884325,0.622626557478657
3165,0.0293904120956426,0.0868448716650793,0.251728561077827,0.687221289638073
3166,0.0293485111259516,0.0867547242118055,0.254955305209987,0.694448113388333
3167,0.029329151310558,0.0863584197665634,0.251611445912527,0.6740013366067
3168,0.029404064635111,0.0874775715242989,0.255260494511079,0.69827897670038
3169,0.029377128486606,0.0868050722506428,0.254163116728981,0.642669969349766
3170,0.029341735892998,0.0860795216627228,0.25341884733819,0.630647047204278
3171,0.0293664889661101,0.0867522973546372,0.258883059397555,0.653552747008141
3172,0.0294840766576779,0.0873721942008225,0.260175582616909,0.666914905469804
3173,0.0293851956495327,0.0873707145476892,0.258672913055409,0.680387689609206
3174,0.0293729440061821,0.0876049101170979,0.260579993658294,0.706549437196858
3175,0.02938096727413,0.0871667925196587,0.253887082327125,0.682855767900074
3176,0.0293696090747755,0.0868118200238134,0.25032153800915,0.692906223391005
3177,0.0293791965870943,0.0872561677516482,0.256223446744268,0.621227536608667
3178,0.0293238124602006,0.0863373853951225,0.248974747207165,0.642569763453982
3179,0.0293512194517404,0.0860775633305722,0.254976294075764,0.677197214490375
3180,0.0294708859601121,0.0866885114729932,0.254598613592689,0.671220337007262
3181,0.0293612597061956,0.0863353289164077,0.253978263708983,0.666506050754075
3182,0.0293695851291843,0.0864198556045497,0.25242054380466,0.661087785169057
3183,0.0294632722366007,0.0868509682521339,0.263952777730506,0.669057994242322
3184,0.0293619930224153,0.0867479216814431,0.26244056714746,0.68378043069056
3185,0.0294170277977078,0.086184151704477,0.251651167470222,0.675919497540334
3186,0.0295154738955005,0.0869453454871597,0.24924748977457,0.628533558809824
3187,0.0293816454808599,0.0865982299115917,0.252255660497666,0.643931151298347
3188,0.0293762303297485,0.0858355768512148,0.258097467956222,0.666570023277095
3189,0.0294623451131799,0.0868877789616889,0.259255033537232,0.675959441214476
3190,0.0293594602048925,0.0866044606286552,0.248207080105493,0.630881647888903
3191,0.0294084387581875,0.0872839056224148,0.253177300290988,0.665030941160002
3192,0.0294024685518359,0.0871173702601621,0.255116858051664,0.669351015490947
3193,0.0292812649598087,0.0856781422397015,0.249893331640959,0.644062142696518
3194,0.0293702449444565,0.086979869419031,0.255907544714672,0.648868102493692
3195,0.0295057576009434,0.0876667268637023,0.256451993738512,0.660196058807166
3196,0.029273585082968,0.0857037451771316,0.255796943143253,0.689274893016903
3197,0.0293933186189208,0.0857824010255098,0.253484590254441,0.659493608531263
3198,0.0294758502502907,0.0873369741238142,0.257396002473862,0.687144832042295
3199,0.029465905838999,0.0869870384912985,0.260403334710159,0.685488788622208
3200,0.0293881792399117,0.0864233146061584,0.24938018960717,0.671697752704205
3201,0.0294363860429057,0.086832106550901,0.255083315374554,0.673153390755398
3202,0.0294252596259655,0.0858364674277673,0.247885089200105,0.656517624528885
3203,0.0293770517115599,0.0869894094913571,0.252817282522938,0.648597463486474
3204,0.0294282836335787,0.086986069214338,0.252308835433562,0.674277464548147
3205,0.0294796562496007,0.0873895536782318,0.256273101203391,0.650168761138587
3206,0.029326151851218,0.0863648603596215,0.245264098248591,0.634670304528984
3207,0.0293779683148933,0.0871382710084753,0.255382555028813,0.682896830919791
3208,0.0293189472096484,0.0866451208112751,0.254709923179544,0.674133863476274
3209,0.0293220358796585,0.0860421746663248,0.248898813818997,0.703428872901317
3210,0.0294541537168002,0.086415947410579,0.25275679126094,0.652272076629828
3211,0.0294033515125917,0.0862467835495231,0.255900015297009,0.637368048463726
3212,0.0295120922926684,0.086547874995692,0.259696596184187,0.699488328569722
3213,0.0293777872138347,0.0870934827349739,0.254160821726889,0.704136575060477
3214,0.0294277558351318,0.0856708954912734,0.251854789751895,0.671938029065241
3215,0.0293973149130612,0.0865724654998663,0.249632884500793,0.666480991368379
3216,0.0294054707589697,0.086336751106599,0.253175413315087,0.655698359428329
3217,0.0293429595117213,0.0869377466048822,0.253285759230012,0.648175421922152
3218,0.0293122778442271,0.087180201114143,0.255049564525925,0.663223612976448
3219,0.0293988823602382,0.0868093522627546,0.251524402899928,0.672301110519777
3220,0.0293896763263429,0.0864215327343897,0.254888801592325,0.626626664419084
3221,0.0294284559379738,0.087136807535217,0.2565553692567,0.660967371281014
3222,0.029375375499406,0.0868575485205443,0.245778748506546,0.628454378575538
3223,0.0294559526376321,0.0869711597879376,0.253910470043244,0.664204345664259
3224,0.0293817616979075,0.0871636249027481,0.265236744090169,0.713727277774655
3225,0.029401978251434,0.0866391303493779,0.258122482415372,0.649624541220673
3226,0.0294346109638804,0.0866327053310899,0.251969478994777,0.677624390057183
3227,0.0294286023012008,0.0865317220109733,0.257958945799012,0.676251093537812
3228,0.029357076186167,0.0864567184368784,0.256057858866403,0.64519912622341
3229,0.0293499014735589,0.0858333970366621,0.25381562371227,0.652622512516949
3230,0.0294220281782935,0.0878185050466889,0.252938120002248,0.677177887129118
3231,0.0293392830112729,0.086420497596162,0.254655547688613,0.64932583555431
3232,0.0294257962068152,0.0868210646562683,0.251968175537073,0.63686443587352
3233,0.0294247972614964,0.086654259849371,0.256087564805608,0.626034603451102
3234,0.0294445211340734,0.0867860671013621,0.252872615805827,0.657231482032906
3235,0.0294575524603592,0.087360461941604,0.261400669911214,0.70304131870005
3236,0.0293906955741213,0.0868163624099254,0.251844285202673,0.650309729022315
3237,0.0293370752782888,0.0864978737521743,0.248333609008644,0.650312525860116
3238,0.0293587648726236,0.0863849842976885,0.247308903261662,0.67148409576904
3239,0.0293979975794181,0.0870795664157757,0.25253380272792,0.647775571723579
3240,0.0294360859098659,0.086146006885491,0.251328257685134,0.668140548217234
3241,0.0293736338396887,0.0877209287330586,0.260774686451351,0.652553193500108
3242,0.0294173317570294,0.0867574604628448,0.258829959037805,0.677267751776211
3243,0.0293217605435557,0.0874328680898329,0.252705802114209,0.650675939475711
3244,0.0294411747497386,0.0865507542038274,0.247373102413185,0.654624522258925
3245,0.0293528055007524,0.0866236442474806,0.253803445971164,0.6534586996157
3246,0.0293347609583939,0.0870963383857523,0.25536166347059,0.654968629838217
3247,0.0293724481438096,0.0869178536313725,0.255642868002143,0.635424922572235
3248,0.0293560083419974,0.0866214353820597,0.252170162647515,0.671101600555416
3249,0.0293380200556306,0.0858034600434808,0.250050996956618,0.681152026872042
3250,0.0293691635862067,0.0862172576052775,0.246488289376375,0.652565689259916
3251,0.0293198010777877,0.0858389458062567,0.258937891085306,0.69742009224671
3252,0.0293645114988658,0.0863843963246865,0.254239719728927,0.656074191317404
3253,0.0293910863987019,0.0868247233709157,0.251868346448993,0.692432776739213
3254,0.0294050631466403,0.0868093778322672,0.254485204121068,0.645692512432868
3255,0.0293863075458389,0.086952579474867,0.251412687427569,0.638256815099968
3256,0.0294068803465982,0.0867739339801713,0.251199323342613,0.653737470892778
3257,0.029320435484698,0.086962918691599,0.257332298607389,0.630519921772817
3258,0.0294893282897247,0.0869900734442511,0.246640779865945,0.665998323373514
3259,0.0293468109636091,0.0869007193122392,0.252517098675181,0.657376877271308
3260,0.0293428688762047,0.0856840194559159,0.249105763107684,0.640369706165008
3261,0.0294110678536045,0.0870442873637654,0.249622839848521,0.637449791259136
3262,0.0293451605966251,0.086539522789627,0.2510928974573,0.69763811039205
3263,0.0293305474472854,0.0857350788324152,0.249232402233036,0.646070411321785
3264,0.0294346794862106,0.0873790824983916,0.25623902598959,0.653356243864019
3265,0.0293748526403085,0.0870088763996093,0.2597483836816,0.656008769567025
3266,0.0293334107237678,0.0866562798388277,0.253018247643533,0.660266384199715
3267,0.0294467460080103,0.0875639080941537,0.254140236982036,0.646437667038653
3268,0.0293762583359714,0.0865880233708606,0.261753512058102,0.680708703755662
3269,0.0293957343093372,0.0858700811630046,0.251634653616251,0.650807658248122
3270,0.0294524373728912,0.087028364685601,0.251444475994495,0.647705687044239
3271,0.0293900279870159,0.0876725871584155,0.251616657830002,0.649627255223109
3272,0.0293466367279736,0.0868105809092114,0.254525196741269,0.656497870505919
3273,0.0294228415897538,0.0866824164048768,0.254767563778449,0.641381024866329
3274,0.02945863893419,0.0865620448992098,0.251048003772909,0.675080573559878
3275,0.0293243901159794,0.0864636845847089,0.257052255760813,0.699569541701455
3276,0.0293936202570579,0.0872090520143757,0.25850778662048,0.673355214269817
3277,0.0294200518998533,0.0858104441215945,0.25508874726033,0.701790529777403
3278,0.0293696158094986,0.0862088007949968,0.250161719022442,0.634882260936511
3279,0.0293163896919442,0.0866551627912219,0.253207114762056,0.682769980970493
3280,0.0293595529218283,0.086806773669138,0.248529301223149,0.657851077081072
3281,0.0294737869055877,0.0863451818792127,0.2560373212805,0.638978453229587
3282,0.0294234974107398,0.0860977633658583,0.248980102269902,0.611532435337834
3283,0.029404699832633,0.086000916467371,0.256896578381676,0.637417845485503
3284,0.0293777283951815,0.0868325523956962,0.259506135644422,0.634555590408176
3285,0.0293527209466367,0.0862621799617862,0.25509529278681,0.658856871980828
3286,0.0293094423750936,0.0859087863075395,0.251734297014356,0.683070095040857
3287,0.0293266056161442,0.0861033700522996,0.251208283359142,0.604818610212695
3288,0.0294249027432802,0.0861134657414682,0.254853120128586,0.661337539775951
3289,0.0293101667468439,0.0870206740228933,0.253699981766325,0.649631882421058
3290,0.0293747627256068,0.0861937056571806,0.253747217259367,0.686237527265325
3291,0.0294252747476873,0.0868358996166153,0.260151641729709,0.668567428613028
3292,0.0293715778437933,0.0857838477958841,0.25127385741179,0.680704191526473
3293,0.0295215044980896,0.0865531152419863,0.247659545893218,0.694619414034849
3294,0.0293655523256056,0.0868141934865432,0.249556874789823,0.673984573793592
3295,0.0293889723107687,0.0865352152659007,0.251328509730999,0.657552848362701
3296,0.0294569696771439,0.0862484129154042,0.25825829167014,0.640177478544975
3297,0.0294132244005147,0.086587294520099,0.248978698512202,0.643303810725939
3298,0.0294297541095237,0.0866415352700111,0.251323221430151,0.64223375986575
3299,0.0294453150153937,0.0872153730015535,0.256821613146091,0.661872951017826
3300,0.0294040528567931,0.0868361735628567,0.252498110378884,0.670029535901517
3301,0.0293453047446891,0.0868349993542546,0.254091364942865,0.678628053248995
3302,0.029486777230767,0.0867229133071771,0.256180571417575,0.633561727586949
3303,0.0294332077462975,0.0867614587220433,0.257755742037919,0.692893001078252
3304,0.0294698286435327,0.0869774222174465,0.254613389332198,0.652432975885466
3305,0.0294602522994956,0.0875474316386359,0.252864009119672,0.677238764452883
3306,0.0294035061801724,0.0864122670622094,0.254418637782018,0.655610733506882
3307,0.0293039421844673,0.0859099295640392,0.247684398827528,0.616821187105099
3308,0.0294342034778033,0.0862456536429874,0.247432182890881,0.64110809758202
3309,0.0293362079666193,0.0866444474563524,0.250182982415888,0.628331294348803
3310,0.0293523454429074,0.0859101467290983,0.252278834385319,0.64349404419489
3311,0.029318104099591,0.0866856625449466,0.251553043392579,0.671886015901333
3312,0.0293232724573159,0.0860372833061217,0.247553280413911,0.627702107274272
3313,0.0293284784991938,0.0866151409825032,0.252605157990477,0.634084918427669
3314,0.029391244687839,0.0863147119420882,0.251375915605418,0.656479621800789
3315,0.0294078617897942,0.0864093613939893,0.248177978093302,0.658475829742421
3316,0.0294059379080217,0.0867978866723712,0.257140878439703,0.63505729879999
3317,0.029393843858395,0.0877175778691908,0.252352448194278,0.626343886439157
3318,0.0293505948643412,0.0859689925830716,0.24824079005135,0.619441604330047
3319,0.0293943035285106,0.0871334706684331,0.246960950196801,0.649333152678651
3320,0.0293380143991862,0.0860167330251899,0.25573225610737,0.654070057131355
3321,0.0293230541343245,0.0859967767393294,0.253503690961884,0.678169236477896
3322,0.0293924235572963,0.0863901933805679,0.254263192566886,0.649834500736915
3323,0.029408772810945,0.0861739798007642,0.255731975176461,0.650935864116528
3324,0.0293210140133523,0.0866832659964094,0.248247547901046,0.663743717208551
3325,0.029363543835686,0.0865404171058621,0.254106433741075,0.663345946472671
3326,0.0294440014897094,0.0864577302720679,0.256901033648515,0.676018204097109
3327,0.029367205228923,0.0861695010092263,0.249611014411046,0.662327840637339
3328,0.0293490196177254,0.0860708117459579,0.246876423301041,0.645518890953566
3329,0.0293849140739853,0.0867405673280303,0.254803883022061,0.632337026540568
3330,0.0293243535589594,0.0862871260343444,0.260608476411752,0.717665546028323
3331,0.0293927188262361,0.0858291008913191,0.252501940433601,0.629306191976854
3332,0.029328195746199,0.0867345901660772,0.252784728126808,0.674306662350583
3333,0.0294064778993504,0.0855502441175663,0.251875168306829,0.678595403766628
3334,0.0294178801454179,0.0867520763544874,0.252527859719232,0.647233607072333
3335,0.0293774092408379,0.0866171476082587,0.251576908545129,0.701345529554888
3336,0.0293473855102558,0.0864553397234975,0.253981592756284,0.718448353777175
3337,0.0293393727088347,0.086468923387142,0.258013075426385,0.657543631848413
3338,0.0294156709821965,0.0868047803094026,0.24968865270203,0.659085892691736
3339,0.0294335930013041,0.0864505273684985,0.249908366391565,0.653973447160118
3340,0.0294194991694179,0.086927480961952,0.256870727582154,0.678987262898238
3341,0.0293972115940853,0.0868459209008588,0.252265676607719,0.661904605377377
3342,0.0294889817044021,0.0861012555959122,0.250222673930192,0.652756994636086
3343,0.0293148459292106,0.0865504854969386,0.253277770324596,0.633331065909545
3344,0.0294023663927953,0.0864065649995019,0.256498713591327,0.676775494368425
3345,0.0293268325232196,0.0874419327574102,0.257010641029776,0.655416743348554
3346,0.0293510068633318,0.0867950615766852,0.25256004312311,0.653126856892179
3347,0.0293632444470388,0.0865787106665622,0.248047264268846,0.668681965652083
3348,0.0293982921431184,0.0868917655261037,0.25429669331563,0.642437092843165
3349,0.0294231087926093,0.0863984864405923,0.261269279330412,0.700534315028617
3350,0.0294399158394539,0.0870868897858463,0.257464392373781,0.679287835718286
3351,0.0294877849452034,0.0866901697155097,0.258922816175897,0.685772979459492
3352,0.0293103966657644,0.0860273472902408,0.257260094445005,0.65582967204735
3353,0.0294500656033152,0.0867300232759644,0.250646970354498,0.635676954123663
3354,0.0294829020021792,0.0869841447721955,0.257036377876492,0.688307965885062
3355,0.0293949096283982,0.0860295046940112,0.253726120720674,0.670016180791879
3356,0.0294101460301152,0.0870710866503827,0.258432854806388,0.641972744079858
3357,0.0294348982706318,0.0869162699756161,0.24920259431722,0.633690794020847
3358,0.0293692001421878,0.08682939380928,0.256854220038009,0.645110301048875
3359,0.0294072592381633,0.0865791720655864,0.252383026973951,0.646067964065564
3360,0.0293733934183806,0.0868660937453973,0.250864285620081,0.664620216310939
3361,0.0293774828860877,0.0864729332184903,0.258534603291931,0.663488433958159
3362,0.0294442997518684,0.0874523470757056,0.256370153773977,0.68555389476535
3363,0.0293568815235022,0.0872562793342142,0.257597517387611,0.636020857810259
3364,0.0293300675706284,0.0862007716282804,0.258313804275739,0.67387886545623
3365,0.0292689612333857,0.0862915457397533,0.253327587290457,0.703084948989192
3366,0.0294347769413091,0.0865261530434674,0.249332428484549,0.637079190160518
3367,0.0294012041813539,0.0865268489615887,0.250101792468636,0.664411920540046
3368,0.0294062667782315,0.0867048865400062,0.25503976805206,0.673243568106733
3369,0.0294957984928898,0.0873451374401277,0.25201733715219,0.661909085134699
3370,0.0294090012231998,0.0866403856294126,0.249594334945855,0.647064019478607
3371,0.0294456072034256,0.0865458773193446,0.253677069645604,0.664638796663894
3372,0.0293661675444347,0.0867143661916067,0.250629667594274,0.636262215728383
3373,0.0294051522121246,0.0857034299937014,0.251634890299981,0.627337643340117
3374,0.0293964726111451,0.0863799096626885,0.25033807637595,0.642563122954931
3375,0.0294332171236517,0.0865876981959132,0.25342760681262,0.655625697816953
3376,0.0294400089596874,0.086170092610917,0.252224694558057,0.647727177090245
3377,0.029368810151191,0.0868704276652347,0.257735761490582,0.681361277159856
3378,0.0294057391977996,0.0859721270704014,0.255149266274606,0.706925396718932
3379,0.0292833646341958,0.0864120488707532,0.251430801760515,0.636723950286577
3380,0.0293140265139427,0.0862538241356588,0.255711025376716,0.642317008199136
3381,0.0293854396935909,0.0869326584304266,0.25319541261132,0.634459412900339
3382,0.0294384044980249,0.0872486021433861,0.256779134992576,0.674174674587162
3383,0.0293579909106261,0.0866732425828663,0.253735942282365,0.652999992367407
3384,0.0293262801778728,0.0863534224327965,0.257833821738922,0.704961935741536
3385,0.0294229352261952,0.0868232609848087,0.248728776510503,0.640211994757555
3386,0.0293707587754492,0.0863363237949509,0.251369844941763,0.680705563630207
3387,0.0293806484031905,0.0856609655280561,0.252051564447202,0.690298060916026
3388,0.0294130715871121,0.0868737383035426,0.260281179649526,0.679474093879417
3389,0.0293649264708239,0.086774867065364,0.260618938917498,0.672123275912724
3390,0.0295022798869788,0.0873795261502759,0.260117572953551,0.633965864523421
3391,0.0294190023171038,0.0867611285505897,0.251170820192256,0.670723251923511
3392,0.0293527716723693,0.086589490056447,0.257138035124889,0.643153026182954
3393,0.0293874279730184,0.0872123520847768,0.250442117763815,0.656237227069649
3394,0.029407127936332,0.0858283083426759,0.253192877286284,0.648689419443149
3395,0.0293573786462535,0.086509781793589,0.257857714490903,0.641815048043435
3396,0.0293905771985659,0.0866731350463389,0.255335650697395,0.641865297301143
3397,0.0293303576414545,0.0866205240208758,0.250765299613702,0.641499712691978
3398,0.029322114968554,0.0865158059197036,0.247871214647682,0.622074715628405
3399,0.0293757259062153,0.0856397913444271,0.25266855804361,0.602360414042297
3400,0.0294034982512698,0.0870806827299931,0.263682044853162,0.6897100420665
3401,0.0292880321073099,0.0857659409773816,0.248704819564254,0.66374030194677
3402,0.0293405074257062,0.086257124267855,0.255133742577388,0.695564739716215
3403,0.0294569446323342,0.0870491738246894,0.253006345537388,0.666601785429675
3404,0.0293845439706162,0.0865644962184597,0.251507517573292,0.664967973915853
3405,0.0293864111997298,0.0870646491275831,0.256158254998939,0.614642308276797
3406,0.0293397773402395,0.0869445487627771,0.255345258707067,0.688677936114927
3407,0.0294017759506745,0.0867376101006226,0.251506512870581,0.670054456352837
3408,0.0294288477472014,0.0859924642940239,0.256762138985882,0.675891906660748
3409,0.0294130435041026,0.085850633863769,0.251272499842297,0.66172844123182
3410,0.029327654139096,0.086812139863584,0.255226054933559,0.640758173861109
3411,0.0293094372992477,0.0861596136801338,0.253964817109635,0.631909630668727
3412,0.0294042282282668,0.0865201092951419,0.254450978975127,0.634180082308685
3413,0.0294461682589723,0.0868977097762939,0.254383528439937,0.669356755482405
3414,0.0294238666806049,0.0876071175412064,0.258213175819704,0.710978123846673
3415,0.0293497095533647,0.0869295693414601,0.258651390432728,0.663626661286466
3416,0.0293532101022673,0.0857077039711587,0.253242012233296,0.673766188288089
3417,0.0294237709898097,0.087855632812338,0.25616215605004,0.661021288271845
3418,0.0294327491643622,0.0864342298955852,0.247984849355394,0.621769050447063
3419,0.0293742627949517,0.0857803455047124,0.258978762156015,0.646226776259337
3420,0.029435755937433,0.0865197214738335,0.251972606659533,0.699407863938566
3421,0.0294267318901181,0.0872462367897203,0.252039046167554,0.663768563860918
3422,0.0294521707451872,0.0860722993767241,0.247775281815462,0.674204216685759
3423,0.029437258123728,0.0872155734087669,0.254365617572995,0.67418500242028
3424,0.0294017959922262,0.0865641047214264,0.254895687943503,0.66846682461851
3425,0.029327640766893,0.0855512961207173,0.25035345555397,0.626750332411754
3426,0.0293768344538288,0.0870218465213028,0.248527227247787,0.615984734212022
3427,0.0293792023973315,0.086764932335716,0.252690244161634,0.609687771692026
3428,0.0294456451617122,0.0862794784450153,0.248719311360462,0.622644214482225
3429,0.0294343888657408,0.0866143811109952,0.245550999271721,0.647478717988025
3430,0.0293535734374685,0.0867576028938116,0.260443550557328,0.69098120915229
3431,0.02938809982255,0.0870756229255037,0.254923481856576,0.622419966286103
3432,0.0293926504591748,0.0864023372215493,0.247352108114234,0.627163439259214
3433,0.0293949521841251,0.0865467747881791,0.248580659137522,0.638768543052146
3434,0.0293283498717052,0.087054021049931,0.260863096357594,0.674330121560026
3435,0.0294993479117203,0.086721930681201,0.254532465896632,0.678391058344683
3436,0.0293997701684741,0.0870593923454164,0.254248029555943,0.652172564046023
3437,0.0294502592971404,0.0867438129198363,0.26374866594511,0.682634526506142
3438,0.0293393576640806,0.0859231934888576,0.256477963513686,0.696891667042641
3439,0.0293403801801307,0.0866559642662325,0.253071818380104,0.631200395994612
3440,0.0293679019210111,0.086660426571758,0.244565561027911,0.614942854032511
3441,0.0293131567967143,0.0854251244848672,0.250939528697862,0.639467725501184
3442,0.0295004181279222,0.0864592322831747,0.250111496282898,0.664729307773021
3443,0.029422886833272,0.0869636032236721,0.253894069514084,0.616031262394433
3444,0.0294350942628956,0.0868542375253134,0.259349533705087,0.682260198308265
3445,0.0294317040529834,0.0868189817857105,0.252273004405666,0.655437469827788
3446,0.0294465970905812,0.0867306279533646,0.258229385667879,0.668507627520461
3447,0.0293912735481025,0.086674586635402,0.255538365122306,0.644621389040023
3448,0.0294961483996847,0.0856339216761947,0.250264011843368,0.642977549661235
3449,0.0294999062291343,0.0867870279082311,0.250625113708723,0.677084376897865
3450,0.0292846744641553,0.0866407966110504,0.254475845858284,0.68921197328038
3451,0.0293050084029114,0.0861583280502253,0.256005181537193,0.715057060148355
3452,0.0294864963604533,0.0872932307769913,0.260041185752749,0.669544056865698
3453,0.029388653550226,0.0861433782626642,0.249339414348929,0.648998204509632
3454,0.0294916171301097,0.0868506004995439,0.25133931029991,0.630812718081764
3455,0.0293357685020394,0.085571863117415,0.252977488214756,0.617192601525858
3456,0.0292621795382852,0.0859861308230533,0.249750111327622,0.65220333571519
3457,0.0293673034749128,0.0868168098449023,0.253068029831375,0.648380493011128
3458,0.0294540942301543,0.086902206977809,0.252997212534388,0.614788084682563
3459,0.0293587119075646,0.0862797708415378,0.246118066572883,0.611033895598117
3460,0.0294520365896085,0.0869772609033416,0.257235923869592,0.681855051795609
3461,0.0292859071117778,0.0862493225560303,0.249040240709366,0.674277151525994
3462,0.0294815543322497,0.0873310649529348,0.249830017977758,0.641794397447925
3463,0.0294669707947967,0.0864275426900823,0.256420646810353,0.669553106888241
3464,0.0294081039693933,0.0861600403391455,0.257773950782934,0.661777812901333
3465,0.0294186589275205,0.086742690355381,0.259431569860562,0.642827086613617
3466,0.0293872638303268,0.0863826264239892,0.254153887625702,0.628929222955476
3467,0.0294570654992162,0.0871611765824145,0.25353733822515,0.695778016110138
3468,0.0294178538116859,0.0859781238732077,0.247547382537702,0.649861142795251
3469,0.0294699287624559,0.0865860071038062,0.253223152504426,0.669346860375342
3470,0.0293849894258,0.0862244182285846,0.251650782601999,0.676834193429653
3471,0.0293120177168798,0.0867024731048238,0.252854042962535,0.642025759423309
3472,0.0293731926317882,0.0858359365917203,0.25563122785349,0.642649884386894
3473,0.029375252467084,0.0867765572589906,0.256054058734485,0.626296549532164
3474,0.0294601215523459,0.0874921303630782,0.252887016542046,0.676150707179131
3475,0.0293789978067211,0.0869391787004897,0.256554692340561,0.681847683905263
3476,0.0295192742221901,0.0866520443834493,0.256240406549615,0.654532222234522
3477,0.0294948204810041,0.0863673744031597,0.250462653742985,0.684041568036015
3478,0.0293297218354783,0.0861085880364637,0.247642148076307,0.625580529964213
3479,0.0295146002015545,0.0881058319867349,0.258345502840655,0.63139632106273
3480,0.0294229275459041,0.0870232947643088,0.253232064301086,0.666190247223938
3481,0.0294012814158234,0.0860055559903131,0.254797665569736,0.644038293694878
3482,0.0294087637511993,0.0867112087934686,0.255636317402553,0.665591427037356
3483,0.0293813658661097,0.0865118932501482,0.256780217807473,0.661971637329064
3484,0.02940385656287,0.0864625482998536,0.250225844579491,0.670669919233714
3485,0.0293127841772571,0.0864484625322823,0.251446711086045,0.653393991481805
3486,0.0294708230687542,0.0867539474296089,0.254830389791004,0.679809760541893
3487,0.0293411073247913,0.0871612208726369,0.261465852622104,0.673862287308543
3488,0.0293512714067495,0.086438524555892,0.253385507870773,0.681038840685318
3489,0.0294320192687058,0.086956313289304,0.254208626707827,0.684514979152282
3490,0.0293801368883578,0.0870829087570289,0.254092505449312,0.638835611367409
3491,0.0293520938288119,0.0867796311187241,0.257969544213298,0.71431356504658
3492,0.0293571091106271,0.0858412763132606,0.254478801784555,0.660147087193273
3493,0.0293695188564282,0.0868640175730432,0.257034133835931,0.682791147705518
3494,0.0293406336822793,0.0869776977991491,0.250403113131889,0.64533027912156
3495,0.0293943992987954,0.0871617983127979,0.258723110110885,0.655639124329012
3496,0.0294485584162683,0.0869962573823824,0.249173753697848,0.633870494773815
3497,0.0293795525488533,0.0859687256686215,0.252137399024779,0.61014710516996
3498,0.0294041897163966,0.0864999360601336,0.256697383960848,0.678011102344213
3499,0.0294304187086066,0.0877393145564731,0.257032288692885,0.641334712812729
3500,0.0293953144220708,0.0866672820826743,0.255507918898431,0.635296773771103
3501,0.0294108901430063,0.0874981940548061,0.256628664875121,0.64608618775682
3502,0.0292848144562216,0.0860247404150167,0.250557588157052,0.651578924361083
3503,0.029439265960207,0.0858943349660491,0.25150529406647,0.704801998414254
3504,0.0293415682022528,0.0862875119210352,0.25355331973546,0.674793576488951
3505,0.0294267103621894,0.0863916149137921,0.249573041337663,0.670418894887752
3506,0.0293527301732848,0.0871630997028178,0.249904450966682,0.660424648237595
3507,0.0293462002564367,0.0856741845995778,0.245497265771016,0.654398004454492
3508,0.0293941324050807,0.08670287777919,0.256141648101148,0.660336696501688
3509,0.0293929715548391,0.0869244876656523,0.251707810404208,0.669633018271571
3510,0.0294113888176454,0.0868815856893256,0.258860679743762,0.645549037511437
3511,0.0294139541549482,0.0870478806261861,0.251300619871154,0.669752666911918
3512,0.0293737936059193,0.0870008915939726,0.261218242342123,0.694363149977702
3513,0.0294745832259901,0.0866523547556727,0.26075308610476,0.658347057286829
3514,0.0294290670138709,0.0872231608893198,0.258645837364488,0.653750628094814
3515,0.0293751938375242,0.0871056111882701,0.257205671673284,0.632045005652143
3516,0.0293889328859378,0.0861265672517717,0.251015194467007,0.67694632323147
3517,0.0294265954406467,0.0872952235294786,0.252152424951194,0.670198950891791
3518,0.0293281917306749,0.0868305582470744,0.250831101073812,0.673628468735524
3519,0.0294170859613084,0.0870299096272543,0.255890072943156,0.639209628456331
3520,0.0293395340975993,0.0869105911357321,0.254214308017163,0.648494729306176
3521,0.0294229417773378,0.0868702636818817,0.254249028590811,0.663544373768075
3522,0.0294664121845285,0.0860695029059801,0.249480111598184,0.645637865650097
3523,0.0293976836894495,0.0866394776317478,0.255439935108408,0.663052826658115
3524,0.0293747322769527,0.086694727744206,0.251034568646293,0.642499072004799
3525,0.0293473178558648,0.0860113244222038,0.252778308489695,0.659620133894006
3526,0.0293662114325097,0.0866337527834336,0.253597067699935,0.656244073313465
3527,0.0293336737467894,0.0862617665643742,0.249297915077174,0.667142454672907
3528,0.0293308161313539,0.0858531914310833,0.247971418615102,0.668346085720472
3529,0.0293887203801887,0.0873773568881297,0.260643172134052,0.675657238541185
3530,0.0294660094969442,0.0872109985890914,0.261566405620159,0.671947498096886
3531,0.0293931872850139,0.0859392860947978,0.259881736206404,0.650139566523036
3532,0.0293492539321437,0.0867450093815633,0.2550488717729,0.679893171317785
3533,0.0293717185775416,0.0861143212203756,0.251533967021161,0.659886096821931
3534,0.0293495523440282,0.0865476997139894,0.253184195187592,0.654722397856233
3535,0.0294311944363579,0.0874966270373784,0.265039820502277,0.719104006424479
3536,0.02943989875018,0.0872448259082198,0.257492988279468,0.686110794125155
3537,0.0293241455879596,0.0867186008488712,0.249705775004221,0.642428995906844
3538,0.0294567564825112,0.0872792773860774,0.255519459044255,0.650360261381983
3539,0.0293378701895574,0.0869270909517741,0.257039900592173,0.652232169069494
3540,0.0294402961717098,0.0874848699046537,0.257002360367713,0.666618329754374
3541,0.0294781409479098,0.0868549277461281,0.257310869899707,0.698653827649955
3542,0.0293561704124885,0.0869637012224414,0.254479675644572,0.679988810959994
3543,0.0293842945985741,0.086953914677257,0.253390680939568,0.684574738099533
3544,0.0294040993344764,0.086222663943674,0.249671211280848,0.645406489467333
3545,0.0293575075703571,0.0861572801988129,0.259255348928415,0.713129781756546
3546,0.0293975068152063,0.0854111579437943,0.24985737830805,0.677709295485982
3547,0.0293828511489008,0.0865025219295449,0.255653607245174,0.659403755923439
3548,0.0294786915156609,0.0871034371248597,0.2545592961817,0.634008607638969
3549,0.0293582098959809,0.0857107175262902,0.253342929932379,0.664078951281746
3550,0.0294301715563485,0.0872172621355266,0.249884199706121,0.680163428640911
3551,0.029334524071156,0.0864559407098138,0.256037801422738,0.666092818236614
3552,0.029429475482596,0.0870496400230107,0.256905289207556,0.695860673499924
3553,0.0293931542101302,0.0868649872559186,0.250237335610892,0.649119839661468
3554,0.0293608071792425,0.0870696024138548,0.254535885812455,0.68092491624915
3555,0.029398939027193,0.086189831035086,0.259683519535254,0.676896620031898
3556,0.0293931197715939,0.0858511066501751,0.255785544878031,0.645073933025053
3557,0.0293927692167714,0.086061570320798,0.255463309271537,0.65943795853093
3558,0.029334249099509,0.0870224682562934,0.256721013981682,0.663690146887485
3559,0.0294123493705356,0.0870969238455518,0.253649177894087,0.679007734667568
3560,0.0294024693647633,0.0874928392987768,0.261066966796382,0.627341156525623
3561,0.029438847671235,0.0872809714426441,0.256933424709829,0.681012983417391
3562,0.0294106801415994,0.0867045844749444,0.253050278352054,0.652018191812974
3563,0.0294263351516979,0.0865826000868194,0.250166663358689,0.63670983464544
3564,0.0293704392010396,0.0871152479665796,0.253141749844215,0.633678605902191
3565,0.0294217107258994,0.086674612647897,0.250886825039013,0.699424030442628
3566,0.0294271284689078,0.0864977246394546,0.25348941307122,0.678297575017435
3567,0.0294842737621805,0.0873824135886272,0.256985178584227,0.626071600069967
3568,0.0293908684444171,0.0869171719907497,0.254170556147125,0.653905500301671
3569,0.0294747931797971,0.0865928614780466,0.251117148956924,0.66257389159471
3570,0.0293335639670984,0.0866982523297676,0.250995907825457,0.642858400524326
3571,0.0293287003620364,0.0857642775491078,0.253392188395049,0.659484073114472
3572,0.0295104852419588,0.087188456245224,0.259869860208206,0.709626215325885
3573,0.0293449174115396,0.0869139233390044,0.256728948080867,0.694884364923012
3574,0.0293485949800251,0.0853296461707638,0.249306387674207,0.632753547086848
3575,0.029372746749053,0.0868305982734608,0.252117380449651,0.632476181795793
3576,0.0294861554984111,0.0869432191861587,0.247451241244547,0.661525119273023
3577,0.0294115861210084,0.0862068438099596,0.248001372725893,0.657595428843366
3578,0.0294451070038253,0.0869320688406881,0.257668997940334,0.695737386468542
3579,0.0293529695761528,0.0863506740677477,0.253380541256598,0.652435758339154
3580,0.0293680625882254,0.086888513340405,0.250164893197228,0.656163174246184
3581,0.0293956648942787,0.0867718576605873,0.257128316568668,0.637508181735536
3582,0.0293506854571601,0.0869134246582092,0.253662740781989,0.66936765489482
3583,0.0294360374284827,0.0867158271694538,0.2539744569006,0.634227683228866
3584,0.0295319970842752,0.0869454304083148,0.253417085610645,0.647756163285027
3585,0.0293718798050465,0.0862685970003866,0.246781050500646,0.652059520498228
3586,0.0293868210075026,0.0861820971003017,0.251898443868219,0.661819020775177
3587,0.029401300349537,0.0863216518567842,0.252128840532647,0.680971656783932
3588,0.0293295910061872,0.0858182819812339,0.252521016477471,0.672164581989629
3589,0.0294191741553342,0.0866892873338781,0.250776787923325,0.639936856198914
3590,0.0293465191957226,0.086804135022676,0.259603838316911,0.658485457423142
3591,0.0295076669399742,0.0869769174424776,0.254107665702685,0.685246655634731
3592,0.0293916872912829,0.0864456786645369,0.25958068270173,0.611180203776661
3593,0.0293684775367493,0.0868274768447517,0.256574808087277,0.629488973576402
3594,0.0294414764815358,0.0869423398455496,0.258264082475547,0.679546511071843
3595,0.0293479922139789,0.0860750774243178,0.251017749143003,0.6586698064288
3596,0.0294228809607387,0.0868444209651734,0.257724237440032,0.653534149674752
3597,0.0294378607713234,0.0862629277850472,0.259694730032407,0.67364134843952
3598,0.0294242940424028,0.0869688256036149,0.255560339176646,0.64115909444698
3599,0.0294452941896932,0.0864492056376504,0.259083122516746,0.633311347492829
3600,0.0294489941106758,0.086466975615093,0.251056856296466,0.652325553758833
3601,0.0293184348413391,0.0865448017367134,0.251185795917985,0.637144729612203
3602,0.0294354743578487,0.086259905669226,0.252259542695589,0.613331323226646
3603,0.0294448119517945,0.0870711095110993,0.252690104457502,0.659115682966225
3604,0.0293645135768189,0.0860046936485827,0.251746180596262,0.692033882952216
3605,0.0293537732934934,0.0857894591301609,0.251938259844248,0.67154803547274
3606,0.0293936440368815,0.0862639263169876,0.25886197660292,0.656058159288407
3607,0.0293472090076872,0.0861899057280478,0.254053276743697,0.653565649966023
3608,0.0293674029466403,0.0870698627822009,0.254462489339449,0.622575220123268
3609,0.029431425114934,0.0869162208812883,0.252399628242122,0.619407004354469
3610,0.0292978382590207,0.0862293631278605,0.254126731585379,0.655636991494359
3611,0.0293893682690124,0.0865161384746053,0.256595523399739,0.625811336601628
3612,0.0293218002728305,0.0862001232401813,0.254913788709703,0.63667612554776
3613,0.029387940061763,0.0868751238949135,0.256080596962709,0.651890367331498
3614,0.0294023373666315,0.086876853947091,0.255219830370732,0.68102744819043
3615,0.0294109388234687,0.0863990401980407,0.254995782895342,0.66176444266914
3616,0.029422351301273,0.0867331207219812,0.254386257775837,0.664379145463365
3617,0.0294278202943381,0.0861427455314477,0.251729590396431,0.638602413944927
3618,0.0294544617694889,0.0861554123079684,0.255213182993049,0.606966597588748
3619,0.029398867317071,0.0868395557053881,0.255499983505077,0.625266162519666
3620,0.0294039438959738,0.0859007610805845,0.252080560488421,0.641434016758777
3621,0.029420370211762,0.0864255981935663,0.254219854407249,0.676117962434772
3622,0.0293389168572098,0.0867563098471415,0.251034229798842,0.646666997265818
3623,0.0294096167834508,0.0868206125731945,0.251495677931872,0.663426878450463
3624,0.0293686662322073,0.0860534631397648,0.256921038857069,0.674939418737543
3625,0.0293362669793515,0.0870748974918265,0.263660002291611,0.672695163762411
3626,0.0294685512429999,0.0870637491217527,0.253660405780947,0.650301828236149
3627,0.0294498262245257,0.0867118221881602,0.255225373703666,0.662800431260216
3628,0.0294117062691103,0.0869821731072805,0.251900627615938,0.69139900528193
3629,0.0294326592154393,0.086831387878017,0.254628707795287,0.656717545818728
3630,0.0294736232810282,0.0867322466571227,0.260151204219717,0.708424668329576
3631,0.0294018981760777,0.0863906578463874,0.252943268055027,0.644253204769477
3632,0.0294123825331619,0.0867034993953244,0.257936903408751,0.643107968247023
3633,0.0294282238473262,0.0864922777554771,0.253573715343564,0.684698943854142
3634,0.029409678633876,0.0870935359960717,0.255933595082082,0.698028215275845
3635,0.0293928254787317,0.0868437999898477,0.252971309931202,0.602433156637761
3636,0.0293548072504829,0.0858730734114948,0.255555898210564,0.653893137809962
3637,0.0293465255568798,0.0862405387663802,0.254389174272519,0.698929209096231
3638,0.0293562029085662,0.0873705399816087,0.264449959408486,0.705998555606625
3639,0.0294532555005639,0.0873407564647413,0.249785969180258,0.699970551912926
3640,0.0293236982246065,0.0864744395403338,0.255648492373061,0.653382740807729
3641,0.0293434247332882,0.0863146039348137,0.251697243566016,0.664496381131109
3642,0.0294004638300479,0.0863891169756384,0.257487391777188,0.627031572052688
3643,0.0293973274975547,0.0870246239751046,0.25280330636131,0.65792122557811
3644,0.0294282134746739,0.0865890847438566,0.256094072819711,0.674553879057571
3645,0.029377395279644,0.0873113082525123,0.259910437902373,0.631719853538059
3646,0.0293884274046401,0.0870133532541973,0.254727615070415,0.66227823186665
3647,0.0293881911513513,0.0869556370779557,0.257219520374337,0.704282985292914
3648,0.0294028244901161,0.0874248304795995,0.253571038402397,0.647301634000183
3649,0.0293804665058278,0.0859760755933843,0.249812403569565,0.609037225295534
3650,0.0294200413727788,0.0867409301580449,0.249610248908086,0.655831913930142
3651,0.0294444705404463,0.0864245081431027,0.25708952896042,0.699247752294179
3652,0.0294825183422506,0.0868015119851327,0.257887495359398,0.639270822334959
3653,0.029435092216731,0.08598675796521,0.250101610283924,0.66013930343519
3654,0.0294016469658564,0.0870131538965648,0.24989233872705,0.63183437669444
3655,0.0293971825254141,0.0867084429276281,0.256504763819044,0.642416256871446
3656,0.029412125217138,0.0868354052079196,0.249184864911004,0.657174308195279
3657,0.0293542093415072,0.0856334328617535,0.253659242280201,0.645399512378249
3658,0.0293053165690547,0.0859004521369814,0.251513590313411,0.702899990443573
3659,0.0294598541169246,0.0864761856081971,0.257067847671354,0.643679131284005
3660,0.0294257386091235,0.0869948695136403,0.255115267862301,0.644480970878994
3661,0.029340225188171,0.0856773123498297,0.255774063356833,0.6998333090579
3662,0.029386995960419,0.0870367245325515,0.25859452568349,0.658650348377396
3663,0.0294190791423507,0.0864857945019916,0.255667755400178,0.682697067871082
3664,0.0293787609450807,0.0858311193608326,0.254297549780199,0.701685829596607
3665,0.0293730955370614,0.0856959062650074,0.253200979206992,0.650459898194432
3666,0.0293667279206603,0.0869479232347097,0.259930714446274,0.670796054661715
3667,0.0293705859749581,0.0870833871428016,0.251329556702764,0.667351767641003
3668,0.0294041018393906,0.0868030627379081,0.258935131533158,0.677408632065713
3669,0.0294252584042527,0.0861389304699107,0.248852057995174,0.636874295280424
3670,0.02942666407489,0.0866490143462597,0.25575083450658,0.670536931831801
3671,0.0293116615041096,0.0866397030141543,0.251367219569895,0.686534950635486
3672,0.0294105302024829,0.0866038430608895,0.255796395635241,0.675341433587437
3673,0.0293713846402293,0.0867217226628372,0.255918822045059,0.687270403297882
3674,0.0293489681100706,0.086275284221189,0.258255446876491,0.677489794362805
3675,0.0294140070788135,0.0865367335421798,0.255956670520604,0.641772553171658
3676,0.0293073967248916,0.0869729859610201,0.253268919786604,0.692374098897919
3677,0.029434335358985,0.0873606724164751,0.2601822244367,0.663603692799653
3678,0.0293814852515282,0.0861562001938224,0.257161116225623,0.694694024864881
3679,0.0294019789115737,0.0858816583176285,0.256821397401918,0.66008511509437
3680,0.0294002783711225,0.0871250107572673,0.255684407657776,0.62851010001808
3681,0.0292583929171427,0.0869261422965189,0.254766248378112,0.672805864196259
3682,0.0293565270481414,0.0861330891487782,0.251085292431596,0.645908737957617
3683,0.0293267033096843,0.0862663654581524,0.254089809576411,0.651137079555419
3684,0.0294166896089139,0.086696963000982,0.251227970143489,0.613220700649824
3685,0.0293302438315905,0.0859838442799709,0.252564553171336,0.664733264410082
3686,0.0294121287717761,0.0869930934042344,0.256155466737834,0.670413398704315
3687,0.0294427712118457,0.0871837416749498,0.25828162195722,0.674420844162094
3688,0.0293809089740514,0.0863895690781725,0.260153638486763,0.655429644733561
3689,0.0293837083931102,0.0858059957739679,0.253591527090275,0.659268663491959
3690,0.029433757573399,0.0864090175650871,0.253178013412091,0.659674633308979
3691,0.0293919751870517,0.0861403624037929,0.251322114997835,0.631222028783082
3692,0.0294362035884973,0.0871576866812392,0.250299361028919,0.690206395398505
3693,0.0294169129300498,0.0869169563581703,0.253961671459994,0.709418440298452
3694,0.0294532813065615,0.0868093142820765,0.254314573333328,0.670101886393775
3695,0.0293824105995128,0.0875340106913436,0.256056573448968,0.639399101721195
3696,0.0294269146677902,0.0865582640984751,0.257850692143943,0.645909668058283
3697,0.0294358926976762,0.0866737797166877,0.254719824288453,0.658117928032234
3698,0.0294176190259795,0.0864150352399154,0.254245531849915,0.641757056380702
3699,0.0293919812640933,0.0860830819594758,0.255870657112344,0.670882761665746
3700,0.0294448569511622,0.0864090951001551,0.251189679853418,0.663050790097306
3701,0.0294193619944626,0.0864789044217205,0.250715250264063,0.645296089210108
3702,0.0293487620267298,0.0867312935065212,0.256559282585202,0.650486165896686
3703,0.0293401376896307,0.0862467242099443,0.249925306147508,0.646158086483046
3704,0.0294129228938224,0.0864252919646272,0.251580523024715,0.649298217575526
3705,0.0293962352967493,0.0870857833383802,0.261689067244444,0.654844954349018
3706,0.0293894964986145,0.086260714678084,0.253554781980358,0.629570331728009
3707,0.0294527506042333,0.0862635909082317,0.252150718280245,0.675587696810226
3708,0.0294204410771199,0.0866590746667375,0.252802452740493,0.675456642325497
3709,0.0294658687989385,0.0869921791515951,0.258599043384815,0.678502295201837
3710,0.0293681003089518,0.0863975027978112,0.253513542911655,0.611580427386453
3711,0.0294198544711716,0.0864691950984558,0.254478058880948,0.672003761773374
3712,0.0293620166410395,0.0866057313903942,0.255622444836343,0.685540015155242
3713,0.0294254473365075,0.0863879327861209,0.255695174737566,0.637337577775306
3714,0.0294074720856409,0.085783626881593,0.249477410527189,0.640820278189062
3715,0.0294230694005318,0.0860231173434037,0.255948631266436,0.657920730220823
3716,0.0293230182734385,0.0872244415349957,0.255842943428527,0.613159466552698
3717,0.0294051952350455,0.0865413113883683,0.253656862126818,0.677827457278807
3718,0.0293229825711589,0.0864980545035416,0.247567249768618,0.633079826035701
3719,0.029382888187939,0.0856241473052648,0.2466819892408,0.666080344352636
3720,0.0293413892749881,0.0871417632398982,0.256681086807331,0.686313797155544
3721,0.029434520787459,0.0862731109177179,0.249372176722025,0.678529297050287
3722,0.0294067543068783,0.0865627783104876,0.255025507765506,0.632960200102621
3723,0.0294771447222245,0.0865719074461821,0.261932265563806,0.667934499741277
3724,0.0293816627349941,0.0862862476747061,0.253000325846331,0.64285188155045
3725,0.0293660852147258,0.0864612680345479,0.256025861659982,0.66782077382465
3726,0.0294431827444736,0.0872928776378246,0.24946316119674,0.651873353316251
3727,0.0293325222041251,0.0859147886098146,0.251331944850584,0.678418669473899
3728,0.0294329264084939,0.0864520005629605,0.255982194066838,0.629267710827469
3729,0.0293680873332171,0.0851789641109043,0.251336222682387,0.633197436656989
3730,0.0295027148571271,0.0873504467657828,0.258772962384647,0.695514368744518
3731,0.0294376300660654,0.0867847038022152,0.254113549559592,0.666512908667892
3732,0.0294123699956915,0.086626863276407,0.258507932910789,0.654814911796338
3733,0.0293953783871193,0.0867633019134567,0.257001661926442,0.663456291281666
3734,0.0293917117009592,0.0856145770820861,0.255233511965978,0.679144165022243
3735,0.0293977058347609,0.0867388485786609,0.254535099456932,0.701007925665663
3736,0.0293872065309961,0.0865588551655401,0.258862980099782,0.625795021534135
3737,0.0293906240736038,0.0864778370922401,0.25388124334549,0.627248509597543
3738,0.0293661528329709,0.0865232093619876,0.25715933945341,0.646789887984637
3739,0.029373332498934,0.0867848723259042,0.259599296201445,0.621657679834031
3740,0.029503061268017,0.0864747767414157,0.253806693707864,0.681147486262634
3741,0.0293724614324948,0.086954932143394,0.255762499069374,0.708094165173568
3742,0.0294313405912135,0.0863595308012251,0.245840831060345,0.619530071950225
3743,0.0293924499868583,0.086998651234463,0.261544165029577,0.675030533369913
3744,0.02932415211233,0.0863895285930616,0.256149422216064,0.668239732845618
3745,0.029353991683436,0.0866914776441888,0.260382685662184,0.616712839109078
3746,0.0294042220807112,0.0861276312781658,0.25408444431476,0.690277341967307
3747,0.0293801920578281,0.0868171996316112,0.254574017735874,0.662257365917557
3748,0.0292651909370002,0.0862465051451714,0.257450655015104,0.700901891401821
3749,0.0293760506969077,0.0866356097035259,0.256090209670918,0.693131366687435
3750,0.0294166901417069,0.0868043508354938,0.25054968552445,0.655939089682602
3751,0.0294354114273291,0.0864669719593489,0.249346995475312,0.675892908995563
3752,0.0294519442761369,0.08691069734683,0.259992914488279,0.658586376447431
3753,0.0293744590729165,0.0872969428961661,0.254012279967929,0.673005886701842
3754,0.0293545140182948,0.0859804212867962,0.250353340012704,0.6816253244614
3755,0.0293175244634351,0.0861289885771864,0.248323182945105,0.619565584667595
3756,0.0294658379190172,0.0866142416765389,0.248155888207773,0.64407749256465
3757,0.0294310950938745,0.0864299183236057,0.250992380689016,0.667442002940677
3758,0.029439765880896,0.086838589095196,0.254469749721352,0.667482418594818
3759,0.0294058528861167,0.0859303997596454,0.256544391546466,0.64611134125301
3760,0.0294515246456931,0.0865453195675274,0.259194065487453,0.680893808523634
3761,0.0293007651453327,0.0858243755059317,0.259881993413868,0.678806804788031
3762,0.0294347515848134,0.0868145122065123,0.252457910284129,0.672390621831103
3763,0.0293583362901028,0.0864079410112989,0.260804810431765,0.680103898120039
3764,0.0293181406814212,0.0862079468132569,0.245572086130584,0.622365189341125
3765,0.0293792823131318,0.0877371824343212,0.251041443413231,0.666364394569685
3766,0.0294825613942312,0.0865354620692057,0.249650253732813,0.654157954240689
3767,0.0293330817507642,0.0864613287783171,0.252544808515169,0.639964264391343
3768,0.0294007240626341,0.0879006550650041,0.263545381204471,0.664769021284855
3769,0.0293351328552518,0.0859962290771709,0.257869900140371,0.635659816578588
3770,0.0293614209015058,0.0868573337145535,0.251623169449221,0.637182582661663
3771,0.0292686872150703,0.0866848098032827,0.251253689929072,0.625703914206124
3772,0.0294727506705212,0.0870677097248887,0.253452136900256,0.648892103165917
3773,0.0294335509459589,0.0867117078298341,0.258624015621277,0.6933781342996
3774,0.029408838111091,0.0866601993812427,0.250845231739383,0.654297898577456
3775,0.029360967976819,0.0855541051682074,0.257163854990645,0.654277021115127
3776,0.0293530053270656,0.0863285204417446,0.262177567742484,0.674044162514872
3777,0.029360829658652,0.0868672490894351,0.25706229209754,0.655615826843469
3778,0.0292925724023634,0.0865171436061716,0.251437847739106,0.652410502762672
3779,0.0293977581150771,0.0863604926492928,0.256577518596649,0.654066566456171
3780,0.0294446391167423,0.0860935411924602,0.254370533748753,0.667544149020779
3781,0.0293868935754256,0.087471528025707,0.25799856769843,0.64092179296796
3782,0.0293469700899887,0.0866652220080283,0.251519533631722,0.65062349924433
3783,0.0294077187019488,0.0868891617580747,0.258785198958982,0.69907267382069
3784,0.029388267105028,0.086317383666989,0.247219384650126,0.658503434613637
3785,0.0293855397836415,0.0855261647178848,0.25507393339285,0.651874825010936
3786,0.029453415701654,0.0872822062082602,0.251468325222396,0.640483593990792
3787,0.0294436443040703,0.0871246803710311,0.260689954927791,0.639940310480817
3788,0.0294177070098099,0.0873533864651293,0.253271489022047,0.675247896199481
3789,0.0294558658877846,0.0864172798258304,0.257962961982672,0.717455289575401
3790,0.0293674065520549,0.086870740005734,0.251651358106601,0.671188059532566
3791,0.0294223697501636,0.086206439392939,0.256307445574881,0.687071950167064
3792,0.0293913708446528,0.0871082228182085,0.255008424018809,0.620912582122421
3793,0.0294767048519474,0.0869770251686635,0.252512570380123,0.635574700084096
3794,0.0293586245963322,0.0870226122975583,0.257532091290173,0.631111485163218
3795,0.0293588846543247,0.0867561619908883,0.251271677413653,0.657912756105418
3796,0.0293658723539801,0.0860205152384944,0.249902969882706,0.706143968663456
3797,0.0294103434808211,0.087331464887163,0.256807874605628,0.647609490358527
3798,0.0293464525731542,0.0863864425792849,0.25397386682834,0.65672630091757
3799,0.0293063305254064,0.086890995025239,0.252597403531885,0.640874823281556
3800,0.0293434129078955,0.0866540613601677,0.253507511931797,0.691988647354271
3801,0.0293982036058396,0.0868016925047436,0.25908707965571,0.656449856346146
3802,0.0294118251357024,0.0868974563481604,0.250625549915199,0.656911917270811
3803,0.0293416304546224,0.0861493302706994,0.249089054840332,0.66128754601253
3804,0.0293475869700624,0.0866099257610502,0.25780628099689,0.634279763807252
3805,0.0293460439931324,0.0866966352929806,0.256584414114734,0.637592375118086
3806,0.0293741058771176,0.0861181838914566,0.256998134257793,0.683273083158893
3807,0.0293839536866152,0.0866767559095561,0.24960223546968,0.672322633641099
3808,0.029372989422455,0.0860602461123676,0.252355196186097,0.660480045409182
3809,0.0294000568760986,0.0871176037347502,0.250293988792907,0.623123250931488
3810,0.0293592908710245,0.086918960491735,0.259518630965037,0.691267151795524
3811,0.0293423715674373,0.0868134252050246,0.254687099277617,0.664419165305197
3812,0.0294056405601572,0.0865414224993137,0.25676823001952,0.670386317569727
3813,0.0293562824585005,0.0856327163554917,0.24891051404775,0.647825794545804
3814,0.0293312028974312,0.0869854770789331,0.252762325529696,0.636243631199013
3815,0.0293280985982525,0.0862319994181077,0.254485002664552,0.682213800142355
3816,0.0293688262558971,0.086516588085682,0.253730049057872,0.637740813736197
3817,0.0293615045442546,0.0869820191167274,0.256246166321806,0.646600485902942
3818,0.0294489466981476,0.0864356984187269,0.254971606461464,0.655183594014772
3819,0.0293181331055004,0.0865094589295168,0.252726562195356,0.615474593365666
3820,0.0293696269476795,0.0878596035592177,0.256155558980717,0.667850890517003
3821,0.029368073473424,0.0863258962002711,0.253820293715922,0.651189884721137
3822,0.0294100016057294,0.0855011974696914,0.252458597677311,0.660219198083665
3823,0.029445883541845,0.0869363753996092,0.261420704052344,0.657219174077533
3824,0.0294232331489129,0.0862909031344414,0.256705240945215,0.629215514245074
3825,0.0293296096810903,0.0863244381064816,0.259618231327295,0.68787567176084
3826,0.0293720023224559,0.0863352607671765,0.248347049432939,0.659156808551366
3827,0.0294706930297726,0.0865700854134418,0.257026802491719,0.674764255102758
3828,0.0293333011617166,0.0864963369291178,0.251999679218313,0.6530466038016
3829,0.0293682529480149,0.0871977636260931,0.263758086158595,0.67246602710547
3830,0.0294778475396213,0.0872195352632763,0.251295255714452,0.642838022598084
3831,0.0292880115176498,0.0869289486756,0.259847529201542,0.65370314212101
3832,0.0294578294346002,0.0874187661329437,0.254059553646734,0.662122889613036
3833,0.0294310711437658,0.0864105115057761,0.254512147220053,0.661085529154801
3834,0.0293301308844005,0.0860904408238138,0.251669494650067,0.669222574267013
3835,0.029392546422416,0.0858992186951814,0.251004043792716,0.646894266215096
3836,0.0295071321532059,0.0873586651915504,0.255863286096401,0.629617171257788
3837,0.0294148047677025,0.0874215157860083,0.254474273051992,0.705814398365867
3838,0.0292724567723813,0.0859644951911898,0.252158406105598,0.631986632297488
3839,0.0293842530093852,0.0872514324604498,0.248163800710544,0.628097927034004
3840,0.0293750445995066,0.086646696501837,0.262172974076327,0.649167450857434
3841,0.0292905540304972,0.0872050368152142,0.252660659836041,0.682912427979653
3842,0.0294523589392214,0.087473188924751,0.250398778423525,0.668841633208741
3843,0.0294348193002849,0.0872576980278343,0.253734902406543,0.671027558386536
3844,0.0295347410487033,0.0867707864256012,0.25631904974774,0.67055127092186
3845,0.0294383478373834,0.0870628059592553,0.254560641975687,0.652149530811912
3846,0.0294637689055182,0.0869249137485466,0.256825913330085,0.654341705159739
3847,0.0292818482133564,0.0869858567024828,0.247720671529926,0.643785975069027
3848,0.0293503672056141,0.0865650830001782,0.255047484141533,0.663705822870699
3849,0.0294308948696092,0.0860701307437536,0.252869993415332,0.653219772894869
3850,0.0294699292494854,0.0874412211950914,0.257003044357977,0.668130073733099
3851,0.0294544570333533,0.0867825819925078,0.260087213856859,0.659963168898712
3852,0.0294801701727882,0.0868905465593481,0.253076484539857,0.665840093503474
3853,0.0294135178997056,0.0878734393385847,0.257314810397484,0.692234195832895
3854,0.0294245232997516,0.0866853226795504,0.248947737540478,0.635723679684691
3855,0.0293439403520985,0.0860507235654495,0.249623067144356,0.641805114279853
3856,0.0294154228318378,0.0869228872056863,0.251788701327096,0.687294256836547
3857,0.0294471532412835,0.0869541303995952,0.254389080232218,0.652379860447157
3858,0.0293638432039995,0.0871121030681602,0.253474234162428,0.685884614789856
3859,0.0294418488349629,0.086425259791917,0.250645211334349,0.634156139468973
3860,0.0293465424826622,0.0867030634522521,0.252440285264423,0.648866405186292
3861,0.0293835069814527,0.0871296000904664,0.254671490617771,0.629872988815184
3862,0.0295326290015914,0.0870093985125635,0.252485917477852,0.675163404091013
3863,0.0293813564952621,0.0858328202529694,0.251843902052637,0.660976487568579
3864,0.0293525804721363,0.0862088159130474,0.25330652274022,0.62335592740659
3865,0.0294038619605807,0.0867802330011153,0.255931602071696,0.6574822401781
3866,0.0294238754864287,0.0868501987790242,0.259571323752754,0.689490047071687
3867,0.029455968701769,0.0868228152938944,0.257260490736288,0.634188378825999
3868,0.0293834139441671,0.0857790274022651,0.252022964837948,0.626088671841559
3869,0.0294197665248058,0.0865177169439833,0.257408498106105,0.657990246054957
3870,0.0293471063611195,0.0870878800081573,0.257555314977095,0.650657026344236
3871,0.0294454546678711,0.0863892588035051,0.24813539812853,0.656988136867157
3872,0.0292634400224163,0.0862349794159771,0.254659153116056,0.653987395782861
3873,0.0293284511734132,0.086492069020987,0.250186393720067,0.616432470197946
3874,0.0293775336346668,0.0866427262120485,0.255360196413178,0.679190561286186
3875,0.0294147618480359,0.0868913126998245,0.259337803765754,0.678991160465614
3876,0.029325669673999,0.086110642889375,0.250689880846355,0.664169743979628
3877,0.0293914363664269,0.0874474260202381,0.261949720180364,0.668053727103354
3878,0.0293367841114876,0.0870273965038274,0.252227208707598,0.6460107538054
3879,0.0293546609457906,0.0865205562724801,0.256886289084897,0.632089308001234
3880,0.0293917278229041,0.0867695536693908,0.252986888723304,0.641129212858732
3881,0.0293084516144608,0.0863723760760404,0.247814303005842,0.610598921661926
3882,0.0294589593510549,0.0864961018553366,0.252495437630186,0.681469948203111
3883,0.0293199966187286,0.0855965716810587,0.246647816646369,0.658660421202531
3884,0.0294647525366662,0.08746623403635,0.258237465606413,0.684386003923388
3885,0.0293241576697043,0.085913816739938,0.253922659456817,0.656467646324581
3886,0.0293315794068372,0.0869547204923849,0.254784528503625,0.683276667208207
3887,0.0294414992212121,0.0869318683871034,0.255201505788574,0.65531458523579
3888,0.0293292856833811,0.0863853393188688,0.256202445393569,0.632851272857137
3889,0.0294759880508148,0.0857583970573741,0.253416066599273,0.630809576833755
3890,0.0294429956917274,0.086509167789929,0.254701121029106,0.669234365691206
3891,0.0293583516724321,0.085771559728274,0.253792507358388,0.651855950090005
3892,0.0294088295807364,0.0870320595880042,0.257009379427404,0.657925044558759
3893,0.0294939572077938,0.0866681677623763,0.259749987721436,0.663678236887484
3894,0.029460050703019,0.0870661845726979,0.252218933210407,0.621046043123697
3895,0.0294493252041644,0.0867061312256512,0.259767237547542,0.68658523098986
3896,0.0293896024631047,0.0863913737057646,0.254059687844228,0.673514172807152
3897,0.0293957901419622,0.08730963169461,0.252668453246904,0.642476830989018
3898,0.0293849258678413,0.0865238790995999,0.248276078251413,0.667533708568963
3899,0.0293705285703689,0.0862253844354277,0.24792004479837,0.665542786386421
3900,0.029397644464619,0.0874462303642397,0.255449623342415,0.645616961545212
3901,0.0294247947263228,0.0857876100987322,0.248623608644335,0.654597771769095
3902,0.0293246028079275,0.0871300290749902,0.257316781971668,0.665540830765576
3903,0.0293002581877574,0.0862330825129885,0.255872164964458,0.651381482977994
3904,0.029476313166826,0.0862255511213522,0.251375401867389,0.667486630055377
3905,0.0293844051079393,0.0866787230538552,0.255499112709921,0.655298129482367
3906,0.029413500841636,0.0867710893853275,0.257152662391247,0.678044530536616
3907,0.0293991832786599,0.0859555735946717,0.255486552833425,0.633401646132534
3908,0.0293670914581632,0.0863070034764079,0.251318488131278,0.657269578769546
3909,0.0292908931465615,0.0856874467048707,0.252115710325892,0.651373144946458
3910,0.0293552728559898,0.0867613128350305,0.25737209262566,0.689572185882343
3911,0.0292809521906132,0.0862397179719083,0.254659354570024,0.673528878674595
3912,0.0294965345755996,0.0872562689191158,0.25983966074277,0.630266049062675
3913,0.0293944267946727,0.0867627582520916,0.25450982056525,0.644888846701657
3914,0.0295404667732872,0.0869789282938637,0.258041912606871,0.694896761098164
3915,0.0294334340601095,0.0871738281976063,0.257434566147902,0.663457683482224
3916,0.029356761108362,0.0866398477148948,0.259758279682379,0.661766518394115
3917,0.0293651919927857,0.0858306234481135,0.251916957801137,0.675116383932151
3918,0.0294238018448737,0.0860674682275894,0.246689206910975,0.669923561088617
3919,0.0293052246636561,0.0858751144951101,0.253343402921099,0.680317785549261
3920,0.0293782067001403,0.0862452615190987,0.247391116994829,0.61889111728964
3921,0.0294515164386722,0.0858811668294956,0.253598565711266,0.663119316593264
3922,0.0294187910941166,0.0871026237530705,0.251433393354055,0.600845267732875
3923,0.029292791133124,0.0863505424077746,0.250259083350813,0.619028172111943
3924,0.0294072841267757,0.0870659060419213,0.256644736114984,0.674779990416125
3925,0.0293417249939772,0.0864627899147756,0.257951362884553,0.662991799155803
3926,0.0294520954685427,0.0870629935448812,0.252383272005024,0.693147861292502
3927,0.0294133638683852,0.0866390524420947,0.258654569423506,0.629278761806742
3928,0.0294028987204492,0.0866609905868774,0.25310361114045,0.6455730160316
3929,0.0293704905872598,0.0864023481408764,0.248254201577403,0.652411871566343
3930,0.0293112200224138,0.0863688035111908,0.256030816666262,0.648676576290792
3931,0.0294508747032073,0.0861175702362343,0.261024624078552,0.675854491402972
3932,0.0293597931935688,0.0861261449897844,0.260257491033343,0.655297032084787
3933,0.029404176049828,0.0871858860557164,0.254547679180244,0.662236168332597
3934,0.0293378423411164,0.0855995599218554,0.254008872306001,0.672626315290865
3935,0.0293745005533589,0.0869605027208603,0.256716905546539,0.657383359342179
3936,0.0293158621672756,0.0864763569365007,0.252473369194184,0.633140215339041
3937,0.0293422176863417,0.0873373375500322,0.253409551062012,0.658335776174939
3938,0.0293983165484359,0.0864614069028884,0.25558856535205,0.663098416526717
3939,0.0294773223420831,0.086690101756144,0.249178309315179,0.638948264856785
3940,0.0293432769872314,0.0868976889659945,0.257829181294807,0.639251052479203
3941,0.0293191563070535,0.0868278214307409,0.252513196015359,0.683654618605676
3942,0.0294402125571065,0.0861366084570114,0.255667694888969,0.640902832547785
3943,0.0294543889840933,0.0866768230372333,0.252669551866479,0.683937013541703
3944,0.0293849176078624,0.0871080233811938,0.256407772779082,0.653104957359306
3945,0.0294478457436948,0.0869621433930669,0.254625411543525,0.683647966818278
3946,0.0293635767946975,0.0875711119758478,0.256965517122454,0.67765316465002
3947,0.029400647567358,0.0861534629553562,0.255278744811229,0.675257874069411
3948,0.0294251762042857,0.0873992956202869,0.260749903316871,0.645719154488783
3949,0.0293337501041105,0.0866966250089697,0.259290372701949,0.682023508929506
3950,0.0294050885925172,0.0864248631493141,0.251891986411014,0.633888185199032
3951,0.0294565416012628,0.0866002690180004,0.250530843838264,0.665311792489984
3952,0.0293386545003306,0.0866720637896929,0.248301965379334,0.686548093204565
3953,0.0293537298405896,0.0866779481528154,0.250885432774479,0.634653583176918
3954,0.0294074373384904,0.0872033666380898,0.256080355392678,0.668277097355313
3955,0.0294148279181287,0.0873231825017085,0.252733409453899,0.663659658349889
3956,0.02939825538023,0.0867707531833464,0.251223909678529,0.637973319007905
3957,0.0294428743562306,0.0869203804998008,0.255127225549294,0.677066158913392
3958,0.0294067848090311,0.0870162046602597,0.254074884685064,0.652775305456796
3959,0.0293823898769533,0.0867689898942084,0.264039340220783,0.643347125260841
3960,0.0294560785583878,0.0865662822295763,0.254685783074981,0.668717352466192
3961,0.0294444220441402,0.0862907602644487,0.256604729188901,0.629901295084467
3962,0.0294510348007694,0.086846133515903,0.25847336658538,0.66902717354509
3963,0.0294342714425907,0.0878187181307751,0.249582936528807,0.644043059079361
3964,0.0293255499958698,0.0864525207288282,0.258437190195009,0.659786205844962
3965,0.0294726031268948,0.0864685416313808,0.253042201921122,0.643877653232751
3966,0.0294739429116767,0.0870848298075353,0.259782252944664,0.652721124862625
3967,0.0293085057145911,0.0863460898792599,0.250768840455546,0.661463061576459
3968,0.0294331350359825,0.0866988981830878,0.254389184613318,0.665524822953926
3969,0.029468234623289,0.086640989558219,0.252898140053954,0.659903615816945
3970,0.0293322175803048,0.0864468821133206,0.251867050571408,0.659592465867502
3971,0.0294410480351665,0.0875382793193466,0.252671232955653,0.646426144325091
3972,0.0293549156965611,0.0856865099471223,0.259322227722356,0.664651536421518
3973,0.0294092251628989,0.0869143645585057,0.252706635553559,0.671113525368473
3974,0.029456760559955,0.0869557773715292,0.253466180696773,0.645273038262879
3975,0.0293620455026794,0.0856919653387784,0.251702024412357,0.663512989929086
3976,0.0293605764664555,0.0863631798189783,0.252284508453506,0.61329887043712
3977,0.02947911748457,0.0859982359564533,0.257033808786434,0.668204955572462
3978,0.0293509869948493,0.0859000372704283,0.261187420753099,0.677424842809243
3979,0.0293253221313916,0.0858878730044786,0.259507785255827,0.681757495107053
3980,0.0293780959955036,0.0867061575046714,0.250660789087013,0.675239635672204
3981,0.0294192108092263,0.086525164181527,0.253342327202181,0.677692108875863
3982,0.0293863456481311,0.0870142478565958,0.254912895909065,0.681863771190229
3983,0.0293558775390964,0.086643370093069,0.250122376824474,0.644948645019767
3984,0.0294206915293445,0.086552890223874,0.25395351251317,0.679764369502832
3985,0.0293790719894951,0.0866725494528495,0.245688297306755,0.630839277846128
3986,0.0293386482680524,0.0871683977121895,0.247057628623466,0.675899546326603
3987,0.0294516770022198,0.0870543609772916,0.258934780921664,0.684911328830327
3988,0.029342717296831,0.0865572495035767,0.251820613215767,0.669618687140318
3989,0.0294759973404956,0.0868720942277002,0.251504017327152,0.692357943146184
3990,0.0294294298422902,0.0872644837407432,0.258166706320311,0.718121398216387
3991,0.02939288273571,0.0867972116426999,0.255578140917389,0.652111553367236
3992,0.0294184556181488,0.0872213095583816,0.256382322256322,0.684415426031999
3993,0.0294533045221486,0.0871178586099113,0.261162278335925,0.671868788841415
3994,0.0293905207739648,0.0863534914146214,0.256914603069861,0.646717244711407
3995,0.0294154069862576,0.0872751555761198,0.255444899693504,0.641390837736131
3996,0.0294733989980721,0.0872661591758725,0.256491308119297,0.654075937904999
3997,0.0293977306161977,0.0866497727858802,0.256369691550992,0.68411731133955
3998,0.0294109273077061,0.0862518072333166,0.25616155070008,0.638038072685811
3999,0.0293691428930226,0.0869056223175049,0.251983441322202,0.642162214746126
4000,0.0294214952068983,0.0872824834219017,0.257683532476562,0.642632395939292
4001,0.0293617971978173,0.0866641662792833,0.260123891346106,0.662226443768993
4002,0.029402243114049,0.0874019867832409,0.252543643169355,0.682627920394043
4003,0.0293779775949336,0.0874149554470666,0.258582257801864,0.649018607808716
4004,0.0293776660562395,0.0863447823491602,0.255081618841589,0.672957423334514
4005,0.0294039371904269,0.0859689035881915,0.257282132905447,0.669043603833788
4006,0.0294843530593284,0.0871537148536917,0.253922187708085,0.667302904356847
4007,0.0293816856539882,0.0871080795118652,0.254955961479845,0.627084905503989
4008,0.0294084079823586,0.0866760075594597,0.255315291046553,0.656127729105551
4009,0.0293464024851535,0.0861233811419395,0.250357772489649,0.647507655836189
4010,0.029455148668201,0.0868536512445937,0.25795921856294,0.642500118084242
4011,0.0293136922646651,0.0864666031545462,0.257535718706147,0.665910353253076
4012,0.0293959153290087,0.0865800870310004,0.253848636579539,0.663924878547501
4013,0.029426317491082,0.0863104156149697,0.257082232010249,0.688229662813141
4014,0.0294275580985601,0.0867965329398213,0.256636209628822,0.632838323193634
4015,0.0293752902374709,0.0865181676703239,0.255674639646123,0.67644212027934
4016,0.0295219750213966,0.0866358618245895,0.25741072397153,0.654959386068372
4017,0.029400016836811,0.0871074067356876,0.25255600864275,0.635452548754099
4018,0.0293812493590952,0.0864310412869647,0.255755181039655,0.655911429319246
4019,0.0293871859667678,0.086219649201389,0.251161261096318,0.632112238167016
4020,0.0294116200147431,0.0873893426647219,0.260501681500177,0.705853092364006
4021,0.0293874355159786,0.0869301972748357,0.259055202313121,0.688691622002835
4022,0.0294171920520076,0.0868300063736685,0.252877734074649,0.675825533279239
4023,0.0293346029841018,0.0868850558564303,0.247800007006231,0.63036578160472
4024,0.0293428513983997,0.0865589907136756,0.254393321880133,0.696638047337439
4025,0.0293354016861663,0.0864029512921822,0.254949518778256,0.691672358486786
4026,0.0294127031515084,0.0873408895770911,0.261145167933628,0.691292284878184
4027,0.0293546940741618,0.0864538047019133,0.254894543851771,0.675430348332177
4028,0.0294005018292605,0.0869187137667015,0.246049515445564,0.671447482320695
4029,0.0293936077555021,0.085806367935269,0.25362516302498,0.65868947229937
4030,0.0294094115501839,0.0865869375187592,0.252998760153518,0.648811214921634
4031,0.0293715667261575,0.0873105713451887,0.259075813271228,0.668639662150722
4032,0.0293465860531446,0.086873409349091,0.259534642606495,0.672182253614701
4033,0.0294515023088755,0.0867317186505182,0.253471956257219,0.665309062493529
4034,0.0293349632771709,0.0866882964864991,0.248950300474644,0.672730760277277
4035,0.0294647839092307,0.087252381834136,0.25288227665469,0.698069290692076
4036,0.0293495481844774,0.0871048542277229,0.253007949543746,0.626550276817805
4037,0.029300647759019,0.085853504341703,0.248120499117301,0.627875052424852
4038,0.0292917148784598,0.0867950637573273,0.252060127640115,0.654786807389474
4039,0.0293854588791558,0.0864133987263812,0.253493426726037,0.62674482788603
4040,0.0293995436341012,0.0866062520244053,0.251944562532217,0.639645135182711
4041,0.0293741522214723,0.0868255163395665,0.261469674488348,0.671293644790146
4042,0.0293826236616111,0.0870734037916993,0.251638705180293,0.640541692474151
4043,0.0293803040358326,0.0861921703525428,0.25565537949712,0.636217785665485
4044,0.0294479057678975,0.0873307849363174,0.261319943378298,0.691793681376857
4045,0.0293416367467605,0.0863768916611158,0.255076474955758,0.629860675162494
4046,0.029381881856813,0.0873732372682776,0.249464423421291,0.642343604561221
4047,0.0294118155384369,0.0876156206934581,0.260399632423783,0.695671138859961
4048,0.0293959258569368,0.0871234939397184,0.257488274818339,0.644534181079018
4049,0.0294239866119868,0.0862765320332404,0.257911581747878,0.68645928728655
4050,0.0292809456960549,0.0864023223880893,0.251978953745021,0.68771966783243
4051,0.0294832382217695,0.087452915598263,0.249953071474874,0.643992058341106
4052,0.029429397675432,0.0874222072669311,0.254708515982229,0.679030380507787
4053,0.0294278501282009,0.0863013769694801,0.253525478649519,0.666462316658485
4054,0.029426476204625,0.0861854526858022,0.249809042787597,0.687572352794914
4055,0.0294059991444938,0.0863374656623181,0.250446200147584,0.63009205418351
4056,0.0293654850886188,0.0865867564526065,0.258953572219744,0.673165020865902
4057,0.0293606129049568,0.0864808952078649,0.251965206355164,0.693188737183492
4058,0.0293602136376651,0.0872443194112959,0.253839208333781,0.674517581481174
4059,0.0293922935586426,0.0862387856073684,0.256468358739237,0.631241397688058
4060,0.0293916124928232,0.0863170129148412,0.251699874119021,0.675294470624591
4061,0.0293619632418818,0.0869726175869614,0.2567872612539,0.67644253877832
4062,0.02945293491183,0.0863600869589973,0.256522550398521,0.696803075309209
4063,0.029417715461425,0.0864368637123072,0.251358652661519,0.641445537114005
4064,0.0294768756925678,0.0866773265781822,0.254244948371474,0.671236324051888
4065,0.0295401312739107,0.087774123106079,0.26062175578379,0.722209559002003
4066,0.0294434281799227,0.0871762264708226,0.255359197344386,0.656404718124569
4067,0.0293394644933354,0.0862173082128745,0.25174100157306,0.652827261849231
4068,0.0293715251514458,0.0863670701224086,0.255881519513559,0.674569986676487
4069,0.0293710621351715,0.0868578338987891,0.258166055422526,0.654248578037604
4070,0.0294732817562227,0.0863055631993089,0.252333481421768,0.635523186364308
4071,0.0295087928955351,0.0867409212434443,0.25692130503595,0.644576521349687
4072,0.0293141170083829,0.0858939543076964,0.257534987665589,0.6326580359475
4073,0.0294431754416128,0.0863219543994916,0.257630247280359,0.674336577866708
4074,0.0294343120039729,0.0860766578189298,0.25322053570369,0.655567618527983
4075,0.0294394063652167,0.0860788525054638,0.258526489080905,0.653015463907004
4076,0.0294004471267753,0.0863157952805672,0.244574491310471,0.643261094425221
4077,0.0293788711275863,0.0871016304775813,0.257811514020788,0.660460914420327
4078,0.0294301068225756,0.0870426536822198,0.247819641608651,0.651324945690874
4079,0.0294356933405744,0.0867035886470913,0.254861448806044,0.651776899182499
4080,0.0294239511092727,0.0875146503850747,0.260439301083213,0.664525522635109
4081,0.029399752331056,0.0863285103280195,0.246041533586288,0.640031798759026
4082,0.0294855154002857,0.0864717538367225,0.252902641929765,0.632652174821044
4083,0.0293585834072489,0.0870539606025351,0.260334422798878,0.688023844475283
4084,0.0294065749455149,0.0863137488584146,0.259752145957626,0.6822358593657
4085,0.0294459806435225,0.0860281134897461,0.255252540800436,0.639990600022752
4086,0.0293493001124689,0.0873031505701469,0.25129584890857,0.645239163305262
4087,0.0294502719504127,0.0870836771423298,0.250699220711656,0.651788115375825
4088,0.0293845971413634,0.0859122304096115,0.247427769242086,0.644750591419549
4089,0.029404555187427,0.0865294506479644,0.249609740546852,0.633433087646595
4090,0.0293832613328766,0.0872344836321027,0.25236731077732,0.677878868512691
4091,0.0293045721035823,0.0865445793990398,0.256476014025257,0.635335068765077
4092,0.0294540277543619,0.0871530058166174,0.254665228895604,0.663142516227635
4093,0.0292718025941719,0.0861190305381675,0.253414034800082,0.660239980066286
4094,0.0293189271664952,0.0865436251802049,0.257564418377951,0.641530699135825
4095,0.0294344304104758,0.0877274702186718,0.254372068127193,0.67459051054466
4096,0.0293883935060024,0.0868598103266328,0.252765951352974,0.673232499780749
4097,0.0293837830890551,0.0868718882585032,0.253029324653582,0.655824347084747
4098,0.029359452083111,0.0860981877471977,0.254332243709927,0.668853287235622
4099,0.0293896890318077,0.0862707859302878,0.253512937691619,0.653958920950097
4100,0.0294130776426052,0.0876341634499354,0.260279407607733,0.663399745482531
4101,0.0294303523532828,0.0861617424023963,0.248075860523334,0.677367201330673
4102,0.0293504384694091,0.0865701584385806,0.2524946237169,0.671773689135454
4103,0.0294859931414305,0.0866033607384575,0.252047228570529,0.702716377518724
4104,0.0294532481010766,0.0876429897358166,0.260866602771681,0.650907306461383
4105,0.0294453675200976,0.0869702605475187,0.252058252742048,0.67595964680767
4106,0.0295297430616695,0.0876065776271572,0.256513113080571,0.650876864794849
4107,0.0293400848448634,0.0870987927667769,0.249829299723096,0.684022187644674
4108,0.0293684863340076,0.087192919388638,0.25241640946774,0.66664336765783
4109,0.0293811734551021,0.085830918230179,0.246414701333384,0.659522568565786
4110,0.0294282525337678,0.0864574575557744,0.260268622923718,0.697417934818787
4111,0.0293920547227967,0.0871540139749874,0.259549140692662,0.665503200140421
4112,0.0294200411413609,0.0864806516074523,0.257504931806537,0.650460555163281
4113,0.0294301129892623,0.0865149291719336,0.251229329080567,0.680782392540814
4114,0.029316329761713,0.0867366926617577,0.259507555950779,0.639624908961276
4115,0.0293812712146295,0.0870825146606083,0.252703276862348,0.631882580944097
4116,0.0293277886007134,0.08670734560331,0.250104863534335,0.61386491582768
4117,0.0294507330356832,0.0862732103849707,0.259884411339924,0.720534563344703
4118,0.029465816383717,0.0865323278250957,0.251801415729266,0.675673559795068
4119,0.0293592514902945,0.0857311565414632,0.259550395033889,0.66549875918813
4120,0.0294876992517614,0.0867521645972168,0.252492336186226,0.651240135434271
4121,0.0294335615978194,0.0866845629711003,0.259185659818182,0.684558485017828
4122,0.0294499278656868,0.0873637911173971,0.25628461931812,0.66228451286037
4123,0.0294050356543777,0.0861954012953095,0.25416001331194,0.643988797850426
4124,0.0293012402984174,0.0860623024948204,0.255213066196961,0.671346869948883
4125,0.0293981699162395,0.0869249211998462,0.253176555901124,0.64793424980016
4126,0.0293637715709825,0.0874682464157889,0.257746935149434,0.64240489127823
4127,0.0293326905770969,0.086479682500518,0.254483330599499,0.651899529192117
4128,0.0294284815509256,0.0870247651422125,0.251846075995987,0.687642202093121
4129,0.0294044464488206,0.0865998693605504,0.251919877046504,0.662437959239819
4130,0.0294369477732177,0.0870430672321894,0.257221688505784,0.690648525317628
4131,0.029340271011185,0.0866125368319665,0.250881326510933,0.648084876184858
4132,0.0294150370809526,0.0872496475386308,0.25102708712734,0.6578413158573
4133,0.0293124407308788,0.0875249962655987,0.251383614383501,0.615091297873945
4134,0.029379113044641,0.0857630034957622,0.251931616103976,0.673738244896733
4135,0.0294004578881084,0.0871385823789235,0.256445745474677,0.66222040809902
4136,0.0293802086004873,0.0863067292696591,0.250947250447926,0.673055730390554
4137,0.0293719763119765,0.0858776766297328,0.25264900908548,0.648282159487429
4138,0.0294256158561093,0.0870726261332698,0.257895069693181,0.668391757522747
4139,0.0293435605588161,0.0857272721107378,0.246322486579278,0.641077311029283
4140,0.0294613692095906,0.0869530008924528,0.254993624315913,0.652587006616588
4141,0.0293846966972043,0.0864781739245697,0.25565241168278,0.674697503314037
4142,0.0294047371450409,0.0857992841596011,0.255487450669376,0.678652723084875
4143,0.0294241958102984,0.0860686765823711,0.253322313883683,0.632781051718602
4144,0.029357848013697,0.0866688889159766,0.253161452272923,0.667888105777063
4145,0.0294661099284697,0.087202015000458,0.253360587340337,0.69165408202055
4146,0.0293996233339961,0.0863805290336958,0.253909438386429,0.643505557683493
4147,0.029388891558661,0.0868530813176693,0.252884367384007,0.655348278738965
4148,0.0293765530196809,0.0863718777945131,0.24169727079862,0.623091525457195
4149,0.0293190628054226,0.085946848257985,0.247412087343919,0.624549883529326
4150,0.0293677158103403,0.0861653613278618,0.254874212321901,0.664454082480419
4151,0.0294139350673152,0.0863839056974005,0.257726519298187,0.681405763447502
4152,0.029417252134204,0.0866294623634221,0.249651724556997,0.630288374326601
4153,0.0293873419128321,0.0861967243899404,0.255005112049107,0.666879459575905
4154,0.0293526978774695,0.0862303844368322,0.254461169811582,0.623857279204546
4155,0.029406835965962,0.0863686124665984,0.25495769484676,0.697433129279129
4156,0.0293856134572023,0.0869988504309202,0.248942991949505,0.643035612761678
4157,0.0293842463820681,0.08553661638704,0.256860388235614,0.692433684303894
4158,0.0294034694411805,0.0860604299890017,0.250402863089163,0.625545124360652
4159,0.0293094907904919,0.0867106957093811,0.252759930602507,0.700183469262371
4160,0.0293896393297758,0.086623690985127,0.24574549756339,0.601542152015818
4161,0.0294847301926744,0.0871152974691927,0.253438739823812,0.66869081473863
4162,0.0294094792379857,0.0859240991060375,0.247994859004756,0.664601767285979
4163,0.0294116014888227,0.0869610452093404,0.25029849375101,0.654269659877873
4164,0.0294707944559161,0.0863648901010661,0.249988058302922,0.64855973842149
4165,0.0293894895787519,0.0862790058501207,0.252037953983838,0.680345505463945
4166,0.0292891595897749,0.0865781211904078,0.25761171432036,0.674872712652187
4167,0.0293922618602196,0.0863143991834528,0.251004880704506,0.663761735139103
4168,0.0293629791335947,0.0861507785211031,0.255006170415699,0.642328322609137
4169,0.0293432676922715,0.0865121228784027,0.262540505378363,0.667676192038226
4170,0.029454812675553,0.0869421855313151,0.25619345098451,0.701244662000987
4171,0.0293486124188232,0.0864017038021421,0.247833537843374,0.637834181041555
4172,0.029402273994394,0.0869401414297207,0.247691632790473,0.630484473646868
4173,0.0294042660463467,0.0857181766880835,0.261023792976393,0.644976091248159
4174,0.0294754945007575,0.0875113781355363,0.253364358192292,0.664760231702109
4175,0.0293565120297193,0.0864247970296277,0.257631076872957,0.659339029177151
4176,0.0294088770298554,0.0858318871855748,0.248932500090774,0.665381356052562
4177,0.0294079792943421,0.0860667643881504,0.254844240551039,0.648595872717112
4178,0.0293747857098517,0.0867935587123509,0.26072581830994,0.660957291077423
4179,0.0294065155812,0.0869378547168189,0.259196821163009,0.683412621799272
4180,0.0294089496214054,0.086138874078354,0.248726260126083,0.627047133434419
4181,0.0294542981546009,0.0873807504090942,0.251581183129538,0.651892169781278
4182,0.02946968940958,0.0874919969751122,0.258394484729718,0.700774448195646
4183,0.0294754193480973,0.0868477122062458,0.251506524014765,0.626523099581818
4184,0.0294929040950618,0.0866839769839056,0.252966901581809,0.65564518929986
4185,0.0294065385465085,0.0857255093154988,0.253669644228262,0.630023460880698
4186,0.029351758611595,0.0861717108713127,0.251389791962311,0.661876084614379
4187,0.0294515297241296,0.0880213114774769,0.263310061216132,0.640678018745042
4188,0.0293834432266539,0.0865619831198583,0.252927456423889,0.633219739506094
4189,0.0293109927369302,0.0866452423469947,0.251827286777979,0.643084178302984
4190,0.0294096662907512,0.0866484149793306,0.251520275183974,0.636879636632568
4191,0.0294020024002548,0.0871659600452977,0.253901138516924,0.659249159650092
4192,0.0294224437716813,0.0873526727922034,0.260307176110339,0.636147951647889
4193,0.0294751241352581,0.0868366824735601,0.25366497898685,0.637530937573476
4194,0.0294453693755253,0.0866301881811527,0.253636668062404,0.642365121890964
4195,0.0294231103524566,0.0869782909974731,0.252351734273033,0.647930422329814
4196,0.029324427935846,0.0868299797274326,0.259986784597841,0.669392585903268
4197,0.0293257814823838,0.0861852080467255,0.251484525652598,0.723583455037959
4198,0.0294148951938322,0.0867713366536919,0.255086078392942,0.691491992615392
4199,0.0294071357708442,0.0875618841440282,0.255604514875688,0.614491864501275
4200,0.0293593182075631,0.0862963709818022,0.254838624155834,0.675252387443194
4201,0.0294146576701548,0.0869361488553616,0.246879561058462,0.613734850720181
4202,0.0293122909712356,0.0868879926101223,0.252559306214595,0.647509940731737
4203,0.0292852039451911,0.0863927805044665,0.25712780257451,0.671139441116356
4204,0.0293943272572543,0.0867839756452062,0.254458496199078,0.65000885897965
4205,0.0294612832897628,0.0859477240587402,0.253695520276185,0.65557470037266
4206,0.0293844167258868,0.0861857594473507,0.25727754041918,0.716140380650885
4207,0.0294769032206638,0.0869650861407606,0.256916944471777,0.698277407739954
4208,0.0294009095503847,0.0870937989043921,0.255462382146795,0.665507717953678
4209,0.0293212045706316,0.0864989017846162,0.255479092021627,0.661530630576875
4210,0.029447217095632,0.0867579781269245,0.259337081333321,0.697200404131242
4211,0.0294003077329931,0.0866172413951874,0.260253768138171,0.645136986266327
4212,0.0294063936979801,0.0864339952180893,0.246295626661654,0.632645056435559
4213,0.0294075544378791,0.0868423026825985,0.261740990238328,0.663950233512824
4214,0.0293332714799361,0.0866772638967429,0.250934182016555,0.655753622381426
4215,0.0294159542813477,0.0871339678366627,0.259010705944553,0.676530350974179
4216,0.0294272119873616,0.0870877357981637,0.248434593174639,0.651657039659078
4217,0.029394926957435,0.0864724374552798,0.255876740564443,0.66879470574922
4218,0.0294104403406751,0.0879338358529538,0.260409048232559,0.64613999437632
4219,0.0294327091729534,0.0867756591125122,0.256164275706173,0.648180466915415
4220,0.0294837193873996,0.0863701763855011,0.250897031576223,0.668695337548163
4221,0.0294100954925422,0.0865311973278423,0.25405943337414,0.672187397005375
4222,0.0294801315371092,0.0868310568627463,0.262722183738229,0.697447949925416
4223,0.0294677753967974,0.0864920750828218,0.256230886193247,0.662994386698655
4224,0.0294567006658269,0.0872764653200933,0.249500412409943,0.656988639532591
4225,0.0293514293435752,0.0859368085735038,0.259663494952285,0.692802387394335
4226,0.0294545501287934,0.0866695308708771,0.25840668345287,0.653594259346157
4227,0.029446857849295,0.0868733976101791,0.250089376913788,0.680749796664989
4228,0.029364622638875,0.0860438180882609,0.254781413773731,0.669630514680194
4229,0.0293134435811851,0.0863777391198102,0.254604265627963,0.700543853214008
4230,0.029386660388525,0.086018040220053,0.24964660671601,0.653550164277047
4231,0.0293974050367483,0.0866930757986246,0.257853883353886,0.645031469646187
4232,0.0295631393655933,0.0873341475992735,0.261587432612766,0.697070993391197
4233,0.0293468184882976,0.0866301750632157,0.251293239842229,0.685072476899736
4234,0.0293780719812742,0.0867672193986581,0.249045856955184,0.660210974102115
4235,0.0293263821674014,0.0873489976815703,0.255964358642225,0.622552233611788
4236,0.0294617660968376,0.0870529257599997,0.255140548664918,0.673386952131873
4237,0.0293558662429299,0.0859188108772857,0.255298094624407,0.628646853161137
4238,0.0294239155377866,0.0868568864036573,0.251758167588098,0.701260053061272
4239,0.029394455063444,0.0865348905741609,0.255770063930277,0.642832165210464
4240,0.0295309081287455,0.0873422823015699,0.254552304978902,0.644269364960874
4241,0.0293618409645393,0.0866339365008746,0.249093567894148,0.678469326906061
4242,0.0294270001386654,0.0860925096012079,0.246367995947478,0.657290165237243
4243,0.0294259945569156,0.0873562923112221,0.256141467326918,0.632481112736093
4244,0.0294365296888917,0.0862024076369742,0.254709623011792,0.644447607855501
4245,0.0293900432637803,0.0870824692881409,0.253511920806828,0.644354493675945
4246,0.0293602691028278,0.0876017230297552,0.254211571979529,0.659308254513541
4247,0.0293332621752386,0.0865327459749936,0.251895523091563,0.665087750057831
4248,0.029406000171242,0.0859458593672941,0.252726225980017,0.684639596584622
4249,0.0294364869238381,0.0860477499451663,0.249888358103778,0.658077474089979
4250,0.029379161604066,0.0869455734882095,0.262401278326229,0.681104531957246
4251,0.0293609212290089,0.0863628828146787,0.254246236461413,0.631132074224303
4252,0.0293420653038548,0.0861988390823029,0.257094760159452,0.654245710203143
4253,0.029424308463704,0.0871985477005264,0.256492156889326,0.676236665843928
4254,0.0293680034286066,0.0867278175776347,0.25730277410968,0.638325191139797
4255,0.0294155446622764,0.0863543751049382,0.252358912540487,0.666081906900158
4256,0.0293642585757343,0.0858789758311171,0.250635613745791,0.676504396803158
4257,0.0293633158663809,0.0871676776557476,0.250713408876178,0.636870148446975
4258,0.0293819189806914,0.087338189251023,0.257202918304944,0.657962604613509
4259,0.0294179716919009,0.0865330024388111,0.255048980758043,0.67976278967073
4260,0.0293861156456516,0.0861050640284795,0.249625239089165,0.642416344179836
4261,0.0294410595859321,0.0869710804436763,0.257919230552477,0.670025556421321
4262,0.029353563197473,0.0856814523594129,0.252224543553241,0.64200552237479
4263,0.0293918834076261,0.0872665479648938,0.257663202238127,0.681760078059427
4264,0.0294800648846756,0.0876428239186449,0.25469401050688,0.645747169295887
4265,0.0293842837645446,0.0861408716008538,0.249543495930484,0.61979930672869
4266,0.0294199246873916,0.0872595801030825,0.257067206535512,0.636142186423445
4267,0.0293542973838443,0.0869275479999218,0.253054042945525,0.675150840276037
4268,0.0293626277158857,0.0862080832581941,0.249797817799708,0.685097908359625
4269,0.0294056566344113,0.0865509492614509,0.258041422951547,0.680295119758543
4270,0.0294036885535623,0.086472878785492,0.252111696612046,0.679947082936011
4271,0.0294094963188631,0.0866480249852546,0.25741767165433,0.678653976976139
4272,0.0293503575653743,0.0859667201047764,0.25795089334271,0.632617571832751
4273,0.0293886536712562,0.0866488518734494,0.250535885769829,0.659713130703446
4274,0.0293928673672015,0.0868669593058762,0.249182141171989,0.651572467329542
4275,0.0294008748777577,0.0863761374800899,0.255439913109733,0.650902715766248
4276,0.0294175631314772,0.0863299816628257,0.251510263350507,0.659310184083946
4277,0.0294119271910758,0.0868795894033428,0.256589952358936,0.640328654848708
4278,0.0294796466589594,0.0859083670688621,0.25427080139078,0.633036546526627
4279,0.0294270150834346,0.087419475535062,0.259170170246345,0.647017677459448
4280,0.0293194212177797,0.0864818373957233,0.258822117193996,0.668060623517965
4281,0.0293601368120256,0.0864464628243823,0.255918835392499,0.664031432234963
4282,0.0293527854108947,0.0866807938564816,0.253277172348533,0.635710620656542
4283,0.0294082523689537,0.0872876763035384,0.258253639667654,0.670585847832017
4284,0.0294683030190653,0.0862706819571074,0.254366009689496,0.640189484483818
4285,0.0294180962252905,0.0872540054177962,0.254872236284203,0.688486909203831
4286,0.0294135447377121,0.0873384673404839,0.255193951901991,0.614266483043953
4287,0.0294567923677016,0.0870538960895091,0.259322633598137,0.6544950752772
4288,0.0294606836661392,0.0870778427735237,0.260096996928115,0.655807105236534
4289,0.0293970691597658,0.0865236814565841,0.251921792834353,0.632683509113594
4290,0.0294142550986306,0.0866876105640883,0.259379177794328,0.686481010765496
4291,0.0294388367449896,0.0862764154674499,0.251152382303851,0.657818816674506
4292,0.0294060706819427,0.086658196858784,0.256491785704163,0.678595379758111
4293,0.0294943072476036,0.0866896431952903,0.251340003591552,0.699615180505563
4294,0.0294230082363268,0.0871033549409622,0.248483084515125,0.63748111520663
4295,0.0293288497796774,0.0860543463184463,0.254224012201143,0.687241167709713
4296,0.0294685760051426,0.0869235036866866,0.25334960204681,0.663776190233036
4297,0.0293985450279655,0.0860030326739325,0.253518290819304,0.62381666716121
4298,0.0294039961776153,0.0861510069699937,0.256311299217685,0.634536952816927
4299,0.0294698112758369,0.0870793626065835,0.254692088130637,0.622893809913987
4300,0.0293855607072437,0.0866383339257665,0.255361401252268,0.657167027740799
4301,0.029317643473708,0.0860379104345299,0.258326342145568,0.665417353941967
4302,0.0294325020395035,0.0870787526892941,0.260560457624058,0.663164957279502
4303,0.0293519596925178,0.0869212918518011,0.249951276737434,0.63328698510051
4304,0.0294114700441155,0.0864134210436014,0.255482747973737,0.666328893861244
4305,0.0293221637184695,0.0863540807931137,0.248269144287286,0.607898906935527
4306,0.0293971424478057,0.0865697729097075,0.256408637340373,0.656837221095221
4307,0.0294075551388056,0.0871310727068011,0.256083239455002,0.642734882657187
4308,0.0294350313878945,0.0861555738734003,0.249709583977787,0.659372008649867
4309,0.0292917707955993,0.0862764651216268,0.252815563591508,0.640783382354097
4310,0.029400365694511,0.0863561552250747,0.255640138946256,0.635549103506499
4311,0.0294065403976208,0.0871745492779481,0.256826610869522,0.670037759017435
4312,0.0294708101363473,0.0864604843497286,0.251217213215948,0.63888047259574
4313,0.0293555859286561,0.086766417085451,0.249452945712538,0.669541101070313
4314,0.029381585490415,0.0870919161422927,0.253810592024593,0.64607163755058
4315,0.029446482862642,0.0861693765972522,0.248260770513893,0.67771250994673
4316,0.0294983086681119,0.0871485010788357,0.25572204576251,0.647746911591705
4317,0.0294241342318366,0.0869911936754098,0.256684003747598,0.627099198904551
4318,0.0294237772518406,0.0866024388538927,0.253926067350455,0.62328192411886
4319,0.0294166938289153,0.0865974183507728,0.254834089705406,0.651709318718447
4320,0.0293247209181312,0.0868012847525172,0.253988539630005,0.651454822882269
4321,0.0294118823647978,0.0866916955398439,0.251779603592041,0.638846441359647
4322,0.0293532473658099,0.0864652832736841,0.252491363743458,0.645392475997271
4323,0.0293683733543066,0.0867515674963232,0.254960657382086,0.618272224404824
4324,0.0292633384060124,0.0861268994384838,0.254507210923452,0.655526362154832
4325,0.0293527514793979,0.086808806600232,0.252986905419397,0.658543418784165
4326,0.0293848963846617,0.0868462162814238,0.251931331920464,0.629967841786321
4327,0.0293648741884755,0.0867264498660349,0.253698793300693,0.634534100025672
4328,0.029398828211801,0.0862710994613076,0.260436431650376,0.678734438148149
4329,0.0294125655263071,0.0863216315247083,0.252435660341769,0.656081296363711
4330,0.0294826134285798,0.0870528153604295,0.255354145576869,0.643920721226127
4331,0.0293648770666029,0.0863238192759071,0.263160190503512,0.715118954802026
4332,0.0294403525439038,0.0864447284875523,0.248383470221727,0.626019977096228
4333,0.0292750799829342,0.0856033502444487,0.255008624698235,0.680102666050779
4334,0.0293071054251117,0.0869255443241994,0.259063891772407,0.645147644643357
4335,0.0294048961307841,0.0868509999372548,0.25390992105143,0.611301799024757
4336,0.0293928042323402,0.0868757522754793,0.252088018774851,0.69912663406226
4337,0.0294300380015101,0.0863938813453527,0.255936495809523,0.699748032706975
4338,0.0294181244383756,0.0871839990135798,0.256438831818464,0.642112360433362
4339,0.0293994822641896,0.0871147595015732,0.251309708305302,0.661976033370653
4340,0.0293418713347189,0.0864629464425949,0.253321148177572,0.639020569634578
4341,0.029405791134301,0.086612507872641,0.259103907653578,0.669493764230926
4342,0.029403402206657,0.086591056143926,0.260562705082981,0.653339599086495
4343,0.0293703126704663,0.0873542845727664,0.254794908555245,0.641361295487591
4344,0.0294214630591648,0.0860899152107475,0.246151154132647,0.635052626859219
4345,0.0294168844944984,0.0862808396987248,0.252970846138091,0.681432289570429
4346,0.029366893156005,0.0870246696430482,0.252811874463732,0.657847192765759
4347,0.0293122388474533,0.0869152294263331,0.261012794459032,0.671486736586214
4348,0.0293767901423328,0.0865689187452488,0.257508116998833,0.678963252792196
4349,0.0294179472169348,0.0860198478286939,0.249781773353187,0.631939142687798
4350,0.0293861341835991,0.0859016848218382,0.256973417451048,0.659420029447051
4351,0.0293623332457924,0.0870556415722,0.249647818069545,0.684678999954332
4352,0.0294258997386063,0.0874105741213241,0.2546787868602,0.703232630564776
4353,0.0294640442361033,0.0876598374093351,0.253116647652618,0.65149168715284
4354,0.029310779623855,0.0864012316484934,0.253019947705932,0.674670858591767
4355,0.0294153470386215,0.087105675017915,0.251375568151174,0.69617285139808
4356,0.0293937481017869,0.086638723269721,0.248614433412984,0.697452990604676
4357,0.0294298282963311,0.0868575388347082,0.254019603411729,0.64907124270126
4358,0.0294125296726755,0.0866314557931669,0.249863345075147,0.679144711198258
4359,0.0294801135999123,0.0869840883501068,0.253657003380941,0.628875239797377
4360,0.0294256302969192,0.086303816696194,0.255108248300857,0.664770705243652
4361,0.0293973605350938,0.0865543643429725,0.254020968957763,0.65133681086822
4362,0.0293788595998082,0.0857718512269667,0.253367846468145,0.653645849123391
4363,0.0294369542067099,0.0869508317804666,0.260360856036479,0.643533848439747
4364,0.0294001831203687,0.0867694805853111,0.251643571741052,0.682985851206656
4365,0.029388635370557,0.0865411002237578,0.255307355422521,0.664216728891375
4366,0.0294080706723193,0.0859795557349128,0.254497092842715,0.662481944631341
4367,0.0292996682070329,0.0859503594818057,0.25379922469845,0.682847639585965
4368,0.0293664549507524,0.0862450824546354,0.25644437507319,0.6628730442035
4369,0.0293616828382892,0.0870896548804483,0.266826647083144,0.674986197424366
4370,0.0294105132200763,0.086653341952149,0.256281474547286,0.652833657129885
4371,0.029423781685705,0.086945112446863,0.249222245385056,0.671125173276158
4372,0.0293578053332626,0.0874206959872054,0.26339125200622,0.650807075590105
4373,0.0294034010164063,0.0864128498845116,0.250623753270332,0.657963208707831
4374,0.0293554822778857,0.0868197447068739,0.251671511839715,0.635850859880896
4375,0.0293544875974655,0.0867962777680776,0.25763310670347,0.644499046485609
4376,0.0293261189825303,0.0865489982780727,0.251329923945277,0.652581911051847
4377,0.0293310140999272,0.0855977390317027,0.254912834991953,0.643697267585574
4378,0.0293851309031716,0.086988481825185,0.258810997375436,0.657484771159445
4379,0.0293678639000507,0.0862961671613256,0.245656121116815,0.68418329690709
4380,0.0293104931250635,0.0865880816179774,0.249267005719113,0.631908938893826
4381,0.0295096938811786,0.0873520023800374,0.25272130908332,0.65536488990396
4382,0.0294061012497287,0.0865440343045827,0.253854556713346,0.650433294347003
4383,0.0294210668109315,0.086353573334152,0.255159827264714,0.672050120532025
4384,0.029373585956057,0.0865357906483754,0.251950088371373,0.695246896494355
4385,0.0293595153498112,0.0867636482166151,0.252633227290287,0.672979795862206
4386,0.0294717192662567,0.0869233089182127,0.246321611724482,0.634535903633488
4387,0.029476569052663,0.0872038711765267,0.253274031431613,0.671401234253506
4388,0.0294653589078596,0.0866017087028607,0.257014396127009,0.697438146445005
4389,0.0294032773398974,0.0871351004498206,0.252868994192973,0.646039880140599
4390,0.0294102113722996,0.0859584395880146,0.255154495398182,0.651396681747792
4391,0.0294199522639017,0.0872829065668199,0.252221970132512,0.658396770795515
4392,0.0295412740463801,0.087100149028647,0.259390702626508,0.643518245761773
4393,0.0293671310101756,0.0863750799693762,0.254390487075061,0.640314997283062
4394,0.0294173991948726,0.0874071795326736,0.257039570002016,0.66620113558629
4395,0.0294167756131515,0.0872622778687057,0.256307481143909,0.632465627862028
4396,0.0294358813302619,0.0864622599695641,0.248194664676545,0.655840688210008
4397,0.0294590396926494,0.0865980910515878,0.249418558264192,0.64528894904724
4398,0.0292965742837176,0.0864622801035989,0.253104814654913,0.635192605524626
4399,0.029338989612521,0.0863074360465092,0.255375530173556,0.71750708031778
4400,0.0293514655376408,0.0865808234975745,0.262205979807688,0.620572368899781
4401,0.0293825116129327,0.0874985103941783,0.250045568703474,0.655625053836618
4402,0.029475657197264,0.0864948208369579,0.249308469965176,0.615253197719348
4403,0.0293459512355518,0.086660778577275,0.248142399128988,0.62490431932277
4404,0.0294022829042412,0.0867662060268914,0.250851950598538,0.664335250506837
4405,0.02944334249031,0.086815026668852,0.25762541130025,0.652983352676978
4406,0.029370462050874,0.0865484180916258,0.264200641552785,0.717810027191408
4407,0.0293003127349844,0.0856235060566332,0.251909545756622,0.63993219619943
4408,0.0294675197152259,0.0863373198978811,0.259253778803117,0.664878584562385
4409,0.0293344220468511,0.0862800125000504,0.250941664892443,0.677882604680378
4410,0.0293034233490024,0.085817799855668,0.256686745074891,0.692412636140037
4411,0.0293767052893043,0.0860510868260086,0.258629859798183,0.687326713796466
4412,0.029437560603789,0.0862711290717365,0.258070108350433,0.639395240035084
4413,0.0294033159866567,0.086737175474613,0.256703813254481,0.654539220020488
4414,0.0293612391556272,0.0870815412296749,0.255508867479363,0.626988061339444
4415,0.0293043531920277,0.0865258864659803,0.25350665137856,0.675078087670826
4416,0.0293538291358932,0.086816619331496,0.255997280524977,0.661722104759716
4417,0.0293934293266594,0.0859664323952247,0.25049389314927,0.617744939132183
4418,0.0293389875377746,0.0865841270380463,0.245072465419233,0.659475658286398
4419,0.0293594797522882,0.087687184056515,0.261482856689405,0.64559899765005
4420,0.0294232535727998,0.0862954112490789,0.250450629563695,0.631298243293395
4421,0.0293665089986446,0.0867178492679019,0.25405120455344,0.673202440597802
4422,0.0293786408289269,0.0864106181445381,0.260773761425749,0.649071238120622
4423,0.0294201331008601,0.0864226521683589,0.25582259828599,0.662110368908248
4424,0.029364598124452,0.0861168585502549,0.251310444955706,0.615402878722936
4425,0.0295154866105802,0.0878177301211973,0.258423274807367,0.725141039821846
4426,0.0293836773259474,0.0864403059153593,0.257028080387089,0.713041562515941
4427,0.0293538529552928,0.0865131452738612,0.261344525277296,0.66068604396405
4428,0.0293967798078359,0.0869007924316446,0.256189760740733,0.660237106152766
4429,0.0293458947118857,0.0865657577062578,0.256700912107769,0.659438986921761
4430,0.0293271610780132,0.085839305615079,0.252827640390816,0.657931201540067
4431,0.0293389799930423,0.0860041669858456,0.256646622722958,0.628871416560577
4432,0.0294252472728024,0.0872299957975503,0.259800373519317,0.617970167792106
4433,0.0293431913432393,0.0867279906038301,0.255265818662001,0.656404269643352
4434,0.0294091310837723,0.0872960845705899,0.262589108600995,0.662500670294643
4435,0.0294458220193026,0.0865627946494552,0.257619671462919,0.66324801923188
4436,0.0294124454215088,0.0863685194363194,0.25420170637285,0.664605310046603
4437,0.0294336510839883,0.086065534022234,0.252460394760121,0.64050143663502
4438,0.0294012956813607,0.0868734134182883,0.254306797658362,0.63693121444063
4439,0.0293176829728006,0.0862150157891758,0.255341084723544,0.629854337088216
4440,0.0294402960821896,0.0858822880966889,0.254995846681186,0.661095229885458
4441,0.0294058976195502,0.0863001464195306,0.256514649645716,0.64071874159743
4442,0.0294110433965281,0.0867035705762535,0.261748833287943,0.628360403812192
4443,0.0294685295168671,0.0866916853551384,0.255741947471653,0.636778318986101
4444,0.0293898696563916,0.0866038066407202,0.25360673653739,0.645554121530745
4445,0.0293453039689394,0.0858198493713585,0.256277550582199,0.672223123085367
4446,0.0294031084648832,0.0876235166236077,0.262214269006774,0.664698929676925
4447,0.0293149197458995,0.0862629407766261,0.252270943730126,0.639747702349635
4448,0.0293413411147664,0.0864547906151262,0.252327697450851,0.657585383161105
4449,0.029404637695846,0.0861364227025434,0.258304325777977,0.62536045456105
4450,0.0293849453986344,0.0864957870030084,0.258605805619552,0.663437784116139
4451,0.0293131354638059,0.0865659771401199,0.255682653762985,0.658545576080703
4452,0.0293805657537937,0.0865764941543352,0.24861859623117,0.618217627381209
4453,0.0293747160570426,0.0869268757318089,0.253715824304864,0.678469719658782
4454,0.0294418144453296,0.086546914798082,0.25309678835981,0.646933753341798
4455,0.0293804424764753,0.0863754304285747,0.251570926866089,0.665039848447537
4456,0.0293939680187879,0.0869499881215133,0.25048789663997,0.653656737457744
4457,0.0294480116580938,0.0865217762778554,0.248656260438352,0.642031329490919
4458,0.0293910367542611,0.0867127455836735,0.253522640402923,0.647656784913376
4459,0.0293652783677876,0.0864457839514979,0.254181456476025,0.639874432195373
4460,0.0294222412505761,0.0866845785206311,0.264286634212484,0.659269419055777
4461,0.0293824017604483,0.0868628203448845,0.253414077243579,0.678639782985738
4462,0.0293330674129485,0.0863656672846005,0.252507825148744,0.685564781066616
4463,0.0293047965010589,0.0859744101516321,0.251520486760483,0.651705812506102
4464,0.0293891449293756,0.0868877445627026,0.25454995812178,0.659422936458706
4465,0.0295017091610492,0.0863310727942119,0.254226319537838,0.704143190730762
4466,0.0293361094118191,0.0853961134474611,0.250459046248987,0.66473414778801
4467,0.0293471568710701,0.0869537134842567,0.255279474271715,0.664562350526333
4468,0.0293535253284484,0.0863714143750551,0.253288813264946,0.660171008761713
4469,0.029393185896574,0.0869308150195077,0.257937225286037,0.650015044511213
4470,0.0293950282196747,0.0857533389254809,0.256885691832617,0.644635708946164
4471,0.0294087867638827,0.0868730759339953,0.252881151848936,0.616822321291206
4472,0.0294560050790224,0.0863329811100992,0.257770688134911,0.634609235059885
4473,0.0294721585117466,0.0869123180019191,0.26037370928372,0.67636294885186
4474,0.0293560734332659,0.0872949376690199,0.256693028142079,0.699560543733954
4475,0.0293400340058888,0.0866553297358808,0.255703957486283,0.638160095311245
4476,0.0293631132763287,0.0869797634610261,0.24913239102516,0.640128581104595
4477,0.029380630656173,0.0862227064968872,0.250803900453969,0.639912485179777
4478,0.0294925130997382,0.0858706204474829,0.253688218304898,0.623716262093326
4479,0.0294166462347827,0.0866110981862862,0.251050381890145,0.663503285556876
4480,0.0294280733279567,0.0865417785723576,0.258490892478182,0.659993092222372
4481,0.029328488742488,0.0861980381250632,0.254504276658471,0.677606469859798
4482,0.0294050984087218,0.0863588163362484,0.24415297647666,0.632787020902046
4483,0.0294008491479359,0.0858471530911141,0.249690195155743,0.631548944414796
4484,0.0294425958280915,0.0874095133374,0.262034732533365,0.645373589283376
4485,0.0293977030666901,0.0870798343760173,0.262391136972875,0.679440022109688
4486,0.0293359856970231,0.0871114225894677,0.248837654098809,0.666286007616707
4487,0.0294201404265178,0.0865200719205742,0.255451501834033,0.618368400826234
4488,0.029284526243107,0.086373061247623,0.255247676217686,0.693410006867138
4489,0.0293957077287386,0.0866226154126358,0.253660942119703,0.641460861605166
4490,0.0294857233474927,0.0865853632937805,0.249126259602904,0.646151550336365
4491,0.029345276933719,0.0866280779027348,0.254141026765702,0.651278650443802
4492,0.0294614241745052,0.0857178419154213,0.251530401762179,0.631777458893069
4493,0.0294615817143834,0.0866505196395075,0.256409305395676,0.640019966954269
4494,0.0294044907649649,0.0861507311305461,0.250753289730303,0.68048160371927
4495,0.0293574076192852,0.0860453898627158,0.251983263720847,0.676945815025375
4496,0.0294676589841793,0.0866468422682616,0.251957304586405,0.636371383144437
4497,0.0294215246663391,0.0870366573148335,0.255583833756298,0.690754139827355
4498,0.0294639470259776,0.0869470641562536,0.256468661485898,0.608846453120063
4499,0.0294008517600269,0.0864002055128453,0.25349070069441,0.624603914822488
4500,0.0293834769191717,0.0865843070886355,0.256858618634671,0.648048129002836
4501,0.0294497485697237,0.0868075544834472,0.246647129639086,0.630788849821881
4502,0.0294351251805354,0.086207592719014,0.252955906029817,0.638355046217006
4503,0.0293441104621585,0.0873515154588977,0.249824190474351,0.612179162027116
4504,0.0293312405055468,0.0860350250596806,0.256506771275932,0.709683145865781
4505,0.0293509518925018,0.0864948855506232,0.250719874364016,0.636401297526492
4506,0.0294467096199918,0.0868552383347542,0.257950433012777,0.63844220544977
4507,0.0294168784231141,0.0869689336450223,0.263358790990455,0.66272514165867
4508,0.0294385286758773,0.086477462075052,0.251191639145401,0.64742292900563
4509,0.0293654412805478,0.0863167515989575,0.25457094147499,0.690462094084971
4510,0.0294345468256471,0.0872597872661402,0.262699736541848,0.657808348162867
4511,0.0294005220512763,0.0864551184739609,0.259351901623269,0.648871227908877
4512,0.0294592306082872,0.0859161549474608,0.256789488368486,0.676719695655172
4513,0.0293920441823684,0.0858060786846707,0.251829320955372,0.714416078546288
4514,0.0294309893383797,0.0857440363143116,0.251982293884467,0.637601983691175
4515,0.0293232398374269,0.0861875763266522,0.250559919831472,0.675804854995415
4516,0.0293691352040375,0.0863451434613706,0.254858548861514,0.675754633492511
4517,0.0293898739097624,0.0869262955083628,0.25372312283554,0.702399179448765
4518,0.0293840588523016,0.0870835461648575,0.257544185179057,0.661793649229462
4519,0.0294427135145986,0.0870815750877245,0.252372491734995,0.63105554716574
4520,0.0294363138249798,0.0873135810111739,0.258743491530134,0.67008545663208
4521,0.0294447801941073,0.0864117355773525,0.253658325178447,0.654715413284492
4522,0.0293283270665614,0.0874326355727476,0.251024872010941,0.6318123202149
4523,0.0294127294019802,0.0861982525160079,0.252372100058443,0.635681013831724
4524,0.0294086188191712,0.0868166888561742,0.251525628038155,0.675490131892524
4525,0.0294425245417833,0.0868841552876107,0.25641544685876,0.680865598368907
4526,0.0293371602900793,0.0870978608007171,0.257072355877554,0.618395872873547
4527,0.0293410384559947,0.0860108595695009,0.249078095209059,0.632807132331385
4528,0.0294095771519982,0.0866476329223603,0.253634139901576,0.678558126471545
4529,0.0294154787782436,0.0874302719945936,0.254918432824319,0.633527143854864
4530,0.0293964864979402,0.0864471955860697,0.251086586002363,0.635432710031904
4531,0.0293913302296354,0.0863850847617416,0.244628158146954,0.670625113701934
4532,0.029468981459588,0.0873589079125795,0.254329680904776,0.648018220822597
4533,0.0293673353714625,0.0860127839209506,0.255037861893629,0.652229370590444
4534,0.0294350306710137,0.0868697034676475,0.248773228603887,0.686487220054073
4535,0.0293633967454369,0.0855491568440137,0.252210767527702,0.643440482248042
4536,0.0293900794953671,0.0865017019575999,0.246063993351273,0.6612534160716
4537,0.0293208954403975,0.0866795133976599,0.2489640668125,0.673119172242987
4538,0.0294157546217147,0.0866741056945876,0.256344913975333,0.64909239706967
4539,0.0294019804096561,0.0860736109593074,0.25523758938989,0.636344012569489
4540,0.0294151927334244,0.0870332463941309,0.25629728832401,0.671063437447768
4541,0.0294313601971533,0.0867358115188438,0.253730739915967,0.649800821872429
4542,0.029360134075037,0.0866618420063647,0.258285544596316,0.675948461672313
4543,0.0294820089394321,0.0864831617606995,0.260718091303959,0.645986881938298
4544,0.0294467640593771,0.087156014330623,0.252887210948208,0.652783001903817
4545,0.0294653682823674,0.0862326927269834,0.250170156305763,0.671357816204436
4546,0.0293730424484081,0.0861644473458897,0.255598101792081,0.640786549817182
4547,0.0294381179997558,0.0873720198692594,0.253498734862449,0.685153795935356
4548,0.0294550092746641,0.0869451305894697,0.250144014983986,0.668806546735578
4549,0.0294115352692602,0.0872026513240896,0.252603422449808,0.680005927857503
4550,0.0294797133929566,0.0875246162038632,0.254547562996393,0.593436307903566
4551,0.0294597093585773,0.0874103496397142,0.261599769722807,0.670218341635628
4552,0.0293691899531708,0.0863525021532836,0.251597839438635,0.64555599968191
4553,0.0294162394340862,0.0870581470022601,0.254873388605764,0.64313520034036
4554,0.0294609506040844,0.0864361754183649,0.255322695050989,0.630247322162092
4555,0.0293385056335536,0.0860258888255756,0.247847695535835,0.646202880533468
4556,0.0294100606610527,0.0873560069714236,0.25878569753301,0.660223753435148
4557,0.029365833000128,0.0865968348886153,0.248397349897559,0.67445908772634
4558,0.0294167814476755,0.0867481732332022,0.259693055403022,0.637174369355518
4559,0.0294387149072032,0.0867973847414787,0.248564484530587,0.628161403979019
4560,0.0293650051569967,0.0872320761107395,0.25653915160566,0.662879028743501
4561,0.0294356668451199,0.0862249652461122,0.258703388732205,0.68091153799858
4562,0.0292760248895321,0.0861217617468128,0.25271953668122,0.630455553055988
4563,0.0293341480253292,0.0860114620555741,0.253831304417262,0.671039733189874
4564,0.02947534812462,0.0868836607150691,0.248211331614345,0.639946874796085
4565,0.0293454661275523,0.0859362063156347,0.253011007384418,0.617517112338805
4566,0.0293545065635562,0.0869910662349228,0.253383363932988,0.659159087784584
4567,0.0294281174097106,0.0864288459711487,0.2559970702854,0.647567773143
4568,0.0293993422507624,0.0873339080272416,0.255272457031486,0.682645596028517
4569,0.0294633012994783,0.0871011238210661,0.256266238692023,0.702711518035772
4570,0.029462609120914,0.087794970885513,0.257135289477027,0.685102321125779
4571,0.0294456131245023,0.0866308169046387,0.252716211734199,0.643821733479682
4572,0.0293803877008116,0.0870235202127954,0.255722567173403,0.682927489869101
4573,0.0293879859794716,0.0875463395528804,0.258730654755517,0.642966321243026
4574,0.0293759218456585,0.0860072496898065,0.251996835214945,0.677195712283425
4575,0.0294157142856615,0.0861898181746165,0.251177019730143,0.654118639125843
4576,0.0293685406522633,0.0864295354610031,0.247969051608415,0.66946893007519
4577,0.0293806909312459,0.0863748753273565,0.253030940601552,0.671175113523356
4578,0.0293472231578562,0.0866395612843325,0.257443865908896,0.651920176112605
4579,0.0294590571242721,0.0864432222926116,0.255726194454048,0.695887161875516
4580,0.0294233416081963,0.0864080230600289,0.253837549041215,0.661960756830366
4581,0.0293656131453854,0.0865412477450704,0.256798864936087,0.689049912950027
4582,0.0293975771648663,0.0862116728228154,0.250097333419597,0.635523567660729
4583,0.0293152060880656,0.0864045498365552,0.250504935400732,0.670613348371759
4584,0.0294211096588799,0.0865837230044042,0.256355377126556,0.653225273873507
4585,0.0293316065557893,0.0863990430448717,0.263657564735702,0.658823855592803
4586,0.0294249451368595,0.0865166070740847,0.252969204984429,0.633355565317378
4587,0.0294467269709276,0.0870478187136653,0.254669940685967,0.6767200001312
4588,0.0294067117450649,0.0871765386368809,0.258053232573378,0.646808523847354
4589,0.0294328145559027,0.0863635199004074,0.256729290698215,0.728941441587707
4590,0.0294362174164063,0.0868737220212813,0.251434610230309,0.654924175119063
4591,0.0294991497977084,0.0876950676569226,0.256432797335031,0.694864226298521
4592,0.0294513453594359,0.0872238722777612,0.253239106025152,0.628603490065145
4593,0.029401237798377,0.0864431855231021,0.250044349651019,0.691883805352014
4594,0.0294187603839099,0.0865053313217891,0.251763351847885,0.6812682909699
4595,0.0294137450662206,0.0872551821716291,0.256272771248973,0.662345893118798
4596,0.029427548183539,0.0876597193509817,0.259920611197206,0.670191673512419
4597,0.0294921911766208,0.0870033502623616,0.255332010079051,0.657689611641717
4598,0.0294112465460623,0.086754035852151,0.25278857769155,0.646285610720751
4599,0.0292983384517307,0.0851777873100093,0.255938991622535,0.687412473709035
4600,0.0292863253508107,0.0870554835744005,0.258050341517763,0.674802142979912
4601,0.029396825110497,0.0865349943472644,0.254324233081286,0.672721789623919
4602,0.029341115686914,0.0865986645255959,0.256124711496324,0.636510511578415
4603,0.0293546936713594,0.0864585967118095,0.25242021000072,0.615986514518527
4604,0.0294237473746352,0.0870752899467972,0.253163990029015,0.682477793615164
4605,0.0294163737187192,0.0868491751809399,0.254630076704485,0.669582278248271
4606,0.0293888809873172,0.0857580404022339,0.248439116157028,0.660893530706025
4607,0.0293303089100178,0.0863949856845619,0.249734516954381,0.678941458445597
4608,0.029404744556362,0.085613397439067,0.253394398473746,0.678256695568983
4609,0.029312267906101,0.0860276886325148,0.246037478360305,0.650264210308275
4610,0.0293873823744686,0.086955347017886,0.251814044056292,0.677859398636584
4611,0.0293826512559537,0.0863547462830517,0.254822374910314,0.639204102005581
4612,0.0293970591491594,0.0866017912865707,0.257233610553108,0.642565599116505
4613,0.0293985414048692,0.0869767301321958,0.253377769450849,0.643234624699961
4614,0.029338854294377,0.0861260448798928,0.255721913842976,0.678487247372772
4615,0.0293739793272737,0.0861638643615651,0.248899725490145,0.640700232796543
4616,0.0293366745147334,0.0869542171074518,0.25444101687462,0.64312041961025
4617,0.0294886089183314,0.086244019642456,0.252572412643461,0.629585667973302
4618,0.0293593970777063,0.086541737309858,0.257936810603427,0.69962531265296
4619,0.0293604085523993,0.0867240463113192,0.255248785743361,0.639096172845076
4620,0.0293591620063455,0.0863783580326001,0.254182936927827,0.687515753491486
4621,0.029446241092408,0.0855895262686783,0.260822127446865,0.669376796457092
4622,0.0293678970420376,0.0873541323821398,0.265148448499371,0.656558441760647
4623,0.0294909349302436,0.0862732842026818,0.253414653469686,0.655831645953149
4624,0.029387274522358,0.0861811209759172,0.252549690162997,0.665180672784668
4625,0.0294551630745545,0.0870402467856814,0.257352782826131,0.660494043672047
4626,0.0294360630805974,0.0862972522239034,0.256349702757661,0.68951484429474
4627,0.0294781872037411,0.0867441045945221,0.261454713743155,0.690906525743805
4628,0.0293288041995243,0.0863286111271031,0.254116993998511,0.651478207810143
4629,0.0295022597622757,0.0871499219054356,0.258987093691136,0.641199375692858
4630,0.0293885789644164,0.0868195189965869,0.253224940257297,0.638017375996005
4631,0.0293998463503313,0.0870034908881588,0.255880517590673,0.648989624313832
4632,0.0293655339871977,0.0866239318593968,0.253185579354688,0.664323025195552
4633,0.0294353209225083,0.0869343352451794,0.257495128548927,0.669752246797683
4634,0.0293355254946124,0.0861477742382293,0.245159173774169,0.663148716393376
4635,0.0294016393518258,0.0866952874604652,0.255678723721049,0.656847602483426
4636,0.0294470025532148,0.0867138751958852,0.256448692948563,0.653558706431519
4637,0.0294073691460604,0.0868014377487764,0.25541374809963,0.683136759213283
4638,0.0294155264338716,0.086477064906229,0.259343615208347,0.643849936584987
4639,0.0294407083693593,0.0870568140674331,0.260215258183436,0.685252236478549
4640,0.0294113115913372,0.0867863273732809,0.256163337627404,0.71651968190877
4641,0.0293136456530244,0.086771717212213,0.259861835362457,0.710560951132155
4642,0.0294474234849787,0.0860458746253661,0.249288510975647,0.641887120546688
4643,0.0294030856674764,0.0871844708667737,0.257256559432666,0.648798885789907
4644,0.0293889339325767,0.0862626936290035,0.251947822255037,0.645504697160704
4645,0.0294176401020012,0.086447210443639,0.257509459583889,0.624499297852531
4646,0.0293037435670111,0.0865680699273669,0.256279168756808,0.666219762519673
4647,0.0293813717233058,0.0876005333786612,0.253235131040096,0.652823016679998
4648,0.0293566367866755,0.0871098681589793,0.254334363212172,0.667989646689601
4649,0.0293669340412997,0.0868569881530191,0.252997934217644,0.652144679304282
4650,0.0294484302895702,0.0864498049029718,0.256045727467004,0.648504526392233
4651,0.0294499694281369,0.0866411209143626,0.250470030660644,0.679891109364755
4652,0.0293574288909589,0.0863509752368711,0.254068468998996,0.660715128201037
4653,0.029336238952776,0.0871220345963458,0.260161779271387,0.660998755009074
4654,0.029432900648793,0.0866122898793296,0.243731828622702,0.629346405840902
4655,0.0293080555102329,0.0862362273855797,0.260237101967081,0.653520756254531
4656,0.0293645529652424,0.0863317997355098,0.245547846670421,0.676248270463388
4657,0.0294383565405362,0.0864879868367063,0.256067543174103,0.633070574197092
4658,0.0293253290365066,0.0865095790082436,0.255530262718697,0.6496890912433
4659,0.0293648257994425,0.0864158681309818,0.251387544507121,0.649122227976116
4660,0.029386099606891,0.087284252817363,0.250071227149314,0.685397467709604
4661,0.0293783065615102,0.0865091081916303,0.256123442535478,0.714089403494546
4662,0.0294006168031624,0.0871633534291504,0.26201130670198,0.676395873692963
4663,0.0294129145183682,0.0869747516159588,0.254285419381641,0.661415492658403
4664,0.029437829573825,0.0864752520379525,0.253790911286882,0.639131746073396
4665,0.029395050203241,0.0866356245250704,0.256820200306219,0.641993579294799
4666,0.0293778835826949,0.0868064526231691,0.255990253611042,0.707302417207998
4667,0.0294050614701456,0.0869556937153436,0.252289885895734,0.636195780061945
4668,0.0294520326759,0.0870412658198637,0.256152424157458,0.699873560886573
4669,0.0294534060821454,0.0862562711853765,0.251569605589049,0.639246701419809
4670,0.0293486042389733,0.086484062768684,0.254722711389625,0.64216759672938
4671,0.0293693543874322,0.0867797699963658,0.25450178905866,0.708977405826319
4672,0.029393003413822,0.085818618720088,0.251972535613767,0.630544455419423
4673,0.0294498012762371,0.0876018781530875,0.253671336271684,0.681749170217916
4674,0.0293461807011746,0.0867714594818419,0.24672478843889,0.66884284190728
4675,0.0293851858673108,0.0874509372826666,0.249954675234177,0.644082067906632
4676,0.0293463963828679,0.0867348903488442,0.255461493112554,0.668994742984422
4677,0.0294391935590022,0.0866037297627367,0.248371230505467,0.663116011958121
4678,0.0293556512252391,0.0863037038933386,0.256276666557704,0.650685685868261
4679,0.0293978858799721,0.0867404342570422,0.256932820498956,0.622185690678628
4680,0.0293567811312066,0.0866355701703663,0.252960173678105,0.652893398209625
4681,0.0293319498122164,0.087117292013542,0.253797363597237,0.643147469311999
4682,0.0293548737177337,0.0858915268927721,0.256978859574265,0.669836919663091
4683,0.0293919435872535,0.0865525048199871,0.251172097936709,0.616416302582014
4684,0.0294908426225946,0.0861843726330219,0.256290782538853,0.656484271600245
4685,0.0293439637852685,0.0867430081513605,0.264150590473827,0.684406776242952
4686,0.0293216834376225,0.0859819770580663,0.255042350676759,0.668309187811561
4687,0.0293838354443447,0.0866859447382601,0.257479347264998,0.674077529816811
4688,0.0292591379015594,0.086857381408378,0.253820891377275,0.661850379609855
4689,0.0293865125627581,0.0872323526781602,0.251396927945684,0.712722035291625
4690,0.0293598035612629,0.0862032123124075,0.255295620140687,0.654896192031429
4691,0.0293887156043253,0.087513719825223,0.262145367655621,0.676999188146487
4692,0.029413886340607,0.0866811051847283,0.251178435350092,0.654830587745297
4693,0.0294965336959159,0.0869738927825975,0.261407468483613,0.660435532531934
4694,0.0292505526790628,0.0864028803467773,0.263893444377549,0.659229774826834
4695,0.0293781787017048,0.0865067145824939,0.257812389253686,0.665341085075254
4696,0.0293918547249435,0.0864110603208704,0.246206992079685,0.679549942596981
4697,0.0293700491938339,0.0870485307527486,0.253683810639442,0.667378266269722
4698,0.029427209908276,0.0870077288840317,0.251803546680205,0.630932192494329
4699,0.029405685993,0.0865884375929884,0.258269544964301,0.708254523570722
4700,0.0293639880128442,0.0869809845311217,0.259336394883413,0.648365760996981
4701,0.0293235616546491,0.0858943000595558,0.250524200034546,0.653627909612183
4702,0.0294072938298669,0.0866693019101595,0.25767345678425,0.65378407863855
4703,0.0293373237941035,0.0868780637465626,0.253871190903276,0.643380610685191
4704,0.0294231986213689,0.086351225278536,0.25311664814943,0.65925485954133
4705,0.0294809408443697,0.0868374951149019,0.256215459736538,0.640332969895182
4706,0.0293970991672502,0.0866665274434027,0.250112939743501,0.68249995749394
4707,0.0293771683627432,0.0871468063710635,0.255211520263084,0.637165454997593
4708,0.029503976120589,0.0861819300935225,0.253345554957449,0.695486797278048
4709,0.0294457798906581,0.0872284808606605,0.254239632849402,0.636524322684665
4710,0.0294023075498871,0.0860191026773493,0.254037857176698,0.643893305921467
4711,0.0294137044413628,0.0863253244223009,0.251186987988694,0.63235596335779
4712,0.0294261056104942,0.0868419049504285,0.257650573853072,0.649475147377319
4713,0.0293639432738798,0.0865325481435142,0.250169520615006,0.634336567248495
4714,0.0293771799504554,0.0871735332062171,0.255355473212093,0.665825241774925
4715,0.0294074168315952,0.086327398226588,0.249729408640829,0.651237034419494
4716,0.029365763653413,0.0875346562707825,0.255123409648222,0.652695296904251
4717,0.029321519682174,0.0867962598482476,0.252185020287545,0.659654753695458
4718,0.0293803897872325,0.0868516762890202,0.253451393453079,0.672012943660934
4719,0.0293589781000196,0.0862000202948144,0.256082270098025,0.693472303951678
4720,0.0293768714377278,0.0860988944710859,0.252694116402627,0.671909484417321
4721,0.0293319321599458,0.0867248531134601,0.253782689413215,0.669675667872126
4722,0.0294212169628294,0.0872686315125977,0.247740476888314,0.644475255209819
4723,0.0294546406143696,0.0868745965147063,0.252308753024532,0.646268534418996
4724,0.0293725232042505,0.0868658389768417,0.259052118188242,0.649515930197531
4725,0.0294852151361836,0.0868798680506826,0.253695772617227,0.662329867143223
4726,0.029364814101472,0.0859857370561959,0.255603599325805,0.689222440086531
4727,0.0293675573478792,0.0863967634964551,0.258458846688569,0.700663398047547
4728,0.029397962599857,0.0868298849273889,0.258489679767688,0.682500811199662
4729,0.0294728096691808,0.0875471961241794,0.252590423076098,0.661411555428244
4730,0.0294403588325792,0.086481657125301,0.253412151786756,0.652083659330715
4731,0.029300554088842,0.0854769942144242,0.255719943445153,0.667804082912864
4732,0.0294079251197227,0.0870104258508785,0.261697620809688,0.668709308953982
4733,0.0293617044606817,0.0862006345212744,0.254639893319748,0.607291307452943
4734,0.0293978280356845,0.0873084734301467,0.253531117301731,0.635887791878546
4735,0.0293717825642093,0.087109136277611,0.260285522696674,0.677816661311872
4736,0.0293973672826899,0.0868481989740217,0.250883998821826,0.635904634287418
4737,0.0293046828870841,0.0864152256089583,0.256159782762257,0.657536295867751
4738,0.0293957451275912,0.0861299224327689,0.254545894821276,0.664829793634359
4739,0.029312292010893,0.0862194249717338,0.254484835022133,0.659543527014419
4740,0.0293220684254631,0.0871335228971406,0.258805783330221,0.638795157511469
4741,0.0293825465355196,0.0865921544793386,0.250243188573923,0.656344988082235
4742,0.0295007030290129,0.0869772927957324,0.255328401006137,0.639534678099858
4743,0.0294223973285018,0.0859301423818048,0.252743704487306,0.698975184184088
4744,0.0293783510871984,0.0867853175904253,0.262014922439012,0.659926752381362
4745,0.0294687040345431,0.0861337145680219,0.257412577420732,0.677914640641483
4746,0.0294472374936949,0.0873894393609491,0.259758682000374,0.689171805621478
4747,0.0293451964475984,0.0867752210610695,0.25644394739694,0.678578499455325
4748,0.0294274450464179,0.0861154674263889,0.250604761709159,0.640546311493748
4749,0.0294015212899636,0.0868024847574909,0.255356450108964,0.692299639491413
4750,0.029357982352085,0.0868003377092814,0.251850157907759,0.677280564319385
4751,0.0293989978998778,0.086957032894814,0.253899768855773,0.653988985798047
4752,0.0294055888709394,0.0864656274640987,0.249853517157943,0.646675181419638
4753,0.0293672734585245,0.0866210981276469,0.254303878091565,0.657175504303089
4754,0.0293993903795749,0.086154996435332,0.258633639851243,0.64379104223386
4755,0.029378607904361,0.0872601371382305,0.253179626911762,0.660618641929998
4756,0.0294293094465495,0.0877340771186601,0.259050146732051,0.672108399499629
4757,0.0294386048401692,0.0874065364366533,0.253418926065977,0.648627609268733
4758,0.0293238985076308,0.0863767919801588,0.247955304909043,0.680791438480288
4759,0.0293940586725917,0.0862592343410832,0.243043652258357,0.664361995506083
4760,0.0293795726446109,0.0865409643419498,0.252554287552303,0.630026181910848
4761,0.0293888295417756,0.0863269990806567,0.246692690636903,0.665983972680433
4762,0.0294335306546986,0.0868391983658865,0.259945562554744,0.644470453155632
4763,0.0294010603915417,0.0866594262149945,0.248565874552294,0.660837481757408
4764,0.0293967078184528,0.0877683663517798,0.259129348599125,0.664313546231659
4765,0.0294169464152264,0.0867211820719823,0.251774964800099,0.631101441989268
4766,0.0293869084638117,0.0865921205501388,0.250314154205182,0.641323496987342
4767,0.0293736492617188,0.086897363812314,0.259180190218205,0.677754466709485
4768,0.0294307575474315,0.0871908860498451,0.256201131491029,0.654325983672674
4769,0.0293600598761019,0.0862623885731769,0.246033664667033,0.648320210351037
4770,0.0293330475638066,0.0860500575892326,0.25148300357803,0.610204771473385
4771,0.029481772706566,0.0869430803710723,0.256744751828015,0.62329805462594
4772,0.0293514105231165,0.0863854194140523,0.248840849375772,0.641558055510068
4773,0.0293590934387834,0.085900089986102,0.248961913057148,0.65977491608005
4774,0.029461472463471,0.0864169646932169,0.25691685993182,0.635051784160534
4775,0.0293778112857595,0.0859048310942609,0.250461459514258,0.671600787083
4776,0.0294381972488544,0.0868581249832101,0.248804333431478,0.645305201128337
4777,0.0294107435843596,0.0864873813203054,0.253522633022046,0.647250026884438
4778,0.029427378543913,0.0870677525207189,0.258593028169361,0.661102823066714
4779,0.0293533618006556,0.0858342429013527,0.251336380317063,0.629405076799242
4780,0.0294031422404074,0.0873709329159515,0.259434690920363,0.711735631257
4781,0.02944772914346,0.0866781893597201,0.251109915685854,0.618406629255833
4782,0.0293989761307462,0.0868352552690548,0.251947638963332,0.677387379705793
4783,0.0294197147031752,0.0868454254688516,0.257441415306771,0.688591615417046
4784,0.0293354151089886,0.0868260941711285,0.26020861715833,0.650535283220388
4785,0.0294541961092388,0.0869241397193367,0.249739254654412,0.62094060672296
4786,0.0294237777423512,0.0868490906890028,0.250513410026365,0.663432034276176
4787,0.0294379549059269,0.0864560724358648,0.254616454092517,0.668222803358194
4788,0.0294898117852029,0.0863599622615183,0.248016368875905,0.665199736278405
4789,0.0293945029298955,0.0872656885248834,0.249821311701102,0.646735516690271
4790,0.0294094238417718,0.0862599977583757,0.251766205711739,0.652283139687121
4791,0.0293937238973853,0.0864662357557866,0.253686454021603,0.673670507286458
4792,0.0293187382407402,0.0866302443671767,0.252701640535378,0.673859697078857
4793,0.0293030127625109,0.086104105577704,0.252501857991788,0.668005120395709
4794,0.0292878854850972,0.0858780575336975,0.254305951679444,0.645305660454039
4795,0.0294466948443327,0.0861112533551653,0.254763011746005,0.696599864023607
4796,0.0294505126119033,0.0865059376643129,0.261194298234529,0.652172070401472
4797,0.0293344629829794,0.0870259374953975,0.254928684444229,0.695544840309567
4798,0.0293632763939861,0.0860370729889189,0.251688808089917,0.652811254714631
4799,0.0293748006094805,0.0864338844605881,0.255633142485472,0.656878677173736
4800,0.0293387394183025,0.0862685663118291,0.253002997897849,0.662128699609608
4801,0.0294063045060424,0.0868716668788709,0.254362379291513,0.638518630558898
4802,0.0293815842572554,0.0866981754200688,0.250237392559621,0.648437878003188
4803,0.0293515608490735,0.0864972119272218,0.257194233815553,0.653828282378557
4804,0.0293962365980879,0.0869325035393688,0.25738190935249,0.673970827996406
4805,0.0293187114481931,0.0866050960734185,0.254656931917185,0.645110839886156
4806,0.0294487446918347,0.086383687394991,0.254675432616913,0.643744102712784
4807,0.0293842574124096,0.0867614376182178,0.255238235671322,0.649434360569482
4808,0.0292936928896383,0.0863336720193816,0.255730623752892,0.668444404062319
4809,0.0294175842549068,0.087013238491031,0.25600468147587,0.655916654675237
4810,0.0293547022438722,0.0861219499529496,0.258568760226544,0.671034993375176
4811,0.0293163269275124,0.0861297246326013,0.248565472302466,0.643780010378384
4812,0.0294031442316685,0.0868092583834532,0.255376357279329,0.653289643154765
4813,0.0294149732023793,0.0863746800522763,0.244220164538871,0.65221054137308
4814,0.0294558790113585,0.0868503047389481,0.250808237073784,0.675541485973137
4815,0.0294287667401589,0.0862706056131773,0.246785266304885,0.612672634456806
4816,0.0294092757387239,0.0867742411072076,0.26010917305922,0.696623984730888
4817,0.029421313217689,0.0868879104725566,0.251179026236705,0.697714536344057
4818,0.0293347986170365,0.0862691901320199,0.261043222061127,0.65147365786755
4819,0.0293879632059584,0.0875193107999824,0.252879497316853,0.675747894138653
4820,0.0294182809199322,0.0860982766124189,0.256503691775636,0.634569911984964
4821,0.0293566976158437,0.0866090259374559,0.254256963187401,0.701410529630401
4822,0.0294502670178908,0.0870964087926461,0.251936404176619,0.641855389925315
4823,0.029372669640019,0.086655195084691,0.253839204870318,0.673571611314638
4824,0.0293278693097606,0.0868440834414387,0.253959018676224,0.640835917968264
4825,0.0293466641181276,0.0862631651359698,0.249418890835451,0.662595746225281
4826,0.0293177437686518,0.0862771725188172,0.250577711682499,0.65804269851637
4827,0.0293868638442622,0.0867201050828017,0.253873109988706,0.661950479352317
4828,0.0294206320871047,0.0865373094673273,0.254138335412371,0.67461482504428
4829,0.0294295272030509,0.0871552274539687,0.254814879989506,0.690789436810772
4830,0.0293802016305814,0.0870082586655028,0.257660836175423,0.677055293664642
4831,0.0294076938568406,0.0871299236540865,0.261136125989511,0.689127439003748
4832,0.0293989639153946,0.0870393524238385,0.255170943551637,0.672490003664606
4833,0.0293418431621159,0.0861215455664463,0.250274712375139,0.642806476232443
4834,0.0293759131317549,0.0867702554410907,0.253906703145333,0.62977038716085
4835,0.029470154541053,0.0869545169054633,0.257998922470183,0.65520683583803
4836,0.0293211611833315,0.0869428670377314,0.261906724822151,0.664855512923055
4837,0.0293327620029421,0.0870802022431962,0.250845272398004,0.692750523794742
4838,0.029323711289742,0.0863371812841299,0.254828739545078,0.628728326025497
4839,0.0293691074201198,0.0875613046160724,0.258096510851734,0.631694496543281
4840,0.0292930878940277,0.0862932403140771,0.256355973575269,0.637363360506988
4841,0.0295013153163249,0.0867558351623628,0.248825027210883,0.634751982648448
4842,0.0294244946399413,0.086410291697924,0.257953947561358,0.641040944456246
4843,0.029516480691302,0.0871824944524035,0.265884232142565,0.697491963596518
4844,0.0294655681913612,0.0863542032168234,0.255046948026651,0.675275974941155
4845,0.0294092392511262,0.0866433143574107,0.255381144341466,0.693344347998647
4846,0.0294132977970572,0.086511979820303,0.253533178171535,0.69169755642257
4847,0.0293057627922312,0.0866711032026007,0.257354433479817,0.64960869557195
4848,0.029374183764156,0.0860096139937188,0.249888500789266,0.657622920246241
4849,0.0294349333130058,0.0869678585623742,0.260884420026596,0.678135094658679
4850,0.0293631760467287,0.0864396182956795,0.247385376391816,0.639826011630456
4851,0.0293768794907357,0.0862403959917708,0.254296010557002,0.664313796387987
4852,0.0293869656809186,0.0862965883615831,0.255349870263742,0.625954338690962
4853,0.0292706256423265,0.0856600456572756,0.256470470475758,0.68751508925345
4854,0.0294193544909776,0.0862728579746793,0.252007126984026,0.665404346579689
4855,0.029427228338045,0.0865072826227494,0.252874897052033,0.686131248443636
4856,0.0294461890051095,0.085944135828158,0.250703397740753,0.614273619291374
4857,0.0295334093812464,0.0865823931004575,0.256337586038999,0.672747384800946
4858,0.0294950350932437,0.0869767749501198,0.253337861788554,0.635566621161576
4859,0.0294670030593121,0.0866288007262408,0.256354373449411,0.679702848523292
4860,0.0293649439107096,0.0865450822265956,0.249657123718713,0.6433658496212
4861,0.0294335026366289,0.0861472566029986,0.248961004550774,0.677016548473578
4862,0.0293695138925074,0.0870925554579343,0.249468820706938,0.685911210638312
4863,0.0292826525357975,0.0862906822869319,0.247512159009219,0.640849492629725
4864,0.0294098232807783,0.0865361467676225,0.254711164558084,0.677212085782425
4865,0.0295009867319174,0.0869957723329302,0.252278020604666,0.65646780429082
4866,0.029425349430143,0.0871180391180852,0.249706859310832,0.669970840062612
4867,0.0293804686898517,0.0861949660507037,0.255388370912267,0.666753478351999
4868,0.0293941374408588,0.0864302083908352,0.254050630898102,0.6605144385883
4869,0.0294059691087929,0.0858659466600065,0.25089240101688,0.631395121711348
4870,0.0293533207088206,0.0861447095986624,0.250776198137475,0.647940904590201
4871,0.0294126782890176,0.0859347444190398,0.253176820388798,0.684806910047696
4872,0.0293530893165892,0.0860847652695658,0.254123787591867,0.691015733479832
4873,0.0294960250269918,0.0873237924996157,0.256563176595192,0.651444969418559
4874,0.0294763076461254,0.0858565356290394,0.24875161785247,0.639402105292317
4875,0.029437884654895,0.0874671639638287,0.255328473647517,0.636424179307338
4876,0.0294370150874334,0.0872426810886762,0.257883189527754,0.625102597495318
4877,0.0293487012594946,0.0863064444693941,0.256826268901942,0.682019713784083
4878,0.0293873758094263,0.0860223410475966,0.257830556870634,0.700830325945537
4879,0.0293952863081314,0.0871010548078326,0.258234441832207,0.629317491570779
4880,0.0293407751266393,0.0863855841790776,0.246373179335272,0.654091692600944
4881,0.0293649307122283,0.0863153799804988,0.248942683096304,0.668329949695933
4882,0.0293237145987767,0.0864869056555416,0.250479088067631,0.656067443114443
4883,0.029447056164423,0.0863901899904575,0.255736010231539,0.656575088446315
4884,0.0293148929671007,0.0861136538422857,0.260120096282874,0.675132091288547
4885,0.0293040421921939,0.0857043266496795,0.246217515229409,0.649649384558136
4886,0.0294178810426382,0.0858917775849635,0.258038991386867,0.65900735095855
4887,0.0293959485951783,0.08662614488457,0.259617146820001,0.643441689554146
4888,0.029491835091408,0.0869091886072496,0.250222343433728,0.633284061737612
4889,0.0294401088892285,0.0870868457853542,0.254977183679651,0.717551435948639
4890,0.0293678153072452,0.0866017750408787,0.252895663407363,0.626073544924546
4891,0.0293361504231475,0.0862740878429939,0.253797297759842,0.625880146802757
4892,0.0294260337258731,0.0870112517084634,0.25041322908647,0.6346574190221
4893,0.0293905911940853,0.0857239549968008,0.249923289057585,0.686620280259305
4894,0.0293667992329598,0.0871272911549725,0.255131826354686,0.649341185760683
4895,0.0294332588761492,0.0867481608825458,0.255325472764838,0.637114105159663
4896,0.029334353232584,0.0863582670075172,0.256029001612267,0.636982491700239
4897,0.0293832053988258,0.0858762172327733,0.255973325230996,0.665551775868754
4898,0.0293909917701924,0.0855513044862002,0.250213471187958,0.670130488595182
4899,0.0294055168194645,0.08673451275192,0.255377671162932,0.643544344746651
4900,0.0293343759246073,0.0866863949222055,0.254996957326129,0.624404194980978
4901,0.0294028680670796,0.0869827116241565,0.255417059134494,0.659000510088091
4902,0.0293790730981592,0.0863461676722568,0.251033607030614,0.684545027517447
4903,0.0293661559747233,0.0863656182123039,0.251358375916236,0.648354279459564
4904,0.0292838406473692,0.0864673895429058,0.25093265479827,0.63150407163672
4905,0.0293828899265874,0.0862124288749812,0.253374000210292,0.665138205381718
4906,0.0295200856024792,0.0872150184010629,0.258016476706677,0.680357925729186
4907,0.0293484418637004,0.0864882726346655,0.257020139066546,0.672728357834726
4908,0.0293956661080647,0.0863927331744363,0.253176645259484,0.676737960803947
4909,0.0293295046162658,0.0865252965038215,0.259564324126556,0.670287974635814
4910,0.0293848661020288,0.0864980890296505,0.253458250087227,0.666317224637404
4911,0.0293667474195226,0.0862162194591342,0.257849492366398,0.67752507725223
4912,0.0293592767896571,0.0862000346429921,0.25973017706577,0.629172212994002
4913,0.0293165196020919,0.0867402216582743,0.251229585474718,0.656026525122966
4914,0.0294806260270227,0.0873076776814183,0.254946002713795,0.675140103973234
4915,0.0293951602472405,0.0862589440893188,0.25403799879526,0.664498892180423
4916,0.0294123561171293,0.0863750966551904,0.2511476457731,0.62428928128761
4917,0.0293692590455496,0.0861600127555898,0.250685525851862,0.642951776040722
4918,0.0293312479747998,0.0871923159834089,0.257243620131803,0.683198565397899
4919,0.0293499690015487,0.0865279184922623,0.256212517278258,0.64846725104014
4920,0.0294941293851225,0.0877123563589321,0.249939062899801,0.663085168332731
4921,0.0294321224342836,0.0859302880354122,0.253453976282032,0.663439936219782
4922,0.0294381381033484,0.0866601345224841,0.254676173489941,0.63263571419485
4923,0.0293741847288598,0.0872993590316426,0.264772756956383,0.716750976285095
4924,0.0293717758871103,0.0856275344213804,0.256733246097148,0.645382627320232
4925,0.0294171379919197,0.0868915734179765,0.248558760732741,0.652316772119386
4926,0.0293595015983515,0.0871406409710117,0.252959790015734,0.623621046531498
4927,0.0294927543328529,0.0870309577366688,0.258747869774777,0.686281714176104
4928,0.0294330268767303,0.0861715948054986,0.250652028388721,0.712148554272374
4929,0.0293673999018016,0.0869259934756497,0.252299526234151,0.651314125999746
4930,0.0294783507275877,0.0867900566645697,0.258710715204347,0.654917174165485
4931,0.0292919472578201,0.085967957980953,0.253648964520549,0.68681329835819
4932,0.0295040784347616,0.0864000303436564,0.245732941024146,0.688208721418612
4933,0.0294869053450665,0.0862335249681694,0.250875610486714,0.632398687616154
4934,0.0294156601891398,0.0871801496670012,0.252896927467071,0.637077814650184
4935,0.0293518392393291,0.0870081178064363,0.256144900379422,0.648843176147268
4936,0.0293806935033233,0.0863948255780766,0.252603774406295,0.666194666707214
4937,0.0294527333075174,0.0864424882596267,0.25125031447448,0.661709089611864
4938,0.0294556595647415,0.0874046858420118,0.248284112201239,0.692945706788069
4939,0.0293595013214879,0.0863714776912682,0.247212462105772,0.622302007022255
4940,0.0293442511288466,0.0864171271606547,0.250987310952434,0.638643632199872
4941,0.0293295276997614,0.086581246441683,0.255389083460507,0.652206826137402
4942,0.0294208889105108,0.0860032012681725,0.259480592932896,0.646568619041148
4943,0.0294625628408366,0.0869031745671938,0.257894640024104,0.655536199010979
4944,0.0294314912806796,0.0862186323246082,0.258185043490876,0.700324433308488
4945,0.0293672151724781,0.0871716730389613,0.263267290275552,0.72227731484554
4946,0.0293565809843836,0.0860852728608793,0.254422372341687,0.657174194067346
4947,0.0293686365098658,0.0869586783816732,0.253766553741426,0.673166434378466
4948,0.0292847029229149,0.0860207193506521,0.256649811708968,0.690504074582714
4949,0.029414303141436,0.0861424628116261,0.256472702106831,0.613299189875178
4950,0.0294280067342812,0.0872289847791345,0.251444477767102,0.639400985103246
4951,0.0292581307143293,0.0865862806670452,0.250710513321145,0.624777564546722
4952,0.0294583732568627,0.0861411620791986,0.249780033446455,0.676888761513274
4953,0.0293890595018601,0.0863085017244413,0.251189004313996,0.656374879592278
4954,0.029391220031011,0.086178130194607,0.24937149375279,0.684029012925566
4955,0.02939966920394,0.0864563410397291,0.257750722426206,0.70978447427052
4956,0.0294079488743437,0.0870054414910486,0.260203029626165,0.68518178697168
4957,0.0295264307510424,0.087277298374587,0.257548526731827,0.648843368599752
4958,0.0293411350039973,0.0861384783495726,0.252062148389923,0.621669194013756
4959,0.0293262599476365,0.0867099283306742,0.250349628883781,0.642805492597434
4960,0.0294643760703072,0.0866425532421168,0.255359284208173,0.663685424281188
4961,0.0293755778788455,0.086540866906898,0.250250412607345,0.641909089383089
4962,0.0293647692487048,0.0861038763500809,0.25013391140979,0.622316116037515
4963,0.0293423694200024,0.0877100177253969,0.251039240975915,0.675886639444623
4964,0.0294501240414772,0.0865363109286259,0.255500423972631,0.682045210748172
4965,0.0293215508074089,0.0863579247255214,0.255079621020721,0.640348870123939
4966,0.0293316667778391,0.086798179239715,0.250891481205192,0.676829839571885
4967,0.0294700604351384,0.0864413178248858,0.253831319126448,0.665507848254644
4968,0.0293812309610554,0.0873320553377197,0.251188358502023,0.660380185537514
4969,0.0293546359560383,0.0870712425763633,0.248338255893393,0.646413626087364
4970,0.0293425868845036,0.0867862151661698,0.254928751067142,0.687771853323671
4971,0.0294152035947726,0.0869788811961108,0.256165659438066,0.723376874836632
4972,0.029422595639253,0.0865309111109712,0.259053399107371,0.636173810901244
4973,0.0293870876552113,0.0858880594206669,0.247293281197026,0.666582972846906
4974,0.0293973986464627,0.0867684837953841,0.255312152271606,0.633274058345337
4975,0.0293662616174354,0.085618409991804,0.252301137535626,0.645782990496652
4976,0.0293708149769557,0.0859384299176675,0.247314316625324,0.645893090774845
4977,0.0292832025661008,0.0853972429977196,0.252850391487378,0.648227797147231
4978,0.0293442080256374,0.08626346772501,0.253570114197553,0.664814349262166
4979,0.0293174884163353,0.0865193855576199,0.250542571162496,0.613622384569713
4980,0.0293675912822735,0.0872062862381722,0.254134970263244,0.636509662724425
4981,0.0294196700082724,0.0881307745451646,0.259315154326464,0.638586243565757
4982,0.0293249564351304,0.0866080287939886,0.258163439607866,0.654861586518029
4983,0.0294626261069692,0.087081007174313,0.253036569025645,0.617591475325793
4984,0.0293548644905181,0.0871570086194317,0.251704227568509,0.655240219901258
4985,0.0295049601308128,0.086099039377993,0.253055180721613,0.679176271596331
4986,0.0294026247326227,0.0869443830640903,0.253690486259402,0.684181567849978
4987,0.0294118010154353,0.0862936216108253,0.253265594483448,0.685787296600927
4988,0.0293297967468186,0.0863325571252343,0.259927148622199,0.686759091389639
4989,0.0293624982982368,0.0870064850358042,0.254850618512165,0.659238247144539
4990,0.0293607477299013,0.0865234836980503,0.248886372521607,0.658125518082398
4991,0.0293058681023641,0.0863130895534363,0.247889401976065,0.658592630264225
4992,0.0293861162374558,0.0866551685386255,0.255454359393589,0.683514915348588
4993,0.0293962182539121,0.0865299610142252,0.252582006007793,0.681023764105806
4994,0.029427362978376,0.0871062455580971,0.257214176152037,0.679062851269129
4995,0.0294071147860365,0.0864940049544348,0.26102113972796,0.637882792710223
4996,0.0293489344403315,0.086769683966241,0.247746407351775,0.626343939628037
4997,0.0294728321772245,0.0867869470765665,0.254536105152935,0.646903739295739
4998,0.0294331308464802,0.0862895567049818,0.252435280643816,0.648439112430041
4999,0.0293204147071672,0.086126697541977,0.254829146764849,0.67704534929857
5000,0.0294403356049877,0.0872917200367177,0.256245539976391,0.633596780096912
5001,0.0293190107139661,0.0869163173017533,0.25252988586796,0.676321036951
5002,0.0294517417362534,0.0872394333283545,0.251292404965135,0.696883426416007
5003,0.0293648160347429,0.0866976364404866,0.263247562061133,0.674209401654164
5004,0.0293815141952976,0.0869740742682771,0.252020183112536,0.646979562105343
5005,0.0293929308558218,0.0861205654564043,0.252624403592292,0.651650895560951
5006,0.0293793934644669,0.0856403148626195,0.246190602326546,0.665630023629218
5007,0.0294629279242349,0.0863169902523712,0.26018387558381,0.649369539079861
5008,0.0292936317542251,0.0861423544450104,0.252625107646295,0.672095514997049
5009,0.0293463148909564,0.0866424413747046,0.251520619095849,0.640875276312896
5010,0.0293714569641532,0.0856744297603882,0.257476762188895,0.691989338122866
5011,0.0292450804703194,0.0856667018885799,0.251076258142405,0.639992898158115
5012,0.0293881162912712,0.0867894328324259,0.258383149672161,0.624605968493913
5013,0.029306963707513,0.0869028739501367,0.259750226691591,0.663350199280025
5014,0.0293077079103893,0.0865877679588075,0.249730161899842,0.624516057921351
5015,0.0293949360012363,0.0873874206424363,0.262019168572006,0.716285679810485
5016,0.0293580880324183,0.0862948240202642,0.253179959695368,0.64508106258389
5017,0.0293840496475146,0.0862602978322989,0.255852135948499,0.663152723581613
5018,0.029348100973593,0.086427827893129,0.250274637061117,0.688715386463682
5019,0.0293504614742815,0.086353931181514,0.257860001572659,0.654823189651535
5020,0.0293827905143176,0.0861169107586592,0.260120051749402,0.684018164022373
5021,0.029339342134361,0.0865643492368656,0.253067092875153,0.666993010152671
5022,0.0294659435190119,0.0865819189071035,0.249053047201781,0.647785720248002
5023,0.0293737687883219,0.0859522209362415,0.247810486254223,0.64182613791271
5024,0.029485811569435,0.0866912139916849,0.25044705664535,0.63119640632451
5025,0.0293996035675948,0.0860739036860994,0.254169186289517,0.65752218233685
5026,0.0294553944842494,0.086615468544168,0.252651171681379,0.644288450273392
5027,0.0294384831040193,0.086528601385097,0.248807506477269,0.64853728860564
5028,0.0293958680442829,0.0864071783052023,0.257006814934818,0.665194057625527
5029,0.0294574091329625,0.0877010885773802,0.262086480040434,0.693136970621083
5030,0.0294101617833852,0.0866510282227898,0.257338831646039,0.650175603205371
5031,0.0293879752285426,0.0875258185715998,0.254393917430113,0.660915436622162
5032,0.0294278558311927,0.0862350166638707,0.250412714025046,0.667077310595803
5033,0.0293895936701616,0.0866367300262482,0.25548659088134,0.646459695736618
5034,0.0293596388737476,0.0874796265281501,0.253421043685555,0.684486281473946
5035,0.0294394277495584,0.086942517763566,0.253807738240052,0.635211815252232
5036,0.0293807578830072,0.0870303467928294,0.251187812334415,0.648925118401611
5037,0.0294832160176458,0.0867208914850666,0.254693640510926,0.687624947374622
5038,0.0293031139381012,0.0864780216040032,0.256244227188932,0.643116965473823
5039,0.0294544340686364,0.0868966438064732,0.254665436640053,0.649472191090684
5040,0.0294881907401393,0.0875489093061515,0.260235286066214,0.665516515064589
5041,0.0293849399965315,0.0860958536027485,0.251676013941213,0.671817012078887
5042,0.0294534891213848,0.0864909225749192,0.254692407142543,0.662581133117502
5043,0.0294821759349078,0.0866912463345847,0.258259219289476,0.6635523376719
5044,0.0293596127593338,0.0857776639941328,0.257389736712499,0.667403060105114
5045,0.0293993311781766,0.0867228565833588,0.254235893880855,0.665137010801704
5046,0.0293820635167006,0.0867223119659039,0.262185488738695,0.669989106486646
5047,0.0293559930514714,0.0866470963024266,0.253724653777671,0.624236724195393
5048,0.0293653584182592,0.0870774741633357,0.258589619059128,0.670525616640785
5049,0.0294622062122838,0.0863593472244579,0.260566394079483,0.672091958613784
5050,0.029375085629454,0.086295951187709,0.256681701583105,0.640654943749235
5051,0.0293755259648771,0.0862010190807585,0.252694955880948,0.648261803620117
5052,0.0293780350517582,0.0864815119608113,0.252614951503153,0.679307130445023
5053,0.0294346680036769,0.0868010461293537,0.256111993600688,0.696061792271865
5054,0.0294658327379701,0.0861806704034105,0.245103110478003,0.643502655659477
5055,0.0293289870129591,0.0865876431856016,0.254707179928033,0.680000961002416
5056,0.029472486053443,0.0869802512503469,0.255440504327642,0.645214373718319
5057,0.0294612529615818,0.0866500067143161,0.253272737392502,0.694886791116897
5058,0.0294171548421468,0.0868520818324505,0.258528827493058,0.718343622412608
5059,0.0294844418722487,0.0872685346710375,0.260660327121901,0.693724412591524
5060,0.0294047671025853,0.0861355038614164,0.252406026196368,0.634300521098383
5061,0.0293456740769067,0.0866932879854762,0.253050708146176,0.625474964462508
5062,0.0293165367474814,0.0863679502717457,0.251524926381935,0.665968896690921
5063,0.0293923621671339,0.0870921781202299,0.249765711494121,0.661471863817279
5064,0.0293085811043383,0.0860478867355408,0.250976012933032,0.663453574655488
5065,0.0293577006709792,0.0859876625451649,0.257770625611178,0.650243637608224
5066,0.029483679339388,0.087312159542611,0.258818918428657,0.637358447816254
5067,0.0294064769791066,0.0862041827230191,0.253867455041212,0.624744302563059
5068,0.0293831897336364,0.0863486573421369,0.256825742527832,0.649633806114275
5069,0.0294484259281962,0.0868774675325255,0.252690053448023,0.631029741028712
5070,0.0294343663774172,0.087284223222142,0.262565918159503,0.656233411415452
5071,0.0293916954558488,0.0863552276824359,0.246033273287653,0.641121697310311
5072,0.0293143531819167,0.0862446171781462,0.249471532996922,0.654882873205193
5073,0.0293899245897159,0.0854951132951092,0.252686269257941,0.622798538056334
5074,0.0294112287368465,0.0870344220090362,0.259115713502135,0.664526760171358
5075,0.0293217285647679,0.0863523407464115,0.256075325614105,0.684224254297169
5076,0.0293462083761536,0.0860689756207022,0.255141553430031,0.680037815337993
5077,0.0294632345912746,0.086738670406253,0.252404525357773,0.700987625474383
5078,0.0294803723818589,0.0869026157620565,0.261159897373625,0.667751721662299
5079,0.0293295840816776,0.0868851963301215,0.25777861245021,0.670966401074832
5080,0.0293963801497721,0.0865035174855815,0.255604186806566,0.658243863970328
5081,0.0293152600144713,0.0868808722157268,0.256011693388565,0.63413099525153
5082,0.0294070496957011,0.0862443286139875,0.253042833074176,0.667737511204402
5083,0.0293800509955833,0.0874781028621165,0.258419650391139,0.647264212138369
5084,0.0294072161114238,0.0864535015791798,0.258544904943193,0.659156404864024
5085,0.0294461827843909,0.0872744419291129,0.260611484091916,0.683587314519627
5086,0.029398857208319,0.0858940714406528,0.247637326802411,0.669133059019309
5087,0.0294810569575616,0.0862043545800392,0.255468386647979,0.616756111376415
5088,0.0294418575034339,0.0863546791694369,0.258369718725725,0.67603402097995
5089,0.0294103025470576,0.0862442903501571,0.256929386637249,0.660810734468774
5090,0.0294412018179035,0.0868124701020774,0.25846211718328,0.668516635798675
5091,0.029379670265543,0.0867181900090688,0.250101631126858,0.677628081338594
5092,0.029340853682872,0.08631041644058,0.251214557941026,0.639922403605026
5093,0.0294626633584232,0.0861526053247611,0.255220258900856,0.708782635866381
5094,0.0293814398363434,0.0862211278040515,0.249500936566982,0.672146743500882
5095,0.029495744046563,0.0874714542590856,0.255396374938282,0.651490783542173
5096,0.0293572030200421,0.086361789261638,0.259202573048852,0.652780005750179
5097,0.0293392397801601,0.0864354456749638,0.248468299857465,0.662355732737918
5098,0.029462316111855,0.0874621545364605,0.258085889708896,0.63065794782576
5099,0.0293726291228131,0.0874049352188401,0.255385331379,0.630315239047332
5100,0.0294194314762439,0.0866404552820139,0.259062722616157,0.652462211728045
5101,0.0294968208595354,0.0866139912827388,0.257838624507631,0.661537792287891
5102,0.0294280983373272,0.0862106640638371,0.257483401152285,0.653351802675515
5103,0.0294390412473543,0.08734699812504,0.252350899297078,0.665459288109992
5104,0.0293996490503469,0.086453867321762,0.253797887310026,0.626571518459553
5105,0.0293126618387477,0.086737086268774,0.25605501087586,0.668948808883405
5106,0.0293147405575835,0.0863170213679011,0.248374298843068,0.668020632660207
5107,0.0294965408878327,0.0864219712373378,0.260317005805028,0.68720211194896
5108,0.0292910585602433,0.086254645819218,0.253540179996513,0.676961798343708
5109,0.0293925665332365,0.0866734664067041,0.252705038232921,0.655272578010678
5110,0.0293873123277214,0.0869157179142573,0.256278863017775,0.643524931980431
5111,0.0293966432809417,0.0874492276637652,0.258797003730905,0.644768852177793
5112,0.0294061351029629,0.0868199598125096,0.254742138761052,0.678346948638682
5113,0.0293987590158567,0.0862797824495765,0.249542646111046,0.710314179398195
5114,0.0293752427603053,0.0872080871733519,0.253430652748148,0.618605123370655
5115,0.0294015877156296,0.0869343873877257,0.2563361803642,0.684173426744979
5116,0.0293869723016554,0.0865871441477048,0.257670581493787,0.652412228663431
5117,0.0293127880591536,0.0866454963144196,0.258052738233916,0.668257361306195
5118,0.0294255567263929,0.0863554628768827,0.255516474559081,0.686854930327133
5119,0.0294397047018768,0.0864434680059145,0.249796348303842,0.619085585713402
5120,0.0293885028358344,0.087648900124144,0.260007966642151,0.668115689066823
5121,0.0293646298742956,0.0860670275171989,0.250489727773951,0.649576798640649
5122,0.0293496106936074,0.0869605862844697,0.256912042902429,0.629012373915336
5123,0.0293821648452052,0.0860192889652492,0.251409758361677,0.65053495940394
5124,0.029383422686864,0.0865234869046827,0.255885905586673,0.667353311794929
5125,0.0294121969711357,0.085999986839602,0.247413860901238,0.638875935869127
5126,0.0293309263414159,0.0865809033312456,0.247180694757603,0.649258020332801
5127,0.0294842640994761,0.0871808149707076,0.260539357667459,0.683944190543947
5128,0.0294272051492525,0.0871456779528348,0.256150007041279,0.689277008056251
5129,0.0294150371917764,0.086018984452554,0.249705912861647,0.635305700639952
5130,0.0294358638553022,0.0866080735279029,0.255211038770278,0.605216848431874
5131,0.0293013606640396,0.0867994932845263,0.255666412166331,0.64961141090885
5132,0.0293766057273877,0.0870281727925,0.255612415651087,0.639892204846267
5133,0.0294665438666744,0.0870858909873143,0.257692670277241,0.66736165200148
5134,0.0294248232166199,0.0874890073759302,0.262520628233723,0.674844512533206
5135,0.0293869043938208,0.0861231386229543,0.252658943247583,0.656489281852865
5136,0.029327190149321,0.0866466462436264,0.249869989378912,0.639524182627316
5137,0.0293817092619026,0.0870333209266819,0.253675652864314,0.642228810412704
5138,0.0294007460542823,0.0864429335940692,0.251231335204825,0.689766426023706
5139,0.0294541453646686,0.0868824914831502,0.25729820750911,0.667590271847616
5140,0.0294161026655015,0.0861976513087463,0.251203378052555,0.646199076454469
5141,0.0294439291600001,0.0864813676533428,0.250150758505395,0.647725906183593
5142,0.0294686727511056,0.0862870336187055,0.249920507103791,0.645116420810058
5143,0.0293613910814175,0.086537848337271,0.256508822072891,0.684808707803669
5144,0.0294491948558453,0.087170295307882,0.252892299710121,0.60963919084855
5145,0.0293962458102253,0.0871664294942512,0.25869626045993,0.686501798838701
5146,0.0293800583064731,0.0868043509885652,0.258399594611185,0.671043931750653
5147,0.0294373858765005,0.0869924933685737,0.25839678798904,0.659323797313969
5148,0.0293941916261013,0.0862621057344721,0.252643852790303,0.666858348905532
5149,0.0293316075405237,0.0864753365970203,0.252211306352633,0.640347389165802
5150,0.0294138066105191,0.0874001636900548,0.249883769369324,0.669927538862243
5151,0.029366647116575,0.086059922919986,0.252474625087105,0.625709132400853
5152,0.029441054254225,0.0869785851248909,0.253913796779359,0.693443090294946
5153,0.0294588610277747,0.0866807085533428,0.25298433359752,0.672208508783566
5154,0.029414816739372,0.0866023200589728,0.252355807673269,0.676336278470504
5155,0.0293633108410098,0.0868070523699805,0.250660974007697,0.68689460392841
5156,0.029480143980672,0.0860360101308547,0.245993699121355,0.642462644300742
5157,0.0294070074601139,0.086603480372841,0.254267471363029,0.645796770660195
5158,0.0293954933020296,0.0870381539037266,0.261646410399335,0.657953248291225
5159,0.0294825043946014,0.0867124536823913,0.249507000600885,0.6469419905222
5160,0.0293587843131319,0.0865237191090829,0.251185285916794,0.682470337677867
5161,0.0293578842020033,0.0869955067279738,0.251238061012138,0.657930960473742
5162,0.0293005953464739,0.0865450055151348,0.252660825982476,0.645047007734873
5163,0.0295102838024774,0.0871825163790327,0.259921217052291,0.645677239885338
5164,0.0293017599583853,0.086385829986162,0.249988140955929,0.620847441970167
5165,0.0293393753275322,0.0865918656212815,0.25669866797631,0.689235104458009
5166,0.029362022783386,0.086644476540508,0.255035157957247,0.700581248008332
5167,0.029310833852145,0.0857377914027219,0.252783890652935,0.72577380494017
5168,0.0293573626035852,0.0866703972418284,0.247071460407303,0.657071229181878
5169,0.0294092459468243,0.0862840917814867,0.251250073464227,0.666394808589582
5170,0.0294217609341721,0.0872741257867314,0.247934880450905,0.650927491863171
5171,0.0293444739294173,0.0869735511878918,0.25624474959278,0.650660310105529
5172,0.0293693212736313,0.0858754898119042,0.244984275448947,0.639778581252163
5173,0.0293244399104961,0.0856059265959258,0.256437143820587,0.660681167092219
5174,0.0293968296043837,0.0871671436443824,0.255284682337438,0.644914752529115
5175,0.0294479127034703,0.0865477465015189,0.258372772512966,0.644535771156198
5176,0.0294168759541079,0.0865695254872413,0.249475562896623,0.657832830040135
5177,0.0294350944114576,0.0870934877971183,0.254907756725937,0.676762588128827
5178,0.0293855550944646,0.0870721610708732,0.258031556722065,0.705875097765743
5179,0.0293490188087945,0.0866966861727179,0.24946043728749,0.675245758327453
5180,0.0294188094903396,0.087558931937412,0.251461153627835,0.657556995967874
5181,0.0293333802159884,0.0866352890572655,0.249223609083247,0.630023811560515
5182,0.0293327471397777,0.0866295727364483,0.254994168109055,0.678735449533884
5183,0.0294846508161777,0.086468362653931,0.255305770508395,0.65440734524681
5184,0.0294042205325975,0.0863275832683455,0.252687093947338,0.628653850316362
5185,0.0293310131295952,0.0866410932147351,0.252037080286676,0.659382619643035
5186,0.0293800564819458,0.0868199547451704,0.246566226579604,0.6780971011623
5187,0.0294283090582645,0.0858044473496574,0.252254446886113,0.672464730235108
5188,0.029425142753156,0.0866169372693245,0.251501737820759,0.629450201432548
5189,0.0293639172644386,0.0862900729407299,0.255074858311757,0.656886120536683
5190,0.0294549034638616,0.0866709513113923,0.256309071556212,0.700172629565383
5191,0.02939497667847,0.0867823111351113,0.250777196074714,0.64548166025709
5192,0.0293397862648683,0.0864933864068954,0.249692685266613,0.631399176179846
5193,0.0293875323152164,0.0867793406216422,0.251141429697998,0.676522491977881
5194,0.0294249179559075,0.0871693201557695,0.259396752906065,0.694227678276909
5195,0.0293382339873808,0.086823296444777,0.252098560145775,0.649874242312364
5196,0.0293395656995116,0.0869434656311273,0.258094459445271,0.683523725538588
5197,0.0292843243401613,0.0860026674020545,0.254413829525321,0.655674818311291
5198,0.0294199176572776,0.0862193169422104,0.251158628844473,0.686084408715358
5199,0.0294241766315789,0.0868153018982502,0.251199580076248,0.684045908342862
5200,0.0293437381522443,0.0869254441661917,0.255832894509267,0.651450285593601
5201,0.0294337003128174,0.0869072029523665,0.255389282171533,0.626352456587186
5202,0.029346642073646,0.0857967504462787,0.250083930053451,0.693867290778126
5203,0.0294185392581453,0.0865171632667654,0.249111606308912,0.625737755012114
5204,0.0293969497429249,0.0863372379901497,0.25543036426613,0.659941073943097
5205,0.0294768247403568,0.0861821148830294,0.260178386510947,0.68699751175715
5206,0.029344781715029,0.085463722500021,0.249653184535404,0.639557392381233
5207,0.0294529612087506,0.0866190725128191,0.251792723607165,0.67488009654399
5208,0.0293053933780021,0.0862820305880948,0.244514507937244,0.653843015892543
5209,0.0294262860658593,0.0860178447627326,0.250099901572794,0.644858864776337
5210,0.0294317590876664,0.0865092961909459,0.255861675231331,0.645924466803824
5211,0.029393009344903,0.0879265369800567,0.257301404316625,0.670724185266245
5212,0.0293565553581985,0.0865827023118179,0.255595384912034,0.661988010612223
5213,0.0292797601340187,0.0868440498192213,0.263742229149405,0.669487957829708
5214,0.0293164986260063,0.0869713359508524,0.255646781737798,0.662782799473082
5215,0.0294455906337484,0.0867604362680312,0.26043560479792,0.642308322198483
5216,0.0293870044475715,0.086401037898431,0.249635599967819,0.646622539223683
5217,0.0293210546548781,0.0871091245973975,0.253520318635256,0.659964819240025
5218,0.0293734548398236,0.0871159647773843,0.253521708037502,0.673245252769246
5219,0.0293688567809601,0.0857060187401138,0.250417444294582,0.656746415889465
5220,0.029329686944735,0.0870234530498066,0.25841257467164,0.690673692914499
5221,0.0294119269377605,0.0862001818561995,0.246687782816876,0.638818349475413
5222,0.0294029552651933,0.0864961388032719,0.249917071686789,0.645577264919066
5223,0.0294777943903572,0.0863787956272257,0.258105785964241,0.703980178420445
5224,0.029295245083442,0.0868517578802158,0.255679560551577,0.648153828881793
5225,0.0293297582941313,0.0866973389560202,0.254340488064554,0.660525117465554
5226,0.0294093517008285,0.0867386099126751,0.252171818091474,0.641921643282936
5227,0.0293219191781342,0.0863396054765328,0.252337580522448,0.651803751550869
5228,0.0294538472664441,0.0872257234154958,0.257279412282274,0.630251499273599
5229,0.0293306566092173,0.0861413015527753,0.247661698772103,0.663710714502379
5230,0.0293254145082782,0.086622897303345,0.257022030828675,0.702708746581975
5231,0.0294605250531797,0.0858645549735593,0.248638535946778,0.623473270237381
5232,0.0293768940246131,0.0866723029940264,0.253662083131837,0.629678984027451
5233,0.029410203895084,0.0872265431232236,0.255801519918028,0.657807995270667
5234,0.0294295835134295,0.0870545573354403,0.256869684609723,0.664472456711648
5235,0.0293876656925692,0.0864573121611655,0.251993891856805,0.633814734336874
5236,0.0294675029393321,0.0864025124188013,0.25348412573009,0.693229432951335
5237,0.0293746461461487,0.0861134955880022,0.251798124241165,0.642757673143386
5238,0.0293857846200618,0.0867593557256788,0.251096858855735,0.61658534733603
5239,0.0293690495520427,0.0869760653345742,0.257713901895232,0.667764097426362
5240,0.0293950831735078,0.086730454997391,0.249705187600083,0.649238436105541
5241,0.029430781490118,0.0864981530995378,0.248284894712136,0.663796569483795
5242,0.0293893913541022,0.0867526023461661,0.261123486795937,0.663114127829754
5243,0.0295174322667384,0.0868271460388885,0.250736294322974,0.695957824301384
5244,0.0293420341372903,0.0867235560057379,0.254618713271044,0.643047525353852
5245,0.0294396741734807,0.0871989947640086,0.251927481249436,0.629706998190062
5246,0.029313702786561,0.0859978461628504,0.247376004309009,0.682538993729976
5247,0.0295247352886962,0.0863514407825747,0.25556627546199,0.645759746366254
5248,0.0292914415627459,0.0860861564839507,0.244615165557211,0.667683925765506
5249,0.0293372654249434,0.0863379729417311,0.247382178968329,0.671482410046908
5250,0.0294194886487263,0.0869251845316293,0.252999023429929,0.658861383861755
5251,0.0294336905050108,0.0867899247526058,0.253060481948492,0.671982241767667
5252,0.0293815289280803,0.08652899589263,0.258904406726179,0.665120924677611
5253,0.0294154257848577,0.0872301451650509,0.256594989343708,0.672961593605141
5254,0.0293453281420051,0.086780013246581,0.255488992069064,0.648922239836282
5255,0.0294378603243232,0.0873932802959464,0.255171842535159,0.679241615803518
5256,0.0293774698097122,0.0862612828126787,0.256378925114558,0.681650591129502
5257,0.0294420619830187,0.0856855081409887,0.252639737213881,0.692856296585104
5258,0.0293612715893811,0.0869995953054104,0.259703167226157,0.697918641296576
5259,0.0293811504760821,0.0866207330464294,0.257637923032652,0.689431222688656
5260,0.0293869740882688,0.0862061540761066,0.248261826904281,0.636108071430452
5261,0.0294293740291191,0.0869676447015952,0.250744743592209,0.618598445224123
5262,0.0294364289681141,0.086685243312499,0.247901551477,0.631281279485537
5263,0.0293449087472596,0.0864058734837703,0.254339954252005,0.654457868130528
5264,0.0294389698924245,0.0868251768926802,0.257030287303524,0.658758702037232
5265,0.0294620660568578,0.0866615483047102,0.253393508031147,0.657567763646961
5266,0.0294248035889545,0.0858057990577033,0.247389685958991,0.689599858331239
5267,0.0294520320434534,0.0863679866431135,0.258426079203068,0.677656428482095
5268,0.0293342064908907,0.0861493917073867,0.250926112213649,0.65075296904104
5269,0.0294077956882455,0.0872334486094752,0.255845752250014,0.645124202508731
5270,0.0293779137908091,0.0864418437830995,0.256849002504404,0.64974664022104
5271,0.029363378567464,0.0862257211973779,0.251311656930958,0.674965628949355
5272,0.0294210546550558,0.0868253124391614,0.256814976189495,0.64535343893895
5273,0.0293904773918481,0.0870124277124445,0.252219987977173,0.678680177196975
5274,0.029288249677375,0.0867099451584871,0.255287062575505,0.66895750874712
5275,0.0294794813889469,0.0865767793519271,0.250360473859335,0.654706297747292
5276,0.0293549700847097,0.0862587939482141,0.252591983209566,0.643301865344398
5277,0.0293645521916049,0.0860360827158622,0.248829278372261,0.640396663191624
5278,0.029398039201306,0.0867677253081266,0.252023403765124,0.644161338339564
5279,0.0293989595324753,0.0863549021866469,0.254360335116533,0.675536522731443
5280,0.0294124549156301,0.0869740150062548,0.253545266464968,0.675756254932323
5281,0.0294060251849382,0.0858387748526753,0.257372617319361,0.701113966049165
5282,0.0294127230970271,0.0858249429060569,0.254607883773137,0.659900546829547
5283,0.0294138879337107,0.0867022910617236,0.246214644767139,0.692919090064322
5284,0.0293499589109914,0.0860612502101767,0.251082993791916,0.672364466673392
5285,0.0293579819252525,0.0862561357588268,0.249561471009266,0.617168755707453
5286,0.0293539805029184,0.0859523591607075,0.255076808944826,0.647078148842044
5287,0.0293743358962407,0.0865355476618451,0.255328522858977,0.703108226220571
5288,0.0294316932622116,0.086788302347484,0.258578345042086,0.641615488922042
5289,0.0293921643802046,0.0870387893277203,0.256096303058345,0.625029263757131
5290,0.0293632055795982,0.0865439137219625,0.251306902666601,0.665314165109027
5291,0.0294528139171464,0.0865024445061365,0.257396879019735,0.666090309312685
5292,0.0294155093207126,0.0859212287682841,0.26075301323827,0.659862523474275
5293,0.0294318435673654,0.0864410895890301,0.251674879284735,0.655705210403706
5294,0.0293608360352372,0.0868200180270447,0.251579205084396,0.683107497436702
5295,0.0293513176493474,0.0862001581125304,0.255272199368147,0.665835822467837
5296,0.0293325098120672,0.0874909221432698,0.260613609587565,0.684001024807221
5297,0.0293235456510213,0.087147993359372,0.25685128061275,0.680437113773537
5298,0.0293735596249646,0.0868782989921249,0.25222732327673,0.664837170875339
5299,0.0293163535239469,0.0864978193158975,0.254580748671502,0.66652687014722
5300,0.0293677245371327,0.086664015033218,0.254919258243591,0.70867541624899
5301,0.0293068673506426,0.0860283822477719,0.251347512990357,0.666494448124255
5302,0.029373460383719,0.0869839410621431,0.249202549587615,0.612097713548225
5303,0.0293542727173547,0.0873184164987031,0.253945844725473,0.653013169657325
5304,0.0293768822749597,0.0865032536148993,0.251114393189701,0.660842485266438
5305,0.0294215378444574,0.0867390661922861,0.255705377620186,0.704090949296657
5306,0.0293064129212696,0.0862318283325927,0.250445077889647,0.662096787100178
5307,0.0293460202872445,0.08589375348504,0.25273161034775,0.639517470554328
5308,0.0294426062815302,0.0866582071877993,0.254111745014762,0.647092183305191
5309,0.0293620954035272,0.0867391065324215,0.25009726717524,0.65281797535734
5310,0.0293462453782095,0.0867556792413915,0.260788333427915,0.644377495534347
5311,0.0293999351538202,0.0870609662544159,0.251377686126442,0.641435331132208
5312,0.0294280260709999,0.0874050167918834,0.253774589594117,0.689827282902636
5313,0.0293997707634411,0.0861528078802648,0.250928132164242,0.689630288336633
5314,0.0293543770840975,0.0867579380548239,0.256423508955661,0.658045434576706
5315,0.0293004972308173,0.0860990916398752,0.245810209122976,0.629606664813004
5316,0.0294514027637796,0.086668834584251,0.255999904694991,0.669122546489517
5317,0.0293257360374761,0.086040962681393,0.250998597775081,0.636608244636429
5318,0.0294118786813563,0.0871597248770268,0.255925602129806,0.632695259321539
5319,0.0294574305082428,0.0862563423176272,0.253508615403187,0.657602971594139
5320,0.0292862573206805,0.0856057184832671,0.256440124886006,0.623852891207942
5321,0.0293524583397793,0.0874559241728382,0.253607043642373,0.648157342444204
5322,0.0294098467071461,0.0866856634179711,0.25390947817116,0.649507205120287
5323,0.0294449928894669,0.0868020374918369,0.251305180547755,0.65604261395787
5324,0.0293311668170614,0.0855282649249288,0.250912019502077,0.677613882807953
5325,0.0294181012368602,0.0865296710681249,0.258462622399443,0.625994823047584
5326,0.0294638491016495,0.0867638688752834,0.256030133230683,0.62599194977131
5327,0.0294323577401315,0.0871101387151573,0.256415488388133,0.67698981587812
5328,0.029393971288268,0.0866424492371453,0.260586557897122,0.642830834549546
5329,0.0295016376059913,0.0878012890966378,0.2609862261494,0.690682974936292
5330,0.0293153424287212,0.0858800639846465,0.24962182820583,0.655785356945991
5331,0.0292777105804405,0.0868369304633486,0.258594646663096,0.680798627147417
5332,0.0294418606062704,0.0868304764036014,0.254500516847054,0.679572082889906
5333,0.0294284602485078,0.0870417704633039,0.251099304790617,0.686277216965172
5334,0.0294124986092902,0.0866696645317986,0.252619748134661,0.635176020096811
5335,0.0294275691706092,0.0875113104672854,0.257236304573721,0.708731806675486
5336,0.0293540456179226,0.0868474464116414,0.255051183678559,0.640486481264571
5337,0.0294290346873445,0.0864192151153654,0.25402036035449,0.675065426986011
5338,0.0293803269006831,0.0870517336103286,0.255939380430268,0.68860217840055
5339,0.0292763874433709,0.0871277870057833,0.249902034535171,0.667543893647146
5340,0.0294229955971094,0.0863795508952677,0.251412047670711,0.625853198341026
5341,0.0294614244293737,0.0868454728124937,0.252085201197518,0.69005535617981
5342,0.0293626022051223,0.0861781872162425,0.256212697776254,0.657659314038468
5343,0.0294677535864589,0.0872566727632589,0.254905982505617,0.639496508603498
5344,0.0294270915868538,0.0868884500408646,0.258122763523171,0.699485923522132
5345,0.0293577742830329,0.0863070822235674,0.253806890609668,0.682465312968667
5346,0.0294544728632123,0.0874296920094137,0.255661074231112,0.643684426165532
5347,0.029439005945759,0.0863619374656635,0.252502887127974,0.655935548443079
5348,0.0293924626001694,0.0872426699937194,0.248100502117739,0.677102093889864
5349,0.0294849287641009,0.0863493266682442,0.247507986767641,0.645498122308127
5350,0.0293150124286196,0.0871831413005539,0.251811153221625,0.699464607809468
5351,0.0294099087021093,0.0857229572135641,0.25105401985195,0.648747913584518
5352,0.0294331383959799,0.0859666863689445,0.251729396135345,0.62192690188577
5353,0.0293689685079415,0.0858645488060914,0.25427746830311,0.655061241760593
5354,0.0293768201147932,0.086702990175858,0.258522746557075,0.63485201535453
5355,0.0293976994258458,0.0862703556320388,0.254433615781678,0.670183838232614
5356,0.0292932045881325,0.0866990426307992,0.255950797392277,0.67709191821868
5357,0.0293819685819967,0.0873745615570904,0.257188021410122,0.661181225224391
5358,0.0293711872869334,0.0866402249820989,0.258088972684961,0.647586620723644
5359,0.0293769612870469,0.0861848247411222,0.251725027854178,0.688861259747796
5360,0.0294164100170824,0.0870317494726244,0.257265785320405,0.654339885455475
5361,0.0294249479405763,0.0866109512328422,0.25708304569814,0.640058733273652
5362,0.0293428221056241,0.0865092962673634,0.261886707472213,0.646756901048633
5363,0.0293145784643324,0.0861279074136269,0.249802318662902,0.637043697662745
5364,0.0293449021528173,0.0860218590825221,0.251118664584749,0.677944830770965
5365,0.0294066942446011,0.0866088103824503,0.250993256646757,0.615492103134133
5366,0.0294080043184698,0.0867120470602845,0.249628009221461,0.645734651940932
5367,0.0294006658776192,0.087024813944107,0.256699287349596,0.680360844314213
5368,0.0293335115749231,0.0860128130339956,0.25471006420727,0.676607323357688
5369,0.0294441243925452,0.0870625980749499,0.25995446447386,0.672281353149919
5370,0.0294361362349755,0.0867763808994057,0.255711651517201,0.685473788244215
5371,0.0293803362879668,0.086623719394828,0.252047575833115,0.637005734351971
5372,0.0293758423974336,0.0868277193096391,0.257402124630651,0.660541996224047
5373,0.0294336221649071,0.0867240351344576,0.249227495419474,0.657553467933449
5374,0.029386065007499,0.0866880268686761,0.246730852679182,0.664431087662272
5375,0.0293824286598606,0.086729306476222,0.255994522860925,0.67533009042351
5376,0.0294198964296583,0.0864784057998078,0.259841913943495,0.696614273943723
5377,0.0294014400532695,0.0867478468308431,0.257526717702949,0.687769898502782
5378,0.029473450711203,0.0863943977693107,0.252700311762419,0.66055147060352
5379,0.0294204571416264,0.0871066778475641,0.25279395915233,0.630692981349833
5380,0.0293580566524041,0.0863321445419133,0.252313501351483,0.689062073856611
5381,0.0294195900093236,0.0867204709223521,0.257266729201353,0.668136933610504
5382,0.0293418744172881,0.0871433502148847,0.249971640198067,0.682078370701382
5383,0.0294315157776631,0.0859794192692098,0.25047390221955,0.673193182758095
5384,0.02941152858189,0.0871522680599636,0.25416327131755,0.64840987382904
5385,0.0293370864718759,0.0856514178182017,0.251414848712908,0.654665869123105
5386,0.0293983080356615,0.0860520064433988,0.246518057604914,0.653315865336655
5387,0.029355744109337,0.0865009071836645,0.253795386773256,0.661188854483954
5388,0.0293213214694261,0.0863346769783441,0.25447398303751,0.632292627117645
5389,0.0293113342035509,0.0859002851654759,0.255864927771299,0.690734895718969
5390,0.0294433433815501,0.0868011230148687,0.25518217926758,0.71103987560319
5391,0.0292623110884782,0.0858366145716736,0.25091801066943,0.65402770878939
5392,0.0293295881766033,0.0872901337248286,0.253812827575257,0.677837375190959
5393,0.029330482622325,0.086511474947112,0.257220453342122,0.645131559658222
5394,0.0293719719888117,0.0856150828301793,0.248140239884805,0.63277422453012
5395,0.0293734491768233,0.0866920862858715,0.248034371898528,0.673935669532107
5396,0.0292786642308119,0.0868893444158945,0.256694103445367,0.67434032022056
5397,0.0292761000535422,0.0870781944488991,0.248616636223293,0.659760646460126
5398,0.0293370609871188,0.0862181173278334,0.253184658297884,0.666010864342873
5399,0.0294023505419277,0.0872881227196841,0.251911850752523,0.671297888205464
5400,0.0293511594392408,0.0863735009299967,0.248809956810086,0.620468986974167
5401,0.0294025523110576,0.0876358361665189,0.259280788375262,0.672237894808689
5402,0.0293721055296038,0.0858973456991332,0.257079741511116,0.667519707996585
5403,0.0294189087640425,0.0871742946557236,0.255059533405999,0.643173983463605
5404,0.0293614316355971,0.0857579178472228,0.250559162215848,0.656794994367549
5405,0.0294273490410644,0.086422830439862,0.251666339169016,0.648184321576008
5406,0.0293907718857861,0.0863832520398489,0.253598217014735,0.659034707174227
5407,0.0294456904066583,0.0857001963350651,0.250364187552548,0.631184318846632
5408,0.0293539272135304,0.0865154235470308,0.24719712609655,0.622236241297882
5409,0.0293773402659893,0.086157479188985,0.254091089082478,0.66516443044846
5410,0.0294883401672947,0.0878305999750273,0.262596365415657,0.641518091577304
5411,0.0294213619238287,0.0869758124506821,0.252670484318587,0.662742384939987
5412,0.0293738666852905,0.0860074897080673,0.252020797147487,0.638214808208207
5413,0.0293522339709294,0.0865282783776874,0.251201823196029,0.647941643081759
5414,0.0294370003162002,0.0866451806506579,0.252999490151639,0.67582115511105
5415,0.0293788628556454,0.0875457643828775,0.251238497448355,0.661975350947472
5416,0.0294356646491498,0.0873100937261633,0.254724400278221,0.676683549112624
5417,0.0295056702279268,0.0876865442141114,0.258451202310416,0.703797560751861
5418,0.029437313597242,0.0865172995351394,0.261908030776643,0.67932077632564
5419,0.0293698639980177,0.0863657844210541,0.253778762533387,0.669407638299557
5420,0.0294177287881689,0.0860756561683836,0.260861922010004,0.710373479974727
5421,0.0294320584372222,0.0869247899306938,0.255931397431906,0.638894801711681
5422,0.0293695431802745,0.0868266301844387,0.25360115793884,0.664547815790282
5423,0.0293671030214653,0.086085795215235,0.253004587986109,0.642735391344083
5424,0.0294043676662677,0.0862046714361332,0.256132021692594,0.658464631682034
5425,0.0294372255841958,0.0869346606106535,0.258115994316127,0.655901489225523
5426,0.0293075813906568,0.0860015016356468,0.249281225102355,0.668859436466508
5427,0.0293732521205407,0.0866596851563527,0.253756800635114,0.664176496779745
5428,0.029387855235924,0.0858427966401414,0.259514034269331,0.6645666658478
5429,0.0293928556519801,0.0865082720792877,0.256223452427233,0.665875698838133
5430,0.0295389287700116,0.0873888186253063,0.255054260870979,0.666443720407709
5431,0.0293764030862191,0.0870020599257623,0.264723190645896,0.633004132577702
5432,0.0295103031587022,0.0872818478050914,0.254507166359731,0.679921112525886
5433,0.0293401123277839,0.0863755578401693,0.253958886037543,0.624303886359951
5434,0.0294029968138022,0.0857893013277768,0.260643976662426,0.694004312799913
5435,0.0294106990913342,0.0864852825340348,0.25368524319432,0.662108217552442
5436,0.0294454020311923,0.0865012438706626,0.257898866545714,0.695614626535351
5437,0.0293376639212384,0.0866159471593352,0.253314503883039,0.684817824773003
5438,0.0294058103498539,0.0864847843603917,0.252557178201351,0.612768803880105
5439,0.0295070726877926,0.0875040467650937,0.257402840167467,0.671288574529533
5440,0.029347122985306,0.0861839935951288,0.251954746148752,0.652283356470246
5441,0.0293166494496825,0.0866979488325732,0.250391882099763,0.664175776269834
5442,0.0294379793613395,0.0860778968446079,0.254715339171639,0.63761048137431
5443,0.0294667232930105,0.0866796058222117,0.257043372874429,0.66932433422108
5444,0.0293957009288471,0.0868397143389214,0.25429792908017,0.649040923668007
5445,0.0293803072336512,0.0870358091250672,0.261641622535407,0.691660067476645
5446,0.0294236548852491,0.0868124843742111,0.255803038533702,0.670679827479805
5447,0.029362336265562,0.0867588259017212,0.259346507335743,0.682104270209093
5448,0.0294780050247018,0.0861082500774089,0.256093939239912,0.679967755867076
5449,0.0294070583869941,0.0869102186170213,0.248813191444523,0.623687061866292
5450,0.0293978742822362,0.0861056186066769,0.250193041964936,0.677178963054143
5451,0.0294513642028202,0.0860628541896078,0.248549842978679,0.693336169405192
5452,0.0293359698128712,0.08699687489971,0.254119508042741,0.640893416853212
5453,0.0294626045335883,0.0874996585201582,0.25400209714133,0.626263523580687
5454,0.029399766696019,0.0877526892510917,0.254524591340142,0.641386811500876
5455,0.0294516536881018,0.0868154446873047,0.260122347275664,0.688109663955344
5456,0.0293951568781747,0.0864209960777394,0.25076000615846,0.701350609900919
5457,0.0294326453337052,0.0869697936767342,0.252241410766155,0.648478210491609
5458,0.0293054889972217,0.0862703756787913,0.254838226855887,0.714224972075733
5459,0.0293772016782638,0.0863088080354348,0.255028537507848,0.653503096064915
5460,0.0293549464552239,0.0858898311161624,0.246757085483629,0.627940334027576
5461,0.0295354321724525,0.0872060294777113,0.257551676697357,0.678230193918588
5462,0.0293968256336427,0.0872484739472887,0.255567379820354,0.645917141859686
5463,0.0293394817657822,0.0858494579885212,0.253857575656494,0.659841927999632
5464,0.0293950944843871,0.0871257129822933,0.254145160297421,0.680665393861313
5465,0.0292962417006191,0.0868316554172311,0.253522185354576,0.665462427805731
5466,0.0294653730080681,0.0866033333195175,0.250921635594513,0.670107678400295
5467,0.029376304839671,0.086528827397532,0.250933931495149,0.684776535159359
5468,0.0294059355552257,0.0868646943345939,0.250922714455645,0.628771903824561
5469,0.0294648753500386,0.0866921372054359,0.256088314918469,0.645898682916995
5470,0.0294362126570895,0.0864969923101677,0.253312362636535,0.653157625591987
5471,0.0293612096461149,0.0865834397096091,0.254482840837087,0.665037655692158
5472,0.0293456427487644,0.0871510062321942,0.257258245188852,0.611951559891402
5473,0.0294217724557715,0.0867826345124676,0.247827971687255,0.641082482024098
5474,0.0294083683004235,0.0867676178373698,0.252562447872657,0.634193496745308
5475,0.0294115607034635,0.0863796715293582,0.249045956783864,0.628182105164199
5476,0.0294199263215162,0.0872057538988752,0.260506100628801,0.715959691025457
5477,0.0295179315332476,0.0866795540116222,0.260995658370862,0.665139881189608
5478,0.0294270305094309,0.087096434317721,0.256266630642265,0.64370300120621
5479,0.0294910463430609,0.0871885692538063,0.251913354672628,0.667559091914087
5480,0.029342974383671,0.0871391991133392,0.259933478798533,0.646020968025812
5481,0.0294175966609245,0.0862102625777157,0.251064773457887,0.681973492467007
5482,0.0293184018933494,0.0861988355313539,0.255981228153004,0.649985257878873
5483,0.029405127000835,0.0860681397494619,0.249088718724152,0.650818545904395
5484,0.0293772157397687,0.0864114335014162,0.250571322124243,0.683856780984553
5485,0.0293366973821074,0.0859464585691653,0.25678127867261,0.654071249552913
5486,0.0294406971072187,0.0870609394499074,0.254829380930882,0.640234505854606
5487,0.0293744314197063,0.0860928271815789,0.250252305660908,0.657926990097042
5488,0.0294825237612391,0.0877708034350277,0.256393221459496,0.634287707233977
5489,0.0293831500761063,0.0866495644854767,0.2556619017669,0.688391724007433
5490,0.0293629735146876,0.0855745220235926,0.263102012704099,0.670011500897451
5491,0.0294344931011792,0.0865222558459772,0.248316391138012,0.677106825556346
5492,0.0294043489539622,0.0860623839299023,0.25184485486649,0.655126651153809
5493,0.0293903843182715,0.0869993701317307,0.252557370964397,0.645602832244154
5494,0.0294935087577887,0.0864376220256185,0.253392257199322,0.617225350204621
5495,0.0294247997719022,0.0865449658861535,0.26189557623776,0.615266261062266
5496,0.0294467515382472,0.086941966306883,0.254806555930948,0.675151166769418
5497,0.0294630966056876,0.0868234463131066,0.25261183605506,0.669323051481968
5498,0.0294242436949522,0.0863483052124009,0.253528861507905,0.666412778662285
5499,0.029466866209198,0.0866250928590085,0.254250649466623,0.680331611575034
5500,0.0294330433672142,0.0873965127205708,0.261006753352261,0.709696268250793
5501,0.0292959436399703,0.0875727896646,0.249641742140882,0.619201404484192
5502,0.0293585857224367,0.0865367289420433,0.256619206609145,0.636515065501034
5503,0.0293333752189552,0.0867280721837564,0.263012705218556,0.660768096107728
5504,0.0293989543359035,0.0865038717605826,0.250726490845893,0.686469300745131
5505,0.0294001849600019,0.0872216007032117,0.255311240613703,0.642284281606724
5506,0.029439482961071,0.085967927520454,0.249555690012024,0.700599544981699
5507,0.0294190257651632,0.0870398907970499,0.248815243312644,0.654511963208909
5508,0.0293995968934215,0.0859367946500335,0.247490381132808,0.620297941268537
5509,0.0293914226555318,0.0870107021832522,0.251639734144606,0.655493044629654
5510,0.0293672749678239,0.0872107176605865,0.250498178319711,0.638928747882281
5511,0.0294363077808074,0.0866515167846633,0.255981487117129,0.675822359201386
5512,0.0294868625738901,0.0876631592679818,0.253511348886658,0.688549612423405
5513,0.0293623843689662,0.0876272103259549,0.256254276008931,0.667831156914074
5514,0.0294109690924297,0.0861543430163892,0.257247422802839,0.667310256271972
5515,0.0294376552371099,0.0872125832312935,0.252842700831597,0.66362575302737
5516,0.0293650931785503,0.0863493025047578,0.254990433516528,0.680949849024952
5517,0.0293666546524259,0.0865357458036393,0.253939002436047,0.656728742151056
5518,0.0294485663291865,0.0868345410051024,0.255082306009163,0.691620845523727
5519,0.0293750857306842,0.0861002008263159,0.255153559738083,0.675617390462618
5520,0.0293401863733542,0.0864703932660978,0.251211232638451,0.703286369185771
5521,0.0294522437510722,0.0867335608484648,0.256419211499366,0.692910974707154
5522,0.0294783057695535,0.0865263221107312,0.255590854254747,0.659755461021557
5523,0.0292785889749211,0.0860293970196164,0.253565295704219,0.660002613333332
5524,0.0294181126003102,0.0866257033509949,0.254905149107315,0.645594349429077
5525,0.029358855335672,0.0862516930439652,0.250733646032936,0.674425778435495
5526,0.0294037653835395,0.0863903897687362,0.261486486989942,0.651691670963511
5527,0.0293553887535528,0.0877579358369308,0.258816177390267,0.670370412627135
5528,0.029427538212825,0.0871997514390248,0.251066650693945,0.660762534073695
5529,0.0294590199369673,0.0863799713234937,0.251606343287299,0.649204989156215
5530,0.0294303496498686,0.0864927641454002,0.256671735178757,0.649354589517283
5531,0.0294602529448513,0.0872211329954551,0.256844366507187,0.682499726242738
5532,0.0294103064106322,0.0870298497990781,0.250901921020788,0.679289120699352
5533,0.0294184072722449,0.0862829464706328,0.261314175950373,0.654475597568732
5534,0.029368947688273,0.0863893327695846,0.255065637583596,0.682583351579778
5535,0.0293941402548326,0.0864789676328165,0.252449546649603,0.654448348716132
5536,0.0293948548039906,0.0871256126879262,0.250681463614442,0.672423386272379
5537,0.0293647799459823,0.086870347178157,0.25175630333322,0.655993577951858
5538,0.0294132030657291,0.0863821300987059,0.255706690257034,0.64355802214721
5539,0.0293963140936559,0.086693324870846,0.257173157759402,0.63699422070298
5540,0.0293811253321779,0.0865748158836414,0.252034234244852,0.645731058425363
5541,0.0293989925735957,0.0873784169414236,0.253768416193097,0.612135577068044
5542,0.0294562173216066,0.0872394574895413,0.255891452462451,0.640195712512708
5543,0.0293791697390343,0.0866811405036366,0.253367148153414,0.687494665621106
5544,0.0294249736381036,0.0875784622781269,0.258035988432187,0.663384935769153
5545,0.0294526148220974,0.0862637205153288,0.255825757409856,0.66902032792074
5546,0.0294862147782483,0.0867231426590043,0.254892305976115,0.657655042376848
5547,0.0294196227890726,0.0860063732914448,0.249805083024354,0.669881726262358
5548,0.0294152358824897,0.0872587054099605,0.257751453530538,0.656199667864197
5549,0.029403998745748,0.0860619739268556,0.251232393167367,0.636029145967309
5550,0.029342954221108,0.0862146605938625,0.250550572110744,0.663955242386366
5551,0.0293946315007478,0.0860146714805453,0.248824248290804,0.654580736868827
5552,0.0293980199146695,0.0872138238154482,0.252903291930063,0.658073031162792
5553,0.0294544998561192,0.0863508675978807,0.246869929281016,0.661541220213073
5554,0.0293843384816093,0.0865286801659027,0.251453865425753,0.619181265339342
5555,0.0294635065802454,0.0874349847940666,0.258595069531546,0.675121331305414
5556,0.0293469059291389,0.0861812125180575,0.252711042098842,0.63809802546875
5557,0.0293536277836031,0.0859904798273643,0.25732539517974,0.651355003748332
5558,0.0294551350523219,0.0865432528260967,0.250277426221081,0.633216101675463
5559,0.0294071880678658,0.0860650353807878,0.250335467489447,0.650191811608499
5560,0.0293628662199118,0.0876535378270817,0.253113547717891,0.670821638210525
5561,0.0294120704631793,0.086623392676273,0.256695817425864,0.653877546586821
5562,0.0293208408858151,0.0858532308552942,0.252126798177536,0.649584763841207
5563,0.0293725503883237,0.0865208553484522,0.256636536148846,0.657657572423494
5564,0.0293463870539537,0.0868157758232898,0.251205371276656,0.639615446602931
5565,0.0295128331881743,0.0867589305062965,0.254165055774396,0.664580978893187
5566,0.0293773631275297,0.0860533467012007,0.253907270554037,0.635158817374698
5567,0.029460912583683,0.0865031738264429,0.253496939484434,0.658890829615311
5568,0.0295411820321885,0.0868982888779753,0.261258416898227,0.65600754209889
5569,0.0293840319114492,0.086931869529393,0.256169124407752,0.653378952159479
5570,0.0293953591220072,0.0863008456542082,0.251341454140918,0.624665287177151
5571,0.0294284801514584,0.0864249329792362,0.26156075961133,0.654062931886453
5572,0.0294862703662964,0.0869472147127047,0.25057325414822,0.662952035773937
5573,0.0293748986045143,0.0874574658118012,0.25009083303322,0.6234346628686
5574,0.0293107739533843,0.086151133675426,0.254440799954013,0.689388357879447
5575,0.0294143253380114,0.0864606340856987,0.247997396845316,0.658811474863272
5576,0.0293845778802644,0.0861259877313104,0.249616433568779,0.651811011931573
5577,0.0293710451884609,0.0861975997833048,0.247108669359603,0.663016520938684
5578,0.0294227362336723,0.0865875816943904,0.252196268657056,0.684833884595969
5579,0.0295240311968055,0.0868842356273185,0.256365254944378,0.642481079580475
5580,0.0294851980542904,0.0862320806228297,0.258149985237254,0.691403005039236
5581,0.0293163550440728,0.0859048956588026,0.253764315220947,0.674083851292737
5582,0.0295071010432655,0.0867562684074857,0.257670282674806,0.686847803715255
5583,0.0293889298080019,0.086222774450004,0.2572326269482,0.67737325206179
5584,0.029424748018526,0.0874402363425006,0.258083875491683,0.690095783591981
5585,0.0293831634889537,0.086972455002737,0.257218502354437,0.654199300069325
5586,0.0294926028740829,0.0866118524807617,0.25462921845855,0.675367227226648
5587,0.0293446460770689,0.086544631008081,0.249153802595359,0.652367354506423
5588,0.029379424953308,0.0866148703169324,0.254306770020545,0.659588239282373
5589,0.0294184460772407,0.0865790199921243,0.253990555140278,0.644920198411756
5590,0.0293842633367799,0.0865781960502754,0.250774010583711,0.697638776183493
5591,0.0294558746897575,0.0872143756163481,0.253246563351389,0.643289752469283
5592,0.0293946508805233,0.0864269260728561,0.24943577380171,0.65253761512399
5593,0.02934836284254,0.0872442555729967,0.257116253969883,0.673857971510013
5594,0.0294296475512695,0.0870244883053391,0.253332501641733,0.700303047027631
5595,0.0293821041383913,0.0866526465973277,0.250692106951981,0.622901873078228
5596,0.0294034172679338,0.0873124800174459,0.259412168601548,0.664469919432021
5597,0.029418439168315,0.0862414637375373,0.252969657133261,0.625554486454524
5598,0.0294194848299184,0.086379878001523,0.258028466477492,0.653443557889529
5599,0.0294102181062254,0.0865118122966331,0.260227347574518,0.709030670792253
5600,0.0293138998335673,0.0861424988051402,0.256301616231388,0.690708727041916
5601,0.0293500871523753,0.0855154983206702,0.257416282522243,0.690813605854344
5602,0.0293910240241854,0.0865573055909947,0.2549612558331,0.645723570807926
5603,0.0293505475765457,0.0864185830058424,0.254713740246753,0.661204781007239
5604,0.0293466552357773,0.0870441368676357,0.24751598859562,0.613969778075309
5605,0.0293968731570063,0.0862091686030279,0.251184526405799,0.62547478690391
5606,0.029317272200385,0.0869677168002753,0.254710778409707,0.647720269745704
5607,0.029358903538857,0.0861517138017566,0.252645381782288,0.615894830895385
5608,0.0293736525722512,0.086564086102878,0.255537169837056,0.692416403898953
5609,0.0294467890824377,0.0869126006899906,0.261993686112931,0.61129398185853
5610,0.0293416259783127,0.086614181210514,0.251146132045319,0.597841886555732
5611,0.0293950258123307,0.0863374918986975,0.24999775961109,0.64743937277089
5612,0.0293014376880786,0.0870123159135789,0.250889249388401,0.677460926319518
5613,0.0294061334373887,0.086717191068919,0.255244945926198,0.61687893789338
5614,0.0294208951066544,0.0876068984913869,0.259437179821866,0.669193500406792
5615,0.0293663520817835,0.0865144617066475,0.260054746825982,0.679280263521009
5616,0.0293247462698084,0.0867129728502519,0.258988974066091,0.675383414317928
5617,0.0293406886063829,0.0858096900465397,0.251568947927875,0.661458916687559
5618,0.0292874741631493,0.0863617565704338,0.250431415323671,0.654945560226315
5619,0.0294556440451458,0.0861807296777328,0.253222090771778,0.624630318473857
5620,0.0293352865655851,0.086174854788,0.255237096835768,0.665045439262269
5621,0.02948466692995,0.0874047947621609,0.25692844789783,0.684191642976426
5622,0.0293951022068558,0.0861019596897476,0.24529504479224,0.674151357109344
5623,0.0293411045534256,0.0864136734352493,0.252174100718731,0.694260661896006
5624,0.0293981309290608,0.087248456445424,0.261078721970763,0.659288432266638
5625,0.029355528302985,0.0873599425886274,0.254752802549322,0.645565535868183
5626,0.0293563871614069,0.0862216584335415,0.252114420833732,0.644172659980226
5627,0.0293661077657884,0.0867767048380568,0.256484534517093,0.638481596872151
5628,0.0294473398875174,0.0863549427242178,0.257737604319425,0.695939717426795
5629,0.0295067583432716,0.0870400011274239,0.247627797074596,0.607773008010714
5630,0.0294548008419837,0.0867637842505483,0.252594895649061,0.71015383571925
5631,0.0294706452502231,0.0874484926017702,0.252845721668847,0.681854310615281
5632,0.0294742863268657,0.087163278116028,0.253150809851664,0.659611873063545
5633,0.0293661541201747,0.0865706019917106,0.253690579978414,0.703481107680345
5634,0.0293891078825814,0.086467824744642,0.253720456192691,0.684833740610808
5635,0.0294497793671416,0.0875021302682271,0.260239970579006,0.65546915510519
5636,0.0294276040114776,0.0863108431459229,0.253904318111415,0.631112153219545
5637,0.0294154111841462,0.0866573184215275,0.256896629942654,0.636904199051959
5638,0.0294333785153583,0.0865853022873374,0.25461354905019,0.635968344425741
5639,0.0294256174550144,0.0870275481383014,0.252999789822424,0.631534106991615
5640,0.0293981565810848,0.0865059505969608,0.252184360305104,0.653674910760699
5641,0.0293483082745116,0.086140596559665,0.250613492043725,0.651368587235161
5642,0.0294856890113092,0.087483575075109,0.251840138535614,0.645008689431956
5643,0.0293693481077796,0.0869657843464615,0.258358171986068,0.661462495243075
5644,0.0294332205738818,0.0866033420889907,0.248564145197398,0.654318700599117
5645,0.0294638888272036,0.0860311187295304,0.251706519890645,0.66497354602032
5646,0.0293266895994425,0.0862324670258936,0.253991230458568,0.650912075739258
5647,0.0292909679315956,0.0863487308304245,0.249888192882675,0.65761582755618
5648,0.0293501652927303,0.0863963343814107,0.259658175572555,0.6444668751939
5649,0.0294460348918477,0.0869496869126917,0.256161679473776,0.65589898379174
5650,0.0293552954310308,0.0866047404213818,0.254305764882691,0.669761737719148
5651,0.029321467283949,0.0862260483386308,0.250161117707376,0.659488490318505
5652,0.029379266342511,0.087230179696429,0.252708143532018,0.63000718224419
5653,0.0294767492766309,0.0862646034445663,0.248969296339715,0.636035880039972
5654,0.0293286795958154,0.0869770576000347,0.250924379007331,0.68194452220074
5655,0.0293760990017441,0.0865893371131551,0.260831253076109,0.679470643256144
5656,0.02943360783599,0.0865340180811373,0.254469352770076,0.61493599643723
5657,0.0294934767246075,0.086087580654775,0.255127567324863,0.642363889469599
5658,0.0293590474097325,0.0863161540361378,0.252979423242365,0.689164229801538
5659,0.0293108862093605,0.0865391801361948,0.25571904232528,0.643455546396326
5660,0.0294767286272031,0.0862972604307156,0.257176380877994,0.635971507069078
5661,0.0294154469246859,0.0865083086316588,0.25153159529956,0.670021527425982
5662,0.0294174553761794,0.0864656854223344,0.253911693584374,0.650270040470444
5663,0.0294272188704541,0.0871340088279887,0.252124834572845,0.672298419255144
5664,0.0294338907802265,0.0868570412815474,0.251590818502961,0.632646941865233
5665,0.0293554305228015,0.0866872893149252,0.254336512236836,0.654208231917111
5666,0.0293659383115856,0.0862457670762729,0.253470380450626,0.65241252320812
5667,0.0293912371382095,0.0868164211247793,0.251328599007972,0.616729145408273
5668,0.0293156591171473,0.0874623331039427,0.260883000590898,0.651038066515566
5669,0.0294577204530499,0.0866478099296547,0.26161152256739,0.664277286261134
5670,0.0292990619125737,0.0865151764718233,0.244665851305526,0.677063573796764
5671,0.0294637678546695,0.0871228548887323,0.256801311469417,0.670710237645123
5672,0.029393944250157,0.0862869610177958,0.256145909007714,0.663018078189031
5673,0.0294398379084799,0.0873357871479326,0.251712738737599,0.686861684805563
5674,0.0294158418528295,0.0870643646898384,0.256548474633321,0.678830250755635
5675,0.0293634348602306,0.0858404078050072,0.254435404548555,0.642228869473527
5676,0.0293817698563091,0.0864096015590448,0.252089734642466,0.637028111650887
5677,0.029456569734775,0.0865659549381852,0.25234942674588,0.658244099386192
5678,0.0293943390493194,0.0863077613711807,0.252128287910062,0.621953031962095
5679,0.0293797352406041,0.0865076809640329,0.252239049002186,0.653849378659935
5680,0.0295351233469647,0.0878227995935025,0.259635048392032,0.652744097400321
5681,0.0293194383064488,0.0864428510548011,0.250090042382574,0.659170952472587
5682,0.0293441190564602,0.0856266305853071,0.252506859305074,0.621869557282515
5683,0.0293150145972569,0.0866097553965931,0.247672299956282,0.646866893514851
5684,0.0293747592272128,0.0868659897638175,0.257280813885076,0.679601441655851
5685,0.0294178309202608,0.0871483213605633,0.254689354820376,0.670074718725082
5686,0.0294145582688423,0.0867602841729784,0.252341066877292,0.673880551195643
5687,0.0294393635391728,0.0866919256857332,0.254601134863512,0.662693335102136
5688,0.0294561323363177,0.0871023251676553,0.258013749319593,0.710490119209584
5689,0.0294955961068851,0.0865656773178254,0.249186491184635,0.629726676155157
5690,0.029332813986586,0.0859430160335399,0.247268479355746,0.652512977672886
5691,0.0293290985129587,0.0861950961726873,0.250556473094092,0.664243429019755
5692,0.0294151443508961,0.0866234010866964,0.261235139059849,0.688612395379693
5693,0.029395445964836,0.0869286522948966,0.253540401661779,0.66858537645778
5694,0.029396900238898,0.0874994048475179,0.260611907896596,0.692514730872657
5695,0.0294235782181409,0.0862584431316043,0.244883808308984,0.66520219821537
5696,0.0293426294633568,0.0860784689440507,0.252903475907312,0.664117044449036
5697,0.0293979350567961,0.086086949332581,0.250276255059953,0.627656357405283
5698,0.0294642033557496,0.0865991699984688,0.254696182316941,0.715992386288867
5699,0.0294117128823483,0.0863789918958303,0.253832756119336,0.666926847664276
5700,0.0294448107543538,0.0871445024995304,0.253911421672088,0.685190130003249
5701,0.0294327514242876,0.0873415711401485,0.256781621718251,0.688643062192319
5702,0.0294652581037977,0.0864221723425132,0.249621429355387,0.655309800561517
5703,0.029338405046185,0.0864137506070324,0.247994751936049,0.645688001503481
5704,0.0294158947988348,0.0867883337147856,0.260277059262487,0.654281859654444
5705,0.029453162888275,0.0866838858012493,0.248565892740807,0.636084739347653
5706,0.0293531634428665,0.0859713888615015,0.253869136765825,0.656844183470165
5707,0.0294242208418499,0.0858202561302845,0.2509488464208,0.671382749721696
5708,0.0293408279213588,0.0859097040626712,0.257748848894764,0.647352395199477
5709,0.0294344185071316,0.0868973685080979,0.258638511959119,0.662920354777312
5710,0.0294182717643854,0.0865216293548004,0.252374379408413,0.656209212955848
5711,0.0293645573699228,0.0868792445220694,0.253212593696741,0.663555848978549
5712,0.0294629714265604,0.0864851838000662,0.25385885598488,0.691259599142622
5713,0.0293691202176049,0.0866492376712624,0.257492376228914,0.648625546297471
5714,0.0294525274917966,0.0876338407779848,0.25785385313062,0.660248344616646
5715,0.0293412319100223,0.0859013397302285,0.24739026875116,0.663750093639475
5716,0.0293862729299376,0.0863722856654698,0.25132177037383,0.65792742445316
5717,0.0293305379898802,0.0861242175539704,0.251297242691098,0.66386077543249
5718,0.0293690122708081,0.0867232976274411,0.254641270393194,0.63138638847144
5719,0.0293561826495731,0.0864961035211254,0.254726955455465,0.619516789064724
5720,0.029437300727503,0.0868314774481587,0.259811763751392,0.669441103774956
5721,0.0293874158972509,0.0865975317985598,0.247208703384529,0.66922415567108
5722,0.0294014979958514,0.086022395428923,0.249807774963407,0.664749190109081
5723,0.0293382653043736,0.0864668587208137,0.254849068238156,0.680166648469326
5724,0.0294612664226414,0.087397656082988,0.253065359436912,0.68320062922142
5725,0.0293814430361413,0.0867335956092954,0.257665823837092,0.712047692642432
5726,0.0294320180728932,0.0863133568637253,0.257552382847808,0.692278331247272
5727,0.0293690520432586,0.0875138951061621,0.256073414981552,0.635280322978709
5728,0.029523335783712,0.0867615036777741,0.253220502268029,0.617483562565356
5729,0.0293548423138995,0.0871217108800257,0.26086101692193,0.649837669765573
5730,0.0295442254973201,0.0873076400956558,0.257369364037986,0.686302022749391
5731,0.0293906012256237,0.0868289663427206,0.25790496155759,0.650290032106487
5732,0.0293973029775668,0.0865223906916444,0.251084351705379,0.645938229123308
5733,0.0294454927978541,0.0864740501263947,0.250750864621055,0.654620781689583
5734,0.0294988833538119,0.0868695302225943,0.258539803861785,0.656717319589988
5735,0.0294614456597757,0.0868195852407406,0.257621251369393,0.664451693258028
5736,0.0294730282587892,0.0868676150809235,0.247061194735745,0.670892328100371
5737,0.0294910999832473,0.0875326849002273,0.259457027288436,0.676017956813779
5738,0.0293831026582181,0.0863907929827261,0.247102539347757,0.607087925820767
5739,0.0294291216267133,0.0869836799351954,0.247071297531525,0.6797671341599
5740,0.0294774234645112,0.0862595378884745,0.253836670560092,0.682854603289035
5741,0.0293016192102784,0.0859069588976059,0.252430261973812,0.657760835504052
5742,0.0293254506881076,0.0862899288061626,0.24750702690846,0.653735138304456
5743,0.0293821253269261,0.0866305749140723,0.249905328828412,0.654481115578681
5744,0.0295079494354996,0.0866203165258655,0.257070518446246,0.659674937644232
5745,0.0293282578953219,0.0863602733199309,0.255156592103591,0.645362367778792
5746,0.0294067680518607,0.0873005049080445,0.257130704087439,0.662897755342305
5747,0.0294649658037438,0.0875071651378103,0.257525620699284,0.659962937732892
5748,0.0293161060919838,0.0866045489229324,0.24911810673465,0.629480560156361
5749,0.0294363989807031,0.087259107753771,0.258123106508073,0.674157575092633
5750,0.029292439767849,0.0859219115476744,0.257950133669859,0.701348593287823
5751,0.0294256918121276,0.0868514353284752,0.250462546381052,0.65931395869283
5752,0.0293845231862837,0.0872703318473019,0.259861629043742,0.65470070952736
5753,0.029407530587499,0.086613179699887,0.25329896395454,0.661832376749087
5754,0.0293979196853812,0.086973156655789,0.254035384552928,0.645081621763769
5755,0.029346628791888,0.0865110723304017,0.250819940991891,0.666315290921992
5756,0.0294325873683827,0.086646331299973,0.250485793962723,0.613817219845069
5757,0.0294573686486366,0.0864173267084612,0.251645085405496,0.677484572304791
5758,0.0293413041620175,0.0857599598182374,0.254056108400239,0.685951955026421
5759,0.0294098669061429,0.0871601920509774,0.259741251354511,0.694500338776432
5760,0.0293323999994134,0.08646705018975,0.258662622954898,0.673228839646361
5761,0.0293798509252575,0.0871418843036775,0.260093773092283,0.678736993632584
5762,0.0294015217514938,0.0865473099099863,0.247236999008652,0.662878654780372
5763,0.0293562390825601,0.087224987848498,0.250669354841862,0.617600345418349
5764,0.0294484876718901,0.0874642320982384,0.253192596618172,0.632495927439051
5765,0.0292974421658011,0.0873346531754905,0.25661770835997,0.643389739841684
5766,0.0293689123401608,0.0869793474686988,0.255560632784329,0.713563830207241
5767,0.0294455350892538,0.0872428236744631,0.259027834189903,0.636231821490878
5768,0.0294006777942421,0.0863815476573889,0.260386110136926,0.641457872647966
5769,0.0293237093967384,0.0865596533611518,0.255620678952016,0.666826397892808
5770,0.0294643894031288,0.0870841483631654,0.25625647159469,0.62951736959511
5771,0.0295072468949322,0.0877349364262407,0.256618783384316,0.687284338128419
5772,0.0294069965894168,0.0859247385489397,0.255995087037377,0.650897380675371
5773,0.0294097523160053,0.0868862508646249,0.257373571550328,0.642195616485689
5774,0.029370825494727,0.0860929959303043,0.255324371104544,0.662538161835484
5775,0.0293703124620451,0.0859402171847042,0.257403115487627,0.686821796430366
5776,0.0294295273173362,0.0869366746168193,0.250140356143215,0.682237039431393
5777,0.0294061587796219,0.0873422912343966,0.258438393175406,0.646216642085124
5778,0.0293275116429573,0.0866888698639978,0.259480433711197,0.643666074342685
5779,0.0294189164024028,0.0874340869191979,0.254046081710423,0.678718607779307
5780,0.0294299539634021,0.0868388875854304,0.262348766682762,0.650952331048664
5781,0.0293002686994379,0.0857574518579316,0.247160070641124,0.650440234012348
5782,0.0294627928966561,0.0864763975056554,0.257154326156849,0.647640920232026
5783,0.0294031059947983,0.0875784028879347,0.25334251094547,0.653480603023171
5784,0.0293257351653481,0.0870642779773423,0.253047249098474,0.658849539845932
5785,0.0293758784843497,0.0862529108055131,0.259991696449374,0.667605444126325
5786,0.0293676863659742,0.0864228838472877,0.251400804452958,0.657356231460678
5787,0.0293350459699585,0.0864362207806885,0.249187736557499,0.687834740486971
5788,0.029407585744021,0.0859170418085423,0.251563535944828,0.676512100510466
5789,0.0294544158053539,0.0861023356163505,0.25814900733021,0.654461284817983
5790,0.029298981402093,0.0863948938161133,0.250605036248179,0.681420373930742
5791,0.0293411975927832,0.0866076533494766,0.247726359122094,0.644911491180255
5792,0.0294026634796067,0.0869135603205974,0.24906435763702,0.64711152714146
5793,0.029391711448461,0.0870751179283474,0.248631644945591,0.63852796403989
5794,0.0293824789025554,0.0869234629646408,0.250380821788058,0.642235913312526
5795,0.0294681426794171,0.0863666970629059,0.252187187048155,0.635624181739384
5796,0.0294213130419134,0.0862455523695983,0.251996835544424,0.635158274668196
5797,0.0294068342617324,0.0873528627725462,0.259171515847619,0.694127310202657
5798,0.0294314976715393,0.0866319128700506,0.259586667238666,0.649471069959655
5799,0.0294201887389545,0.086119375506772,0.256053431493712,0.656611214145097
5800,0.0294346616662013,0.0860784666095549,0.245580557880426,0.660558434451978
5801,0.0293986264758892,0.0868725907533415,0.256267759370903,0.689067699692443
5802,0.0292395907754308,0.0868825000792799,0.24855376173872,0.613812046161243
5803,0.0293660304847576,0.0867784494380064,0.255979638775551,0.676447649929691
5804,0.0293814280344078,0.0862894678086939,0.252829908492526,0.652026106352738
5805,0.0294621104615906,0.0866951649036929,0.252963546349668,0.627161304446081
5806,0.0293606571501728,0.0872846272657761,0.257066957886742,0.673422392350126
5807,0.0293837695471984,0.086984452779441,0.251496231212639,0.648162848315207
5808,0.0293765547209539,0.086405811488078,0.251156550825531,0.613523651829311
5809,0.0294367447553279,0.0863150580844561,0.253401591875815,0.628241161190554
5810,0.0293554318809454,0.0858927576902504,0.251944074486263,0.681416029351725
5811,0.0293382903389491,0.0869280669297102,0.254195930160861,0.643063899203366
5812,0.0294348887881869,0.0874070425704525,0.26045131344664,0.681933243860538
5813,0.0294098610514054,0.0871274280526445,0.253738833651499,0.649811411500493
5814,0.029342902616625,0.0864898572549614,0.252450634941093,0.632199202295299
5815,0.0294205086175822,0.0868134960603005,0.256805637956779,0.664160269326921
5816,0.0293748900223622,0.086995462748664,0.253306805421276,0.622698676400959
5817,0.0293795102183065,0.0870425137439705,0.262218495491778,0.656668136397599
5818,0.0294234128011404,0.0861698787835787,0.25232696134661,0.642167911913983
5819,0.0294088174392275,0.0870540126732633,0.258475481991894,0.674961603486283
5820,0.0292789437618141,0.0859841725156407,0.249650513088717,0.689488051570047
5821,0.0293766126769634,0.086475936826753,0.252701416016446,0.692227595019603
5822,0.0294333705605272,0.0868449552564425,0.255881039793624,0.654868391209738
5823,0.0294273004856321,0.0868051759348119,0.262199622751813,0.656710691559211
5824,0.0293706039065723,0.0855956205071264,0.248617987055197,0.65176112154244
5825,0.0292982140229609,0.0867170548209928,0.257058849188678,0.6728329817898
5826,0.0294786465072327,0.0872245762001039,0.251858139597377,0.660171593801691
5827,0.0294295620760437,0.086154908916603,0.249181819001134,0.642459230652269
5828,0.0293131174874562,0.0866017084682962,0.251402637263627,0.70017658827728
5829,0.0294096313639463,0.0867839810383392,0.251091155384934,0.680669404644364
5830,0.029324545975445,0.0861622919154815,0.254283292573661,0.625865162143068
5831,0.0294654910518954,0.0869355797972398,0.251022207933121,0.69484060880119
5832,0.0293030635603411,0.0860943915685422,0.25616262819033,0.674537367991774
5833,0.0294407547581424,0.0867341079446807,0.252980601668603,0.654124285030193
5834,0.0293015257742337,0.0863928142381906,0.251299985832368,0.670466615181814
5835,0.0293633327721483,0.0867156316593204,0.248535299367612,0.671167286781504
5836,0.02931901775884,0.0869800387997506,0.247508940440684,0.68669263420058
5837,0.0293692653740469,0.0863587580535875,0.25857479220055,0.647800210345244
5838,0.0294444077625224,0.0872869308584218,0.257638830417624,0.69577675046107
5839,0.0293821651349511,0.0870317368318785,0.251976826256834,0.654051456460479
5840,0.0294495465077598,0.0872140824625251,0.259644478723875,0.648006481272972
5841,0.0293509595384404,0.0864795561963227,0.259077753778728,0.663215723628911
5842,0.0294392011013234,0.087134026301476,0.255187170261831,0.673675378294118
5843,0.0293205904587828,0.0853550482631979,0.253035691672164,0.639563394452423
5844,0.0293739601338563,0.0862198015163662,0.254992500897404,0.638448672712077
5845,0.0294787033730506,0.0868397323978644,0.251432358070185,0.656743325742364
5846,0.0295206008838779,0.0866061881216837,0.247555953443094,0.625429393570568
5847,0.029430589826311,0.0870291945677934,0.250615085184165,0.652968199678263
5848,0.0294330256315786,0.086975747905426,0.257340982133339,0.667996872562002
5849,0.0294854089691916,0.0873530910203859,0.253413716716245,0.657740143111035
5850,0.0294078676321555,0.0871191959372519,0.259674614419375,0.706030648964062
5851,0.0294668236836562,0.0864210987520429,0.253790640992309,0.635334377226998
5852,0.0293104637098131,0.0859601592106456,0.255525593530617,0.65152355316164
5853,0.0294309032274981,0.0870420951350385,0.260209567591238,0.669895582573206
5854,0.0294115522772996,0.086787167984866,0.253524822987582,0.664054939143023
5855,0.0293403737752783,0.0863463896824807,0.256847958567921,0.664141054114566
5856,0.0294024035904529,0.0866570806600952,0.254834886953293,0.68752011002391
5857,0.0294256958178046,0.0871477637871668,0.260120339860323,0.637741235536225
5858,0.0292893273744285,0.0859702482740461,0.251350392239132,0.628921893470034
5859,0.0293657168528173,0.0858758650940975,0.24780831941665,0.640216317707081
5860,0.0294088587696091,0.0867292236278708,0.257253062668936,0.661041313599834
5861,0.0293440868729154,0.0854263190339075,0.249553819543663,0.678054441827901
5862,0.0294633964194403,0.0877289497437185,0.262662422196916,0.685085191342917
5863,0.029367747807322,0.0859829200912036,0.254246589686037,0.653743598003729
5864,0.0295041720967409,0.0865802683596427,0.260829004087211,0.674956051700461
5865,0.0293648835574804,0.08593567595955,0.250250078817738,0.68392117305308
5866,0.0293710373243427,0.0866551518776811,0.258339141283288,0.693222085986415
5867,0.0294547577821073,0.0859070009469773,0.247008656066129,0.654082442198262
5868,0.0293906088314645,0.0866488011927095,0.255701041523665,0.651160041503194
5869,0.0293853660660335,0.0869103768758797,0.257560597952531,0.655749396794805
5870,0.0294003071047335,0.085816072579747,0.25481174823493,0.653757885326989
5871,0.0294177340370078,0.0867076038916373,0.246636383865045,0.638911948639953
5872,0.0294623252334257,0.0876098857148484,0.259536985002345,0.658409268147801
5873,0.0294287449888181,0.0865410301281412,0.255649630093618,0.625417542540077
5874,0.0293683099607849,0.0873910913340297,0.255514645898854,0.663376135461978
5875,0.0294473659762606,0.0864852709010792,0.251925169363166,0.642829810026279
5876,0.0294547413129244,0.086745921718485,0.257799026437692,0.653539588193351
5877,0.0293802686091261,0.0863583138424519,0.253704476414498,0.654743253982353
5878,0.0294263785750841,0.0871729823559114,0.257690612092048,0.656696013259421
5879,0.0293618152163713,0.0866301130978353,0.25363339970325,0.640389838243174
5880,0.0294477664622817,0.0867431313664871,0.257158177314274,0.661340387690093
5881,0.0294804590659395,0.0870478584213581,0.25779365693741,0.634344027862429
5882,0.0293070179730314,0.0863517144223032,0.257572686559473,0.615645944205787
5883,0.0294346233065044,0.0864467623959162,0.256840376299469,0.688378634260314
5884,0.029395357802182,0.0872101901974169,0.255884210090679,0.709103957894988
5885,0.0294387998346635,0.0871287933699011,0.258003817069131,0.658541056574219
5886,0.0294846734693094,0.0873415699952429,0.259693715338638,0.694162171463722
5887,0.0293446762313648,0.0858890751874719,0.252497893859362,0.677265323242203
5888,0.0294421697233834,0.086609553162508,0.258047818793156,0.628760444142454
5889,0.0294425105400055,0.0861019423502686,0.253232604198869,0.648336517235002
5890,0.0294217074967272,0.0873581716978616,0.250965326488918,0.654650679945608
5891,0.0293825935683744,0.086391767703131,0.257983624666055,0.678530606064647
5892,0.0294069591532889,0.0858969138086418,0.252514754155291,0.625921612764029
5893,0.0293208181889849,0.0862473322599203,0.254053600541368,0.641773699793582
5894,0.0292619871665386,0.086455465931106,0.252584915660307,0.634990501928608
5895,0.029426310275272,0.0865908887270243,0.250970705224654,0.662825814496511
5896,0.029406074607713,0.087104972988325,0.252339837729426,0.633701180479495
5897,0.0294275993895144,0.0860712750542231,0.250782884202152,0.658136853606831
5898,0.02938000691659,0.0858006196589593,0.252931808048871,0.681475128766496
5899,0.0293729799178509,0.0865874014061303,0.257380691591825,0.658916554423048
5900,0.0293439551089359,0.0870828717967347,0.255642969596434,0.716263488188521
5901,0.0294406533477364,0.0870626032772733,0.255317434216877,0.6572355573161
5902,0.0294242500785922,0.0863270284699862,0.245383964722388,0.652561284190962
5903,0.0293391152047253,0.0868383284325729,0.253421581049246,0.684146612952664
5904,0.0294038189866533,0.0865333833677085,0.252799886344831,0.677707110169527
5905,0.0293230308218595,0.08637418377541,0.257740867032312,0.662393564783191
5906,0.0294226954563863,0.0868862526155465,0.252855286785004,0.711384845523174
5907,0.0294461154927701,0.0863231852443564,0.257030499622183,0.636007853269744
5908,0.0293818199174425,0.0870745714290132,0.256586292518435,0.672505988161554
5909,0.0294243396208357,0.0873441617401823,0.258545559822232,0.65324211504084
5910,0.0293476556474465,0.0865116580828084,0.255942463987505,0.626880110413757
5911,0.0294509625383016,0.0875047150288628,0.257095892693849,0.647319013601778
5912,0.0293981481043564,0.0866578785534729,0.255551933275652,0.649753107179448
5913,0.0294659018149348,0.0861826110519097,0.262822998895398,0.631431977514838
5914,0.0293762458819326,0.0868604273453536,0.259750662004937,0.674547444408956
5915,0.0293247427513167,0.0864742011710085,0.26257607357099,0.684951725843383
5916,0.0294026872743935,0.0877658505095389,0.255765190259137,0.692611419618668
5917,0.0294435005478856,0.0865811117590638,0.252735488270054,0.672375931201377
5918,0.0294813185911574,0.0872142226877993,0.25988644711735,0.70324152922882
5919,0.0292522928146366,0.0861738534498705,0.255719125060592,0.61751191647918
5920,0.029403822609819,0.0869072818135768,0.253305942502165,0.673874100272516
5921,0.029319241654221,0.0867182939125259,0.256997440344666,0.636705972120903
5922,0.0293995419517059,0.086622924805501,0.252495486640634,0.675178850821517
5923,0.0293951053554229,0.0873517229477447,0.255594131235632,0.667149714556245
5924,0.0293517082056095,0.0861590337685695,0.249553381217553,0.68268601773508
5925,0.0294678241636434,0.0868697327667641,0.262985176465783,0.648837134745741
5926,0.0294049480396789,0.0867067952295615,0.257306627117118,0.63368117566231
5927,0.0293268051885382,0.0867854814957068,0.253995358392986,0.652242631334582
5928,0.0293377848028465,0.0867784073931759,0.24718756732921,0.672888555757168
5929,0.0294178281282562,0.0871095442500748,0.256915851984188,0.66454711611604
5930,0.0293482734233678,0.087324219728614,0.25393827277022,0.663728066720223
5931,0.0295026194430301,0.087130789799416,0.254338006366867,0.662144770906427
5932,0.0294075328078693,0.087072050756949,0.25561075839131,0.624497647203463
5933,0.0293369228744962,0.0864080841843704,0.261234601630561,0.654372149263603
5934,0.0293671917959928,0.0867708642804045,0.251196748545079,0.63631823754722
5935,0.0294171806652781,0.0867003953768347,0.253943314677395,0.660025666553657
5936,0.0293344632082552,0.0856261916278138,0.252255334060377,0.637659437116147
5937,0.0293707943407251,0.0863951242720483,0.251979390169046,0.664897528062984
5938,0.029354327084492,0.0862966471268948,0.261895859437027,0.718079318790051
5939,0.0294381586897353,0.0866930413298305,0.257987184883007,0.645183445379813
5940,0.0293054648213572,0.0865981187937099,0.251030482622885,0.641486471342384
5941,0.0293678358621269,0.0866360019962038,0.261548575269659,0.68944232857058
5942,0.0292902123521077,0.0860743718489922,0.25163451426258,0.659570278915224
5943,0.0292815640443814,0.085940222297192,0.254530748754954,0.688843346022895
5944,0.0293950160034764,0.0864161975795959,0.251987549224968,0.656109099869358
5945,0.0293808385569517,0.0869208325670934,0.248925669394458,0.682592759601104
5946,0.0293831616979371,0.0867226831648895,0.248244166426392,0.629854651249036
5947,0.0294246889189624,0.0869549888147236,0.256942918304779,0.659829045369319
5948,0.0294591657924411,0.0873146519732826,0.257778085725024,0.645878133886576
5949,0.0293390030251894,0.0875421661853676,0.249213139151595,0.659119195067724
5950,0.0295033090945365,0.0872381605298044,0.256826442599082,0.705533770659637
5951,0.0293760003514187,0.08692000231664,0.258077826028769,0.670598263732712
5952,0.0293976513523769,0.0870542679233803,0.24725393798832,0.631576503907974
5953,0.0294431145556546,0.0874049242513946,0.25762121022573,0.672822123295221
5954,0.02939812004405,0.0861763219238715,0.256634001441236,0.642121166921743
5955,0.0295405396365816,0.087778905677861,0.257312383811551,0.65583607760563
5956,0.0294537293031508,0.0875923173348875,0.255522714405568,0.65985777629442
5957,0.0294030349435789,0.0869104824774818,0.247485402586154,0.654401854978024
5958,0.0293768524399076,0.0867535174231639,0.26373517610239,0.702813168294284
5959,0.0293718269690523,0.0870213865092441,0.254799829091171,0.644038539408257
5960,0.0293739518823345,0.0863473739077371,0.26008064367183,0.668377241630432
5961,0.0293860404708626,0.0874811113324553,0.254965926988899,0.660000854113638
5962,0.029365238428513,0.0869955088891834,0.2549932883467,0.653182925779934
5963,0.0293745166760573,0.0861028483488338,0.257629405032585,0.678948332217059
5964,0.0294794699067476,0.0872465073694933,0.254722851045784,0.691576160607051
5965,0.0293552796331109,0.0867232623509743,0.257694740586409,0.676901183297655
5966,0.029348780368674,0.0865720478667167,0.25179586847576,0.672170088114271
5967,0.029442605200293,0.0866568066933892,0.250756776343215,0.699630880326701
5968,0.0294178318836058,0.0866248313423096,0.256790626181416,0.637607336663912
5969,0.0293990883660173,0.0860904820076235,0.25527589714383,0.680155884001723
5970,0.0295178215890508,0.0878885698468755,0.258681038979038,0.66343694438321
5971,0.0293289802936317,0.0867273531842049,0.256416009014435,0.650421608753846
5972,0.0293494664973156,0.0863355583902434,0.254396082276829,0.62229220679177
5973,0.029479617594954,0.0856470447138047,0.260022641666301,0.654504256803621
5974,0.0294328938683273,0.0866654303585102,0.261964789067949,0.731654252032773
5975,0.0294069700575949,0.0865409710297687,0.254710871554799,0.661211535002655
5976,0.0293737407930535,0.0869446822686266,0.251668215938236,0.60307589060528
5977,0.0293072977461788,0.0859749211343648,0.256942035941943,0.680946504058648
5978,0.0293862373687328,0.0865442257687293,0.256346852189844,0.683370495433621
5979,0.029437985958692,0.0877490913485416,0.250703287858066,0.68836357367152
5980,0.0294078131446493,0.0865993674540084,0.248558485359704,0.652942968206097
5981,0.0294350098182724,0.0868909767587318,0.252604531709928,0.670942998446268
5982,0.029416716349775,0.0870204001516377,0.249427819106683,0.658310144508311
5983,0.029471100619683,0.0866896107718818,0.259109248121223,0.635288900404282
5984,0.0294156279323861,0.0872280845021547,0.249367574801366,0.672320598829538
5985,0.0293855580340834,0.0867506534131583,0.257773692752259,0.723208639047826
5986,0.0293302952013765,0.0858170071128277,0.252028045089588,0.655459677264482
5987,0.0294148487150636,0.0867640158322706,0.25522823983876,0.653275504662405
5988,0.0294375267726202,0.0861855682734131,0.257244305346254,0.675230726554332
5989,0.0294159419285609,0.0861143413881407,0.253829563176395,0.626152782899558
5990,0.0293546184141015,0.0865931859424753,0.25674563655081,0.647557665569844
5991,0.0294450408324138,0.0857239003230146,0.251518153662859,0.696233295885792
5992,0.0294644079268618,0.0871599488373854,0.252581673892781,0.618637858783426
5993,0.0294192816510969,0.0863136806548754,0.257687565414418,0.626763298272827
5994,0.0293849314346577,0.085962893020734,0.249931773964311,0.648946225270814
5995,0.0294750004528439,0.086375032760612,0.260611491851274,0.67598096982541
5996,0.0293804566768324,0.0861068616045253,0.258760868535357,0.734324696822412
5997,0.0293087532136807,0.0860562263097112,0.251796008543119,0.65731140175612
5998,0.0294720450056039,0.0871715878336368,0.249026030915019,0.69097798813699
5999,0.0293416180173409,0.0871624067978865,0.249343650676574,0.632069903847006
6000,0.0293745223353329,0.0864550367022458,0.256087605576541,0.667639039097157
6001,0.0294002614387614,0.0869151282552489,0.258861694342996,0.680510792137366
6002,0.0293375069873628,0.0863581208645875,0.25523171981266,0.659658218498554
6003,0.0293601306559428,0.0867558567116159,0.259995751903029,0.689017946408163
6004,0.0294311158887475,0.086825116861669,0.251502212989476,0.665454665832533
6005,0.0294615895933936,0.0859621948589211,0.253726684303349,0.644875575817374
6006,0.0293828946600512,0.0870556834460768,0.256465498402882,0.64711974288779
6007,0.0293340908711353,0.086795190589767,0.248673174366065,0.655436182587081
6008,0.0294608498015667,0.087437703623932,0.258772795771322,0.632951427327572
6009,0.0293780619886624,0.0867603818104065,0.247326747240738,0.659347081887802
6010,0.0293696521049439,0.0873604429141071,0.254003185104973,0.700475239378513
6011,0.0293071506804695,0.0865737849483291,0.257337472157827,0.660632431833565
6012,0.029342161721024,0.0859414010093179,0.25050278352816,0.652627416876487
6013,0.0293999140144894,0.0861658738127922,0.252279997495115,0.665070784898489
6014,0.0293171274344589,0.0864723112760048,0.255821811804574,0.655590388146887
6015,0.0293007889683751,0.0866270094927902,0.24981428779081,0.675313931521925
6016,0.0293815669372449,0.0865549343538293,0.258158400674413,0.629261160192487
6017,0.0294895659665421,0.0874043855230002,0.250333175985561,0.665316614816788
6018,0.0294671269163516,0.0866665570956181,0.254370077388661,0.679154015987866
6019,0.0294214227781245,0.0870001237804371,0.257171973653055,0.673402035278113
6020,0.0293551625271525,0.0865629353327316,0.246905977221892,0.638211665479523
6021,0.0293583622765946,0.0868683805699986,0.248615381372451,0.635613526642464
6022,0.0293681862657499,0.0857365802682095,0.248131255829841,0.694294774684936
6023,0.0293965333875443,0.0869812750789997,0.252542715949077,0.634568228452363
6024,0.0294208408549518,0.0863326643209009,0.260931022439371,0.690479278022788
6025,0.0294270913678896,0.0869513092705676,0.259442639048813,0.669763561877237
6026,0.0293105045128375,0.0865296810982469,0.252243835149498,0.64842719180546
6027,0.0293739827174725,0.0864276045696594,0.253753717246642,0.65306024450326
6028,0.0293340463953216,0.0873264311977348,0.254052574287449,0.668000007600733
6029,0.0294355016889276,0.0864532007736272,0.249347251021237,0.662497378128039
6030,0.0294098974275506,0.0867607180790707,0.250370749710135,0.658230192481448
6031,0.0294795635687365,0.0859901415082372,0.25309692767887,0.674290440906659
6032,0.0294143513100501,0.0874127870165085,0.252097719234003,0.671716417822895
6033,0.0293017186267265,0.0864413489411148,0.247454922412716,0.674648575572906
6034,0.0293318886978459,0.0867933928060556,0.259791343235076,0.715913903587008
6035,0.0293242062382557,0.0859405968102672,0.255578692466469,0.698970979050026
6036,0.0293286574157018,0.0867054802035302,0.25451193843391,0.649074667996092
6037,0.0294333559226863,0.0863909240386067,0.246882111469056,0.646519079159397
6038,0.0292806340314393,0.0858759936047909,0.252357077050097,0.645650022099718
6039,0.0293492534221058,0.0866119361301635,0.255784159248845,0.663344722440381
6040,0.0294865643170304,0.0863224801064374,0.255739089274042,0.652609399404551
6041,0.0294211717319824,0.0864963008154198,0.261180226606916,0.679894469283931
6042,0.0293221809075158,0.0864759458730434,0.24769594336956,0.698216477570774
6043,0.0293363459815754,0.0861668236414972,0.257256259298447,0.667997409413206
6044,0.0294116195835646,0.0866180546062004,0.259032993899097,0.728717468297874
6045,0.0294291376822647,0.0864078413350625,0.253442540777384,0.662887373348164
6046,0.029402226941083,0.086576195703313,0.257081875771611,0.672315958026007
6047,0.0294452783830925,0.0866538346343813,0.252012478107705,0.685735428468074
6048,0.029548312063367,0.0864866210041807,0.260414537633265,0.646669036346359
6049,0.0293956671146062,0.0866638850632,0.253369913022114,0.663118015293259
6050,0.0293803752125854,0.0873637087642298,0.26085751345038,0.639469191503163
6051,0.0294205943066271,0.0867390379496463,0.252219760130471,0.71412488662876
6052,0.0293774717138861,0.0864061990885937,0.255627724093479,0.667008837454153
6053,0.0294456666344237,0.0859294851381984,0.252698303110512,0.680694437929195
6054,0.0294213947956312,0.0867891243865648,0.259776918319438,0.702615738296705
6055,0.0293892225139484,0.0867523727751702,0.254693358700441,0.681150023316651
6056,0.0295071469754295,0.0867905794088672,0.254975409705604,0.628995109334514
6057,0.0293004675243038,0.0860971886969243,0.254012554366936,0.695012886386467
6058,0.0294804323438407,0.0864272169964032,0.249194718875903,0.644685402652523
6059,0.0294051100978721,0.0866595470528001,0.250272765136362,0.622343703092274
6060,0.0294130552215283,0.087063439349356,0.256261460046418,0.688542692384963
6061,0.0294501667955277,0.0872411291566289,0.257248861558625,0.69729306667215
6062,0.0293319383737617,0.086082733399005,0.254356877133812,0.629304640396181
6063,0.0293945982606259,0.0858771347862243,0.251873600921247,0.650940644292329
6064,0.0294145539579461,0.0871993027355235,0.25981801029821,0.667056620817725
6065,0.0294271524703388,0.0869274586649786,0.257006051530206,0.6211482964511
6066,0.029395878395317,0.0865238050308517,0.247471880429248,0.655831338420478
6067,0.0294075083021128,0.0860840624359383,0.2456398758264,0.669671422842831
6068,0.0293965260879535,0.0870882444647962,0.248458873382213,0.631158105232762
6069,0.0293471192619028,0.0870579665892932,0.248429903105255,0.631215886765558
6070,0.0293181453717452,0.0855899600934063,0.250547351179898,0.632978924296861
6071,0.0294195991591437,0.0869406933466822,0.256300989346211,0.64742340386683
6072,0.0294683275910852,0.0864977439926186,0.255866871318622,0.679092532791948
6073,0.0294120591275575,0.0867533952781514,0.252867310303016,0.664901409278351
6074,0.0294561712019222,0.0867223731125492,0.260337920323706,0.657432364794571
6075,0.0294014866706098,0.0868000388162374,0.257270836534923,0.649693217542401
6076,0.0294177776471402,0.0874121263842608,0.258714266751903,0.67767943936426
6077,0.0294061650299624,0.0876253798868998,0.258027924754047,0.663632112239951
6078,0.0294381524924642,0.0865655773462665,0.251856299000034,0.64507275616077
6079,0.0294296904112771,0.0864011418408944,0.257148473923722,0.654924241554732
6080,0.029423197934499,0.0868549414853565,0.250631098799543,0.658869627676177
6081,0.029357775316234,0.0872988141284587,0.261645181425391,0.689738948128533
6082,0.0293833170930087,0.0868837880498242,0.257463277206689,0.683802408061261
6083,0.0293855921365167,0.0861261855138729,0.251661436286175,0.638279174634395
6084,0.0293278306107566,0.0864365031324143,0.251601781254724,0.606584630827747
6085,0.0294680590899818,0.0865183107474543,0.257319528799341,0.668387921842838
6086,0.0293999452058907,0.0869226148495835,0.252925932974308,0.652764045471333
6087,0.0294301345194478,0.0860203234542904,0.260859472112055,0.672237698273173
6088,0.0294493322008501,0.0865444156178797,0.251452015247973,0.680453337870689
6089,0.0293129370200604,0.0866228605101057,0.254640065792899,0.62682773724456
6090,0.0294430858658991,0.087032536822605,0.25331040378174,0.658446242217378
6091,0.0293369065323526,0.0858760496363194,0.249764609636336,0.641352877517198
6092,0.0294471544806038,0.0871063298517757,0.25357571036937,0.64032410819214
6093,0.0294183993838816,0.0869826994427096,0.256650360821297,0.713200011452577
6094,0.0294401689266455,0.0865311435788389,0.250628007663072,0.660484171890984
6095,0.0293903380128583,0.0861568484643875,0.248193245242483,0.66250152233649
6096,0.029345378809125,0.0860130085004495,0.250957097159862,0.63516639522545
6097,0.0294322832454358,0.0869697716585665,0.254955290710257,0.70729785505423
6098,0.0294137362146246,0.0865634929102073,0.259184853712158,0.637025249757158
6099,0.0293959217520038,0.0855634245987242,0.252339493024212,0.665296879259402
6100,0.029426750581646,0.0873124273240204,0.257889810950458,0.631963568921995
6101,0.0294291972480642,0.0868572976542645,0.250924335930409,0.629323396500444
6102,0.0294206760571104,0.0871311548196377,0.256753594153279,0.690971158122668
6103,0.0294148109306992,0.0865312260404351,0.254321951282494,0.689429762674463
6104,0.0293896137364786,0.0868263055196767,0.254821680141088,0.628216870439334
6105,0.0293685380242536,0.086454347279244,0.250265582948859,0.656465344506993
6106,0.0293676429336063,0.0872103148977752,0.252971368623376,0.658902533061501
6107,0.0293863959021376,0.0869860917189416,0.250528834269751,0.628350646308233
6108,0.0294064541993071,0.0874388076833399,0.251459655946692,0.664026490083769
6109,0.0294608211046445,0.0866969076036405,0.251604921351154,0.635113668480063
6110,0.0294296416228597,0.0859546509847517,0.247272338134887,0.634425753250099
6111,0.029421705528259,0.0867940562539323,0.256695900697356,0.663232029222087
6112,0.0293989565468676,0.0869162771204536,0.259192486224795,0.670047447061827
6113,0.0293982090732774,0.0855536081507572,0.256281578756442,0.64655786775241
6114,0.0293610929817033,0.0861825033387024,0.247167655126151,0.64444674020729
6115,0.0294281006309927,0.0865244314935018,0.255387359212446,0.710761406332808
6116,0.0293670288449322,0.0864403230521197,0.257335455192693,0.684237909751104
6117,0.0294093338675108,0.0865417986954927,0.250508507414965,0.671753494289327
6118,0.0294546385875586,0.086872831933322,0.255815472482239,0.65947867930607
6119,0.0294532787440225,0.0859721900191189,0.251280031031231,0.63994636111244
6120,0.029334284380985,0.086104297411102,0.252575394904436,0.647915734282216
6121,0.0293347273449589,0.0861451844699409,0.25328685486612,0.663174788760255
6122,0.0294898071847118,0.086821533478463,0.251351597754453,0.64372092891483
6123,0.0293979240733626,0.0857503463808555,0.243134359927609,0.652971470184757
6124,0.0294238845007777,0.0861113027385394,0.250663978995621,0.68171102139806
6125,0.0293901622201505,0.0870854718769543,0.26030644562384,0.687694977598889
6126,0.0293478704593532,0.0859099570071747,0.246079049375709,0.611292732944335
6127,0.029362516338907,0.085956764894658,0.25365446154908,0.695765215965834
6128,0.0293831118848449,0.0870155505824124,0.249582515924782,0.631035105027752
6129,0.0294807828856067,0.0875697621605004,0.26172093111071,0.695851808188093
6130,0.0293668113772293,0.0861078511069,0.254517525188454,0.667581624696445
6131,0.0294388929224503,0.0871042656792417,0.249840615895021,0.66197626916077
6132,0.0292951005546265,0.0861223069040707,0.25644769539568,0.698069194462681
6133,0.029393756790263,0.0861870958063513,0.257059467623771,0.633270530508837
6134,0.0293956020127553,0.0860164653276411,0.247769225904804,0.648429101027475
6135,0.0294528017246309,0.0866505771349938,0.256510330004934,0.701263578071133
6136,0.0292790216595022,0.0864231389928709,0.25240407892388,0.635837087709627
6137,0.0294230060180078,0.0872037831266629,0.255137097420535,0.655483767682207
6138,0.0293658684415973,0.0862034402897573,0.252602574873131,0.663478081444448
6139,0.0294337583364589,0.0871055912819488,0.256859422008676,0.653100018230536
6140,0.029371908437278,0.0863369107054866,0.256520741766519,0.641681370713907
6141,0.0294307670489213,0.0865857299528668,0.255948787554921,0.673151582511867
6142,0.0294373550783844,0.0859701130889614,0.252436009621275,0.631600880593374
6143,0.0294205373460345,0.0869265574505819,0.253981959514727,0.64811114968146
6144,0.0293599722353373,0.0858818679628957,0.250466545475309,0.671931287233545
6145,0.0294740012129082,0.0867015506754115,0.254555640448049,0.662936143067363
6146,0.0294523094001909,0.0863888047559486,0.250588311830545,0.670593374665376
6147,0.0293664160872544,0.0865173195059433,0.253969092206587,0.653077177147885
6148,0.0294822873995205,0.0872557203789928,0.254499440582175,0.654784417078235
6149,0.0293698175446694,0.0861590581482114,0.255203468960719,0.662284797925288
6150,0.0293776930604584,0.0861007974441522,0.253790138621529,0.652225212201532
6151,0.0294832351173326,0.0873768082170295,0.253490669871953,0.680616556330296
6152,0.029350381763214,0.0862040230634475,0.251728593732835,0.66773432448243
6153,0.0293576439804195,0.0865596956394528,0.251455693516434,0.63828745901131
6154,0.029437062630052,0.08639939862014,0.251749765093634,0.631649877889562
6155,0.0294489739110194,0.087219162737051,0.247579201201582,0.644816541907324
6156,0.0293729734362224,0.08707563245058,0.254356224592399,0.638951295295756
6157,0.0293946128746573,0.0865210511402002,0.257264689475971,0.664108517064785
6158,0.0294530846852741,0.087202963826792,0.255078992718832,0.671011354101809
6159,0.0292833821589565,0.0864712696769677,0.256477790722622,0.63799341779019
6160,0.0293967226988711,0.0862504838439895,0.25607603186673,0.652705175782229
6161,0.0293711900490859,0.0867112864960157,0.253733612487513,0.670345597173963
6162,0.0294233440512889,0.0873642134744403,0.254926183479872,0.634348270606368
6163,0.0294127671431804,0.0876971927054873,0.253014127727123,0.634084287945656
6164,0.0293491119517864,0.0857377010120701,0.25263673381801,0.628396098478258
6165,0.0293890688230809,0.0867481893023183,0.250263975516314,0.66932070644843
6166,0.0293738418447482,0.08598844048872,0.256423355705911,0.641846978853589
6167,0.0293857182516494,0.0865546445955883,0.251210364382317,0.63900304190834
6168,0.029430439404876,0.0871822200924901,0.256541160484136,0.683867919477165
6169,0.0293499767803608,0.0867930733535855,0.248081512004031,0.623740075288314
6170,0.0293560068857204,0.0866500267165622,0.251033045293461,0.655434369611761
6171,0.0294483083383493,0.0866382513600905,0.259427615728088,0.697402613713904
6172,0.0294173995587305,0.0857556273498862,0.256363734824039,0.648293700094691
6173,0.0293157736528163,0.0861513284883008,0.254211210394248,0.656558747754731
6174,0.0293531206190167,0.086372754314439,0.254106550450014,0.678714837011649
6175,0.029372642544254,0.0865871458315434,0.258615948977278,0.692848290802985
6176,0.0293866691597776,0.0859384911102395,0.250634474614636,0.61633596302179
6177,0.0293801891685604,0.0868822273857979,0.251107943644883,0.680690396371468
6178,0.0294643952142372,0.0868370617750241,0.257304331722076,0.660974178988843
6179,0.0294217067093286,0.086056434415905,0.252784483200939,0.65394260646735
6180,0.0294143581806556,0.0871939847797579,0.255826789026561,0.669435563913128
6181,0.0294390107494714,0.0867236502421643,0.254864533611472,0.628732915392913
6182,0.0294349431932789,0.0872503065172549,0.252532487648762,0.640407437335904
6183,0.0293959681244351,0.0862888906603378,0.260738778413723,0.685495663405763
6184,0.02933674380949,0.0871076153446731,0.251663794902427,0.665850961403814
6185,0.0293746293763181,0.0870374645098171,0.250983327016845,0.656697723284412
6186,0.0294951463232339,0.0870216926517146,0.257575231294682,0.687798733436998
6187,0.0293636101993498,0.0870082114881695,0.255314957813407,0.681678733225694
6188,0.0293843087150303,0.0871754907481628,0.25425920801352,0.634511547015968
6189,0.0293822011227613,0.0874317666768236,0.256380330541864,0.645228587151785
6190,0.02944962831412,0.086768025845101,0.255821927298032,0.711301606164533
6191,0.0293881766742859,0.0862378948231352,0.254894274274234,0.690950336493103
6192,0.02933373524876,0.0862419053495884,0.257649184390184,0.650024186239595
6193,0.0293856434509364,0.0872539959437091,0.252396271574104,0.680639917323563
6194,0.0294116450830778,0.0862141792098923,0.254534800321101,0.683315271196119
6195,0.0293237453732701,0.0862400196883624,0.256249880009034,0.68584317492159
6196,0.0293675351458234,0.086057445055047,0.253192604388248,0.662093384781469
6197,0.0293626863205083,0.0863657747012507,0.257920762363152,0.68785559000206
6198,0.029431610326838,0.0868299748950948,0.249417189492442,0.620696139448412
6199,0.0294547229449476,0.0869800766070746,0.254767268912046,0.671404929743
6200,0.0294478564090048,0.0868222311036023,0.251361074034831,0.636211479662303
6201,0.0294210584522389,0.0862183254991649,0.256200651256081,0.631452157601481
6202,0.0294280346615687,0.0859255955931942,0.255758858673357,0.671111225027815
6203,0.029476155542199,0.0871511860200807,0.255811836303514,0.696426617383304
6204,0.0293504470837839,0.0866804350493329,0.259919830248689,0.650598508584155
6205,0.0294578582117859,0.0861097211673514,0.253862480189868,0.69500523552629
6206,0.0294281952079906,0.0865123247269218,0.251638000939678,0.662289556506549
6207,0.0294119520263393,0.0866255236035643,0.254298506679596,0.691875274418284
6208,0.0293985127849618,0.0864345292136333,0.257729329231367,0.65448300389327
6209,0.0294361312505503,0.086934230147787,0.252020851781159,0.635828881733793
6210,0.0294196401818865,0.0873603855959044,0.254363192020786,0.649344842495236
6211,0.0293999146675253,0.0873444578376322,0.260096294686613,0.668560585374521
6212,0.0293712059716008,0.0867267244493557,0.251160792351826,0.678335403205683
6213,0.0293560019682608,0.0858454044736789,0.255759930103254,0.634746770807885
6214,0.0294070704257482,0.0865797969917778,0.254155133628466,0.663248548070969
6215,0.0294514312481825,0.0864796662157162,0.259713245629134,0.658404235621732
6216,0.029414201135448,0.0859925425404779,0.25840677082203,0.629201858721155
6217,0.0292924193857506,0.0861335245114836,0.253347861769471,0.693728566072774
6218,0.0294284385576465,0.0870286673273971,0.258135514268172,0.712434078059732
6219,0.0292913816014505,0.0854570998947878,0.247223623042693,0.671659559206588
6220,0.0293098074973929,0.0862524874668295,0.252740018430879,0.679161062268101
6221,0.029354418462077,0.0864802902475637,0.250388930480387,0.66190458167251
6222,0.0294029529055895,0.0863997975179929,0.251637302057916,0.653302805292203
6223,0.0293374914870644,0.0863913090442264,0.254367501966543,0.673280105942947
6224,0.0293800683596225,0.0863673906952019,0.250839597007944,0.665664522810501
6225,0.0294345384549505,0.0864031274587458,0.250283090686131,0.630049236125469
6226,0.0295182054661051,0.0867330842326232,0.255352012155138,0.638887590710524
6227,0.0293678367191461,0.0875191347007334,0.247860746563038,0.654211625345702
6228,0.0293451601395525,0.0869067572037451,0.256946350662123,0.715741479859531
6229,0.0294259474717417,0.0867722587562901,0.252052841798531,0.673332192463906
6230,0.0294888428759193,0.0869328521577567,0.251219910765154,0.64706326005439
6231,0.0293802761202858,0.0863704814546334,0.256667721002099,0.653290596979439
6232,0.0294496709749958,0.0870600373141693,0.250300965307162,0.610192733749146
6233,0.0293660427531215,0.0866400122582343,0.259071379172982,0.679674110441858
6234,0.0292677844204852,0.0853914900808623,0.248043164328642,0.633821417729908
6235,0.0293297460983817,0.0861946001774581,0.251577688066494,0.684990320841683
6236,0.0294629131310642,0.0868069421587512,0.256474053392919,0.652482233791251
6237,0.0294392887561543,0.0861869133592019,0.248455878884031,0.646600175335749
6238,0.0294620073443574,0.0867364838923821,0.248816011372964,0.613315555310662
6239,0.0294352803552271,0.087703534543076,0.255814862410774,0.647961676958918
6240,0.0292809964201392,0.0865627175674469,0.2522056464827,0.688722416151425
6241,0.0293372648040699,0.0863475178482818,0.252916224324461,0.656462431885251
6242,0.0292772080335306,0.0868843258581312,0.255744307484292,0.665169004644805
6243,0.0293826451686048,0.0868387252691942,0.254423416579775,0.65328613350221
6244,0.0293702533222712,0.086842745598848,0.257165241718101,0.67571878812085
6245,0.0293305302137411,0.0867595235568663,0.250577106240078,0.663620958932114
6246,0.0294439166939167,0.0866848011460974,0.253027528159996,0.66709953282518
6247,0.0293631212864339,0.0864737523942038,0.258383807664761,0.690613185982204
6248,0.029445291239563,0.0872233113743032,0.252670410118629,0.677012507398809
6249,0.0293147684232768,0.0863142367724137,0.252115798654854,0.67572715990772
6250,0.0293290076522332,0.0867506007611366,0.254564085441612,0.698157899976683
6251,0.0293568018054863,0.0863126295417798,0.250019973252281,0.638032724573634
6252,0.0294447502167538,0.086945178382106,0.253673730948614,0.679890214181833
6253,0.0294535215584177,0.0874862786505128,0.262614005649032,0.659461917014831
6254,0.0293463975065998,0.0868444450565374,0.253449653598399,0.659260261980296
6255,0.0293400362064354,0.0867778674640164,0.262868241782425,0.656121461724982
6256,0.0293956335937237,0.0862557259313324,0.250244597189163,0.606930629579495
6257,0.029487461164445,0.0870826126912654,0.251606579530181,0.649104899792466
6258,0.0294189064210589,0.0863643266938741,0.254177329338739,0.669297529028534
6259,0.0293301372845579,0.086606827318911,0.260492057266047,0.674674607726402
6260,0.0293752350687517,0.0865809026808141,0.256657800435817,0.677251488093624
6261,0.0293742460006075,0.0867326466557706,0.2579828746171,0.645290573046307
6262,0.0294530917308168,0.0873527295640578,0.254441760739287,0.654302387177978
6263,0.0294365711998697,0.0864167557855717,0.252737796279353,0.676299283507112
6264,0.0293007971920949,0.0865583232223056,0.247190047809949,0.668764249895873
6265,0.0294603997947191,0.0868378171172293,0.2558819710184,0.65050723423174
6266,0.0293899845823097,0.0868630244414282,0.259964399438317,0.669503523351367
6267,0.0293865490722858,0.0870578280890055,0.254508342205518,0.633602106065976
6268,0.0293660998860867,0.0865308273909244,0.253421598136769,0.693571342429118
6269,0.0294130002175038,0.0864457974516848,0.250925698856497,0.644434372931748
6270,0.0294833047701512,0.0864137835072415,0.247972052523018,0.662260921227086
6271,0.0294656969535379,0.0869147822283791,0.253509774020624,0.669701584640094
6272,0.0294953299105276,0.0860185302921345,0.254649000652322,0.654080010514973
6273,0.0294351522802572,0.0870629435776089,0.25729241714919,0.66851770399738
6274,0.0293712777101608,0.0864953827594352,0.252440479877202,0.675297944977978
6275,0.0294294586394135,0.0860587142996947,0.251420139425472,0.639969172116022
6276,0.0294202790917238,0.0868028348692116,0.256941772405981,0.654837083274468
6277,0.0293384212869125,0.086586478962536,0.262816583292511,0.673209850696988
6278,0.0293760250515126,0.0869138091042796,0.255533894191711,0.678883507868667
6279,0.0293376084616124,0.0868082617474702,0.252844645630675,0.693999206661289
6280,0.0293796352168949,0.0870350063291816,0.257723990448472,0.648582812638794
6281,0.029435407313609,0.0871663207614603,0.255829392055957,0.651146763144938
6282,0.0294115417777169,0.0869234625171519,0.255940116562102,0.6760227084679
6283,0.0294470030586951,0.0868933770133376,0.253619503128524,0.673857505340269
6284,0.0294451234237024,0.0871162162691317,0.252515813704829,0.67567413374853
6285,0.029436331610647,0.0867454563365857,0.252792483942856,0.644044683795625
6286,0.029374705606944,0.0870778589134832,0.263062711403534,0.689137808664746
6287,0.0294344318740702,0.0865013479640915,0.251985122723309,0.645655665775381
6288,0.0292909233708169,0.0863344802812448,0.253810001753728,0.661128557087921
6289,0.0294059677823312,0.0862467223024195,0.255883482678205,0.6528077779252
6290,0.0294329409631107,0.0870383505514085,0.253989297806641,0.658246126330573
6291,0.0294106273959297,0.0860249416264932,0.251088372301942,0.660508108252434
6292,0.0293328943482645,0.0859380710578914,0.259588814468295,0.655794032248326
6293,0.0294148978820642,0.0867019110209508,0.255476666198298,0.660806224961498
6294,0.0295194985466138,0.0869983076221051,0.252692260331727,0.655139294645492
6295,0.0293762352223827,0.0856779937139299,0.249040397099527,0.650793056908653
6296,0.0294226194402058,0.0872565904739213,0.254971322812467,0.667428841566868
6297,0.0294279450161583,0.0864192309487591,0.257226238980548,0.678090236626873
6298,0.0294084692804577,0.086644742993684,0.25619912051866,0.652456383596981
6299,0.0294659019004654,0.0868701284785315,0.258277474484506,0.650118363750818
6300,0.0293592667197368,0.085901329488768,0.249839022277344,0.673790561280252
6301,0.029397828533869,0.0864248273720254,0.258449038061897,0.647178940426964
6302,0.029411337860247,0.087193311402073,0.250137532193641,0.678334568944177
6303,0.0294034303797951,0.0869629869116652,0.251985992076875,0.655724756305773
6304,0.029420244026772,0.0871644773355249,0.25902518266198,0.693779285713027
6305,0.0293736703512022,0.0874780680986297,0.255276927978817,0.621006840145654
6306,0.0294019103440295,0.086318350563528,0.250829775789919,0.663677312516528
6307,0.0293777249162293,0.087014424101295,0.255203718313961,0.704895908031277
6308,0.0293387261674866,0.0858553581117216,0.253752779941477,0.62699358109667
6309,0.0294098298893158,0.0866587912551117,0.259118598329991,0.674461240915838
6310,0.0293934931099688,0.0861523736306548,0.254709721934159,0.691475649676816
6311,0.0294919398545162,0.0869059675762476,0.254000463330775,0.651736589363632
6312,0.0294249303902665,0.0861547099197852,0.252477127574773,0.697454138623237
6313,0.0294303828341774,0.0868117381904117,0.251993537269612,0.680194317623486
6314,0.0294419698878168,0.0858058412014487,0.249365474207292,0.656180222967689
6315,0.0293794029059319,0.0865740319586957,0.250744557552238,0.674522271432218
6316,0.029288111305271,0.0863869322818994,0.250444291450327,0.643884629817143
6317,0.0294075992021005,0.0860225066426463,0.253331549543541,0.644408205988179
6318,0.0294081332116979,0.0865274804581327,0.256600155887707,0.68310224471681
6319,0.0294897700700765,0.0866580041051058,0.257034273838598,0.665560609407406
6320,0.0292585000522845,0.0858549658729124,0.253039497839307,0.624619835622909
6321,0.0293110576387765,0.0860172341508702,0.256053562678226,0.678156859461675
6322,0.0293048645838978,0.0857456521225582,0.246750718017545,0.681080545327825
6323,0.0293121002605701,0.0855426692453058,0.2450673578637,0.661712954975547
6324,0.0293781546034988,0.0873473272334467,0.258885314517406,0.632616058703113
6325,0.0292825747675216,0.0862526513338179,0.255735160703309,0.674371861911887
6326,0.029340637289739,0.0867215829555443,0.246787915208694,0.636415429832741
6327,0.0294346308041052,0.0875439753767931,0.260711873479771,0.671982958353856
6328,0.0293863034566268,0.0862158481765389,0.250124869003714,0.637448188505435
6329,0.0294227552118304,0.0876097884968342,0.258098752884472,0.688618928232588
6330,0.0294940844143598,0.086088582383088,0.250938248315063,0.698409673387449
6331,0.0293916439999483,0.0862254094360342,0.24868522810077,0.643091125417443
6332,0.0293871394700235,0.0866341099743353,0.249534315885174,0.649067578199624
6333,0.0294422211120967,0.0872020904923275,0.258463319763427,0.667777665656544
6334,0.0294361530948329,0.0866603028916349,0.251343691417367,0.625894879362704
6335,0.0293946321893691,0.0864720296587695,0.249036998817131,0.621395027191547
6336,0.0294640496834774,0.0875648821854953,0.254884122954992,0.612860940518409
6337,0.0293464973802483,0.0868953661649537,0.259186615415489,0.699893546295245
6338,0.0294424419103861,0.0876216859101881,0.254304196173685,0.640916160722946
6339,0.0294404670523453,0.0861404819169804,0.249311733000647,0.668249052170437
6340,0.0294095948696134,0.0863786585540724,0.258246143070673,0.683208426340363
6341,0.0293609732981335,0.0867128542215206,0.25710681676822,0.639045707122841
6342,0.0294389148289507,0.0866117449441086,0.256427793090286,0.662137861357495
6343,0.0294428399729496,0.0875866624722005,0.257888665265633,0.66686023441475
6344,0.0294356979947567,0.0865893386299634,0.260699990191483,0.675999051761297
6345,0.0293931137164956,0.0866293869789493,0.254326041764457,0.628171881511579
6346,0.0294114361318658,0.0870367885685726,0.24949123965841,0.635144385299898
6347,0.0294018527966536,0.0865419629854915,0.255318376399111,0.653938752085855
6348,0.0293487439496758,0.0863310632034764,0.259612825525802,0.737699555081894
6349,0.0293351725942386,0.0859655290084634,0.257808033008391,0.644036132717023
6350,0.0293812023609385,0.0871523036769517,0.258490463630413,0.659886004818836
6351,0.0292814365217669,0.0867221630699232,0.258311609619501,0.678066932954515
6352,0.0293449493214311,0.086552232485042,0.257587021293186,0.676817569270797
6353,0.0294574456797008,0.0870986951154514,0.253371322809994,0.652482752372751
6354,0.029390249954801,0.0869133452202029,0.259126979903661,0.688394903693203
6355,0.0293967032557845,0.0856853055440194,0.253657993042248,0.64646236689793
6356,0.0294183701523366,0.0861598426708016,0.252468019025523,0.654132979077905
6357,0.0293930925781345,0.0865828834573183,0.256405868685023,0.717475568870923
6358,0.0294376880758938,0.0877797538843988,0.252233380045677,0.65579351474411
6359,0.0293728966357961,0.0865397301496766,0.252410855890152,0.687959576237483
6360,0.0293475721668947,0.0862854188655098,0.252509884378735,0.669099161137418
6361,0.0293988761068134,0.0866701175110238,0.247945528445596,0.630550613951484
6362,0.0293794351268541,0.0863071665983126,0.251645066576513,0.646586591708137
6363,0.0293451519600576,0.0855591227110304,0.248539018142863,0.645167746999239
6364,0.029466293310974,0.0871999886496555,0.259347606320469,0.665808041267405
6365,0.0293165807768798,0.0861338999735375,0.252033360360528,0.645501661548983
6366,0.0293962467248748,0.0872981282646786,0.263595916718417,0.634683165011241
6367,0.0293979533065882,0.0868980226847227,0.250783959005803,0.625764955499452
6368,0.0293544024493784,0.0867210029048774,0.252418765216611,0.636203802439705
6369,0.0293078929700631,0.0864146827109748,0.251580323555016,0.675503135278947
6370,0.0293864046430679,0.0862665879747349,0.251736379339679,0.684656629001379
6371,0.0293490474918385,0.08721979753946,0.255237289456326,0.623862304102895
6372,0.0293320448763845,0.0871175660487291,0.259257310841267,0.698466846919085
6373,0.0293996324803825,0.0867626409131506,0.254269158802171,0.640895499021556
6374,0.0293578487012301,0.0870104142315976,0.24983581321752,0.690810937914898
6375,0.0294636017412453,0.0866533658214224,0.253238496014209,0.618804604608476
6376,0.0293910907532942,0.0865847486736842,0.253372452892516,0.662642669503704
6377,0.0294451107298371,0.0871275232356122,0.252029285269269,0.67590195462511
6378,0.0294124204563343,0.0861582699571333,0.25246895456572,0.659166102829648
6379,0.0293565597308323,0.0861990330825867,0.25464541559948,0.649740027759061
6380,0.0294341699538951,0.0870890895531925,0.251346938845825,0.689669695664654
6381,0.0293757541986968,0.0865307814524809,0.256829810956922,0.685004871739787
6382,0.0294017100363998,0.087098954719952,0.254380591790339,0.631910229150847
6383,0.029340484424159,0.0866118765816889,0.260905334211437,0.670643560385276
6384,0.0293608132976035,0.0865102758704076,0.261713190192824,0.658318309024477
6385,0.0294023348039273,0.0870244012200523,0.24916037633248,0.652202885608261
6386,0.0294068412317697,0.0869608031057112,0.257006782110252,0.609950167448972
6387,0.029361446070961,0.0869428114436931,0.251586407521818,0.618648121839063
6388,0.0293471167398326,0.0864828136245415,0.256827226195437,0.659765105252079
6389,0.0294748479942211,0.0862911200475279,0.253949045006023,0.689044653680726
6390,0.0293841029725468,0.0867465997044701,0.255414678226502,0.647750903411892
6391,0.0294034223362435,0.0866532613874263,0.255129043404804,0.640539712266931
6392,0.0294000775725324,0.0870728035913553,0.252689315551504,0.64572605827048
6393,0.0293677175349601,0.0870065686470735,0.256084801328422,0.677623267755901
6394,0.0294402582809178,0.0868562454704837,0.251184131461173,0.633027520766274
6395,0.0294402926458281,0.0873420908678957,0.252430855021661,0.645487885354778
6396,0.0294777018734416,0.087054562841778,0.257847698883621,0.686922933950532
6397,0.0293304863360349,0.0870661690319809,0.249234006968926,0.66640931152252
6398,0.0294105823064286,0.0866158193174472,0.254859833421926,0.705777616479504
6399,0.0294168761373708,0.086218967224365,0.251796019954718,0.633062400765122
6400,0.0293933205956373,0.0866318443369863,0.251485738339316,0.693579464603284
6401,0.029388572770839,0.0867786922825146,0.258896352195676,0.723349312159951
6402,0.0293364680216792,0.0864027799099933,0.252563893938823,0.703117500753681
6403,0.0293954467560858,0.0867476352399654,0.253750664415469,0.652060755081111
6404,0.0293748994625343,0.086774783725307,0.25186615261201,0.62115614043643
6405,0.0293496835071285,0.0872029601055257,0.253165192959574,0.638691815481278
6406,0.0292981756268861,0.0859667738128791,0.252444111099289,0.649582458619632
6407,0.0294767080017728,0.0874367440283124,0.256820813404434,0.627816406442309
6408,0.0294646279546212,0.0869838140613471,0.258376751302896,0.639808475585461
6409,0.0294286886892355,0.0866508831434908,0.256528952944392,0.672404995454045
6410,0.0294199594881553,0.0864375366180523,0.248318342401867,0.685452792987573
6411,0.0294065531415917,0.0866668159645393,0.252100823599611,0.654112975453647
6412,0.0293847762359899,0.0872972845575734,0.255574035440453,0.713573793896324
6413,0.0293704878754176,0.0868911731857399,0.257385979173895,0.647957552541098
6414,0.0294451877068843,0.08733614545121,0.262330876924834,0.667795493239741
6415,0.0294055568327751,0.0876622907876589,0.252295324689773,0.644473234089384
6416,0.0293343316346511,0.0870843443364994,0.249618764133761,0.634547355031695
6417,0.0293569473217974,0.087441236489211,0.251296495170699,0.688632309899324
6418,0.0294262462119187,0.0865406712373239,0.256046391347955,0.654996372088588
6419,0.0294179052409747,0.0865577028912333,0.260044775245737,0.686980269360486
6420,0.0294308327004344,0.0867471868907576,0.254592458609327,0.661172946789551
6421,0.029465276226218,0.0873231645108867,0.262912975424771,0.69461796840907
6422,0.029378479573896,0.0867435427170066,0.255087372816343,0.724970400473608
6423,0.0294195339940667,0.0873472949179697,0.25481579178881,0.65277021903701
6424,0.0293769574013702,0.0870294412803453,0.255600162589421,0.666224895757864
6425,0.029493245917571,0.086381216255246,0.2614004852893,0.694790537094154
6426,0.029342718286369,0.0860576979710041,0.250192497134085,0.648237466492775
6427,0.0293512193500456,0.0865338914595136,0.252910850666814,0.647420484336981
6428,0.0293869514804275,0.0874009513614545,0.248456524283318,0.676022944312229
6429,0.0294514681747117,0.0868698501665898,0.252656677509844,0.705984925092861
6430,0.0293478516690856,0.0871191099409734,0.252832996482239,0.623792417231209
6431,0.0293503895468442,0.087130339129041,0.257374006818311,0.672828223067203
6432,0.0293238913019634,0.0869245497722038,0.256386377597214,0.65200661322313
6433,0.0293814652478418,0.0872315151457376,0.251035135447747,0.654812250778614
6434,0.0293982927820222,0.0865120976173989,0.259118112534245,0.673983917743938
6435,0.0292790215280092,0.0869863546044784,0.25562392673169,0.659591870084288
6436,0.0293592497805649,0.0868274848527663,0.258588065120626,0.669374652405233
6437,0.0294697759021649,0.0863953902532576,0.254694376402938,0.619237317537478
6438,0.0294793642658708,0.0867002214327235,0.255801219267748,0.644902991676637
6439,0.0294109711766614,0.0872131913029107,0.256600697614784,0.653917372661544
6440,0.029498105793516,0.0873761204424627,0.247132597161774,0.637580450604096
6441,0.0294207382004232,0.0864340896510492,0.25847702158498,0.665536946131781
6442,0.0295439260581037,0.0874822664622919,0.260492891287399,0.646697705722427
6443,0.0294748196500116,0.087380126424801,0.255633979015877,0.678710584360877
6444,0.0293732079292134,0.0861501198771384,0.252314191207271,0.662636642190538
6445,0.029317723465096,0.0871612601570385,0.251810432842509,0.601708172281907
6446,0.0292663324837089,0.0863200829153857,0.259066554493591,0.62469569203171
6447,0.029351390284921,0.0862819354290088,0.249375192439697,0.619354028143148
6448,0.0294142830982081,0.0862413446146035,0.254348360611824,0.633551216936595
6449,0.0292577930848084,0.0862834686405587,0.251083220717558,0.622794409556273
6450,0.0294318700867717,0.0870572955887296,0.256981474478935,0.66292853837093
6451,0.0293429332146746,0.0859084341861393,0.252594696575492,0.658335162987376
6452,0.02939899387111,0.0868739308011466,0.252268335120406,0.653741656171577
6453,0.029396723534898,0.0870619695892614,0.252414269409051,0.667857036676659
6454,0.0293759177435884,0.086165028965669,0.249443947670282,0.61614136088787
6455,0.0293523431195059,0.0865369948598655,0.260481991625682,0.688404569074475
6456,0.029353919889874,0.0861430921093609,0.24895003022884,0.657723213465726
6457,0.029369762938097,0.0865331401574242,0.252690030298136,0.665184697273465
6458,0.0294684332353179,0.0875288965913543,0.25681709541716,0.638329515795643
6459,0.0293606455811719,0.0871406628307681,0.259287130321635,0.687488916298403
6460,0.0294902812595805,0.0867060379730213,0.253197119025207,0.658244975737901
6461,0.0294060259926117,0.0873557984097582,0.248153706059646,0.631470315970169
6462,0.0294359010482036,0.0874522544971977,0.253904407484643,0.661088799959414
6463,0.02937615697343,0.0868729194482865,0.253263556304309,0.651287826973035
6464,0.0293843605420792,0.0863951025909448,0.250685252165742,0.649994078439481
6465,0.0294315007914611,0.0869862148623086,0.252161415390635,0.624062622545317
6466,0.0293515394371144,0.086484682626738,0.256114388413353,0.674075219672097
6467,0.0293926689357016,0.0863457117252065,0.256638440343994,0.65345777583137
6468,0.0293841985069682,0.0872030898382908,0.256914483835078,0.649054267030605
6469,0.0293924513128712,0.087379019562058,0.25274470079192,0.650047948116952
6470,0.0294420146310849,0.0859319462748784,0.256005621605673,0.665262439200659
6471,0.0294556781179857,0.0873173822108954,0.255043440844293,0.62588239386881
6472,0.0293798238716557,0.0868317139032987,0.24699987476875,0.655609928271434
6473,0.0294563126387477,0.086615839545325,0.264473028959025,0.68812328860466
6474,0.0293722818753483,0.0858998454043898,0.249656124386062,0.694643864888918
6475,0.02937284705143,0.0869789737603428,0.249016059803461,0.675326817101164
6476,0.0294316019776833,0.0869775882329632,0.255575020277502,0.63512925912199
6477,0.0293290194136489,0.0862626538069278,0.250124653069328,0.631318548300252
6478,0.02941386477793,0.0859538284891445,0.249920137881035,0.683709700443603
6479,0.0293608183257542,0.0860788191371053,0.255442797323549,0.648896749675901
6480,0.0293611249158506,0.086752000863688,0.254800120003753,0.676515704705177
6481,0.0294439517382482,0.0861591992949267,0.253888551372485,0.696716520875459
6482,0.029295804228171,0.0853436670052888,0.249308551922818,0.648350578805138
6483,0.0294783334223691,0.0877615579453784,0.256241542403537,0.673201845044458
6484,0.0293220747076871,0.0856102313864521,0.251300740397659,0.631985614709389
6485,0.029324689244151,0.0865576833372356,0.255224598216358,0.677555811835539
6486,0.0294260615718084,0.0864746680953764,0.254717516027985,0.665248729337845
6487,0.0294518602419465,0.0869994146318059,0.248679077481394,0.652900094557695
6488,0.0294517246107772,0.0872836289727643,0.256532249070313,0.659300060100258
6489,0.0294792733811073,0.0864093686579709,0.251994129088629,0.658208515865796
6490,0.0294125418750703,0.0865430321161992,0.251856526594243,0.657008821616574
6491,0.0294127895157074,0.0866999149320754,0.249128096421867,0.667650758593119
6492,0.0293657576247134,0.0860728679562339,0.249099191714524,0.64467091397178
6493,0.0294273969620658,0.0866787728452436,0.254278449966972,0.636188079341028
6494,0.0293914136407418,0.0859701285360607,0.254789480848726,0.669814518732854
6495,0.0293690453709535,0.0863593423119214,0.249074737106866,0.682179223061653
6496,0.0293932669050769,0.0863924336461307,0.248616125059665,0.639733186561263
6497,0.0294648483527829,0.0865171065484597,0.255287585835544,0.63989344319291
6498,0.0294637229509834,0.0872060267137189,0.24890946968796,0.657178624945368
6499,0.0293594480750117,0.085970934477625,0.258088617678323,0.711935762988338
6500,0.0294519620519387,0.0871107994183664,0.255292197709186,0.661437018461436
6501,0.0293514042739727,0.0862173975125221,0.253017146705757,0.653920077402969
6502,0.0294884246764788,0.0876017276560442,0.254211456934167,0.661928410959899
6503,0.029349143810808,0.0858236733847212,0.254686001342713,0.620955857365304
6504,0.0294849233368694,0.0872356372363594,0.258418360397758,0.658463445675086
6505,0.0294694977640372,0.0868318192393597,0.254070959786395,0.674454699543372
6506,0.0293764943153358,0.0871098525179803,0.260781652055958,0.694783085165001
6507,0.0293979220392274,0.0859973367561851,0.254146777929183,0.644580302674587
6508,0.0293866898823406,0.087104828424713,0.258549290473886,0.640569197686764
6509,0.0293610620430791,0.0871287170164906,0.253844127796073,0.644477330447612
6510,0.0293780756268892,0.0866858025356241,0.251765898716168,0.644819249203679
6511,0.0293619889486642,0.0875045324059023,0.254492776793511,0.646118704122801
6512,0.0294193182431846,0.0863738878572585,0.256590446122035,0.663207817418759
6513,0.0293691812826372,0.086174831851873,0.251431407655625,0.67203701837043
6514,0.029354396110051,0.0861719990995926,0.253616037230695,0.673528239884908
6515,0.029363388132716,0.0867192852298562,0.25401148278211,0.654965343492022
6516,0.0294550900108785,0.0867088721417547,0.259626986438005,0.698545251394938
6517,0.0293028441429626,0.0858732920515733,0.252981741515897,0.706415472285442
6518,0.029412181018861,0.0878443312434582,0.260641426694312,0.70558627851142
6519,0.0294222887127154,0.086679063718838,0.254283115728951,0.644383490365869
6520,0.0293568304349303,0.086641990871488,0.252197825482033,0.644550213979942
6521,0.0294231242249638,0.0868114382417054,0.262229977616471,0.631898034455535
6522,0.0294304785192987,0.086310822752974,0.250893946484612,0.637781113887709
6523,0.0292987719961996,0.0864395806624957,0.247743791653921,0.65148558620039
6524,0.0293281799098456,0.0870524476515955,0.252468218752003,0.64607923174535
6525,0.0294035233636827,0.08652921150044,0.260700410753181,0.664524870346269
6526,0.0294903983731618,0.0873529457895113,0.256338636010487,0.688600963976942
6527,0.0293126948639476,0.0866292676469185,0.254186502476823,0.674265279525293
6528,0.0294216491880608,0.086479224587675,0.255053115694466,0.653113357261778
6529,0.0293707710393829,0.0866675567877275,0.254690612709076,0.65058982922951
6530,0.0293230030637673,0.0862146797671751,0.247990061793904,0.631732771957052
6531,0.0293549815613852,0.0871757771127837,0.250578420822489,0.656540540766167
6532,0.029363773242745,0.0864218153246801,0.249648432478747,0.650210447615218
6533,0.0293832618670599,0.0869541059439537,0.254083991996729,0.639802760215151
6534,0.0294127892386073,0.0869050793683823,0.253584553339064,0.683342405582701
6535,0.0293718938957591,0.0871057583368539,0.262123112203862,0.669559105077662
6536,0.0293539681091611,0.0871306761445542,0.256323998086428,0.682031481472574
6537,0.0294218786895068,0.0865379707757171,0.251587579215547,0.672551204036684
6538,0.0293497044572497,0.0861802909816376,0.25427785311009,0.625067757124721
6539,0.0293684213994771,0.0857253414316251,0.248911559400927,0.654566603052369
6540,0.0293788346659239,0.0868896919296782,0.251775900140071,0.686762729925463
6541,0.0293792824277951,0.086143315589302,0.252874372798351,0.64568575769179
6542,0.0293850409111564,0.0868273898260475,0.255283626047793,0.641678152303974
6543,0.0293312959035763,0.0858019221596792,0.256791814918064,0.652196187629673
6544,0.0293703822636389,0.0870968376918067,0.255536981969721,0.654285782871089
6545,0.0295279341921223,0.0865229508392286,0.255439085708476,0.689036605048484
6546,0.029472616943597,0.0874570876780421,0.251169133681496,0.623369676619897
6547,0.029390309317871,0.0857608857739241,0.252607135141055,0.647323233940365
6548,0.0292789200222125,0.0869308654916665,0.257100446940118,0.680232249070815
6549,0.029418618574651,0.0871371352126355,0.257044662778528,0.669397421083565
6550,0.0294327300046121,0.0862489958128359,0.25295003945971,0.629486518414467
6551,0.0293596786041959,0.086889959379452,0.257337239765992,0.675386540733936
6552,0.0294972516371913,0.0872257813767646,0.254203721768638,0.718198016098049
6553,0.0294490901783831,0.0867075506370903,0.254461722071374,0.670685575181009
6554,0.0293948675285305,0.087234288328621,0.258649799700043,0.67134645541603
6555,0.0294408361888049,0.0864963563635566,0.254200056417915,0.622475586575164
6556,0.0294322266372018,0.086217042531704,0.255342568197631,0.639613906646539
6557,0.0294184217194396,0.0874156283788448,0.25063225171939,0.645120455340872
6558,0.029449572134745,0.0871937866935672,0.254906311985968,0.657378275035787
6559,0.0294357935448905,0.086794398230782,0.260035059158737,0.684123848625685
6560,0.029313717717705,0.0864736762159827,0.25181983844017,0.632801574613538
6561,0.029470312992927,0.0873477235812915,0.251706750795627,0.679922810418906
6562,0.029357233608791,0.0859943132087867,0.25184923478834,0.672582543162237
6563,0.0294128811889378,0.0860463522412233,0.249725177845435,0.662474245924766
6564,0.0294445746249051,0.0865599691463117,0.253899148644789,0.670780697084625
6565,0.0293317788506042,0.0868428175093696,0.259517175550833,0.701814178342885
6566,0.0294132650749899,0.0863244530391468,0.254787689349238,0.623371402756976
6567,0.0294463993584279,0.0866732195927057,0.254068675394673,0.638264743915135
6568,0.0294712227284542,0.086561318155373,0.25615755363857,0.645737710713976
6569,0.0294001844134093,0.0852914598567272,0.253820016762103,0.669932956178675
6570,0.0294182204512872,0.0869690862734979,0.253441261730615,0.652753391414621
6571,0.0294342080123946,0.0867621335079523,0.25921087991026,0.715438889830881
6572,0.0293326931152637,0.086187924320362,0.246163262092936,0.652412415798402
6573,0.0295166762103755,0.0862930060699446,0.247975693985055,0.623195976710183
6574,0.0293112078865325,0.0866780360623021,0.255273388796867,0.665164313331427
6575,0.0294030582192142,0.0867796516706677,0.255655591685833,0.697805320615717
6576,0.0294008219164535,0.0864323192743115,0.25798874207645,0.660604115814952
6577,0.0293283080898204,0.0860250343961229,0.248418795899489,0.651822131637042
6578,0.0293417981425518,0.0871260711281828,0.26245086179825,0.643786304867465
6579,0.0293711818483392,0.086014867022197,0.251063132383127,0.664365375142241
6580,0.0294601585043396,0.0873751547375299,0.258748421927278,0.65001294581825
6581,0.029437467565461,0.087279149475644,0.255531706812301,0.635509027147476
6582,0.0293728779027151,0.086805520210975,0.257096815593908,0.664873538109058
6583,0.0293630424494053,0.0870998287458383,0.254708091892841,0.677380897275868
6584,0.0293867032204188,0.0865216335759315,0.25340019540149,0.689811142846207
6585,0.0294057533125516,0.0870552903806345,0.257188873369688,0.676651357954382
6586,0.0294563962139581,0.0866084894940837,0.248530235806791,0.678366781943421
6587,0.029397658087238,0.0866263017509787,0.257887936279023,0.694505920458601
6588,0.0293332713247241,0.0864889216720263,0.252380044682351,0.634260336918309
6589,0.0294324767470491,0.0866774825691537,0.250782674540786,0.672152243416398
6590,0.0294005885541,0.0867776353625714,0.253800299114119,0.66438398320567
6591,0.0293879434571326,0.0865024237903326,0.246648234866592,0.619403455984814
6592,0.0294097185138722,0.0862659662280287,0.251299624756859,0.62886220040482
6593,0.0293973507459265,0.087396060859703,0.253279463557232,0.675268246190816
6594,0.0294345494506143,0.0863586385847047,0.2516246220999,0.661739720912376
6595,0.0293203372145474,0.086340382828448,0.250347405263089,0.669657151227117
6596,0.0293934560861864,0.0875391377462239,0.253956836701609,0.67290399850767
6597,0.0294106611859566,0.0864229177362449,0.258268926223103,0.711163664917022
6598,0.0294009480791547,0.08687931852106,0.257505134261386,0.667905861256279
6599,0.0293121487110799,0.0864185561308977,0.251017088733562,0.635354194520638
6600,0.029414487749362,0.0872277838919804,0.259272785404768,0.710176346448079
6601,0.029406389752033,0.0869137911776822,0.257137178024239,0.678750045122319
6602,0.0294728696364489,0.0871450719009968,0.250122735303856,0.664779440921723
6603,0.0293578287742944,0.08630451483425,0.249176080257652,0.642939462862587
6604,0.0293608633514952,0.0867940671793664,0.254165621606006,0.634381909678975
6605,0.0294189900461155,0.0858178078417832,0.254896864334358,0.674638685575689
6606,0.0294180832486027,0.0868944994438573,0.254397569139693,0.660174218516161
6607,0.0293498705215986,0.0865864784380799,0.254077514550656,0.679224008039024
6608,0.0293986083702873,0.0859504771346203,0.246339261445869,0.657804538118318
6609,0.0294689187533277,0.0860686063667393,0.24935298781602,0.625565878365523
6610,0.0293429305761944,0.0863098723948949,0.254622869846075,0.678964444040549
6611,0.0294019104655285,0.0858157047816567,0.248651630364916,0.643099470543056
6612,0.0295375617348699,0.0870236946289611,0.249490639534562,0.627834278592695
6613,0.0293624497876461,0.0870418773217575,0.255899343254647,0.642458725336976
6614,0.0293908490886855,0.0869202174837952,0.255714752775324,0.692004722677294
6615,0.0294012485820944,0.0861694733212146,0.253831364593817,0.630735718675573
6616,0.0293371082255664,0.0861196423065586,0.254247962846612,0.658002506055403
6617,0.02935555168216,0.0864195003255821,0.254618435154549,0.657924067401796
6618,0.0293732034684103,0.0867150887759247,0.249556684252474,0.659227244190478
6619,0.0294752343682171,0.0870726969328304,0.256531817365547,0.633472053012851
6620,0.0293878017647804,0.0864891411337935,0.255131607592503,0.656136055875237
6621,0.029332397825727,0.0862150012399017,0.254410823132033,0.679036278224756
6622,0.0294479025737203,0.0869897690521778,0.2530561081933,0.635613042020142
6623,0.029410774198831,0.0867608629345528,0.252931257833191,0.67260456515959
6624,0.0293856643884617,0.0871286465458792,0.255303778889605,0.661157229786819
6625,0.0294218625352656,0.0865305259273939,0.256154955377826,0.658379539505633
6626,0.0294459526247975,0.0862575569608404,0.25770920426089,0.654049826352477
6627,0.0293766599567072,0.0873416470290573,0.261854746967541,0.667681797653283
6628,0.0294532448283404,0.0867690808058702,0.25623696046097,0.618286942212007
6629,0.0293388530289857,0.0860432350478295,0.2500194020212,0.659312724337668
6630,0.0295024334612761,0.087509213108273,0.250688512064055,0.614318355495001
6631,0.0294029680281746,0.0860492680401474,0.255889650947774,0.660075243427639
6632,0.0294720290275606,0.0866099210256606,0.250601530296419,0.634159272009627
6633,0.0294543476045247,0.0868336056687003,0.253094541915563,0.687787119767552
6634,0.0294043143398779,0.0865886315682215,0.256039293581196,0.667338809998384
6635,0.0293220791622078,0.0862892449927351,0.252428417265869,0.627905564837613
6636,0.0294056529622578,0.0870707356759703,0.252318208426505,0.654017404875037
6637,0.0294082683712799,0.0873666769375724,0.254582972427711,0.638344343861591
6638,0.0293812324893871,0.0863807180321717,0.250482628513323,0.661151361825345
6639,0.0294224960552332,0.0858466802540873,0.251735668807741,0.617730637564167
6640,0.0294671387336923,0.086548146174103,0.256206375416534,0.641998661157697
6641,0.0295563429207094,0.0871550365000135,0.249508632506667,0.665406543159877
6642,0.0293646069508834,0.0867760411055857,0.255572300402047,0.66221139896062
6643,0.0294324831977795,0.0862955913896289,0.247934013546729,0.671988462695132
6644,0.0293698755114043,0.0867939784159967,0.258162141780122,0.682390088294393
6645,0.0294053274868176,0.0866124980716927,0.2533005719993,0.65989551529239
6646,0.0293893531700631,0.0865257197509706,0.24999266123206,0.635003565009073
6647,0.0293873077254499,0.0856411209612483,0.247831687019367,0.685841091890831
6648,0.0293566585132261,0.0866236472638922,0.251134933986423,0.659505635915724
6649,0.0294031759045482,0.086809597281442,0.257113324790032,0.667766088136574
6650,0.0295094972939298,0.0866689285517267,0.252822853633034,0.681753814035379
6651,0.0294677029331803,0.0871114033152146,0.256260171282259,0.646465087833269
6652,0.0294654532632944,0.0872361076317808,0.257756729574356,0.694662653088862
6653,0.0293414549251674,0.0857768592373623,0.253024848230669,0.665666925525481
6654,0.0293757382524301,0.0863726730926917,0.250007884401563,0.64215910734334
6655,0.0294075066855427,0.0871503032831355,0.25243280720974,0.677471253563585
6656,0.0293726873777074,0.0857621310539291,0.252512256547324,0.632418209533609
6657,0.0294214988969546,0.0870652269118813,0.255414374631315,0.695840425676213
6658,0.0293799311208284,0.0857032473926423,0.251665179809613,0.670913500145
6659,0.0292819436017281,0.0864317951418133,0.254056178409302,0.66109138117008
6660,0.0294117567072548,0.0866644275794341,0.25372563910725,0.676292812294679
6661,0.0293131987214342,0.0865593452171399,0.256077048593434,0.696579509906859
6662,0.0293673296557801,0.0862701314257003,0.253107202040592,0.640388276775508
6663,0.0293178037459605,0.0865881383512422,0.250579880734024,0.658468155734293
6664,0.0292967382093803,0.0857572762391629,0.2499571751276,0.650937609364615
6665,0.0294374633151595,0.0858600669509688,0.253021941617508,0.644590657632889
6666,0.0294581545743222,0.0866861423053942,0.253983801276797,0.61437104478065
6667,0.0293892225518766,0.0870303738893782,0.256474720708119,0.658409857141206
6668,0.0293791798592404,0.0860365772154102,0.252775469770545,0.683908151304521
6669,0.0294136263286137,0.086549050397935,0.25173191480696,0.649338913832951
6670,0.0293481478734263,0.0869415843391422,0.253199726845801,0.642913181927603
6671,0.0294169261988907,0.0868729975006301,0.250466774124668,0.664915464119574
6672,0.0293321943985348,0.0860162185855705,0.249358292149401,0.650448756022781
6673,0.0293799153378054,0.0868991299909893,0.252491442332755,0.715378602472996
6674,0.0293718929195369,0.0870939479666405,0.259476135925809,0.660283815037521
6675,0.0294220329837237,0.0868549094661973,0.258430365474566,0.683425988414507
6676,0.0293623222667978,0.0864285535419443,0.254503170837371,0.673846805729325
6677,0.0294974801436993,0.0864648624183635,0.259351548408915,0.636836327374078
6678,0.0293072832850124,0.0859581824186632,0.252335252329696,0.64217784527421
6679,0.0293975607910416,0.086831338283578,0.256250112777376,0.655265083009801
6680,0.0293538155164518,0.0871400788529723,0.255277504162391,0.660305124871064
6681,0.0294757323968782,0.0865121767202955,0.250274469333865,0.606173704929199
6682,0.0294233885360145,0.0869177173159301,0.255054222548199,0.638178995215669
6683,0.0294485945879117,0.0874618016935975,0.259666497897089,0.659732268203243
6684,0.0294216615247093,0.0870055669307122,0.253494779932725,0.654173854579976
6685,0.029329295460333,0.0858297454740233,0.248392764083412,0.654157631775884
6686,0.0295080351395289,0.086999011590229,0.256157611865098,0.656227221813126
6687,0.0293367156751194,0.0865762672668478,0.251406488840905,0.677238432254102
6688,0.0293604623346573,0.0867542103511153,0.252788172822103,0.643953228181682
6689,0.0294332152828074,0.0865816884440711,0.258421778511521,0.666202719807588
6690,0.0293262850284578,0.086158992599782,0.257113171197282,0.674771087132127
6691,0.0294497445344777,0.0871719146979226,0.250621228999534,0.639187890959247
6692,0.029345436844604,0.0869825734806556,0.254583916578303,0.646685045462902
6693,0.0293945062438027,0.0854791048099047,0.249834278568921,0.631978884412883
6694,0.0294126895401026,0.0858238859223263,0.257544258470582,0.695018413005971
6695,0.0292731650908954,0.085377954355546,0.252053549168916,0.651852469435427
6696,0.0294674653254457,0.0873294806043534,0.24749143444971,0.664694193897002
6697,0.0294059670354438,0.0869567001783493,0.24816026850908,0.684119848576659
6698,0.0293712385157199,0.0862856299999599,0.256856707661044,0.679183172555017
6699,0.0293600691792328,0.0853823481504978,0.253986478192171,0.624729329659761
6700,0.0294441754470934,0.087496801401509,0.261073370466655,0.639063461737106
6701,0.0294229567128808,0.0867288462740483,0.25875954306886,0.674663703237667
6702,0.0293643728003703,0.0865131210073463,0.257234222270735,0.644702784090065
6703,0.0294393354697391,0.0864096849131078,0.261817190566779,0.674435733014205
6704,0.029415101231538,0.0863992637297463,0.254857952347898,0.631189061209168
6705,0.0293813365809779,0.0865131043661626,0.255403007990411,0.668699581573482
6706,0.0294182192516499,0.0862038078507579,0.252307091179795,0.663344909798443
6707,0.0294380899179616,0.0875961779075991,0.256700656569136,0.71168615405488
6708,0.0294086852781528,0.0861406016661504,0.252885571081758,0.662676218289452
6709,0.0294530698630411,0.0871726344337715,0.251419916742668,0.628712348549011
6710,0.0293333422281808,0.086169262132641,0.247959368276171,0.652816546162438
6711,0.0293749304464478,0.0861366360892366,0.255587973075593,0.696904091561975
6712,0.0295074749341855,0.08656487219458,0.25557156249303,0.662251413139353
6713,0.0294587834642773,0.0866743774267625,0.247566695935983,0.649231403587557
6714,0.0294660033134835,0.0867610568062141,0.254116752195772,0.715551100753166
6715,0.0293439315846066,0.0864065605187873,0.2526426202126,0.648991432424448
6716,0.0294542708207421,0.0875117120099365,0.25759744377307,0.684418071235998
6717,0.0293541972717674,0.08624033763548,0.249792681886275,0.651422295734431
6718,0.0294616008264402,0.0868918730114317,0.253302743888434,0.644047459349815
6719,0.0294090371056182,0.0864103526203032,0.258693709720598,0.678528545882577
6720,0.0293887443894275,0.086066551146444,0.257570172360369,0.647334118415595
6721,0.0294779480370993,0.0863319679070305,0.252547837084962,0.647011400389758
6722,0.0294619236343478,0.0868777189425498,0.254027028337922,0.652132384676265
6723,0.0294245839202872,0.0872093631564028,0.253464608305156,0.701109681704915
6724,0.0293996388904167,0.0865716338654592,0.256749698446379,0.647810126680188
6725,0.0293677195874287,0.0865088344720394,0.250891413115838,0.692472032031908
6726,0.0294915928387613,0.0870047712680698,0.260655773064544,0.692333387295568
6727,0.0293846272044133,0.0871625169904037,0.252528512810304,0.658238187628034
6728,0.0294150741341444,0.0860731854443062,0.24345746849359,0.641553743135391
6729,0.0295046113550395,0.087345435576587,0.257274486421963,0.638191233208001
6730,0.0293792967241939,0.0869578050266322,0.252528928008295,0.665647534837344
6731,0.0293843371559306,0.0869498556797424,0.254921162965622,0.650706385780402
6732,0.0294979915738451,0.0865351064816561,0.248956780919016,0.650291377890592
6733,0.0294235449371544,0.0864672243578088,0.256454125731363,0.688868135811489
6734,0.0293886135892709,0.0868463097889806,0.252439712819752,0.642567613075825
6735,0.0293970466171689,0.0867882481679836,0.254164791180178,0.697839521722543
6736,0.029313014874782,0.0862416133306099,0.248665201605857,0.652111975782214
6737,0.0294570186148816,0.0866621785572439,0.252055458100419,0.673231404505882
6738,0.0294575432092186,0.0863193385804214,0.254952574577635,0.649981262835597
6739,0.0294124161986133,0.0869201244496362,0.253726035635917,0.63819901553676
6740,0.0293338530999159,0.0865131375747029,0.253949878032417,0.686156391337823
6741,0.0293923975815673,0.0865791807351518,0.254383314370761,0.644081425035053
6742,0.0294202999895973,0.0864500997673007,0.256039406128142,0.660861237536086
6743,0.0293435782107984,0.0865660055764715,0.257107042916557,0.674748385458329
6744,0.0294165388845573,0.0866274932776146,0.249222523951676,0.63628012905592
6745,0.029384053036312,0.0861384802997151,0.252267578900705,0.607548734548329
6746,0.0294528346276863,0.0868324172281842,0.254189300949047,0.616686323766759
6747,0.0294084982904804,0.0859922047051343,0.255092679043224,0.688321904794818
6748,0.0293865437286289,0.0862682581865114,0.260223565891755,0.674544442334398
6749,0.0293967037242916,0.0865648111754364,0.246435185816541,0.630638130291697
6750,0.0294702798846429,0.087148405029532,0.256734314188095,0.654273130327313
6751,0.0293811907157651,0.0861723429716266,0.257348411660911,0.662681807757527
6752,0.0294289076283821,0.0869998512792654,0.257936367695727,0.654915394508235
6753,0.0295115358444508,0.0869538930282559,0.253066830091809,0.68934695557997
6754,0.0293385992287341,0.0865383730630609,0.254782380714531,0.666326038623192
6755,0.0293492431996954,0.0863041497785034,0.253992328176621,0.653905265042696
6756,0.0293874227212989,0.0861717613152973,0.246362017525944,0.654708104862565
6757,0.0294190689786882,0.0875652465512134,0.260734086389977,0.669100444505852
6758,0.0293653790450133,0.0862028061723449,0.248791814640661,0.620436065181986
6759,0.0294294998681849,0.0870557013012496,0.251326330881645,0.625184376949038
6760,0.0293259996333931,0.0851754780283035,0.249322975289462,0.660314627172827
6761,0.029396690510324,0.0863120259512755,0.258048018047561,0.716661696597454
6762,0.0293824610490583,0.0871029895678182,0.254891161298076,0.656711569886317
6763,0.0292938140808384,0.0870928411804353,0.254813430593197,0.657631605223268
6764,0.0294153128944286,0.0870924920783896,0.256352127626222,0.673910752603747
6765,0.0294057418017401,0.0867031537979732,0.250527390691151,0.66593997228683
6766,0.0292831992502099,0.0867360403825674,0.25736504949377,0.65228971378781
6767,0.0293179201373022,0.0874261553861918,0.25270927973516,0.667722938545988
6768,0.0293895245843057,0.0862425083265211,0.258763341010969,0.668044150182921
6769,0.029348161402606,0.0863903318662574,0.253797239684182,0.621682153338309
6770,0.0293294625147258,0.0860972649200092,0.252810474271788,0.637777763659968
6771,0.0293861040389305,0.086009183718657,0.251661617099466,0.700479601387646
6772,0.0294201200736967,0.0868664708681256,0.255542176905406,0.64036423374132
6773,0.0294254361733271,0.0871693599400607,0.257145429915485,0.63237687178993
6774,0.0294418425462156,0.087180102750805,0.252472645047549,0.67967040886477
6775,0.0293400446594174,0.0855277506583114,0.247280145272325,0.622997543562257
6776,0.0293634736388918,0.0864968271967264,0.252212667130541,0.675601337844129
6777,0.029341856139939,0.0866537977492383,0.250487931927589,0.665544422472446
6778,0.0293613466422175,0.0866266896677143,0.253282459016688,0.679895346787054
6779,0.0294550448156942,0.0871205395671291,0.255548828241519,0.659682615378896
6780,0.0293752454565387,0.086525904340039,0.253042543021739,0.68088288479139
6781,0.0294024704726431,0.0870908527916718,0.253460689533976,0.668820351212286
6782,0.0293782735105691,0.0854711999663562,0.245555462854341,0.694619337975491
6783,0.0293971433930851,0.0867216743727355,0.25415739788856,0.665109393307003
6784,0.0293896763919176,0.0863044991608875,0.25939051826173,0.663677221607536
6785,0.0293931423437673,0.0864958617954115,0.258898207292409,0.685111520153125
6786,0.029381930220083,0.086054902362932,0.249949261938698,0.653238024425147
6787,0.029348473911064,0.0860441691157597,0.25725840091244,0.648664704287406
6788,0.0293656221880755,0.087032296507379,0.253783829452472,0.697720462471719
6789,0.0293399935636916,0.086753405818725,0.254826728764106,0.6857724127308
6790,0.0293289336919639,0.085935117334209,0.247010700447842,0.648139937436311
6791,0.0293576927634677,0.0861377781233049,0.261136477884586,0.63742220601009
6792,0.0293664527275492,0.0872383606334883,0.2513006065854,0.627319236640368
6793,0.0294573170150427,0.0867998816895216,0.25216459703464,0.652781931987793
6794,0.0293165477259975,0.0862391605964209,0.251370024341998,0.63531665417554
6795,0.0293678976748437,0.0872844541882943,0.251801730874528,0.656985597013565
6796,0.0293123523605519,0.0867697503583321,0.258033967758577,0.648547319045436
6797,0.0294452460722457,0.0872349513307806,0.258934988141846,0.641173370872117
6798,0.0294435276303671,0.0864868297661538,0.253782082230287,0.630616886316952
6799,0.0294228754347307,0.0864116194260813,0.249351333612327,0.628603569463413
6800,0.0294561207176653,0.086298342002686,0.251290331118003,0.654160252957606
6801,0.0294439925287945,0.0873400413071592,0.25238213951896,0.700936343801732
6802,0.0294123766739806,0.0872149170220982,0.261598372236289,0.671470298588719
6803,0.0294031850158672,0.0875161893647088,0.256859318488504,0.645366329579903
6804,0.0294432051695883,0.0863756756344902,0.25575573774141,0.649434173131644
6805,0.0294159021650052,0.0864099439881503,0.253012138201775,0.641578125859093
6806,0.0293971615977636,0.0861766064147404,0.247618842808594,0.671276868723114
6807,0.029446790033814,0.0862974561814198,0.248120578250331,0.682463038376822
6808,0.0293284567616409,0.0861870062149417,0.248536187876836,0.596063107043372
6809,0.0293615939979972,0.0869814681320996,0.251682462012878,0.651847181812537
6810,0.0294792753902732,0.0872903486451805,0.254361922084785,0.674019647989535
6811,0.0293818354372292,0.0871143225796624,0.252547964934132,0.651273406784411
6812,0.0293196729987974,0.0866292245281241,0.258191503665887,0.633163703272025
6813,0.0294291419612539,0.0867172655158308,0.254139529377047,0.65976874867122
6814,0.0293322253492423,0.0861215787518179,0.251009599587019,0.639171326673416
6815,0.029402555906494,0.0867155096851777,0.250426614157178,0.630179223282902
6816,0.0293425353661683,0.0860235674718783,0.246118053769404,0.660338620786198
6817,0.0293997685486388,0.086247272876408,0.25082913529532,0.659637738428468
6818,0.0293724281086449,0.08670417330613,0.251384561848944,0.681099963780718
6819,0.0293082649235625,0.0864227539220375,0.257782966890617,0.660813487069798
6820,0.0293192543616098,0.0857641847280215,0.254797738587933,0.667723109145456
6821,0.0292768572771274,0.0857834528253726,0.258601109772361,0.666717200812619
6822,0.0294250085017846,0.0868696210755325,0.251496538445,0.671943973926416
6823,0.0294836846380935,0.0872924110486324,0.258989042072674,0.692677463453463
6824,0.0294110833270839,0.0871776847722577,0.252934975909604,0.631341117767287
6825,0.0293780872457622,0.086024226401833,0.251311870673988,0.64357490837752
6826,0.0294037977902768,0.0869276240419045,0.256211900367967,0.682700592610401
6827,0.0294184083826167,0.0866638419600824,0.255395181558901,0.657920233231872
6828,0.0294411845627143,0.0870937310464467,0.251103058781773,0.658837839048988
6829,0.0293746879078725,0.087046015581403,0.255245842926145,0.639011563448919
6830,0.0293987633280732,0.0866327391720388,0.255707340955375,0.645100925128141
6831,0.0294771875538433,0.0875600615030475,0.258942014262738,0.664609345189857
6832,0.0293679170862235,0.0864763391373921,0.254819526735579,0.668829325050196
6833,0.0293823071525319,0.0870464773990839,0.25201535596522,0.630198443713988
6834,0.0294332339881128,0.0866570183840355,0.255745363802081,0.699774648830364
6835,0.0293685703890672,0.086652908569261,0.260733881038596,0.663216166896809
6836,0.0294071726755165,0.0862100813658355,0.258524286226776,0.645954309436209
6837,0.0294512550306572,0.0869443529159264,0.254524430306995,0.633777885551274
6838,0.029408716729533,0.0870293467022955,0.251568092976005,0.640259654229074
6839,0.0294375446397148,0.0868383299328965,0.250705252673094,0.668286734420629
6840,0.029356690477298,0.0863089700134609,0.247403052907755,0.632251661356327
6841,0.0294947991043677,0.0875511960658333,0.262189801459216,0.663297138377516
6842,0.0293463776150824,0.0862809074840405,0.25004408114818,0.633776296796513
6843,0.0293217483849212,0.0858810701627424,0.24708678010262,0.661711049052664
6844,0.0294282110822914,0.0867080849838614,0.256310448645882,0.687592778443594
6845,0.029308388532724,0.0867180363655821,0.251364654105807,0.632181025084355
6846,0.0293969492042272,0.0871528398879469,0.261951995934677,0.675275898707756
6847,0.0293579536652853,0.0864948358118157,0.255942400217587,0.662069898162073
6848,0.0294473101755521,0.0868157426512648,0.259919917697369,0.657615797248331
6849,0.0294846186388381,0.0866013478441174,0.256354866001907,0.665625578910983
6850,0.0294381491169243,0.0870994595993709,0.254711219780945,0.700833976076346
6851,0.0293877509631189,0.086940524677108,0.256862286286658,0.686591188728693
6852,0.0293328458302289,0.0864623067300032,0.258438581105374,0.655632666868726
6853,0.0294681652124671,0.086413000696059,0.256280571459967,0.65945446957708
6854,0.0293781501250818,0.086857495377178,0.252604511511122,0.608860805767979
6855,0.0294598799190017,0.0872052067312669,0.259290128885565,0.653777861877871
6856,0.0294745206421124,0.0874452792525137,0.263144257051321,0.661197156435327
6857,0.0293851686059897,0.0866994099535612,0.254121740710168,0.638671343607257
6858,0.029435049721964,0.0869828353162145,0.251157502118747,0.614373129610897
6859,0.0293680061210028,0.085986527036987,0.251766575362101,0.698751040318363
6860,0.0294388949948836,0.0870810577680696,0.249219619592679,0.641504008332562
6861,0.0294027138367005,0.0862206565098496,0.257479081157892,0.688728678407339
6862,0.0293384054503825,0.0874861944869094,0.252447458130274,0.680151757374346
6863,0.0294209115022354,0.0865208135660709,0.257643790186973,0.711228164817822
6864,0.0293766517618758,0.086474992533473,0.252211873296871,0.645146371931069
6865,0.029397142879541,0.0862392394670648,0.253402594339929,0.678139565370996
6866,0.0294223962934998,0.0870045744562029,0.256599282515545,0.659717295656714
6867,0.029398988071936,0.0864531844758863,0.261320947642126,0.641187931494592
6868,0.029410519127693,0.0866608786282105,0.253612323201172,0.678828081604161
6869,0.0293695172213772,0.0867555534703668,0.256429913032941,0.667439835453701
6870,0.0293757868183492,0.0871903817478467,0.259638933348843,0.700138282391317
6871,0.0293610164499194,0.0871758385121766,0.25515473907497,0.693703471459452
6872,0.0293720426090953,0.0867037602044026,0.260390503270185,0.653308230160889
6873,0.029371420722119,0.0870934631279644,0.254020115048875,0.652467968170388
6874,0.0293440133039398,0.0860319948590055,0.246779571568885,0.641780645642182
6875,0.0293898183922301,0.0869568544064174,0.254590540624144,0.651587138548023
6876,0.0293243464651302,0.085853835239377,0.255971776497661,0.699101492225614
6877,0.0293983498801257,0.0865585582448758,0.253244460079768,0.679392769957594
6878,0.0293449708896315,0.0861149181246077,0.255596740024029,0.691487247117369
6879,0.0294397707028413,0.0871607960164501,0.25680339284696,0.647573583381373
6880,0.02929745429953,0.0869316329771935,0.253637082925933,0.63721370448642
6881,0.029467484746329,0.0867186296201475,0.253960590592743,0.65616885499688
6882,0.0293510845340307,0.0862933853468638,0.252582051413522,0.635375559538206
6883,0.0293017926418152,0.0865303603343201,0.249863138692078,0.644653276375527
6884,0.0293057085617227,0.0871050505482588,0.257040462896782,0.670167564328092
6885,0.0294816663794375,0.0870208761985722,0.254451781318313,0.65288808866672
6886,0.0293606350468615,0.0869708475292093,0.257689582909648,0.627145825866377
6887,0.0294202294681047,0.0860109080241965,0.248318989813907,0.639687241377823
6888,0.0293806721296955,0.0861632264256265,0.255489948226432,0.685719434791554
6889,0.0294234462533063,0.0861181124392019,0.254009265253801,0.687722014542165
6890,0.0293191501894315,0.0866470771060704,0.262561311476475,0.680015445792307
6891,0.0294460496913132,0.0862419894239707,0.25337002423572,0.695540925790021
6892,0.0294822384358712,0.0870118241850886,0.264833731546596,0.677446291461578
6893,0.0294801577726128,0.0872558526729088,0.248382489944112,0.669278531256142
6894,0.0293759473980131,0.0877518878140807,0.26025015540673,0.699782881832035
6895,0.0293383104648854,0.0863030138458052,0.259891006380719,0.680130379822086
6896,0.029355493529827,0.0861406558179945,0.253151798010239,0.64562461669181
6897,0.0294205750911785,0.0868330295801428,0.257721304641398,0.690457098784981
6898,0.0293390285022159,0.0869083449426584,0.259482848138615,0.659016036639514
6899,0.0293297333653046,0.0867629148740273,0.253209721368831,0.666974329868823
6900,0.0294042886152258,0.0871760130441293,0.252529439421161,0.649915842795778
6901,0.0293987602469703,0.0860801704469384,0.255100549789806,0.662509975865652
6902,0.0293338761266647,0.0862722977303865,0.256655626199629,0.66141824342954
6903,0.0293739631964045,0.0868066936828691,0.253002999500496,0.667747893042404
6904,0.0294072209145394,0.0861686922299471,0.250055363591322,0.653999292999559
6905,0.0294192059055343,0.0866171671357726,0.255280865611034,0.67850748531071
6906,0.0293862811254005,0.086524018217914,0.255810528143246,0.690246562589886
6907,0.0293919496441895,0.0875272900052759,0.255356339404848,0.621668200339115
6908,0.0293133274847242,0.0866097992998757,0.2560674208256,0.653784885892713
6909,0.0294159367399482,0.0866312534543417,0.260042555849997,0.674806691642038
6910,0.0293203269247342,0.0867218343137587,0.255644924766926,0.693808410530288
6911,0.0294788042082441,0.0859965699939725,0.249147480031892,0.647827324726719
6912,0.0294746805712955,0.0872355608619844,0.255879379658541,0.620006832077067
6913,0.0293454160323658,0.0870381168491766,0.251926522023326,0.653032856562186
6914,0.029394965630191,0.0864643890730796,0.243366045093533,0.655032154783977
6915,0.0294269421535963,0.0869071559921354,0.256543440714395,0.659916118529647
6916,0.0294220446049639,0.0861011972004997,0.257705097740379,0.706029262592768
6917,0.0293743100040077,0.0867607514762627,0.257353267636571,0.671568780001131
6918,0.0294249592407988,0.0871342187706077,0.251386700362279,0.655340414060461
6919,0.029474565269403,0.0871400345160245,0.257038017776462,0.685654674284584
6920,0.0294556414212454,0.0869012772971992,0.250820479987096,0.673816396475537
6921,0.0293563747886444,0.0865380465321764,0.251010281552893,0.653693356654082
6922,0.0295184548880568,0.0868441328896682,0.253131272425959,0.666421936672121
6923,0.0293904424937041,0.0854446446483615,0.251282898215669,0.662892972560205
6924,0.0293468351784891,0.0866658273535255,0.255992029807696,0.687083656453943
6925,0.0293987225956731,0.0861888132649947,0.249005429673376,0.663937375693646
6926,0.0294046801457355,0.0868574121032394,0.253935656530017,0.627946088639297
6927,0.0293527979093719,0.0875732202582614,0.264197670965602,0.672873140519837
6928,0.0293978893385041,0.0859988266551823,0.249819354206471,0.67870994254802
6929,0.0294011654401254,0.0870417646372075,0.258238611743887,0.645051966375443
6930,0.0294461154794298,0.0865093412767219,0.256743152183096,0.673644657568587
6931,0.0293896156799116,0.0866361791256835,0.256425644039506,0.65368114010015
6932,0.0293922536945329,0.0858988000231073,0.252846241050019,0.670088251334772
6933,0.0294001399920476,0.0865891893883088,0.253357523308903,0.656937767569051
6934,0.0294642436342028,0.0864911657515068,0.246718624571295,0.639530971009242
6935,0.0294269586586915,0.0863583166750175,0.249502864957655,0.6350040049347
6936,0.0294695294193205,0.0868486998766885,0.260631338587755,0.665232509931762
6937,0.0294232672400406,0.0869373035827143,0.254685376724936,0.686384800803043
6938,0.0293803204154535,0.0869821345773023,0.255372724696871,0.680658690728874
6939,0.0293712079776364,0.0871366327534787,0.254089052939325,0.641517247688938
6940,0.0294690170037664,0.0871243613272637,0.24915103754721,0.657774296572593
6941,0.029412012232031,0.0865899005022234,0.248076949566275,0.64489275032083
6942,0.0293759978892222,0.0872030415907548,0.262529336739632,0.669202161420178
6943,0.029397402771173,0.0860920100181505,0.261030416832376,0.65223313437442
6944,0.0294724591547682,0.086624562185376,0.254161613224336,0.664108571749621
6945,0.029370202525854,0.086499555008437,0.256254145480295,0.673528533803703
6946,0.0293872490682135,0.0866553631072233,0.257811928688458,0.648181902792716
6947,0.0294058405314972,0.0862822760502874,0.254200708549194,0.650049103218279
6948,0.0294235745353845,0.0870756682182638,0.257498105874082,0.62872982264014
6949,0.0293879586504304,0.0863270958237366,0.254052275934187,0.670590295449001
6950,0.0294144774863907,0.0864318264715173,0.260453182291106,0.682943613965376
6951,0.029417419106298,0.0874873573869708,0.263701517433755,0.684567228906453
6952,0.0294013027459334,0.0866310939292656,0.258588469190712,0.691822592947533
6953,0.0294029787943572,0.0867940192580927,0.25790670939773,0.675378597707751
6954,0.0292835303653308,0.0868410639463233,0.252013186947556,0.619371358319166
6955,0.0293512509564369,0.08705560121796,0.249156455910134,0.637814946525521
6956,0.0293755655209446,0.0867145391298199,0.253048055032087,0.68026705241502
6957,0.0293294827267771,0.0859731048691559,0.258563944646004,0.715351126929291
6958,0.0294281254093507,0.0864088058868177,0.252789946426393,0.642975393746562
6959,0.0293042573699782,0.0864257929609256,0.251209853881991,0.649760862351479
6960,0.0293004044612905,0.0869682155122396,0.25264710987076,0.685677195811636
6961,0.0294055123498442,0.0866199165816705,0.251783969179069,0.671199531316567
6962,0.0293736014301645,0.0867518982098923,0.254142772465404,0.602102270948967
6963,0.0293852625798897,0.0859125676977059,0.247696612702375,0.635555073388676
6964,0.0293494426519786,0.0864427086670991,0.256632317621109,0.706578880292675
6965,0.0294527188244543,0.0873321954335801,0.25597457209143,0.676807394952143
6966,0.0293864312275056,0.086975986293029,0.258506106253238,0.693530285493896
6967,0.0294376963174496,0.087830416042704,0.253884384232311,0.650806405621314
6968,0.029387359027708,0.086268554156481,0.261009880951431,0.699163509803707
6969,0.0293984247714785,0.0860665409987775,0.251450808631819,0.614497601076817
6970,0.0294397689982473,0.0867801447697922,0.260845524705262,0.650270645624212
6971,0.0294498801355343,0.0859466195508812,0.246161735367165,0.668592762022359
6972,0.029505990743166,0.0871948974516039,0.257434513963294,0.641312649950823
6973,0.0293488178453055,0.0863967491881893,0.251929183092433,0.647466789323184
6974,0.0294128747698304,0.0868331980536327,0.25790071831626,0.647019641740568
6975,0.0293781166755509,0.0866988855163683,0.252938314546116,0.61808001898507
6976,0.0294337371071419,0.0868268026960541,0.256810557866845,0.665057744342039
6977,0.029318063657645,0.0870810392479981,0.254526832178295,0.640849718703397
6978,0.0293685693061254,0.0868399730154722,0.252643918722135,0.614945977599463
6979,0.0293493806129384,0.0859951189670755,0.25673385232967,0.694954162839034
6980,0.0294083463965106,0.0859464525796717,0.251165673799609,0.633182962338736
6981,0.0293539359244161,0.0857973586106767,0.250856390577083,0.660692175327596
6982,0.0294124026079009,0.0870128351515585,0.250774978130585,0.631489381841175
6983,0.0294553775313209,0.0868112303528681,0.255594300034825,0.692254524938715
6984,0.0293395413161464,0.0868104207703581,0.254334534283598,0.638741232155665
6985,0.029430084690019,0.0877568019639048,0.254686009729349,0.627922988904874
6986,0.0294073064655825,0.0862241528827259,0.251335790006854,0.605850615612494
6987,0.029414879021968,0.0867918164887286,0.257469440758885,0.663452160649174
6988,0.0293369873142403,0.0868497292264659,0.258531395072552,0.66246284150888
6989,0.0295044333862371,0.086032978343317,0.251654117883022,0.650607073443326
6990,0.0294754452070813,0.0870173302843372,0.257326403898883,0.649762418016805
6991,0.0293946884822185,0.0868059715858642,0.250769053507515,0.65564765975172
6992,0.0293464388512308,0.0871392349564169,0.261674050540411,0.659402261980081
6993,0.0293668138994575,0.0872553229995584,0.255946031036794,0.68716447455287
6994,0.0294416331312885,0.0868718399329186,0.255149165495824,0.675091247233124
6995,0.0293831477764474,0.0865115242022444,0.25541555893424,0.655112734892704
6996,0.0293633245797446,0.086426813574142,0.258896371689928,0.698200417221413
6997,0.0293230767426755,0.0861119560194412,0.254293486605363,0.634794634017524
6998,0.0293455158139456,0.0868429138933929,0.252160010839195,0.644150725208927
6999,0.0293649286291005,0.0863398946107696,0.258974942241096,0.631236222413597
7000,0.0294635415766864,0.0863691355311554,0.256361770000718,0.695151834264898
7001,0.0294075092072101,0.0868089883306664,0.257803988822431,0.6562919642609
7002,0.0294278418532959,0.0872736143891413,0.255781293679505,0.651435826507488
7003,0.0293156449199586,0.0861714799335152,0.250435082066361,0.651591924212928
7004,0.0294801895044912,0.0867285304454364,0.251219086047947,0.666360091333349
7005,0.0293894702317136,0.086533872403642,0.251927274769313,0.653711886995456
7006,0.0293627047880718,0.0862801865056527,0.250834113730054,0.630471253600832
7007,0.0293430948004184,0.0857934534307593,0.253570011367369,0.630073590306244
7008,0.0294096216995069,0.0854975243530514,0.247680674605031,0.597733686433742
7009,0.0294882612954439,0.0875638451365753,0.257320794069421,0.647281473317316
7010,0.0293542205873708,0.0858006098070948,0.253643748107459,0.63592559460478
7011,0.0293572429386557,0.0863969658614876,0.257899195164019,0.689482260347911
7012,0.0294676959320002,0.0868346535330365,0.250186820197734,0.679847716610676
7013,0.0294523216972597,0.0861014747208954,0.255757362843918,0.684521666862201
7014,0.0294054258637921,0.0864151845003488,0.252662127725529,0.633175283580781
7015,0.0294292650422448,0.086580625974948,0.255723545536783,0.698666738507671
7016,0.0293682437413789,0.0865091341029474,0.262375564085112,0.692876470649208
7017,0.0292938374445249,0.086746106450279,0.25271207868636,0.647395574222712
7018,0.029365632867301,0.0870799074208729,0.259699533137762,0.654900102215951
7019,0.0292959905127442,0.0860883595629891,0.250372878643272,0.60914070344773
7020,0.0293397290793097,0.08611340998064,0.25149175802501,0.651228911726916
7021,0.0293460124222621,0.086197847635413,0.245012156157652,0.639665267352322
7022,0.0293148192808529,0.086396358897133,0.256123289715624,0.659277300231382
7023,0.0293614724517879,0.0862729946816902,0.252057810211889,0.65611565940421
7024,0.0293596253361353,0.0871445153904243,0.25782591568471,0.634365477902288
7025,0.0293697414748102,0.0872055178682949,0.255881818757475,0.644871448353573
7026,0.0294289961238385,0.0867156361688592,0.252976564541369,0.638270354767755
7027,0.0293489426199385,0.0863643183770061,0.252881997768639,0.655290411888449
7028,0.0293996704522693,0.086468622021606,0.248339444067826,0.629395215158796
7029,0.0294604568818519,0.0869813904219258,0.256247827354464,0.654529176454352
7030,0.0293368355014466,0.0864985109090577,0.254307284217108,0.689464579474355
7031,0.0294272384669573,0.0864739333393269,0.249193904240181,0.660057555884436
7032,0.0293580212432996,0.0866828070979993,0.259989717468472,0.657105551076405
7033,0.0293824656021091,0.0871548691336997,0.252437271668097,0.655412686890218
7034,0.0293873991600563,0.0866569834853645,0.254094862910306,0.694370063241097
7035,0.0293540856782436,0.0870742937707361,0.25360705521351,0.62344588150854
7036,0.0293453271583157,0.0861819246699697,0.257501382154099,0.615819374490431
7037,0.0293654536301644,0.0869013293344209,0.252576639530609,0.651935631041708
7038,0.0293667879394613,0.0866728635795748,0.258163562179386,0.692826807895752
7039,0.0292880432749839,0.0856480116092073,0.247530006423298,0.67290643631489
7040,0.0294199792417997,0.086586682958045,0.252370810156101,0.634501558679229
7041,0.0294065900059109,0.0868935962879396,0.25337467473774,0.677411230950569
7042,0.0294212594476938,0.0871785795998725,0.252611868584939,0.661883913246698
7043,0.0293409680140596,0.0868667757932945,0.251462812106776,0.658371899149037
7044,0.0293762748776239,0.0869383488209454,0.25665768695453,0.653355257430109
7045,0.0293784027695698,0.0867611233925185,0.25758538141106,0.654021828367845
7046,0.0293371118775472,0.0866279579428022,0.256527889572907,0.666807106047896
7047,0.0293754214607663,0.0863253235306458,0.260016701261176,0.714387936148468
7048,0.0294600667280997,0.0866041532892457,0.256594371099202,0.72108407399596
7049,0.0294029636025224,0.0872613633403016,0.25239126052299,0.603918175478159
7050,0.0293928816459812,0.0868050990895373,0.252289877295874,0.610610045163734
7051,0.0293712081055271,0.086241320443462,0.254499688131206,0.670119974757917
7052,0.0293240294254706,0.086674563267564,0.257993215776855,0.680729414449583
7053,0.0293897771044813,0.0863807642646793,0.256787401624084,0.632019034242969
7054,0.0293720412021043,0.0858172355538171,0.259008684057642,0.700175891850584
7055,0.0293735973660906,0.0874589297874189,0.256133336103161,0.6764295342948
7056,0.029532318768597,0.0866433655936781,0.255680870098221,0.621130021386213
7057,0.0294618989109245,0.0875416966242605,0.259579566504872,0.692377746454334
7058,0.0292993490080129,0.0860698294058594,0.250074118440448,0.636130926344316
7059,0.0294048004417405,0.0875382426393952,0.262631026488816,0.701987754182508
7060,0.0294002712650007,0.0870356823515068,0.253474736473619,0.635038613956242
7061,0.0294189178935338,0.087246498510541,0.253191046102467,0.635250730708948
7062,0.0294486306420298,0.0866683936442963,0.247685291862952,0.674234129626002
7063,0.0293999330280581,0.086302322537742,0.248922091586331,0.641991161701629
7064,0.0294572946932419,0.0873819905668891,0.261892861225146,0.686841248761164
7065,0.0294380047329907,0.0863971185088706,0.250378452092409,0.658034916768854
7066,0.0294238052016498,0.0869482111210184,0.25955158712,0.633133554982999
7067,0.0294081508413511,0.086749117382839,0.251788334885993,0.622534666924843
7068,0.0294660119300058,0.0870959735973079,0.255528153453602,0.648578919083187
7069,0.0293831195886152,0.0873955396767178,0.256997572076852,0.629074097014139
7070,0.0294274265841997,0.0863674229464032,0.245433323794605,0.673411095059098
7071,0.0293888314273137,0.0863996900174151,0.253368577636693,0.665345583004497
7072,0.0293407287925684,0.0867867092343636,0.260093890727522,0.658314759432145
7073,0.0294696296623105,0.0867856723161763,0.256910726241283,0.648539808813062
7074,0.0294353700869291,0.0868867554754344,0.256419208461376,0.638263713003636
7075,0.0293538271150904,0.0867581453658477,0.253236751318682,0.632614135500341
7076,0.0293106084785945,0.0861518642532116,0.256965751147087,0.695994781742736
7077,0.0293301957375016,0.0858948774132889,0.255758094587699,0.675953958001986
7078,0.0293318697793148,0.0864136700319938,0.255572409935219,0.664148976442626
7079,0.0293586764864268,0.0859832705459158,0.253966978083982,0.679280176691603
7080,0.0294671414888187,0.0867803097516828,0.252322048027167,0.635228164083965
7081,0.0293721417169398,0.0866233544132452,0.24900542483683,0.659545002857105
7082,0.0293443454825125,0.0862857625047978,0.257848958185625,0.625250923084549
7083,0.029340415322584,0.0867529148881093,0.251821681727872,0.66982313739479
7084,0.0293608886590627,0.086810324810092,0.25547172433292,0.660076625418311
7085,0.0293486237237734,0.0866100750527658,0.254930114506465,0.678876289380496
7086,0.0294101311480185,0.0865804983623849,0.253683542163478,0.628913959232692
7087,0.0294491616025811,0.0865995121272711,0.258606217380153,0.657363788687985
7088,0.0295319619994772,0.0872774776960428,0.250834660299653,0.669162528570008
7089,0.0293165456888232,0.0862254204933765,0.252948350598682,0.64426698508947
7090,0.029462659274071,0.0866195185117811,0.250744022113946,0.622915514093781
7091,0.029401200970001,0.086770751827293,0.255905920805357,0.663830307894608
7092,0.029491097447686,0.0866298136760665,0.254367413365349,0.677745971603249
7093,0.0293177152552085,0.0859527096557657,0.256213448907783,0.693145658959107
7094,0.0293162482935185,0.0868136043646874,0.249112439072138,0.629647336524664
7095,0.029409698528965,0.086666943131033,0.254208942970789,0.636468369912244
7096,0.0294749384914138,0.0868976548005627,0.25465867721641,0.668415163612373
7097,0.0293741242054338,0.087053852297072,0.252190143610931,0.673421476032462
7098,0.0293707512001781,0.0867852443350483,0.25216116856943,0.628930361697444
7099,0.0294728878890209,0.0873082671099998,0.259608671855994,0.667544775968104
7100,0.029455403146213,0.0864185267550242,0.254890853639657,0.696796517487717
7101,0.0294292665709008,0.0866083667051617,0.259049619081336,0.633253219323782
7102,0.0293553516088589,0.0858753972896573,0.251248613753756,0.685000545949185
7103,0.0294347158380648,0.0864434552264022,0.25150305609724,0.682752080544773
7104,0.0294048269714232,0.0870054994892418,0.261550795764118,0.628851820970474
7105,0.0294126858626739,0.0868413275295095,0.25748370964035,0.647304645727369
7106,0.0294840384720159,0.0871969763853983,0.254607377539179,0.675263836855444
7107,0.029349512616256,0.0863748120761017,0.249735847078326,0.688935403355177
7108,0.029386119959774,0.0864325447167683,0.26073144013182,0.691216258734556
7109,0.0292857062555458,0.0864355138052677,0.25538708199165,0.630554225820353
7110,0.0293055186671709,0.0864009139003798,0.25919421154708,0.62416324675685
7111,0.029366898651198,0.087266702532881,0.254831908529954,0.670267551133153
7112,0.0294303481280702,0.0865751839204595,0.258515677133709,0.677479404288067
7113,0.0293476433180681,0.0862592282324147,0.25289542900962,0.664447114979663
7114,0.0293644298928019,0.0870422896764177,0.255176184225588,0.663442605950464
7115,0.0294313453249133,0.0870378149970286,0.258444571575676,0.691098733387341
7116,0.0293685358915605,0.086486226385723,0.257394567131179,0.652597088611376
7117,0.0293747469044751,0.0868012803712986,0.253767388112668,0.676312870173826
7118,0.0293215807299349,0.0869489383105115,0.254143909722521,0.661277323665606
7119,0.0293834282597935,0.0869884108112208,0.251069322721293,0.658101931344335
7120,0.0293740532266431,0.0855956929231838,0.253225002971483,0.622347305673201
7121,0.0293857766190063,0.0868293518482875,0.261039554177136,0.671342164224897
7122,0.0294231056682636,0.0865715604160854,0.256556658792878,0.651662338924637
7123,0.0294011757123105,0.0873748378350447,0.257156762807289,0.665073492635218
7124,0.0294968880701174,0.0862016776220001,0.248791564677734,0.655826505469748
7125,0.0293963527854386,0.086473004735197,0.256259875058001,0.642948414069868
7126,0.0294208872070677,0.0872219480596586,0.246949801785125,0.645417338559634
7127,0.0293963628037027,0.0871205082096949,0.26171051181531,0.678729492996478
7128,0.0293499736106647,0.0863388166914732,0.248271456285084,0.646719324777861
7129,0.0293992118948261,0.0866811788170687,0.254774645152348,0.633688249007363
7130,0.0293513654177966,0.0871599725477984,0.258084819610525,0.677559765983693
7131,0.0293687070506392,0.0870442642556053,0.259138856367006,0.633519179759672
7132,0.0294553405783144,0.087048866018861,0.257044700843755,0.656087809930637
7133,0.0293394131524067,0.0868024938880157,0.253572012298532,0.660602149799509
7134,0.0295386557365705,0.0868770605465255,0.261619187491525,0.670495942059659
7135,0.0293679387185853,0.0864247150814595,0.258695707845445,0.678774655217043
7136,0.02937419905247,0.0862976628665731,0.255005991798796,0.639859284352694
7137,0.0293513596873548,0.08693166187976,0.258811080045046,0.672274061433423
7138,0.0293625383874662,0.0866903752566818,0.258506377185447,0.645838618954346
7139,0.0294193700971426,0.086248759094176,0.255837814459589,0.653187396334501
7140,0.0294685622705536,0.0864293700369494,0.25114568505149,0.6353290096294
7141,0.0294372722360439,0.0864762294212133,0.256957355154162,0.666740823211636
7142,0.0293997320409174,0.0858431189717113,0.250865037356454,0.622954476411754
7143,0.029406824172671,0.087141316536292,0.253650727110227,0.653597232958966
7144,0.0293997668017607,0.0861284823605013,0.248170734056918,0.660283485937702
7145,0.029382763286452,0.0867257055212571,0.250883437858948,0.674725224015316
7146,0.0294552960789061,0.0865392219705424,0.247407367392077,0.6654752116454
7147,0.029377895995046,0.0863108774997783,0.247936667054293,0.650769617821285
7148,0.0293790085602591,0.0866915043478604,0.259735108437772,0.670364083334833
7149,0.0294102415905322,0.0867473375682355,0.252999111511094,0.675306662392244
7150,0.0294148103526636,0.0863353873176752,0.252793603334545,0.64473510851323
7151,0.0295089813798108,0.0866843616276145,0.246730503243186,0.640216834545023
7152,0.0294106933788816,0.0874656111491938,0.251135321346329,0.609897764876075
7153,0.0294372558045615,0.0868938460903301,0.260234298805079,0.672808953509118
7154,0.0293346054908539,0.0869009450246879,0.251768896678197,0.715995163704107
7155,0.0293717370980782,0.0872363414391344,0.25196901583461,0.657092769087482
7156,0.0294133564929944,0.0873609906199994,0.257692104307966,0.690324047787956
7157,0.0294056571624322,0.0868336262077213,0.253472253266081,0.707690335402538
7158,0.029427069797031,0.086416122867602,0.24733697629034,0.657647176389389
7159,0.0294064710119102,0.0869960284629011,0.253300340898002,0.637228854058169
7160,0.0293432276466358,0.0861749150156113,0.253018777694189,0.64352223003349
7161,0.0293865972639007,0.0866829157133016,0.249939133431777,0.618625990654604
7162,0.0293874975137787,0.0862106044759056,0.252344315480561,0.64389014063666
7163,0.0294213309063806,0.0864773192527967,0.257267310941622,0.638361117114827
7164,0.0293559886805521,0.087572990317838,0.250820211967734,0.643727686814756
7165,0.0294072839286013,0.0866548044628815,0.250623330316664,0.657488484590191
7166,0.0293657902001927,0.0857337915694754,0.251771268236345,0.653824217453054
7167,0.0293448136342594,0.0862545041856637,0.246686626679218,0.635526155911673
7168,0.0293593317377347,0.0863765184703137,0.252030153410889,0.688935784506646
7169,0.0294093284989647,0.0868691408924005,0.25019609722967,0.671787912258455
7170,0.0294366549419249,0.0865984451413072,0.259506782540189,0.670758552939808
7171,0.0293653740296749,0.0863932759840199,0.256582452966415,0.676843905720117
7172,0.0293507056990481,0.0859582950868836,0.250503900385461,0.673778072811133
7173,0.0293244396128597,0.0870250858473368,0.257040694715161,0.686020189200771
7174,0.0294321442074583,0.0869103703603094,0.262028262974551,0.673500955413485
7175,0.0294290727207993,0.0875391451987974,0.255693307226561,0.670062835265042
7176,0.0292644280568827,0.085908357885644,0.255578387841074,0.663092965295244
7177,0.0293795956572191,0.0865835695946236,0.255679960087484,0.642156058532687
7178,0.0294032390048355,0.0861759335124346,0.251061729422035,0.647943231752402
7179,0.0293972996886267,0.0870535831373535,0.254570715556344,0.635592699083833
7180,0.0294295488500622,0.0872671713827346,0.255175820511923,0.637856622647544
7181,0.0294086286076728,0.0871116929473659,0.250423612136255,0.659679984259587
7182,0.0294369339632951,0.0859642310031198,0.24997526966751,0.638305707611887
7183,0.029480436321294,0.0872572205442774,0.259400127420595,0.683795423980044
7184,0.0294180353731919,0.086158429719193,0.255285234103863,0.690784839208097
7185,0.0293701868573194,0.0873685560660728,0.25413481688647,0.70761002815854
7186,0.0294789653029126,0.0868573007588361,0.257429655685854,0.660387998156269
7187,0.0293545391464208,0.0869144281114745,0.259901658746957,0.685384757465091
7188,0.0294159707205509,0.0872554067827094,0.256169070423319,0.691998289842228
7189,0.0293703179424143,0.0858709285718396,0.25770483706408,0.694508807246432
7190,0.0293094908702286,0.0854943009618899,0.253760916370605,0.64004675207341
7191,0.0293709976145878,0.0863487944651085,0.250130370413727,0.666149094455884
7192,0.0293531532324324,0.0858342139733875,0.256594328853523,0.652356463422033
7193,0.0293918258740356,0.0865420230929068,0.249306257095695,0.649416921284218
7194,0.0293665573935453,0.087260273128028,0.258008117225375,0.655687181665131
7195,0.0294225156563483,0.08690271431635,0.252291710410191,0.632443175306455
7196,0.0293084130598648,0.0864248248214274,0.2587376410263,0.661481489210993
7197,0.0294278194556427,0.0876014210078283,0.251690881642771,0.649196754352612
7198,0.029502793691392,0.087639589755819,0.251133438260208,0.658412251522496
7199,0.0293656453581496,0.0864317576747102,0.24753831161084,0.669897640067233
7200,0.0293776417943452,0.086140881558662,0.255115371372842,0.714165799733081
7201,0.0294316575061423,0.0867639773006068,0.251252657217938,0.640836916194562
7202,0.0293674087234729,0.0862564854863467,0.249322620820321,0.665664341035148
7203,0.029513833983956,0.0869521487581296,0.253734552240894,0.663778713549452
7204,0.0294755415267594,0.0871558385137536,0.260057317912141,0.675327430082441
7205,0.0294121305805638,0.0862362638103633,0.247765689948924,0.614823945074953
7206,0.0294136917069154,0.0864997962800377,0.252555074336827,0.674889655244523
7207,0.0294573351181141,0.0872163014304,0.249474710072811,0.655668314444319
7208,0.0294277419682408,0.0856260893056892,0.251780185794252,0.679619255789746
7209,0.0294305812536937,0.0869841222840856,0.256619523590056,0.664468916760063
7210,0.0294237233131401,0.0875059556992087,0.262188500950595,0.715467450634235
7211,0.0294286377800501,0.0858716364179686,0.254755168711768,0.657924165217195
7212,0.0293889060379401,0.0869433430419859,0.253660822483512,0.67679573382749
7213,0.0293657926761195,0.0865372612261764,0.25574009222707,0.640021955202252
7214,0.0293410533237419,0.0865564183217465,0.252410791205506,0.663503631230265
7215,0.0294913087923216,0.0865163857355688,0.254314060961157,0.692526918415171
7216,0.0294535396583666,0.0867377354577254,0.251664378251606,0.6247735980414
7217,0.0293805594206077,0.0871129694568125,0.254030193035124,0.639986151664013
7218,0.0294441292461392,0.0867069159042784,0.254691036939178,0.647695061813681
7219,0.0294511256665936,0.0871467813674388,0.258567086321372,0.685581441286416
7220,0.0292851449487974,0.0859603434646949,0.252765118751595,0.637268288222927
7221,0.0294912268822481,0.0868644798979856,0.255234862871798,0.660034369766487
7222,0.0293376891191687,0.0857099810681825,0.255957092907732,0.64984329924398
7223,0.0294231300500684,0.0871439198582147,0.25750526200426,0.660605206637687
7224,0.0293941030082587,0.0862028963603206,0.246553999014858,0.652779739333217
7225,0.0294171823354355,0.0865716014159355,0.256084464411431,0.681821435655988
7226,0.0294086419835896,0.0862921639809264,0.250867602937143,0.66914771019104
7227,0.0294049898816244,0.0875488748509893,0.254758593846955,0.680544522817608
7228,0.0294790469347801,0.0865745982186227,0.250527687027941,0.710708219816929
7229,0.0293470740953743,0.0872478857253742,0.256964244200524,0.689629541419
7230,0.0293703712025913,0.0870926509812568,0.249700625194981,0.68643038644746
7231,0.0293795309644868,0.0861792139910561,0.25476629168266,0.700479352260862
7232,0.0293256864461017,0.0863245162752003,0.254919396729383,0.662766099599071
7233,0.029340792624314,0.0865337910914584,0.256354067673612,0.673961209594205
7234,0.0293513537621405,0.0860263959169351,0.251491615766156,0.662464858356946
7235,0.0293442886176127,0.087295948303857,0.255862989000373,0.682241102706658
7236,0.0294638046416402,0.0866851055124627,0.251542240951827,0.684242081347967
7237,0.0294069104527203,0.086602567495196,0.261167972911491,0.663727658095852
7238,0.0293615899883788,0.086747946209122,0.254305975835854,0.646388328048324
7239,0.029333524296716,0.0865484744018013,0.252253410137245,0.664432789386668
7240,0.0293488058557437,0.0859001012640301,0.249829073332859,0.641534134138574
7241,0.0295231632228849,0.0878512985644006,0.25738269477406,0.632583052125351
7242,0.0294148402985252,0.0862342154180293,0.247224382946591,0.646504986881798
7243,0.0294921491352806,0.0863348687550089,0.251717431911984,0.651426284971
7244,0.0294250273176433,0.0865173040046293,0.249395059099904,0.654223084446953
7245,0.0293910687795038,0.0864557804210117,0.256776686334926,0.628657819916072
7246,0.0293157371817394,0.0861441876028244,0.260717841695123,0.68201139314015
7247,0.0294149184041377,0.0860045026052025,0.247113131776416,0.684180819465951
7248,0.0293610927198713,0.0869271270838331,0.249874973133703,0.661589380837003
7249,0.0292963832363143,0.086542184544905,0.257662441480919,0.636371235233174
7250,0.0293446589172032,0.0865195739524226,0.251588066247086,0.651638919082911
7251,0.0294512410743704,0.0871125433020292,0.260862151036529,0.671004683090865
7252,0.0293070733310337,0.0871017872538693,0.251662972038837,0.658747016904246
7253,0.0294051564996969,0.0870439284891409,0.255194659704208,0.684876926857829
7254,0.0293468920698211,0.0862501068312928,0.250470101312146,0.663257404987161
7255,0.029336563275499,0.0877594692100696,0.256901115675217,0.686963596629912
7256,0.0293808165998498,0.0875104286294178,0.252440882832303,0.614540762267018
7257,0.0293728579670104,0.0858723187402748,0.259046625252977,0.690082562569997
7258,0.0293956793036717,0.0872195952882013,0.253041120572068,0.642974305905056
7259,0.0294409239763758,0.0862524524752853,0.258178577481554,0.664281221987689
7260,0.0294019757481139,0.0874418294084698,0.258987971494699,0.649589134812135
7261,0.0294007395599645,0.085869130202774,0.252013655046373,0.668158710065624
7262,0.0293204264763054,0.0867878784505333,0.260963780850445,0.627530972389967
7263,0.0294530521452899,0.0878638228213448,0.25866870714547,0.673194024602591
7264,0.0294497072289036,0.0877240718519488,0.261025999966459,0.659734548244526
7265,0.0294833023586284,0.0866343706381535,0.250716563643688,0.642468677641266
7266,0.0293352458457876,0.086178940181784,0.257500019242387,0.651502306957706
7267,0.0293162697199144,0.0862762386367616,0.250393186772817,0.66014967702832
7268,0.0293401095441199,0.0865164779799263,0.256535859065464,0.656306396842855
7269,0.0293386271201149,0.0862293884048429,0.254192285809104,0.640129287384245
7270,0.0295104430247413,0.0870342546486474,0.251319793164266,0.688011288443576
7271,0.029458426081397,0.0874280391131556,0.251780759879193,0.647747913568282
7272,0.0293774629474839,0.086757893812541,0.260122615194365,0.633633675721417
7273,0.0295054670097384,0.0868425956533199,0.257218702562876,0.664200790767013
7274,0.029442400772828,0.0868174471278094,0.260797697452839,0.648908899715461
7275,0.0293580287531543,0.0864025637960755,0.251702330945869,0.655793539114496
7276,0.0294009666274086,0.0867603400977385,0.252368132416246,0.661087266344847
7277,0.0294424922955719,0.0864675696598926,0.250889712322124,0.688737437111894
7278,0.0293991872274261,0.0860596932959308,0.25830836956806,0.676761788971425
7279,0.0294044044743678,0.0873951455161884,0.255350367877225,0.659537488194713
7280,0.0292798584543198,0.0867853468551017,0.25372180771964,0.691428405886018
7281,0.0294217436074676,0.08660427454622,0.255764900030207,0.650020706777748
7282,0.0293848124497631,0.08731327037559,0.258272561330205,0.660103985757063
7283,0.0294424780148945,0.087104512635483,0.256975982224711,0.698246439260761
7284,0.0294212501291726,0.0865022385212888,0.251677029426817,0.675453853905872
7285,0.0293522036612019,0.0863115610850151,0.25158827962612,0.67943711943882
7286,0.0293996803242025,0.0861313711318998,0.252975646397626,0.634124473089012
7287,0.0293075124394913,0.0861370173242177,0.253272501155922,0.645832281135844
7288,0.0293920579153916,0.0864539659169133,0.259662494358932,0.698546848171344
7289,0.0293839076362924,0.086519395149047,0.254119762331659,0.669253913295496
7290,0.0293521988221274,0.0864924054818749,0.251391459952843,0.617286728362595
7291,0.0294328761165338,0.0866941558325067,0.253860512533739,0.657850041449791
7292,0.0294520574680233,0.0863837132387889,0.255282700140411,0.637279772760834
7293,0.029391889297012,0.0868889244054729,0.258732931841884,0.649009269565093
7294,0.0293132179549924,0.086204166012437,0.249942892872144,0.649717529701325
7295,0.0294553001276852,0.0870222396873219,0.250105905701761,0.667434852930401
7296,0.029448107510561,0.0877006051151233,0.25194878109716,0.670467383860265
7297,0.0293875093418314,0.086696904437985,0.254408059676604,0.667150620639159
7298,0.0292927542875641,0.0863983043946966,0.25379880021508,0.654936203165251
7299,0.029429156296575,0.0862885608081675,0.251056099273664,0.647056113140353
7300,0.0294366224579616,0.0870666021139625,0.255951085714034,0.676190450580616
7301,0.0294620013930975,0.0867054659985877,0.25589613466996,0.673992535103171
7302,0.0293894212695476,0.0867859577831416,0.253397384047561,0.692833720775702
7303,0.0294507860125941,0.0873886259486432,0.259603910827171,0.682262415323238
7304,0.0293213710485894,0.0857928526852566,0.259724893606702,0.680405258063255
7305,0.0293364120702363,0.0869018124621346,0.255906477164453,0.659970613122205
7306,0.0294020442506047,0.0868747896793739,0.252013586765913,0.692262612585034
7307,0.0293672775723772,0.0866187521518208,0.259147017617686,0.631431255586666
7308,0.0293900909904882,0.086605145814728,0.251276297185568,0.648750022055567
7309,0.0292923408654283,0.0861400524660503,0.258806665230038,0.663515070656082
7310,0.0294181525308079,0.0862725484081755,0.253762038195374,0.681348015015555
7311,0.0293611590405524,0.0871699860006625,0.262795634850106,0.662795766033483
7312,0.0293433573616152,0.0861194584743843,0.251273856276672,0.662771430471561
7313,0.0293493608974713,0.0868143247817006,0.255725920614763,0.662915556611081
7314,0.0293866690035192,0.0873709435833986,0.258912088019749,0.674490693958255
7315,0.029407110031977,0.0871329628191298,0.25451520823206,0.664708773098065
7316,0.0293525283092954,0.0870355056030699,0.249475902324621,0.652752071297002
7317,0.0293988647212399,0.0860330637335766,0.250297086287309,0.646247633844146
7318,0.0293506325868376,0.0871650974419027,0.250297061723928,0.639084841821464
7319,0.0293317651922972,0.0865110656091268,0.253225372782722,0.649562324121736
7320,0.0293562586768598,0.0866951026597629,0.250254431574828,0.65852396293144
7321,0.0293685448364184,0.0865545279273232,0.248523437289117,0.641395861649976
7322,0.0293427241543527,0.0869913842452349,0.254564833353077,0.647834985281987
7323,0.0294160614348758,0.086131932351347,0.253872682017015,0.666752163261253
7324,0.0293942362550527,0.0871977775200165,0.261149521277422,0.657852510615186
7325,0.0293345279871961,0.0873024074984063,0.259008553831142,0.709036566745404
7326,0.0294323754312366,0.0872864761864338,0.258819400138762,0.649521539544927
7327,0.0293514522454347,0.0864700111541604,0.261425506149465,0.667424529809684
7328,0.029474941505659,0.0868707159749474,0.261560936034436,0.654545446078148
7329,0.0295604681986978,0.0874957505285188,0.259385089276096,0.64684131471627
7330,0.0294266069080667,0.0865251027571253,0.249947935925182,0.65382825211696
7331,0.0294594818003124,0.0866477570362543,0.253295743633681,0.63916300399151
7332,0.0294076662568203,0.085962892121338,0.249837197432524,0.645148416348526
7333,0.0293633735838544,0.087455160716336,0.263825409201674,0.646248042882679
7334,0.0294840364238314,0.0878418888102233,0.25681206769763,0.689696997717128
7335,0.0293105933700658,0.0863859409170649,0.253640779530593,0.657479072357555
7336,0.029446037820752,0.0868082311094654,0.256757191367685,0.675855910772943
7337,0.0293306718717437,0.0869594986455697,0.255551135047112,0.676083551494788
7338,0.0294260314204762,0.0861241654521293,0.260060414506725,0.663810523213671
7339,0.0293557438551281,0.0866755876296563,0.253465998322109,0.630922231798253
7340,0.0293901400208809,0.0860186725653497,0.251889819810698,0.659920895287229
7341,0.0294426079647696,0.0868167051486363,0.254837826596741,0.682544393675379
7342,0.0294176504008686,0.0863659481247387,0.257895019051909,0.678353524930257
7343,0.0295035757770331,0.0867335359428001,0.256796936276756,0.655444470139342
7344,0.0294486684659025,0.0875126941058239,0.264662978519895,0.668785249483755
7345,0.0294671312868585,0.0861983534433084,0.262345649723725,0.670710201407938
7346,0.0294014548338379,0.0865373562794257,0.256215923962754,0.656689631554634
7347,0.0293398390896388,0.085814775993669,0.245332892230033,0.620960288304307
7348,0.0293855593167799,0.0875601074343802,0.259909651867581,0.684849788898519
7349,0.0293098945931186,0.0870853268247091,0.249996486911839,0.653049255467457
7350,0.0293132029264116,0.0867898371866971,0.259431353444205,0.702643712875023
7351,0.0292751694597127,0.0859056182097219,0.253133530897817,0.655199795643594
7352,0.0293537797313445,0.0867458480053043,0.25928499557765,0.69002340265684
7353,0.029410818083265,0.0864967388145489,0.255627463073477,0.698651129821611
7354,0.0293902765239265,0.086605075276695,0.251511167327286,0.628464750053866
7355,0.0294007399497123,0.086443969933454,0.261412928915104,0.664614810009835
7356,0.0293918457989911,0.0862269493990156,0.256658248951467,0.68938907388154
7357,0.0294661728378229,0.0871291977335722,0.257278287835351,0.649356941268219
7358,0.0292892075379812,0.0854685267713814,0.248033084630382,0.632798056206034
7359,0.0294202678094199,0.0875175343337113,0.253878918944256,0.673882846410356
7360,0.0294657434720345,0.087114340904556,0.259687760548002,0.665390250641906
7361,0.029345096918671,0.08654219927681,0.25350991593858,0.667048932016479
7362,0.0293971663356741,0.0877317283274532,0.25840648911269,0.656263846440678
7363,0.0295154261862702,0.0875674090199621,0.258395575184026,0.644425101599572
7364,0.0293822122273807,0.0862095009817088,0.256963333053523,0.663247696032973
7365,0.0294358274647614,0.0870446167724783,0.251845846925239,0.676656361281849
7366,0.0293747186518372,0.085785535202497,0.252180601203583,0.648568222182437
7367,0.0294211988632231,0.0858805286397099,0.252523085407034,0.674547300578824
7368,0.0294818314605252,0.0867501337691355,0.257507850695095,0.638473133593957
7369,0.0293424175849282,0.0867859689883343,0.256366583982644,0.669637721354019
7370,0.0293779555261417,0.0867284127979967,0.252430263086767,0.664735885747015
7371,0.0293760152126391,0.0873576928095997,0.259204765703788,0.619283923872273
7372,0.0293534783049125,0.0876214395840996,0.25227936736012,0.643489261507507
7373,0.0294161303669296,0.0870276530975433,0.254742415651322,0.654294696105533
7374,0.0294184815119818,0.0875354568898512,0.247887075477383,0.694515112357299
7375,0.0293787917702662,0.0862382642964024,0.260534386423314,0.705525414509191
7376,0.0294006111724103,0.0873304774329731,0.253792065950959,0.686528977467909
7377,0.0294446186138553,0.0867885687726644,0.257695486781195,0.707329038471484
7378,0.0294043277865866,0.0861886195082315,0.253126710397676,0.64371394492733
7379,0.0293963075236531,0.0863245626837519,0.25248620041827,0.707275469658058
7380,0.0293420922417627,0.0864516838917136,0.255640378106205,0.643581709691452
7381,0.0294272641828784,0.08650271830084,0.261266085479708,0.660616640126413
7382,0.0294399637277407,0.0867637560874639,0.253899173964642,0.654150392914522
7383,0.0293514874986097,0.0868818134920505,0.250190086443059,0.691420041510249
7384,0.0294249862222162,0.0875909040582313,0.253523466008583,0.658151506139242
7385,0.0294474705406029,0.0859792663722937,0.258554090850564,0.666383512717724
7386,0.0293454931453392,0.0867979409498206,0.258758030658059,0.655111910851286
7387,0.0294763691077809,0.0872958136845327,0.251789953676439,0.629958918606951
7388,0.0293443843528818,0.0871794484018844,0.254872943781598,0.637585613481283
7389,0.0294271009064416,0.0861931663749016,0.251356761346762,0.631977416530318
7390,0.0294301731801964,0.086375026015678,0.253008856517228,0.662793301287362
7391,0.0293339643956833,0.0869060386011749,0.258356405971119,0.653403716710887
7392,0.0293294590846336,0.0863167215289277,0.255390949664289,0.692686873225448
7393,0.0293311471950086,0.086599157083926,0.253080289060671,0.65987534227637
7394,0.0293998708645809,0.0864430023847169,0.251358808110055,0.605319590488446
7395,0.0295231361991606,0.0867788842500164,0.250793368636865,0.653524781237471
7396,0.0293838559420281,0.0864288322675258,0.252643855197301,0.638085876213151
7397,0.0295134655340389,0.0864977895757029,0.259303634688079,0.654080238382677
7398,0.0293678589984688,0.0862418201993814,0.250325785629756,0.625802539516934
7399,0.0294922633312402,0.0873097172996501,0.257380100624156,0.685734453773143
7400,0.0293204210436861,0.0861333078556003,0.251088464565267,0.684261444755765
7401,0.0294087803164649,0.0869596499123401,0.254718987242284,0.651181481224508
7402,0.0293601854016599,0.0862122644554171,0.246320963040445,0.618961544733611
7403,0.0294397154963382,0.087469193827295,0.256530176716531,0.653024497759724
7404,0.029473564157861,0.0860856421473765,0.248483409400878,0.651749009065166
7405,0.0294081294482247,0.0864599921047212,0.251206150098945,0.607559990051798
7406,0.0294885280078092,0.0870205522089632,0.255333410791769,0.673815337600078
7407,0.0293720368376572,0.0861071740974999,0.245996597208767,0.65657032286192
7408,0.0293919183251613,0.08614604144511,0.244540079383121,0.636160598215522
7409,0.0293380795324722,0.0862158128821194,0.254323006904384,0.660452706484864
7410,0.0294023006844976,0.0867321931851259,0.249146436006758,0.658067107839753
7411,0.0293545953069295,0.0864626742097294,0.253471303128976,0.656230974275427
7412,0.0293631186581405,0.0863732567286316,0.255160283416543,0.675225818812731
7413,0.0293954511881328,0.0860133189147961,0.247947118256335,0.645698739540953
7414,0.029438961865601,0.0869481839000421,0.260512941850471,0.67111675235714
7415,0.0293024623970617,0.0856227091838772,0.255158210484755,0.66786129157994
7416,0.0294069539599848,0.0869383000467553,0.252995174852595,0.654790334262384
7417,0.0294215714660947,0.0867021410771125,0.247882382547901,0.667332721137458
7418,0.0293415504084846,0.086545867185999,0.247244361915782,0.638393701406634
7419,0.0294192766709432,0.0859844983292594,0.249396884232038,0.687678602281023
7420,0.0294482744300685,0.0870465498151019,0.256084575695095,0.621820004121069
7421,0.0293341399701469,0.0862810573863207,0.250221097585417,0.653865001794334
7422,0.0293600304333507,0.0860458990186709,0.251533485668956,0.659878546793972
7423,0.0293838668493314,0.0869087665551663,0.253585023999168,0.664604099654188
7424,0.0294323977998429,0.0864731082299042,0.251063089516605,0.644821518314661
7425,0.0293619612033309,0.0866327682470931,0.247920740966411,0.647718542512362
7426,0.029326299306342,0.0866041368404059,0.249047462425101,0.647268554770772
7427,0.0293054597063264,0.0861723235920014,0.25785939812803,0.627832910041608
7428,0.0294729417077032,0.086852049197428,0.25161358285902,0.644595813807406
7429,0.0294793346801889,0.0868858352270811,0.251458417521679,0.635273720359711
7430,0.02942143014327,0.0869051451471354,0.257163631477673,0.633483673083895
7431,0.029308429800484,0.0871153229524846,0.255403221721426,0.703926407002656
7432,0.0294101070414559,0.0878868522387234,0.262356605812607,0.655983749242697
7433,0.0295173817612267,0.08701484252009,0.25012445586003,0.648695122965922
7434,0.0294192804848556,0.0869307942328392,0.257064684435014,0.637669975480836
7435,0.029400480735479,0.085622033631278,0.246607176519244,0.637226041329739
7436,0.0294244281336351,0.0873541184964914,0.257848086700952,0.680626925128897
7437,0.0295136061441323,0.0872112638442075,0.252025135524928,0.621135819605033
7438,0.0293602039140565,0.0870768286609175,0.25273082194734,0.63440840502181
7439,0.0294132199251051,0.0874521759290349,0.253522860661954,0.659477906001331
7440,0.0293620741872258,0.0861060607834276,0.253415387062534,0.671978658511763
7441,0.0294618254339869,0.0864236558812847,0.254270016348738,0.633961802701096
7442,0.0293094651116265,0.0870627731477449,0.261240866672333,0.645873857090235
7443,0.0293481156186638,0.0867932008159202,0.260649874216247,0.700674017347573
7444,0.029464070468792,0.0861689592294944,0.249350235766714,0.647916688690375
7445,0.0294803800159635,0.0869539326753716,0.252732701329443,0.654227739908718
7446,0.0293862216838561,0.0871809130651247,0.253404911824439,0.630731938357965
7447,0.0294642425991268,0.0865353416459255,0.259868610269409,0.657845687840409
7448,0.0293669901646916,0.0869979820057942,0.257537066284802,0.664094368101313
7449,0.0293701196873809,0.0865937958180971,0.257427128238522,0.680240566194308
7450,0.0294504520930989,0.0858466231556199,0.249179830838176,0.663944267668957
7451,0.029426760944429,0.08633183960742,0.251263182564424,0.63948801237632
7452,0.029388445033248,0.0870346861480262,0.2590705330204,0.649315326888146
7453,0.0293893660199326,0.086770324816846,0.255969735708005,0.654461070087055
7454,0.0294070790738962,0.0869583531686674,0.257444944945551,0.682177294274895
7455,0.0293229963752361,0.0868699592797257,0.248346291996082,0.61425405052674
7456,0.0293327489292411,0.0865048042467226,0.260298201823921,0.691724225792628
7457,0.0293704164390132,0.0864169001154005,0.252773385093464,0.688700232583822
7458,0.0294234212780713,0.0865139904173944,0.25375708396577,0.652250399765762
7459,0.0294261412016202,0.0867517003057518,0.255038491390917,0.64537009932045
7460,0.0294458689244577,0.086495395706052,0.257192280131598,0.679696213004843
7461,0.0294619906705649,0.086260370303628,0.256949917633197,0.625417790833639
7462,0.0294023892493211,0.0859815744099218,0.256408249295197,0.661184552011052
7463,0.0294322385227135,0.0867149921062923,0.254127243679302,0.649992861256027
7464,0.029481052480563,0.0863160581538602,0.252759300424475,0.649475214804731
7465,0.0294386533173318,0.0870305085730998,0.256010397144421,0.698847530546952
7466,0.0294184105640857,0.0869059238399925,0.255660723339324,0.67066694691392
7467,0.0293956553023158,0.0872367519352437,0.251795850558662,0.65220874798366
7468,0.0294225134033747,0.0870991723196964,0.256130519260805,0.660722962635091
7469,0.0293616963437517,0.0862733770802233,0.249136688603948,0.637617782491737
7470,0.0293786744288391,0.0860917619961678,0.259992676112601,0.688592691080458
7471,0.0293376944620943,0.08662990302983,0.257332427478087,0.679410994270575
7472,0.0293662187812848,0.0857015257026536,0.248760191342246,0.610689728961739
7473,0.0294028230047745,0.0869638459148212,0.251622484076906,0.650156861948388
7474,0.0293752065105181,0.0873218110865566,0.256415195375479,0.641012237467031
7475,0.0294807504985851,0.0879336158082587,0.256455648749479,0.701251460465991
7476,0.0294304024064275,0.0857967480720299,0.253112513088549,0.657481952440129
7477,0.0293297156388017,0.086481141028343,0.255324049721242,0.663077449291288
7478,0.0294765348269486,0.0862165328486607,0.2528268104086,0.64904198549207
7479,0.0293730097630608,0.0872369320935751,0.25771165965113,0.683245949746898
7480,0.0295049427750536,0.0868140815917979,0.252495507421922,0.640667810983083
7481,0.0293506585361184,0.0871779593335629,0.256079706012084,0.673474958295074
7482,0.029306838031145,0.086636092914311,0.253819531940328,0.678395364073718
7483,0.0294137296137755,0.0861505070553102,0.24994653319898,0.629312741164124
7484,0.0294693941560446,0.0870695894595052,0.25216406195984,0.643243795010025
7485,0.0294443739264726,0.0866899820256244,0.251627509341558,0.662942252358789
7486,0.0292994734866112,0.0867746067080079,0.25760625288972,0.652008670940289
7487,0.0293337210518251,0.0871845277327591,0.26084673290957,0.628660380503287
7488,0.0294029580003935,0.0863497296135029,0.251276546243067,0.654629232139737
7489,0.0293673035097142,0.086229163400958,0.257757587274275,0.664030612813905
7490,0.0293328897266032,0.0864636188311922,0.255709707894951,0.649762309350033
7491,0.029358288159335,0.0866307130560835,0.252002723661586,0.612876471965523
7492,0.0294076177140435,0.08651581403563,0.258668888503353,0.672872196792734
7493,0.0293465932596415,0.0869297635875337,0.257524889803558,0.645796275167118
7494,0.0293836011570962,0.0870385683160089,0.261527155376368,0.656962188670102
7495,0.0293416922726315,0.0861104472654756,0.251029017894904,0.638066316059239
7496,0.0294980250428953,0.0869232771814363,0.248972138098526,0.683592391865469
7497,0.0293854341222619,0.0862745225872424,0.250311168959837,0.672537049263985
7498,0.0294411739177037,0.0858188830424835,0.253302379163526,0.676428396032334
7499,0.0293562758582985,0.0866507465021362,0.255448748921677,0.675558418528162
7500,0.0293225107514874,0.0867008619124526,0.259234196841788,0.63624850698215
7501,0.0293658616172886,0.0866200101791918,0.257847478351625,0.709962279020113
7502,0.0294374256359956,0.0868949464303701,0.252321318776897,0.619977632319457
7503,0.0294400077229239,0.0861290339963326,0.257483789407945,0.625654079714965
7504,0.0293680462278398,0.0858565678102454,0.252272622751578,0.673073664861737
7505,0.0294514218785947,0.0869901157414268,0.260286021663418,0.675341812604827
7506,0.029344732406814,0.0855828668233166,0.246481132573854,0.666694182413165
7507,0.0293210537692025,0.0875034016366713,0.256024437655126,0.629576381485595
7508,0.0293673983970284,0.0863872638033757,0.248740333378309,0.641393428556315
7509,0.0293545533749293,0.0868359375270541,0.251339037762108,0.658572958568306
7510,0.0293921469319172,0.0870958385995094,0.25352802823301,0.645557784102828
7511,0.0293494926355382,0.0865589090639378,0.25596781791749,0.65089863604548
7512,0.0293970788140615,0.0859766345426961,0.24915707690919,0.624259481092497
7513,0.0294792623669989,0.0861583601964734,0.2468396842737,0.652358041930234
7514,0.0293442257661796,0.0873953718212168,0.258498411953057,0.668780709691183
7515,0.0293513047219516,0.0874756958967719,0.260861764383938,0.683244985426704
7516,0.0293982412847335,0.0863342217945927,0.248208761160697,0.667656080526243
7517,0.0295071750991205,0.086832332136126,0.256456421577119,0.684414562137062
7518,0.0294770014392633,0.0865668674989903,0.255587908444587,0.661387135061128
7519,0.0294393044609132,0.0872176792079908,0.25419214027562,0.659652326096135
7520,0.0293920129745881,0.0867100823504954,0.261509196202123,0.674584210941503
7521,0.0294036055262185,0.0876082196502082,0.253229385913086,0.667160649490114
7522,0.0293967866523939,0.0871697274523157,0.25658973593141,0.65986021224962
7523,0.0293990703447824,0.0863850854462353,0.256724312375472,0.643553777934673
7524,0.029440641249776,0.0878944456820521,0.262450722619217,0.635829434829592
7525,0.0293929233846533,0.0862622945148626,0.250146115430235,0.67411465820881
7526,0.0294242752456672,0.086197688004435,0.259449847326846,0.649153742441961
7527,0.0294059470605127,0.0866703755294615,0.254414599597482,0.643557499000398
7528,0.0294082795638913,0.0866606540329795,0.251298443309862,0.657211281995099
7529,0.0293723784545279,0.0861543413017085,0.253571262773848,0.643385180323154
7530,0.0293308013086801,0.0863068134646421,0.252524998934915,0.652910032152234
7531,0.0294382026359938,0.0873138623871118,0.260459122307223,0.628962338570993
7532,0.0294078640598079,0.0868378451773513,0.259367730219049,0.628024628614745
7533,0.0293365821445421,0.0862144864724083,0.258468555564174,0.699887042197568
7534,0.029457161312777,0.0867074636972213,0.248322175303412,0.692485615622524
7535,0.0293783703127228,0.0868310756350089,0.2564994909237,0.648691471826852
7536,0.0294236945970231,0.0860453131731901,0.250328776631321,0.657488315482953
7537,0.0294919856135742,0.086986436474775,0.255454688773035,0.682355438542532
7538,0.0293529893937787,0.0862657157223169,0.252061382727223,0.650531986420783
7539,0.0293858438829842,0.0877725171862508,0.260765047454942,0.669074123214929
7540,0.0293184758966675,0.0868222256676703,0.256710906925332,0.656880309887389
7541,0.0293388439789009,0.0865751718977485,0.250930610923255,0.67032883481239
7542,0.0293652670708899,0.0865819546046447,0.257863572694503,0.723848990286457
7543,0.0293962233546341,0.0870428485753614,0.255988973096933,0.679834522823484
7544,0.0293352769026342,0.0863417029052935,0.255044020583335,0.672304268245077
7545,0.0292912218227211,0.085582436952854,0.256241555725261,0.683431688581962
7546,0.029379778666603,0.0863473986609441,0.253950752298119,0.688262593891269
7547,0.0293595689119283,0.0861659039941637,0.260132295959252,0.653765482347461
7548,0.029477758721872,0.0867145170430624,0.254665390860947,0.653401471850856
7549,0.0294245056746301,0.0866251957511327,0.261711326460886,0.649653087212896
7550,0.0293545629238993,0.0861064544157156,0.248486335164345,0.635675927613742
7551,0.0293520885785243,0.0862136986742046,0.258236871612436,0.660528562093777
7552,0.0293177768211389,0.0863379652823357,0.247618207285796,0.650691445877969
7553,0.0294282478623469,0.0875832091818841,0.252537754035559,0.647852293542881
7554,0.0294543180820435,0.0866959857419657,0.254848742828953,0.644280504566181
7555,0.0294120963219224,0.0873881206262557,0.25801534294276,0.683075874858359
7556,0.0293935790107259,0.0870863679647729,0.252476407478352,0.685637334985102
7557,0.0293120401680683,0.0867017594995809,0.249371596672523,0.643376610599892
7558,0.029380951867044,0.0869727963897048,0.254717891203057,0.681028585426904
7559,0.0293133677457096,0.0863856569831186,0.260459904308475,0.620763615869355
7560,0.0293542129706563,0.0855747217150828,0.256071835782195,0.662752054923625
7561,0.0293580278899744,0.0872802487275758,0.259939348597891,0.71326976141919
7562,0.0293684839571995,0.086675520195806,0.257274366536107,0.642899124368925
7563,0.0294332507966135,0.0876200238031302,0.252213615782645,0.634651514610257
7564,0.0293733054639366,0.0866731219489542,0.250551672894904,0.664441595562709
7565,0.0293085720583075,0.086432622693234,0.253549323942845,0.674378634612991
7566,0.0293955924581614,0.0864392128541322,0.257615051533255,0.683607598812798
7567,0.0293841493618483,0.0865400732537159,0.257526927673336,0.633062379066237
7568,0.0294824126759988,0.0869573797041677,0.260823410064524,0.651639911265729
7569,0.0294311980754716,0.086295929428827,0.255477923747671,0.645942561710846
7570,0.0294541344741961,0.0875710443081366,0.261495520207961,0.647435805465459
7571,0.0293929818727525,0.086411393190768,0.248760353759279,0.641219217480237
7572,0.0293389850842475,0.087017897928934,0.25063084635958,0.630011515146822
7573,0.0294784736588135,0.086406482276969,0.256270971810342,0.645811014374985
7574,0.0293719219438935,0.086323985875048,0.258371504091876,0.705398136029762
7575,0.0294638467973183,0.086629564667766,0.258736131311122,0.622383498354262
7576,0.0294019525953598,0.0870311828355956,0.25422889847407,0.66792785334555
7577,0.0293232190541266,0.0865033724173992,0.2522919741699,0.631025719928927
7578,0.0293545863697721,0.0867147968396854,0.250442995093247,0.656463730835989
7579,0.0294626098357825,0.0868847918677097,0.257434086794365,0.694504449260388
7580,0.0293720734427006,0.0862310237624868,0.259155721221484,0.647312231194212
7581,0.0294314737085804,0.0865635181622434,0.252091073189723,0.652853853765309
7582,0.0294972920643344,0.0863323372223119,0.253636456149334,0.650448271276275
7583,0.0294579204629841,0.0870564258447451,0.256243875847347,0.654423138729703
7584,0.0292875627094618,0.0858434041631846,0.253294285481885,0.645028551779455
7585,0.0293880994737058,0.0867150960793183,0.260565893990417,0.68452105659888
7586,0.0295022179860532,0.086847231668549,0.254402689254366,0.650162879982721
7587,0.0294564330868611,0.086414343747526,0.249190459627104,0.635937670365971
7588,0.0293524420580659,0.0872759388722419,0.253611957926928,0.633785591512391
7589,0.0293918301616549,0.0867746544092722,0.25474545737881,0.666419657789175
7590,0.029449131953002,0.0869375557732221,0.258538043224615,0.684886805059912
7591,0.0294107508641919,0.0868518021349385,0.254933504766956,0.674874807704769
7592,0.0294667875139504,0.0871558537631992,0.264279848408086,0.671227715080623
7593,0.0294118650259803,0.0862604180290866,0.249675449193185,0.66978028810305
7594,0.0294061343419482,0.0871915247058175,0.255352669384594,0.64722450451444
7595,0.0293663848342784,0.0875767343269204,0.259161965683944,0.673593467623671
7596,0.0294634477251155,0.0869219779300163,0.250703000384056,0.709403049326764
7597,0.0293326479002117,0.0861469263875491,0.258588637761525,0.642512378405291
7598,0.0293087987612692,0.0864497511657179,0.251706230494145,0.665613290843802
7599,0.0294298138392501,0.0868314519567297,0.252181235164296,0.659617694688897
7600,0.0293303051417238,0.0869032576029414,0.261325943880604,0.687436110817487
7601,0.0293534486590998,0.0858166231903545,0.252678519283077,0.637763073881361
7602,0.0293887168516202,0.0867307332072883,0.255708728983585,0.662163827738384
7603,0.0292842341586191,0.0864701728015989,0.25474877463977,0.660428093729589
7604,0.0294150324031742,0.0869696768663993,0.261215337386127,0.670589221581212
7605,0.0293808888385218,0.0863065721601258,0.246499111684554,0.640633102909063
7606,0.029393329614211,0.0870911669576271,0.254639268133329,0.67807941885348
7607,0.0293378966963518,0.0862972579798107,0.257128502488363,0.679088509358513
7608,0.0293854128335915,0.086868414075328,0.260396430777524,0.691541466833045
7609,0.029433264545465,0.0872022704178338,0.253104814274746,0.700452546876887
7610,0.0294642887620857,0.0872509251503335,0.255386289411657,0.639310928891701
7611,0.0293072530657185,0.0863894443664713,0.252191315541021,0.672667213519123
7612,0.0293378481069959,0.086413407437796,0.2510335052143,0.67361570278845
7613,0.029396666049863,0.0867409216955625,0.25991421302839,0.65774602827804
7614,0.0293907163074597,0.0877934967927925,0.256613715721454,0.642041124673091
7615,0.0293605003868091,0.0864980767275787,0.253630697004263,0.6873511188143
7616,0.029324112700345,0.0868179606207933,0.253286532991341,0.66447437846433
7617,0.0293746408294684,0.0868069866121772,0.25387349329828,0.661280328474315
7618,0.0293565052777396,0.0858950132611921,0.245913232943845,0.641899356454597
7619,0.0294062470898594,0.0865270357755752,0.25199975861757,0.649580304249626
7620,0.0294076342068027,0.0864599387485711,0.256884217309741,0.669140149395496
7621,0.029381059098378,0.0869847250496222,0.25746399837044,0.652828029495262
7622,0.0293520388749633,0.0864315837047376,0.254774658755279,0.67235895267863
7623,0.0293970047083701,0.0869281949695778,0.25199905182027,0.65166881549701
7624,0.0294036945816357,0.0863512844293459,0.253727614230677,0.653089839046305
7625,0.0294642376040411,0.0869331915611191,0.258613385375213,0.658165830660057
7626,0.0294343683963527,0.0864901401278615,0.253802831665183,0.67843566791056
7627,0.0294184593799191,0.0872481661379641,0.257096381312653,0.675985665121462
7628,0.0293659351705158,0.0863681530116407,0.249424011638869,0.684146030282253
7629,0.0294117251165843,0.0861560543060279,0.251661222079051,0.65691408860186
7630,0.0293772392559548,0.0869718910483293,0.254446425951132,0.666427462949622
7631,0.0293111327927657,0.0867574080048817,0.248711172898417,0.625112234623059
7632,0.0293470071521866,0.0861277141314281,0.251806006014947,0.640695386201819
7633,0.0293249304220472,0.0868962860769411,0.255581285653378,0.711392298262122
7634,0.0294482056898941,0.0873150652276213,0.256124612115762,0.665484704398326
7635,0.0293144526207867,0.0868324537826164,0.247493886417043,0.620845732558753
7636,0.0295029197088445,0.0862485581261328,0.252285482145061,0.671913041887581
7637,0.0294046165398951,0.086926701944689,0.250700985598732,0.650075088625857
7638,0.029389628257739,0.0862961425656793,0.247713408798332,0.691531849397015
7639,0.0293359960518489,0.0868520328324963,0.256697939183891,0.661776110127746
7640,0.0293621218168463,0.0860971751495615,0.255166887356307,0.663662968408894
7641,0.0293356944565877,0.0875243800493148,0.254758726622735,0.664546952886305
7642,0.0292721595982738,0.0870006985414902,0.252676840782301,0.652970044592709
7643,0.0293990000808193,0.086712692814078,0.258587073457519,0.676747169816261
7644,0.0294373137731981,0.0860582383191612,0.250847425315993,0.678259441091263
7645,0.0293497055172437,0.0865974457009955,0.254023574163117,0.69531171896324
7646,0.0294352176790217,0.0869104709586134,0.253981753455181,0.68180663326998
7647,0.0292889470096899,0.0865808301252721,0.254384732466864,0.651500351941611
7648,0.0293526193381334,0.0862280591624084,0.25275195183938,0.648480838734365
7649,0.0294346206292787,0.0866549425554674,0.249717198023565,0.64769395427819
7650,0.029453284190472,0.0875873460520991,0.259697628579745,0.676316473793939
7651,0.0294268910435674,0.0860524537512071,0.250371587183758,0.663917421968299
7652,0.0294077085176367,0.0868944485945712,0.252209790605487,0.634963681380337
7653,0.0293810602671817,0.0867861643993554,0.25509748480711,0.63056357935492
7654,0.0294437477508514,0.0873236886598845,0.256791590835866,0.64887694275426
7655,0.0293760817875371,0.08638280276602,0.256542999678788,0.651809952092496
7656,0.0293817585098876,0.0864589420272314,0.249672089000024,0.699135224766331
7657,0.0293382653754824,0.0869550253157087,0.259853053353857,0.658018658513222
7658,0.0293923044515283,0.0867204879645812,0.250156026301002,0.662640465575228
7659,0.0293110834242321,0.0866709872078095,0.252329499210922,0.661502873426066
7660,0.0294825351971002,0.0871565166865882,0.249969191356387,0.66209821806446
7661,0.029298977109467,0.0858798453826093,0.256045095206238,0.677374199513089
7662,0.0294562877151082,0.08686243511949,0.258267474598136,0.672619154118175
7663,0.0293856298897845,0.085969769610216,0.255421531613065,0.653820582590888
7664,0.0293671198488222,0.0860195626068728,0.256511008758949,0.672729500121385
7665,0.0293866665250728,0.0872319091257399,0.251469980692239,0.696201379301331
7666,0.0294414218538128,0.0869801061704109,0.254931587031764,0.649064718718962
7667,0.0293643074511677,0.0866971484015324,0.252448490255385,0.648054798572985
7668,0.0293877677365747,0.0868065210286289,0.257291427344991,0.645640113389176
7669,0.0294194016399405,0.0866839064194622,0.251169065147325,0.610741568241603
7670,0.0294099840834072,0.0865215088648839,0.246990870538552,0.634462247532456
7671,0.0294983251084358,0.087386980431629,0.259527777713815,0.691711623838428
7672,0.0293623968339872,0.0861802041942741,0.254248471089433,0.651392558156865
7673,0.0293066790030584,0.0867035480730091,0.263958293290955,0.68738086761186
7674,0.0293799350290676,0.0865008158256052,0.258053568573598,0.638339903324883
7675,0.0294060998362277,0.0866335562432448,0.25144318201646,0.639869902461308
7676,0.029381375584561,0.0860361525939952,0.252163423101875,0.686164445093154
7677,0.0294931765250298,0.0863132194319763,0.250736087272268,0.655989364942232
7678,0.0294051086432731,0.0861571953118348,0.254328981573333,0.62821944449545
7679,0.0294473752368561,0.0870589012804588,0.25481371515696,0.688871816689659
7680,0.029416396931505,0.0865703861684267,0.256627268047242,0.628698560240899
7681,0.0293093286556986,0.0862547922433917,0.254278468205106,0.685802075608289
7682,0.0292756302861511,0.0855999790266947,0.24781848404645,0.644008328365185
7683,0.0293654322752767,0.0868206236630985,0.256760007811491,0.657525914716007
7684,0.0293909271715448,0.0873097188169197,0.253662373114528,0.698644996721851
7685,0.0294676898037571,0.0867095975926201,0.255454521552722,0.694201435049399
7686,0.0294208386504493,0.0873180579090583,0.258099603803222,0.634837748072655
7687,0.0294146216994007,0.0863214890157313,0.246946419666535,0.639371930116837
7688,0.0293037628931204,0.0862045372509257,0.255511695037655,0.654936665605576
7689,0.0293710473282029,0.0866414403521075,0.253859513393771,0.676675326755969
7690,0.0294809217177294,0.087324361997284,0.256965570363376,0.636548771967764
7691,0.0293396915709951,0.0865660420871434,0.251313573251209,0.662781278414083
7692,0.0293447676954048,0.0870591245320065,0.25646927872235,0.676404879769863
7693,0.0293481411554968,0.0864838169838577,0.256083886702249,0.6816826543006
7694,0.0293921040194096,0.0866027463337187,0.250429503963437,0.653539782020307
7695,0.0293312704120568,0.0865308642118692,0.259529828638912,0.670883520913429
7696,0.0292950097270246,0.0859198661812841,0.254393884749572,0.66767330640957
7697,0.0292966104343721,0.0858698928086432,0.253221182069769,0.647439661305481
7698,0.0293682594461429,0.0866113628113625,0.255197117971172,0.682422550233919
7699,0.0293302603336781,0.0857404183274065,0.250209683914302,0.668291635046194
7700,0.0294631572054612,0.0859709287715202,0.252420501345975,0.662845999609851
7701,0.0294999859011706,0.0864958038468513,0.252268736285357,0.645765543120737
7702,0.0294296526767877,0.0874237617941874,0.250709466866169,0.672065683501061
7703,0.0294079049969112,0.0863257607937374,0.249003087724959,0.654774297337931
7704,0.0294544756988017,0.0873103071214201,0.248973966018839,0.638161112629273
7705,0.0293946057699859,0.0859518291185208,0.245994951515768,0.622561725901071
7706,0.0294279529254158,0.0868652481115614,0.253309095735889,0.689769684227202
7707,0.029327067317555,0.086506468365255,0.255868081787001,0.632494499671597
7708,0.0294469646237711,0.0866378556765864,0.25436822008579,0.638135518861385
7709,0.0293688496534578,0.0869575457225017,0.250832703614211,0.696306861032452
7710,0.0294512175589345,0.0872109096855206,0.248573520788611,0.649155918673636
7711,0.0293195443843135,0.0867305243777965,0.253634586136654,0.638716357280508
7712,0.0294424023981377,0.0868373766954137,0.260901307441069,0.651480185173519
7713,0.029418408272415,0.0870035954800499,0.258614214065717,0.673703801052385
7714,0.0294119000033098,0.0867522352553294,0.2562997508862,0.646764897307443
7715,0.0294432516323191,0.087301720701184,0.259663274827789,0.675701883773788
7716,0.0293763745985017,0.08589650006345,0.251158143574849,0.613814340995355
7717,0.0294733212196219,0.0875672744350624,0.258644960403755,0.6553020280532
7718,0.0294040513839069,0.0868875669159859,0.258200210322778,0.672339269617785
7719,0.0293034988077781,0.0870534506024161,0.25647853713504,0.606814803103218
7720,0.0293565595644077,0.0870987883908705,0.260155307075849,0.624673252830793
7721,0.0292958242418749,0.086461479884777,0.255733318165348,0.65261333563566
7722,0.029332296100182,0.0866480447478664,0.251275394237825,0.694951205403987
7723,0.0294017266742818,0.0870690629125934,0.251711192154809,0.646044927545988
7724,0.0293846403676381,0.0862005962846269,0.248952341542416,0.644476672411131
7725,0.029392489033285,0.0857457199398139,0.25370187548485,0.63140318490154
7726,0.0292909414492749,0.0870831653282567,0.25228401090455,0.679241930674159
7727,0.0293499114057505,0.0868385880002761,0.254205218456317,0.67224885111851
7728,0.0295136017628978,0.0869944853171169,0.251722213217924,0.652993801150467
7729,0.0293995467305796,0.0869168333854558,0.255490161238434,0.668589631787746
7730,0.0294351834835406,0.0862341797998305,0.252436292504883,0.623507009142278
7731,0.0293733068517198,0.0864631375839303,0.257093544962919,0.695374982798166
7732,0.0293868130035109,0.0864834677616072,0.252909461025911,0.675795611571809
7733,0.0292964581601976,0.0855581242606639,0.253092507255179,0.645122173827013
7734,0.0294398929151973,0.0863305993028667,0.257133014221262,0.64320309936863
7735,0.0293607448558613,0.08578235672437,0.254027767850549,0.655562713811312
7736,0.0292926660215173,0.0861023021110841,0.25164414604649,0.647644315855299
7737,0.0293577189989356,0.086429470742945,0.254579492171302,0.660443870794408
7738,0.0294004603647011,0.0864351076944652,0.258765984534044,0.690904917177577
7739,0.0293249156774864,0.0866014373522773,0.252034135374243,0.643779588488047
7740,0.0293417208198071,0.0867991412706909,0.260506864362727,0.650538705190276
7741,0.0294411522983862,0.086759376866048,0.259225314644527,0.661256990436884
7742,0.029396677022712,0.0858183879366247,0.256263116338817,0.66355180806035
7743,0.0293446056760676,0.0872958193200557,0.255238792779424,0.678211966142918
7744,0.029370482771487,0.0862332775059501,0.25426789539967,0.644034007182308
7745,0.0293119375958669,0.0860569406297125,0.253651136333813,0.640587679060999
7746,0.0294601244944847,0.0866439650868994,0.254917772423996,0.667372006045745
7747,0.0293652828528683,0.0867161510465097,0.244836818126994,0.624665783231457
7748,0.0294612897985318,0.0876655255060743,0.253074244451606,0.643425605493887
7749,0.0293703622359244,0.0870579295829655,0.25421363505397,0.70792218720158
7750,0.0293888508566388,0.0861071613906437,0.250040064708276,0.655162154831087
7751,0.029410748557729,0.0865503149764835,0.248061750720475,0.646142135569785
7752,0.0294662342182403,0.0863360812716259,0.253261191423576,0.653373992085385
7753,0.0294261615524933,0.085893398490807,0.246759622444827,0.656341302726022
7754,0.0294297639153519,0.0862993738238488,0.255932449953833,0.660825706650807
7755,0.029508381272477,0.08700723292731,0.258700264918793,0.658645374916932
7756,0.0293568546226493,0.0868450755386231,0.25629721580547,0.644884794393195
7757,0.0292888544688863,0.0875670731613709,0.256303166371344,0.658957262508046
7758,0.0294652832396246,0.0864313236496484,0.255583124343358,0.654212898783246
7759,0.0293862644159866,0.0862396765961969,0.256413437126506,0.647970706436078
7760,0.029361448287084,0.0868550219639662,0.260328893904222,0.663960890035055
7761,0.0294015657448003,0.0861154051675666,0.248753072258101,0.637759556381391
7762,0.0295561737768353,0.0870738626880517,0.255111227945521,0.671973910377993
7763,0.0293599558867257,0.0867264161959486,0.253845238071551,0.643022890324245
7764,0.029365318433445,0.086400993438345,0.251344723224633,0.688344833992372
7765,0.0293806802589159,0.0861261055338514,0.255771286788643,0.676126672455836
7766,0.0293433350017747,0.0868742706224652,0.253280058091534,0.677677837754839
7767,0.0293508170083556,0.0871568798162369,0.249080715194659,0.671042977029385
7768,0.0294636709217335,0.0874012305762494,0.260692533595066,0.710379129987445
7769,0.0295385612861937,0.0866219121744152,0.247528122207975,0.644312913284798
7770,0.0294141816082325,0.0857051818820732,0.248436780088931,0.654124166318652
7771,0.0294374930520421,0.0870438859461418,0.252973167409889,0.663851340986721
7772,0.0293942523560277,0.0872989962900788,0.256628440342534,0.684489746271949
7773,0.0292828547924135,0.0863582315585464,0.254829373033081,0.66101151759102
7774,0.029343224693716,0.0858865892456048,0.251174815684618,0.647090390335057
7775,0.0294379508836608,0.0864801884589338,0.254768153731376,0.661119660104989
7776,0.0294602460708897,0.0867089151691177,0.256369741545475,0.693952630785903
7777,0.0293714425714684,0.0870529238529899,0.253290789140788,0.637154218972447
7778,0.0293215066723549,0.0865610695008916,0.254077214187781,0.657874348218914
7779,0.0293724264384117,0.0868949989647947,0.255445789669,0.655136165172883
7780,0.0294852611989582,0.0864298172757641,0.247526927054475,0.664936996152255
7781,0.0293762143556416,0.0875027307884633,0.248898173872114,0.651318453374222
7782,0.0293984476311577,0.0867970417892035,0.25258578343526,0.640894294938089
7783,0.029412153877754,0.0876485369007522,0.260470161119836,0.678875321945216
7784,0.0293767691423455,0.08733603879196,0.258620099007236,0.633322827724798
7785,0.0294040887747175,0.0859128399790101,0.251200711717007,0.673099203007963
7786,0.0292999223632899,0.0862753798391301,0.246385070130557,0.654247007682106
7787,0.0293757033207092,0.0865072702325718,0.249512952302083,0.690212749654657
7788,0.0294274873945277,0.0860564234190194,0.248180908513485,0.659031459129514
7789,0.0294085278438894,0.0870575670946059,0.251069638166132,0.670077391856431
7790,0.0293668220572342,0.0874067945902386,0.257741054406802,0.659359511097038
7791,0.0293885368193154,0.0857936861932428,0.247215683298727,0.655088871510404
7792,0.029464721576712,0.086806282611763,0.250718483817164,0.632377589686332
7793,0.0294242008729723,0.0863697846845612,0.256385548935289,0.680829558086299
7794,0.0294448767497449,0.0859804879588783,0.247111063920239,0.66352861493729
7795,0.0293652527433251,0.086553996639169,0.251543500274475,0.673886547046954
7796,0.029373269049185,0.086644286705128,0.249648592663101,0.645206909154137
7797,0.0293739108506789,0.0861369398917835,0.25161365966015,0.643544648207053
7798,0.0294037051981518,0.0866839764331572,0.251364284237257,0.653509355169342
7799,0.0294344122642808,0.0871947247852903,0.257397320569317,0.676141248586
7800,0.0293821595792515,0.0868631806206365,0.25985652512828,0.642549478332428
7801,0.0294944422507483,0.0876043397913154,0.252355851866252,0.644081263263434
7802,0.0294027878846167,0.0874462852302985,0.260643475523691,0.660874438497403
7803,0.029459168856331,0.0877169432969123,0.25916818425468,0.66588809409536
7804,0.0294266749079913,0.0866785092129981,0.256283638357936,0.664833120963481
7805,0.0294157440909813,0.085934851768784,0.252058724881074,0.638324509391969
7806,0.029387147391986,0.0865057572393391,0.25751342191779,0.665575884633371
7807,0.029325405597579,0.0859870198789728,0.259554137888371,0.695738738220587
7808,0.0293349466796344,0.086636738405616,0.260835180100328,0.65385971916473
7809,0.0294134759507535,0.0872034315393059,0.251933456290953,0.643162804923206
7810,0.02937144096996,0.0860919796025265,0.250859944473888,0.620469685580493
7811,0.0294177908411118,0.0867739553970108,0.254219507492273,0.681627486980876
7812,0.0294438950595849,0.0862587091150381,0.252463127194422,0.660259506725299
7813,0.029458628177946,0.0857525777563854,0.248788347729171,0.656748344875597
7814,0.0294194532664396,0.0868958426956412,0.256638110049688,0.663508620840472
7815,0.029419635924962,0.0868556633908047,0.260753953489449,0.674761594634925
7816,0.0293806544799143,0.0857685235720497,0.251621954766507,0.641820880077609
7817,0.0294233093469173,0.0869589373247069,0.25481359265222,0.655579399440935
7818,0.029346238347831,0.0872548405065609,0.252046518879229,0.627028159452852
7819,0.029306129783063,0.0868224655642453,0.258025498826195,0.663808615208291
7820,0.0294249063527649,0.0871604203634569,0.256707960544951,0.654879782825209
7821,0.0293577567242824,0.0857156003463868,0.250065554161946,0.650334191015462
7822,0.0293393492014635,0.0857347062505882,0.247396186679264,0.68724334021684
7823,0.029325424382029,0.0869162895858255,0.255589912933062,0.657512602911798
7824,0.029536553640347,0.0872214342657178,0.256708490752965,0.688076660352921
7825,0.0294432173313985,0.0877079071535155,0.254865108325487,0.664113686863393
7826,0.0292686620519713,0.0864224792273672,0.262377623655358,0.667149752188236
7827,0.0295173866948861,0.0872380390394377,0.258614392746992,0.669695466065202
7828,0.0293697754993043,0.0867423150821949,0.252298250357813,0.699297238177926
7829,0.029299696253866,0.0866468658065021,0.256512095422518,0.676781380125747
7830,0.0293325542490995,0.0861918117081389,0.258684786192346,0.656559931541692
7831,0.0294896981228596,0.0868690879793518,0.250389382959437,0.63009945622164
7832,0.0293353373328586,0.0872457455419112,0.26359481056124,0.666244075924385
7833,0.0294748018228956,0.0870840986942991,0.257848182673996,0.683045935715016
7834,0.0293544473272492,0.085627197146492,0.250561826019996,0.685858261097483
7835,0.0294295806642313,0.0861717956343177,0.251529297186186,0.648826200954455
7836,0.0294426724856566,0.0867835151093194,0.253127574215456,0.685699856257414
7837,0.0293851616244591,0.0872743800613604,0.25074354627547,0.646643309102563
7838,0.0294572634161804,0.0868615552345796,0.25317386159709,0.650201793698287
7839,0.0293853925402076,0.0865503193882671,0.250280051651941,0.640927787251912
7840,0.0293261178726482,0.0866676352404703,0.254923354294862,0.647884983736791
7841,0.0293370170885616,0.086932550464199,0.253386351093658,0.63015844871269
7842,0.0294348817595652,0.0872787789884671,0.257491448245509,0.676028844787956
7843,0.0293338271985786,0.0855760918812778,0.258919602581466,0.6670827508296
7844,0.0292812868616041,0.0864531358722448,0.252092227883301,0.645923620339068
7845,0.0293925326743894,0.0874421839976795,0.251633621990599,0.694145785532121
7846,0.0293747877645656,0.0867983823532501,0.251842573262901,0.68998887748513
7847,0.0293652577857349,0.0868072951240764,0.256829957756499,0.68756973817371
7848,0.0292989132172416,0.0862737319850931,0.253589303425678,0.691157980482257
7849,0.0294360067052626,0.0866544455372697,0.250099253137934,0.682720680303529
7850,0.029337669520189,0.0866249664891782,0.255566988462303,0.703870405957845
7851,0.0294136195556366,0.087096620032574,0.257765247316775,0.66115653096545
7852,0.029382379933107,0.0856871691980555,0.244759591343195,0.645423995806063
7853,0.0293229149836612,0.0868933959653195,0.259752227746633,0.645501077775022
7854,0.0294696435414702,0.0867027857785378,0.256984643308243,0.632781634825511
7855,0.0293607455121044,0.0875360954497045,0.253257215356911,0.64517971675764
7856,0.0293232086194432,0.0866856495834855,0.248481664576706,0.636530514243868
7857,0.0294196115567518,0.0865791484854389,0.256267881026074,0.64257627060836
7858,0.0294487918358354,0.086716634557463,0.255842560191542,0.625298054393809
7859,0.0294662670556732,0.0868577876620732,0.260251213285804,0.647384288392624
7860,0.0293966820212628,0.0856156220159997,0.249878064985336,0.681302170590152
7861,0.0293906559453298,0.086279050296897,0.247446976042984,0.658696504808431
7862,0.0294602431248814,0.0868224924201804,0.251330569136715,0.673949291410262
7863,0.0293492760107226,0.0868457040686076,0.252586063317015,0.680748009473119
7864,0.0294327359724392,0.0869553771378096,0.257760297943354,0.676708616010097
7865,0.0293789114088283,0.0868834824945229,0.255284895793184,0.685464539546061
7866,0.0294219331853645,0.0866310867291678,0.251520631708943,0.659457737259273
7867,0.0293637488180405,0.0859886614518484,0.253428963292104,0.643843204406499
7868,0.0294587093042643,0.0871437123341851,0.256295596139069,0.664321313945443
7869,0.0293577237306975,0.0866340217742791,0.26391399444156,0.710718471714039
7870,0.0294368443414327,0.0870538038141961,0.256407945033273,0.688995974991635
7871,0.0293593418781183,0.0864785871380859,0.253199415428606,0.685322707971398
7872,0.0294591181656698,0.0867885480927876,0.258429760613773,0.694642038051914
7873,0.0294222480916483,0.0870526749937647,0.254241900921999,0.653194056268327
7874,0.0293873841850628,0.086380751244088,0.255054434816559,0.637976703411412
7875,0.0294141000784142,0.0860452322356764,0.251683659294288,0.710005416651693
7876,0.0293837609786668,0.0867223615599338,0.2591539570664,0.68112898550769
7877,0.0293687383668336,0.0869759726754894,0.254765688799916,0.659220120945258
7878,0.0294102174536824,0.0866363583546539,0.254978993520015,0.655805639361282
7879,0.0292727515040792,0.0863194801658616,0.258342916873832,0.651916442601927
7880,0.0293530370374697,0.0859954693589629,0.247179633749039,0.650375575193953
7881,0.0294211109803767,0.0861482954490049,0.25032261777922,0.667333188974627
7882,0.0294319361009911,0.0869469323192422,0.25537636286175,0.659063366489843
7883,0.0294680715042106,0.087206568548298,0.253446968949593,0.650001255081172
7884,0.0293719176966158,0.0859593469015856,0.249265878586316,0.619934939513332
7885,0.0294882435304038,0.0868731226395911,0.257051495909835,0.679566609797327
7886,0.0293122619300992,0.0863403341690333,0.254762273270785,0.646865417701183
7887,0.0293969229621217,0.0865932781553816,0.260650149911692,0.665260472085334
7888,0.0294465198750275,0.0867956728585652,0.257322069747732,0.655400548673356
7889,0.0294585104727966,0.086772005725456,0.25931333273749,0.676983909752868
7890,0.0294611576037272,0.0873911621416959,0.264635260875348,0.706517264326349
7891,0.0293133501201059,0.0861834824131661,0.259584195375656,0.66935641376624
7892,0.0293449359763596,0.0862380365124145,0.256962751725735,0.682579411305036
7893,0.0294140016564901,0.087038555719097,0.262947955514249,0.687554446271332
7894,0.0294273048557431,0.0858982465465421,0.25331560971092,0.690862407512372
7895,0.029378236821161,0.0864622660269154,0.249187243648286,0.64976780710794
7896,0.0293693115311719,0.0867009032206069,0.254735336003438,0.6653898951674
7897,0.0293657766674297,0.0873519474516413,0.251715954177682,0.684816663140279
7898,0.0294097197496772,0.0866367265005305,0.25895902081814,0.681698908318378
7899,0.0293691814806807,0.0868092905142559,0.25956473332952,0.703368902843124
7900,0.029373015023791,0.0862577157297006,0.255742697148076,0.618415355264779
7901,0.0293584597070435,0.086386553198442,0.247427286219376,0.659471500904966
7902,0.0295216009689583,0.0881326045880545,0.26042112731115,0.67516887712702
7903,0.029378922775567,0.0863757641985773,0.252638351478019,0.65279608596821
7904,0.0293602698065347,0.0859543328646045,0.245896779859479,0.703302484207998
7905,0.0293859486045217,0.0870199503444033,0.251925966443827,0.632793205371425
7906,0.0293417517885916,0.0865560651218672,0.251208019005578,0.664756152903196
7907,0.0293911296663778,0.0865931651334014,0.253949050940627,0.739216173236105
7908,0.0294649093728975,0.0871650434993228,0.251126809125255,0.673748750101121
7909,0.029366542302613,0.0864690818997936,0.245413535812467,0.659994604489617
7910,0.0293484870309253,0.0851246915078937,0.248071261783889,0.648635894544947
7911,0.0293952648451583,0.0866601926192794,0.2557894811869,0.664498116383121
7912,0.0293926373989288,0.0876091903996598,0.261895644102492,0.676201736662521
7913,0.0294223179441503,0.0864562025015357,0.254741550790299,0.658170308926219
7914,0.0294368710026662,0.0864335570570213,0.255622430173162,0.627745152742035
7915,0.029351233852824,0.0869182970418232,0.248792212916527,0.665370178233629
7916,0.029389963945143,0.0862727133823711,0.256742065341264,0.628223539433564
7917,0.0293252968337207,0.0868359389430907,0.254812599057663,0.655919824764068
7918,0.0294218013459338,0.0865745300593697,0.259087558286685,0.654826559899175
7919,0.0294339081133014,0.0873731899082326,0.254180068807228,0.722118080965956
7920,0.0293924696512187,0.0862900058912967,0.249399384992606,0.648721209276978
7921,0.0294149548233324,0.0870648946645469,0.259636594242183,0.671168227521244
7922,0.0293251248826836,0.0859742229982276,0.253329287969818,0.630380576857911
7923,0.0294223667421363,0.0863227984618933,0.251688580415421,0.653094701418106
7924,0.0293810085767955,0.0867850942656974,0.253413186855004,0.699238373773718
7925,0.029428990218443,0.0866008522655793,0.255943092947804,0.649696206100988
7926,0.0293470878245614,0.086898698833841,0.255299088649242,0.685790557785319
7927,0.0294191398648586,0.086278164131008,0.256094573452588,0.684735694584754
7928,0.0294167289605815,0.0868768069944299,0.255231783256423,0.661899844643795
7929,0.0294671352843923,0.0867430282206019,0.256385959833285,0.659550034538846
7930,0.0293198300893438,0.0867112441923002,0.254476424843054,0.676042687129862
7931,0.0294713167891294,0.0867093785976706,0.260952308711557,0.652781103161375
7932,0.0294085365563443,0.0858943931446967,0.252013210114689,0.63285247045562
7933,0.0294655230253888,0.0867754178791818,0.250674831145086,0.664677268434414
7934,0.0293502269579904,0.085382428284065,0.24919245349422,0.68057660636714
7935,0.0293449362459598,0.0871285453878765,0.253692645882953,0.646257732139703
7936,0.0294428676870602,0.0868464781452943,0.253827187685231,0.709427994137243
7937,0.0294088845567298,0.0863750831529115,0.256973324273242,0.663969433691265
7938,0.0293909851036659,0.086665460346375,0.254401462909994,0.685181714999126
7939,0.0294037228392576,0.0868224644833639,0.257481453798908,0.677762977258571
7940,0.0293399973673498,0.0866143855878804,0.251339507824138,0.656318373648457
7941,0.0293842528130144,0.0863939714522373,0.251611850022138,0.671071334385306
7942,0.0293946728585785,0.0873847331111358,0.251492640367016,0.650553524501163
7943,0.0293854740118424,0.0870459552085925,0.249311986102004,0.653983887142881
7944,0.0294859510375631,0.0867365682765589,0.25490122684855,0.627183820495545
7945,0.0295158966190069,0.0866935248552096,0.250687997858099,0.640244025934507
7946,0.0294053098526461,0.0869805760001651,0.250667165358222,0.659820140563947
7947,0.0295242342904835,0.0864888096659615,0.245571607280625,0.644967202497397
7948,0.0293706762224528,0.0871035322846959,0.252289248634885,0.700986527839474
7949,0.0294444766723918,0.086795513429951,0.257123177598569,0.657508803151164
7950,0.0293525493070636,0.0867080784136251,0.257751378668852,0.641037125175978
7951,0.0294570896659976,0.0867217933257855,0.250398414842459,0.647051584527633
7952,0.0294083508871378,0.0856978424150559,0.250313951945779,0.635349080868316
7953,0.0293982644300455,0.0874097821137992,0.251434538091416,0.654049738791112
7954,0.0293759039323669,0.0864172282269667,0.255151843456111,0.650309570934491
7955,0.0292960509091863,0.0861218984526271,0.254317153228978,0.656195620106692
7956,0.0293682851639538,0.086179418412794,0.255278084124206,0.629914521688982
7957,0.0294284656494887,0.0856331389481366,0.250010169467528,0.685691165509691
7958,0.029438122944338,0.0874956486919455,0.256485776344591,0.665555311278689
7959,0.0293969857330615,0.0869560332974364,0.256516194983304,0.689867837544175
7960,0.0294344026339827,0.0870558658568039,0.257048526341899,0.692176193730719
7961,0.0293929631546262,0.0859716392913352,0.254031074946683,0.642363276034153
7962,0.029431404159419,0.086302629495855,0.247512552314807,0.63237068308455
7963,0.0293280860652001,0.0859391687623,0.25559537413295,0.633255101263592
7964,0.029372866129033,0.0866838580827346,0.255225168451221,0.68482601479344
7965,0.0293124752644568,0.0863270636218745,0.24685831427259,0.644380340793362
7966,0.0294175130334296,0.0866219414232646,0.254817523132297,0.673410783764337
7967,0.0293730251665636,0.0868406725280409,0.257512079568786,0.665961650956949
7968,0.0294237129971107,0.0869986975113824,0.262664618872553,0.697763779900648
7969,0.0293598065616135,0.0862091200314628,0.258523109231138,0.659602482579136
7970,0.0293870215156505,0.0869908417705622,0.252797211527992,0.639997610293811
7971,0.0293756230962819,0.0862730162681422,0.253909657946324,0.666452793452592
7972,0.0293184006033072,0.0860472282261881,0.252801747305013,0.654711484496128
7973,0.0294563755113617,0.0872875707716226,0.253585011671371,0.659238976899667
7974,0.0293869974090509,0.087163368559371,0.251532101024727,0.690193744771254
7975,0.0294787089021193,0.0868541778694807,0.254741288860728,0.660510437029418
7976,0.0294188097524061,0.0870341186151798,0.255733066303155,0.673297912643036
7977,0.0293982674439176,0.0860043487499811,0.251335100133812,0.650740678878069
7978,0.0293920554498131,0.0872323856062685,0.257341817002214,0.708148434416202
7979,0.0293740125862428,0.0874153589257389,0.258002258913891,0.684380190512223
7980,0.0293495998771292,0.0859841345038943,0.251912115509719,0.635496299924267
7981,0.0294307763678559,0.0874858305652159,0.24907877776671,0.639357460110582
7982,0.0292301913108326,0.0869510708292084,0.258925460210056,0.663397555561416
7983,0.0293316498602328,0.0866348138912583,0.256651167859662,0.668108206053
7984,0.0293560265049734,0.0860466884408331,0.252136651736655,0.673696891825103
7985,0.029436945191022,0.0868160525084923,0.255023116171353,0.630341511950713
7986,0.0294077942239118,0.0875064363278385,0.256499717478102,0.668761991090071
7987,0.0293262248176652,0.0861678143124324,0.257222062348196,0.626932874954467
7988,0.0294080578444146,0.0875270656494095,0.25206954778414,0.642397468593913
7989,0.0293716063925531,0.0863290151579816,0.255747053176262,0.636212275438194
7990,0.0293999160309364,0.0862736189759244,0.251101653058069,0.671345025556592
7991,0.0294049479213828,0.0863815998591779,0.247633886097481,0.670298640041365
7992,0.0294158133750962,0.0867754322303663,0.252853070914585,0.649088178011159
7993,0.0294153325076446,0.0866017739607474,0.256256517567638,0.667431070838022
7994,0.029469883192668,0.086151248713901,0.249167837866984,0.647641590530827
7995,0.0293950351934996,0.086651702838732,0.256545669522962,0.631382723544003
7996,0.0293602568965938,0.0856384420582715,0.259786660977018,0.629286578409724
7997,0.0294453175144142,0.0868355592604975,0.253928151098723,0.656831318065498
7998,0.0293355006078797,0.0871307684912375,0.253757184550357,0.710396423135543
7999,0.0294038323121138,0.0867643666927696,0.2574321033918,0.668675842307862
8000,0.0294142482944926,0.0870679611580529,0.25166320006576,0.620769303662586
8001,0.0294253403089067,0.0871687276498537,0.255029961105606,0.625536481722783
8002,0.0293826717085568,0.0868919736358958,0.251113539629175,0.623294387313287
8003,0.0293844571322398,0.0864911569691771,0.249108598532236,0.65415022857463
8004,0.0294678130006523,0.0865651934391303,0.256474592976166,0.696599359420457
8005,0.0293455396038962,0.0871429586916938,0.249338730181162,0.662794049637682
8006,0.0294509887531238,0.086676839011626,0.256952938393271,0.644085507691432
8007,0.0293587631853916,0.0872117994321651,0.253532010017107,0.659295736313007
8008,0.0293677987920923,0.0860833740146241,0.246189793113858,0.619720611343474
8009,0.0294093585763286,0.0867640851813431,0.260500887638339,0.665178090077773
8010,0.0294450528308729,0.0864588059739714,0.24744170190706,0.650776114529444
8011,0.0294806850880593,0.0877464073096179,0.261918876560842,0.653055751673753
8012,0.0293781302202741,0.086361242637384,0.258479996782286,0.664377555987583
8013,0.0293041406287883,0.0858127047681742,0.258129129799482,0.679911670647166
8014,0.0293419394850984,0.0865132265643217,0.259002431826712,0.675494733353046
8015,0.0294772104142233,0.086039556093747,0.251951171332384,0.663862476771704
8016,0.0293618601799316,0.0860835906428253,0.250713154640025,0.632146815675848
8017,0.02938175461153,0.0864386077600828,0.255533153831032,0.661469237043564
8018,0.0294784176493206,0.0873621357866785,0.256280829904009,0.64307260388217
8019,0.0292709959547024,0.0862355789581181,0.256193113283846,0.637224094310967
8020,0.0293642340383499,0.0867071061446688,0.2540981604064,0.668262719148442
8021,0.0293747477692141,0.0864699670514062,0.257002782000591,0.637270039394713
8022,0.0293947777000813,0.086172481685715,0.24983222098467,0.622514217579353
8023,0.029396123659757,0.0865315887874698,0.253473283362312,0.659987401803895
8024,0.0293344639937739,0.0860782770374641,0.256792270282094,0.692346906906428
8025,0.0293618563942971,0.0864814894663256,0.255927216716756,0.641566147276251
8026,0.0293476365658764,0.086710170712092,0.248122701534688,0.636083579331921
8027,0.0293642507793011,0.0864117565859247,0.250723222576044,0.662906322212104
8028,0.0295471287198579,0.087017030520153,0.254259517604996,0.66501789006199
8029,0.0294453408178635,0.086729597685831,0.257632342291884,0.658866310105805
8030,0.0294514203541177,0.0867962541951917,0.253432867423228,0.628724496340686
8031,0.0292726640502648,0.0857804449051592,0.249287606783643,0.651219898720528
8032,0.029356975445464,0.0869607753150188,0.256367986449858,0.663065224785741
8033,0.0293913006106603,0.08711142873837,0.255706160486743,0.637596584567892
8034,0.0294379737405535,0.0864656505995591,0.251772031849203,0.680211121623319
8035,0.0293864247432765,0.0868065555785869,0.255411121163752,0.655745539768495
8036,0.0294591476163554,0.0867453764450645,0.249124107334198,0.669846031865526
8037,0.0293541906896318,0.0866698586765797,0.26076453003455,0.671184130248058
8038,0.0294017911076492,0.0874842694798848,0.254786053493046,0.682012686503235
8039,0.0294682883547211,0.0866188451947953,0.258312331972662,0.652033494016633
8040,0.0294438708237297,0.0867914565612543,0.259123384792592,0.676084929562026
8041,0.0293559889034973,0.0858797976461963,0.250270533574307,0.663650418760657
8042,0.0293500785520932,0.0856141842307583,0.256201428013556,0.668912348137433
8043,0.0294696305174404,0.0866512792057821,0.250842504533828,0.675830787828546
8044,0.0294920971859312,0.0870235213909248,0.255204544800294,0.665628670435275
8045,0.0293612389599868,0.086562036426229,0.246917246874036,0.645881291719757
8046,0.0293424941245172,0.0861767957903792,0.25334408690236,0.650698484514811
8047,0.0293465629353009,0.0862544571338735,0.252725353120406,0.611848714867424
8048,0.0294576084318118,0.0867739901815952,0.258390008075463,0.686817296296709
8049,0.0294120456171567,0.0872609934267064,0.260303700028979,0.618701671308371
8050,0.0294354700964055,0.0870381623363804,0.258253750571653,0.638773845905625
8051,0.0294577119745748,0.0871664868395132,0.253940470367706,0.673813154149096
8052,0.0292960742379471,0.0866263319540112,0.253167897424214,0.647255848273083
8053,0.0294255980083005,0.0865514948187025,0.255153771668764,0.650896239520828
8054,0.0294681498781823,0.0870613582834448,0.25544178328381,0.68366442529025
8055,0.0293413661718572,0.087499041405675,0.262159262505893,0.651260643850862
8056,0.0293469486146378,0.0856418247087894,0.250700787093405,0.6666553116858
8057,0.0294358668682528,0.0872485671071052,0.256706559903967,0.66266219484595
8058,0.0293899534563659,0.0859029239463088,0.258990582320729,0.7054221949355
8059,0.0293359987877016,0.0866886993710505,0.254478335485925,0.657580538790512
8060,0.0293390235862616,0.0856747918611245,0.25054641061414,0.668571066053478
8061,0.0293910967261716,0.0861321679917582,0.254584214306422,0.675824828177504
8062,0.0295143416402567,0.0874377281431167,0.26302827768634,0.68331533472638
8063,0.0294007722631204,0.0863333566865455,0.253336450517454,0.656441293266617
8064,0.0293698311331842,0.0863641408070835,0.257181318634243,0.62446544241199
8065,0.0294096337817778,0.0861981780959031,0.251389369176254,0.65068147756509
8066,0.0294654517087146,0.0864873846803606,0.251371388273936,0.645596141780456
8067,0.0295220136821393,0.087282575800256,0.246610801698696,0.622648193087125
8068,0.0294059284253386,0.0870589116624126,0.261127128182107,0.632303541393751
8069,0.0294406852585416,0.0864908847808127,0.246220973720077,0.648689322064224
8070,0.0294094706738004,0.086556813039824,0.259147834027296,0.702800164651411
8071,0.0294481066812927,0.0872221422941483,0.258703969819399,0.624714237785699
8072,0.0294771759426451,0.087194543813889,0.255188158931245,0.674756713998922
8073,0.029381663871553,0.086471643237414,0.256596451310291,0.676851338304827
8074,0.0293817462899383,0.0864144124667161,0.256104037636443,0.643333442136753
8075,0.0294795565411385,0.0870908332324299,0.260322647376,0.659811106204245
8076,0.0293562602906164,0.0861561633719915,0.253564430630853,0.665859595876132
8077,0.0293279545695004,0.0873573416367487,0.253189116951812,0.634795593900066
8078,0.0293866516234697,0.0859449414124671,0.255893268363191,0.696787377867293
8079,0.0294008289217153,0.0859792072960421,0.251378713715485,0.621601206473979
8080,0.0293001499506416,0.0860015993612765,0.253389103579161,0.65801345161556
8081,0.0292983331039604,0.086559253106576,0.255315320524618,0.679476771525349
8082,0.0293936227411339,0.08643344748689,0.256081111824931,0.66021953064361
8083,0.0293421177286195,0.0871804879634311,0.262209548724922,0.680793238506188
8084,0.0293675260368825,0.0863737512339475,0.246411166182039,0.66175234743687
8085,0.0294215986955981,0.0872097683610851,0.254687959583931,0.688669354206324
8086,0.0294289602027785,0.086464443611306,0.253556365746946,0.691464025059352
8087,0.0294367141078367,0.0866432635229395,0.248436100288606,0.626446979208685
8088,0.0293461802120311,0.0863891154503274,0.248359318208131,0.658661952500447
8089,0.0293740702357329,0.0874859811340743,0.251829466516821,0.706650617824258
8090,0.0294485502828937,0.0871309426663278,0.254263628355512,0.642325340340154
8091,0.0294089191874152,0.087562945153379,0.25820949195595,0.658308555081102
8092,0.0293944057741991,0.0865187679110663,0.259720342447212,0.66047011385741
8093,0.0293429076954589,0.0864520702505425,0.250049037986546,0.682888009607859
8094,0.0294026975690944,0.0866297560047928,0.254602680110708,0.667701833795162
8095,0.0293868818188283,0.0862025101886411,0.244300310063951,0.646028838733314
8096,0.0294158747187981,0.0862404731847248,0.256557431090927,0.647993592505443
8097,0.0293938489589246,0.0857500392599804,0.248877662227696,0.661529649875099
8098,0.0293808755693499,0.086787155338199,0.257961417064248,0.655166556728295
8099,0.0294626727149515,0.0872745949426018,0.25940610278041,0.655019690597651
8100,0.0294067427155012,0.0868405457672477,0.253842585634207,0.663947906575277
8101,0.0293722865061958,0.0868792737132776,0.243535873513953,0.638384558605348
8102,0.0293474274244426,0.0858899496948081,0.253300826125346,0.644834706309633
8103,0.029423286827447,0.0867184907908625,0.257827810055251,0.648931728590485
8104,0.029446447149946,0.0875842945206006,0.260326704693416,0.650334601669368
8105,0.0293978560193067,0.087309914470953,0.257657836311949,0.712751105242178
8106,0.0293411608596819,0.0869302555700823,0.251544669058224,0.618861364812591
8107,0.0294226280796762,0.0867252555594868,0.252972592560234,0.656153300488873
8108,0.0294310187253251,0.086513918635525,0.261334860758713,0.629554932333042
8109,0.029408635710116,0.0863116672317509,0.261905240576974,0.677023884329779
8110,0.0293679326480146,0.0870160978291529,0.250274939704126,0.604650594655461
8111,0.0293334659100536,0.0867290682712286,0.254282320761086,0.666933309866792
8112,0.0294232405187863,0.0860697675891739,0.256418680672333,0.663224271494588
8113,0.0294012613008659,0.0866846169457157,0.25676630808169,0.69453810364158
8114,0.0294138713148526,0.0861239933273871,0.252872883454466,0.641210158592194
8115,0.029390299506195,0.0868325321943325,0.245589215562353,0.660327601805198
8116,0.0294847096558924,0.0876780180991451,0.258699886033553,0.65762319338331
8117,0.0294317828587949,0.0866322537649118,0.250518913255859,0.624595929008326
8118,0.0294695578554427,0.0863581366423082,0.253686537744656,0.661020549441872
8119,0.0293770034109712,0.08612851556359,0.256237611183763,0.660690770918807
8120,0.0293603643628972,0.0859831133662582,0.256435313587295,0.701310180648495
8121,0.029439692725675,0.0864308616204768,0.246827729326135,0.650833546885421
8122,0.0294111724288224,0.0870734852802964,0.25904181529851,0.66552738621382
8123,0.0294196347235623,0.0869666873200184,0.251696265817564,0.644249671546019
8124,0.029408991449645,0.086658936420467,0.257060133364635,0.653483551745685
8125,0.0294605312858365,0.0877446097461176,0.257486690281855,0.631764779583906
8126,0.0293278386013384,0.0872197639118887,0.256002251461626,0.652465943152693
8127,0.029385308801799,0.0866185648941064,0.251516911867718,0.683314747950665
8128,0.0294423604168704,0.0870665463047543,0.252753012113865,0.668742604595179
8129,0.0293954633751914,0.0866636950772159,0.257368803068403,0.697532294802575
8130,0.0293360399602848,0.0866669243155988,0.254040930978219,0.644404442669963
8131,0.0294819285671654,0.086409510557437,0.247964469402828,0.630608121239452
8132,0.0294510010279014,0.0863681284736258,0.250925725612519,0.65222950581375
8133,0.0293505895527412,0.086900134213059,0.255943654852721,0.649690257251462
8134,0.0293940297444037,0.0860454845006631,0.254799720815445,0.627708534781467
8135,0.029351504227972,0.0860857613177008,0.249885019087667,0.653430601679164
8136,0.02928994744298,0.0866309312526665,0.255434009446147,0.685713333769222
8137,0.0293933338646187,0.0866135816075392,0.256889668164564,0.649907465019979
8138,0.0294537013127677,0.0860458367250722,0.252344702233662,0.639559574008847
8139,0.0293125759337826,0.0859995980267384,0.255431125418306,0.655171055266222
8140,0.0294659037999065,0.0866618217319126,0.254409889293947,0.640087625584277
8141,0.0293316585184117,0.0862232768462849,0.257596447285242,0.690071719457479
8142,0.029419923317947,0.0863528110659058,0.247640823594949,0.633436698561959
8143,0.0294191004633908,0.0872995759293452,0.26040656678286,0.727613634828613
8144,0.0293286125286319,0.0869944251627699,0.255170871765581,0.667233799055619
8145,0.0293876908451838,0.0863836732482732,0.243877454616532,0.635547920047829
8146,0.0293889561144162,0.0871077510339793,0.254828709133255,0.650447344129079
8147,0.0294301952654171,0.0866329451685762,0.255229017018591,0.657815817936783
8148,0.029385005577298,0.0866025993035052,0.259373210054117,0.707533913425904
8149,0.0294000896578728,0.0863170407334394,0.249698464389199,0.664330008503292
8150,0.0293810065227109,0.0860978854845386,0.253128422426485,0.677823286737269
8151,0.0293646940096829,0.0867428663714387,0.248603391682125,0.661662814290945
8152,0.0294050121327653,0.0870222137623026,0.25627884238438,0.667112827994594
8153,0.029386509579972,0.0866168698239495,0.254345569172535,0.70353119958195
8154,0.0294187273493004,0.0868358450226879,0.252576403856069,0.65061418380723
8155,0.0294623547663574,0.0864469001943491,0.253614249627199,0.662777338957918
8156,0.0293755487299665,0.0859293103627662,0.254808516761323,0.686543019935014
8157,0.0293834216043263,0.086557305680329,0.253176023502411,0.633960152101131
8158,0.0293736918598995,0.0859417178600281,0.247370395091119,0.644288051679874
8159,0.0293606077920179,0.0873767735948184,0.255249249312681,0.668972567331012
8160,0.0293855425950349,0.08668248873231,0.258208390449083,0.717089631348001
8161,0.0293418635543989,0.0867853732083023,0.249098220339548,0.617975206128272
8162,0.029460597183072,0.0875726255942314,0.257075860773138,0.654936858608703
8163,0.0292732515557675,0.0859830511584232,0.254321029632848,0.698009084479941
8164,0.0294821490343508,0.0879681313175991,0.253851877459886,0.706054525102877
8165,0.029420669140032,0.0865808072505163,0.247927261212274,0.619523012040872
8166,0.029381885997414,0.0869850905397599,0.251650071681361,0.60199472905728
8167,0.0294469615639616,0.0868038995101172,0.259337723377806,0.651708972137334
8168,0.0294916790752267,0.0865811707497666,0.258714176651779,0.684280782648738
8169,0.0294111758460142,0.0868269985961814,0.260319406080103,0.642256604880909
8170,0.0294386830457014,0.0873268345547916,0.266213302783109,0.641232054440035
8171,0.0293620446622874,0.0870042590668832,0.260063911591529,0.660126126564424
8172,0.0294270282438515,0.0871706250320838,0.251526663874213,0.672813157100813
8173,0.0294740317300365,0.0875397088796505,0.257013772811485,0.662221436294422
8174,0.0294159979808866,0.087275735850805,0.258731950044174,0.640557592579694
8175,0.0294350058728278,0.0859050728742411,0.256093846597145,0.676607134594303
8176,0.0294349194363298,0.0862109527082075,0.2467928963094,0.693799900345263
8177,0.0293725087644015,0.0866944560318632,0.257323272926534,0.622319688818402
8178,0.0294290088991998,0.0867041683626582,0.258199023330371,0.655762739379969
8179,0.0293695106608918,0.0866312444912788,0.258084362735414,0.680406837451229
8180,0.0294229532220484,0.0872016023029303,0.257300317332748,0.689033347819552
8181,0.0293579265433481,0.0867057257489397,0.257492900451221,0.677418349298215
8182,0.029347962223917,0.0862658696534333,0.244249246237102,0.671218035119286
8183,0.0293620327847803,0.0857178444314362,0.24993763533883,0.670438531975649
8184,0.0293942094890008,0.0866755493956701,0.251718832791484,0.666601053580738
8185,0.0292871675275101,0.0866419854407849,0.255762218025501,0.651130924221102
8186,0.0294331925793328,0.0869605071239369,0.255664913496889,0.692097306462175
8187,0.0293999983354235,0.0870878344128356,0.261022023823056,0.692599272459679
8188,0.0293506329344725,0.0872009053874891,0.251192523899086,0.622437540011928
8189,0.0294936380214879,0.0872708114013782,0.255298195237936,0.681404208897712
8190,0.0293816946098509,0.0871233449616272,0.252355484008123,0.646467765225005
8191,0.029368129805227,0.0864726787121822,0.251777640844952,0.645420468091813
8192,0.0292762990892199,0.086086799685496,0.254668424250181,0.647059063578193
8193,0.0293765596944877,0.0856279656688133,0.251655851560828,0.633556866868991
8194,0.0293923668805177,0.0860646707970076,0.255998657344238,0.662434983443383
8195,0.0294106894040118,0.0878136724138876,0.257223847520982,0.666493870488021
8196,0.0294445259906509,0.0866930392507675,0.256207264691676,0.660685804819136
8197,0.0294036371609219,0.0875297601483862,0.255670363671792,0.678315374601523
8198,0.0294344942602864,0.0867779199141785,0.256234919967251,0.670171280856775
8199,0.0294504075341003,0.0874949505539767,0.25398828891315,0.655175789856674
8200,0.0292504976115597,0.0860162809085779,0.246480864171246,0.651253557141877
8201,0.0293624309023146,0.0867587699897021,0.253858280224414,0.635226136208661
8202,0.0294323360235481,0.0872248882020854,0.261246033980956,0.710069940354742
8203,0.0294116028334972,0.0868841361428376,0.256686697910364,0.673428294477153
8204,0.0293609523231968,0.0866922854239556,0.252590106491125,0.64526137101031
8205,0.0294320366981711,0.0864316012304309,0.259144383096375,0.707979385713377
8206,0.0293410117281317,0.0869150779754566,0.251986912957998,0.641357325125651
8207,0.0293754711188297,0.0874456737027741,0.250171576923947,0.634260969714721
8208,0.0294087330360566,0.0864126280424657,0.246278312519148,0.639565253339218
8209,0.0294374821350396,0.086294548617966,0.248787124862879,0.668241266217855
8210,0.0293714382696616,0.0865842964193837,0.252537600259823,0.638925377151405
8211,0.0293108117041309,0.0869487083618851,0.259362706149934,0.675061686318744
8212,0.0294496505211545,0.0861117851291945,0.250939950753142,0.68026753624955
8213,0.0293689451670747,0.0861622001518404,0.249325612198472,0.663074786542871
8214,0.0293807479883556,0.0862235075236296,0.256312434892891,0.641738673628243
8215,0.0294991112518201,0.0862920388588971,0.24976647338325,0.646055116993269
8216,0.029389439254187,0.0868425573689899,0.250907724967461,0.639158293068942
8217,0.0294282461885246,0.0869920076104483,0.256024966314928,0.629553193324994
8218,0.0294400509025733,0.0864011257778785,0.248168801673881,0.704917062311377
8219,0.0293572553065369,0.0859169754168476,0.252457899159547,0.641432141717191
8220,0.029423704727404,0.0870685356923599,0.257071561790933,0.645931898346224
8221,0.029345293020421,0.0865643298670501,0.253280420412084,0.666493386021299
8222,0.0294426007628721,0.0868246236636175,0.253916647423414,0.679266079902933
8223,0.0294303213457898,0.086744640024177,0.256729634126997,0.649617108820664
8224,0.0295407612408077,0.0864831435666538,0.252397590766373,0.636562685122054
8225,0.029452575484665,0.0867462560815661,0.259093284231706,0.659577816108735
8226,0.0294161300867931,0.0865307778380954,0.254110901296983,0.649117056217
8227,0.0293988517720498,0.0858917574619846,0.250262715042917,0.614391938468293
8228,0.0294168663860675,0.0870981927640315,0.257769199786571,0.688746650626365
8229,0.0293849316005543,0.0863241158942365,0.255606732134705,0.633007047498476
8230,0.0294821031038093,0.0868643067971155,0.25216823771168,0.629851085156364
8231,0.0293074301572479,0.086259107319137,0.25539651703917,0.642648845049544
8232,0.0293519502181686,0.0857904828505343,0.250523106234066,0.631320544633122
8233,0.0293559855839642,0.0865293322893389,0.256554552105784,0.665415797775861
8234,0.0293570687136977,0.0868009394788858,0.252279961168169,0.632960574667943
8235,0.0294549722080678,0.0874304814734542,0.253177937958495,0.628286367076919
8236,0.0294511076830282,0.0860813497293769,0.256885392260695,0.655074015244942
8237,0.0294265367008781,0.0872590277492899,0.259279758588055,0.6826771545979
8238,0.0294167693745137,0.0865306958168989,0.253897204395829,0.660013045914171
8239,0.0294161718739497,0.0864502573689176,0.255790705317118,0.641462490920953
8240,0.0294402539289315,0.0866849343873751,0.254385721039489,0.696212770250405
8241,0.029341667228711,0.0861730264873083,0.260199564684169,0.66464522647033
8242,0.0293113537154829,0.08613306881863,0.256527485624611,0.659010409513872
8243,0.0294030894704271,0.0869104703942061,0.252888885856905,0.656166526932657
8244,0.029436449552664,0.0863714342524216,0.252628427309789,0.677730528944663
8245,0.0293709744819845,0.0868121567895487,0.254768824605207,0.618056517256134
8246,0.0294152669812781,0.0871949117947322,0.252849156962839,0.658576141565047
8247,0.0294230010778173,0.086789941303959,0.256099502468023,0.700971927708648
8248,0.0294296232614919,0.0862545983001482,0.260517820927785,0.682633906505961
8249,0.0293619752627435,0.0865715104148936,0.249960171432012,0.614793221899347
8250,0.0293421402393249,0.0867491813843924,0.257577379550885,0.660370731223246
8251,0.0294900332327759,0.0867219231215538,0.259718356315337,0.682628107867217
8252,0.0293293498184667,0.0875482162865468,0.256836632168747,0.612550673132116
8253,0.02933824598802,0.0858879429889248,0.254227536053588,0.674801070350935
8254,0.0295028830976345,0.0875808536989225,0.258794847392842,0.630444754528154
8255,0.0294111519253086,0.0865743553289016,0.261929527677411,0.651467679727714
8256,0.0293625975520174,0.0867702186215321,0.255238408989884,0.634006344470676
8257,0.0294190095905533,0.0860235118037824,0.248383430188213,0.627552676416788
8258,0.0294414881484677,0.0866891891739024,0.25845808820931,0.635729156314408
8259,0.0293717901993829,0.0861285988887248,0.250314929322537,0.65574157086993
8260,0.029430293393282,0.0860338885524406,0.25035036295525,0.639032432070438
8261,0.0294327852469415,0.0872892845406077,0.256693531978259,0.676950403320951
8262,0.0293360826384051,0.0856667383695585,0.260764150993825,0.666084646887191
8263,0.0294367771127358,0.0867655097697404,0.25447312557573,0.674462068627319
8264,0.0293746628144579,0.0860620238941558,0.25021036911102,0.649477250946065
8265,0.0293098786348668,0.086382158236571,0.248366799323508,0.613774635925854
8266,0.0294071761257299,0.0870598991554374,0.255172985508774,0.686341427412306
8267,0.0294280730286472,0.0865290158353666,0.25151411389203,0.665431873740058
8268,0.0294317963842388,0.0876620078486224,0.2555910308286,0.648579672319893
8269,0.0294732388047357,0.0865267308379716,0.251724404995654,0.646142112911685
8270,0.029391708842178,0.0866645074873839,0.252804762330322,0.670515861122676
8271,0.0294208465685998,0.0868718450688402,0.252477617915096,0.640358372303375
8272,0.029519429944767,0.086601687907461,0.252307294031451,0.639230085853718
8273,0.0295270492996495,0.0869453546057857,0.255212704681545,0.673346514528187
8274,0.0293948407653369,0.0868543959072697,0.255150806797183,0.685468636192943
8275,0.0293621227625407,0.0864846837441335,0.247287072555848,0.661283649540654
8276,0.029438667435589,0.0868447678563413,0.249156725179274,0.661857743674886
8277,0.0293076273369748,0.0864145540910023,0.24889900555767,0.639359998877982
8278,0.0294749296100709,0.0871799291701668,0.251034757547489,0.677996413802575
8279,0.0293914115813691,0.086997980011158,0.257411132687057,0.645651330256715
8280,0.0294589934801975,0.086823307727608,0.25234496017481,0.659540777118174
8281,0.0293051156407463,0.0861289795352697,0.24898538762934,0.674613132370942
8282,0.0294316990119533,0.0858895858608516,0.247422844372469,0.616479329809548
8283,0.0293708646348841,0.0860935403364278,0.255239488260291,0.666309327829097
8284,0.0293743502635516,0.0871178168286319,0.254800122986399,0.64897518954112
8285,0.029441293897768,0.0877124833290092,0.261098757902624,0.707167223178435
8286,0.029333879403565,0.0868899374633925,0.259198016794881,0.665905512591828
8287,0.029440786557083,0.0867411599963243,0.25799528829532,0.687610675782213
8288,0.0293131080737514,0.0863975191268278,0.253461503130237,0.652976503131318
8289,0.0293382107853792,0.085941301750413,0.254115479810898,0.685420415561672
8290,0.0293753346953204,0.0868162346008454,0.259848301446955,0.651962393844703
8291,0.0294076262558782,0.0864862981179642,0.258003912131432,0.683237103072443
8292,0.02938949261549,0.0873765223041834,0.254517922703398,0.701554419800574
8293,0.0294338159726656,0.086220787857813,0.25519710060079,0.652166447405301
8294,0.02950664982655,0.0863276581172612,0.254329642373059,0.6495566150597
8295,0.029508131048662,0.0865891784806414,0.260590298633667,0.649380527777962
8296,0.0293123594869099,0.0862542114169624,0.255287679251039,0.676419767694162
8297,0.0293468452913894,0.086844970103999,0.254592249862286,0.646383868030109
8298,0.0294497848792177,0.0860620794258382,0.249440955258833,0.643944923230208
8299,0.0294012428480876,0.0863423575263063,0.253779655279991,0.616287910939922
8300,0.0293723265960347,0.0869980596034557,0.250904883992945,0.657873413814355
8301,0.0293915556322967,0.0859091466146321,0.252993376795992,0.650903600587077
8302,0.0293733446016185,0.0871033939129139,0.257776345781981,0.653559329834054
8303,0.0293288584995829,0.0867036466893053,0.24909239900017,0.63305037266381
8304,0.0293892044584096,0.0863876309451766,0.248903160185169,0.656773905400144
8305,0.0294772902125948,0.0860212648458756,0.255314573402879,0.658015302451916
8306,0.0293994479744867,0.0863474628628358,0.254535303544222,0.669469658672996
8307,0.029472566912797,0.0869823493483586,0.254328443330502,0.681424798444219
8308,0.029395627158937,0.0871405386500783,0.259957739501487,0.667584546892814
8309,0.0293539075612736,0.0866220825644315,0.253899857751745,0.681165387910236
8310,0.0294178693396799,0.0871593303608392,0.26070700238129,0.637499405197443
8311,0.0294066347261087,0.0862598353058985,0.258372276389227,0.687038112806593
8312,0.0293778767056348,0.0865922388002052,0.247561956304697,0.667024378947346
8313,0.0294649479109507,0.0872707160825898,0.256245672404236,0.649324105695112
8314,0.0293227672118883,0.0857893468083462,0.244841863821524,0.647681649532142
8315,0.0293764678445056,0.0856558640653366,0.257432079312209,0.659896422232703
8316,0.0294078545784878,0.086670711790565,0.262019226255829,0.671139950174999
8317,0.0293689532620529,0.0860892103967789,0.257406372523203,0.674401115351289
8318,0.0294569828330983,0.0870533600990024,0.249204939996747,0.652277791283095
8319,0.0294331864081553,0.0866321483529126,0.258683615448513,0.684812272318854
8320,0.0293008889923631,0.0866833024372214,0.251652672922419,0.68766443819966
8321,0.0293634122039612,0.086017161160655,0.243371969058378,0.611777917052069
8322,0.0293134983366966,0.0864864553635591,0.254462587072523,0.64879265766313
8323,0.0293997659299566,0.0873467887248252,0.251429514545241,0.657905163835096
8324,0.0293820894638841,0.0862829662932032,0.253758441769313,0.682372398457431
8325,0.0293005560908036,0.0870680169576585,0.248669662056955,0.683515968163161
8326,0.0294239565713671,0.0868567810249517,0.264556623862877,0.671135824324991
8327,0.0295216905105897,0.0871246771521484,0.247360609311109,0.665408852865507
8328,0.0293370436741554,0.0861465409530912,0.251446697554248,0.664448481838187
8329,0.0293013380590231,0.0861359133861949,0.251640628437034,0.641511144747195
8330,0.0294447082622554,0.0868445409302078,0.260278981051414,0.663073756279513
8331,0.0294049234429843,0.0868883636531223,0.257617575670506,0.662529408831845
8332,0.0294098071018454,0.0870773104403029,0.256763320115439,0.651626800457411
8333,0.029438658937951,0.0869685941070763,0.262553374637453,0.677924145551279
8334,0.0293710000585257,0.0863357052165717,0.25121965354902,0.638948011409178
8335,0.0293486680080828,0.0862729945099703,0.246844934488788,0.659924782966876
8336,0.0294635303911516,0.0863182875704577,0.255519702300221,0.64983060698866
8337,0.0293518485921454,0.0863955453035418,0.249764737239229,0.626071844884859
8338,0.0294434944912718,0.0867946717862737,0.25449713015203,0.672027609221774
8339,0.0293608151944839,0.0867396749969033,0.255114279097199,0.669462439042662
8340,0.0293382386427417,0.086635947204384,0.25613728261724,0.661266939147007
8341,0.0293522620582415,0.0866992888043546,0.256554584419569,0.667685475652689
8342,0.0294650275148486,0.0872545562406875,0.259671440435124,0.688178238138769
8343,0.0293593365774356,0.0868336010481687,0.258173102707431,0.647186022381342
8344,0.0293779400167939,0.0865251819311633,0.254507422692486,0.662944920703537
8345,0.0294154924096313,0.086832633930009,0.258123922575684,0.682645483404114
8346,0.0293855385208819,0.0857316203082391,0.254979223424889,0.655918356185616
8347,0.0293393038517381,0.0868486333480823,0.25332257318388,0.658880866037733
8348,0.0294287942167744,0.0873677858989793,0.256591333943982,0.661320608284314
8349,0.0293355696548608,0.086787065885537,0.263308722956676,0.632279918330662
8350,0.0294062663914558,0.0866007054886462,0.253820387038608,0.69511693218675
8351,0.0294584564974172,0.0869867457195003,0.256055105949625,0.663709882066988
8352,0.0294232932956343,0.0875497791699,0.254835865658145,0.631968287392833
8353,0.029330847827802,0.086376632340219,0.253870315606901,0.648375003433455
8354,0.0293492512594504,0.086633696455926,0.256299689126268,0.648822782595115
8355,0.0293479868407046,0.0870858567225144,0.249072692236838,0.648523350378097
8356,0.0293883590995662,0.0868644623528973,0.249192261521391,0.620114901308978
8357,0.0293954051605581,0.087235992844713,0.256505281358983,0.664940815328453
8358,0.0294186489935577,0.0867094550514778,0.25464817729501,0.658174621709
8359,0.0293962712638763,0.0860363679696305,0.259152625557881,0.646692372253624
8360,0.0294856563993361,0.0864250487619254,0.256648974245002,0.669028638711996
8361,0.0293969060221515,0.0866046158185979,0.256122528765308,0.630301739373436
8362,0.0293974686550468,0.085828466327931,0.251164218226226,0.664669951532031
8363,0.0293943890827814,0.0863067052396544,0.254414702093432,0.676678374099579
8364,0.0293939130657513,0.0868773876025713,0.257691002467718,0.679281578320852
8365,0.029402727080065,0.0866203958492334,0.254845807956919,0.633632137781142
8366,0.0293908230633513,0.0859671341577367,0.252424741728235,0.685907173056626
8367,0.0294496955914365,0.086988929549935,0.24955289132039,0.640573354271162
8368,0.0293408443854323,0.08665930546678,0.249491098538279,0.687442955714646
8369,0.0293477844521275,0.0864754484356765,0.25452563677255,0.662911233824072
8370,0.0294414914325341,0.0865711737760459,0.254242233338858,0.700867910099742
8371,0.0293169168844283,0.0869476772850869,0.259851317309182,0.664809971631928
8372,0.0293618164566776,0.0866013560184998,0.250285632349017,0.642965836905539
8373,0.0293099431699249,0.086890198070046,0.250260612527814,0.661205706635805
8374,0.0293817270977964,0.0864731330271285,0.250507086673358,0.685234361938319
8375,0.0293996453390198,0.0867609901274136,0.252180318174583,0.623453534839345
8376,0.0294563390149727,0.087042021123074,0.255195034095347,0.651531552147464
8377,0.0293800629780948,0.0868293525484176,0.25262954741239,0.654514443021257
8378,0.0294383300042169,0.0868192033661566,0.256118320468166,0.649076766756297
8379,0.0293767503663479,0.0874196554471305,0.25769379537774,0.647561286016223
8380,0.029382372094167,0.0860910389180962,0.254918615066301,0.652428670402272
8381,0.029260579826345,0.0859284136649896,0.245014068444025,0.63325514201365
8382,0.0294766589615684,0.0866853040597319,0.255283935910709,0.681792143417653
8383,0.0294197513263033,0.0862064685972209,0.25618922210668,0.664040567514405
8384,0.0294028995240711,0.0869897660057327,0.262918263868444,0.712431015213127
8385,0.0293771093089606,0.0868218949257563,0.253528807281789,0.647444786208228
8386,0.0293835737506287,0.0867783497807397,0.257566743053142,0.647447357337178
8387,0.0293455382521839,0.0860852281479349,0.255685166905579,0.642507731129837
8388,0.029376020895013,0.0861085106829021,0.248642225561811,0.659293894774223
8389,0.0294696978107729,0.086718485357586,0.254712958793482,0.672185124486527
8390,0.0293516508903112,0.0869268142478436,0.250269693742268,0.649502227831783
8391,0.0293114690189809,0.0870170879264089,0.253126493697049,0.604597290709344
8392,0.029392155398363,0.0866286678793939,0.257061024743057,0.684540742836897
8393,0.0293703627489426,0.0870414405615724,0.249650712154047,0.65926385002201
8394,0.0293319121584986,0.0864561156827741,0.260887133730407,0.712484916863475
8395,0.0293782444894929,0.0872619508712857,0.259252520020092,0.66653488008804
8396,0.0293795307921243,0.0871471120360684,0.264313517874415,0.736140817795055
8397,0.029391876163953,0.0867146796189884,0.253207040603956,0.65321034119165
8398,0.029341397770038,0.0865845943417325,0.258268740553111,0.646822635410365
8399,0.0294214714995374,0.0863211748987992,0.254037473303994,0.689743983850511
8400,0.0294720876485213,0.0870492316088213,0.259256706893367,0.637364878739689
8401,0.0294788722304628,0.0864541732750764,0.255743945344616,0.652821437048502
8402,0.0293709469123549,0.0863961599426803,0.253914526255609,0.655979449456867
8403,0.0293354111380018,0.0862527925306996,0.257922206493157,0.675064366032105
8404,0.0293719255758564,0.0864504662443536,0.257644174986614,0.684379173719609
8405,0.029423020614096,0.0867611360391248,0.25063284591353,0.688364957190357
8406,0.029444658167487,0.0875138063305673,0.25802190780558,0.698073321097941
8407,0.0293765696558458,0.0872132800576456,0.257762569586656,0.674367990345516
8408,0.0294645544936488,0.0868670595460016,0.250450833457506,0.677230096625834
8409,0.029468831921667,0.0866914971831612,0.259730237323012,0.642199296115718
8410,0.0294165750345771,0.0873620490618998,0.255746321092677,0.620287482985915
8411,0.0295030496359016,0.0872083547982012,0.258727418110334,0.672000478331398
8412,0.0293857846763159,0.0862942435501242,0.255952346869742,0.686018713331657
8413,0.0294474555830319,0.0861585737418346,0.251861735551218,0.656442145993371
8414,0.0294667386789152,0.0868779004605967,0.257798786856589,0.649381655120171
8415,0.0293121282559125,0.0864675801505808,0.253743891380223,0.645623003522582
8416,0.0294409847302595,0.0869490384708918,0.247835895271098,0.697573479115806
8417,0.0293537945507152,0.0860165415426392,0.255569521519428,0.644039601530657
8418,0.02934784526395,0.0862155021518577,0.249943418362077,0.672710818959631
8419,0.0293884431743356,0.0876857470541984,0.257169292620737,0.691910231880644
8420,0.0293053237891595,0.0859022995867002,0.258665323085591,0.664421112355245
8421,0.0293087421189223,0.0863215132483132,0.254146546287836,0.673762615121746
8422,0.0293764275255624,0.0861162594633425,0.252636445350694,0.655967672441414
8423,0.0293926114126109,0.0866636592341679,0.256660663816856,0.689487218853231
8424,0.029447969142569,0.087619285197323,0.258449133759738,0.640370618917101
8425,0.0294771735870092,0.0861010143343723,0.253947836770131,0.635735982995343
8426,0.0293903064017958,0.0873962139076326,0.258755445866911,0.682223103747335
8427,0.0294064325533465,0.0865573348901232,0.249879332129199,0.66425816852623
8428,0.0294825428358691,0.0867562715919411,0.260645424563335,0.661130868737531
8429,0.0293942315941424,0.0878223269509707,0.258049138601445,0.635079090599791
8430,0.0293736945399861,0.0862983174193854,0.259862632040324,0.640734400075508
8431,0.0293357017510278,0.0863820725888587,0.253370090555996,0.639681066696945
8432,0.029402678827188,0.0864750866613425,0.253219270378297,0.639621427299611
8433,0.02939573991142,0.0870512576051644,0.260009909706629,0.714981386951506
8434,0.0293298697564832,0.086826165780871,0.257506326659388,0.645045806385925
8435,0.0293544471805757,0.086563021607882,0.25026071797354,0.675384120267332
8436,0.0294283525800801,0.0862568343619511,0.250566140867184,0.703479507459151
8437,0.0292964945969715,0.0865532997331308,0.261501959259613,0.682105034237097
8438,0.029392905842976,0.0859713219007603,0.257824319254613,0.677157517358641
8439,0.0294151835152606,0.0862215211615083,0.252411007855109,0.634335328410998
8440,0.0294154652375403,0.086025655685119,0.250818196496294,0.657282737795785
8441,0.0293675388379731,0.0869581205473547,0.250395607521862,0.659018328706742
8442,0.029318952295822,0.0871698603410787,0.260014511248038,0.675497821332337
8443,0.0293762344613376,0.0867288360684383,0.258748969761247,0.654310002833245
8444,0.0293977505498623,0.0867209928147325,0.25116340954126,0.656545454614865
8445,0.029397469554768,0.0869378402860163,0.25824486046335,0.67085381957577
8446,0.0293993398232948,0.0865523166934283,0.249121356953508,0.664799486609568
8447,0.0293954352465406,0.0870531421188998,0.256699395029194,0.608473943739679
8448,0.0293429579867441,0.0874114650440758,0.256819420429413,0.685474270651206
8449,0.0293584942152602,0.0867652340377138,0.251601128027759,0.632961793655206
8450,0.0293730764963757,0.0863182222790421,0.250612957751769,0.678013687176017
8451,0.0292834310966734,0.0869434697037757,0.255323767546019,0.670302589345223
8452,0.0293533502135628,0.0862248176318197,0.250809646505273,0.657796507933581
8453,0.0294904473650696,0.0874006714857122,0.253601456565285,0.695792082890441
8454,0.029411119603791,0.0873446791770392,0.256162465978424,0.672274841908289
8455,0.0294194904064023,0.0874334449244872,0.258727075606912,0.682420368786947
8456,0.0293452924549844,0.0859524393775412,0.251432889922949,0.634968136792549
8457,0.0293548401725795,0.0871578997103142,0.254757974145269,0.627872375249116
8458,0.0294579500626351,0.0859985926617944,0.247547553215166,0.667275904918603
8459,0.0294121919645642,0.0868500179190339,0.246921087815351,0.660584167443635
8460,0.0293471388150309,0.0865899176540364,0.250113437610178,0.667687009023633
8461,0.0293520976300568,0.0863128374324307,0.253646701780783,0.658361642860103
8462,0.0294152262669467,0.0866540434557664,0.257482845037369,0.661437710202494
8463,0.029327180704047,0.0859837634812757,0.252824004795305,0.667392565115272
8464,0.0293532569783499,0.086825774780883,0.251332655438729,0.634377260500818
8465,0.0294184892600048,0.0868314599244091,0.253677568045819,0.678616519880775
8466,0.0293793129158116,0.0862784964205608,0.261898326746934,0.678525502784429
8467,0.029420580346297,0.0867721998047914,0.255308052268049,0.68265244031754
8468,0.0294807459596244,0.0862350811949337,0.256724401572722,0.667250465890347
8469,0.029389211363742,0.0860032105710665,0.252747062961676,0.649282923096596
8470,0.0294213570110967,0.0864411245540141,0.253457099691179,0.669065860634861
8471,0.0293649163067954,0.0865819892580945,0.254621314879817,0.680752607334212
8472,0.0293698681914833,0.0865578304784437,0.259282594346855,0.636517227550292
8473,0.0294181618511629,0.0864019556425884,0.24512139243541,0.642113781260616
8474,0.0294171643216704,0.0873771265916328,0.250427223589978,0.653546568246989
8475,0.0294409764030704,0.0865804190626571,0.257533814578519,0.656617794218186
8476,0.0293919662605434,0.0863408842431597,0.250916060052431,0.643066698765495
8477,0.0293857486901588,0.0869419733083171,0.247166742672619,0.674366205477377
8478,0.0293972410327984,0.0868761562664206,0.256674210304288,0.726155572213535
8479,0.0294113336305676,0.0867663107713949,0.25571442961725,0.638506538122701
8480,0.0294525816593816,0.0871894502681655,0.254833915851103,0.669232300864759
8481,0.029456917340286,0.0864222618502637,0.245549719172423,0.649869798751195
8482,0.0294261683281744,0.085664579679362,0.255932737811032,0.667447446341225
8483,0.0293749544471612,0.0866325310204722,0.25450176846805,0.642169371577341
8484,0.029434123803226,0.0864868199959168,0.262261892176545,0.692905275928441
8485,0.0293591600035399,0.0864862526138269,0.255610143779449,0.663909381104812
8486,0.0293828811522983,0.0865977975101901,0.255172415017824,0.651999897096727
8487,0.0293707182858695,0.0863305871622682,0.25403781854178,0.699302105855862
8488,0.0294247030095985,0.0863390465387677,0.253333545141634,0.696713608445355
8489,0.029427197422373,0.0871736796661635,0.254610313459247,0.6270913777102
8490,0.0293701954405787,0.0863411136036819,0.255835848901008,0.64931984024242
8491,0.0294059828458042,0.0864450065104405,0.246832765359815,0.631519093178972
8492,0.0293055246502301,0.086424501922509,0.254504049188275,0.669103893382237
8493,0.0294501823889067,0.0867792839308188,0.256056171626547,0.661781322074586
8494,0.0293610483142646,0.0872136950024724,0.260238352668729,0.660854483134805
8495,0.0293716185479547,0.0865424266576955,0.252539479715977,0.619266006747302
8496,0.0294023747799026,0.0866224738282222,0.250743401418527,0.655657773280339
8497,0.0294480543149158,0.0867992994160158,0.25248092719919,0.665608249517514
8498,0.0293777014563126,0.0865142129510688,0.260323552668655,0.693299600196589
8499,0.0294063771120764,0.0867794403116803,0.251351255525006,0.701437766674106
8500,0.0293741944387747,0.0867757674812408,0.250495941382836,0.646735967410356
8501,0.0293841186005716,0.0858927106301218,0.246792560290518,0.655568132468477
8502,0.0293284160700788,0.0865814378724107,0.259339597077201,0.650087163612264
8503,0.0294080340663035,0.0876844248714364,0.25950389071825,0.643801344360145
8504,0.0294748895397655,0.0862403022316063,0.260595979920026,0.683745490524526
8505,0.02952094555186,0.0871471123184502,0.249917608957944,0.683901643181694
8506,0.0293206000521408,0.0868652065352907,0.252605354978936,0.659568191668469
8507,0.0294364584838583,0.0869526597316579,0.253207102260135,0.64758017625884
8508,0.0294357191131878,0.0863688754296184,0.252665186868939,0.64567254595649
8509,0.0294294694108522,0.0870535102556408,0.252164646714105,0.639520542812225
8510,0.0294311947008663,0.08643184266957,0.246126251735583,0.664973892056573
8511,0.0294375997160646,0.0857363145259705,0.256075153386695,0.687498541534234
8512,0.0293018828409663,0.0859014575162879,0.252278261813797,0.609702069845306
8513,0.0294515099790928,0.0862662720825321,0.258093059084189,0.673602286166271
8514,0.029506627267096,0.0865651488343811,0.256305572372715,0.656558718909742
8515,0.0293872536415097,0.0874458617149676,0.256094442847291,0.669260899135202
8516,0.0294072636204759,0.0868173313261256,0.252923047553839,0.629433753322129
8517,0.0294228442869701,0.087666483921595,0.25570240394665,0.65319217788924
8518,0.0293112920990624,0.0865710863992784,0.254970573149453,0.672959519019992
8519,0.0293078966205591,0.0866434930019644,0.252572010891289,0.638337783307204
8520,0.0293364827287563,0.0866782683250309,0.25481415567126,0.656928603533307
8521,0.029435786546615,0.0869015269675437,0.250596178565424,0.633953277738361
8522,0.0294845132277625,0.0863200093911129,0.249381422276138,0.655129471594068
8523,0.0293322734389627,0.0864616286120389,0.252816059623552,0.649055416427453
8524,0.0294030475767512,0.086431610479925,0.249472101795034,0.621750239227747
8525,0.0293313886836096,0.0874041782858586,0.26059801457707,0.701097022942097
8526,0.0293726736663975,0.0860753727022963,0.25212922075714,0.656999408200964
8527,0.0293484588300901,0.0860599340530105,0.254791368330094,0.627972435389435
8528,0.0294518919944407,0.0873272347270455,0.25922185511499,0.698181150670623
8529,0.0294419465553196,0.0862744821718174,0.252516155733725,0.65055418736229
8530,0.0294500778500335,0.0875593480265525,0.255809196072082,0.683453193571552
8531,0.0294309733494531,0.0862025078964076,0.249444185201542,0.637460032706033
8532,0.0294019103843311,0.0866509542412414,0.254113927380479,0.655112769657564
8533,0.029395118557834,0.0867033558760635,0.255447039612125,0.686117063296991
8534,0.0294229068752899,0.0864892858643957,0.25578892182362,0.662013835081109
8535,0.0294622143894277,0.0873989385963352,0.259192099584129,0.714357840420874
8536,0.029443477472257,0.0871229282231658,0.250127895873505,0.650561149251216
8537,0.0293158881280343,0.0855869851089361,0.253069273482029,0.649355773368963
8538,0.0293560721788189,0.0868257260792281,0.259100498501878,0.669554383330253
8539,0.0294522285405264,0.0869555006609375,0.255377752664676,0.64526645837906
8540,0.0293787793416377,0.0867812188782973,0.255347770231794,0.652210082903389
8541,0.029454913681388,0.0869146300754565,0.255908662162264,0.665905584623924
8542,0.0295333216600806,0.0873519641969189,0.256187456811809,0.682652418855533
8543,0.0293254862152833,0.086378634992161,0.253064705897132,0.641896011601074
8544,0.029332243506375,0.0871611576177303,0.255896963508037,0.629224818188237
8545,0.0293864043748297,0.0862653118060568,0.261709198730252,0.678271330102492
8546,0.0294785808459286,0.0870952801204543,0.255927886286371,0.631606961239003
8547,0.0293230008202264,0.0871391160129516,0.253361797737131,0.663313052890242
8548,0.0293486721630947,0.0864551402993832,0.250151458143363,0.689282008621564
8549,0.0294647552727327,0.0869977146924346,0.257015426801892,0.65626954690456
8550,0.029442157388133,0.087138803383764,0.253771880939775,0.666109542541543
8551,0.0294630640775299,0.087051624200111,0.25156521318801,0.62037285765387
8552,0.0293004244973001,0.0863638655897901,0.247087625442436,0.631730827538649
8553,0.0293979918939036,0.0869497991486342,0.259035505275079,0.663684130848391
8554,0.0294227074137571,0.0866475901760558,0.255894205523464,0.63656379924381
8555,0.0294094285309464,0.0860092939450262,0.249901210811078,0.674961656979939
8556,0.0294267095613401,0.0871058584683832,0.256123988056589,0.674598074348527
8557,0.029447973786656,0.086658133164831,0.254663806224431,0.678606128230498
8558,0.0293934553467215,0.0862435585688707,0.254744010818945,0.683842332290543
8559,0.029337651140402,0.086581278804193,0.252427335175889,0.66489938063268
8560,0.0293200801550091,0.0868097803606999,0.253821543130588,0.65070946985524
8561,0.0293891573029497,0.0869857684857914,0.261993186281636,0.672053814513499
8562,0.0293324032094236,0.0863989657732258,0.251096882407234,0.677948607333317
8563,0.0294246242470987,0.0865318104874592,0.255190607204415,0.627546159441733
8564,0.0293514131935965,0.0876439929026054,0.256205422238281,0.655198975330415
8565,0.029321144508827,0.0870893880669777,0.257315510962782,0.649323195716269
8566,0.0293977050980917,0.086050846081711,0.249470352135817,0.671174177740532
8567,0.029426896531073,0.0866985146566833,0.250203188108392,0.675412884941487
8568,0.029440372281915,0.0866047017260599,0.255628847332907,0.649292404330843
8569,0.0293950649282562,0.0863136065026482,0.256393448580757,0.633798016762174
8570,0.0293486219826518,0.0860227590923377,0.255999048520971,0.63057746247756
8571,0.0294062141037665,0.0868893910073457,0.258276499003776,0.615239098964178
8572,0.0294963436926681,0.0865849051527114,0.255843895202455,0.666826768144474
8573,0.0293310984506592,0.0873979217480206,0.256994763125601,0.656304397675339
8574,0.0294330632444586,0.0866498028874613,0.256738184944035,0.714315533969788
8575,0.0293191954062645,0.087090456476484,0.257360186471885,0.695915603432012
8576,0.0294412838302036,0.0866101567019851,0.25940073116915,0.635224011700572
8577,0.0294491461551352,0.0862411141371678,0.255952637232077,0.681142664798558
8578,0.0293505501643883,0.0861065710497759,0.249274970781579,0.637928876942346
8579,0.0294011730354063,0.0866127412174439,0.252596933817703,0.62773264617224
8580,0.0294588672485346,0.0855636818504595,0.247680791487657,0.652831191979903
8581,0.0294498323875085,0.0866817251761916,0.25673164149549,0.672800314086331
8582,0.0294660769709307,0.0861684066599953,0.254376907514424,0.65673885122265
8583,0.0294568343726052,0.0870738377325205,0.260646157084897,0.650029848332491
8584,0.0293860354384378,0.0868279038162906,0.247403107394501,0.679166922539339
8585,0.0294268329741482,0.0867920995166921,0.255986598162531,0.658502252868358
8586,0.0294340527779152,0.0862248811352438,0.25597662089786,0.67911587218373
8587,0.0293549587595319,0.0863761950203934,0.255191130003089,0.63254522224035
8588,0.0294429647304635,0.0868909860512238,0.25848788079111,0.670040977804056
8589,0.0293728891839465,0.0862424024988246,0.258861671652336,0.685152453669247
8590,0.0293284175804287,0.0865767599356571,0.253691143338665,0.651354920861065
8591,0.0294728783313711,0.0877073869033892,0.261716201307684,0.669200729188556
8592,0.0294316022333327,0.0874002756977967,0.251241775941145,0.627778162092897
8593,0.0292720398091566,0.0858796839858345,0.250924538519751,0.705179346797575
8594,0.0293377339942519,0.0862814978049397,0.25496620339258,0.669133928082162
8595,0.0293330515383631,0.0864134315260137,0.251133795157051,0.620849850364182
8596,0.0294123193917617,0.0869554942174972,0.259299042265274,0.638753896899464
8597,0.0293716166056875,0.0866396847743396,0.246115599175684,0.632299673575082
8598,0.0294681659504048,0.0859007837376028,0.25129560390281,0.647978889666457
8599,0.0293984099929948,0.0859926908818562,0.247499126201202,0.657549665890443
8600,0.0293988572982382,0.0874613323605519,0.250898621120022,0.663096833842837
8601,0.0293926036223373,0.0866400295011521,0.249198551444676,0.64411804933978
8602,0.02948207147536,0.0861376387163466,0.259625145393155,0.649462909922157
8603,0.0293750732002605,0.0868194352442452,0.258637161771956,0.677661223920544
8604,0.0294150841084348,0.0862688657421774,0.252790572694309,0.629554386751833
8605,0.0293954652058202,0.0873222731815529,0.254680221988968,0.682886986236059
8606,0.0294072339179462,0.086367162930701,0.253053496282278,0.631850642272438
8607,0.0293265821670852,0.0867889830363885,0.258148510644421,0.648236019438767
8608,0.0294494762418326,0.0878414851378653,0.253506405443034,0.694634874470678
8609,0.0294262388630447,0.0878518223603107,0.254982056786882,0.685067404115747
8610,0.0293305098794897,0.0864535636141416,0.25631613544572,0.692831402815471
8611,0.0294318970140184,0.0863941018698688,0.248324849245555,0.665613921960258
8612,0.029382116228439,0.0866360768676337,0.25680421051565,0.64329705091714
8613,0.0294767738635866,0.0875066528073328,0.249880266682438,0.683859252129934
8614,0.0294034713600992,0.086776291432736,0.250130095234523,0.622968646372443
8615,0.0294061046592398,0.0865273928576702,0.247896712332253,0.680388413817906
8616,0.0293474835831716,0.0870698452557659,0.252316093880844,0.655079314057246
8617,0.0293913543429959,0.0864685327082318,0.251943841202123,0.646624339424116
8618,0.0294088778088249,0.0867688780197753,0.251522527731076,0.679818758694784
8619,0.0292743373794342,0.0853261790483495,0.250979913471237,0.659454686536117
8620,0.0293977236689354,0.0866951995708667,0.252298157808099,0.644189170587296
8621,0.0294075601125327,0.0869754336904636,0.262288054248784,0.679641555819494
8622,0.0293990067211106,0.0872771058138951,0.248856021507751,0.624656846796278
8623,0.029450296661428,0.0879179062975325,0.26377678377122,0.696935813474868
8624,0.0293537294598264,0.0870660593446909,0.255496667883728,0.648054888261497
8625,0.0294049950895163,0.0870631067729464,0.254117086115871,0.686400256562292
8626,0.0293145552434344,0.0862571516484738,0.251678997481051,0.67134207371748
8627,0.0294062666036126,0.0873052008514317,0.250524327017805,0.678150374761237
8628,0.0293651160378951,0.0865218806835758,0.252746776177781,0.658396886915565
8629,0.0294275615637159,0.086782418302184,0.26142374294085,0.654913039167937
8630,0.029380525179163,0.0867669480692855,0.250556709600633,0.656946708822571
8631,0.029468251094832,0.0871476846780644,0.254932044585422,0.633668905551207
8632,0.0294687717503254,0.0871930132531291,0.255835150460503,0.644486294010275
8633,0.0293928843580735,0.0860878222414689,0.253009145530166,0.659019801822111
8634,0.0293052770747895,0.0868328278659706,0.25143377111683,0.662262201702971
8635,0.0294621580763951,0.0876059467356676,0.256037710453019,0.64872925532747
8636,0.0294354035275831,0.0862323574574147,0.249461985685221,0.623477410819632
8637,0.029348443418921,0.0866431996447458,0.258524452378732,0.663454655998407
8638,0.029321059090231,0.0865784631879284,0.252485080615051,0.640730106375471
8639,0.0293631129155757,0.0868684983924674,0.257761772884738,0.682228152605762
8640,0.0293750686125515,0.0869174786697306,0.249173785775974,0.631434070929911
8641,0.0293431969249199,0.086824285238921,0.252821044863882,0.68755640392346
8642,0.0293208285279767,0.0862087890617659,0.255453004414494,0.690833523110839
8643,0.0293214049212909,0.0871693137774307,0.26324454156742,0.672660773742372
8644,0.0293750902354801,0.0873533620780421,0.256864703525005,0.699875902453537
8645,0.0294543916590172,0.0863444137030949,0.251748131473458,0.637769042773737
8646,0.0294560100570123,0.0869767365272383,0.250370355935644,0.649490305252399
8647,0.0293743578639006,0.0871477735619407,0.253423061009723,0.682209962035069
8648,0.0292813367262746,0.0865128984366475,0.253367938418327,0.651377130803858
8649,0.0293974223737418,0.0868906203489893,0.261855792402374,0.706941775388608
8650,0.0293404403849467,0.0861652948887353,0.254190961501672,0.643150994222838
8651,0.0293322443178487,0.0864494407308587,0.25731639208662,0.640558970779123
8652,0.0294170920861045,0.0871445150217212,0.250846505956672,0.614155677727982
8653,0.0294029063220502,0.085933687170348,0.260537014147573,0.704467880997753
8654,0.0294038551490504,0.0865217638498379,0.250681363267764,0.664387788882358
8655,0.0293977231796055,0.086796106044641,0.249241839908797,0.641912059342568
8656,0.0293927853628643,0.0864955255457024,0.246905277458865,0.656888929888901
8657,0.0294465892514976,0.087305892479515,0.262688885347781,0.687102372415942
8658,0.0293542195813396,0.0860070065593739,0.252043824988115,0.684412957130178
8659,0.029535299566683,0.0864291102678722,0.262663978268024,0.697754469723446
8660,0.0295134323926734,0.0865102534977097,0.254054412186682,0.667582022658122
8661,0.0294123506107102,0.08698379377446,0.259245008159337,0.660980388499979
8662,0.0293405405875186,0.0858677392779693,0.247724800922993,0.643465259366388
8663,0.0293742825201192,0.0867499023173533,0.256816513257158,0.713535540371798
8664,0.0293906471637205,0.0869367555728193,0.260866263784159,0.722888204566291
8665,0.0293722576934623,0.0858288158502413,0.255902881829687,0.689437721308599
8666,0.0293595686645716,0.0864163426094322,0.253287071066495,0.665415855815814
8667,0.0293019396585408,0.0861718943465168,0.250904240830694,0.628578127915219
8668,0.0293774810399968,0.0860798193672122,0.250923911560383,0.643290575953757
8669,0.0293265436585087,0.0869492386335768,0.257719122743372,0.66816915508317
8670,0.0294549810067824,0.0875077530541809,0.258134380359796,0.633312855810076
8671,0.0293827146017367,0.0873884536997645,0.256078798792032,0.645109643009998
8672,0.0293527095317693,0.0862153294094448,0.252598236679389,0.622168345481935
8673,0.0293619711908779,0.0872271271778131,0.254764099492829,0.670404007798728
8674,0.029536236293228,0.0862750489544699,0.253045511411782,0.624141028359174
8675,0.0293291396519826,0.0866363356071483,0.258628653084244,0.667504361803905
8676,0.0294239825330588,0.0869763167716713,0.258599267310748,0.646815453861229
8677,0.0293360124849715,0.0861974537654947,0.258611218383447,0.661752137533752
8678,0.0294713293746644,0.0868558003105175,0.252302170197052,0.684145665756064
8679,0.0294012857349363,0.0865888649168717,0.245275745495326,0.668708331079442
8680,0.0294051822455915,0.0867189362999157,0.250928721632495,0.689775346587425
8681,0.0294229434146974,0.0865225653775018,0.256653626983671,0.644770503610897
8682,0.0294515492245364,0.0868179824439272,0.256521437314436,0.675169113081808
8683,0.0294001204675928,0.0871296924623427,0.25512514305446,0.685603200087017
8684,0.0294116018782414,0.0866002508271853,0.248561966545714,0.610996326925234
8685,0.0293203252080711,0.0862596516090605,0.253898284092691,0.682837465990093
8686,0.0292483953151555,0.0860507943646116,0.253285360573205,0.706041264429507
8687,0.0294019753773249,0.0867760467642827,0.25340497825413,0.640868549980755
8688,0.0292684822866263,0.0867547808641165,0.257147624862389,0.68073317158052
8689,0.0294208267479124,0.0873331860114471,0.256016622957258,0.655777069002873
8690,0.0294233730314006,0.0864183423638747,0.249662427263657,0.655700593008419
8691,0.0293676445831963,0.0862998627455598,0.249849934853526,0.626244715993982
8692,0.0293831465402853,0.0856831584489831,0.251036115630787,0.635989773567334
8693,0.0293353928493311,0.086585371579886,0.255701175222486,0.6365599353914
8694,0.0294122996693814,0.0862445084639516,0.250683296704382,0.672675447714509
8695,0.0294251849321117,0.086974948091677,0.2588386885022,0.633656503898886
8696,0.0294813658696479,0.087073724942697,0.254152629128517,0.700483566935211
8697,0.0294746715882191,0.0876475180183544,0.258102328942358,0.638259541327135
8698,0.0294088412348571,0.0863847182016694,0.256092814536254,0.687308868902215
8699,0.0294161954602176,0.0865100895125223,0.249018464998377,0.65783522755946
8700,0.02937974177131,0.0863815872835877,0.253265865747439,0.626024075935515
8701,0.0294439666512379,0.0868207447393307,0.248025950769357,0.607088132015067
8702,0.0295286148442805,0.0870838621129829,0.251543359097179,0.64691397754052
8703,0.0293686008268802,0.0865616978846068,0.252051564453981,0.647286304910534
8704,0.0294008289531282,0.086182884277495,0.24973821293509,0.624641063658791
8705,0.0294565990923258,0.0880006112089062,0.257257237136972,0.673281926228331
8706,0.0293027354286549,0.0869899669213567,0.250936013876504,0.64050140902673
8707,0.029353571262943,0.0866161500505947,0.257348938299647,0.686311778834174
8708,0.0293897006050574,0.0862465685671667,0.257633466668795,0.665154523147747
8709,0.0293540693103388,0.0865513094495724,0.254469057434097,0.658200128019477
8710,0.0294748799307506,0.0864600302562014,0.252408760600593,0.692032667726008
8711,0.029323763316065,0.0867745384145935,0.250980433089204,0.625763775077211
8712,0.0294762184651747,0.0868132152273902,0.257294153823806,0.688494829679288
8713,0.0294005670118615,0.0866886692681384,0.252638151097229,0.657223615352552
8714,0.0293799145623453,0.0861259413449318,0.255729020481621,0.680485531202056
8715,0.0294386561925081,0.0872584461673261,0.253766642792813,0.664496245758499
8716,0.0294330532691239,0.0869246421327222,0.25888426176612,0.647259537532721
8717,0.0293995709610643,0.0871394408922504,0.253081887211062,0.643290674442341
8718,0.0294929067609239,0.0872368071528766,0.263050139418769,0.685555865408002
8719,0.0293754907866828,0.0868498053351724,0.249077626569815,0.658853527265483
8720,0.0293686846292376,0.0866207607149335,0.253280454065721,0.684597812302401
8721,0.0294040011009341,0.0866851494529711,0.258375180398079,0.658157534598717
8722,0.0294303980822533,0.0871059724452978,0.253851417018116,0.676988864498985
8723,0.0294605543219538,0.0871429865168965,0.256293841472514,0.68374909855163
8724,0.0294027634931642,0.087084082042046,0.252006655262047,0.630123771944068
8725,0.029291873325402,0.0868043398470806,0.248898657116348,0.644327260960905
8726,0.0293567630321061,0.0871686967417071,0.253088341967748,0.67214941866536
8727,0.0293848961453585,0.08637842732799,0.249315449639162,0.655254495604295
8728,0.0292889703942925,0.0867612700266686,0.258719623085486,0.65642293712764
8729,0.0294338500202661,0.0861046025582475,0.252351413754344,0.624615842374909
8730,0.0293679605934401,0.0861939736527751,0.252360041619317,0.664976260278657
8731,0.0294902166917855,0.0866309897876296,0.257456076661198,0.647277269816221
8732,0.02944351370711,0.0865981685803407,0.247142161297093,0.642038012283138
8733,0.0293790250901189,0.0868517483601173,0.25470344772585,0.643777313695598
8734,0.0293871690296075,0.086551756515662,0.252915231957188,0.63890864874015
8735,0.0293889325558525,0.0863712420965411,0.254634421571545,0.6860800926614
8736,0.0293665139529392,0.0873368838615186,0.25919014915556,0.678150713275044
8737,0.0294419886982392,0.086736861413743,0.253236920424618,0.627742792422525
8738,0.0293445217825393,0.0858794504671905,0.25076256352214,0.650538034435319
8739,0.0293421997648681,0.0865539977331995,0.25490455865861,0.66139893137253
8740,0.0294234409232862,0.0871824436069187,0.251738335607715,0.684960173840584
8741,0.0294111927966273,0.0862237052754175,0.256331548400549,0.664105250244984
8742,0.0293666423224008,0.0866909874923018,0.25901111698721,0.624900173123517
8743,0.0293659336788632,0.0869134233935764,0.258832332748906,0.658758457047613
8744,0.029461270906632,0.0875224918457717,0.250889410157005,0.665609493818096
8745,0.0294300370239509,0.0869275497997294,0.250778422367162,0.678076887088911
8746,0.0293346327209716,0.0870907008329946,0.255646382772731,0.659189211818491
8747,0.0294222591163325,0.0872419838543929,0.251314030228062,0.667548796712883
8748,0.0293322707588351,0.0868880467519464,0.257800532324748,0.691719986599294
8749,0.029313924095829,0.0854732166294984,0.248098967621342,0.664266879061852
8750,0.029370467271116,0.086578199525567,0.256479639031291,0.670400942740028
8751,0.0295004146705029,0.0871847849692039,0.250954360565802,0.666630196657186
8752,0.0294285332352374,0.0864612453054922,0.258314050880685,0.657160035883879
8753,0.02946239396683,0.087050139630076,0.253107695979036,0.641206041336431
8754,0.0293272718493761,0.0865147882423847,0.246608311995041,0.655741897981952
8755,0.0293798076198064,0.0859088498743188,0.254840772065111,0.64775083390502
8756,0.0293443344457597,0.0867057539059984,0.253462247846949,0.636636123828609
8757,0.0293412654039202,0.0863160542282,0.253962639854171,0.671901166889729
8758,0.0293113513694657,0.087275649256943,0.247479094030089,0.666499489453465
8759,0.0293890202371537,0.0868746064156429,0.257811952464177,0.684245721053621
8760,0.0294727890625699,0.0865014270836203,0.258790160609134,0.642576708148505
8761,0.0293256929856457,0.0872450977129496,0.252383993573396,0.679550820207667
8762,0.0293505662866991,0.0864766998459207,0.253593735068864,0.626335517918721
8763,0.0293767327965359,0.0861872038055401,0.253492140113411,0.636962029321404
8764,0.0294246607397724,0.0866693805199302,0.252275502461975,0.670232569524531
8765,0.029332132755785,0.0855799764606025,0.246691800565186,0.666303483789588
8766,0.0293290270818603,0.0870362512294461,0.261624582160747,0.661912969251455
8767,0.029442861557832,0.0867732989682758,0.257982989941098,0.637367249294013
8768,0.0294160473342337,0.0869398531903388,0.250623762133158,0.663954035477822
8769,0.0293946479285235,0.0868040138302074,0.249207864573307,0.667656167878774
8770,0.0292759615482315,0.085925090719016,0.25107585966672,0.654011505661103
8771,0.0294478161699918,0.0868562769737711,0.256962147070688,0.65495540476697
8772,0.0293524404177835,0.086885814369689,0.256215269386027,0.651818128153557
8773,0.0293533147889715,0.0866014881459309,0.252064949473249,0.672977393716597
8774,0.0294048756552334,0.0865447411104169,0.255776153868522,0.648683490894875
8775,0.0293470803336014,0.0865438444436111,0.251651065225663,0.649229235447308
8776,0.0293934073101341,0.0873331696358539,0.259927267642093,0.662280038503451
8777,0.0293742204664458,0.0869853892878458,0.25349114560245,0.669050663901838
8778,0.0293920925561182,0.0858616909796389,0.249320808244237,0.632265910825021
8779,0.0293407797366267,0.0861662512683698,0.247080556575253,0.615424978521654
8780,0.02935300914428,0.0861266505818699,0.253893845037027,0.689048199034439
8781,0.0293312791825735,0.0863924881172067,0.250382371211168,0.666778310657327
8782,0.0294014618235164,0.0864581349215129,0.252975896528495,0.666076208196633
8783,0.0294430741541551,0.0862543094322803,0.24869767924937,0.664247486943435
8784,0.0293606629328993,0.085984598609967,0.253161803101177,0.678761759661326
8785,0.0294329946205325,0.0873848322297001,0.260781673463065,0.686243963460399
8786,0.0293770935823735,0.0857581354750185,0.254456628586111,0.649537170846798
8787,0.029357607436359,0.0875630595621615,0.256906567914823,0.68541032961363
8788,0.029219186371421,0.0862673295695975,0.250901749336115,0.63119927154859
8789,0.0293427281065821,0.0859183923877007,0.248748568223388,0.625300909844625
8790,0.0294232414661897,0.086661914723504,0.253192218151291,0.691183976640719
8791,0.0293846152534572,0.0864598994833568,0.251858288500773,0.66916863316181
8792,0.0294917962887796,0.0868472156734445,0.253480148240616,0.653612212687108
8793,0.0293157291146885,0.0858894717248449,0.2504761391749,0.608217609665771
8794,0.0295115623927849,0.0872400470148598,0.261008666601729,0.638034376384968
8795,0.0292957230286279,0.0861360475889369,0.252957877853662,0.630837549556626
8796,0.0294688588532581,0.0871101346437883,0.258259045358634,0.633203165269122
8797,0.0293995376037526,0.087178675271541,0.25457275687986,0.685477492382939
8798,0.0293996154164036,0.0859785400628115,0.248940068356977,0.629302620205098
8799,0.0293582033302311,0.0860146321637595,0.252243462769854,0.651062100804205
8800,0.0293445137605508,0.0863872975025744,0.25553555307591,0.681784234327731
8801,0.0294708523533695,0.086616104594379,0.257815058953148,0.668105762595783
8802,0.029353235809615,0.0857546363416326,0.249826719345505,0.653578901228832
8803,0.0293981926932151,0.0862349859491169,0.249476818543802,0.638801143513485
8804,0.0293151131360571,0.0857999386695567,0.25060352034589,0.630105358606996
8805,0.0293542162729919,0.0866374816807024,0.257369546407381,0.658115087761449
8806,0.0294083270710993,0.0873943392747406,0.257410550580415,0.646757519197835
8807,0.029417207097297,0.0865361138275319,0.258656045597666,0.664226094031935
8808,0.0294457119408534,0.086194202888229,0.255285286086026,0.673291353917831
8809,0.0293119477126375,0.0869623046507715,0.261802800113863,0.6683999600948
8810,0.0294355398843022,0.0866434989308586,0.251559879462782,0.654918368771507
8811,0.0294788340220131,0.0871435832153954,0.259563662949273,0.635302843865786
8812,0.0293807181986386,0.0861210616484432,0.251416253096731,0.641428087116779
8813,0.0293007975802513,0.0877276282147429,0.252224588372843,0.689538159510497
8814,0.0294071195247155,0.0857930789042544,0.245601719165132,0.631183262049337
8815,0.0293761281342812,0.0866178883408877,0.259586568337832,0.649613670639115
8816,0.0293863542856382,0.0873190376708033,0.256925042605986,0.700609341838815
8817,0.0294702724442881,0.0866031306451671,0.260858069401084,0.656115129360046
8818,0.0294051158761995,0.0865731330586862,0.251749719880088,0.650845002809687
8819,0.0293650879519455,0.0858516347405197,0.253924227377727,0.680866723010262
8820,0.0294321471017639,0.0866885180385238,0.255473512869565,0.6481133034361
8821,0.0294109489659371,0.0864574473643641,0.247896388848703,0.617319348425238
8822,0.0293538378010511,0.0866554128914712,0.248198640145221,0.625753247826862
8823,0.029410415508737,0.0875522482334398,0.251436562588904,0.632251801842732
8824,0.029392226223114,0.086806108411909,0.255960687519091,0.68535009768415
8825,0.0292950181105216,0.086196214076237,0.254063791624138,0.616062731202588
8826,0.0294248016048555,0.086985332654304,0.255102113365294,0.690845207085982
8827,0.0294462502031085,0.0877277375167577,0.252958809509361,0.646930196366279
8828,0.0293741211509422,0.0858443928676489,0.253612397584279,0.649221643330178
8829,0.0294439639228371,0.0863651306424234,0.254688755206013,0.638377013953486
8830,0.0293788517915907,0.0866992026307454,0.25849613429518,0.606563996968591
8831,0.0292931883281937,0.0868805461999126,0.255943807897371,0.629868512761018
8832,0.0294357617143034,0.0873362693143404,0.253611196164967,0.64291621988622
8833,0.0294851995508332,0.0870180832925781,0.251768361726884,0.669973212385959
8834,0.0294679140733698,0.0863400004798821,0.252947067589034,0.654369891158508
8835,0.029396904392979,0.0870505856487716,0.252431266527604,0.635398141626143
8836,0.0294762628637354,0.0865789745106995,0.251966845581203,0.612961410720351
8837,0.0294691842657473,0.0874511895226689,0.253382391862365,0.654250791265568
8838,0.0295106520245634,0.0870244145365754,0.251286707677597,0.638051217221582
8839,0.0295218080789303,0.0870851202404876,0.255703484785696,0.69755096567581
8840,0.0294340875336692,0.0863480153870718,0.25170224610563,0.617730597916838
8841,0.0294097849224302,0.0866185049023687,0.25359364226789,0.640447951085476
8842,0.0293587193536484,0.086579457704742,0.253883093688451,0.640209135241387
8843,0.0293715130572628,0.0869291751160877,0.257160256494392,0.623131199662878
8844,0.0293641241859881,0.0871420220630815,0.252656596618288,0.677500588606354
8845,0.0293500149270359,0.0865442772764496,0.257910040104433,0.662149133205128
8846,0.029327417579718,0.0868312640213452,0.247363891588632,0.648911084564728
8847,0.0293851634736695,0.0867125930033523,0.250631601650084,0.656851183674074
8848,0.0293153017940901,0.0863684816630833,0.248229633314932,0.668698608109451
8849,0.029308321115909,0.0863310891524543,0.25689702102488,0.687587367104225
8850,0.0294869688171858,0.0867596878723415,0.252143133994489,0.67108801511924
8851,0.0293163364899431,0.0863062120807754,0.252526066027341,0.679393364095071
8852,0.0293143932223524,0.0856868459340528,0.254006978573456,0.648896380836927
8853,0.0293861710271754,0.0866879959434394,0.258641682618641,0.688304391868736
8854,0.0295313748835306,0.0864654572727643,0.249041226427769,0.635499426409856
8855,0.0293842993403298,0.0869094610278516,0.255037351979438,0.645147245322842
8856,0.0294354746209439,0.086247009336849,0.246150835556819,0.634715232383453
8857,0.0292910449495585,0.0854066373216884,0.252182729951933,0.630807143107747
8858,0.0294589133458165,0.0868547539197877,0.252077630566283,0.658638039423184
8859,0.0295002414246358,0.0874984126679098,0.257560694506875,0.679146414969834
8860,0.029294248091545,0.0869498104674157,0.255709587680023,0.656328375007813
8861,0.0293927813107296,0.0862152663176665,0.250038937062334,0.671721972331468
8862,0.0294067462322907,0.0865839534403536,0.259358624833251,0.649898368982788
8863,0.0293900187809426,0.0867354634883852,0.250799096558251,0.619908580682989
8864,0.0294208680268599,0.087133695228858,0.252558685320766,0.675014531322125
8865,0.0293364303203626,0.0864311423574489,0.25069077041631,0.667378803899082
8866,0.029331150682782,0.0863713470184723,0.249082785336177,0.662585989969373
8867,0.0295006726464259,0.0876847904072394,0.25124712083895,0.637810994925634
8868,0.0294650547930073,0.0870066342977204,0.252610816388753,0.67967755914972
8869,0.0294799880518505,0.0867680628765615,0.252725506888466,0.658370936362262
8870,0.0293444784482966,0.086770205735944,0.259924192132861,0.669277216127539
8871,0.0293815308967609,0.0861679077358411,0.254375437574656,0.650820708435101
8872,0.0293650835327976,0.0871346718009728,0.255902154254912,0.653167902363216
8873,0.0293403009285248,0.0865141527753871,0.25931906899118,0.679192037941509
8874,0.0294643004899368,0.0863478216076507,0.253103630222623,0.620626849936668
8875,0.0293881282500229,0.0867658264023455,0.257749340466769,0.646339594321203
8876,0.0294992807829774,0.0867736123044989,0.252926280611342,0.695151622839982
8877,0.0294495728533455,0.0868617074891766,0.254187247496386,0.655738550469697
8878,0.0293706307062948,0.0858139369360442,0.253635273207249,0.616718930433266
8879,0.0293879990829517,0.0872278059734682,0.253937329002987,0.667229541435735
8880,0.0294099305516828,0.0866228798970799,0.257019500662498,0.703849542176913
8881,0.0294357147916964,0.087207581309766,0.262716786911456,0.685947199735419
8882,0.0294698881261398,0.0871308733568356,0.255233755197053,0.667956483603091
8883,0.0294258590050889,0.0873598932001769,0.25171368964537,0.643866672606419
8884,0.0294825308631265,0.0867068648502876,0.248640456262075,0.650845240367108
8885,0.0294492342480137,0.0858307278416615,0.252209748711345,0.641502944426946
8886,0.029461020657948,0.086321388694315,0.254633773142113,0.629099901521146
8887,0.0294071689081763,0.0867351949136934,0.254500880776514,0.651989922450237
8888,0.029449133265405,0.0872632916929243,0.248417127638197,0.661926630612332
8889,0.0294445543719993,0.0870180465705664,0.253371988636856,0.641276070462951
8890,0.0294140019527109,0.0866597235735265,0.251037133961408,0.657350120821369
8891,0.0294653150816871,0.0877681370526148,0.258968586160792,0.686553991834695
8892,0.0293637026306122,0.0875958474960862,0.26195507313905,0.691769443295342
8893,0.0293766327408581,0.0865284859197626,0.257094386455266,0.621258387669602
8894,0.0294319003871079,0.0874601298438332,0.252982326054382,0.683680085948762
8895,0.0294599158968334,0.0869253474048019,0.256837723530816,0.643654332151445
8896,0.0293716699631742,0.0868520063089895,0.254266066930001,0.671856694791931
8897,0.0294741934515473,0.0858502122954789,0.249786494317612,0.621396479843077
8898,0.0292609925735723,0.0863116379537052,0.246509279783008,0.624412352640616
8899,0.0293859349984258,0.0867110776326279,0.257928137063467,0.697554835895962
8900,0.0293926550025988,0.0870623629872223,0.251760585977668,0.664580230835622
8901,0.0292778040364385,0.0857963175540052,0.260862343030513,0.687758434906586
8902,0.0293832254373934,0.0870076066966994,0.262785379924496,0.632656332816619
8903,0.0293587603489435,0.0864399508164916,0.262302680460934,0.696788820977785
8904,0.0294506160854698,0.0874101919268128,0.2545081816001,0.648204829419901
8905,0.0293657768378857,0.0864103787719308,0.249478905670682,0.651953526126214
8906,0.0294180788698632,0.0868314659136972,0.252933407452705,0.681107306249049
8907,0.0293423247146076,0.0857680403757212,0.247644279246826,0.640901828775352
8908,0.029437798108197,0.0868451205054649,0.257324300070946,0.697421466923099
8909,0.0294229520665308,0.0863656689774198,0.252485855676068,0.65258245634324
8910,0.0294536902576358,0.0863973836455256,0.252544478978423,0.626210388129763
8911,0.0293463936345467,0.0859610146377473,0.260116706533859,0.637855633591854
8912,0.0294278562736544,0.0867593371773196,0.261185328225739,0.710016530310297
8913,0.0294346200728059,0.0873820810402094,0.261235737073076,0.693242915764973
8914,0.0293958609284691,0.0868845211131134,0.258151149385723,0.669688458705855
8915,0.0293987256379319,0.0865683218500388,0.250868330613336,0.682489734818349
8916,0.0293658866858546,0.0877270392154368,0.258389630510413,0.686907389477295
8917,0.0293856796019576,0.0862852562444489,0.25437056940769,0.640664718501377
8918,0.0293993664400526,0.0874692698814354,0.257647400858866,0.663568923762015
8919,0.0293912082683931,0.0862648392635116,0.258698052268506,0.639429990269265
8920,0.029455411520034,0.0857812065323671,0.250358601795828,0.638028109089216
8921,0.0293877701420722,0.0864179856634193,0.257679108562832,0.683885583883325
8922,0.0294030531549615,0.0868604650600265,0.254047863818362,0.646649638091544
8923,0.0293986611854046,0.0864951122521374,0.25528205989784,0.651205883193048
8924,0.0293202927891634,0.0867120441703096,0.255749558165309,0.649843458927373
8925,0.0294195233113242,0.0867778131383947,0.251757524510665,0.653097039215105
8926,0.0293061155158183,0.0867364242802691,0.257006035143209,0.645972622948666
8927,0.0293756074712005,0.086730293030278,0.256334238529624,0.671679887317941
8928,0.029419135214734,0.0867601954910284,0.253442191111207,0.679716088693905
8929,0.0293668601125966,0.0864521887728651,0.252125224260154,0.666483815740705
8930,0.0293922485546734,0.0865131292629359,0.254620956566847,0.656072904000901
8931,0.0293545217317538,0.0863642800499559,0.262446607564599,0.693044762137888
8932,0.0293782634419232,0.0867671256858595,0.250731161334332,0.656218607092171
8933,0.0293658026332782,0.0877319907317698,0.261521042733402,0.710695420082593
8934,0.0294341732458595,0.08699705815736,0.252880141920909,0.681878519552221
8935,0.029404964858843,0.0860374318284537,0.257070657760578,0.658507506027337
8936,0.0293669720079899,0.0871099944802838,0.255459245974308,0.660007677350321
8937,0.0293472025256596,0.0867936861730314,0.254487269164925,0.649076589969976
8938,0.029429649898031,0.0866977526019626,0.249006950033098,0.63983837871248
8939,0.0294530819540675,0.0862016726444627,0.251125858139976,0.665940567774259
8940,0.0294561766506714,0.0875184286041381,0.25707547858474,0.676260032426064
8941,0.0294140627810374,0.0864558900868368,0.254286537192345,0.660154667583376
8942,0.0293667570491915,0.0866320666569007,0.253561304100522,0.661847026120004
8943,0.0293509519391672,0.0861620510057432,0.252376067120446,0.618794254814821
8944,0.0293141542118949,0.0862019946178891,0.260387955548169,0.707513135146714
8945,0.0293901487157579,0.0869431357843057,0.257961423648963,0.631143943864662
8946,0.0294091860019863,0.0872629788609842,0.246915197981465,0.641277620817927
8947,0.0293445343841369,0.0858463263018776,0.248806638537553,0.612445034630612
8948,0.0293527494773801,0.0864978247698003,0.257225820625397,0.679918271117262
8949,0.0293689433812371,0.0866707269225836,0.254684321094784,0.671559649726058
8950,0.0294308440140881,0.0870244375847302,0.256652402281084,0.71816408470344
8951,0.0293726802336079,0.086669532757205,0.250279356413577,0.617279374528871
8952,0.0294578679677434,0.0860948366680032,0.255676930759938,0.638960338145655
8953,0.0293137224996231,0.0869925907239836,0.256685042277691,0.692298854785672
8954,0.0293739775617057,0.0863938476951421,0.254421909386924,0.651443855273012
8955,0.0294132089060344,0.0870355132393972,0.252897593551642,0.661711358503886
8956,0.0293190789749552,0.0859955124477253,0.253451543327965,0.66839411700535
8957,0.0293442519237719,0.0865812340727496,0.246741314691041,0.652541440368343
8958,0.0294067875159268,0.0860850744860902,0.260868343736334,0.674364527895186
8959,0.0293872351713014,0.0868388856793228,0.25406137333906,0.64634723692646
8960,0.0294008341784285,0.0873570002212785,0.261086958036198,0.673756874325433
8961,0.0293643870631855,0.0873672742490334,0.252039791126858,0.660360272101425
8962,0.0293572507869136,0.0859364062650223,0.252786830924901,0.654493254213163
8963,0.0293343095832644,0.0859171983687393,0.246212344879706,0.670665484184155
8964,0.0294408466666871,0.0864188305299937,0.257211951346573,0.677095702780548
8965,0.0294182237844213,0.0863121267162602,0.256438462634497,0.631265951889009
8966,0.0293315568403014,0.0859768506315914,0.24699591579882,0.664993541635756
8967,0.0292714692854659,0.0870140917077001,0.253492764709293,0.641275030545212
8968,0.0293556502937784,0.0861201089428929,0.25903113438798,0.680697967812791
8969,0.0293256497909581,0.0863900373990766,0.255103685829621,0.69288354180942
8970,0.0294400046341252,0.086754490527999,0.256572350646322,0.667019816467131
8971,0.0293048251257743,0.0862103683959618,0.25465840975063,0.694260968922799
8972,0.0294379011657726,0.08735033676094,0.249766119834769,0.657942806528795
8973,0.0293828264411536,0.0867977761366053,0.25777416210542,0.675075877066372
8974,0.0294702514535992,0.0866140105411571,0.253247215739502,0.661001005619496
8975,0.0293587189297131,0.0866832211599153,0.25593863971718,0.640763430138148
8976,0.0293113153322386,0.085735529738918,0.25374292741883,0.66847817468004
8977,0.0293495150009278,0.0862275052869433,0.249320759870822,0.683396868406573
8978,0.0294240302425609,0.0863986166354904,0.251619991822669,0.635270526379508
8979,0.0294583904902144,0.0855689887113074,0.25132174289879,0.646152698662457
8980,0.0293923613865327,0.0869711873433614,0.259847259680035,0.685170030337431
8981,0.0293472396139556,0.087501429276306,0.260498638661594,0.685710606275328
8982,0.0293316052174837,0.0870242052646817,0.253093094006021,0.641910673139141
8983,0.0294503350503302,0.0866247990954296,0.249699955278397,0.608631066238434
8984,0.0294034624960538,0.0858622084838963,0.247533478493926,0.633318527422777
8985,0.0293709601104864,0.087018267616308,0.247738328775748,0.620644801659549
8986,0.029421957604369,0.0868527972285398,0.2472808351431,0.64326108369138
8987,0.0293439136800696,0.0864626006823715,0.255731051749778,0.672577843719852
8988,0.0294111678168509,0.0868266252681523,0.257661410965244,0.697758541654179
8989,0.0293942520493222,0.0863089239353545,0.25457192905408,0.647643887428518
8990,0.0294663276835344,0.0864767741552497,0.255374589285444,0.642637193652886
8991,0.0294301808457967,0.0869737762264462,0.250976348863821,0.629187040245111
8992,0.0294818723397792,0.0863959092339524,0.25580022345973,0.652496486198586
8993,0.0294639104631161,0.087394481240675,0.257399718433809,0.706918855940633
8994,0.0294329786824549,0.0872775665043042,0.257315801686425,0.679714637256041
8995,0.0294837944392983,0.0869374233597066,0.251231868785553,0.631194388288155
8996,0.0293672108672073,0.0860224638865259,0.249134278106836,0.674226925270082
8997,0.0293629867670833,0.0865273472457457,0.253777150862205,0.661462663593169
8998,0.0294481838923849,0.087265684521361,0.253346608483913,0.638542622957876
8999,0.0294054930843516,0.0865401583366837,0.251382096469123,0.665540289260118
9000,0.029413788640222,0.0860336513376655,0.252125553655123,0.635694794326485
9001,0.029486953239249,0.0855436919091863,0.246451547164315,0.663669337696549
9002,0.0293162758342308,0.0863267571900878,0.252070245460133,0.648316976973203
9003,0.029294150009193,0.0864744350457332,0.251726541912251,0.664888584808379
9004,0.0294945034119041,0.0870027314131165,0.257719958597408,0.674419221083001
9005,0.029426792508959,0.0864840459079063,0.257064323141122,0.679449648284821
9006,0.0294391999298238,0.0876149298096071,0.260276175025707,0.66201757019204
9007,0.029382112952163,0.0861795901459792,0.251996999199801,0.672665987722989
9008,0.0293659036022798,0.0870072709366785,0.255963772471467,0.64858441972078
9009,0.0293390302162989,0.0860132631762713,0.256138014557219,0.665618143126242
9010,0.0293039321508403,0.0863632984549414,0.252908706036326,0.676608379605302
9011,0.0293725403984225,0.0868325672548316,0.249682884523477,0.676991053660396
9012,0.0292880735365695,0.0858353873444384,0.254436948657089,0.653906334078752
9013,0.0293791216334414,0.086568869353594,0.25337185234783,0.658901977517551
9014,0.0294157254121645,0.0877261454126264,0.252206815232145,0.670872015608793
9015,0.0294505842337798,0.0867109704209258,0.251263135225172,0.683688238058578
9016,0.0294109559235654,0.0870042603460416,0.256123531321324,0.661736215518394
9017,0.0293593296822267,0.0864402736330564,0.253026110924968,0.67606806362068
9018,0.0293099741514697,0.0868568393445858,0.249732514805948,0.681234060742433
9019,0.0293990218913022,0.0859414313956513,0.24912181783007,0.602547140492508
9020,0.0294041564928093,0.0865718724357786,0.252609594258755,0.67772804411154
9021,0.0293958810688543,0.0870884023145577,0.257062786997075,0.703267213750492
9022,0.029459812152326,0.0869969289013596,0.263185646462961,0.677468857352497
9023,0.0294506958864144,0.0869369666009692,0.251215680383821,0.616436144076845
9024,0.0293229234691052,0.0855174667985842,0.255223009994232,0.649356131782082
9025,0.0293844094564527,0.0867062506187961,0.253800889225061,0.631663567402773
9026,0.0294394406737509,0.0857876264594665,0.24908222610863,0.666272832368533
9027,0.0294212169270102,0.086310502118156,0.248699755423474,0.625380446967236
9028,0.0294353926160426,0.0871753356229708,0.254099565868432,0.643142931178214
9029,0.0293779658233617,0.0868625421359128,0.24752618808229,0.609797676144807
9030,0.0292933780627614,0.0864714589876173,0.258242307388685,0.66857212663696
9031,0.0293588766452952,0.086392234439298,0.251036325949271,0.697590765163611
9032,0.0294661211131767,0.0862565077796558,0.252582803509939,0.682170882826243
9033,0.0293356378788006,0.0858600122958591,0.253780282160919,0.690014255284092
9034,0.0294075646292535,0.0872845777840105,0.251097525899464,0.643576091100359
9035,0.0293712446998054,0.0858333320057458,0.252829981772768,0.663977370206521
9036,0.0294234149600515,0.0860107121347163,0.248418656289622,0.648338210809848
9037,0.0294631492676081,0.0869975973466134,0.252679769854587,0.661783448181829
9038,0.0294392876626149,0.0860236492102728,0.254901664334902,0.653996960556741
9039,0.0294288165393836,0.0867583513687927,0.257048766027603,0.696013316933111
9040,0.0293293042115256,0.0870712514897829,0.259366137742016,0.682989719118536
9041,0.0294548004228299,0.086875699733838,0.254261887769549,0.659651685451971
9042,0.0293170229064748,0.0865166748519808,0.25316891913247,0.65809288101795
9043,0.0293887141513904,0.0869462968723305,0.257874860383864,0.650404269949973
9044,0.0293837265510659,0.085943781233682,0.250073999476146,0.64650144317561
9045,0.0293920997418012,0.0867311342419758,0.255380453666168,0.650462211287734
9046,0.0293448755071343,0.0870443288415909,0.247800496468709,0.62447089641748
9047,0.0294101325375416,0.0861925738661733,0.257981900156719,0.683171297153543
9048,0.0294025544811867,0.0865095930872778,0.251868443904992,0.669718168733196
9049,0.0293135106030324,0.0860283450486028,0.251501310494466,0.66259706287831
9050,0.0293947152775429,0.0862236873013456,0.251823389958323,0.644749392238144
9051,0.0294546803170476,0.0868339382749053,0.253932741168336,0.643176383343894
9052,0.029448690008505,0.0862562892806316,0.254048117046002,0.62779048680987
9053,0.0294106879201462,0.0874288120587409,0.250423830958019,0.630982009065
9054,0.029455660685691,0.0869610952769508,0.256090248538728,0.637056810607775
9055,0.0294299056248314,0.086191404115783,0.259525692176943,0.662567180370908
9056,0.0294502274731434,0.0863904812397784,0.250627621800319,0.667397927949098
9057,0.0294701375927152,0.0860486962696516,0.254430261972515,0.656032986458747
9058,0.0293607164857532,0.0874384369793997,0.253836985685071,0.664160216444728
9059,0.029402238160948,0.0861871992281076,0.252000078708495,0.642905883974121
9060,0.0294746687506792,0.0876596034431299,0.25242588825441,0.649444899801383
9061,0.0294220883945688,0.086915663335623,0.25318453173122,0.673160007279456
9062,0.0294435385548066,0.0866965338817613,0.249445593531896,0.679264414741859
9063,0.0294451598013481,0.0862271203792392,0.254788001943431,0.631466705714529
9064,0.0294692601841374,0.0869009919351086,0.260259735908905,0.656190508919057
9065,0.0293097736651136,0.0866198111544782,0.258532272641243,0.667819860904348
9066,0.0293515433751522,0.0861807416147748,0.250496617931072,0.644252625527687
9067,0.0293478656838699,0.0866991308883764,0.254904066784731,0.621071217140445
9068,0.029407514125263,0.086024138937918,0.247792346365038,0.647386706422038
9069,0.0292972475577917,0.0864136291435062,0.248847873379539,0.617576959107491
9070,0.0294351547677392,0.0872554211057387,0.257068993597091,0.673645602630715
9071,0.0294689376770022,0.0866767967221612,0.248016667658021,0.661638426849056
9072,0.0293571030656798,0.0860567134870699,0.248622639757713,0.649082298924032
9073,0.0294799158275116,0.0872133088080493,0.255002780668783,0.654560598138891
9074,0.0294506553201271,0.0863344923314846,0.249318725862504,0.66236552380141
9075,0.0293819054185479,0.0865216342087418,0.255974535774148,0.668812570447981
9076,0.0293293298066978,0.0867983660996795,0.255467428126167,0.644915104028782
9077,0.029302305070805,0.0863690504666171,0.25961598680511,0.695948820523625
9078,0.0293766087420178,0.0865977469442773,0.258150128177809,0.659564964828151
9079,0.0294173637491979,0.0872311508196705,0.250266819883577,0.712378751538874
9080,0.0294149953685862,0.0865115148949737,0.257741888991559,0.68118994042557
9081,0.0294432156606927,0.0866982854460953,0.25540517118177,0.618739669942755
9082,0.0293591310429747,0.0864904654607569,0.253738648862211,0.637833555528033
9083,0.0293256799132178,0.0867611821965155,0.255534294777569,0.671606627302627
9084,0.0293385506125904,0.0868336091721518,0.253578936661856,0.654355446495148
9085,0.0293742223106361,0.0869993813084372,0.256764908882734,0.650321721011843
9086,0.0293817225399613,0.0861163407205189,0.250795383102724,0.681584129742686
9087,0.0293575336219803,0.0876069372216261,0.25426399926712,0.639103433548089
9088,0.0293744495404827,0.0868121394316725,0.249742525260297,0.654998660063092
9089,0.0293049786856088,0.0864678315043147,0.251006813357657,0.664526374484215
9090,0.0293272420772894,0.0868392926258855,0.25687284186054,0.664886690209791
9091,0.0294162545752764,0.086694715203634,0.250780151994894,0.650892397793231
9092,0.029390036777025,0.0864559955125504,0.254404198203076,0.657887587822994
9093,0.0293872988466292,0.0861098910843429,0.254133836269409,0.625613125991786
9094,0.0294469309200099,0.086527393925915,0.250736268815703,0.672468259049932
9095,0.0294005576490625,0.0854672277454207,0.247725076574364,0.619722635421465
9096,0.0294569105639063,0.0866206087189447,0.255326506985053,0.650374794480994
9097,0.0293250966512604,0.0862500005176463,0.24709181817075,0.663404612392715
9098,0.029380817995143,0.0873566303720385,0.254849419565779,0.645706978221665
9099,0.0293731443039013,0.0864398278601045,0.251901362564254,0.660923614854863
9100,0.0294009374964602,0.0869451933711616,0.252550288907667,0.688602003168022
9101,0.029285163899715,0.086050701468939,0.250214864374525,0.639181395531265
9102,0.029354606011306,0.0864322526889136,0.254516620976724,0.678402259484111
9103,0.0292999255096426,0.0858319172452454,0.25435831236587,0.661910187497519
9104,0.0294470692838357,0.0867629824143918,0.256905593875432,0.654555125367457
9105,0.0294193482890889,0.0864817140576113,0.25025760584116,0.632315151258887
9106,0.0294293578409509,0.0867339366794589,0.257380340358133,0.688266248169404
9107,0.0294285476468442,0.0858307221729332,0.250795094211128,0.668577151978369
9108,0.0293457634302293,0.0858110917708466,0.254500459910876,0.670050885758451
9109,0.0293899521896115,0.0866165173042433,0.246956831928171,0.667371701031349
9110,0.0293380558526529,0.0861354171572236,0.254953248198814,0.677209695204759
9111,0.029337708433842,0.0873409845323768,0.260874490445023,0.691364380923853
9112,0.0293410938156859,0.0866274846384188,0.253600632670111,0.646739339414239
9113,0.0294981538815586,0.085993074051237,0.249832193436758,0.631375531974884
9114,0.0293768797184498,0.0866492164571824,0.255326345621785,0.658126538034064
9115,0.0294609337795906,0.0871793065359014,0.253159281877508,0.664686344958204
9116,0.029398481835059,0.0875517906388533,0.259608562628563,0.66276700286118
9117,0.0293669578289776,0.0866410624879085,0.249731948611253,0.664948937586337
9118,0.0294292110808401,0.08669350666255,0.25966791558356,0.637698673052666
9119,0.0293325150204935,0.0862774217560756,0.253454650113989,0.642296212854417
9120,0.0294725273376302,0.0863747000704965,0.250952720823474,0.667694937204466
9121,0.0293419262105326,0.0863795092301895,0.255219629034781,0.670524142672986
9122,0.0294015646949726,0.087148720086423,0.258864011309834,0.656498315198489
9123,0.0293344812102797,0.0860956628811818,0.252485713585334,0.702739017360696
9124,0.0293821223696107,0.086330895411519,0.250738869253206,0.659039450549596
9125,0.0294288571561173,0.0868283789393706,0.255630443024914,0.667892341616069
9126,0.0293993300910958,0.0865596484435407,0.252140128484025,0.661944531696613
9127,0.0293328987500894,0.086850823764398,0.249768858294638,0.667270165195591
9128,0.0292925947384508,0.0861432706021935,0.257559572913555,0.633375081610437
9129,0.0294415922795715,0.087088987414505,0.251620695378973,0.635691575110024
9130,0.0293537433184362,0.0864342038585271,0.255130391137799,0.670651687018834
9131,0.0293478083899428,0.0864698912829978,0.254789950555085,0.661970652822989
9132,0.0293272997696832,0.0864433710766322,0.249567398398573,0.67971695013151
9133,0.029415444947161,0.0869502670809674,0.255878740960245,0.670514379145764
9134,0.0294362912541533,0.0873041886983637,0.255702642128428,0.641901696095907
9135,0.0294136617347983,0.0860967991576474,0.247772791346854,0.64252402768202
9136,0.0293793275837454,0.0866527734684611,0.253412784180523,0.643707248474638
9137,0.029345083531233,0.0868492798338541,0.253432821460353,0.65716122418911
9138,0.0293945132602653,0.0857693993929331,0.256544484667058,0.6612166923137
9139,0.0293801611049237,0.0864813083594561,0.251012559384504,0.682637822070818
9140,0.029377041134243,0.086519228010367,0.253492797350927,0.715977821808715
9141,0.0294750349469937,0.0868806912057873,0.252942629223711,0.639050152312446
9142,0.0294741757278899,0.0866432791097847,0.257343361740201,0.684848892715539
9143,0.0294803783194132,0.0876388080011812,0.25789521527379,0.67271405529645
9144,0.0293924340524833,0.0862539216631455,0.256599477710595,0.648204347253646
9145,0.0294251647588615,0.0872918623345518,0.256879381998251,0.678152627529947
9146,0.0293961702766317,0.086647825328563,0.249388638669637,0.667266267310613
9147,0.0293744925561298,0.0871425196375395,0.251410171808387,0.664644086269959
9148,0.0294295036461099,0.087850964496143,0.252653079400895,0.66457283607662
9149,0.0293742776742865,0.0869602223236256,0.250540826341886,0.69292547057744
9150,0.0293414853749259,0.0862883599470601,0.255570446697811,0.673811361637514
9151,0.0293362864773958,0.086350114148279,0.25500203345956,0.672190908312609
9152,0.0294044216603912,0.0862106370123243,0.248304431405825,0.639852433076224
9153,0.0293376656872177,0.0862059856978979,0.253927617812407,0.633696056734177
9154,0.0293157577806752,0.0864892519958756,0.250866151899222,0.673495114411253
9155,0.0293691902130276,0.0863855312185404,0.255418525642878,0.661460303861167
9156,0.0294403843975011,0.0871526129785526,0.255994572841044,0.629754850667329
9157,0.0293804867771496,0.0873093843748729,0.252510223648049,0.678612321974854
9158,0.0294071404726123,0.0870979332224714,0.252644084523362,0.641539704985266
9159,0.0292336568146114,0.0864012703046089,0.256909877108836,0.68687725778378
9160,0.0294329921984287,0.0865897659327682,0.26134985254475,0.695620311510096
9161,0.0294449244290344,0.0865888178034533,0.251802922123517,0.670316532686061
9162,0.0292945904655185,0.0872135707898703,0.251225607058942,0.682167877194361
9163,0.0293564522914156,0.0871844539632269,0.25472026414624,0.649667791933619
9164,0.0294093816077109,0.0870969929593447,0.254867423307523,0.632433772779287
9165,0.0293449785743804,0.0865345323677097,0.250798389604701,0.661503382225243
9166,0.0293692878304743,0.0869525929404235,0.253048320308791,0.668281777172512
9167,0.0294337120152223,0.0870856875260684,0.253700604688236,0.627309238506845
9168,0.0293906282824429,0.0862180625092611,0.248006677716959,0.676025118515576
9169,0.0294353128132859,0.0859670595735822,0.252741789995522,0.678580389489052
9170,0.029421763391231,0.0863046843559124,0.260284318995411,0.668734111863692
9171,0.029476353940694,0.0866540803205517,0.254694951171891,0.637146384979369
9172,0.0293331060052065,0.0870028948595234,0.253797264272182,0.625690381977375
9173,0.029459119847593,0.0875379576210692,0.262595405671848,0.665794103368712
9174,0.0294056960806301,0.0874169744117799,0.260796887214149,0.677122797841193
9175,0.0293832960280411,0.0867556898408953,0.252141312673942,0.681807965291517
9176,0.0294720990765024,0.0858294799606721,0.258811395314399,0.683315311141518
9177,0.0295570331565748,0.0872697281455193,0.259726354590216,0.662601919918144
9178,0.0294818741952191,0.0862321036111252,0.254745857509904,0.629896368898884
9179,0.0294322097581271,0.0863767494134782,0.256662915550554,0.629256191070952
9180,0.0294450656957054,0.0864973893389566,0.252322629027847,0.646106294572869
9181,0.0294260296597257,0.086405180078399,0.253685340583244,0.674788602140023
9182,0.0293660881805917,0.0865210922714932,0.252830360348457,0.636900784408825
9183,0.0293525542806767,0.0860562546803552,0.248586904197646,0.638473915499735
9184,0.0294333322827361,0.0865581076825692,0.254608175019626,0.625308276961629
9185,0.0294201894866911,0.0870613962059847,0.255654277378938,0.665808574821952
9186,0.0294384086061514,0.0865240174352877,0.250696114351361,0.643188477856187
9187,0.0294606990064158,0.0871352874687879,0.251193671758535,0.628173965437334
9188,0.0294188836952154,0.0866939455523513,0.251224174537645,0.657890512835129
9189,0.0294163564322643,0.0868929431864808,0.256537357644762,0.652783100405939
9190,0.0294621017604205,0.0868850565299286,0.259419504222455,0.650639734202757
9191,0.0293744723442872,0.0872765383233273,0.251865338089667,0.653170374893501
9192,0.029388108463755,0.0865644812878248,0.251336703430324,0.669989115584035
9193,0.0293920601222804,0.0865634488818166,0.25602588223807,0.671467248835916
9194,0.0293801151491422,0.0867478683614654,0.256872799873208,0.702131488613122
9195,0.0293648745583208,0.0863736522963222,0.25241736360044,0.688344771329255
9196,0.0294017869544365,0.0861992817602452,0.249416419323251,0.632318240376529
9197,0.0293621582611607,0.0865753600389479,0.252982172130941,0.665588385837575
9198,0.0293693769293087,0.0868304416805987,0.251954453491124,0.658791756015789
9199,0.0293110099442054,0.0858866525134591,0.252079099212285,0.648320070621627
9200,0.0293780621480963,0.0867334595312811,0.250245348845248,0.671914965705923
9201,0.0295172888011973,0.0859469071136579,0.246820278951446,0.631641989105689
9202,0.0293148552154829,0.0863702575263507,0.258541675579739,0.622550126576331
9203,0.0294359029464407,0.0872439818243532,0.257225736788585,0.658372692964457
9204,0.0294468058035451,0.0870034617690824,0.253486455059211,0.650723486393123
9205,0.029376654616935,0.0869080481655448,0.253350049322036,0.647003527535191
9206,0.0293906270237975,0.0859843099072335,0.251014474679887,0.630953504957844
9207,0.0294044058114565,0.0873463021158943,0.255577448365955,0.662281994193962
9208,0.0294675432582332,0.0871055909247555,0.255160077384719,0.640361377170699
9209,0.029499081068633,0.0880535514350686,0.258370622991891,0.671772826203456
9210,0.0293534073385945,0.0869897507841858,0.254012558071318,0.662198881696451
9211,0.0293498224275247,0.0859477909699816,0.254604740548298,0.669974612675488
9212,0.0294315048854126,0.0866526354897412,0.252307615250694,0.678876255633128
9213,0.0294570266619755,0.0869593040319305,0.25040408880569,0.627189703325944
9214,0.0293259881939967,0.086465086141631,0.259279216566292,0.69383134847797
9215,0.0294914181405825,0.0868124735173876,0.259174938026357,0.682777072312235
9216,0.0294793672592513,0.0869208027705474,0.259522010010191,0.674845724679015
9217,0.0293496831239224,0.0871325723174036,0.255196002512694,0.654185761439013
9218,0.0294666912470827,0.0872454063825132,0.254479012349293,0.642091582485427
9219,0.0293234931089016,0.0862313811784544,0.255961617838476,0.644026260466457
9220,0.0294011398907382,0.086607687666141,0.251241855585008,0.643818067497254
9221,0.0294481229655917,0.0867441718183075,0.258751867917249,0.651914594582879
9222,0.0293124182018737,0.0871077382930751,0.265340800080257,0.673922962514548
9223,0.0294186789157588,0.0865788778781762,0.260295703308549,0.668624648350094
9224,0.029454106627772,0.0870911376633268,0.256111658802053,0.65117463389553
9225,0.0294207453783133,0.0864205071069695,0.254365107075785,0.646013363784932
9226,0.0294351272920009,0.0873680942952155,0.256731781208147,0.692509880301137
9227,0.0294026482692908,0.0867568034576947,0.254864561129924,0.682255190179085
9228,0.0294546347848141,0.0861534344406987,0.250238311118604,0.669134951170922
9229,0.0293387874898595,0.0869453776385696,0.254253480695499,0.646546942263456
9230,0.0293709326347333,0.0861423961883781,0.24937651021452,0.618043238450301
9231,0.0294006847134213,0.086269394285491,0.25487928312026,0.676842272108419
9232,0.0294932856938252,0.0869106629930743,0.24922803766932,0.67307290895712
9233,0.0294138551759009,0.0872821160719157,0.263452691566,0.686694779836552
9234,0.0294189472756714,0.0866148571143246,0.253043657684777,0.618728077825775
9235,0.0293550548890554,0.0859849404168882,0.244387022731352,0.646758186830046
9236,0.0294477494563225,0.086704821312814,0.251509648991284,0.654755458346756
9237,0.0292969563901781,0.085689435126847,0.25139725559689,0.607510347498793
9238,0.0293645404395068,0.0868818892680864,0.255362962071634,0.605415839514285
9239,0.0294037965300872,0.0873783794570513,0.253133422366247,0.669720401411717
9240,0.0294364182082897,0.086317032485846,0.254762013939956,0.641284715101957
9241,0.029377262833615,0.0862700353136778,0.250368524301647,0.670199669877592
9242,0.0295067608833323,0.0876523275679598,0.25906476747306,0.688042653697837
9243,0.0295100947967924,0.0858472940937082,0.258178145666852,0.694415929192088
9244,0.0293623695992818,0.0863663733766961,0.252387819497977,0.652553792366817
9245,0.0293234159908836,0.0860368997262122,0.252113317570058,0.631451501156292
9246,0.0294649417940459,0.0876718919159365,0.257856940655119,0.648286725177502
9247,0.0292602990370711,0.0865927156165794,0.256667281564915,0.691821498210464
9248,0.0294484420751344,0.0870182927826581,0.252060256872431,0.674181571179218
9249,0.0294482676980434,0.0878688779694853,0.250239794306329,0.686732193372838
9250,0.0293799175813757,0.0865089852840324,0.25420283315195,0.664674752581934
9251,0.0294944289652471,0.0863650404688554,0.253093359033007,0.680296804007082
9252,0.0294422148780072,0.085910987889335,0.257032547204391,0.638259296402585
9253,0.0293057915892371,0.087220118072599,0.253826952096601,0.665426310199298
9254,0.0293367584183342,0.0861239482285261,0.25543529667412,0.635513661392242
9255,0.0294920401259772,0.086473855404547,0.255739861720041,0.663039934267875
9256,0.0293422313940946,0.0859566839002554,0.25607952128333,0.653066245871081
9257,0.0293380927894373,0.0867383962273407,0.253280934114122,0.675973593982068
9258,0.0294867401306576,0.0868869317017948,0.26063678150384,0.698586632155452
9259,0.0293667635698675,0.0861036762091713,0.248636143741292,0.637869524911198
9260,0.0294199608305365,0.0866682853675938,0.254204332589014,0.640885866325307
9261,0.0294012495337177,0.0873423210216303,0.256227755930799,0.65182631808261
9262,0.0294714231069381,0.0862238393674023,0.25232760274378,0.643279271620866
9263,0.0294415905676637,0.0868500089538654,0.254952453106295,0.670901940621344
9264,0.0292975042955601,0.0863475585979057,0.255138822070604,0.685911885827968
9265,0.0294080224763507,0.0861182118008647,0.248770118903154,0.698218087793838
9266,0.0293876416795015,0.086979190056369,0.259333700659019,0.656953075238575
9267,0.0294634343131563,0.0870230073680664,0.255086284416104,0.646823385336305
9268,0.0294645723370775,0.0869369058122889,0.253142303969542,0.6583727767042
9269,0.0294438357534446,0.087392191169105,0.250700570610545,0.651030187013098
9270,0.0293764497443972,0.0856560010660725,0.255396857291351,0.701917202907152
9271,0.0294361363612145,0.0863076427249662,0.25095802687409,0.69397920331061
9272,0.0294309628762014,0.0863181496372264,0.249996784010618,0.658840053831024
9273,0.0294015219063734,0.0861330878228473,0.248445555747642,0.640634784734956
9274,0.0294203474627291,0.0871882219752522,0.261187743630609,0.633207153346088
9275,0.0294270984518626,0.0863876684770895,0.250881691412604,0.659071501820892
9276,0.0293938437054399,0.0858522118360865,0.251111426200553,0.647945569391809
9277,0.0294643976509067,0.0874874603844365,0.253474942197107,0.701227137824491
9278,0.0293700873562331,0.0863528851712175,0.255393178710221,0.649375359005541
9279,0.0293758098426853,0.086446844991731,0.248928289250024,0.669602983150221
9280,0.0294992204551601,0.087029512399452,0.254705730981685,0.657183404923898
9281,0.0292903816840983,0.0862446453564291,0.250650773527603,0.63843193303326
9282,0.0294180380317542,0.0863925830661672,0.2556436265464,0.66098942877593
9283,0.0294126249301377,0.0873307058516627,0.254716945034151,0.664953487439049
9284,0.0292782751118151,0.0862849081208406,0.250862353784883,0.60094634680648
9285,0.0294283654200031,0.0873430314759839,0.259009559339201,0.684923293650747
9286,0.0294371685824284,0.0864027975109882,0.249311188817963,0.657677802775596
9287,0.0293736838861406,0.0862040557115997,0.248723298251241,0.643589303104042
9288,0.0293075734680887,0.0858245889990788,0.251144037170641,0.643116420725214
9289,0.029427455425684,0.0861513947246969,0.257813737344438,0.678738842902756
9290,0.0294554437566038,0.0870742918657582,0.254950089616783,0.703269592583046
9291,0.0294026942727119,0.0868475207966809,0.253666324572748,0.630559450818411
9292,0.0293173914990004,0.0872145422860056,0.256992334777816,0.648924171703382
9293,0.0293348027647054,0.0865470892711018,0.259160422205553,0.707743000031215
9294,0.0294539854525726,0.0873906060704908,0.250466993845778,0.6368735830918
9295,0.0293787916209271,0.086600690132389,0.254914803121392,0.651784672380362
9296,0.0293302477862584,0.0859802147851997,0.251306410913124,0.643980425386248
9297,0.0294914236562597,0.0869042938584766,0.252686707109449,0.631728028572702
9298,0.0293417977620639,0.0859105083510316,0.252154183940711,0.676877495066307
9299,0.0295036166194846,0.0866511586373478,0.251228907953307,0.673164682966928
9300,0.0293834887427518,0.0873736968250604,0.260820221732484,0.684663810598235
9301,0.0293420190844703,0.0872375187037367,0.254105033858945,0.639273267646023
9302,0.0294684969071563,0.0871362352716734,0.255614226269853,0.640331698085896
9303,0.0294870493041956,0.0865577378709201,0.254835569318971,0.660457116056086
9304,0.0294679012650763,0.0875455649614094,0.261225394080415,0.676927990646066
9305,0.0293539567775571,0.0871397412847118,0.259358749972058,0.672637955386388
9306,0.0293960482711141,0.0865402664014229,0.259222847642892,0.654879939858274
9307,0.0293713926921859,0.0865412948585729,0.250307975484402,0.615006010392982
9308,0.0294566984446098,0.087730936391371,0.265458851786319,0.681520661478152
9309,0.0294757817327091,0.0870463763042119,0.255952520596957,0.650802914167581
9310,0.0294912589216588,0.0872854673724784,0.257906603872383,0.672999830366182
9311,0.0293691134724673,0.0862780977813442,0.258328304970622,0.633297981756392
9312,0.0294214330063412,0.087142234077206,0.254341193863052,0.68944061866159
9313,0.029402934965508,0.086585817105871,0.253259991812066,0.703151340169805
9314,0.0293765961058904,0.0867165309447578,0.254469356042699,0.665297709110684
9315,0.0293712692734947,0.0868919100630036,0.254501546772197,0.653521893392472
9316,0.0293224927563841,0.0863446166247516,0.255349499547437,0.692111290355511
9317,0.0294669925585517,0.0866240635205087,0.247277856302982,0.637275759824217
9318,0.0293785913570207,0.0861146485804011,0.248522140016219,0.675299714986377
9319,0.0294329255417457,0.0870074809153971,0.252817262045099,0.655576987898693
9320,0.0293390593691655,0.0861855073747074,0.248762760176757,0.659560812050963
9321,0.0294523071545237,0.0867160089514253,0.255680775844471,0.658419079061504
9322,0.0294186748545972,0.086775712054275,0.260309784674655,0.65895751437076
9323,0.0294196390914293,0.0868645909096934,0.260305072095382,0.674576069430185
9324,0.0294544502759139,0.0875208414443064,0.256204582159243,0.639614899223044
9325,0.0294759386383286,0.0867219551186123,0.252705940509626,0.651448211928861
9326,0.029406218619192,0.0869415788595602,0.25739863043163,0.641160789863257
9327,0.029349159924595,0.0864693785856031,0.262441757773883,0.697924285255138
9328,0.0293883037913253,0.0861332850011067,0.256525959325805,0.639332349067049
9329,0.0294862013930248,0.0861895635737917,0.254540439240473,0.613033095965942
9330,0.0293929555320466,0.0867874072085464,0.257116614640864,0.648052850968526
9331,0.0293867219782242,0.0872773290380665,0.251895188804392,0.637889702590137
9332,0.0293536105469081,0.0862984406370584,0.251641676981082,0.616001397119211
9333,0.02943971957111,0.0862899476438409,0.25719148965021,0.665151988895672
9334,0.0294082784762055,0.087268902924448,0.258268802678883,0.678658777951778
9335,0.0293528462289182,0.0866412943328392,0.255288230275091,0.645118082732008
9336,0.0293168112376894,0.0861731245754754,0.252546671802235,0.647016830882483
9337,0.0294820156960952,0.087121367313925,0.255944050864904,0.658301780165504
9338,0.0293017307624795,0.0859684443726849,0.251487281786661,0.64634057959399
9339,0.0294426675372231,0.087573255534485,0.254866451687147,0.664355164264401
9340,0.0294125383970246,0.0868509624314022,0.250899590866107,0.614677320080948
9341,0.0292578932516361,0.0860902970575827,0.259166494503236,0.653977518057811
9342,0.0293419230594946,0.0866646398948311,0.252700540630404,0.64930528978522
9343,0.0293886897770204,0.0867733393062362,0.250736819353106,0.650170240851948
9344,0.029365289599998,0.0870267778428067,0.248665004472777,0.612118010233358
9345,0.0293749798842715,0.0863394666800776,0.253354297877893,0.642449647508805
9346,0.0293189359949686,0.0873681353580816,0.264391866904137,0.689789352507652
9347,0.0294993352345368,0.0876794863571302,0.253512390663224,0.671877796147027
9348,0.0294794325550313,0.0867104021429647,0.254667239100064,0.657742951751841
9349,0.0294672419082352,0.086049848288909,0.258880659056607,0.63957646792039
9350,0.0293157246154462,0.0869355990822874,0.253360640385187,0.62448836860446
9351,0.029350086645493,0.0873375380098225,0.25695197338491,0.64600987125432
9352,0.0293418892727101,0.086456950108006,0.252599690411368,0.632680218598725
9353,0.0292780185395438,0.0870987162069325,0.25664330100601,0.662819462495335
9354,0.029397640618195,0.0860869461418644,0.253675112751145,0.719531109854309
9355,0.029395473553021,0.08661844548399,0.25488640315277,0.673333327833395
9356,0.0293668207184261,0.08638590976274,0.255614200697789,0.63989018581356
9357,0.0293662201287125,0.087547632973754,0.257905022621541,0.655115807138655
9358,0.0293931278563926,0.0864772054922243,0.257271110115031,0.651671692847257
9359,0.029410635586516,0.0867456561576551,0.261303014151715,0.676129570646617
9360,0.0294261415695485,0.0863731375245177,0.24589055726284,0.630299352575089
9361,0.0294033277937954,0.0863859472066174,0.254694657399477,0.632204134243376
9362,0.0293578807723111,0.0875719962470023,0.25689465036658,0.645201862293012
9363,0.029444534545633,0.0874751498459213,0.25670033189176,0.693198618121583
9364,0.0293669324302962,0.0870354127618015,0.25662578040284,0.679894177497534
9365,0.0294488555886543,0.0871209629710011,0.25852500436649,0.671647005332191
9366,0.0294928517805559,0.0871290150806505,0.256280820281658,0.67411561038221
9367,0.0294067877154044,0.0864631620838707,0.252340394633206,0.647229264229674
9368,0.0292655404755585,0.0859601851389029,0.250511813559556,0.668882686820544
9369,0.0293418270089459,0.086890427810817,0.250354251793268,0.660410732845414
9370,0.0294157438972061,0.0866711069514801,0.259716761699769,0.684334749182319
9371,0.0293230542283541,0.0862474687978185,0.256667014717083,0.667583521697864
9372,0.0294132172516984,0.0875188694140461,0.258222624422987,0.670685920726584
9373,0.0293630840102376,0.0861332701223914,0.255434437339253,0.659419339466109
9374,0.0293078441653051,0.0860093215616762,0.252857304560249,0.638922438443123
9375,0.0294142320112222,0.0871679371529512,0.250791890127001,0.621718534145511
9376,0.0293647978274919,0.0867194609663763,0.253435496095311,0.666984101811906
9377,0.0293286740848496,0.0865559775971386,0.248166897720307,0.67573195748508
9378,0.0294970748902118,0.0869767161721599,0.251922690672931,0.648701175553472
9379,0.0294569421784454,0.0867922123780199,0.261578842599406,0.652286107730993
9380,0.0292866752128298,0.0862565309540596,0.254601628244916,0.65203045842556
9381,0.0294029528518457,0.0860366253254002,0.257660316484678,0.700575024693911
9382,0.0294318595039582,0.086940048780404,0.255759030224659,0.665904042603794
9383,0.0293773871448531,0.0869159654612526,0.256833782637058,0.685761933353369
9384,0.0294783670406111,0.0867787270120484,0.251600346960747,0.63158077057561
9385,0.0294256567620541,0.0864694794065326,0.246723094827275,0.682292250176565
9386,0.0293758773026115,0.085991745150243,0.254928951868498,0.684323472970917
9387,0.0294463583820349,0.0869585244252707,0.25536550057851,0.632172316112269
9388,0.0294022763251151,0.0870096238761927,0.256322686614668,0.667118862695438
9389,0.0294305429284113,0.0867316022337742,0.259081281726099,0.642114089694288
9390,0.0294001757345843,0.0861609141334527,0.246753510128574,0.673661403311263
9391,0.0293629104596772,0.0866031504368358,0.256208046935139,0.671118262737313
9392,0.0293462811217594,0.0862120918330023,0.25810466429608,0.634757780287579
9393,0.0293899485799822,0.0857226401788583,0.255033461234585,0.65067458544761
9394,0.029382967704174,0.0872026327148915,0.258131100150247,0.618873324269365
9395,0.0293953666971836,0.0870014421175246,0.256426611057252,0.644261339601806
9396,0.0293935414498198,0.0872022757462808,0.253704291638244,0.661369942135745
9397,0.0293871980171482,0.0871798815391932,0.253772978546073,0.651485137563454
9398,0.0293358531499633,0.086564251954685,0.249752425567316,0.643260641597441
9399,0.02936173257067,0.0868597316904744,0.258210087959982,0.665112404980787
9400,0.0293902479564273,0.0865180390302434,0.253614014867884,0.659739030199034
9401,0.0294854902787235,0.0866519147116114,0.252726134757067,0.650752067865681
9402,0.0294118325663556,0.0862966592165995,0.261361312083331,0.65486554051011
9403,0.0293944201912239,0.0868723412118595,0.255009647638882,0.657328692613826
9404,0.0294202201339267,0.0860994964997631,0.256465697547918,0.664635318100032
9405,0.0294243745866219,0.086911233716169,0.254648626980902,0.611161567821412
9406,0.0293978677121808,0.0868302538555337,0.254843387985011,0.640550009673886
9407,0.0292796116762006,0.0864986493247151,0.254880972423475,0.655515090274843
9408,0.0293775848249254,0.0860743100962118,0.253510306149372,0.646566540212971
9409,0.0293765231558617,0.0860770165257446,0.260144764048907,0.664171811601739
9410,0.029434106616838,0.0867655194795242,0.253540922994387,0.652352840925657
9411,0.0293273120215175,0.0857665832500754,0.248012519229793,0.636808681128316
9412,0.0293958212306567,0.0875316290071467,0.254118766269013,0.635847934861562
9413,0.0293746948082413,0.0864740748081157,0.256315317498383,0.66520254919259
9414,0.0294038679971889,0.0869262443936693,0.252754853894818,0.651164042603744
9415,0.0294147237598381,0.0873421101713581,0.25853247570734,0.650339443769856
9416,0.0293308848339754,0.086368504145539,0.257508479651584,0.657812021370982
9417,0.0293672937390152,0.0866856219460702,0.252927703225422,0.636359579916011
9418,0.0293860329111707,0.087262429154232,0.26312429793634,0.693162375452642
9419,0.0294500572563024,0.0868788583911094,0.251273032490269,0.642776256146257
9420,0.029404240095371,0.0864878886335911,0.257354467998466,0.667922459190027
9421,0.029488904158474,0.0866652204834952,0.252988758095609,0.646773983523886
9422,0.029422384323239,0.0866666466939865,0.246791192485806,0.629322096077882
9423,0.0294358238680613,0.0868739009292549,0.254922166293776,0.655097629233442
9424,0.0293643814717974,0.0859860686780398,0.256668906030835,0.637210786541151
9425,0.0294725425249074,0.0865203197789864,0.253267712452268,0.668445660016841
9426,0.0294127867936164,0.0867508305284143,0.249291845505472,0.64046971539566
9427,0.0294409373966657,0.0862560880514051,0.248490937627266,0.634362551413562
9428,0.0293096796038491,0.0861687957821556,0.253300228101299,0.694667778551534
9429,0.0293409930811488,0.086882639370941,0.256484884581539,0.640529398767152
9430,0.0294017942328503,0.087511787284742,0.25668103150308,0.68396933110001
9431,0.0294311863274167,0.0868082331160121,0.256575474663592,0.671016536879324
9432,0.02943685965242,0.0864864405745793,0.25248751211587,0.650426978912117
9433,0.0293679449589337,0.0867725837080745,0.253339220287339,0.660316392594966
9434,0.0294071953082323,0.0857511253127318,0.253827516089707,0.634953771052481
9435,0.0293779672101057,0.0867265491470354,0.253639832843504,0.659088414983253
9436,0.0293696249425656,0.086646737187606,0.25382162857856,0.690316336009658
9437,0.0293204388234994,0.0863351624445391,0.26062459578351,0.672980757384458
9438,0.02932860176534,0.0861629846194407,0.251232456293004,0.703967119152081
9439,0.0293666848385113,0.0869055586868804,0.255546393172743,0.631743968640762
9440,0.0293508606322483,0.0865814360127108,0.256212186051432,0.64087839512259
9441,0.0295104141585479,0.0860312616912218,0.251702923342155,0.657402017232989
9442,0.0293956831417781,0.0863380441149074,0.255232104621327,0.657809006912899
9443,0.0293239414170842,0.0863405281501892,0.261049948960167,0.647980972998009
9444,0.0294105651229973,0.087616253730498,0.255956935096135,0.639934472948424
9445,0.0294671020239493,0.0863950081944748,0.250299537318184,0.659131119173354
9446,0.0294248318659869,0.0862358552397522,0.253819049215702,0.69188677905413
9447,0.0293614850888499,0.0874808623551968,0.256358808653128,0.685642329879531
9448,0.0294245324533792,0.0857406968925629,0.250006146545489,0.673715821775687
9449,0.0294580717878013,0.086300203592901,0.251701836300614,0.666036874620458
9450,0.0293139292861066,0.0863608440450856,0.247476163058966,0.659696329549461
9451,0.0294877015744206,0.0863202289806684,0.253633771941628,0.687121650666534
9452,0.0293925606894431,0.0869702371418768,0.251029899599449,0.632926046140475
9453,0.0293508771440722,0.0868865289572442,0.246827705709231,0.655105562600036
9454,0.0293901490786984,0.0875924629027524,0.257946747900111,0.66595403084638
9455,0.0294059037308122,0.0869622257427077,0.260401150162866,0.690378239292044
9456,0.0294860807483484,0.0872791126497063,0.259268499446987,0.682196352681711
9457,0.0294579171282911,0.0871831845315276,0.254712576098841,0.672622296171465
9458,0.0294657906222342,0.0868200745981978,0.254546453511593,0.647561778888194
9459,0.0293230347520197,0.0865271638150383,0.258909663002226,0.673684281958578
9460,0.0293638728457775,0.0871919844710306,0.262307696064213,0.667216231759295
9461,0.0295122813227468,0.0872189462336382,0.252093082718084,0.65594118717825
9462,0.0294335778153012,0.0865893652210916,0.247967325814719,0.675802360243546
9463,0.0294270686731959,0.0866803963621982,0.248218122717324,0.692400166324378
9464,0.0293958025824954,0.0862438280588528,0.253385907883914,0.671606839673539
9465,0.0294000893991608,0.0876748740483071,0.259198032154073,0.633380090713862
9466,0.0293930599004493,0.0860248255855082,0.251030110534691,0.673850742686793
9467,0.0294054428695803,0.087039297931651,0.255391976782206,0.672632202356434
9468,0.0293368019874732,0.0869913564102451,0.255562050867171,0.682742109093037
9469,0.0293465972001961,0.0871331717508131,0.250329908975543,0.645766732678314
9470,0.0294649191744134,0.0867726311482006,0.253425335408008,0.679198835032721
9471,0.0292795129747419,0.0865986996877141,0.251126340942088,0.644829493715119
9472,0.0293453341651352,0.0860022541548746,0.260141519820777,0.685904792333158
9473,0.0293907844733856,0.0863743955652133,0.246418802760173,0.610059373572927
9474,0.0293749769805331,0.0869968220809247,0.253241093850699,0.649405737435935
9475,0.0293615489962125,0.0866602584571182,0.251039063337994,0.612263256524637
9476,0.0294513318122342,0.0864818861768257,0.249919248932908,0.660054780392487
9477,0.0294533754494409,0.0864537647282418,0.250910363256856,0.689936165081794
9478,0.0294528875560699,0.0863731606599718,0.2478035058357,0.655671702941354
9479,0.0295284907146848,0.0871614576475992,0.259344731986584,0.680801788365214
9480,0.0293702292178404,0.0862331299808272,0.2518997396003,0.652824294278239
9481,0.0293862413867821,0.0870883306351998,0.253706477426475,0.653412615040822
9482,0.02953945181331,0.0867769583734161,0.249970772023793,0.6610051755319
9483,0.0293754060422563,0.0866224025658767,0.251839522954183,0.663135164219407
9484,0.0294066567579105,0.0860529408731738,0.256546502351459,0.692469640840162
9485,0.0294151501314236,0.086485783783738,0.251050731496359,0.631829769707454
9486,0.0294315449316337,0.0868981324550076,0.257765870135036,0.641339104105518
9487,0.0294551601473934,0.0869870074855117,0.250888876386672,0.659349505760209
9488,0.0294875795624068,0.0883137371700517,0.260007821636535,0.6726954901169
9489,0.0294028778185179,0.0874398803216512,0.257237700777801,0.68434210819294
9490,0.0292684738734907,0.0862553278390423,0.25506188901396,0.66144475488149
9491,0.0294348301581462,0.087123891761685,0.258987102232974,0.686896701269729
9492,0.0293453540028028,0.0865957031317095,0.256165066150958,0.660626481400807
9493,0.0294721891890744,0.0865534089092632,0.249469281179283,0.619349875911218
9494,0.029385045812275,0.0861619687620282,0.254127465625232,0.630577057723157
9495,0.0295043819468809,0.0872892760675068,0.25543694494651,0.663049582655854
9496,0.0294462283761476,0.0867589170954881,0.258265273627699,0.684049860418259
9497,0.0294263208832849,0.0870013718459122,0.257213307151146,0.653910715600355
9498,0.0293888277549244,0.086109947600336,0.248852703272103,0.636648341373008
9499,0.0293228368883641,0.0863826020319282,0.25104084028336,0.657641369033903
9500,0.0293763021064078,0.0867883358744084,0.250534482329326,0.640300768053184
9501,0.0292870167970154,0.0865424668581369,0.260104527166851,0.649776308146079
9502,0.0294427447325639,0.0872678845861329,0.262377009085883,0.689114898983752
9503,0.0293989325032212,0.086583889224269,0.244328472906085,0.647112352803384
9504,0.0294958766789492,0.0866858159843102,0.25461027572221,0.656427122566559
9505,0.0293753279904335,0.086512345880488,0.24933641495448,0.667502274089234
9506,0.0294624071006791,0.0866031768620734,0.253730131038131,0.712171373395596
9507,0.0293674547943343,0.085972285144234,0.254712058348314,0.690223888897926
9508,0.0294008443644178,0.0869007791058148,0.254267485373963,0.67394885795561
9509,0.0293920480930634,0.0872877776533494,0.255151746785033,0.705586520738789
9510,0.0294438354052664,0.086519878480858,0.25387084820842,0.629111341808134
9511,0.0293981982306786,0.0869708378745018,0.254734182205104,0.640488480087341
9512,0.0293578213263025,0.0874425451581073,0.256636183865305,0.649647284910045
9513,0.029286834127929,0.0860516956199965,0.250278800570406,0.691023552258622
9514,0.0293447305979033,0.0865531590757727,0.256402423610024,0.678792461499024
9515,0.0293624348311527,0.087111657868511,0.261679245820351,0.669331185870543
9516,0.0293822258633859,0.086401846534167,0.259167883992674,0.660507783679617
9517,0.0294592386144837,0.0863092956533478,0.253575516677474,0.682478354471914
9518,0.0293289676692968,0.0866838093608426,0.256003637354403,0.676072189479626
9519,0.0294298860340265,0.0867590995411969,0.245197494365981,0.642586532762974
9520,0.0293530487294235,0.0869281702759553,0.247721952916779,0.651795583523897
9521,0.0294453319112743,0.0868371254036309,0.252391166276296,0.693577484222495
9522,0.0293686639523739,0.0864441582443854,0.251008836065946,0.664550210576016
9523,0.0293508343321778,0.0869226884346915,0.25233729705849,0.652165695994869
9524,0.0294694403602158,0.0870730262214928,0.253403179320476,0.680970257703308
9525,0.0292824314914273,0.0866430787704224,0.250632871923111,0.636838432689623
9526,0.0293761463206571,0.0872467911248807,0.255240083523281,0.649362197345775
9527,0.0294364863878109,0.0870577523471102,0.259665256241505,0.659395362025015
9528,0.0294088266685977,0.0867056488010285,0.250814988226976,0.630197178690682
9529,0.0293897351581325,0.0870268354019003,0.25493012289238,0.714474045713552
9530,0.0294212596981447,0.0872347292570632,0.254285285457062,0.640704400286534
9531,0.0294231492529884,0.0864122397962905,0.257303822455132,0.648684088242272
9532,0.0294177377168411,0.0867586242537426,0.260367919244291,0.700784034532362
9533,0.0293780573369306,0.0864872219588406,0.254268313590493,0.654565217067511
9534,0.0293449923006305,0.0861916702279299,0.248266696642958,0.656313958489441
9535,0.0294325099209097,0.0861291369435621,0.24834675134489,0.640556306933023
9536,0.0294118715023,0.0860714071904844,0.258633984708582,0.669613020965094
9537,0.0294114347195933,0.0865494501142744,0.24801834716372,0.667474486744733
9538,0.0293802983485713,0.0861045988534766,0.256839285544204,0.672238325717086
9539,0.0294103457658056,0.0872050421427769,0.260619016384404,0.669948079514816
9540,0.0293680317443946,0.0873558220658886,0.2564901435228,0.649406293183752
9541,0.0293945340746582,0.0863102649522379,0.25135078618039,0.622114661352952
9542,0.0293931148839938,0.0866996455382239,0.25767978062887,0.649489673350269
9543,0.0293624517853284,0.0862573385147345,0.25032309212756,0.637559475878899
9544,0.0294037894131383,0.0863068675251113,0.254503008771764,0.66521151758853
9545,0.029465420417472,0.087499114097114,0.261642545003986,0.641590203875674
9546,0.0293814336165495,0.0860266061015117,0.247772773509934,0.622609122540328
9547,0.0295380279916923,0.0871562619227008,0.256600020078243,0.679065996178194
9548,0.0293398438644824,0.0858639519268272,0.252818384319438,0.65224605219512
9549,0.029353221482141,0.0862962472806208,0.25185750342782,0.653581467547898
9550,0.0293566662709495,0.0873294234133185,0.253521149242354,0.64451865406464
9551,0.0293735004709527,0.0863062723352173,0.256758748356754,0.659032023574512
9552,0.0293249304659371,0.0861918153560777,0.252854154605515,0.704248527600925
9553,0.0294141935963866,0.086982547706891,0.255218794509868,0.673736363394069
9554,0.029341702796696,0.0859315033549736,0.253253672685035,0.693052268219345
9555,0.0294420856827248,0.0860398063682108,0.254458252122717,0.678501846602965
9556,0.0293774177516907,0.0861884400458803,0.251426823639823,0.625839913745732
9557,0.0294282735579203,0.0869334078090431,0.259690213761059,0.670200920267573
9558,0.0294725415977518,0.0873272534454016,0.250681309857646,0.667982544089526
9559,0.029472115137542,0.0874566146949745,0.259661642062222,0.662094882364295
9560,0.0294120546810342,0.0862724703602135,0.251670620492484,0.661026882814881
9561,0.0293698578406149,0.0863429009606813,0.247658971917796,0.694171021521047
9562,0.029454578055299,0.0871878700456716,0.259139737298516,0.671533468832547
9563,0.0294391305652863,0.0872893673711749,0.254712071244594,0.668501731751541
9564,0.0293386283876582,0.0872109594881678,0.261382703574511,0.640150796697078
9565,0.0294115713130932,0.0868335632952238,0.252463991820329,0.640724588016045
9566,0.0294470708475081,0.0867888773039828,0.256684474946874,0.674096117445326
9567,0.0294199668985305,0.0863591829057548,0.260196037100349,0.656244580680629
9568,0.0293636163859261,0.0870012046614237,0.251278596876256,0.645435275011747
9569,0.0294183379933647,0.0871738365365318,0.257151945618933,0.62043435832546
9570,0.0292992025775942,0.0863712593813472,0.256845083530713,0.670397886266827
9571,0.0294827537797269,0.0875189916479459,0.252483850251526,0.656525519903381
9572,0.0295150857886312,0.0869283362826606,0.25132046104925,0.649893160061003
9573,0.0294438294621793,0.0865761221435124,0.250476304315812,0.660667285405087
9574,0.029526213281484,0.0870247943484673,0.254707113888638,0.656149075449955
9575,0.0294367774569364,0.0866167613365153,0.254856785098724,0.647070976533859
9576,0.029338012399137,0.0866047588133813,0.254444652033492,0.729811003703328
9577,0.0293946400636814,0.0869182457522607,0.257529007887167,0.667979054277952
9578,0.0294209032807042,0.0869054833131167,0.252965667520927,0.682874848025174
9579,0.0293733010313904,0.0863863113041791,0.247510914403576,0.64949965703861
9580,0.0294101939598085,0.0867101812767796,0.262022233764246,0.655706610012965
9581,0.0294124972793309,0.085848623946639,0.252132695935995,0.680633945720487
9582,0.0294232552386813,0.0870699629916475,0.255191801845936,0.639870324065263
9583,0.0293508138201479,0.0864022028314065,0.249233231888204,0.646930334298955
9584,0.0293336849126415,0.0867889825798532,0.248395628969617,0.646299158561109
9585,0.0294354902771609,0.0864686438580596,0.252042888733379,0.637273019070539
9586,0.0293774418835037,0.0869114961729019,0.259462509050568,0.655575095976375
9587,0.0294038997999128,0.0866845129851575,0.25318518556078,0.662413500440034
9588,0.0293295946948653,0.086738664161284,0.260111109424359,0.688346155895958
9589,0.0293845907462758,0.086057873884925,0.257952907140872,0.673156798393554
9590,0.0292677833987846,0.0850686419800813,0.246673182663396,0.643541113047068
9591,0.0294930254119544,0.0861506126664982,0.255052127193712,0.658378377235194
9592,0.0294105205247454,0.086748515144166,0.252510460250051,0.691930104513073
9593,0.0293467752951367,0.0866332665232726,0.250953333480226,0.657801978223678
9594,0.0293410972895261,0.0859816380249448,0.248756617433789,0.683132120611579
9595,0.0293867556018597,0.086881509887254,0.252649937218429,0.693970500808777
9596,0.0294761346770664,0.0865998378554553,0.255264711470542,0.658696417926244
9597,0.0293959111371873,0.0865836389863975,0.257423784492943,0.66590998530649
9598,0.0294322228820479,0.0867290755490322,0.254089314233042,0.658873391024644
9599,0.0295187431002672,0.087056305390465,0.248090396395023,0.645084180734825
9600,0.0293669596362622,0.0871787144397615,0.258392768992505,0.672007203985739
9601,0.0294859787415892,0.0856571969486199,0.255956023861297,0.698544786260337
9602,0.0294205184269332,0.0859720045606018,0.256492947461205,0.643768141460639
9603,0.029376995080815,0.0863057148713855,0.256641961574777,0.649042633492577
9604,0.0293840481977008,0.0869248760540508,0.250754261114364,0.616373163030305
9605,0.0293364463822137,0.0864318854816867,0.255416386913483,0.684262849822088
9606,0.0293733057925524,0.0867325461627373,0.249314259843886,0.686249115731458
9607,0.0293497303545123,0.086631517296416,0.25094818416765,0.639874462268361
9608,0.0294413768793371,0.0876407597949269,0.252639289885296,0.662355413687682
9609,0.0293509039554601,0.0865221390079363,0.252039226057798,0.667581233565046
9610,0.0293851346873745,0.0859065362566319,0.254159928718789,0.692307276230273
9611,0.0292758773924569,0.085794302039779,0.252493413150889,0.642214130248244
9612,0.0294240751364456,0.0866707632247828,0.255461447549176,0.674864393882874
9613,0.0293904663604663,0.0862176948920497,0.249281192142877,0.64086284616384
9614,0.0293311296475821,0.0868778674382428,0.257276415000328,0.6837677252328
9615,0.0293059783496997,0.0867085265070377,0.254129951134024,0.611050751514613
9616,0.029407411626574,0.0873603341794673,0.257757157074419,0.70310977353073
9617,0.0293151311969532,0.0873740510521837,0.258074016248223,0.703428213886614
9618,0.0294112321615823,0.0867806849678833,0.252250919456853,0.662172614685695
9619,0.0293860137474241,0.086188312870006,0.250562698504837,0.633063111275992
9620,0.0293929468308637,0.0870244643786817,0.256513647343496,0.692203758099774
9621,0.0295027083395404,0.0868193494386655,0.250021626224564,0.676324330103098
9622,0.0293552795816492,0.08648963922656,0.256639623862788,0.659819735255673
9623,0.0293943927754834,0.0874116618958438,0.256414599445873,0.67096007486461
9624,0.0293505439997363,0.0867569115950803,0.257667701510796,0.706943458639297
9625,0.029407873873063,0.0870989718556269,0.257776545456466,0.641479604345533
9626,0.0294439504764801,0.0867748824476355,0.260197645655908,0.642552056411235
9627,0.0294429085883543,0.0864486228494775,0.261540657280474,0.666337616432203
9628,0.029300077769591,0.0865722546470581,0.256462134462957,0.666333483338207
9629,0.0294202507169785,0.0867964309066462,0.250887455002025,0.651469207573369
9630,0.0293256616736562,0.0863325202581509,0.253380720776609,0.643464093422102
9631,0.0294367461406745,0.0872070178209369,0.262763768908388,0.70396164392519
9632,0.0293945894613393,0.0872845592036372,0.24956723865707,0.663065619751445
9633,0.029425841789382,0.08599025653937,0.25147284777116,0.661420723586823
9634,0.0293585912274617,0.0861414288271546,0.255483561553552,0.709137134345945
9635,0.0294098858564302,0.0867024178882757,0.25308938661839,0.684648707616485
9636,0.0293465352589038,0.086346214630508,0.260233758943385,0.638868182346102
9637,0.0293503653032402,0.0864958385750114,0.2500024373682,0.628600017977422
9638,0.0294101534107324,0.0872521741164006,0.252667152269132,0.605895423853652
9639,0.0293438522219029,0.0872151114089654,0.259259865683896,0.631373270071577
9640,0.0293577812061076,0.0864092020670399,0.254161661860366,0.654813021525415
9641,0.029393800876188,0.0866736336661179,0.255853838119296,0.659311129402177
9642,0.0294197451475955,0.086965878785278,0.255959811920341,0.664950401224926
9643,0.0293393068333074,0.0856983440243452,0.253650021428204,0.65453745509103
9644,0.0293979884839745,0.0866214398321256,0.260883865107737,0.64161373244846
9645,0.0294389921314297,0.0865887342681271,0.249637209723854,0.640651921612916
9646,0.0293790274555798,0.0868179257565886,0.256068225741994,0.650806880376953
9647,0.0293708338120384,0.0862466007815387,0.25151936325254,0.662981600005201
9648,0.0294514123091493,0.0867881464520009,0.252053739856527,0.634619512120591
9649,0.0293555229380791,0.0867400918321623,0.253665239788965,0.643735806783534
9650,0.0293677615321154,0.0863367976613859,0.249457691008816,0.63525152492715
9651,0.0294096096960695,0.0857990079221966,0.250787684807488,0.63707100019416
9652,0.0294690508591335,0.0868675237941594,0.253582196046044,0.693791542043705
9653,0.0293781480584502,0.0868379250086295,0.258632929964138,0.642201677282084
9654,0.029390065840095,0.0870912438348146,0.25661543848988,0.66147747792152
9655,0.0294494573110786,0.087250381398654,0.250575408584294,0.617575795771431
9656,0.02935108641813,0.0865079006524188,0.255932174543278,0.690210913824322
9657,0.0293667443974199,0.0859528685896475,0.25118102014885,0.649151629893794
9658,0.0294300781819757,0.0867846108307077,0.256989689455621,0.635040518616149
9659,0.0293102087710476,0.0863711222584835,0.255965353881787,0.661395133181853
9660,0.0293337623861593,0.0863084539484607,0.260231425415395,0.663564294036206
9661,0.0294552920708071,0.0873575712429683,0.251605116481558,0.648023619896724
9662,0.0293672291970222,0.0869258516545202,0.254891392861974,0.660055529340737
9663,0.0293714277321929,0.0863827471776553,0.256527935229269,0.639843173239066
9664,0.0293036783380563,0.0862285514517234,0.25960327154146,0.680323661399322
9665,0.0294478776466666,0.0862545505293898,0.252757788931449,0.644386538433273
9666,0.0293473526448887,0.0869232251469785,0.26070118903143,0.683596383236175
9667,0.0293093922198106,0.0865602370288077,0.255618036424605,0.650743252376932
9668,0.0293305864152282,0.0863144502541886,0.253678675101048,0.655953832261104
9669,0.0293111644300686,0.0870002734800702,0.250188295223871,0.651446721106596
9670,0.0294217624372304,0.0875240339176546,0.250196537136208,0.648824731958828
9671,0.0293687600460793,0.0859415163930762,0.248050786335114,0.662455928445897
9672,0.0294617928198387,0.0873928347329031,0.259738914180803,0.68017860890104
9673,0.0292987695055565,0.08589750266181,0.256632532794557,0.668325643399465
9674,0.0294706631831287,0.0866678127223912,0.250210839206855,0.651669148406
9675,0.0294110940433631,0.0866303808089283,0.256453935446362,0.622379026567105
9676,0.0293969320388358,0.0867329108865322,0.251523622744479,0.641398643684067
9677,0.0293963907077747,0.0866141595755662,0.262008854362437,0.657574301122702
9678,0.0294756566330549,0.0873434502488641,0.260571859478165,0.663279456423247
9679,0.0293127237982531,0.0861954995124766,0.249105513963238,0.649261210944775
9680,0.0293912234528734,0.0870684927948814,0.260498502888249,0.665889622115626
9681,0.0293721800872403,0.0861231699252926,0.258209718194285,0.684017733760807
9682,0.0294256227248215,0.0871694021808638,0.258931258823703,0.650124767553201
9683,0.0294793738202338,0.0873488843217262,0.256359570136553,0.682134099407329
9684,0.0292598153194268,0.087230424123487,0.255318343502698,0.708913638313641
9685,0.0294450079274915,0.0868064369911668,0.261581722697579,0.695253157087013
9686,0.0293302138124145,0.0861807955928107,0.255967572059098,0.702683111983004
9687,0.0293179074400726,0.0862321568558543,0.252926340175788,0.674991915406336
9688,0.0294594907635074,0.0867080887919745,0.246353094618603,0.653200794344071
9689,0.0293972769189286,0.0862006885394062,0.254909442509004,0.678417546235707
9690,0.029358842896553,0.0869854029383447,0.26031263556095,0.680087641424486
9691,0.0294033768301065,0.0865186922968973,0.24871133689681,0.653948250473796
9692,0.0294273446015202,0.0860775492237818,0.256789410574625,0.650449952522121
9693,0.0294286359862995,0.0865382458833148,0.249847090638401,0.652883631353246
9694,0.029426704736077,0.0871990499044711,0.262191547025176,0.693931450508219
9695,0.0294183171754113,0.086681616823333,0.25795721690789,0.701686844252868
9696,0.0294150547952044,0.0875350807536296,0.262095621825983,0.66159602217925
9697,0.0293218580359286,0.0863104115640285,0.253848544839431,0.657864594379178
9698,0.0293486976828214,0.0865162257182534,0.252534906864872,0.667771010866216
9699,0.0293253242239665,0.0870566652554762,0.25196989872528,0.631696932373934
9700,0.0293990630683424,0.0874611774384659,0.257712048283056,0.643742919305055
9701,0.0294102129941964,0.0862911860297988,0.255104229759381,0.691335654562525
9702,0.0293828689455678,0.0859026952545565,0.251167339859552,0.641769744892971
9703,0.0294351088252005,0.0870373173789926,0.251687779267397,0.64099699746957
9704,0.0294402064194748,0.0867430375010354,0.253412804676396,0.67740507858511
9705,0.0292914881220957,0.0866550642503665,0.25354537199295,0.664997935927713
9706,0.029419750559712,0.086251021870995,0.262127380769726,0.660700392585375
9707,0.0293209202355628,0.0867870720865691,0.249705037164879,0.659250541100534
9708,0.029402260617917,0.0863325618490862,0.252033332837583,0.673405384070423
9709,0.0294412090804934,0.0869034866717256,0.253019508126701,0.635727001736551
9710,0.0293957016540393,0.0860534331734319,0.251163981814426,0.696711677303743
9711,0.0294405809540322,0.0865018264899532,0.253980078138849,0.657329308428891
9712,0.0294135294335219,0.0874954247130752,0.258877740774631,0.659226862003417
9713,0.0295087262738068,0.0868364140148092,0.25122364499803,0.635243656241686
9714,0.0293993299922262,0.0860905451303363,0.248336206562738,0.654187420730251
9715,0.0294087496074911,0.0867966876518468,0.259131052884239,0.659035676255563
9716,0.0294765805167479,0.0870372888472906,0.260265280443296,0.63261962037898
9717,0.0293878527448716,0.0866048652102318,0.249969831417703,0.681632895214194
9718,0.0293751998744652,0.0857900771860058,0.253506321435644,0.65004450399186
9719,0.0293214092204561,0.0863421082891368,0.252708516717946,0.641549413897933
9720,0.0293851105045144,0.0870683597173066,0.249879471428683,0.63029741765056
9721,0.0293971395327653,0.0871111771571749,0.253869197404134,0.646946566205742
9722,0.0293553452895395,0.086561554820857,0.255604194859521,0.684045117289831
9723,0.0294797269771267,0.0866699788582568,0.253300926584614,0.647611541480054
9724,0.029393879270574,0.0863228851844261,0.247906655848753,0.630926054934344
9725,0.0293379113515976,0.0867607444555596,0.255957151471012,0.65598838091428
9726,0.0292758283421897,0.0859929927736863,0.251292974274257,0.657179928789732
9727,0.029349587037854,0.0871006443781738,0.24759429879013,0.660509144368632
9728,0.0293592274978102,0.0860139823481675,0.25060332592469,0.672728027475435
9729,0.0294744831336707,0.0866620155438136,0.253756765313472,0.657276119881271
9730,0.0294467137260327,0.0869547053159861,0.257517779821351,0.674795499603748
9731,0.0294550819796096,0.0867609617863933,0.251801227665489,0.642024980169556
9732,0.0294633247178346,0.0869124543548238,0.263151279598037,0.697900686548929
9733,0.0294372178192938,0.0875036228772406,0.2578541026469,0.629572065815223
9734,0.0294418126545596,0.0861082769013286,0.255724150263329,0.64567201392475
9735,0.0294386885110236,0.0877692533374919,0.258712469290356,0.696810635186185
9736,0.0293553641259394,0.0876906574093302,0.258808080809716,0.64758790250403
9737,0.0294930747300634,0.0878605156852298,0.251490224881236,0.668998594665979
9738,0.0293772220521855,0.0859516448656498,0.250222958690517,0.664010072579989
9739,0.0294235833240736,0.0875028025778046,0.258029064764054,0.651679970587208
9740,0.0294331362432393,0.0866784175172595,0.259602731365234,0.720811530919764
9741,0.0293299684741717,0.0860108737231506,0.253738099350697,0.633706601798823
9742,0.0293722006902215,0.0861405058695825,0.251543809772866,0.648048650353518
9743,0.0294513468670454,0.0863437158652575,0.252049794568618,0.645083938255292
9744,0.0293024331988413,0.0857774851120486,0.255007130398232,0.648998150759096
9745,0.0294207149509854,0.0858972791649969,0.257184700740007,0.68020149765286
9746,0.0293935507001204,0.0862822066592917,0.249143897909337,0.639438216341833
9747,0.0293405586567624,0.086553612887002,0.258871125045166,0.643744479399298
9748,0.029488139533573,0.0863736949952266,0.248832935412602,0.625545512318606
9749,0.029313382244764,0.0866460147588383,0.254400368467595,0.672663116795156
9750,0.0293873109863361,0.0864746107107345,0.255495150186537,0.637653580799254
9751,0.0294062287448387,0.0870831955021917,0.251065751706912,0.661842218366967
9752,0.029416615031826,0.0868013692897459,0.25375100428483,0.63119349071361
9753,0.0293839846906182,0.0861396982469333,0.25934533978557,0.693200256334503
9754,0.0294309874594148,0.085794359721482,0.253020874030352,0.706903779507241
9755,0.0293870356873448,0.0869220438947459,0.251815166616054,0.634868998333253
9756,0.0294712518338431,0.0869222530287554,0.249898196018222,0.676009979889382
9757,0.0293991893280082,0.0869082270351615,0.248076665194909,0.652350371558189
9758,0.0294607314875617,0.0864710332354784,0.250096979189055,0.645881701026578
9759,0.0293388112892299,0.0865523389387527,0.250212801530238,0.625551523881188
9760,0.0294262427515048,0.0867967325881307,0.260108567561234,0.649317659568277
9761,0.0293904725598801,0.0858318847256829,0.252556102528112,0.661492733532481
9762,0.0294125279963975,0.0870256293614063,0.255857555505271,0.631021447324636
9763,0.0294684211065967,0.0869271552416104,0.251475985144657,0.65267057362274
9764,0.0294193381555066,0.08632317816868,0.254984842181785,0.714093503414216
9765,0.0294298950121426,0.0869588979672666,0.251048674638027,0.673580763633026
9766,0.0294352956173596,0.0866786870310379,0.255149332736019,0.637122658138063
9767,0.0294361870577128,0.0859485198864532,0.250263634944949,0.647208134078847
9768,0.0293965310984986,0.0859608393161617,0.251278345455156,0.669945101007834
9769,0.0294081110902087,0.087074575555988,0.258955244902787,0.637009636384454
9770,0.0293733417626782,0.0862568505462991,0.255494298873205,0.657066769149514
9771,0.0293678781269397,0.0859284811136216,0.248802137039761,0.624350770266732
9772,0.0294043900415329,0.0870030511917572,0.254189755982764,0.666898692221915
9773,0.0293176629395915,0.0868563414166891,0.247831665303904,0.638720967670287
9774,0.0293668822903242,0.0864754468828868,0.256958034357151,0.675801181265917
9775,0.029364214063057,0.0870494877174912,0.255767224536926,0.653854022891328
9776,0.0294679929429891,0.0867940137537421,0.261008603586066,0.68241294561822
9777,0.0294089787204726,0.0859571593128037,0.25388590727294,0.639122786207178
9778,0.0295001350126931,0.0864561769739837,0.251554803055484,0.662417157650602
9779,0.0294107646630771,0.0869364889589617,0.255416664647721,0.653813442000097
9780,0.0293235024934618,0.0864305629830757,0.254017841186246,0.631625076025498
9781,0.0294463692643449,0.087089621045557,0.261313966549915,0.678903088198375
9782,0.0293764348076043,0.087024369896965,0.258134062525379,0.68658672704989
9783,0.0294336441986572,0.0874362756911186,0.250676427329678,0.636186978188208
9784,0.0293982876813974,0.0867131425042837,0.252677224666065,0.659325733076832
9785,0.0293945494085134,0.0858532113224661,0.247081245040616,0.677810454192004
9786,0.0292875263581876,0.0855176806291353,0.255786204589328,0.643217973960112
9787,0.0294243589065906,0.0863725827526525,0.24957640997333,0.648796030068748
9788,0.0294839372491662,0.0864233181510518,0.254013750403772,0.71086176957939
9789,0.0293986237962906,0.0862120624352978,0.255896641544571,0.680982643682486
9790,0.0293633816712191,0.0860168550656312,0.255544818614761,0.705495615022365
9791,0.0293111674420468,0.0865730326061561,0.248375458875759,0.630642603970538
9792,0.0294202296627642,0.0868101312639,0.246994298327055,0.618736870352952
9793,0.0294163611782157,0.0868652477092011,0.259340571626905,0.687677740049713
9794,0.0294297996933092,0.0862130024535392,0.255810805676665,0.621917877566947
9795,0.0294816383054489,0.0872797893339099,0.250789114312888,0.640525060144635
9796,0.0293589935330656,0.0861744993453051,0.252611153570126,0.655214958871765
9797,0.0294842085707531,0.0867626476416747,0.251422786272537,0.664454692331346
9798,0.0294573409954374,0.0867462978179254,0.249998958241647,0.62070403721673
9799,0.0293700683813891,0.0865799531044733,0.255282819120131,0.692433671688131
9800,0.0293606824384601,0.08657043463519,0.255265119067866,0.637122070431185
9801,0.029353595167202,0.0868069022848302,0.25749980616584,0.656234663025381
9802,0.0293088682035838,0.0862413529573772,0.256225149422208,0.657169381371071
9803,0.0293876540794105,0.0866192813360905,0.254073422062164,0.695453696771274
9804,0.0294017808400537,0.0862355439018921,0.252509876486498,0.646045753306618
9805,0.0293949680677849,0.0869804212529928,0.252122762354619,0.711945543605266
9806,0.0294162448668398,0.0864105611022102,0.254994595580324,0.659008876942259
9807,0.0294247483129226,0.0868816144246384,0.254963202553109,0.665155170869718
9808,0.0293337315924036,0.0861964944338838,0.245568330482591,0.705622739506863
9809,0.0292731749095141,0.087028929943191,0.255736097093894,0.673305675160977
9810,0.0293957984854829,0.0864376774080091,0.247510525831507,0.669653827443671
9811,0.0294238617430029,0.0872954179855517,0.251630839157126,0.619856563095524
9812,0.0294336241043437,0.0865703935358177,0.253207125988831,0.67737568953769
9813,0.0293622355364639,0.0861917310736195,0.256063200095596,0.660010822690326
9814,0.0293060382526879,0.0864971055633804,0.250814286749868,0.663391261098634
9815,0.0293950741532501,0.0871368100084908,0.256305604665568,0.636808923309005
9816,0.0294604690444151,0.0871763364426288,0.255078234785427,0.643207586046667
9817,0.029337944289578,0.0866699676342829,0.256844216384104,0.665475317640594
9818,0.0294334780179575,0.0867453771388513,0.255279770379294,0.622615383527724
9819,0.029456038168104,0.0871210967524072,0.250672912602022,0.682826653341291
9820,0.0293904254456893,0.0863494690385389,0.25517535804766,0.678350489625832
9821,0.0293527228912397,0.0861770484202121,0.255182899773401,0.674507842744017
9822,0.0294228572847827,0.0867723753999287,0.249650919420215,0.670652315403083
9823,0.0295014463765453,0.086560032239824,0.260439809095828,0.63140789293307
9824,0.0294359476207815,0.0866072777657583,0.259135497685011,0.693851249527869
9825,0.0293890249122895,0.0872245469693114,0.256613822762168,0.663426159457761
9826,0.0293914579513951,0.085713385073365,0.251445388069163,0.649481714661592
9827,0.029398696323675,0.0865096939703878,0.253197684481657,0.639392114265413
9828,0.0293962935186627,0.0868415152259533,0.250019735710418,0.674005259199659
9829,0.0294993435963989,0.08609682791724,0.255697818320886,0.62982413771009
9830,0.029472687664938,0.0865751434735693,0.259650414694501,0.640145675683333
9831,0.0294209990597861,0.0869028011183515,0.260919070891591,0.672986877189381
9832,0.0294009819552558,0.0867727497860952,0.252194228187761,0.64095012234985
9833,0.0294204280901671,0.08727994865891,0.256721623217992,0.662381984347514
9834,0.0292489073292103,0.0861916148981857,0.25723608488,0.668869865343783
9835,0.0294757826226938,0.0863065724168858,0.251168189757919,0.672008943483965
9836,0.0293529287469376,0.0865216352910775,0.253768285890338,0.648293343758028
9837,0.029348592005922,0.0862319502061788,0.248232138584211,0.651968817205186
9838,0.0294408789308156,0.08648925573772,0.258784010603399,0.703351456850837
9839,0.0293107212220032,0.086907874575224,0.252903432255708,0.66579736874217
9840,0.0294061943233089,0.0869058167943556,0.263786716931164,0.66588196973623
9841,0.0293440106993524,0.0867858865811072,0.251819819465603,0.646722246925827
9842,0.0294195957988365,0.085987485294765,0.258610345862365,0.633607796101362
9843,0.0293830574901969,0.0865247474991502,0.2497924617624,0.669212371833757
9844,0.029459380648773,0.086820524138619,0.252635357897363,0.681966493599632
9845,0.0293926647490704,0.0865748675180841,0.253218135832476,0.650157485472766
9846,0.0294713109305471,0.0877357174598575,0.255647546057469,0.654444022592141
9847,0.0294099920302427,0.0870536900518996,0.252311857805494,0.693693397591795
9848,0.0293703534555939,0.085789172337344,0.249030435222326,0.643996542397103
9849,0.0294810094253001,0.0876768000552976,0.252057730601309,0.688460219654609
9850,0.0294172591738682,0.0868393827398529,0.251605091531304,0.658279973935374
9851,0.0294417885037894,0.0863403707360931,0.24985747974105,0.664143108999789
9852,0.0293761920218754,0.0868113245577249,0.253027454845543,0.685431560129104
9853,0.0294688737599941,0.086895547494551,0.255602471118132,0.6407373114773
9854,0.0294320792902594,0.0872874490613866,0.258088921183183,0.691779557455477
9855,0.0294674406606998,0.0872174346894403,0.255495839728816,0.645443753302556
9856,0.0294019779244101,0.0868375443394845,0.256312866800936,0.658654214116658
9857,0.0293003123016879,0.0861807653435893,0.252326861615556,0.641756696424625
9858,0.029401586274583,0.0867398600980075,0.257338510677274,0.629326428227747
9859,0.0294533142326084,0.0879072331545495,0.258044325078224,0.652084327361456
9860,0.029442316795165,0.0863369803198285,0.25536571283131,0.669592960103366
9861,0.029379921738786,0.0867570869418045,0.256731300839627,0.649704698639444
9862,0.0293143201683854,0.085912374442093,0.249992932477262,0.659810037307611
9863,0.0294466051013808,0.0867269721743466,0.253294200026214,0.64679331224162
9864,0.0293721336850516,0.0860542700965391,0.245943905356351,0.62710759941943
9865,0.0293294528784726,0.0861538888979137,0.252126626860398,0.68661387683401
9866,0.0294626710841554,0.0861483224402726,0.258133715424033,0.685486525155285
9867,0.0294033127423973,0.0860920897243637,0.25702890208214,0.650218141925524
9868,0.0294064609909645,0.0859876270246877,0.252045474950491,0.652305351713238
9869,0.0294111262482023,0.0863096136798185,0.253396377641584,0.659527949236629
9870,0.0294033405595693,0.0865311726531093,0.255016821323739,0.656105570667762
9871,0.0292768350863723,0.0861302664833776,0.255002094495352,0.679308325233516
9872,0.0295274454674709,0.0872723521839625,0.250773325226448,0.633806094361765
9873,0.0294377200258507,0.0867907151186506,0.253099451977258,0.6508976066587
9874,0.0293618058588332,0.0854436552151583,0.249782766429259,0.660278047800752
9875,0.0294350056303901,0.0878606200833703,0.254670203898529,0.638047787349872
9876,0.0294116921061734,0.0861911309892192,0.246886512656388,0.646145505930277
9877,0.0293682117296173,0.086804406264307,0.253905612246114,0.698589556023737
9878,0.0293908378312978,0.0868747566572131,0.251825751072094,0.668548189553406
9879,0.0293423809066051,0.0864765254882911,0.247760080652844,0.646970901588821
9880,0.0294404755180763,0.0869171980032653,0.251970075683413,0.652663661067022
9881,0.0294078994758313,0.0867166882332195,0.254180253772587,0.639618023812313
9882,0.0294362991403522,0.0863770278221895,0.252615283325361,0.690324456111158
9883,0.0293329746255238,0.0859992207759907,0.255126388621406,0.654305810973071
9884,0.029369865327289,0.0866972273214092,0.257789669264496,0.700365022993538
9885,0.0294269010293077,0.0870416444032453,0.257160130816383,0.649590328722507
9886,0.0294191231479177,0.0865249085275554,0.254966004060271,0.692555017023644
9887,0.0293836521919525,0.0867981267062395,0.255432585751124,0.651332534103175
9888,0.0294609748953275,0.087228511122388,0.257886957077296,0.662915325897441
9889,0.0294526246315691,0.0872538913120212,0.256714066652857,0.667323530716631
9890,0.0293371815198548,0.0868801636933428,0.252625580138235,0.641507230784007
9891,0.0294180458749948,0.0868241989243829,0.260179401944332,0.638296283128691
9892,0.0293110261286242,0.0864180208307743,0.251377604914566,0.627276185053953
9893,0.0293261842192336,0.0867249042682826,0.257449124775757,0.653745971289388
9894,0.0293336384766901,0.086183509516613,0.252538463101289,0.642784295508185
9895,0.0294093359229031,0.0869862038774173,0.259006644870982,0.669673932487336
9896,0.029402760883234,0.0870404663551406,0.253899464024469,0.662903847779949
9897,0.0294084015318153,0.0860354134902731,0.252337357101693,0.682753023281833
9898,0.0293428993046226,0.0866805881429147,0.260672511487437,0.665634088772788
9899,0.0294052011928194,0.0870394350734165,0.253731480629062,0.611037216940498
9900,0.0294322479665016,0.0871740584736475,0.262280296055666,0.631162410865588
9901,0.0294087586118323,0.0879538573444926,0.260503297580421,0.63661056741011
9902,0.0294442080062855,0.0869079412257003,0.255160518818994,0.668194138765351
9903,0.0294193830151755,0.0865484180590542,0.252863847298285,0.636249778767504
9904,0.0293493020580953,0.0864810543982639,0.25438394705684,0.639069229780543
9905,0.0293758609806884,0.086961950973464,0.254425141822079,0.703023829853612
9906,0.0293397795056385,0.0872011667200892,0.259190127137809,0.64281113036422
9907,0.0293222971044196,0.0871433294377998,0.249035542212115,0.648790806681531
9908,0.0293652009988337,0.085943692023938,0.261706888234102,0.670745299491256
9909,0.0293192229655549,0.0863294406800443,0.24731662440095,0.609124699352097
9910,0.0293462531068772,0.0865066367295318,0.25303494416801,0.658041115065907
9911,0.0294234849490344,0.0871242684214975,0.251626181662335,0.639731379751966
9912,0.0293663440167139,0.0867177463045558,0.251229585693045,0.633480532801301
9913,0.0293691394274838,0.0866077274127104,0.252357801577608,0.642468434659627
9914,0.0293811862092701,0.0864440343042096,0.257733897404315,0.660722616359455
9915,0.0293034380251798,0.0864998963341152,0.251096629972286,0.664970787933211
9916,0.0295250597728485,0.0867643059721381,0.251480861217817,0.651399637527975
9917,0.0294159964515445,0.0868158602236933,0.258336832142624,0.664454773934146
9918,0.0293155945306809,0.086354418798394,0.247884599509676,0.651325208274592
9919,0.0294019426180402,0.085647691117307,0.246063206288724,0.653722025988148
9920,0.0294260439834981,0.0871225321605653,0.253098250424484,0.68003870825639
9921,0.0293257491374671,0.085985171688896,0.251603435671833,0.635464557048887
9922,0.0294126505404472,0.0869231050211293,0.254414627203125,0.634225587329788
9923,0.0294514299797324,0.0856269553309595,0.25516460377622,0.649505015232181
9924,0.0293177193413199,0.08578937601522,0.256368096503836,0.666116103019156
9925,0.0294465273504386,0.0878634931320848,0.259092860764617,0.662979105259161
9926,0.0293891474115147,0.0864849632711061,0.258777190710746,0.649287843002761
9927,0.0294045229831141,0.0862953499358937,0.255826095805619,0.673372915253721
9928,0.0293834359442802,0.087182166805135,0.256490702015984,0.640513265138371
9929,0.0293531830063651,0.0867546568908635,0.244570872236301,0.645142490785643
9930,0.029346150081536,0.0863369530280523,0.25589326448287,0.687862841580605
9931,0.0293318775408994,0.0862406357038169,0.255918854737468,0.64449401707017
9932,0.0294660651427494,0.0865670320024676,0.25050123422143,0.637054985614611
9933,0.0293083988853523,0.0863712001287845,0.256836162937363,0.660034296903049
9934,0.0293207718886911,0.0868428054940659,0.25778921131661,0.65633562382181
9935,0.0293881889375688,0.0868680276616771,0.25134986342471,0.682169681510907
9936,0.029427678001491,0.0864099780428503,0.254315211936532,0.635569987633239
9937,0.0292860278649454,0.0855367041145637,0.254826444587867,0.685492167434179
9938,0.0293676199874443,0.0867067752593027,0.257633651779586,0.660488115601008
9939,0.0294375903131788,0.0870914115172934,0.259746552176973,0.697671771939026
9940,0.0293185406509481,0.0866984501161366,0.257057768244757,0.657071065602015
9941,0.0294272787120937,0.0863416752926846,0.260515003831476,0.656897577656763
9942,0.0294552091904231,0.0873022617746969,0.256782529273432,0.695749508733084
9943,0.0294489927774014,0.086911131278228,0.256660831618383,0.655988457417166
9944,0.029353570418687,0.0866025763373335,0.260538796105732,0.690721009112976
9945,0.0294485774831951,0.0867222888724642,0.257211811706625,0.66443595286977
9946,0.0293997319341472,0.0865724954145156,0.251646533914965,0.706269366659395
9947,0.029410062751584,0.0865620558384681,0.256863528691982,0.661119667638164
9948,0.029337035414104,0.0864382126502283,0.252763375580452,0.662309909849005
9949,0.0293896201630325,0.0861061911114486,0.249536587232239,0.633147289897358
9950,0.0294570504640937,0.0866446025553272,0.249955467787823,0.661233627013164
9951,0.0293911121202927,0.0868041872277374,0.24936886533239,0.61504745222027
9952,0.0294259783188247,0.0869659919685711,0.260543520256082,0.649618260913185
9953,0.0293079469797562,0.0852524789741488,0.248223852603159,0.690306132162875
9954,0.0293800036689334,0.0864024412276178,0.253330191931459,0.662244134193165
9955,0.029367550516387,0.0867045830797632,0.252985446832307,0.674186232776386
9956,0.0293361082205878,0.0863044030491371,0.252969713566045,0.670785349064775
9957,0.029418417892027,0.0869734677215733,0.260876634948563,0.679330014536302
9958,0.0293627486452225,0.0871336366265423,0.25830818194862,0.635516421103698
9959,0.0293758510928982,0.086289270412297,0.25001813554283,0.636112380805004
9960,0.0293602238428769,0.0863032759937607,0.251291427883184,0.619573462041928
9961,0.0295083455646017,0.0864351626806596,0.256919747085386,0.650745248539853
9962,0.0294762841982518,0.0867249877792908,0.259226683706229,0.69354969470548
9963,0.0294262197971726,0.0868593747988605,0.253868498423364,0.663628047042072
9964,0.0294096452337953,0.0872930583196399,0.251986644188861,0.624481731309964
9965,0.0294183073443567,0.0858651716534083,0.248477517637654,0.643011913029709
9966,0.0294141154083631,0.0864949036147958,0.246207512544703,0.67701441495157
9967,0.029441796210462,0.0866416696310961,0.249924720128605,0.640998586010845
9968,0.0293241512809855,0.0867743914179847,0.250924002585197,0.654562516357185
9969,0.0294256790461516,0.0865878858322289,0.252135830472258,0.657268067932794
9970,0.0294418642183233,0.0861730790259045,0.246716368955243,0.658719867317463
9971,0.0294479362470603,0.0869019637819814,0.253870006071613,0.69788277756453
9972,0.0294529445363338,0.0866765072736292,0.258655233320686,0.680328096418655
9973,0.0293349662849506,0.0861998398510617,0.257005028270479,0.66637652326012
9974,0.0293446390135677,0.0865049903999929,0.255505373631099,0.682008295565414
9975,0.0293880388769302,0.0866442718984938,0.256647704288879,0.717671037217961
9976,0.029370130516579,0.0867858273237829,0.25309448661439,0.669493688634721
9977,0.0294306551551672,0.0866319372802516,0.252998324062705,0.650714133258824
9978,0.0295070032438988,0.0871205424248278,0.263321890088448,0.644915421012295
9979,0.0294258077415521,0.0859678638655817,0.259358704678174,0.626364704600223
9980,0.0293216891505177,0.0861629436862574,0.252481354555847,0.650796389629396
9981,0.0292913098080142,0.0872149970471102,0.252174429054574,0.675451532764809
9982,0.02940241694226,0.0864902321358862,0.259196750071206,0.649944835825621
9983,0.0294205784309966,0.086519964314206,0.252594240453166,0.623267970260152
9984,0.029372019802014,0.086654931883801,0.250240796337458,0.645407617310471
9985,0.0294196236746014,0.0860874637475312,0.252903925219171,0.647849305063756
9986,0.0293374343293083,0.0866418759531249,0.256580608470203,0.670978867958498
9987,0.0293663727270164,0.0867795733092408,0.252596609096606,0.671199054627085
9988,0.0294017680650495,0.0864738744448423,0.248924756249131,0.693153917755131
9989,0.0294144007249435,0.0861427575818984,0.252702925525435,0.641829360367458
9990,0.0293629581100708,0.086264041705282,0.249672957490784,0.647598252021242
9991,0.0293468036166604,0.0868487469011605,0.253283017584613,0.664361475220644
9992,0.0293141243287733,0.0864418725500571,0.253251482739698,0.645533407574791
9993,0.0294191526075957,0.0869845415386212,0.25966373776969,0.656303872550392
9994,0.0293403410734804,0.086654830252471,0.255866481488289,0.658650576881933
9995,0.0294140817344738,0.0870354353442978,0.255005270057574,0.663718136527684
9996,0.029341037477243,0.086806667224593,0.262927660934545,0.645299798544937
9997,0.029330443126181,0.08715230604191,0.25229771444013,0.676012123865476
9998,0.0293620823756614,0.0869532540650682,0.256629220539923,0.656910272508102
9999,0.0294691268979391,0.0860064345510853,0.254242064735338,0.666181871811129
10000,0.029401634701865,0.0863293066681547,0.254835539491351,0.650489916971214
